t,ax,ay,az,gx,gy,gz,roll,pitch,yaw
0.0,0.000303611159324646,0.005582928657531738,-0.0010536909103393555,0.002924164291471243,-0.005778058432042599,0.00454838527366519,4.361698355116335e-18,-1.616860807274138e-17,3.523980409899521e-18
0.010054999998828862,-0.0007499158382415771,0.003181159496307373,-0.0001844465732574463,0.003387820441275835,-0.0028246131259948015,0.004644258879125118,-3.459456423269998e-05,4.141353542558188e-06,3.6974631956187435e-05
0.020111000005272217,0.0002885758876800537,0.0033209919929504395,0.0009014606475830078,0.0072841583751142025,-0.0028838685248047113,0.004918324761092663,-6.350052061487917e-05,2.7207314943950282e-05,7.439503816608574e-05
0.03016600000410108,-0.024240508675575256,0.0033971667289733887,0.002348184585571289,-0.008535550907254219,-0.18675117194652557,0.24128079414367676,-0.00023779643871549603,8.053074191076456e-05,0.0004120086734074339
0.04022200000326848,-0.04190458357334137,-0.00408780574798584,0.015823692083358765,0.02414933778345585,-0.33348548412323,0.6900830864906311,1.8091830038707594e-05,0.00017964740193656211,0.00032181083653595613
0.05027700000209734,0.1331140547990799,0.0060272216796875,0.04632866382598877,0.03479532152414322,-0.11440186947584152,0.3343907594680786,0.0002880083611344009,0.00022814629765349499,7.80792407527428e-05
0.060333000001264736,0.11315250396728516,0.0080108642578125,0.024228066205978394,0.013473521918058395,0.022842001169919968,-0.0015807471936568618,0.00011749513659402712,0.00029426035300870795,0.0003787345033901952
0.0703880000000936,-0.016339987516403198,0.0021398067474365234,-0.0018880665302276611,0.008243340067565441,-0.009751361794769764,0.010594426654279232,0.00011043998673317895,0.00041769893987571093,0.0006131607448450783
0.080443999999261,0.002113625407218933,0.004856765270233154,5.2928924560546875e-05,0.012294585816562176,-0.004362588748335838,0.007764577865600586,0.00011807136027889716,0.000535234256471534,0.0006427139734838535
0.09049899999808986,-0.002179756760597229,0.002709627151489258,-0.0017431676387786865,0.009738749824464321,-0.003061900846660137,0.002865959657356143,6.523136052009723e-05,0.000629465506501207,0.0007110733156327801
0.10055500000453321,-0.0012256801128387451,0.004389941692352295,-0.0012336671352386475,0.012550248764455318,-0.006348774302750826,0.005316014401614666,1.9722558064432717e-05,0.000740552123154785,0.0007510279341078833
0.11061000000336207,-0.0008595436811447144,0.00111466646194458,-0.0012138187885284424,0.008126205764710903,-0.003233674680814147,0.006925895344465971,3.391781259783087e-07,0.000846626286660697,0.0007766817430338983
0.12066600000252947,-0.004075691103935242,-0.0023099780082702637,0.0024968087673187256,0.0056588309817016125,-0.00027317157946527004,0.0057521602138876915,-6.938358170385976e-06,0.0008998283037303809,0.0008030963917257955
0.13072100000135833,-0.004306569695472717,9.822845458984375e-05,0.0010124146938323975,0.009568351320922375,5.706027150154114e-05,0.008350872434675694,-7.365981711904434e-05,0.0009206131167076106,0.0010102643784901531
0.14077700000052573,-0.004040703177452087,0.000910639762878418,-0.00013008713722229004,0.013183814473450184,0.0028998516499996185,0.008272282779216766,-0.00010830720888116562,0.0010094553026565654,0.0012204012956615346
0.1508319999993546,-0.002376459538936615,0.0021635890007019043,0.0020254552364349365,0.015133515931665897,0.005676197353750467,0.009331688284873962,-4.611069283456376e-05,0.0011534365516007688,0.0012920812492675723
0.160887999998522,-0.0014603212475776672,0.0001074671745300293,0.001199960708618164,0.014401101507246494,0.006467022933065891,0.006867012940347195,1.1876960198477826e-05,0.0012919691504529414,0.0013625614229702768
0.1709430000046268,-0.0019396096467971802,0.002445697784423828,-0.0006083250045776367,0.01688503287732601,0.0011143353767693043,0.0013856947189196944,3.906249291787992e-05,0.0014442034299857374,0.001395990940492595
0.1809990000037942,-0.0015990659594535828,0.005825817584991455,-0.001360863447189331,0.0213441401720047,0.0011865068227052689,0.0012312845792621374,5.100854260385833e-05,0.0016346717145243198,0.0014116952241353912
0.19105400000262307,0.0010905936360359192,0.004094421863555908,-6.416440010070801e-05,0.017642611637711525,-0.001644965959712863,-0.001917637069709599,5.838331459357584e-05,0.0018302897267872668,0.0014100407239112645
0.20111000000179047,0.0008965060114860535,-0.0003928542137145996,0.0013746023178100586,0.012623130343854427,-0.004497610963881016,-0.0008029176970012486,2.2177487083836065e-05,0.001971440128745804,0.0013918033773271284
0.21116500000061933,-0.00017263740301132202,-0.0005838274955749512,-0.0013768672943115234,0.01203137543052435,-0.007546131033450365,-0.0003488487272989005,-3.9379201889424344e-05,0.0020893812983603824,0.0013697667153014055
0.22122099999978673,-0.0007252246141433716,-0.000786900520324707,-0.0031152069568634033,0.009337455965578556,-0.011296793818473816,0.00038913986645638943,-0.00011688311384688614,0.002199588749223407,0.0013441755656590896
0.2312759999986156,-0.0033530518412590027,-0.0035939812660217285,0.0005280971527099609,0.002867039293050766,-0.0069169593043625355,0.002899169223383069,-0.00021005097547894123,0.002241253617016925,0.0013456565621004514
0.24133200000505894,-0.004183150827884674,-0.0037923455238342285,0.002935558557510376,-0.0006293804035522044,-0.01189427450299263,0.002481132745742798,-0.0003132478766283086,0.002235139177397795,0.0013628039902625233
0.2513870000038878,-0.002881959080696106,-0.0010991096496582031,0.005422830581665039,0.0019650710746645927,-0.008432963863015175,0.002856372157111764,-0.00040494936657107253,0.002247316256182998,0.0013895770502047509
0.2614430000030552,-0.0024235621094703674,0.0010113716125488281,0.005978375673294067,-0.0029388736002147198,-0.004725577309727669,0.004633499309420586,-0.0004660965083113776,0.0022623399949691257,0.0014317055262291422
0.27149800000188407,-0.001942858099937439,0.0011113882064819336,0.006130129098892212,0.002487050835043192,-0.0003569279797375202,0.0018670078134164214,-0.0004849466088472886,0.0022638125332106094,0.001482086713650133
0.28155400000105146,-0.0004158914089202881,0.0027410387992858887,0.0027405917644500732,0.009730626828968525,0.001312208129093051,0.002411863999441266,-0.0004763322459846584,0.0023096153918705066,0.0015006452023233628
0.2916089999998803,-0.0014243125915527344,0.00467151403427124,-0.0013598501682281494,0.017923574894666672,0.005832391791045666,0.002272048033773899,-0.00042784506852458064,0.0024554453413649494,0.0015203417387631053
0.3016649999990477,-0.0029756203293800354,0.0025680065155029297,-0.00041809678077697754,0.028492817655205727,0.007858657278120518,0.0049082315526902676,-0.0003469721524409424,0.002702681211475897,0.0015453072144309187
0.31172000000515254,-0.004382513463497162,-0.003844320774078369,0.004082918167114258,0.02062291093170643,0.00739260483533144,-9.025576582644135e-05,-0.00026886803120338706,0.0029382667556046667,0.001528695466869221
0.32177600000431994,-0.0027550309896469116,-0.0036199092864990234,0.004714369773864746,0.01516298670321703,0.008589696139097214,0.005565233062952757,-0.0001887589166189758,0.0030817466717654135,0.0015314824732077488
0.3318310000031488,-0.0014869868755340576,-0.002688467502593994,0.0032737255096435547,0.014113168232142925,0.008484235033392906,0.008220670744776726,-0.0001018741614761253,0.0031944849187803877,0.001578807576062074
0.3418870000023162,-0.0014627575874328613,-0.004340708255767822,0.003954201936721802,0.009050277993083,0.010934209451079369,0.007374398410320282,5.353085975161743e-06,0.0032721209206948675,0.0016421878437361558
0.35194200000114506,0.00034017860889434814,-0.0034022927284240723,0.004422813653945923,0.008104856126010418,0.009848438203334808,0.005803133361041546,0.00011332212102362918,0.0033185020514612715,0.0016965052508189939
0.36199800000031246,0.004222214221954346,0.0005528926849365234,0.0032870471477508545,0.006150894332677126,0.014816299080848694,0.005023945588618517,0.0002304583011037964,0.0033777099969342713,0.0017500084248679693
0.3720529999991413,0.001978568732738495,0.0018572807312011719,0.004442930221557617,0.007504313252866268,0.015134280547499657,0.0031213832553476095,0.0003811605012022084,0.0034356226040073556,0.0017741879841607433
0.3821089999983087,0.0026190578937530518,0.005113482475280762,0.004825085401535034,0.014752017334103584,0.017055749893188477,0.0007523950189352036,0.0005369217165413878,0.0035466461431023248,0.0017835383094462727
0.39216400000441354,0.002821296453475952,0.003724396228790283,0.0037313103675842285,0.010783907026052475,0.014453575946390629,-0.0016574994660913944,0.0006964096371274754,0.0036454464924605477,0.001756771544852709
0.40222000000358094,0.0037319883704185486,0.002358675003051758,0.00437319278717041,0.008915522135794163,0.015550532378256321,-0.0013754706596955657,0.0008368314038123676,0.0037263928066801726,0.0017157992422629578
0.4122750000024098,0.005033351480960846,0.0019884109497070312,0.002454906702041626,0.010681464336812496,0.012528376653790474,-0.0025943994987756014,0.0009913698691516079,0.0037924439293449855,0.0016866179713320973
0.4223310000015772,0.004736550152301788,0.0038177967071533203,-0.0002512633800506592,0.015305066481232643,0.012040485627949238,-0.0035643759183585644,0.0011192538623316488,0.00390081773748683,0.0016431155581533704
0.43238600000040606,0.005014926195144653,0.005208373069763184,-0.005771666765213013,0.015729308128356934,0.013428258709609509,-0.004050935618579388,0.001235989869352924,0.004036210147779207,0.0016168169883291961
0.44244199999957345,0.004735320806503296,0.0048386454582214355,-0.0029899179935455322,0.00939231738448143,0.009435649029910564,-0.00987058226019144,0.0013108788362916138,0.004146048249553966,0.0015842510627713216
0.4524969999984023,0.004546746611595154,0.0035074949264526367,-0.005532681941986084,0.012062402442097664,0.006376475095748901,-0.007278260309249163,0.0013713815044322268,0.004225555462914579,0.0015139869463365165
0.46255300000484567,0.0037384033203125,0.004361093044281006,-0.0037839412689208984,0.014012989588081837,-0.0003642516676336527,-0.006595319602638483,0.0013866845988085264,0.0043321958664227144,0.001469821612067905
0.47260800000367453,0.003091290593147278,-0.0016137361526489258,-0.005048781633377075,0.010902950540184975,0.00013216142542660236,0.0002556621911935508,0.0013879568297470268,0.004448439854685919,0.0014604199088854085
0.48266400000284193,0.002010330557823181,-0.005603671073913574,-0.004072040319442749,0.013652930967509747,-0.0036540545988827944,0.0004495936445891857,0.0013579537622437714,0.004551300293972899,0.0014793404880261139
0.4927190000016708,0.0026343464851379395,-0.004185914993286133,-0.005280852317810059,0.014228173531591892,-0.0038450032006949186,0.002702361671254039,0.0013120539459146447,0.00466883614106276,0.0015295852684141134
0.5027750000008382,0.002264462411403656,-0.0028997063636779785,-0.002588421106338501,0.012478165328502655,-0.003976962994784117,0.0018769148737192154,0.0012855450782843993,0.004811189170074355,0.00158919283080444
0.5128310000000056,0.003206104040145874,-0.004074811935424805,0.0034728050231933594,0.011494659818708897,-0.003068292513489723,0.002533384133130312,0.0012414953296507332,0.004968390718068673,0.0016430713694465106
0.5228859999988344,0.0027836784720420837,0.001717984676361084,0.0020492970943450928,0.011735188774764538,-0.003384809009730816,-0.0003133488353341818,0.0012004768940439025,0.00510034215151075,0.0016882037128631803
0.5329420000052778,0.0022310689091682434,0.003321826457977295,0.003397136926651001,0.008174542337656021,-0.003988813608884811,-0.002364515559747815,0.001156605715709943,0.005226766497425484,0.0016916999030685213
0.5429970000041067,0.00011704862117767334,0.002258002758026123,0.004731297492980957,0.004470972344279289,-0.00619444390758872,-0.004368011374026537,0.0011013123464932084,0.005306786412510865,0.0016799713201955933
0.5530530000032741,-0.001328304409980774,0.003446042537689209,0.0035032927989959717,0.0036525828763842583,-0.003643401898443699,-0.005249251611530781,0.0010646455857861086,0.005369470443593632,0.001645242577492618
0.5631080000021029,-0.00296996533870697,0.0020135045051574707,0.0017065703868865967,0.004448069259524345,0.0020315281581133604,-0.005120407789945602,0.0010462320211057806,0.00542518988675239,0.0015986767659673159
0.5731640000012703,-0.006137654185295105,-6.139278411865234e-05,0.0015519559383392334,0.005563401151448488,0.0026914591435343027,-0.006621898151934147,0.0010667884162770848,0.0054858488585818235,0.001550319702333362
0.5832190000000992,-0.004328906536102295,0.0015654563903808594,-0.0012751221656799316,0.011231761425733566,0.005369800142943859,-0.011464696377515793,0.00109964918054033,0.00557532495705989,0.0014714437969708643
0.5932749999992666,-0.0014260709285736084,0.0010626912117004395,-0.0005098879337310791,0.013928212225437164,-0.00014214403927326202,-0.009654013440012932,0.0011155798650069396,0.005690503152855015,0.0013910767002136765
0.6033299999980954,0.001104891300201416,0.0008786916732788086,0.0010000169277191162,0.012435155920684338,0.0015401747077703476,-0.006997776683419943,0.001111665101056777,0.005804964940629566,0.0013258872586344678
0.6133860000045388,9.985268115997314e-05,2.956390380859375e-05,-0.0004048645496368408,0.009272918105125427,0.001940447837114334,-0.007660104893147945,0.0011157690904545535,0.005901842327946274,0.00125932833065052
0.6234410000033677,0.0022549480199813843,-0.0018880367279052734,0.002093076705932617,0.005882225930690765,0.001421530731022358,-0.01086572464555502,0.0011267838479155213,0.0059611890551772235,0.0011772721058154263
0.6334970000025351,0.004146158695220947,-0.0008226633071899414,0.0026121437549591064,0.006975453346967697,0.0011738569010049105,-0.009559710510075092,0.0011450504123229422,0.006008250072831549,0.0010698477107329686
0.6435520000013639,0.005448967218399048,0.00029736757278442383,0.0009936690330505371,0.005845829378813505,-0.0009476171107962728,-0.010820398107171059,0.0011427101283541534,0.00607277050792335,0.0009640456856497325
0.6536080000005313,0.004107341170310974,-0.0028324127197265625,0.0012615025043487549,0.0008406845154240727,-0.0039652446284890175,-0.010578582994639874,0.001110591620693961,0.006086387919055976,0.0008192754228545023
0.6636629999993602,0.0022838711738586426,-0.004902243614196777,0.00028064846992492676,-0.00320230470970273,-0.006741723511368036,-0.011639240197837353,0.0010517472999163125,0.006073211794031389,0.00069060597627384
0.6737189999985276,0.0024870485067367554,-0.003637075424194336,-0.0017216503620147705,-0.004205517470836639,-0.010231530293822289,-0.013139665126800537,0.0009594239175858853,0.006032639623955884,0.0005689443789999861
0.6837740000046324,0.005024820566177368,-0.005008876323699951,-0.003014981746673584,0.00390895688906312,-0.011317566968500614,-0.007249551825225353,0.0008669217767593067,0.00601625726868193,0.0004800821997238956
0.6938300000037998,0.003133624792098999,-0.004014492034912109,-0.0022672712802886963,0.005824302323162556,-0.007340668700635433,-0.0038026224356144667,0.0007778492574467524,0.006077657512801073,0.0004130344883278943
0.7038850000026287,-0.0014749914407730103,-0.009000301361083984,-0.0018397867679595947,0.007019395940005779,-0.008029228076338768,-0.003734312253072858,0.0006989044946908804,0.006121339143198754,0.0003841767988186675
0.7139410000017961,0.0019654184579849243,-0.008649826049804688,0.0015455186367034912,0.006006862036883831,-0.008359460160136223,-0.001010431325994432,0.0006023855250442269,0.006164892304733585,0.000389832118606373
0.7239960000006249,0.0014038681983947754,-0.008456587791442871,-0.0004404783248901367,0.00241474574431777,-0.0074551841244101524,0.0006704762345179915,0.0005076488704129773,0.006208036896169545,0.00043358176772644746
0.7340519999997923,0.0008770525455474854,-0.00496596097946167,0.0006886422634124756,-0.003356324043124914,-0.007931623607873917,0.0021155073773115873,0.00041210355230640805,0.006204434989147409,0.0004724631202669828
0.7441069999986212,0.0014069676399230957,-0.004683077335357666,0.002966642379760742,-0.009349723346531391,-0.010720886290073395,0.00305957137607038,0.0003056360711908852,0.006125242715096898,0.0005031515451599403
0.7541630000050645,0.00243474543094635,-0.0008918046951293945,0.002758502960205078,-0.004717687610536814,-0.011437809094786644,0.002928277477622032,0.0001861990368759868,0.006048821716813907,0.0005351123502585495
0.7642180000038934,-3.647804260253906e-05,0.0017967820167541504,0.0026216208934783936,-0.003195913042873144,-0.008693820796906948,-0.00043500197352841496,8.33941966531099e-05,0.00603033832620679,0.0005618973350018096
0.7742740000030608,-0.00035637617111206055,0.00025647878646850586,0.006092071533203125,-0.007300110533833504,-0.006863962858915329,-0.002657143399119377,8.971297276989396e-06,0.005981975324381435,0.0005665409819593394
0.7843290000018897,0.0011619329452514648,-0.00012916326522827148,0.004055649042129517,-0.0031202794052660465,-0.005416268482804298,-0.0018093528924509883,-5.172347281407595e-05,0.00591710555575846,0.0005356475812914194
0.7943852500029607,-0.0019869208335876465,0.0022379159927368164,0.004835754632949829,-0.007888669148087502,-0.005273256450891495,-0.0014471629401668906,-0.00011378744146272193,0.005829098499717288,0.0005185369923355527
0.8044402500017895,-0.002372831106185913,-0.002562999725341797,0.002320408821105957,-0.010830397717654705,-0.008346544578671455,-0.001529827481135726,-0.00017777521114838504,0.005725373647777386,0.0005159375692763156
0.8144962500009569,-0.002781391143798828,-0.0008915066719055176,-0.00215795636177063,-0.00815498549491167,-0.006092977710068226,0.0018374733626842499,-0.0002575394221892485,0.005613151950976472,0.0005154386173994445
0.8245512499997858,-0.0011986345052719116,-0.0020006299018859863,-0.0036185085773468018,-0.0025744643062353134,-0.007261172868311405,0.0008755662711337209,-0.00033482378970309457,0.005546145858188859,0.000540435381592811
0.8346072499989532,-0.004956245422363281,-0.004922688007354736,0.00037047266960144043,-0.009964470751583576,-0.009150153025984764,0.004374959971755743,-0.0004191126618646807,0.005465853985428257,0.0005790164471367879
0.844662250005058,-0.002612784504890442,-0.003533482551574707,-0.0017168521881103516,-0.01771426759660244,-0.01235047448426485,0.0035022420343011618,-0.000509740436823888,0.005317493677998345,0.0006178319923310732
0.8547182500042254,-0.0004090219736099243,-0.001361072063446045,-0.0005424320697784424,-0.016831431537866592,-0.010319814085960388,-0.0018813380738720298,-0.0006228167048113122,0.005118634429706559,0.0006343408540406878
0.8647732500030543,0.00029386579990386963,0.0035134553909301758,-2.327561378479004e-05,-0.008968714624643326,-0.008995156735181808,7.981371891219169e-05,-0.0007264802975535169,0.004968826137182791,0.0006274126416824699
0.8748292500022217,-0.0017168223857879639,0.004235565662384033,-0.0002449452877044678,-0.007241654209792614,-0.008200470358133316,-0.003688293043524027,-0.0008045955037126926,0.004872459343921349,0.0006108911199367379
0.8848842500010505,-0.0027135610580444336,0.001675426959991455,0.0036253929138183594,-0.007236860226839781,-0.0047897594049572945,-0.004432380199432373,-0.0008586913701953491,0.004791872847650627,0.0005630441298644963
0.8949402500002179,0.0001246333122253418,0.000989079475402832,0.003116816282272339,-0.008376959711313248,-0.005537841469049454,-0.004660879261791706,-0.0008923795138469253,0.004725360761334732,0.0005010092125493633
0.9049952499990468,0.000981256365776062,0.0023314356803894043,0.0004080533981323242,-0.008905996568500996,-0.002395178424194455,-0.003931625746190548,-0.0009311925056564537,0.004656548499187988,0.0004512753952616635
0.9150512499982142,-7.908046245574951e-05,0.0013851523399353027,-0.00033536553382873535,-0.011594192124903202,-0.002847116906195879,-0.0046219173818826675,-0.0009467810660421872,0.004548492597603612,0.0003876466269932605
0.925106250004319,0.0018721669912338257,0.0003153085708618164,0.0021922290325164795,-0.008134212344884872,-0.0037102471105754375,-0.0028414877597242594,-0.000963412355759103,0.004446316973052175,0.0003176044328660398
0.9351622500034864,0.0040010809898376465,0.004097402095794678,0.0022312700748443604,-0.0079682981595397,-0.0037997295148670673,-0.0026191137731075287,-0.0009973828450226601,0.004378290165183806,0.00027984437722637623
0.9452172500023153,0.0021245330572128296,0.0029105544090270996,0.0018617212772369385,-0.01092067826539278,-0.0060863196849823,-0.006557076703757048,-0.0010400807525908398,0.004298446883188622,0.00023061389698154916
0.9552732500014827,0.002850264310836792,0.0027071237564086914,0.0009637176990509033,-0.008894278667867184,-0.005610945634543896,-0.008286532945930958,-0.0010823506018501888,0.004208163320016616,0.00015614290591518576
0.9653282500003115,0.0011081397533416748,0.002869129180908203,-0.0004955530166625977,-0.0054633282124996185,-0.00608445517718792,-0.006552336271852255,-0.0011482069520715277,0.004124654220865078,6.849385163713421e-05
0.9753842499994789,0.0009123831987380981,0.000854194164276123,-0.0009447634220123291,-0.0071155535988509655,-0.0053409007377922535,-0.002857466693967581,-0.0011979298911414618,0.004058588220700725,1.4111254265052473e-05
0.9854392499983078,0.0004454106092453003,-0.0015788078308105469,-0.0011583268642425537,-0.0062222848646342754,-0.001230711117386818,-0.0038360983598977327,-0.0012392043501490526,0.003998642450324318,-7.918646090898512e-06
0.9954952500047511,0.0013558566570281982,-0.0016592741012573242,-0.000681072473526001,0.000745875877328217,-0.0015737263020128012,5.877474177395925e-05,-0.0012556889684094768,0.003972545137447855,-2.507033768524619e-05
1.0055512500039185,0.002505749464035034,-0.00240933895111084,-0.0019042491912841797,0.0019489146070554852,0.0014010246377438307,-0.00014442444080486894,-0.0012581866366807996,0.003970175479085456,9.441767889330107e-07
1.0156062500027474,-0.0008863210678100586,-0.006266355514526367,0.0002961158752441406,-0.0054874299094080925,-0.0004384205676615238,0.0040564457885921,-0.0012582417948314947,0.003940634949760216,5.519493164656872e-05
1.0256622500019148,-0.0010636001825332642,-0.003742218017578125,0.0019325017929077148,-0.008551174774765968,0.00022856798022985458,0.00200706347823143,-0.001262080777505107,0.003862974745988438,9.670899597899662e-05
1.0357172500007437,0.0037611424922943115,0.0017052888870239258,-0.00036719441413879395,-0.0026674531400203705,-0.0021989033557474613,0.0024507460184395313,-0.001294506233739806,0.0038062162686551986,0.00013066582809363928
1.045773249999911,0.0010507851839065552,0.0008414983749389648,-0.000493466854095459,-0.0026527170557528734,-0.0006172519642859697,-0.002128825755789876,-0.0013123114500491783,0.003787693847058475,0.00013426955125767765
1.05582824999874,0.0011177510023117065,0.0015754103660583496,0.00341188907623291,-0.004569127690047026,-0.006292448379099369,-0.007768601644784212,-0.0013409390411927918,0.003757881951298515,8.422057212148185e-05
1.0658842500051833,0.0016595125198364258,0.003571033477783203,0.003373473882675171,-0.005124618764966726,-0.007835617288947105,-0.009602854028344154,-0.0014167733654669628,0.003710486930296227,-1.8584342924892881e-06
1.0759392500040121,0.0018841177225112915,0.004003942012786865,6.794929504394531e-06,-0.00828898698091507,-0.010098771192133427,-0.01114349253475666,-0.001495769461378224,0.0036452503863995153,-0.00010917084470926658
1.0859952500031795,0.0008788406848907471,0.001403510570526123,-0.0024975836277008057,-0.008559119887650013,-0.012265518307685852,-0.008927742950618267,-0.00160643150175933,0.0035596769356005067,-0.00018555101705417543
1.0960502500020084,-0.00018972158432006836,-0.003140091896057129,0.002773374319076538,-0.012469706125557423,-0.009428453631699085,-0.006695747375488281,-0.001705741296384052,0.003449042522270834,-0.00027181471183389304
1.1061062500011758,-0.002123519778251648,-0.003883183002471924,0.003419429063796997,-0.01704608090221882,-0.007692605257034302,-0.005596980452537537,-0.00179552342690611,0.0032865083611565734,-0.0003430149082014054
1.1161612500000047,-0.0010011494159698486,-0.0019347071647644043,-0.0007576644420623779,-0.014689983800053596,-0.007420429959893227,0.00017062750703189522,-0.0018928625716462687,0.0031230585580968987,-0.00033964949125555704
1.126217249999172,-8.769333362579346e-05,0.0009034872055053711,-0.0036787688732147217,-0.011463785544037819,-0.005945172160863876,-0.003713353304192424,-0.0019632428321739773,0.002994131756549178,-0.00034759472759454517
1.1362722500052769,0.0007990151643753052,0.0032740235328674316,-0.001184701919555664,-0.013555431738495827,-0.0017040881793946028,-0.0065253847278654575,-0.00200300716984917,0.0028589955843935345,-0.00038106909360830675
1.1463282500044443,0.004335850477218628,0.008246183395385742,-0.0030711591243743896,-0.012600201182067394,-0.007352785672992468,-0.006737931631505489,-0.0020543930959981173,0.00270768883197021,-0.00043008733549258153
1.1563832500032731,0.006190896034240723,0.009591996669769287,-0.005044102668762207,-0.004653594456613064,-0.007005509454756975,-0.007411178667098284,-0.0021372911103761418,0.002632211319128429,-0.00048726907662781496
1.1664392500024405,0.002015054225921631,0.007746517658233643,-0.0048449039459228516,0.005575607530772686,-0.0063876560889184475,-0.010056284256279469,-0.002195573504674093,0.0026576789677361236,-0.0005638900496198512
1.1764942500012694,9.062886238098145e-05,0.003598809242248535,-0.004708617925643921,0.0022852718830108643,-0.0069146957248449326,-0.005472184624522924,-0.0022629140740181714,0.0026824153836039854,-0.0006529599931720494
1.1865502500004368,0.0006619244813919067,-0.0013800859451293945,-0.005532503128051758,-0.0015672568697482347,-0.008922186680138111,-0.003495267126709223,-0.00233609138618753,0.002676021766209994,-0.0007205788560855485
1.1966052499992657,0.002551928162574768,-0.004567444324493408,-0.006911098957061768,0.0041161952540278435,-0.005298157222568989,-0.0013191980542615056,-0.002416568009037853,0.002681145396414645,-0.0007485583301709609
1.206661249998433,-0.0005335509777069092,-0.005764365196228027,-0.00587812066078186,0.003929241094738245,-0.012935835868120193,0.0024431562051177025,-0.0025166341721715043,0.0027389568615120794,-0.0007332020401021588
1.2167162500045379,0.00039409101009368896,-0.006198763847351074,-0.0031214654445648193,0.0016588963335379958,-0.01280188001692295,0.009120499715209007,-0.0026358370182316612,0.002782441520226699,-0.0006757953033854728
1.2267722500037053,0.00218808650970459,-0.0058983564376831055,-0.004757970571517944,-0.0015514553524553776,-0.015732955187559128,0.007378952577710152,-0.002798881299159167,0.0028000263681367656,-0.0005655047600578776
1.2368272500025341,0.0017892271280288696,-0.004274547100067139,-0.0003407895565032959,-0.0028215169440954924,-0.018645653501152992,0.011784353293478489,-0.0029922631510843943,0.0028172567066045884,-0.0004219851992840681
1.2468832500017015,0.004106447100639343,-0.0014202594757080078,-0.0021845996379852295,0.0032960306853055954,-0.02164277620613575,0.008664140477776527,-0.0031924010165460008,0.002862957657747699,-0.0003138665652316033
1.2569382500005304,0.004683434963226318,-0.00016021728515625,-0.0016328096389770508,0.005025753751397133,-0.019988153129816055,0.008008469827473164,-0.0033891348610780823,0.002941006585101602,-0.00023640846078139198
1.2669942499996978,0.0040347278118133545,0.0024613142013549805,0.0019703805446624756,-0.00286261853761971,-0.02277994528412819,0.004675417672842741,-0.003616439626667137,0.0029735798529634603,-0.0001816551549049424
1.2770492499985266,0.005048155784606934,0.0015944242477416992,0.0034776628017425537,-0.004587814211845398,-0.02385959029197693,0.0004295399412512779,-0.0038595712617999654,0.0029532568723420797,-0.00014830361014878986
1.28710525000497,0.0031493306159973145,0.0014237165451049805,0.0011002719402313232,0.0022190925665199757,-0.02467784658074379,0.0033849829342216253,-0.004097677978772,0.002955524915008375,-0.0001317944935319011
1.2971602500037989,0.001486748456954956,-0.0011391639709472656,-5.364418029785156e-05,0.007459926884621382,-0.03075437992811203,0.004421751480549574,-0.00437032097720283,0.003031122300540962,-0.00010300058933631397
1.3072162500029663,0.0034122616052627563,-0.003944039344787598,-0.006716817617416382,0.014887573197484016,-0.02624005824327469,0.007393199950456619,-0.004668009480711956,0.003174598886979383,-3.638024497406375e-05
1.3172712500017951,0.005237318575382233,-0.004984080791473389,-0.010836988687515259,0.01321990042924881,-0.024845357984304428,0.02081340178847313,-0.00494320967378189,0.0033089133471831,9.763652853631924e-05
1.3273272500009625,0.003953918814659119,-0.013688623905181885,-0.0016862452030181885,-0.0052942619659006596,-0.02927859127521515,0.023378264158964157,-0.005222432869948839,0.0033726565732174908,0.00034027203331625765
1.3373822499997914,0.0011222586035728455,-0.018722593784332275,0.010954111814498901,-0.03369447588920593,-0.03236066922545433,0.026001477614045143,-0.005528993307680664,0.003188550428955818,0.0005954241373935044
1.3474382499989588,0.002902477979660034,-0.00965040922164917,0.005077570676803589,-0.03813565522432327,-0.038580216467380524,0.032130103558301926,-0.00591216218878146,0.002792086150449377,0.0008985832096159343
1.3574932500050636,0.0036283060908317566,-0.0046076178550720215,-0.00757753849029541,-0.031536608934402466,-0.04587141424417496,0.03890145942568779,-0.0063493591481521144,0.002414490918352922,0.0012814954694767358
1.367549250004231,-0.0021679699420928955,-0.0034546256065368652,-0.006123751401901245,-0.011038566939532757,-0.04544784128665924,0.041868459433317184,-0.00681149714353695,0.0021978479547256416,0.0016957150957745773
1.3776052500033984,-0.0017865970730781555,0.0039520263671875,-0.0011331140995025635,-0.00856555625796318,-0.04237428680062294,0.03992648422718048,-0.007247830387857196,0.002121507842827002,0.0021063285830798875
1.3876602500022273,-3.475695848464966e-05,0.002365708351135254,-0.0013465583324432373,-0.019637560471892357,-0.04609685391187668,0.043254636228084564,-0.00769698166156615,0.0020128420024689516,0.002531238673914668
1.3977162500013947,-0.00041703879833221436,-0.0032129287719726562,0.001229405403137207,-0.017639124765992165,-0.0514516718685627,0.04371190071105957,-0.008189209128481855,0.001840186934840177,0.002969835650609226
1.4077712500002235,0.000745922327041626,0.006730377674102783,-0.008959263563156128,0.012613055296242237,-0.05615987256169319,0.03390613943338394,-0.008713193081753919,0.0018433625584283006,0.0033768931570895403
1.417827249999391,-0.004322156310081482,0.013056755065917969,-0.01564610004425049,-0.0012215343303978443,-0.05779771879315376,0.014419523999094963,-0.009264126848842508,0.0018262998571452137,0.00359863661017402
1.4278822499982198,-0.007192850112915039,0.0009799599647521973,0.001802682876586914,-0.06389977782964706,-0.05556904897093773,-0.0031528910622000694,-0.009847883464522249,0.0014823615380270161,0.003640230926915985
1.4379382500046631,-0.005047403275966644,0.00685352087020874,0.018370777368545532,-0.13920626044273376,-0.05878987908363342,-0.00787760503590107,-0.010443861361222925,0.0005048617713611575,0.003575829102386745
1.447993250003492,-0.00743461400270462,-0.006219744682312012,0.016303449869155884,-0.21774664521217346,-0.0604342445731163,-0.015637392178177834,-0.010983649152156579,-0.0011913369773210094,0.0034259132486014676
1.4580492500026594,-0.009678252041339874,-0.016490936279296875,0.01255086064338684,-0.30399683117866516,-0.06650865077972412,-0.02314058132469654,-0.011650015651635919,-0.0037668954670681287,0.003143044791069941
1.4681042500014883,0.0021949484944343567,0.007366538047790527,-0.008620113134384155,-0.37057754397392273,-0.07607712596654892,-0.02057686261832714,-0.01238754158361522,-0.007136129177144312,0.002898977854501003
1.4781602500006557,-0.005943797528743744,-7.826089859008789e-05,-0.0018262863159179688,-0.39767947793006897,-0.09673207253217697,-0.019112389534711838,-0.013224510568956979,-0.011046730951908185,0.002645181877112906
1.4882152499994845,-0.0033015012741088867,0.024549543857574463,-0.014519453048706055,-0.30704036355018616,-0.10144812613725662,-0.0019680506084114313,-0.014187485314520423,-0.014537166476630442,0.002512884461924179
1.498271249998652,-0.0038052499294281006,0.021618008613586426,-0.03490552306175232,-0.15025393664836884,-0.0987522080540657,-0.003097497159615159,-0.015167563530688844,-0.016643874862372107,0.0024565892903239475
1.5083262500047567,-0.005595006048679352,0.012793481349945068,-0.0381835401058197,0.021143116056919098,-0.10603595525026321,-0.022881748154759407,-0.01616009413687717,-0.017157130875707423,0.0022897833630684448
1.5183822500039241,0.00742744654417038,0.04769182205200195,-0.03213819861412048,0.1253557950258255,-0.11215004324913025,-0.04574818164110184,-0.017258005308458255,-0.016329872638035644,0.0019264842105004075
1.528437250002753,0.010441139340400696,0.05732882022857666,-0.028614431619644165,0.10881979763507843,-0.1111564114689827,-0.0522456020116806,-0.01836472124466068,-0.015089541728670264,0.0014033303810283275
1.5384932500019204,0.009022489190101624,0.021027445793151855,-0.012103497982025146,0.05234559625387192,-0.11783402413129807,-0.0584116205573082,-0.0195092728387909,-0.014336470266609197,0.0008004131469247835
1.5485482500007492,0.00872456282377243,0.0026322603225708008,-0.002072930335998535,0.06201598420739174,-0.12386181950569153,-0.05917988717556,-0.02072573203793741,-0.013701456265765029,0.00024305073156738688
1.5586042499999166,0.003310762345790863,0.01906752586364746,-0.0020216405391693115,0.08802680671215057,-0.1113060861825943,-0.06647322326898575,-0.02190936149551235,-0.01288589102448403,-0.0004232323342416879
1.5686592499987455,-0.0046920254826545715,0.02046102285385132,-0.008452743291854858,0.08784101158380508,-0.10167662054300308,-0.05419951304793358,-0.022974213991255033,-0.011852219488188926,-0.001008665015397599
1.5787152500051889,0.0016928240656852722,0.0013463497161865234,-0.01121377944946289,0.07323144376277924,-0.11215509474277496,-0.060728784650564194,-0.024039912170649602,-0.010826696046120023,-0.0015582285094807048
1.5887702500040177,-0.0025236308574676514,-0.011753082275390625,-0.009198755025863647,0.0701562836766243,-0.13529716432094574,-0.07146275788545609,-0.025232135375008548,-0.00989724650330548,-0.0022109479581265646
1.5988262500031851,-0.009873218834400177,-0.003531157970428467,-0.017885208129882812,0.06787395477294922,-0.16497038304805756,-0.094528928399086,-0.026760082324680395,-0.008993388401782668,-0.0029387210183760373
1.608881250002014,-0.0046658143401145935,0.035220980644226074,-0.04499000310897827,0.0866629108786583,-0.19749715924263,-0.11025867611169815,-0.028596110871541798,-0.007929421458835254,-0.003844603697307923
1.6189372500011814,-0.007540024816989899,0.04112350940704346,-0.04028072953224182,0.03984720632433891,-0.2166900336742401,-0.12536919116973877,-0.030708350990430185,-0.007135657086658328,-0.004951329874667649
1.6289922500000102,-0.008866354823112488,0.016320228576660156,-0.025518417358398438,-0.013417258858680725,-0.23956285417079926,-0.12516817450523376,-0.033035010801458715,-0.007002993510155637,-0.006184598656032713
1.6390482499991776,0.002284504473209381,0.011076688766479492,-0.022713005542755127,0.0035822312347590923,-0.23484079539775848,-0.13805601000785828,-0.03546911527909523,-0.007009554129529693,-0.007476824829393068
1.6491032500052825,-0.005730323493480682,0.014929771423339844,-0.0020810365676879883,0.030424099415540695,-0.22950610518455505,-0.1428220272064209,-0.0378467174313681,-0.0067124635024195835,-0.008900791365978914
1.6591592500044499,-0.0008073151111602783,0.024989783763885498,-0.001598954200744629,0.06733311712741852,-0.21563129127025604,-0.13342054188251495,-0.04008876722811225,-0.00612617390367839,-0.010258354916774435
1.6692142500032787,0.004494749009609222,0.02729058265686035,0.019326776266098022,0.09745031595230103,-0.18478348851203918,-0.12208785116672516,-0.04210227241341272,-0.00521026612727499,-0.011508811191370432
1.6792702500024461,-0.0011123940348625183,-0.0035979747772216797,0.04244479537010193,0.12077347934246063,-0.15165643393993378,-0.10412190109491348,-0.04377758751025541,-0.004032486125819285,-0.012630762985741563
1.6893262500016135,0.0020324736833572388,-0.014422774314880371,0.055788278579711914,0.16318373382091522,-0.10542116314172745,-0.08735264092683792,-0.045061682338090714,-0.002379714815701674,-0.013503124986727465
1.6993812500004424,0.0033461973071098328,-0.013273954391479492,0.07257160544395447,0.20898744463920593,-0.05303571745753288,-0.06371176242828369,-0.04585391541669872,-0.0003476982483468732,-0.01418060563673528
1.7094372499996098,0.001698918640613556,-0.03982323408126831,0.0875495970249176,0.199186310172081,-0.006768355146050453,-0.04891859367489815,-0.046127115589170584,0.001797794417210327,-0.014649608523208828
1.7194922499984386,0.009681597352027893,-0.042638540267944336,0.08503317832946777,0.1715267151594162,0.020057132467627525,-0.03497534990310669,-0.04606455242369633,0.003700861452338125,-0.014969170525546286
1.729548250004882,0.01787695288658142,-0.04358172416687012,0.0770895779132843,0.14273479580879211,0.036999497562646866,-0.024350108578801155,-0.04577077249677118,0.005275744253966816,-0.015182092017904512
1.7396032500037109,0.010661706328392029,-0.040685415267944336,0.0667271614074707,0.13757465779781342,0.041383061558008194,-0.010967724956572056,-0.04539706982232399,0.006661621711515854,-0.015309117710199964
1.7496592500028783,0.007399626076221466,-0.027903616428375244,0.044360995292663574,0.14316506683826447,0.04551495611667633,-0.001511851092800498,-0.04493916448612378,0.008051136057275445,-0.015307464085329282
1.7597142500017071,0.004095420241355896,-0.02447611093521118,0.040903329849243164,0.14736327528953552,0.062147725373506546,0.0038621413987129927,-0.04441191982701418,0.009463228848248519,-0.015234437589655226
1.7697702500008745,-0.0027017742395401,-0.038255393505096436,0.052400439977645874,0.09377541393041611,0.07457270473241806,0.010836534202098846,-0.04375075508417896,0.010576159710981081,-0.015110759932352988
1.7798252499997034,-0.00405333936214447,-0.05248302221298218,0.06088602542877197,0.061997510492801666,0.07360012084245682,0.013180648908019066,-0.043022087454745644,0.011163484603950538,-0.014967771665369788
1.789881125005195,0.004621177911758423,-0.03379213809967041,0.03936028480529785,0.02846454456448555,0.07577472180128098,0.01910082995891571,-0.04231047677069081,0.011278751428246013,-0.014803795148318189
1.7999361250040238,0.003053009510040283,-0.02123427391052246,0.014128059148788452,-0.0017189239151775837,0.07762615382671356,0.032663773745298386,-0.0415947477461929,0.01107795247055276,-0.014531913293394028
1.8099921250031912,-0.003336802124977112,-0.026002705097198486,0.002650022506713867,-0.010081916116178036,0.07404007017612457,0.038506511598825455,-0.04088303810529764,0.01068385063077649,-0.014170501815042284
1.82004712500202,-0.0029436051845550537,-0.0147133469581604,-0.009806126356124878,0.0046533546410501,0.07155214995145798,0.03930173069238663,-0.04018678812652645,0.010436733178742311,-0.013767778721602097
1.8301031250011874,-0.0039268359541893005,-0.0010793209075927734,-0.02027377486228943,0.007403867784887552,0.07475380599498749,0.039495766162872314,-0.03945697925489148,0.010387812011622014,-0.013373984096048255
1.8401581250000163,-0.004751451313495636,-7.873773574829102e-05,-0.028819799423217773,0.009968757629394531,0.06556403636932373,0.04042467847466469,-0.03877145596963216,0.010376621515790526,-0.012968869965181323
1.8502141249991837,-0.005302272737026215,-0.0004329681396484375,-0.035043567419052124,0.04086852818727493,0.04857546091079712,0.033564429730176926,-0.038206815755394335,0.010551034174975951,-0.012601018486560563
1.8602691250052885,-0.0051002949476242065,0.017658352851867676,-0.034767478704452515,0.07351116091012955,0.03897050395607948,0.03564196079969406,-0.03776769519824959,0.011004944953420099,-0.012242253575962822
1.870325125004456,-0.010396935045719147,0.017996490001678467,-0.03218197822570801,0.08961480110883713,0.03346215561032295,0.033721208572387695,-0.037412035705755076,0.01178691741569483,-0.011863852905560242
1.8803801250032848,-0.009133368730545044,0.013205111026763916,-0.022327810525894165,0.09417546540498734,0.030896998941898346,0.03283544257283211,-0.037108131107284135,0.012712611692762405,-0.011482270639700842
1.8904361250024522,-0.01037953794002533,0.009642601013183594,-0.006382972002029419,0.04992260783910751,0.031729236245155334,0.023515818640589714,-0.03680676524213072,0.013431787608362488,-0.011200879876835698
1.900491125001281,-0.010864205658435822,0.0033147335052490234,0.004984349012374878,-0.03186013549566269,0.02978326380252838,0.01795460470020771,-0.03650565617687851,0.013514403922728709,-0.010991319796075661
1.9105471250004484,-0.009417995810508728,-0.003443479537963867,0.0039937496185302734,-0.0711793601512909,0.017555227503180504,0.015925036743283272,-0.036267929022849255,0.013003266967352971,-0.010852328397223925
1.9206021249992773,-0.005133673548698425,0.012204766273498535,-0.001434236764907837,-0.05164507031440735,0.02331191673874855,0.014069345779716969,-0.03606856587261172,0.01243532604155871,-0.010729410845546183
1.9306581249984447,-0.014403857290744781,0.01694798469543457,0.0023345947265625,-0.03786139190196991,0.02941707894206047,0.004119269549846649,-0.03578236829367057,0.012099282272408963,-0.010659416962247118
1.940714125004888,-0.018358342349529266,0.007941842079162598,0.017978668212890625,-0.04020177945494652,0.03288983926177025,0.001629214151762426,-0.03542576041992376,0.011924155919474362,-0.01064583427715319
1.950769125003717,-0.014426380395889282,0.004163205623626709,0.01603725552558899,-0.033973753452301025,0.03703012317419052,-0.002213008003309369,-0.035015328452235116,0.011753293858657914,-0.010708301162223174
1.9608251250028843,-0.012968629598617554,0.0053765177726745605,0.017990827560424805,-0.029810434207320213,0.03893321752548218,-0.007008828688412905,-0.03459337351956309,0.011585780035261232,-0.010796756653733067
1.9708801250017132,-0.017595231533050537,0.003999948501586914,0.02104964852333069,-0.03415360674262047,0.049564290791749954,-0.007461086381226778,-0.034118424158910136,0.011338092061929907,-0.01093820800008717
1.9809361250008806,-0.016324512660503387,-0.0052509307861328125,0.017357438802719116,-0.05714361369609833,0.05193956568837166,-0.012332807295024395,-0.0335794527659336,0.010878255742501222,-0.011103781287094196
1.9909911249997094,-0.0147169828414917,-0.011314213275909424,0.017356902360916138,-0.05723007395863533,0.0545518584549427,-0.008331088349223137,-0.033034417695039855,0.010252883603925993,-0.011289786785290976
2.001047124998877,-0.007956579327583313,-0.0032973885536193848,0.0066235363483428955,-0.03637060150504112,0.056915681809186935,-0.006158481352031231,-0.03247094606375574,0.009828863860891967,-0.011390823505789658
2.0111021250049816,-0.012100175023078918,-0.0014511942863464355,0.003831714391708374,-0.03342074900865555,0.06246158108115196,-0.009350785985589027,-0.03184972087729068,0.00953723695137772,-0.01155447088026811
2.021158125004149,-0.00592176616191864,-0.0013277530670166016,0.005209416151046753,-0.021559830754995346,0.058459650725126266,-0.006337951868772507,-0.031232944113959875,0.00920139773393434,-0.011728524848103956
2.031213125002978,0.002515926957130432,0.00015479326248168945,-0.0008009672164916992,-0.012137165293097496,0.05980547517538071,-0.007204570807516575,-0.030622496553992917,0.008976417078058133,-0.01185277840992922
2.0412691250021453,0.0016876310110092163,-0.0007194876670837402,-0.002434372901916504,-0.00729021243751049,0.05803793668746948,-0.004964053630828857,-0.03001422296943188,0.00881440767599445,-0.011971482368342268
2.051324125000974,0.004074320197105408,-0.0024071931838989258,0.0016351044178009033,-0.008953400887548923,0.06099444627761841,-0.002821460599079728,-0.02940055159291068,0.00866338802141073,-0.012082763191153183
2.0613801250001416,0.004350587725639343,-0.008740365505218506,0.0029691755771636963,-0.018490180373191833,0.059298548847436905,-0.0002847996656782925,-0.02876987304974273,0.00843937390307886,-0.012184517640232666
2.0714351249989704,0.008687540888786316,-0.00756227970123291,-0.006680518388748169,-0.026369499042630196,0.05161372572183609,0.004282734822481871,-0.028196702272956353,0.008092453779981522,-0.012230653998932448
2.081491124998138,0.009112775325775146,-0.00890570878982544,-0.009426862001419067,-0.029670752584934235,0.04628261178731918,0.007099826354533434,-0.027696716857340792,0.007777020619647521,-0.012214679592499368
2.0915461250042426,0.005714550614356995,-0.0065228939056396484,-0.007485777139663696,-0.023235978558659554,0.04648061841726303,0.015851693227887154,-0.027216964523350217,0.007482911801211056,-0.012163064661939085
2.10160212500341,0.007256403565406799,-0.010677874088287354,-0.007473349571228027,-0.02555479295551777,0.03914813697338104,0.018435491248965263,-0.026791475767380654,0.00722044023089404,-0.012027774908203866
2.111657125002239,0.009798035025596619,-0.007916450500488281,-0.00852993130683899,-0.02468624711036682,0.032235369086265564,0.01927768997848034,-0.026422109897019878,0.006962600494676201,-0.01182296175930179
2.1217131250014063,0.015022531151771545,-0.004573404788970947,-0.012456178665161133,-0.022980758920311928,0.031086750328540802,0.019320033490657806,-0.026100310463752077,0.006743363459680368,-0.011615477374816437
2.131768125000235,0.015364229679107666,-0.0034710168838500977,-0.0064643919467926025,-0.037027157843112946,0.027441147714853287,0.012904904782772064,-0.025810678530541798,0.006447342131034124,-0.011454894985436984
2.1418241249994026,0.013797149062156677,-0.005396544933319092,-0.0023916959762573242,-0.06973397731781006,0.024730848148465157,0.007817202247679234,-0.025557063164280774,0.005882085558631568,-0.011346037998207843
2.1518791249982314,0.012035772204399109,-0.007969498634338379,0.001391381025314331,-0.10859987884759903,0.019364845007658005,0.00636625848710537,-0.02535076509221403,0.004995373500645858,-0.011267289273019529
2.1619351250046748,0.012165993452072144,-0.010411441326141357,0.0026559829711914062,-0.13867735862731934,0.01262571569532156,0.010175910778343678,-0.025222181133687117,0.0037727828810279504,-0.011176107718618968
2.171991125003842,0.010249689221382141,-0.00842583179473877,0.001535654067993164,-0.17582103610038757,0.0009572089184075594,0.008134517818689346,-0.025135950219721044,0.002155622212573769,-0.011092140268851743
2.182046125002671,0.012388542294502258,-0.014171063899993896,-0.010697931051254272,-0.16833221912384033,-0.010134058073163033,0.02079651691019535,-0.02514704579398835,0.0004617683512103837,-0.010944120863921304
2.1921021250018384,0.01369728147983551,-0.002396106719970703,-0.015583038330078125,-0.11737685650587082,-0.015885287895798683,0.018197406083345413,-0.025303933721679068,-0.0009581529533724005,-0.01072312941865144
2.2021571250006673,0.013957411050796509,0.00811469554901123,-0.025753051042556763,-0.05309586971998215,-0.02108723856508732,0.020560162141919136,-0.0254980348358536,-0.0017048538789132344,-0.010454937440294097
2.2122131249998347,0.011739909648895264,0.011230826377868652,-0.013971000909805298,-0.02140452340245247,-0.023062506690621376,0.011316116899251938,-0.025727213448370874,-0.001973479528821579,-0.010231460313750856
2.2222681249986636,0.016701966524124146,0.01144951581954956,-0.014567166566848755,-0.00776620814576745,-0.03703291714191437,0.002642733510583639,-0.026044973432278254,-0.0020831332467707683,-0.010096061186130222
2.232324125005107,0.01936429738998413,0.021770119667053223,-0.027451634407043457,-0.0011083498829975724,-0.0526580810546875,-0.0072776214219629765,-0.026490857629409503,-0.0021122109547614737,-0.010061973376447635
2.2423791250039358,0.015094280242919922,0.01802992820739746,-0.029471635818481445,-0.0094533646479249,-0.06702743470668793,-0.016748089343309402,-0.027109282376736425,-0.0021642011798972682,-0.010139099065361644
2.252435125003103,0.008462831377983093,0.01603078842163086,-0.02686023712158203,-0.031055951490998268,-0.07641587406396866,-0.02449176274240017,-0.027841435286429475,-0.002354407763923541,-0.010317326374830668
2.262490125001932,0.005197688937187195,0.010110318660736084,-0.02225196361541748,-0.05412878096103668,-0.08794496208429337,-0.026346387341618538,-0.028673440520284716,-0.00274644414801822,-0.010533799772739608
2.2725461250010994,0.009488075971603394,0.006408274173736572,-0.02278962731361389,-0.05575179681181908,-0.10383258759975433,-0.0207349993288517,-0.029654331491680345,-0.0032055360976905424,-0.010730768851047106
2.2826011249999283,0.009140506386756897,0.01081925630569458,-0.03207957744598389,-0.056642889976501465,-0.11898570507764816,-0.030087489634752274,-0.03077779897159777,-0.003605176453059339,-0.01093342202770131
2.2926571249990957,0.011035338044166565,0.017574071884155273,-0.04638490080833435,-0.02744102105498314,-0.13651981949806213,-0.03140098974108696,-0.03206419866513907,-0.003927008680263093,-0.011180587019654766
2.3027121250052005,0.008910350501537323,0.0195004940032959,-0.04381585121154785,-0.013260486535727978,-0.15700937807559967,-0.046237193048000336,-0.03356733854387726,-0.003988495483238121,-0.011496818301084163
2.312768125004368,0.006811447441577911,0.02488088607788086,-0.04599928855895996,-0.030676716938614845,-0.16785044968128204,-0.05276355892419815,-0.035211964254937625,-0.0039536008028342165,-0.011876813834709418
2.3228231250031968,0.004005521535873413,0.012690842151641846,-0.029547810554504395,-0.0592375211417675,-0.18951472640037537,-0.06599920243024826,-0.03700981307224955,-0.004185530964313111,-0.012403283470758343
2.332879125002364,0.006011962890625,0.01322096586227417,-0.03208798170089722,-0.04272041842341423,-0.21658097207546234,-0.07588757574558258,-0.039061310488477406,-0.004552545945946844,-0.013090808881257986
2.342934125001193,0.015452831983566284,0.03571683168411255,-0.0570368766784668,0.04580731689929962,-0.22237440943717957,-0.07809852808713913,-0.041257834446980085,-0.0043608467160092855,-0.013834229497425294
2.3529901250003604,0.005213387310504913,0.03516793251037598,-0.035959333181381226,0.10978168249130249,-0.22037170827388763,-0.09329336136579514,-0.04346639794701966,-0.0033652425787974415,-0.01461726134602535
2.3630451249991893,-0.0029901638627052307,0.025146186351776123,-0.01131787896156311,0.1266389638185501,-0.2230929285287857,-0.09014230966567993,-0.04568040891192097,-0.001927404300658938,-0.015435191003470064
2.3731011249983567,0.0029338374733924866,0.01573622226715088,-0.007703572511672974,0.11008359491825104,-0.23945991694927216,-0.09046316146850586,-0.04799220885300024,-0.0003788937778514749,-0.016195380871915115
2.3831571250048,0.0039284974336624146,-0.0017628669738769531,-0.005739361047744751,0.10659432411193848,-0.2558349072933197,-0.08089415729045868,-0.05048819190604719,0.0009617667526474183,-0.01694752689152855
2.393212125003629,0.007394924759864807,-0.0027955174446105957,-0.01960471272468567,0.10944892466068268,-0.27183929085731506,-0.08936473727226257,-0.053138434497984874,0.0023826125172098137,-0.017682946714224258
2.4032681250027963,0.009135328233242035,0.014570116996765137,-0.023295849561691284,0.104513019323349,-0.2713652551174164,-0.09112269431352615,-0.055845382180931886,0.003681715219798643,-0.018504724123251177
2.413323125001625,0.014340490102767944,0.006725132465362549,-0.017841219902038574,0.056743454188108444,-0.2837875783443451,-0.09890871495008469,-0.058597106663610385,0.004699428831464992,-0.01935560514259155
2.4233791250007926,0.01500711590051651,-0.0037070512771606445,-0.007429033517837524,0.050860799849033356,-0.31517666578292847,-0.11214569211006165,-0.061558945166717956,0.0055516329621664385,-0.020269188554894128
2.4334341249996214,0.027327656745910645,0.024764716625213623,-0.033297985792160034,0.11936724185943604,-0.3459012806415558,-0.14127880334854126,-0.06485888873704997,0.006701988212835456,-0.02141754269991479
2.443490124998789,0.01748467981815338,0.052498579025268555,-0.05321750044822693,0.1687403917312622,-0.3808683156967163,-0.17941740155220032,-0.0684963468639565,0.008355578157346274,-0.022960645898243096
2.4535451250048936,0.009389929473400116,0.05877673625946045,-0.053695350885391235,0.19664281606674194,-0.4151555597782135,-0.20260116457939148,-0.0725088477317301,0.010317584774077541,-0.02475687162314142
2.463601125004061,0.010545298457145691,0.05547207593917847,-0.05652990937232971,0.21595846116542816,-0.44117146730422974,-0.21775294840335846,-0.07680111022634867,0.012514189901471254,-0.026732047468410427
2.47365612500289,0.007838435471057892,0.044950246810913086,-0.03661295771598816,0.2888472378253937,-0.45804017782211304,-0.22163544595241547,-0.0812487837883369,0.015188869025189539,-0.028710450576863167
2.4837121250020573,0.0013217777013778687,0.03585994243621826,-0.028895974159240723,0.36204686760902405,-0.44690924882888794,-0.23101377487182617,-0.08576020985767929,0.01868169392327391,-0.030694424351908833
2.493767125000886,0.00894629955291748,0.03563898801803589,-0.034195899963378906,0.36373069882392883,-0.43923935294151306,-0.22916197776794434,-0.09018162514849731,0.02258475589104424,-0.03269267876459533
2.5038231250000536,0.014259591698646545,0.008274555206298828,-0.020044058561325073,0.29594898223876953,-0.432034432888031,-0.22968289256095886,-0.09454598394130481,0.026157384663350387,-0.034680239239479965
2.5138781249988824,0.01711137592792511,-0.011319220066070557,-0.004271775484085083,0.17823629081249237,-0.4493263363838196,-0.2349371463060379,-0.09891781295419065,0.028687448658614723,-0.03677646710231248
2.52393412499805,0.023067936301231384,-0.011663377285003662,0.001252293586730957,0.14002925157546997,-0.46709439158439636,-0.22101600468158722,-0.10342249192199504,0.0304370197098426,-0.03891104884102515
2.5339891250041546,0.026061207056045532,-0.0067084431648254395,-0.0067348480224609375,0.1505311131477356,-0.4674447476863861,-0.2189570814371109,-0.10805128104172415,0.03210057557619642,-0.040953896083428414
2.544045125003322,0.020418450236320496,-0.007382750511169434,-0.013209372758865356,0.1454271674156189,-0.46752864122390747,-0.2175498753786087,-0.11268991711691376,0.033858927946256986,-0.04296366602163509
2.554100125002151,0.022217735648155212,-0.016777396202087402,0.007531553506851196,0.10754502564668655,-0.4746616780757904,-0.20921263098716736,-0.11742427940850106,0.03537299012360166,-0.044972491530230904
2.5641561250013183,0.02277064323425293,-0.02394968271255493,0.02169540524482727,0.10019922256469727,-0.4907061457633972,-0.2101213037967682,-0.12222120890834644,0.036654235887917316,-0.04693011529875765
2.574211125000147,0.015421435236930847,-0.015377998352050781,0.029619961977005005,0.10958948731422424,-0.4840454161167145,-0.19201892614364624,-0.12705996807941902,0.03793151507681852,-0.04883277988778857
2.5842671249993145,0.009931936860084534,-0.016524791717529297,0.030946820974349976,0.1010572537779808,-0.47582370042800903,-0.1801614612340927,-0.13182224383858793,0.03925903285421217,-0.05054197591109876
2.594323124998482,-0.0023981481790542603,-0.04160940647125244,0.04087957739830017,0.050687823444604874,-0.4815966486930847,-0.1808905303478241,-0.1365724658702577,0.040275173102048076,-0.052211284846013784
2.6043781250045868,0.001731961965560913,-0.032705605030059814,0.02611321210861206,-0.011673820205032825,-0.4900210201740265,-0.18021169304847717,-0.1413738989249588,0.04069981405332247,-0.05397683058487762
2.614434125003754,-0.002332165837287903,-0.027390003204345703,0.021270036697387695,-0.06653955578804016,-0.5078634023666382,-0.19498616456985474,-0.14630116544961586,0.040581776737880035,-0.05587209001754411
2.624489125002583,-0.016916394233703613,-0.02062886953353882,0.013616412878036499,-0.07272634655237198,-0.5325801968574524,-0.21835912764072418,-0.1514801622964384,0.040122182100702904,-0.05806581024518366
2.6345451250017504,-0.0023491978645324707,0.03573399782180786,-0.04445365071296692,-0.0018205678788945079,-0.5580488443374634,-0.23585198819637299,-0.15693343193226847,0.040066199966646024,-0.06040245485339188
2.6446001250005793,0.0018374323844909668,0.05748176574707031,-0.06813690066337585,0.06676008552312851,-0.5802952647209167,-0.2577804625034332,-0.16252502980764277,0.040807864912767416,-0.06278128203578749
2.6546561249997467,-0.003068983554840088,0.01542818546295166,-0.045156121253967285,0.021779878064990044,-0.6116493344306946,-0.2927313446998596,-0.16838070369430325,0.041708014238647374,-0.06545465768681505
2.6647111249985755,0.03057791292667389,0.04144853353500366,-0.046786755323410034,-0.050898853689432144,-0.6423803567886353,-0.30414217710494995,-0.17455198926474516,0.04214168658989906,-0.0683934049463446
2.674767125005019,0.03197072446346283,0.03198891878128052,-0.024855881929397583,-0.16469532251358032,-0.6619381904602051,-0.3061029314994812,-0.18094901424140158,0.04157301662943446,-0.07163306977514292
2.6848221250038478,0.021656706929206848,0.0005515217781066895,0.0006139278411865234,-0.21404822170734406,-0.6789867281913757,-0.2997704744338989,-0.1875507400634004,0.04019081829850121,-0.07497504539725341
2.694878125003015,0.029683917760849,0.022063493728637695,-0.012203484773635864,-0.16089659929275513,-0.6809641122817993,-0.2931192219257355,-0.1942641387721103,0.03886916695064805,-0.07828200263669732
2.704933125001844,0.03248658776283264,0.04477226734161377,-0.04379063844680786,-0.07189534604549408,-0.6693721413612366,-0.2925357222557068,-0.20093739807569555,0.03830905961381667,-0.08139377716668661
2.7149891250010114,0.01916790008544922,0.027569830417633057,-0.04973909258842468,0.0013602228136733174,-0.6687479019165039,-0.30896928906440735,-0.20754235667609347,0.03854226232747968,-0.08444473717620272
2.7250441249998403,0.011442586779594421,0.022434115409851074,-0.03823050856590271,0.09025360643863678,-0.6559916138648987,-0.32416635751724243,-0.21409379048470104,0.03966042094923796,-0.08745746835781208
2.7351001249990077,-0.0010135918855667114,0.02187514305114746,-0.01683369278907776,0.13963793218135834,-0.6364032626152039,-0.3465837836265564,-0.22044753756893207,0.04155712333917842,-0.0904914952667548
2.7451551250051125,-0.004229187965393066,0.006217479705810547,-8.448958396911621e-05,0.1403074562549591,-0.6411924362182617,-0.35692617297172546,-0.2267098558275797,0.04366168932264927,-0.0936675855146395
2.75521112500428,0.017549708485603333,0.022624611854553223,-0.0035965442657470703,0.15784384310245514,-0.6488828659057617,-0.35750991106033325,-0.23305168781694507,0.04592722236881698,-0.09682852568529576
2.7652661250031088,0.01651662588119507,0.015781760215759277,-0.002666682004928589,0.16290171444416046,-0.6374586820602417,-0.33956581354141235,-0.20620493925031752,0.040594753333817846,-0.08858193201437584
2.775322125002276,-0.0011131316423416138,-0.03668653964996338,0.018054455518722534,0.10520859062671661,-0.6307198405265808,-0.33510369062423706,-0.20555141648181696,0.041105698167514394,-0.08923743369976726
2.7853781250014435,-0.0029072165489196777,-0.0466039776802063,0.03129243850708008,0.027942564338445663,-0.6285445690155029,-0.31932151317596436,-0.2113653914970568,0.042385007725189335,-0.09217041810011012
2.7954336250040797,0.014597311615943909,-0.015906035900115967,0.023396044969558716,-0.05491059273481369,-0.6276825070381165,-0.3085407614707947,-0.21567265470672892,0.04247665730971,-0.0946692315684018
2.805489625003247,0.01649390161037445,-0.02510523796081543,0.028467684984207153,-0.106992706656456,-0.6349667906761169,-0.28757527470588684,-0.22501048290883904,0.04305498798586893,-0.09885399440492386
2.815544625002076,0.017515093088150024,-0.03179287910461426,0.023199111223220825,-0.04406886547803879,-0.646108865737915,-0.26976490020751953,-0.23353074889404388,0.04342527582182944,-0.10250555511443629
2.8256006250012433,0.024803563952445984,0.0010167360305786133,-0.000426560640335083,0.05116444081068039,-0.6370416283607483,-0.26602980494499207,-0.24074218106162346,0.044321825205430945,-0.10543117391828788
2.835655625000072,0.021176859736442566,0.009529650211334229,-0.012396484613418579,0.06335937231779099,-0.6387291550636292,-0.2639780342578888,-0.24825447847602553,0.045849337751295585,-0.10828335261638679
2.8457116249992396,0.014866948127746582,-0.016874313354492188,-0.012020677328109741,0.03154018521308899,-0.6783985495567322,-0.28433606028556824,-0.2554130869594917,0.04715141519496118,-0.11103708126319813
2.8557666249980684,0.012947991490364075,0.001355588436126709,-0.0293407142162323,0.025953449308872223,-0.71791011095047,-0.30695658922195435,-0.26311940831970504,0.04839413684274633,-0.1140810343726312
2.865822625004512,-0.0029603540897369385,0.027718186378479004,-0.0394306480884552,-0.08376745134592056,-0.7367610335350037,-0.3313330411911011,-0.2703837523061834,0.04911020433348922,-0.11724292327338179
2.8758776250033407,-0.024026140570640564,-0.004759848117828369,-0.026148170232772827,-0.335883229970932,-0.7719123959541321,-0.3587806820869446,-0.2779650928488784,0.04813781688647394,-0.12120056629112111
2.885933625002508,-0.002605035901069641,-0.008737564086914062,-0.025193333625793457,-0.6271465420722961,-0.8209704756736755,-0.37668460607528687,-0.28603056658156073,0.044555975514181334,-0.12623355033411152
2.895988625001337,0.0177486389875412,0.00420224666595459,-0.026690512895584106,-0.7878568172454834,-0.8772156238555908,-0.35708826780319214,-0.2938634448102382,0.03851760379044871,-0.13168553824862742
2.9060446250005043,0.027498260140419006,0.0017371773719787598,-0.04834389686584473,-0.7319610714912415,-0.9213018417358398,-0.33946239948272705,-0.3021982568120232,0.03200969065167283,-0.13711001905349934
2.916099624999333,0.03795064985752106,0.02146589756011963,-0.10101562738418579,-0.553708016872406,-0.9322475790977478,-0.3249523341655731,-0.3097920435591869,0.026386652638445682,-0.14164983901768421
2.9261556249985006,0.03433281183242798,0.022784113883972168,-0.08382940292358398,-0.35909566283226013,-0.9240689873695374,-0.30868786573410034,-0.3196442947698831,0.023158294393867348,-0.1463221096179799
2.9362106250046054,0.015179842710494995,-0.015422224998474121,-0.02531006932258606,-0.2295525223016739,-0.9064017534255981,-0.30278006196022034,-0.3294741085575197,0.021581238117055784,-0.15040023002729144
2.946266625003773,0.014837980270385742,-0.008526265621185303,-0.017606616020202637,-0.11436975002288818,-0.8848509192466736,-0.27763450145721436,-0.338445715737876,0.020904508897250013,-0.15375277032615678
2.9563216250026016,0.02811916172504425,0.00653386116027832,-0.010065019130706787,-0.02250755950808525,-0.8269824981689453,-0.26517072319984436,-0.3468765055251066,0.021195413784805574,-0.1564482769094846
2.966377625001769,0.009766802191734314,-0.02505713701248169,0.04776716232299805,-0.09688671678304672,-0.7649170160293579,-0.27897337079048157,-0.35480158303707976,0.02161507342600328,-0.159202470147298
2.9764336250009364,0.006914958357810974,-0.052617430686950684,0.08328169584274292,-0.21813973784446716,-0.7250356674194336,-0.26703718304634094,-0.3620892407843014,0.02105637990209903,-0.162260240615397
2.9864886249997653,0.02496163547039032,-0.04426395893096924,0.08640533685684204,-0.3138468265533447,-0.6930950284004211,-0.26399025321006775,-0.3686128399821318,0.01926241296950125,-0.16554504451295687
2.9965446249989327,0.007401034235954285,-0.059618353843688965,0.08850395679473877,-0.30591335892677307,-0.6859138607978821,-0.27062371373176575,-0.37510669178241235,0.017138172286055253,-0.16905881029249598
3.0065996250050375,-0.0071553438901901245,-0.03542262315750122,0.04471448063850403,-0.20171797275543213,-0.6922940015792847,-0.2750520408153534,-0.3820271830858888,0.015747170628926357,-0.17258123661270097
3.016655625004205,-0.0002536177635192871,0.02434074878692627,-0.014039397239685059,-0.10677521675825119,-0.6903269290924072,-0.2838916480541229,-0.38915216438006717,0.015524311257926632,-0.17578066515034932
3.026710625003034,-0.036834269762039185,-0.033646464347839355,0.0018933415412902832,-0.1859975904226303,-0.7193759083747864,-0.320497065782547,-0.3953881334081504,0.015127232107307884,-0.17880318350337412
3.036766625002201,-0.05444993078708649,-0.048749685287475586,0.00646209716796875,-0.4682084619998932,-0.7519859671592712,-0.3617495000362396,-0.4019082288422039,0.013242249277887126,-0.18291864834888746
3.04682162500103,-0.026393964886665344,0.010179460048675537,0.006894946098327637,-0.7517520189285278,-0.7998072504997253,-0.3661263883113861,-0.40925511371992734,0.00887653640002741,-0.18857646661735392
3.0568776250001974,-0.004757225513458252,0.0037703514099121094,-0.006245404481887817,-0.9634663462638855,-0.8624325394630432,-0.3770763576030731,-0.4172111137511701,0.002237702659753626,-0.19535188034622167
3.0669326249990263,0.0010435283184051514,-0.010153055191040039,-0.04844629764556885,-1.0439255237579346,-0.9343549013137817,-0.3862943649291992,-0.42560960823944644,-0.005715607511727304,-0.20275312630585424
3.0769886249981937,0.022906064987182617,0.047313153743743896,-0.11625134944915771,-0.9498737454414368,-0.9779589176177979,-0.3960367441177368,-0.4345266209020331,-0.013568558029550181,-0.21021025998770437
3.0870436250042985,0.010101154446601868,0.05535757541656494,-0.10398244857788086,-0.7317824363708496,-1.0003381967544556,-0.4192059636116028,-0.4441065717441493,-0.019709277843269087,-0.21732506058519938
3.097099625003466,-0.013202860951423645,0.060348689556121826,-0.11054009199142456,-0.5093046426773071,-0.9938382506370544,-0.43191197514533997,-0.4536454931232714,-0.023734320266109107,-0.2236277565822499
3.107154625002295,-0.0049444884061813354,0.07623863220214844,-0.10028010606765747,-0.36650270223617554,-0.9700942635536194,-0.4468821585178375,-0.4632372414229029,-0.025799820437660666,-0.22929593108106336
3.117210625001462,-0.004800379276275635,0.04356276988983154,-0.030333757400512695,-0.36270856857299805,-0.9277070164680481,-0.45666831731796265,-0.47237584217573014,-0.027204094021948778,-0.23479976004176037
3.127265625000291,0.006274908781051636,0.008628308773040771,0.03018873929977417,-0.2757241129875183,-0.8756629824638367,-0.43868371844291687,-0.4809458097030022,-0.02833743247377997,-0.2400279663184983
3.1373216249994584,0.01637861132621765,-0.002250850200653076,0.06225898861885071,-0.24805587530136108,-0.7922238707542419,-0.4371557831764221,-0.4891540437286781,-0.028667949905346938,-0.24493312470656858
3.147377624998626,0.017802447080612183,-0.01878279447555542,0.09989354014396667,-0.29057562351226807,-0.7420773506164551,-0.43593287467956543,-0.4967897327434868,-0.02908028411731833,-0.25001807017011185
3.1574326250047307,0.04154887795448303,-0.02139180898666382,0.09729772806167603,-0.25836455821990967,-0.7154296636581421,-0.41352176666259766,-0.5038982522016443,-0.02966780820038267,-0.2549167515939743
3.167488625003898,0.038155004382133484,-0.014014482498168945,0.08760952949523926,-0.24807089567184448,-0.6707758903503418,-0.41117045283317566,-0.5103211756312412,-0.030157236192619577,-0.2594556196667829
3.177543625002727,0.022789284586906433,-0.028408944606781006,0.09749370813369751,-0.2981329560279846,-0.6476701498031616,-0.3955337107181549,-0.5164571804926812,-0.030797433503593367,-0.2640472838840152
3.1875996250018943,0.028372541069984436,-0.03763765096664429,0.09392386674880981,-0.4237268269062042,-0.6485109329223633,-0.3913416266441345,-0.522400104595714,-0.032330098579029576,-0.2689802890650044
3.197654625000723,0.025955379009246826,-0.05087989568710327,0.07934606075286865,-0.457258403301239,-0.6610092520713806,-0.3773961067199707,-0.5286559158530952,-0.034527856468187235,-0.2743606130451839
3.2077106249998906,0.004218608140945435,-0.05032515525817871,0.06642234325408936,-0.423674613237381,-0.6456021070480347,-0.3806600868701935,-0.5349581423325922,-0.03662965645845301,-0.2796895230854689
3.2177656249987194,-0.014939472079277039,-0.023945391178131104,0.04588371515274048,-0.3722524344921112,-0.6321432590484619,-0.37358319759368896,-0.5414297594796212,-0.038233847224110155,-0.2849443344005356
3.227821625005163,-0.005127638578414917,-0.02156972885131836,0.03241783380508423,-0.24407927691936493,-0.6424068212509155,-0.3690781891345978,-0.5478837075672675,-0.03907892398400801,-0.28969718993021004
3.2378766250039916,-0.0007743090391159058,-0.005006551742553711,-0.00621187686920166,-0.006251979153603315,-0.6496554017066956,-0.36490383744239807,-0.5543590951015874,-0.03833362055134229,-0.2934502644026404
3.247932625003159,-0.0022745281457901,0.03051126003265381,-0.05892831087112427,0.15284445881843567,-0.6259573101997375,-0.3617756962776184,-0.5608224361043634,-0.03574892171781389,-0.29604905770492723
3.257987625001988,-0.012259557843208313,0.0012505650520324707,-0.0303725004196167,0.07668502628803253,-0.5969793200492859,-0.37425652146339417,-0.5665169895899714,-0.03295176781702877,-0.29826727772333045
3.2680436250011553,-0.015761062502861023,-0.024660229682922363,0.029936492443084717,-0.03854142874479294,-0.5816541314125061,-0.3706420660018921,-0.5721407963794851,-0.031006147011918363,-0.30117329044178576
3.278098624999984,-0.005292996764183044,-0.0007395148277282715,0.035845816135406494,-0.11318136006593704,-0.5653591752052307,-0.37174707651138306,-0.5776150788033332,-0.029795168492548887,-0.30450101719743483
3.2881546249991516,-0.0011236518621444702,-0.0014168620109558105,0.028278231620788574,-0.3008764386177063,-0.5524676442146301,-0.3785690367221832,-0.5831034308433384,-0.029529609551957672,-0.30862642223753656
3.2982096250052564,0.018037736415863037,-0.0049814581871032715,0.031539857387542725,-0.5392806529998779,-0.5648230910301208,-0.38861480355262756,-0.5887134338182145,-0.031080951966581002,-0.3141458064271667
3.308265625004424,0.0289909690618515,-0.003402411937713623,0.03494739532470703,-0.6003799438476562,-0.5901744961738586,-0.389105886220932,-0.5946800113186679,-0.03380667983743732,-0.3206354186628844
3.318321625003591,0.014365345239639282,0.01701253652572632,0.017978191375732422,-0.4851459562778473,-0.5932451486587524,-0.3781973719596863,-0.6006958713614746,-0.03629696341376822,-0.32685490199248285
3.32837662500242,0.018548041582107544,0.019584357738494873,-0.03803122043609619,-0.39922812581062317,-0.5920248627662659,-0.35624974966049194,-0.606687458939085,-0.03789695539392391,-0.33229753346203067
3.3384326250015874,0.04630665481090546,-0.007986187934875488,-0.06029146909713745,-0.32362714409828186,-0.5891685485839844,-0.3293013870716095,-0.6123842868631927,-0.03915536859426526,-0.33703877887398986
3.3484876250004163,0.05254380404949188,-0.03184288740158081,-0.0257757306098938,-0.18862459063529968,-0.5456599593162537,-0.29578498005867004,-0.6178075452127405,-0.03969377281975322,-0.3408262111647103
3.3585436249995837,0.02825765311717987,-0.04461371898651123,0.05662471055984497,-0.2331172525882721,-0.47999927401542664,-0.27977827191352844,-0.622741287138592,-0.03985449744535384,-0.34416272697489486
3.3685986249984126,0.03154502809047699,-0.06572526693344116,0.10850036144256592,-0.3274533450603485,-0.44561469554901123,-0.24716414511203766,-0.6272115650836321,-0.04081070993826792,-0.3478418673417441
3.378654625004856,0.0499081015586853,-0.05389678478240967,0.08188748359680176,-0.271947979927063,-0.4220263957977295,-0.21004663407802582,-0.6312835629356942,-0.04224801962315022,-0.3513408605651704
3.3887096250036848,0.036717966198921204,-0.03231096267700195,0.016071319580078125,-0.06872987002134323,-0.3957063853740692,-0.17887459695339203,-0.6351966158376311,-0.0427310068859301,-0.3538627694248434
3.398765625002852,0.017267286777496338,-0.019125759601593018,-0.024449706077575684,0.16635726392269135,-0.37537434697151184,-0.15622815489768982,-0.6389331201848304,-0.04139850413093826,-0.35479064552887846
3.408820625001681,-0.0036920681595802307,-0.030743420124053955,-0.002986729145050049,0.3708890676498413,-0.35330313444137573,-0.13731278479099274,-0.6422177361175017,-0.03858116043398876,-0.3542159758812914
3.4188766250008484,-0.0003990456461906433,-0.013159036636352539,0.0002919435501098633,0.5583301186561584,-0.32706648111343384,-0.12034526467323303,-0.6452459619904192,-0.034193244379720045,-0.3521944285938839
3.4289316249996773,-0.011585421860218048,-0.03697359561920166,0.06678229570388794,0.448464572429657,-0.26962074637413025,-0.11946509033441544,-0.6479463274800825,-0.029381426736720232,-0.3498605969932801
3.4389876249988447,-0.008239753544330597,-0.08465737104415894,0.18087655305862427,0.05611144006252289,-0.23178201913833618,-0.10747181624174118,-0.6503045587640628,-0.02671939789336054,-0.34916823022917676
3.4490426250049495,-0.005405433475971222,-0.11790019273757935,0.23554539680480957,-0.15760430693626404,-0.22216162085533142,-0.07872405648231506,-0.6526241109145421,-0.026675215042144068,-0.35030433574269854
3.459098625004117,-0.04177320748567581,-0.09594470262527466,0.19709932804107666,-0.20750367641448975,-0.20181719958782196,-0.06413658708333969,-0.6546501829906526,-0.02781504066213441,-0.3519441423150406
3.4691546250032843,-0.028526514768600464,-0.04357033967971802,0.07726901769638062,-0.2454037219285965,-0.21696779131889343,-0.06260119378566742,-0.6566595180234399,-0.029339072796225118,-0.35378840299620296
3.479209625002113,-0.01673433929681778,-0.03111809492111206,0.023276686668395996,-0.14722232520580292,-0.2301841378211975,-0.07562615722417831,-0.658806867400476,-0.030709065340620994,-0.3555691140418011
3.4892656250012806,-0.041485242545604706,0.025260090827941895,-0.022946059703826904,0.02232968620955944,-0.21352340281009674,-0.09325414896011353,-0.6610623285951043,-0.03067711129334483,-0.35655727950511334
3.4993206250001094,-0.055992789566516876,0.04397749900817871,-0.04384428262710571,0.0488966703414917,-0.19317977130413055,-0.11117584258317947,-0.6628233028631819,-0.029861323746154675,-0.356997390924687
3.509376624999277,-0.03650587052106857,0.029854118824005127,-0.02307218313217163,0.023488784208893776,-0.1900779902935028,-0.12357312440872192,-0.6644348985908453,-0.029056197542918015,-0.3575213141026483
3.5194316249981057,-0.034337542951107025,0.02918219566345215,-0.0012565851211547852,-0.06318334490060806,-0.18559402227401733,-0.1400109976530075,-0.6661694637542168,-0.028485963082471158,-0.3585872919453595
3.529487625004549,-0.027016155421733856,0.0206679105758667,-0.0044828057289123535,-0.15594923496246338,-0.19594866037368774,-0.1472553312778473,-0.6679756854102122,-0.028552551161843177,-0.36031798522537467
3.539542625003378,-0.008337974548339844,0.029494106769561768,-0.011962890625,-0.2603819966316223,-0.20974011719226837,-0.16389717161655426,-0.6700295944982576,-0.029252081907641194,-0.36279093354136643
3.5495986250025453,-0.014820508658885956,0.013446271419525146,0.00022745132446289062,-0.3555695116519928,-0.22749941051006317,-0.17459428310394287,-0.6722286043982839,-0.03069503027585991,-0.36605247934729507
3.559653625001374,-0.022055357694625854,0.015118896961212158,-0.004043281078338623,-0.29756125807762146,-0.25351276993751526,-0.17224454879760742,-0.6746394871741492,-0.032332549267135205,-0.3694772732800452
3.5697096250005416,-0.003495544195175171,0.043412208557128906,-0.05792492628097534,-0.10478862375020981,-0.2597448229789734,-0.15755800902843475,-0.6771322270447069,-0.03299371292788277,-0.37196378789886964
3.5797646249993704,0.0076656341552734375,0.023986876010894775,-0.06532084941864014,0.03917844220995903,-0.23377753794193268,-0.14272716641426086,-0.6793121400899768,-0.03246630069905818,-0.3731374316287463
3.589820624998538,0.022262662649154663,-0.010798931121826172,0.018208682537078857,0.07883238047361374,-0.19429244101047516,-0.11288005113601685,-0.6814513638193408,-0.031200546245139685,-0.3737238445095011
3.5998756250046426,0.03974102437496185,-0.034832119941711426,0.07626807689666748,0.04852467030286789,-0.14883774518966675,-0.08788236975669861,-0.68305562933662,-0.03015184065880123,-0.3740177773632825
3.60993162500381,0.04208032786846161,-0.05410724878311157,0.08151209354400635,0.03395078703761101,-0.1122075617313385,-0.060733310878276825,-0.684136320567894,-0.029524013338553326,-0.37419216571460523
3.619986625002639,0.03050394356250763,-0.050450146198272705,0.07202869653701782,0.006958453916013241,-0.0800875797867775,-0.05478191748261452,-0.6850457135795321,-0.029030930901415397,-0.37448549315213797
3.6300426250018063,0.010233074426651001,-0.037408292293548584,0.06597024202346802,0.0008640760788694024,-0.07014386355876923,-0.06166032701730728,-0.685713071263766,-0.02871820032371141,-0.3748989701493946
3.6400986250009737,0.005830943584442139,0.0005450248718261719,0.031275391578674316,0.06038527935743332,-0.0747801661491394,-0.0735582634806633,-0.686293346419392,-0.028115511553392886,-0.3751686353938163
3.6501536249998026,-0.0014531686902046204,0.019748806953430176,-0.0027163028717041016,0.045740824192762375,-0.08015336096286774,-0.09758184105157852,-0.6869296383846943,-0.027126899526830808,-0.3753259542418759
3.66020962499897,-0.022262416779994965,-0.011706888675689697,0.027166306972503662,-0.028319641947746277,-0.091509610414505,-0.10159847885370255,-0.6877877742612767,-0.026358156282296992,-0.3759693840402277
3.6702646250050748,-0.023453980684280396,-0.007134199142456055,0.04943358898162842,-0.16054877638816833,-0.09340258687734604,-0.09162227809429169,-0.688619937122459,-0.026500076976751004,-0.37724174849233966
3.680320625004242,-0.009458668529987335,-0.03429710865020752,0.08907043933868408,-0.3540807366371155,-0.08634240925312042,-0.06902964413166046,-0.6894147340969669,-0.028171795050342882,-0.3794324538863923
3.690375625003071,-0.001829199492931366,-0.07265877723693848,0.10935688018798828,-0.4202443063259125,-0.06405867636203766,-0.015109951607882977,-0.6900713876974807,-0.03121234330818109,-0.3822829407255813
3.7004316250022384,0.018682576715946198,-0.05900299549102783,0.06460070610046387,-0.23180951178073883,-0.034722357988357544,0.027071909978985786,-0.6905023168863116,-0.03406373442539786,-0.3843720570304083
3.7104866250010673,0.013589613139629364,-0.023578286170959473,-0.006989836692810059,0.04342365264892578,0.0166859719902277,0.03862709924578667,-0.6905246028239859,-0.03504608906830879,-0.3846092979612657
3.7205426250002347,-0.02560477703809738,-0.004876613616943359,0.010533273220062256,0.1419156938791275,0.06608840823173523,0.022188471630215645,-0.6899711624393138,-0.03451535081055402,-0.383682867040668
3.7305976249990636,-0.05561231076717377,-0.007226765155792236,0.056112051010131836,0.22037748992443085,0.08553747087717056,0.014630153775215149,-0.6890669161375368,-0.03328904934130831,-0.38231173965803567
3.740653624998231,-0.05557682365179062,0.01624476909637451,0.014733552932739258,0.20347413420677185,0.09322841465473175,-0.008860046043992043,-0.6878036874673076,-0.03175524737356391,-0.38079754873981425
3.7507086250043358,-0.033796824514865875,0.0022581815719604492,-0.008904874324798584,0.05454190820455551,0.05621020868420601,-0.020592333748936653,-0.6867839998640793,-0.030804798310927858,-0.38009622940987553
3.760764625003503,-0.01359868049621582,-0.002747774124145508,0.008629322052001953,-0.040220730006694794,0.023982234299182892,-0.03060837648808956,-0.6862437908809554,-0.030833344359075265,-0.3803353098592207
3.7708206250026706,-0.013038694858551025,0.005238950252532959,-0.012868702411651611,-0.08484199643135071,0.007674632593989372,-0.03293704614043236,-0.6862001639236044,-0.031289801522375156,-0.3812006493024326
3.7808756250014994,-0.006398938596248627,-0.01263362169265747,-0.006679952144622803,-0.1196528822183609,0.016498751938343048,-0.024458127096295357,-0.6861714841672969,-0.032050442565175474,-0.3821888308881462
3.790931625000667,-0.003960795700550079,-0.01530367136001587,0.026810109615325928,-0.07188615947961807,0.05139894410967827,0.012180312536656857,-0.6858699422071782,-0.032842697614847184,-0.3828954203215179
3.8009852500035777,0.006445795297622681,-0.012756705284118652,0.043142855167388916,0.033464763313531876,0.11474968492984772,0.05436020344495773,-0.6848676620400684,-0.03328213987163959,-0.3827321800044434
3.811041250002745,0.02279060333967209,-0.020372450351715088,0.057770490646362305,0.10634616017341614,0.1680174320936203,0.09175950288772583,-0.6833726574957368,-0.033191647333604885,-0.3818465931587755
3.821096250001574,0.037711985409259796,-0.0300101637840271,0.07001924514770508,0.1301983743906021,0.2059612274169922,0.11980932950973511,-0.6815710614026942,-0.032750715659896276,-0.38040252988216533
3.8311522500007413,0.028168611228466034,-0.04308217763900757,0.066287100315094,0.15448613464832306,0.24644048511981964,0.15617559850215912,-0.6792018211212549,-0.032514101869265136,-0.3784857805412901
3.84120724999957,0.02742515504360199,-0.0398249626159668,0.05148947238922119,0.19391228258609772,0.2817433476448059,0.17134027183055878,-0.6763093512935712,-0.03226474338340325,-0.37604539673846216
3.8512632499987376,0.009291097521781921,-0.05116647481918335,0.03488868474960327,0.18691322207450867,0.2950085401535034,0.1611374318599701,-0.6731775840688233,-0.03180608326649294,-0.3734406193275022
3.8613182500048424,-0.02182498574256897,-0.05241405963897705,0.07009714841842651,0.10726414620876312,0.29249462485313416,0.12187650799751282,-0.6700957511240629,-0.0315501529393456,-0.37141251707024037
3.87137425000401,-0.034172624349594116,-0.02018105983734131,0.05929112434387207,0.003595280461013317,0.26299747824668884,0.08819204568862915,-0.6670780293857425,-0.03198057767313445,-0.37026177667231763
3.8814292500028387,-0.0205937922000885,-0.01242363452911377,0.015182316303253174,-0.04958130046725273,0.2138163447380066,0.06439761072397232,-0.6646339394369651,-0.03287090530187105,-0.3699041774754676
3.891485250002006,-0.019528046250343323,-0.004848659038543701,-0.01670384407043457,-0.01659458689391613,0.17900297045707703,0.05861454829573631,-0.6625944247619424,-0.03378513037869197,-0.36966145378219173
3.901540250000835,-0.03073848783969879,-0.010916471481323242,-0.011062264442443848,0.044116564095020294,0.1819126158952713,0.09415014833211899,-0.6607043674114248,-0.03443890608477067,-0.3689906557371703
3.9115962500000023,-0.017755694687366486,-0.03520435094833374,-0.0008485913276672363,0.1249014213681221,0.22263766825199127,0.14813774824142456,-0.6586872436853518,-0.03470474417334441,-0.36755947919562776
3.9216522499991697,-0.007062725722789764,-0.049904823303222656,0.04561901092529297,0.1845197081565857,0.2895004451274872,0.20447103679180145,-0.6560892197619143,-0.03472337081004035,-0.3652570196113699
3.9317072500052745,-0.005501873791217804,-0.07777035236358643,0.11232197284698486,0.21453140676021576,0.37669873237609863,0.2562144100666046,-0.6526203004299105,-0.03467501374927398,-0.36222334174889936
3.941763250004442,-0.0019461661577224731,-0.07212239503860474,0.1338728666305542,0.2499200999736786,0.4452711343765259,0.2935155928134918,-0.6482925172510002,-0.03454906454549805,-0.3585972096127266
3.951818250003271,0.0023203045129776,-0.04241943359375,0.10027998685836792,0.32250988483428955,0.4912484884262085,0.3069339096546173,-0.6433914773981693,-0.03414913759999176,-0.35440110580331907
3.961874250002438,-0.03193765878677368,-0.05430138111114502,0.10595709085464478,0.39828982949256897,0.5336309671401978,0.2992614507675171,-0.6380770821588287,-0.033084327522151055,-0.349792731736085
3.971929250001267,-0.04460659623146057,-0.0395200252532959,0.10756915807723999,0.4929843544960022,0.5834331512451172,0.3138188123703003,-0.632248930238639,-0.03132393520746807,-0.344632867834626
3.9819852500004345,-0.028962790966033936,-0.037335336208343506,0.12196224927902222,0.5304491519927979,0.6361929178237915,0.32710450887680054,-0.6259128124305104,-0.029023334861352293,-0.3389425417777781
3.9920402499992633,-0.009129330515861511,-0.06598144769668579,0.14416664838790894,0.4653388559818268,0.6983124613761902,0.34531572461128235,-0.6190169955366461,-0.02686973172373785,-0.3332104415074951
4.002096249998431,0.015531286597251892,-0.07010465860366821,0.13305896520614624,0.2633724808692932,0.7175624370574951,0.3447590172290802,-0.6117307635009678,-0.025859503440265098,-0.32821750046268483
4.0121512500045355,0.00575023889541626,-0.09430688619613647,0.14570826292037964,0.028243592008948326,0.711969792842865,0.3284207880496979,-0.6044493182983538,-0.026576080444305986,-0.32460661716329325
4.022207250003703,-0.019148752093315125,-0.06914329528808594,0.12429684400558472,-0.14701153337955475,0.7112721800804138,0.3250013291835785,-0.5973659170655676,-0.028898782988728305,-0.32233044663716476
4.032262250002532,-0.022296130657196045,-0.04869115352630615,0.06593817472457886,-0.23449237644672394,0.6980671882629395,0.3243829607963562,-0.5902658357988446,-0.032349442556948424,-0.32074970324424296
4.042318250001699,-0.02740299701690674,-0.05219161510467529,0.04231911897659302,-0.2500152885913849,0.6947487592697144,0.32726722955703735,-0.5832407834910992,-0.03619057603093042,-0.3193811535413288
4.052373250000528,-0.03541956841945648,-0.046479225158691406,0.05676764249801636,-0.24386923015117645,0.7278241515159607,0.354111909866333,-0.5759719174892982,-0.040189357691351894,-0.31785892692410156
4.0624292499996955,-0.021132439374923706,-0.04863762855529785,0.08002728223800659,-0.19907145202159882,0.7518840432167053,0.3879159092903137,-0.5685251137453387,-0.04408453089024597,-0.3159928154238347
4.072485249998863,0.010873869061470032,-0.026574373245239258,0.06360036134719849,-0.08500932902097702,0.7630480527877808,0.4089903235435486,-0.5608506597055198,-0.0474309049428237,-0.3133897783512597
4.082540250004968,0.018400192260742188,-0.0006675124168395996,0.019281864166259766,0.0640081986784935,0.7600165605545044,0.3921683430671692,-0.5532672447427495,-0.049498035363893085,-0.31009810408258126
4.092596250004135,-0.004330083727836609,0.027676284313201904,0.006123602390289307,0.20299218595027924,0.7715243697166443,0.3616655468940735,-0.5455372792104124,-0.05020535817336534,-0.3061919740642941
4.102651250002964,-0.028210699558258057,0.049866318702697754,0.012052416801452637,0.19061017036437988,0.8021027445793152,0.3381972312927246,-0.5375124041299785,-0.05020461476502057,-0.30217302428990916
4.112707250002131,-0.03499746322631836,0.021029889583587646,0.059326112270355225,0.04978781193494797,0.8502865433692932,0.3362901508808136,-0.5290966660858051,-0.05080569647130285,-0.2986408964994129
4.12276225000096,-0.020283475518226624,-0.00936192274093628,0.11016088724136353,-0.07952006906270981,0.9226897358894348,0.3856964707374573,-0.5200313773513052,-0.05281786488599059,-0.29565024834661763
4.132818250000128,0.019099965691566467,-0.029893040657043457,0.11413562297821045,-0.05680064111948013,1.003227710723877,0.464316189289093,-0.5103297009406039,-0.05557007748005515,-0.2923934948695509
4.1428732499989565,0.06390398740768433,-0.009572863578796387,0.028830647468566895,0.129582941532135,1.025567650794983,0.4994879961013794,-0.49985605823283785,-0.05769229925509119,-0.2880128300718535
4.152929249998124,0.07318785786628723,0.01462256908416748,-0.006584107875823975,0.2792816460132599,1.0220011472702026,0.46750128269195557,-0.489495255647931,-0.05803613236716475,-0.2828000635981088
4.162984250004229,0.039995089173316956,0.03581833839416504,-0.017346203327178955,0.34029829502105713,0.9947880506515503,0.42187148332595825,-0.4792652069680745,-0.05720637754720016,-0.2774907100972921
4.173040250003396,0.03135749697685242,0.07831013202667236,-0.058391690254211426,0.3283598721027374,0.9314783215522766,0.3640369474887848,-0.4694315933682805,-0.055934226658931524,-0.2724533074176149
4.183095250002225,-0.0019932985305786133,0.049910545349121094,-0.06717413663864136,0.2613159716129303,0.870177686214447,0.3084225654602051,-0.4602668733441554,-0.0547055728092655,-0.2681417352902909
4.193151250001392,-0.035228878259658813,0.01715540885925293,-0.026807665824890137,0.1188030019402504,0.8396496176719666,0.2819339632987976,-0.45170379849986586,-0.05417713899840454,-0.2647212955996077
4.20320725000056,-0.025224238634109497,0.016802489757537842,0.011909306049346924,-0.10118133574724197,0.8410657644271851,0.296985000371933,-0.4432864159884452,-0.05520343081417473,-0.2621194312884302
4.213262249999389,-0.003678634762763977,-0.03973805904388428,0.05862832069396973,-0.3224479556083679,0.8639878630638123,0.33454224467277527,-0.43480874568796807,-0.05842031999762235,-0.2602750599674776
4.223318249998556,0.017192915081977844,-0.07980543375015259,0.08189332485198975,-0.4014952778816223,0.9021269679069519,0.3808641731739044,-0.4258660764479976,-0.06331990958190951,-0.2585691897554479
4.233373250004661,0.03986375033855438,-0.03709602355957031,0.015007555484771729,-0.2827281355857849,0.9037358164787292,0.4104079306125641,-0.41671966061773646,-0.06815288601546374,-0.2563982961278344
4.243429250003828,0.0432736873626709,0.0025812387466430664,-0.05415081977844238,-0.1427324265241623,0.8704404234886169,0.37264829874038696,-0.407809947835317,-0.07160176286423071,-0.2537147029464689
4.253484250002657,0.0020241588354110718,0.0030144453048706055,-0.04808884859085083,-0.06537051498889923,0.8383901119232178,0.32599106431007385,-0.3991232667489344,-0.0738827746268433,-0.2509323515874077
4.2635402500018245,-0.0005286186933517456,0.04093003273010254,-0.03590214252471924,-0.02131046913564205,0.8219264149665833,0.3106745183467865,-0.39064314216088425,-0.07548391597335176,-0.2482026098619845
4.273595250000653,0.018298253417015076,0.023836970329284668,-0.0031606554985046387,0.011354267597198486,0.836296796798706,0.3352150022983551,-0.3821702149739069,-0.07671166719644854,-0.24523431819081654
4.283651249999821,0.027063295245170593,-0.037079453468322754,0.04901093244552612,-0.029009222984313965,0.9186908006668091,0.3987054228782654,-0.373270780667934,-0.07806644209007256,-0.24190696087088379
4.29370624999865,0.051019057631492615,-0.08952111005783081,0.12204223871231079,-0.06890790164470673,0.9587807059288025,0.4464135468006134,-0.363574478745672,-0.08011301878567857,-0.2381606433000202
4.303762250005093,0.09978044033050537,-0.05333352088928223,0.05791348218917847,0.08826937526464462,0.9363536238670349,0.462931752204895,-0.35363436942339527,-0.08176426566910582,-0.2338368947654704
4.313817250003922,0.1065555065870285,0.047516584396362305,-0.08924829959869385,0.28837689757347107,0.8785015344619751,0.42101866006851196,-0.34404462853307827,-0.08147894023534769,-0.22891616676171314
4.323873250003089,0.026111572980880737,0.020747840404510498,-0.09723454713821411,0.3198692202568054,0.8339162468910217,0.34951847791671753,-0.3350804422050558,-0.07975191423503565,-0.22421226225202648
4.333929250002257,0.006036192178726196,0.04787629842758179,-0.08174729347229004,0.1885191947221756,0.7932676076889038,0.3046891987323761,-0.3267143218650568,-0.07829577954266677,-0.22032626435047065
4.3439842500010855,0.03148743510246277,0.04083329439163208,-0.05821162462234497,0.011560885235667229,0.7548322081565857,0.3143460154533386,-0.3188372510409874,-0.07829799419711317,-0.2171351467689475
4.354040250000253,0.030386626720428467,-0.022447586059570312,-0.00564044713973999,-0.1104731410741806,0.7808119058609009,0.3665383756160736,-0.310999862389474,-0.07983038802924021,-0.21412409704438004
4.364095249999082,0.030034855008125305,-0.07469022274017334,0.061665892601013184,-0.14568492770195007,0.8534935116767883,0.4426097869873047,-0.30268492174735495,-0.08226638126065677,-0.21071642064410626
4.374151249998249,0.07538525760173798,-0.039327383041381836,0.03663760423660278,-0.11275254189968109,0.8832862973213196,0.4870702028274536,-0.2936772448527308,-0.08493470879034976,-0.2066663202614331
4.384206250004354,0.1355854719877243,0.0009877681732177734,0.003738492727279663,-0.03957056626677513,0.8544943332672119,0.4912988543510437,-0.2846532166400146,-0.0870601004865946,-0.202188756900511
4.394262250003521,0.10413570702075958,0.005114138126373291,-0.04202359914779663,0.09986110031604767,0.8280712366104126,0.4786813259124756,-0.2757764998289263,-0.088175964616216,-0.1974197597461206
4.40431725000235,0.05675274133682251,0.05079758167266846,-0.08584439754486084,0.20479901134967804,0.8031127452850342,0.4470740854740143,-0.2672768013553392,-0.08790647701461289,-0.19254544393982884
4.414373250001518,0.033084526658058167,0.05518227815628052,-0.08435124158859253,0.22461959719657898,0.7945059537887573,0.4394736886024475,-0.25900093025880494,-0.08687504974973062,-0.18774236802613836
4.4244282500003465,0.02891741693019867,0.011594235897064209,-0.042677998542785645,0.14899842441082,0.8132610321044922,0.45404452085494995,-0.2506396788629223,-0.08609538439641812,-0.18297344148726907
4.434484249999514,0.015116602182388306,-0.06585901975631714,0.040538489818573,0.061104778200387955,0.8472693562507629,0.5026730895042419,-0.2419783735002108,-0.08626952265961614,-0.17813294881340055
4.444539249998343,0.03599642217159271,-0.06389927864074707,0.04291260242462158,0.08547665178775787,0.8699367046356201,0.5506079196929932,-0.2330460869868958,-0.08682545048947042,-0.1728806728025486
4.454595250004786,0.08551064133644104,-0.011229455471038818,-0.012269437313079834,0.21704693138599396,0.8287338614463806,0.5537054538726807,-0.2240389187462438,-0.08659768766906757,-0.16711372508754987
4.4646512500039535,0.10075269639492035,0.021604478359222412,-0.09233283996582031,0.28551214933395386,0.7579628825187683,0.5028419494628906,-0.21552029779851947,-0.08525481767347455,-0.16130478572141893
4.474706250002782,0.05618622899055481,0.03479677438735962,-0.10159957408905029,0.25339093804359436,0.6820191144943237,0.4240236282348633,-0.20799056113579475,-0.0834940867755952,-0.15619943468035943
4.48476225000195,0.010352402925491333,0.04519373178482056,-0.08262753486633301,0.12786610424518585,0.5988385677337646,0.36009541153907776,-0.20132967584322223,-0.08236824061666112,-0.1519917826035538
4.494817250000779,0.006210729479789734,0.060338616371154785,-0.08714067935943604,-0.0042032538913190365,0.5357927680015564,0.33400335907936096,-0.1955210870797997,-0.08243054953726651,-0.14855229039405768
4.504873249999946,0.01636718213558197,0.049471259117126465,-0.08835744857788086,-0.0684092715382576,0.5282862782478333,0.3539316952228546,-0.1901215327849044,-0.08345855146900998,-0.14533311859651102
4.514928249998775,-0.0007322132587432861,-0.007290542125701904,-0.014764070510864258,-0.08639173209667206,0.5624144077301025,0.3788762092590332,-0.18435599556748372,-0.08489597884551461,-0.14182413089561452
4.524984250005218,-0.020142003893852234,-0.053386032581329346,0.06259521842002869,-0.10314860939979553,0.6203336715698242,0.41870853304862976,-0.17815410721701544,-0.0866124069836639,-0.1380948705170099
4.535039250004047,0.031648218631744385,0.025909602642059326,0.028113245964050293,-0.03188135102391243,0.6426685452461243,0.4413855969905853,-0.17146824894720325,-0.08802520658876978,-0.1339447580931043
4.5450952500032145,0.07295385003089905,0.07268184423446655,-0.04551410675048828,0.060833048075437546,0.5875557065010071,0.41117891669273376,-0.164785330605854,-0.08867080625840136,-0.12960738854466258
4.555150250002043,0.05535358190536499,0.05314069986343384,-0.07170528173446655,0.2536248564720154,0.5228592753410339,0.36429211497306824,-0.15874162253448365,-0.08773204563943228,-0.12543043089502662
4.565206250001211,0.021362587809562683,0.09374094009399414,-0.08751189708709717,0.46204906702041626,0.4918716847896576,0.3138447701931,-0.15346370650190522,-0.0846711361734671,-0.121559189214061
4.57526125000004,0.010732203722000122,0.12890303134918213,-0.09855517745018005,0.6268971562385559,0.46898022294044495,0.28080639243125916,-0.14847814498821937,-0.07965099587912877,-0.11785065361851953
4.585317249999207,0.018404677510261536,0.09815287590026855,-0.08086389303207397,0.7421099543571472,0.46534672379493713,0.2665371000766754,-0.1435056592699212,-0.07324640383416234,-0.1141401043711417
4.595373249998374,0.027664080262184143,0.059033751487731934,-0.041327714920043945,0.73869788646698,0.5047159790992737,0.26799944043159485,-0.13833874782834482,-0.06614148492397913,-0.11037786927887515
4.605428250004479,0.021621525287628174,0.011133551597595215,0.03625190258026123,0.5025856494903564,0.5873475670814514,0.28443244099617004,-0.13250446529095497,-0.06024429834752221,-0.10673953473841513
4.615484250003647,0.02060927450656891,-0.06270259618759155,0.0815553069114685,0.12854494154453278,0.6275080442428589,0.30572786927223206,-0.12607906291397253,-0.05754371981275032,-0.10334185565810994
4.6255392500024755,0.028071433305740356,-0.10182875394821167,0.07631522417068481,-0.05978364869952202,0.5540238618850708,0.28107285499572754,-0.11970107444636625,-0.05776476023095617,-0.10027929920950378
4.635595250001643,0.0306759774684906,-0.03667283058166504,-0.0018311142921447754,-0.004658077377825975,0.4800623059272766,0.2501450181007385,-0.11442486468578325,-0.058484972809748285,-0.09767636533530721
4.645650250000472,0.0045003741979599,0.05821305513381958,-0.08553639054298401,0.058286622166633606,0.4147687554359436,0.18645739555358887,-0.10984410545521976,-0.05838409081666518,-0.09547880145625845
4.655706249999639,-0.03108268976211548,0.054831743240356445,-0.10489481687545776,0.016643572598695755,0.35556483268737793,0.1401386260986328,-0.10582116553527224,-0.05815242960127979,-0.09379538590536368
4.665761249998468,-0.02987000346183777,0.02507472038269043,-0.09339207410812378,-0.028876952826976776,0.28294920921325684,0.11519678682088852,-0.1026379128537958,-0.05837688863948087,-0.09256218646154676
4.675817250004911,-0.01861289143562317,0.018645942211151123,-0.07131564617156982,0.004731607623398304,0.25909581780433655,0.12181980162858963,-0.0998862526264285,-0.05866440645110262,-0.09140750785894314
4.68587225000374,-0.022714614868164062,0.01123356819152832,-0.04902768135070801,0.07961845397949219,0.2732558250427246,0.1536676436662674,-0.0970373335594478,-0.058445185838311285,-0.08994976568318018
4.695928250002908,-0.01691490411758423,0.002618134021759033,-0.018353044986724854,0.14574366807937622,0.3336864113807678,0.20110121369361877,-0.09347883649939508,-0.057553335322436325,-0.08788674957108437
4.7059832500017365,0.00022752583026885986,-0.004353582859039307,0.02699694037437439,0.23060140013694763,0.4074661135673523,0.25255143642425537,-0.08953227868800853,-0.055908035876346,-0.08539500074740959
4.716039250000904,0.016892269253730774,-0.01277315616607666,0.06539911031723022,0.25001609325408936,0.5031319260597229,0.2951708137989044,-0.0847102131020748,-0.05367691250925622,-0.08236836617093612
4.726095250000071,0.01667778193950653,-0.04159754514694214,0.12451672554016113,0.13958844542503357,0.5906988978385925,0.33046817779541016,-0.07893653705151403,-0.05198276018288134,-0.07902979132852846
4.7361502499989,0.028886660933494568,-0.06076258420944214,0.1572427749633789,0.03530384972691536,0.6764851808547974,0.3764479160308838,-0.07212520139512367,-0.05145448648981139,-0.0752915948284685
4.7462062499980675,0.03766094148159027,-0.07772207260131836,0.16680356860160828,-0.05425332486629486,0.7057052850723267,0.39417538046836853,-0.064864857505755,-0.05187908668217337,-0.07138351111765091
4.756261250004172,0.04941342771053314,-0.06514382362365723,0.12480542063713074,-0.07604490965604782,0.7127456068992615,0.40753886103630066,-0.05747425540687285,-0.05284302212566808,-0.06737711623339795
4.76631725000334,0.05764259397983551,-0.027829647064208984,0.07468926906585693,-0.08125866949558258,0.6980081796646118,0.40067771077156067,-0.04988830647516875,-0.05391417993116172,-0.06322613693718569
4.776372250002169,0.04185302555561066,-0.03013056516647339,0.036077916622161865,-0.09569912403821945,0.6590860486030579,0.38193678855895996,-0.042640519797378096,-0.05504955748555446,-0.059243440829940805
4.786428250001336,0.03529120981693268,-0.028008997440338135,-0.025254368782043457,-0.07441917806863785,0.5862154960632324,0.3499656021595001,-0.035994874245093726,-0.05610170799105635,-0.05551907172965594
4.79648512499989,0.036295294761657715,0.0015908479690551758,-0.10015672445297241,-0.06296732276678085,0.4851312041282654,0.2921372056007385,-0.03051253765339144,-0.05687364617600539,-0.05234709348070301
4.8065411249990575,0.017913982272148132,0.016221046447753906,-0.13369372487068176,-0.0926269069314003,0.38363268971443176,0.218091681599617,-0.02596017354170346,-0.05770319146841439,-0.049779403149269257
4.816596125005162,-1.3306736946105957e-05,0.02424454689025879,-0.1371195912361145,-0.14996743202209473,0.30761247873306274,0.18173767626285553,-0.022495929771458124,-0.05895450602937605,-0.047878605639120414
4.82665212500433,-0.023196369409561157,0.003911793231964111,-0.09780633449554443,-0.17874425649642944,0.2506968677043915,0.15765485167503357,-0.01947740324208128,-0.06067800425990481,-0.0461385683679977
4.836708125003497,-0.04973948001861572,-0.030974864959716797,-0.06449854373931885,-0.19473333656787872,0.18920421600341797,0.132984921336174,-0.01689567586239335,-0.06271641456979495,-0.04461995343010095
4.846763125002326,-0.03682275116443634,0.039732158184051514,-0.09475269913673401,-0.12090523540973663,0.14024293422698975,0.1532767415046692,-0.015008882593587326,-0.06439877806891774,-0.043133962539528774
4.856819125001493,-0.02414354681968689,0.06606197357177734,-0.14061713218688965,-0.08312590420246124,0.12328232079744339,0.1763399839401245,-0.013301722202124167,-0.06546801225000899,-0.041358435993450446
4.866874125000322,-0.03366655111312866,0.02044767141342163,-0.12796151638031006,-0.08957403898239136,0.121358722448349,0.19742998480796814,-0.011719500431477087,-0.06642240436188893,-0.03938616887332956
4.87693012499949,-0.027406081557273865,0.008684813976287842,-0.09011977910995483,-0.07134469598531723,0.11149144172668457,0.21719729900360107,-0.010432120408406891,-0.0673099081296957,-0.037318476836344816
4.8869851249983185,-0.012740746140480042,0.0417059063911438,-0.0937362015247345,-0.014665881171822548,0.11398762464523315,0.22290274500846863,-0.009320652123912395,-0.0677709684760177,-0.0351728974207152
4.897041125004762,-0.008210763335227966,0.06108278036117554,-0.09757012128829956,0.0651668980717659,0.09831918030977249,0.2131880670785904,-0.00829955122125651,-0.06753645128272416,-0.03305846961021022
4.907096125003591,-0.013743460178375244,0.05752134323120117,-0.06483912467956543,0.13034234941005707,0.07793241739273071,0.17419135570526123,-0.007310916120611813,-0.06655766713160453,-0.03109554640738056
4.917152125002758,-0.015614911913871765,0.058489203453063965,-0.0530640184879303,0.16771873831748962,0.05217459052801132,0.11816402524709702,-0.006547618875172601,-0.06505502275293822,-0.02959469546126657
4.927207125001587,-0.003474324941635132,0.08533167839050293,-0.05676180124282837,0.12299922108650208,0.02399248629808426,0.06789712607860565,-0.0060767749697237606,-0.06355754794457844,-0.028627419733228427
4.937263125000754,0.003701314330101013,0.07962793111801147,-0.04431942105293274,0.037359949201345444,-0.0135455671697855,0.03630564734339714,-0.006074010497514331,-0.06273479682486298,-0.02814676470947383
4.947318124999583,0.006568431854248047,0.04595977067947388,-0.030596524477005005,0.0022660084068775177,-0.05191998928785324,0.00636189104989171,-0.006438899040138627,-0.06259987358614141,-0.02795898528757633
4.957374124998751,0.00899563729763031,0.04911071062088013,-0.026463031768798828,0.03132642060518265,-0.07214643061161041,-0.01137556042522192,-0.007057990413933709,-0.062465211435287896,-0.027968923371685137
4.967430125005194,0.002671465277671814,0.057512521743774414,-0.017186641693115234,0.0321577750146389,-0.07899314910173416,-0.023845918476581573,-0.007728370834392826,-0.06193237979125779,-0.028154817900422145
4.977485125004023,-0.004917040467262268,0.027544736862182617,0.008896052837371826,0.007563479710370302,-0.08069384843111038,-0.031203167513012886,-0.008461329684893744,-0.06153464910748081,-0.02842067440445478
4.98754112500319,-0.0030512064695358276,0.009662270545959473,0.02510136365890503,0.014203228987753391,-0.08024337142705917,-0.03590276837348938,-0.009155091326167564,-0.06135190034508049,-0.02871363937861666
4.997596125002019,0.0003709942102432251,0.021090328693389893,0.022544562816619873,0.036768458783626556,-0.07407975196838379,-0.050676390528678894,-0.009948713123086326,-0.060993329089459855,-0.029164379507405025
5.0076521250011865,-0.006649911403656006,0.022099554538726807,0.017572104930877686,0.054067421704530716,-0.06267702579498291,-0.0694953203201294,-0.010784918593781454,-0.060412463419081165,-0.029822789229897954
5.017707125000015,-0.013723790645599365,0.005501270294189453,0.025907516479492188,0.0344575010240078,-0.05995900556445122,-0.0847746729850769,-0.0113035421918868,-0.05986370856552616,-0.030498211774631925
5.027763124999183,-0.016475260257720947,-0.007165193557739258,0.029354572296142578,-0.010657425038516521,-0.06816500425338745,-0.09814251959323883,-0.011887727020872811,-0.05968210958271063,-0.03135952498169695
5.037818125005288,-0.010807618498802185,-0.010888874530792236,0.010842859745025635,-0.0369151271879673,-0.07577338814735413,-0.0913272276520729,-0.01261782734478109,-0.05986622399829093,-0.03225252648308204
5.047874125004455,-0.0066134631633758545,-0.013169050216674805,-0.004472523927688599,-0.033327095210552216,-0.07785158604383469,-0.0777985006570816,-0.013440319392633923,-0.060127452530211296,-0.03309582751832139
5.057929125003284,-0.008070424199104309,-0.018161475658416748,0.003248453140258789,-0.02444092556834221,-0.06703116744756699,-0.06560788303613663,-0.014139120913154701,-0.06041404256608626,-0.03379699525326205
5.067985125002451,-0.0033908486366271973,-0.01779019832611084,0.00955343246459961,-0.0062662274576723576,-0.056451089680194855,-0.04992726445198059,-0.014676556997926943,-0.06064004981601593,-0.034313486970869334
5.078041125001619,0.004790768027305603,-0.010976254940032959,0.009636610746383667,0.020596280694007874,-0.04154857248067856,-0.04576874151825905,-0.01523399737211985,-0.06058679280809774,-0.03479387548444939
5.0880961250004475,0.010688617825508118,-0.006907105445861816,0.007239341735839844,0.029466381296515465,-0.031606193631887436,-0.03914061561226845,-0.01566706815132091,-0.060326749986071945,-0.03523806770767122
5.098152124999615,0.013006985187530518,-0.005102276802062988,0.005921900272369385,0.029845882207155228,-0.030468225479125977,-0.04362031817436218,-0.0158710794588089,-0.06014327517994972,-0.0356385283892657
5.108207124998444,0.014544963836669922,-0.004758477210998535,0.0013707876205444336,0.040725916624069214,-0.03665141761302948,-0.049354661256074905,-0.01633208846584563,-0.059930238313184475,-0.03623235796959413
5.118263125004887,0.013341426849365234,-0.00016391277313232422,-0.006693840026855469,0.05568622425198555,-0.04423210769891739,-0.05130302906036377,-0.01674116996708148,-0.05952701667145172,-0.03678902289865527
5.128318125003716,0.005003541707992554,-0.009719371795654297,-0.004462748765945435,0.01842384971678257,-0.049409426748752594,-0.05796830728650093,-0.017167076142599682,-0.059141536813658746,-0.037360511675164805
5.138374125002883,-0.000506177544593811,-0.019194185733795166,0.0033802390098571777,-0.03946102038025856,-0.06035049259662628,-0.054262518882751465,-0.017694316507096332,-0.059352367554387025,-0.03797593428757088
5.148429125001712,0.004229694604873657,-0.019467651844024658,-0.0035813748836517334,-0.061906054615974426,-0.06901002675294876,-0.042900729924440384,-0.018485159769207737,-0.059996655742606715,-0.038541645756489475
5.15848512500088,0.006331399083137512,-0.012031078338623047,-0.010519862174987793,-0.028569668531417847,-0.07261887192726135,-0.02884536422789097,-0.01935711238332927,-0.06056854216184123,-0.03893418653042289
5.1685401249997085,0.003997504711151123,0.002904057502746582,-0.0201340913772583,0.021714497357606888,-0.07094255089759827,-0.024767667055130005,-0.020175187639804637,-0.06063150645208694,-0.03913353615571636
5.178596124998876,0.004345208406448364,0.0050040483474731445,-0.01651802659034729,0.03586706891655922,-0.07943935692310333,-0.029896648600697517,-0.020873328573119337,-0.060375096244646376,-0.03926911553905032
5.188651125004981,0.007185742259025574,0.008352279663085938,-0.01714986562728882,0.05382991209626198,-0.08300293982028961,-0.027111565694212914,-0.0216327327957691,-0.059962514247417546,-0.03940131459432978
5.198707125004148,0.009087607264518738,0.013596594333648682,-0.01668226718902588,0.06909701228141785,-0.08268255740404129,-0.03363924100995064,-0.02255927685200003,-0.05926500254452383,-0.03960876027155688
5.2087631250033155,0.006412029266357422,0.010949254035949707,-0.012587815523147583,0.08450082689523697,-0.0787472054362297,-0.03491761162877083,-0.023471204365808712,-0.05847205233188547,-0.039939025658588145
5.218818125002144,0.00980578362941742,0.008999884128570557,-0.006818592548370361,0.07294031232595444,-0.07793307304382324,-0.0407739020884037,-0.024253133325800834,-0.057721515864836245,-0.04032354617963608
5.228874125001312,0.010523855686187744,0.007139325141906738,0.001215219497680664,0.04736389219760895,-0.08162328600883484,-0.04097265377640724,-0.025099256672092504,-0.05717238538431085,-0.040750982134839055
5.238929125000141,0.0159759521484375,0.004833340644836426,-0.00015547871589660645,0.05812732130289078,-0.09195395559072495,-0.038947053253650665,-0.026179636951715612,-0.05660530748290539,-0.041201878026614784
5.248985124999308,0.013107970356941223,0.008442044258117676,0.002787292003631592,0.07408369332551956,-0.10391008853912354,-0.04521062225103378,-0.027303899844244334,-0.055798365567487844,-0.041643797837060646
5.259040124998137,0.007354646921157837,0.01596236228942871,-0.003077268600463867,0.10344851016998291,-0.11480242013931274,-0.044506218284368515,-0.028483490773526826,-0.05478216207073577,-0.04206805125992504
5.26909612500458,0.01187993586063385,0.02141016721725464,-0.013993978500366211,0.14773191511631012,-0.12974567711353302,-0.05443708971142769,-0.029830121211539478,-0.05341700116634113,-0.042513956934533095
5.279151125003409,0.01613718271255493,0.027554035186767578,-0.03653371334075928,0.24901483952999115,-0.15001872181892395,-0.058520250022411346,-0.03140268539966524,-0.05124658112304447,-0.04300477853095804
5.2892071250025765,0.022347375750541687,0.04595845937728882,-0.056567609310150146,0.36609330773353577,-0.16730836033821106,-0.07270214706659317,-0.033162982071635316,-0.04799324333544763,-0.043519051827128605
5.299262125001405,0.01834544539451599,0.0454750657081604,-0.044175535440444946,0.3898055851459503,-0.1911255419254303,-0.09131178259849548,-0.034946143828348604,-0.04411252296508235,-0.044089351355027874
5.309318125000573,0.014618679881095886,0.030415832996368408,-0.027952373027801514,0.3365669846534729,-0.20203718543052673,-0.09603311121463776,-0.037002750858052914,-0.04047009663842172,-0.04482225679993692
5.31937412499974,0.015602529048919678,0.002598285675048828,-0.02272847294807434,0.2724479138851166,-0.22221516072750092,-0.10722611099481583,-0.03909703082167523,-0.0374941350383084,-0.04557803734212898
5.329429124998569,0.007688254117965698,-0.0016551613807678223,-0.021148383617401123,0.28551211953163147,-0.2509702444076538,-0.11868853867053986,-0.04165137468678041,-0.034799603438880534,-0.04657564649937736
5.339485125005012,0.006896942853927612,0.028380155563354492,-0.05188623070716858,0.33851566910743713,-0.2624620199203491,-0.1269238293170929,-0.044359929621824265,-0.031622164082950856,-0.047634784133001644
5.349540125003841,0.000693008303642273,0.037818312644958496,-0.06235101819038391,0.32434022426605225,-0.2694346010684967,-0.12821991741657257,-0.046925929834957365,-0.028241754084788954,-0.048647250426920245
5.359596125003009,0.00033968687057495117,0.00018393993377685547,-0.0457836389541626,0.2814023494720459,-0.2965676784515381,-0.1455501765012741,-0.04982824357222086,-0.02513689060748367,-0.04988706246964742
5.3696511250018375,0.004957318305969238,0.009965181350708008,-0.027333855628967285,0.2908935546875,-0.3155071437358856,-0.1509593427181244,-0.05310177746228218,-0.022187117213293653,-0.05130187202554784
5.379707125001005,0.009496375918388367,0.023312091827392578,-0.04163694381713867,0.3185576796531677,-0.3239973187446594,-0.14873746037483215,-0.056489872230068815,-0.019006667643817206,-0.05268187926327025
5.389762124999834,0.005217567086219788,0.013626575469970703,-0.03455030918121338,0.2965204119682312,-0.33001911640167236,-0.15192177891731262,-0.059906404523016196,-0.015821822106036033,-0.05405633844461944
5.399818124999001,0.010967418551445007,-0.002307713031768799,-0.02145516872406006,0.2850552201271057,-0.3360069692134857,-0.15542224049568176,-0.06319680309697255,-0.012829715745635578,-0.055360108706020705
5.409873125005106,0.010606318712234497,-0.002507805824279785,0.0077991485595703125,0.2765498161315918,-0.3371145725250244,-0.16336777806282043,-0.06676050528385565,-0.009892828032556828,-0.05685268993215494
5.419929125004273,0.012984588742256165,0.009059548377990723,0.015900641679763794,0.298056423664093,-0.33891648054122925,-0.15623876452445984,-0.07030429262402267,-0.00687885949798464,-0.05828960760084301
5.429985125003441,0.019446656107902527,0.01154714822769165,-0.02918604016304016,0.3837142586708069,-0.37995606660842896,-0.16781963407993317,-0.07410682464039234,-0.0033307039642960575,-0.05969954846280377
5.44004012500227,0.02629651129245758,0.03608345985412598,-0.08155190944671631,0.5303189158439636,-0.42885568737983704,-0.18409261107444763,-0.07827641711362948,0.001400385629628882,-0.06112916610964078
5.450096125001437,0.0191173255443573,0.04799371957778931,-0.11781609058380127,0.6536622047424316,-0.47990262508392334,-0.21864116191864014,-0.0828517286156575,0.007511951622665316,-0.06266062114891646
5.460151125000266,0.010942310094833374,0.05221128463745117,-0.1117563247680664,0.7065797448158264,-0.5253888964653015,-0.2570793628692627,-0.08791281274799223,0.014604656467762753,-0.06445358639054254
5.470207124999433,0.0005674064159393311,0.03693509101867676,-0.0630972683429718,0.4957766532897949,-0.572547972202301,-0.310198038816452,-0.09335814872580644,0.02107658051106871,-0.06671555695902436
5.480262124998262,-0.00010783970355987549,0.008696496486663818,-0.029955744743347168,0.07624196261167526,-0.6535595059394836,-0.3326956331729889,-0.09955507959579778,0.02427206565346258,-0.06973900521950067
5.4903181250047055,0.018631339073181152,-0.04046064615249634,-0.04226201772689819,-0.21185822784900665,-0.7356271147727966,-0.28676512837409973,-0.10649714480460436,0.023802818654984306,-0.07294875299718548
5.500373125003534,0.03678211569786072,-0.03910815715789795,-0.051715850830078125,-0.24592751264572144,-0.7789029479026794,-0.2575550377368927,-0.11414363313326015,0.02165705114346164,-0.07594771431098914
5.510429125002702,0.02604074776172638,-0.002327442169189453,-0.077890545129776,-0.06330962479114532,-0.7732602953910828,-0.23212318122386932,-0.12186577262189636,0.020294746850895388,-0.07856873984068029
5.520484125001531,0.014856725931167603,0.02146327495574951,-0.05037951469421387,0.13229022920131683,-0.7607373595237732,-0.2321881502866745,-0.12936159237240866,0.02095798762408859,-0.08075505580001507
5.530540125000698,0.02418459951877594,0.04131656885147095,-0.034469932317733765,0.20828038454055786,-0.7500507831573486,-0.24300934374332428,-0.1369145295339309,0.02308402239105587,-0.08288821342750716
5.540596124999865,0.047001391649246216,0.04375118017196655,-0.033015161752700806,0.1834554523229599,-0.7641285061836243,-0.25791454315185547,-0.1444948477422126,0.025424904175301067,-0.0851356492839602
5.550651124998694,0.05788487195968628,0.0278933048248291,-0.013714909553527832,0.17163537442684174,-0.7862524390220642,-0.27915775775909424,-0.1522530377223,0.027563657280453045,-0.08754789727941116
5.560707125005138,0.0419178307056427,0.01985245943069458,-0.019441217184066772,0.14284047484397888,-0.7958003878593445,-0.31348907947540283,-0.160164541130222,0.029627846825811627,-0.09025939953715661
5.5707621250039665,0.031640514731407166,0.021293044090270996,-0.04434958100318909,0.02011491358280182,-0.8058426380157471,-0.3519967198371887,-0.16812558059921875,0.031066760610237755,-0.09343932568086846
5.580818125003134,0.021729931235313416,0.01721799373626709,-0.016125917434692383,-0.14532624185085297,-0.8087305426597595,-0.3604256212711334,-0.17626723507879632,0.031069871821785274,-0.097153895016797
5.590873125001963,0.01192118227481842,0.0007097721099853516,0.030138731002807617,-0.20396962761878967,-0.8236827254295349,-0.35247164964675903,-0.18439450700611476,0.029946609730392204,-0.1010447986790129
5.60092912500113,-0.002565249800682068,-0.022779345512390137,0.04118466377258301,-0.11844274401664734,-0.8502941131591797,-0.340036541223526,-0.1926312882866089,0.028923318031741894,-0.10477396114926901
5.610984124999959,0.0035288184881210327,0.006549179553985596,-0.025341778993606567,0.04610314965248108,-0.8673372864723206,-0.3458932042121887,-0.20132065404580432,0.029296859632762823,-0.108251437086007
5.621040124999126,0.015687331557273865,0.06498700380325317,-0.0694495439529419,0.11644335836172104,-0.8933859467506409,-0.3563477098941803,-0.210402372592037,0.030977001953800504,-0.11163777668409403
5.631095125005231,0.02843935787677765,0.06322461366653442,-0.07383710145950317,0.043935999274253845,-0.9189314246177673,-0.36481839418411255,-0.21961702504397962,0.03266507800433697,-0.11509308335035648
5.641151125004399,0.031018078327178955,-0.01286989450454712,-0.030116379261016846,-0.11279715597629547,-0.938092827796936,-0.3832136392593384,-0.22897132649030322,0.03322755466932507,-0.1188790162489722
5.651207125003566,0.03546799719333649,-0.03701186180114746,-0.011079877614974976,-0.2783203423023224,-0.9622852206230164,-0.39196252822875977,-0.23853986863568324,0.03223664885798607,-0.12319224177380125
5.661262125002395,0.048099517822265625,-0.0077345967292785645,-0.012380361557006836,-0.3985055983066559,-0.9647238850593567,-0.3867446184158325,-0.24829921644257882,0.02993600808861033,-0.1278828036293438
5.671318125001562,0.04276987910270691,-0.017656147480010986,-0.02043512463569641,-0.5122835636138916,-0.9678065180778503,-0.38651883602142334,-0.25805117532963334,0.026489619333147887,-0.13287791095923773
5.681373125000391,0.03603929281234741,-0.03453725576400757,-0.02373504638671875,-0.501882016658783,-0.9712380170822144,-0.37259823083877563,-0.2677375256961005,0.022455611021364064,-0.13793216692312243
5.6914291249995586,0.019718438386917114,-0.027405261993408203,0.004797637462615967,-0.34843772649765015,-0.9427860975265503,-0.3572167754173279,-0.2773004319238163,0.019276761531963754,-0.14262592504901273
5.701484124998387,-0.003900691866874695,-0.010936975479125977,0.03539499640464783,-0.22187872231006622,-0.8881753087043762,-0.35106009244918823,-0.28639144390041976,0.017601553995323434,-0.14679369235110204
5.711540125004831,0.005144476890563965,-0.012973785400390625,0.033125847578048706,-0.2781645357608795,-0.8761434555053711,-0.35513943433761597,-0.29516626397045287,0.016307058148442258,-0.15087129691507434
5.72159512500366,0.043059706687927246,-0.029296934604644775,0.01705038547515869,-0.40236663818359375,-0.9069237112998962,-0.34643039107322693,-0.3042645030197775,0.014154507338195618,-0.15532869928252338
5.731651125002827,0.0652613490819931,-0.0363650918006897,-0.013485968112945557,-0.44192126393318176,-0.9441744089126587,-0.3454088866710663,-0.3136431539613194,0.011128339994298032,-0.1599882082154903
5.741706125001656,0.0541142076253891,-0.017957746982574463,-0.03040221333503723,-0.367410808801651,-0.9647976756095886,-0.34296995401382446,-0.3233062316381332,0.008308838200050477,-0.1646140008956156
5.751762125000823,0.025337427854537964,-0.010890543460845947,-0.017326831817626953,-0.25518274307250977,-0.97870272397995,-0.3458413779735565,-0.3331199384879646,0.00648081293925672,-0.16894216460441214
5.761818124999991,0.01028016209602356,-0.005886733531951904,-0.021027803421020508,-0.1315516233444214,-0.9831328988075256,-0.34666162729263306,-0.3429658603118268,0.005816295621008966,-0.1728866537112343
5.7718731249988195,0.022505775094032288,0.019280672073364258,-0.0393679141998291,-0.0969405546784401,-0.9690636992454529,-0.35792842507362366,-0.3529279694781929,0.00611271524532503,-0.17658012720753974
5.781929125005263,0.02356696128845215,0.017877042293548584,0.001022428274154663,-0.2215368151664734,-0.9477485418319702,-0.3698599338531494,-0.3627324112851143,0.0060116072358230915,-0.1806328666197569
5.791984125004092,0.013439729809761047,-0.018007934093475342,0.059221237897872925,-0.3559451997280121,-0.9323400259017944,-0.3599962294101715,-0.3722790960522348,0.004626769236881727,-0.1851606331901083
5.802038750000065,0.0029008686542510986,-0.026902318000793457,0.06309515237808228,-0.4054802656173706,-0.915421187877655,-0.35138994455337524,-0.3816971623468055,0.002371459596352143,-0.18997886905759495
5.812093749998894,0.011392101645469666,0.01920187473297119,0.006625950336456299,-0.32271888852119446,-0.8974633812904358,-0.33306071162223816,-0.3910417512821224,0.000306287505355971,-0.19465134890411354
5.8221497499980615,0.018207520246505737,0.031402587890625,-0.022891640663146973,-0.14924243092536926,-0.8906038999557495,-0.3258451521396637,-0.400153627746458,-0.0006115683950688202,-0.19867902062857673
5.832204750004166,0.0026932507753372192,0.001965820789337158,-0.002263963222503662,0.07272104918956757,-0.8892139792442322,-0.3287244141101837,-0.40920032720576127,0.0003509067243520459,-0.2018965862412022
5.842260750003334,0.0013110190629959106,0.04941260814666748,-0.031444817781448364,0.2484356164932251,-0.8643829226493835,-0.33252954483032227,-0.41811191618112387,0.0032428956894287224,-0.20428661598975953
5.8523157500021625,0.008431896567344666,0.04955333471298218,-0.006292819976806641,0.2076627016067505,-0.8434566259384155,-0.35763227939605713,-0.4269048221795323,0.006971205448724739,-0.20652253339935447
5.86237175000133,-0.003836497664451599,-0.01537168025970459,0.06197309494018555,0.09331482648849487,-0.8435466289520264,-0.36726972460746765,-0.4356083837853315,0.009938659474185199,-0.20932547818288968
5.872427750000497,-0.006305590271949768,-0.009268403053283691,0.0824286937713623,0.031483590602874756,-0.8190510869026184,-0.36727049946784973,-0.4443148819171962,0.012210004941224165,-0.21253322999195376
5.882482749999326,-0.01497611403465271,0.0016553997993469238,0.062125325202941895,-0.011607685126364231,-0.7884092926979065,-0.3715749680995941,-0.45265864625491314,0.01402297434729037,-0.21597193312227847
5.892538749998494,-0.0178748220205307,-0.023319900035858154,0.061848223209381104,-0.051620662212371826,-0.7798207998275757,-0.3883868157863617,-0.4604982246101128,0.015392258643143626,-0.2195815021063262
5.902593750004598,-0.009423226118087769,0.0068705081939697266,0.029603511095046997,-0.05044886842370033,-0.7740382552146912,-0.4006842076778412,-0.4683575612786737,0.016743747124319898,-0.223428608503171
5.912649750003766,-0.005380883812904358,0.04081833362579346,-0.004719734191894531,-0.031913843005895615,-0.7663982510566711,-0.40647804737091064,-0.4762527643937026,0.018316979622226413,-0.22732798824159048
5.922704750002595,-0.018223226070404053,0.011977612972259521,-0.004453778266906738,-0.024957135319709778,-0.7515774965286255,-0.40369024872779846,-0.4839367609034139,0.019974776647262014,-0.2311338053562881
5.932760750001762,-0.02288667857646942,0.005191206932067871,1.3113021850585938e-05,0.04659845307469368,-0.7375613451004028,-0.38759666681289673,-0.49140896850904014,0.021974098011787475,-0.2346140669196536
5.942815750000591,-0.014673411846160889,0.014913558959960938,0.002625763416290283,0.12195925414562225,-0.7210092544555664,-0.38253480195999146,-0.4987343667471054,0.02457605957626924,-0.23764728499386084
5.952871749999758,-0.010335803031921387,-0.003907442092895508,0.01846107840538025,0.10676396638154984,-0.7072033882141113,-0.3923015594482422,-0.5059382569230705,0.027538345021354313,-0.2404672528280537
5.962926749998587,-0.012608721852302551,-0.027039408683776855,0.0542464554309845,-0.03673247992992401,-0.6893514394760132,-0.40724268555641174,-0.5129187522916645,0.029874600687395912,-0.2438263819482229
5.9729827500050305,0.0020577311515808105,-0.014244139194488525,0.06951147317886353,-0.18825262784957886,-0.6769883632659912,-0.4069989323616028,-0.5196121154347733,0.030908327360990438,-0.24792716090746925
5.983038750004198,0.002452269196510315,-0.018621742725372314,0.07212936878204346,-0.2642030715942383,-0.6554191708564758,-0.39042049646377563,-0.5263655162625498,0.03095406347703093,-0.2526589294467711
5.993093750003027,-0.01400497555732727,-0.02742522954940796,0.056097209453582764,-0.19733826816082,-0.6270418167114258,-0.37836942076683044,-0.5326833193489214,0.030847879193612333,-0.2571970310573746
6.003149750002194,-0.021477237343788147,-0.015367865562438965,0.05020415782928467,-0.06620075553655624,-0.602067232131958,-0.36130574345588684,-0.5387645441517335,0.031588394276122596,-0.26109859239144007
6.013204750001023,0.003406047821044922,0.016338706016540527,0.017328917980194092,0.11980107426643372,-0.5719610452651978,-0.3200682997703552,-0.5444832763433518,0.033535357170585096,-0.2638809678718189
6.0232607500001905,0.04379934072494507,0.016775548458099365,0.020999670028686523,0.22890092432498932,-0.543404221534729,-0.3053082823753357,-0.5500607523245765,0.03678134044667137,-0.2655880686500393
6.033315749999019,0.05308794975280762,-0.01573103666305542,0.05390357971191406,0.11800716817378998,-0.5097732543945312,-0.29962587356567383,-0.5554551636482712,0.040036315375482995,-0.2672719877561316
6.043371749998187,0.06333667039871216,-0.030416131019592285,0.07568305730819702,-0.09979839622974396,-0.479932576417923,-0.2806266248226166,-0.5604640538953156,0.04180876362979785,-0.26968987436598957
6.0534267500042915,0.04939182102680206,-0.054063498973846436,0.1204565167427063,-0.44613996148109436,-0.44966694712638855,-0.2824670374393463,-0.5648730030103808,0.040942610444376505,-0.2734994238468879
6.063482750003459,0.01723805069923401,-0.08730626106262207,0.14457136392593384,-0.7580531239509583,-0.43368637561798096,-0.2621527314186096,-0.5690028052010148,0.03723603267615075,-0.27906443239205864
6.073537750002288,0.004582569003105164,-0.0949164628982544,0.13648587465286255,-0.8831546902656555,-0.4246456027030945,-0.23763485252857208,-0.573147986421947,0.031539660834000366,-0.28575716365720083
6.083593750001455,0.004342406988143921,-0.07506382465362549,0.06627890467643738,-0.808022677898407,-0.4190913140773773,-0.21466988325119019,-0.5772629955211334,0.02557291696116244,-0.29231481525227887
6.093649750000623,-0.005792692303657532,-0.07012444734573364,0.027151256799697876,-0.7019782066345215,-0.4067000448703766,-0.20482435822486877,-0.5813660455706826,0.0204114273818489,-0.29824372004909927
6.1037047499994515,-0.007210075855255127,-0.06328046321868896,0.024640321731567383,-0.6438784003257751,-0.3864522874355316,-0.19441992044448853,-0.585320282273572,0.015915808689113048,-0.3036760921804966
6.113760749998619,0.002100914716720581,-0.06512260437011719,0.04059106111526489,-0.7029320001602173,-0.3743620812892914,-0.18371401727199554,-0.5889999334882022,0.011300317509756762,-0.3089674446128986
6.123815750004724,0.004627704620361328,-0.09084457159042358,0.05164074897766113,-0.7485492825508118,-0.3664066791534424,-0.15622887015342712,-0.592613250324839,0.006116871827183105,-0.3144618455841222
6.133871750003891,0.018258869647979736,-0.0727502703666687,0.03758561611175537,-0.7555487751960754,-0.35396265983581543,-0.1321316957473755,-0.5963140812755693,0.0006685515796000927,-0.31996701592090604
6.14392675000272,0.011154770851135254,-0.06330680847167969,0.03512066602706909,-0.7206427454948425,-0.361987829208374,-0.10960189253091812,-0.6000624822635398,-0.004711303841730126,-0.3251913334204442
6.153982750001887,-0.0018419623374938965,-0.06530183553695679,0.017448723316192627,-0.7345882654190063,-0.3704189956188202,-0.09931183606386185,-0.6037235790950877,-0.010105617586133018,-0.330123139011536
6.164037750000716,-0.00976283848285675,-0.06369549036026001,0.011413395404815674,-0.8604492545127869,-0.37969160079956055,-0.11094958335161209,-0.6073533264132103,-0.016199271333851094,-0.3354659513337744
6.174093749999884,-0.024918854236602783,-0.060985684394836426,0.03202927112579346,-0.9171218276023865,-0.4022666811943054,-0.11240249127149582,-0.6113955815569952,-0.0229726302012538,-0.34156668954046404
6.184149749999051,-0.03326095640659332,-0.019881844520568848,0.021054506301879883,-0.8411034941673279,-0.40560388565063477,-0.09990481287240982,-0.6155477935767678,-0.0297138623996547,-0.3475453918783738
6.194204750005156,-0.016959860920906067,0.014050185680389404,-0.022105932235717773,-0.7631682753562927,-0.3978484869003296,-0.08465970307588577,-0.6194831779853893,-0.035935819350394624,-0.3528504906894276
6.204260750004323,0.0012557953596115112,-0.014053523540496826,-0.004771113395690918,-0.6771252751350403,-0.38809308409690857,-0.06598988175392151,-0.6234723308420784,-0.04147895248406139,-0.3576392526693816
6.214315750003152,0.012794330716133118,0.00830090045928955,-0.004899501800537109,-0.6116176247596741,-0.3652210235595703,-0.05641592666506767,-0.6271629129132491,-0.04647473942826856,-0.36174290779721036
6.2243717500023195,0.0018000751733779907,0.010939538478851318,0.037717580795288086,-0.7019237875938416,-0.3373856842517853,-0.06644485890865326,-0.6308042782803155,-0.051482293967710695,-0.3660650906857373
6.234426750001148,-0.020068570971488953,-0.012121438980102539,0.08933252096176147,-0.813581645488739,-0.31861117482185364,-0.08075615763664246,-0.634431780911006,-0.057201183995484066,-0.37119552398670913
6.244482750000316,-0.04889295995235443,-0.003603339195251465,0.10638546943664551,-0.8905823826789856,-0.29091429710388184,-0.10053252428770065,-0.6376715873112732,-0.06365513991402084,-0.3769330958111052
6.254537749999145,-0.035179272294044495,0.04252219200134277,0.06705063581466675,-0.8556462526321411,-0.26217588782310486,-0.10372698307037354,-0.6407323251102919,-0.07021341223796379,-0.3830029788930796
6.264593749998312,-0.008716091513633728,0.052681565284729004,0.020901381969451904,-0.6003369688987732,-0.24153000116348267,-0.09303199499845505,-0.6435665870908597,-0.07568245686894,-0.3882655058959737
6.274648750004417,-0.0035529881715774536,0.06404751539230347,-0.040837883949279785,-0.05911341682076454,-0.20014740526676178,-0.07100583612918854,-0.6459484110684571,-0.07798228058506937,-0.3909669765262206
6.284704750003584,-0.004269778728485107,0.08975666761398315,-0.07782399654388428,0.41325172781944275,-0.1492815613746643,-0.07071954756975174,-0.6475922597489885,-0.07610190029032046,-0.39030424579786216
6.294760750002752,-0.0037119388580322266,0.06700742244720459,-0.03508877754211426,0.5800057053565979,-0.08472160995006561,-0.08457909524440765,-0.6485512455582356,-0.0714340200473175,-0.3877042848833598
6.3048157500015805,-0.011893495917320251,0.038859426975250244,0.05716186761856079,0.3609601557254791,-0.0409696027636528,-0.12204311043024063,-0.6490672905149529,-0.06690088024998855,-0.3856033089126057
6.314871750000748,-0.03654639422893524,-0.02300119400024414,0.11669129133224487,0.02794966660439968,-0.03847675025463104,-0.15177614986896515,-0.6493459074045463,-0.06461718973348544,-0.38551363396731664
6.324926749999577,-0.04498101770877838,-0.007034361362457275,0.07162308692932129,-0.09587826579809189,-0.04875362291932106,-0.14618298411369324,-0.6498670759360635,-0.0641165034006445,-0.3870091688789339
6.334982749998744,-0.03167946636676788,0.0426485538482666,-0.006919562816619873,-0.02507307194173336,-0.06170910224318504,-0.14377133548259735,-0.6505329577001868,-0.06375344083352513,-0.3885650517073412
6.345037750004849,-0.029277846217155457,0.029383063316345215,-0.022801220417022705,0.05160412937402725,-0.07040885090827942,-0.15301357209682465,-0.6513379689487377,-0.06269092434230479,-0.38969303252648163
6.355093750004016,-0.015086963772773743,0.02258002758026123,-0.03619706630706787,0.06312403082847595,-0.06971362978219986,-0.15514694154262543,-0.6521657382483564,-0.06124777519858824,-0.3906053456817296
6.365148750002845,0.013345718383789062,0.008665621280670166,-0.03127866983413696,0.04844415560364723,-0.07325802743434906,-0.13297080993652344,-0.6530140725816385,-0.059850852206493124,-0.3914390819123771
6.375204750002013,0.025867700576782227,-0.007465660572052002,-0.00620192289352417,-0.005548238754272461,-0.07038288563489914,-0.11211729794740677,-0.653699305006251,-0.05896630942448625,-0.39224737296917134
6.38526075000118,0.0158308744430542,-0.04254525899887085,0.027592003345489502,-0.07218532264232635,-0.06566083431243896,-0.11058465391397476,-0.65441893644138,-0.05863309678225383,-0.39334000455144597
6.395315750000009,0.004959657788276672,-0.05280393362045288,0.040341079235076904,-0.1253339797258377,-0.06521967798471451,-0.1198398545384407,-0.6551230100010504,-0.05875592065609998,-0.3948755428893343
6.405371749999176,0.016837909817695618,-0.005208134651184082,0.01708996295928955,-0.1443721204996109,-0.06874144077301025,-0.12215706706047058,-0.6558362702901598,-0.05913968303910057,-0.3966569794289899
6.415426750005281,0.014747440814971924,0.0004474520683288574,-0.010202169418334961,-0.06388962268829346,-0.08064843714237213,-0.12339719384908676,-0.6565372685682174,-0.059364471367130876,-0.3982575475230908
6.4254827500044485,-0.001847580075263977,0.0054076313972473145,-0.04125547409057617,0.09698182344436646,-0.0861356183886528,-0.11462341248989105,-0.6575001680947364,-0.0584669194620757,-0.39910663931738305
6.435537750003277,0.00010026991367340088,0.001651763916015625,-0.05751842260360718,0.17811910808086395,-0.08245433121919632,-0.10852551460266113,-0.6581977653890475,-0.056681958813027816,-0.39901823332717834
6.445593750002445,0.02672150731086731,-0.0061547160148620605,-0.04155391454696655,0.1716119349002838,-0.07437217235565186,-0.09906969964504242,-0.6587709743053785,-0.05473839781388078,-0.39862438008692574
6.455648750001274,0.030371814966201782,-0.011635661125183105,0.02221161127090454,0.15903857350349426,-0.049602773040533066,-0.07969214022159576,-0.6592116418181042,-0.05301856236727967,-0.3982124138329676
6.465704750000441,0.01872144639492035,-0.014449894428253174,0.04398685693740845,0.09230295568704605,-0.02152319997549057,-0.06446338444948196,-0.6593365220758634,-0.05170640925395901,-0.3978371385367548
6.47575974999927,0.0020451098680496216,-0.042023658752441406,0.060623764991760254,-0.030793586745858192,-0.003999067470431328,-0.057517167180776596,-0.6593567477622271,-0.051282226173130586,-0.39815249172208683
6.485815749998437,-0.026798099279403687,-0.04321861267089844,0.07668614387512207,-0.13494262099266052,-0.005671798717230558,-0.055937912315130234,-0.6594026989744021,-0.05169944864953828,-0.3990818395319701
6.495871750004881,-0.027631208300590515,-0.028510451316833496,0.04430806636810303,-0.19215980172157288,-0.02918311581015587,-0.055934906005859375,-0.6594425173788677,-0.052823911650414765,-0.40042671681624065
6.5059267500037095,-0.016214102506637573,-0.02458900213241577,0.0017104744911193848,-0.2001764476299286,-0.052273791283369064,-0.055936235934495926,-0.659800465113263,-0.05409605940835491,-0.4020305446514673
6.515982750002877,0.010393321514129639,-0.0025426745414733887,-0.02979147434234619,-0.123377226293087,-0.06921455264091492,-0.042116906493902206,-0.6604264999915486,-0.05508713852283511,-0.4034080681080692
6.526037750001706,0.019321754574775696,0.006457209587097168,-0.048100411891937256,0.028160899877548218,-0.07491664588451385,-0.02668255940079689,-0.6610920221930793,-0.055311703448933124,-0.40382185813251525
6.536093750000873,0.016819655895233154,0.0040705204010009766,-0.04352307319641113,0.1175767108798027,-0.06383683532476425,-0.014920494519174099,-0.6619299251927586,-0.054548181161566144,-0.4035458157192123
6.546148749999702,0.011714205145835876,-0.0036203861236572266,-0.009246349334716797,0.2293168157339096,-0.03766275569796562,0.00841518770903349,-0.6623921071387986,-0.053272013405034895,-0.4025231176964272
6.556204749998869,-0.007264912128448486,-0.010530591011047363,0.024017512798309326,0.288968950510025,0.010053901001811028,0.006571854464709759,-0.6625190430301594,-0.05121858171298043,-0.40086098665910186
6.566259750004974,-0.013612359762191772,-0.024400055408477783,0.06675463914871216,0.08130498975515366,0.06655419617891312,0.009729831479489803,-0.6620109672671122,-0.049796510400700836,-0.3996610512237487
6.576315750004142,-0.021702200174331665,-0.04998779296875,0.14422786235809326,-0.09696998447179794,0.09310924261808395,0.01861693151295185,-0.6612157127212345,-0.050044715952449095,-0.39971633852503546
6.586371750003309,-0.042033836245536804,-0.04619896411895752,0.12432944774627686,-0.13181264698505402,0.08281772583723068,0.014112195000052452,-0.6603198468173106,-0.05109516143460842,-0.40033671746269756
6.596426750002138,-0.01669783890247345,-0.02695709466934204,0.01814216375350952,-0.11522528529167175,0.04558206722140312,-0.0007199868559837341,-0.6598551935225775,-0.05205334011935304,-0.4011179150796752
6.606482750001305,0.014663398265838623,0.010874629020690918,-0.04819601774215698,-0.04050764441490173,0.0012683991808444262,-0.019506191834807396,-0.6597421348325435,-0.05254717579488802,-0.40171305532992424
6.616537750000134,0.014728546142578125,0.03170657157897949,-0.05954158306121826,0.027500612661242485,-0.03908141702413559,-0.02877974323928356,-0.6601141020956568,-0.05234874496641375,-0.4020111890093937
6.6265937499993015,0.013820067048072815,0.01755666732788086,-0.05571484565734863,0.09794175624847412,-0.056327782571315765,-0.025618039071559906,-0.6607288350954471,-0.05161005733825455,-0.40190445090927057
6.63664874999813,0.015943408012390137,0.0019132494926452637,-0.03511404991149902,0.10687541961669922,-0.03505099192261696,-0.011571142822504044,-0.6613578317358948,-0.05056755964230726,-0.40150660008595285
6.646704750004574,0.024078592658042908,-0.01642221212387085,0.003682851791381836,0.038607414811849594,0.001704358495771885,0.01974763162434101,-0.6616674039787744,-0.0499161250540268,-0.4011249145553505
6.656759750003403,0.028293266892433167,-0.02127218246459961,0.04574477672576904,-0.05544407293200493,0.05416756495833397,0.060805052518844604,-0.6613778909811951,-0.05030493657572006,-0.40093953669596827
6.66681575000257,0.02103486657142639,-0.03691661357879639,0.05344635248184204,-0.06843896210193634,0.10814238339662552,0.09305033832788467,-0.6605321543656468,-0.05137744657248157,-0.4008189918590835
6.676870750001399,0.014647617936134338,-0.0332716703414917,0.033593177795410156,-0.004832026083022356,0.13076567649841309,0.10545944422483444,-0.6593463373666538,-0.05229546917991519,-0.4003169525857002
6.686926750000566,-0.018099069595336914,-0.02028423547744751,0.01743239164352417,0.032916150987148285,0.11723708361387253,0.06409868597984314,-0.6581781789754785,-0.052582343718764274,-0.3995412201945892
6.696982749999734,-0.03315071761608124,0.02032029628753662,-0.014389634132385254,0.05188269540667534,0.06907261162996292,0.017591722309589386,-0.657215361773091,-0.05244679943835103,-0.3989177434317456
6.7070377499985625,-0.028789818286895752,0.055267333984375,-0.0533299446105957,0.05984501540660858,0.021632660180330276,-0.031141728162765503,-0.6566946230345215,-0.05194033015167322,-0.3985749255956957
6.717093750005006,-0.028636306524276733,0.07837063074111938,-0.06703490018844604,0.06514768302440643,-0.02771291881799698,-0.05344913899898529,-0.6566252959923069,-0.051194470714918325,-0.3984544098988545
6.727148750003835,-0.02304026484489441,0.050678253173828125,-0.041018784046173096,-0.002121638273820281,-0.05877043679356575,-0.06098215654492378,-0.6570855248238374,-0.0505854531466707,-0.39870362020040445
6.737204750003002,-0.006593450903892517,0.0026746392250061035,-0.00696408748626709,-0.008955620229244232,-0.04387630894780159,-0.02403087541460991,-0.6575892170438593,-0.05049680219484492,-0.3990983888638258
6.747259750001831,0.015422657132148743,-0.00631868839263916,0.01882338523864746,0.017184637486934662,0.01959933713078499,0.03360525518655777,-0.6577863488721939,-0.05060130340235427,-0.3990961969899615
6.757315750000998,0.02317081391811371,-0.042994022369384766,0.07812690734863281,0.05981558933854103,0.11640217900276184,0.10890589654445648,-0.6570503831014436,-0.050837118307902274,-0.3983074254884411
6.767370749999827,0.029533639550209045,-0.05491316318511963,0.12198573350906372,0.10160990804433823,0.22182980179786682,0.17908231914043427,-0.6552445236380672,-0.051094835551461916,-0.39667647652500765
6.777426749998995,0.03034105896949768,-0.07388246059417725,0.13511067628860474,0.1223602294921875,0.30801594257354736,0.23056146502494812,-0.6524867999648071,-0.051405020686984736,-0.39438273546612446
6.787482749998162,0.0031514763832092285,-0.08109861612319946,0.13318216800689697,0.18382306396961212,0.35059988498687744,0.23288613557815552,-0.6489319754471272,-0.05162244075393715,-0.39154841641204685
6.797538416671159,-0.03205198049545288,-0.055629730224609375,0.11350518465042114,0.26190730929374695,0.35248756408691406,0.19212698936462402,-0.6451799568102418,-0.05108262061374421,-0.38842284425389756
6.807594416670327,-0.03120894730091095,-0.012791872024536133,0.03769087791442871,0.3118325173854828,0.3169945478439331,0.14756351709365845,-0.6416039823766739,-0.04977156772018755,-0.38528190720163324
6.8176494166691555,-0.03282646834850311,0.004783511161804199,-0.003130495548248291,0.28281426429748535,0.2634548842906952,0.08873098343610764,-0.6386440001374395,-0.047994884587893465,-0.38255928419181556
6.827705416668323,-0.032737672328948975,0.00590825080871582,-0.01358330249786377,0.2077520191669464,0.2117418795824051,0.05845457315444946,-0.6361077633488706,-0.04649982071360988,-0.3804716192596672
6.837760416667152,-0.006682842969894409,0.0028246045112609863,-0.010881423950195312,0.10197697579860687,0.1685335487127304,0.06295188516378403,-0.63411116560485,-0.04566163106748754,-0.3790541494174588
6.847816416666319,0.005973637104034424,-0.03202784061431885,0.0025028586387634277,-0.014525932259857655,0.15554530918598175,0.10077276080846786,-0.6324027760037219,-0.04590762170578781,-0.3781796565280484
6.857871416665148,0.010908305644989014,-0.053632259368896484,0.007901370525360107,-0.06883689016103745,0.16676001250743866,0.1503395438194275,-0.630646063115155,-0.047195259664324675,-0.3774269689726544
6.867927416671591,0.00558607280254364,-0.056963562965393066,0.011280477046966553,-0.059914231300354004,0.1941993683576584,0.19794034957885742,-0.6286546123675151,-0.048962022319944794,-0.37641354447536707
6.87798241667042,-0.006100296974182129,-0.05458486080169678,0.02690643072128296,-0.025212487205863,0.23372453451156616,0.22329792380332947,-0.6264013634668701,-0.050648697313038615,-0.3750008093603615
6.888038416669588,-0.02497747540473938,-0.041831374168395996,0.030155062675476074,0.010662954300642014,0.2522108852863312,0.22049015760421753,-0.6238639264871024,-0.05202846221331408,-0.3732382429844577
6.898094416668755,-0.03283977508544922,-0.00837552547454834,0.02555638551712036,0.018414396792650223,0.26963499188423157,0.18653057515621185,-0.6211434975561129,-0.053056810500742554,-0.37146010693043696
6.908149416667584,-0.04048450291156769,0.0032320022583007812,0.038755595684051514,-0.029830629006028175,0.25923722982406616,0.14153406023979187,-0.6184092831504244,-0.054049423552988245,-0.3701491745093247
6.918205416666751,-0.025967806577682495,0.026052117347717285,0.016632556915283203,-0.07940386235713959,0.2382962703704834,0.10873111337423325,-0.6157438990798084,-0.05529710733549652,-0.36941491260731046
6.92826041666558,-0.0137958824634552,0.033648788928985596,-0.011998295783996582,-0.08496508002281189,0.21236667037010193,0.0958360880613327,-0.613406136989019,-0.056612787297829044,-0.3690334787707791
6.9383164166647475,-0.008105799555778503,0.017265677452087402,-0.021189451217651367,-0.08143647760152817,0.20759239792823792,0.09678608924150467,-0.6112822519575786,-0.05784673417475307,-0.3687361726251999
6.948371416670852,0.0024804025888442993,0.012132048606872559,-0.01003110408782959,-0.046581026166677475,0.23435983061790466,0.1269724816083908,-0.6089865691363026,-0.05906501515238113,-0.3681874159999978
6.95842741667002,0.012792333960533142,-0.002741575241088867,0.012723386287689209,0.03171493113040924,0.28689441084861755,0.16837266087532043,-0.6061809815796632,-0.060042220102122366,-0.3669568255849504
6.968482416668849,0.019568443298339844,-0.011980831623077393,0.02934110164642334,0.14045073091983795,0.3579462170600891,0.21488770842552185,-0.6027984444277528,-0.06042954125932428,-0.3648614951101389
6.978538416668016,0.01776324212551117,-0.017625033855438232,0.07058900594711304,0.24689514935016632,0.42385947704315186,0.2520744800567627,-0.5986116075393062,-0.06014680200553045,-0.3617704156693985
6.988594416667183,-0.008825033903121948,-0.05326956510543823,0.12610524892807007,0.28280600905418396,0.49302202463150024,0.25802505016326904,-0.5936869013485176,-0.05935667556702468,-0.358047437766711
6.998649416666012,-0.015564292669296265,-0.03618890047073364,0.13556796312332153,0.22024871408939362,0.5356190204620361,0.24687039852142334,-0.588011405891774,-0.058767277915319625,-0.35437215842691583
7.00870541666518,-0.011214420199394226,-0.028004586696624756,0.13219547271728516,0.08743607252836227,0.5430034399032593,0.22576697170734406,-0.5822779823901578,-0.05887161397773914,-0.3514696477509064
7.0187604166712845,-0.021893784403800964,-0.052740633487701416,0.1182476282119751,0.012038788758218288,0.5465099811553955,0.22145633399486542,-0.5765394787289533,-0.05980592070995948,-0.3492811309667821
7.028816416670452,-0.023323535919189453,-0.051565468311309814,0.09986978769302368,-0.04303644970059395,0.5831732153892517,0.24007156491279602,-0.5706057179562172,-0.061250886183985165,-0.34735299342248727
7.038871416669281,-0.01609446108341217,-0.09726709127426147,0.1386851668357849,-0.1480003148317337,0.6528119444847107,0.2946665585041046,-0.5642647112209128,-0.0635216454799917,-0.34559371232251146
7.048927416668448,0.0067429691553115845,-0.1463489532470703,0.19852447509765625,-0.16748321056365967,0.7671262621879578,0.3921512961387634,-0.5567635066067668,-0.06688235209083236,-0.3434474821308755
7.058982416667277,0.04535283148288727,-0.12797266244888306,0.16062378883361816,-0.09974224865436554,0.8279252052307129,0.4684751629829407,-0.5485024845107006,-0.07036200533040056,-0.34047686402452715
7.069038416666444,0.043276622891426086,-0.10798472166061401,0.10109704732894897,0.026047902181744576,0.8295363783836365,0.4661683440208435,-0.5397934865842107,-0.07321857973358005,-0.33658066060540726
7.079094416665612,-0.012518614530563354,-0.08275860548019409,0.061792731285095215,0.17584870755672455,0.8057776689529419,0.42573148012161255,-0.5309661587789013,-0.07484165061271199,-0.33208073950148864
7.089149416671717,-0.011822149157524109,0.013386428356170654,-0.0023519396781921387,0.3500111997127533,0.7591071128845215,0.39599913358688354,-0.5224676060795325,-0.07474773739520199,-0.3270291327526445
7.099205416670884,-0.009987220168113708,0.02062690258026123,-0.02843111753463745,0.48163941502571106,0.736986517906189,0.3837449848651886,-0.5140980694925305,-0.07330167469466807,-0.3213343561704673
7.109260416669713,-0.01580105721950531,-0.015222430229187012,0.0016036033630371094,0.6044222712516785,0.763052225112915,0.4238159656524658,-0.5059366583045067,-0.07058643841472556,-0.31501310289346435
7.11931641666888,-0.0027916133403778076,-0.03682130575180054,0.08002185821533203,0.44411271810531616,0.8928709030151367,0.4908260107040405,-0.49694251029922043,-0.06805976671198326,-0.3082100657925362
7.129371416667709,0.017533987760543823,-0.15175920724868774,0.24960541725158691,-0.0013047135435044765,1.0514403581619263,0.574684202671051,-0.4864514495726618,-0.06871546045256197,-0.302265474356262
7.1394274166668765,0.06780026853084564,-0.13845932483673096,0.2506462335586548,-0.20756769180297852,1.107580542564392,0.6681638956069946,-0.47499936819069416,-0.07291777808673973,-0.29721213364480137
7.149482416665705,0.05925785005092621,-0.07135313749313354,0.12272900342941284,-0.07812768220901489,1.124181866645813,0.686731219291687,-0.4631825126654632,-0.07749280194227273,-0.2917106111275296
7.159538416664873,0.013846725225448608,-0.004579782485961914,-0.031301677227020264,0.10278063267469406,1.088293433189392,0.6314199566841125,-0.45133120051073267,-0.0804357970932234,-0.285572490104322
7.169594416671316,0.008138656616210938,0.08027583360671997,-0.11670738458633423,0.27104100584983826,1.011857032775879,0.5438642501831055,-0.4400100605073391,-0.08137000349657025,-0.2792593651228017
7.179649416670145,-0.018555432558059692,0.09633952379226685,-0.11290198564529419,0.37542012333869934,0.9564961791038513,0.47525644302368164,-0.4294701665682106,-0.08062773981683526,-0.2731704125127415
7.189705416669312,-0.04229144752025604,0.06958401203155518,-0.0656093955039978,0.3526916205883026,0.9463682174682617,0.4509947896003723,-0.4194457229839854,-0.07907368338112773,-0.2673716404699621
7.199760416668141,-0.01957133412361145,0.017724037170410156,0.004386484622955322,0.08308348804712296,0.9803277850151062,0.4804564118385315,-0.4091601135710355,-0.07890783007464608,-0.2620722528000863
7.209816416667309,0.007531598210334778,-0.0989028811454773,0.09642517566680908,-0.23129761219024658,1.0157244205474854,0.537124752998352,-0.398628601637726,-0.08176708212858255,-0.2576623649425126
7.2198714166661375,0.03304299712181091,-0.07443273067474365,0.08890509605407715,-0.224854975938797,1.0454407930374146,0.6082123517990112,-0.38779077404098283,-0.08634420911257126,-0.25323810155817583
7.229927416665305,0.045068323612213135,-0.016306698322296143,-0.025001347064971924,-0.08536313474178314,1.0480115413665771,0.6301487684249878,-0.37658686377736983,-0.0902345204406526,-0.24796482434286604
7.23998241667141,0.07337276637554169,0.048878014087677,-0.1297014355659485,0.18087854981422424,0.9212241172790527,0.5426557064056396,-0.3663251652417079,-0.09197893971489178,-0.2423631375976367
7.250038416670577,0.03769020736217499,0.11284947395324707,-0.1655505895614624,0.5080558657646179,0.8252571225166321,0.44087958335876465,-0.35699823449269874,-0.09056060558102141,-0.23646945002441508
7.2600944166697445,-0.00035884976387023926,0.20319104194641113,-0.20276445150375366,0.7476014494895935,0.7722363471984863,0.3578794598579407,-0.34840612296715323,-0.0859222701754274,-0.23048423780955435
7.270149416668573,0.002661779522895813,0.1567091941833496,-0.14869672060012817,0.811822235584259,0.7359777092933655,0.31850677728652954,-0.34023965030549663,-0.07960657418089702,-0.22450803591591145
7.280205416667741,-0.00930081307888031,0.048579633235931396,-0.02434062957763672,0.5834187269210815,0.7632394433021545,0.27915599942207336,-0.3321096021020806,-0.07390916312582713,-0.21918887212420546
7.29026041666657,0.0008084475994110107,0.0004094839096069336,0.09160515666007996,0.14709283411502838,0.8298624157905579,0.3065183758735657,-0.3235036307204424,-0.07142472960139339,-0.21508953689834273
7.300316416665737,0.04533867537975311,-0.04191124439239502,0.1600733995437622,-0.14857396483421326,0.8792669177055359,0.396651029586792,-0.31464713128812166,-0.07270719212042269,-0.2117751124950944
7.310371416671842,0.09709937870502472,-0.043764710426330566,0.029622703790664673,-0.11806026846170425,0.8750162720680237,0.4519587755203247,-0.30534219421189157,-0.07556529021555547,-0.20804371711848255
7.320427416671009,0.10862681269645691,0.011005997657775879,-0.06163758039474487,0.0533367358148098,0.8264877796173096,0.42855244874954224,-0.2962361037782053,-0.07731147884250786,-0.20377691605388085
7.330482416669838,0.05150964856147766,0.024426639080047607,-0.08018320798873901,0.17902515828609467,0.8015302419662476,0.3867967426776886,-0.28757411851126774,-0.07742250555828582,-0.19944631471901078
7.3405384166690055,0.036048099398612976,0.0832904577255249,-0.10441738367080688,0.3249471187591553,0.7629601955413818,0.34496769309043884,-0.2794051682926091,-0.07602741851607596,-0.19523225505272881
7.350594416668173,0.03506040573120117,0.08610928058624268,-0.11655187606811523,0.4812498986721039,0.7376697659492493,0.32797539234161377,-0.271657372010073,-0.07299707264233678,-0.19093636770555797
7.360649416667002,0.03554984927177429,0.06014060974121094,-0.09857314825057983,0.5367783308029175,0.771177351474762,0.3491672873497009,-0.26386902923364636,-0.068849421282137,-0.18632917146049066
7.370705416666169,0.009465739130973816,-0.052156031131744385,0.04316401481628418,0.37579581141471863,0.8311128616333008,0.36511456966400146,-0.255574526995746,-0.06515183750356497,-0.18162855675850023
7.380760416664998,-0.006533950567245483,-0.12865561246871948,0.1424683928489685,0.08292214572429657,0.8764337301254272,0.3855496346950531,-0.24673590863236264,-0.063871726781026,-0.17744283761338175
7.390816416671441,0.04524126648902893,-0.06128448247909546,0.1083182692527771,-0.07253775000572205,0.8467538952827454,0.4103447198867798,-0.23788688054034124,-0.06484575071234035,-0.17360704979774438
7.40087141667027,0.0684802383184433,-0.023609399795532227,0.014387726783752441,-0.06915859878063202,0.7869447469711304,0.4109533429145813,-0.22940299586475596,-0.06657736971628046,-0.16975051323026272
7.410927416669438,0.05330021679401398,0.002736687660217285,-0.08247494697570801,0.003320930525660515,0.7034516930580139,0.3643395006656647,-0.22159993842913878,-0.06778999736934399,-0.16597395896644931
7.4209824166682665,0.03532646596431732,0.04329323768615723,-0.11293506622314453,0.07372719049453735,0.6227307319641113,0.2949386537075043,-0.21454858793115067,-0.0681244747257855,-0.1625893452206174
7.431038416667434,0.026588961482048035,0.09143835306167603,-0.11062049865722656,0.15534615516662598,0.5608993172645569,0.2515927851200104,-0.20830858278660266,-0.06757382920887524,-0.15962582957068228
7.441094416666601,0.03289385139942169,0.09662514925003052,-0.11134636402130127,0.23581142723560333,0.5446524620056152,0.26026636362075806,-0.20261347896612397,-0.06614799359669767,-0.15675597875555206
7.45114941666543,0.031590938568115234,0.037535667419433594,-0.06188216805458069,0.28242260217666626,0.5759558081626892,0.2964091897010803,-0.1969481100456595,-0.06410080025722796,-0.15357669864415138
7.4612054166718735,0.007201582193374634,-0.06461697816848755,0.04459404945373535,0.2847239375114441,0.6538495421409607,0.3459644317626953,-0.1904473919023054,-0.06194970146104,-0.14980274344517816
7.471260416670702,0.005398362874984741,-0.07675915956497192,0.09071987867355347,0.34282612800598145,0.7002532482147217,0.3866093158721924,-0.1832576188302986,-0.059630777351226884,-0.14551486457241852
7.48131641666987,0.04749704897403717,0.002253890037536621,-0.016215264797210693,0.3766498565673828,0.700014054775238,0.39639371633529663,-0.1759942366769801,-0.05673210212761376,-0.1409780565186372
7.491371416668699,0.06286570429801941,0.03949713706970215,-0.051884084939956665,0.40289080142974854,0.6479697823524475,0.3521050810813904,-0.1690155873139303,-0.05351283686534539,-0.13657938355639615
7.501427416667866,0.008034750819206238,-0.005697906017303467,-0.020758509635925293,0.40932947397232056,0.5856181383132935,0.29076480865478516,-0.16274626471163453,-0.049978492227737405,-0.13278411801963302
7.511482416666695,-0.017479613423347473,0.04070335626602173,-0.05425560474395752,0.43431469798088074,0.5310656428337097,0.2443762719631195,-0.1571053042124411,-0.04619319376039214,-0.12953564596259062
7.521538416665862,0.0037877410650253296,0.09617984294891357,-0.11135798692703247,0.4706312119960785,0.47217798233032227,0.2175499051809311,-0.15222191771891333,-0.041988032657587326,-0.1266662992438904
7.53159441666503,0.022564902901649475,0.07464689016342163,-0.1221352219581604,0.5409937500953674,0.42795515060424805,0.2166966199874878,-0.14781414496285944,-0.03724800774734751,-0.1238657026279074
7.5416494166711345,0.024443060159683228,0.03883659839630127,-0.08848634362220764,0.574994683265686,0.4253813326358795,0.21718278527259827,-0.143599936708302,-0.03193525542044933,-0.12092441745406884
7.551705416670302,0.014135763049125671,0.01112520694732666,-0.023536980152130127,0.5023345947265625,0.4664488732814789,0.21874339878559113,-0.1392190491124373,-0.026719050697243923,-0.11806397563703312
7.561760416669131,0.014301806688308716,-0.008127331733703613,0.0332086980342865,0.25042563676834106,0.5022820830345154,0.22264735400676727,-0.13433499352410808,-0.02321062142606879,-0.11538646013165162
7.571816416668298,0.03306463360786438,-0.03143107891082764,0.030146360397338867,0.09471219033002853,0.4757554233074188,0.23733069002628326,-0.1295250002610297,-0.021835774406988896,-0.11295365083696349
7.581871416667127,0.05901072919368744,-0.004738450050354004,-0.04135006666183472,0.06555536389350891,0.41766121983528137,0.20075233280658722,-0.1251538062690243,-0.021380653130059175,-0.1107100121761157
7.5919274166662944,0.03758944571018219,0.03612232208251953,-0.055414676666259766,0.18377281725406647,0.3819980323314667,0.13154344260692596,-0.12135175772731432,-0.020345939505029467,-0.1090234122663709
7.601982416665123,-0.011738210916519165,0.112437903881073,-0.01994311809539795,0.4135587811470032,0.35990098118782043,0.07580890506505966,-0.11809964964997685,-0.017427418585621166,-0.10785859493063596
7.612038416671567,-0.03903202712535858,0.1564851999282837,-0.03452169895172119,0.6160527467727661,0.352987140417099,0.05094349756836891,-0.1146158227133704,-0.012205310148275904,-0.10665644658382817
7.622094416670734,-0.04755294322967529,0.08574771881103516,-0.05665862560272217,0.6199182271957397,0.29612427949905396,0.04219738766551018,-0.11140045664129108,-0.005943067534052554,-0.10552809458120806
7.632149416669563,-0.031020641326904297,-0.0075157880783081055,-0.06341090798377991,0.5776480436325073,0.22564639151096344,0.062329553067684174,-0.10886845894304314,-4.9478921376637776e-05,-0.10438961853671014
7.64220541666873,-0.018693536520004272,-0.018857479095458984,-0.06856366991996765,0.680255651473999,0.1839616447687149,0.08966276794672012,-0.10693500415740956,0.006084325681781363,-0.10298241307463091
7.652260416667559,-0.019919797778129578,0.010659754276275635,-0.05042806267738342,0.7556073665618896,0.24099192023277283,0.11081226170063019,-0.10501051992327362,0.013294849401063702,-0.10124830222256283
7.662316416666727,-0.03335723280906677,0.0027442574501037598,0.025986433029174805,0.696834921836853,0.3304693102836609,0.13084712624549866,-0.10228384142705624,0.02057337275503132,-0.09930204505679158
7.672371416665555,-0.035586610436439514,-0.07308638095855713,0.09710061550140381,0.30478596687316895,0.4031051695346832,0.1409444957971573,-0.09875600184886009,0.02566200169649171,-0.09748827862369132
7.682427416664723,-0.010740846395492554,-0.1312442421913147,0.16044598817825317,-0.12929636240005493,0.42270511388778687,0.16961196064949036,-0.09468218007427939,0.026278660531578887,-0.09591094662398497
7.692482416670828,0.031358107924461365,-0.13770264387130737,0.1456606090068817,-0.3636119067668915,0.45463961362838745,0.19843614101409912,-0.09018411832963487,0.023490499554918172,-0.09425387203588666
7.702538416669995,0.036151766777038574,-0.08782804012298584,0.1359843909740448,-0.4643399119377136,0.49339860677719116,0.1956101357936859,-0.085332186570186,0.01908860014773024,-0.09260035157396564
7.7125944166691625,0.027951151132583618,-0.06475579738616943,0.11959141492843628,-0.5138632655143738,0.5172423720359802,0.21190708875656128,-0.08039018813586171,0.014012804521146918,-0.09103747720283031
7.722649416667991,0.03977923095226288,-0.05689758062362671,0.09566226601600647,-0.5584080815315247,0.5264146327972412,0.23137803375720978,-0.07534956597862805,0.008509123860356207,-0.08930017243883734
7.732705416667159,0.054531604051589966,-0.059633851051330566,0.07274320721626282,-0.5732024312019348,0.5070300102233887,0.25979530811309814,-0.0700299801527237,0.002599156983281742,-0.08722473528582352
7.742760416665988,0.0685005635023117,-0.04522907733917236,0.0034498274326324463,-0.494039386510849,0.4763932526111603,0.2791232168674469,-0.06506241334186334,-0.00303640298050985,-0.08487721358941458
7.752816416665155,0.06396040320396423,-0.019957423210144043,-0.07569122314453125,-0.32787224650382996,0.4152023196220398,0.2609868049621582,-0.0607877048962479,-0.007292835464336905,-0.08247751595559236
7.76287141667126,0.04214189946651459,0.013402223587036133,-0.13259056210517883,-0.21495559811592102,0.33952128887176514,0.21575553715229034,-0.057093959912517284,-0.01015968580820562,-0.08026587576255649
7.772927416670427,0.010098978877067566,0.039917171001434326,-0.1389789581298828,-0.13399071991443634,0.27034515142440796,0.1382482349872589,-0.05397891706067839,-0.01196354156762996,-0.0785828031805092
7.782982416669256,-0.01389215886592865,0.052131712436676025,-0.12785270810127258,-0.1056373342871666,0.21768872439861298,0.1028912216424942,-0.05153075520438797,-0.013218188541448381,-0.0774804548732164
7.7930384166684235,-0.026517510414123535,0.05657804012298584,-0.10310962796211243,-0.06779088824987411,0.17748937010765076,0.09899981319904327,-0.049707607505936405,-0.014095603180008815,-0.07659115057015589
7.803094374998182,-0.03742919862270355,0.02861696481704712,-0.08696582913398743,-0.08732836693525314,0.11913497745990753,0.10078243166208267,-0.048296602788154314,-0.014867770688415341,-0.07566775478736056
7.813149375004286,-0.04088638722896576,0.0029116272926330566,-0.09746110439300537,-0.13253340125083923,0.08956696838140488,0.1217830553650856,-0.0474468759627515,-0.015979662369090347,-0.07471372985685355
7.823205375003454,-0.033892616629600525,0.012170672416687012,-0.1064850389957428,-0.12765923142433167,0.07422516494989395,0.1444120705127716,-0.046725957199553754,-0.017371853213366352,-0.07348917768594197
7.833260375002283,-0.0354277640581131,0.02738267183303833,-0.08310392498970032,-0.08096975833177567,0.08706159889698029,0.1681930273771286,-0.04599448308390469,-0.01847824516776764,-0.07201317444524596
7.84331637500145,-0.03408707678318024,0.024814486503601074,-0.07080867886543274,-0.045056454837322235,0.10242603719234467,0.18997302651405334,-0.04487469779226146,-0.01921014617774467,-0.0701844720930862
7.853371375000279,-0.020437628030776978,0.027591705322265625,-0.066456139087677,0.026730118319392204,0.11468163877725601,0.19901739060878754,-0.04380673397986947,-0.019421077806621254,-0.06824846275584232
7.863427374999446,-0.0023926347494125366,0.04971814155578613,-0.04505857825279236,0.10253078490495682,0.12020157277584076,0.18314947187900543,-0.04262202587919079,-0.018845093160203205,-0.06629955463235823
7.873483374998614,0.00198325514793396,0.05171686410903931,-0.007134109735488892,0.08401542156934738,0.12154167890548706,0.14099429547786713,-0.04154759152852606,-0.01787844762281411,-0.06468467245987856
7.8835383750047185,0.002119213342666626,0.04006505012512207,0.009549349546432495,0.020888207480311394,0.10512302070856094,0.1013379693031311,-0.0406397840987336,-0.017347772401594127,-0.06354272417010992
7.893594375003886,0.007221594452857971,0.037406325340270996,0.011408358812332153,-0.0031878347508609295,0.0948147252202034,0.0614486038684845,-0.039778252939997275,-0.01730433750465786,-0.06278086873490668
7.903649375002715,0.007597416639328003,0.046228766441345215,0.02156698703765869,0.011740515008568764,0.08209466934204102,0.030114492401480675,-0.0388619464085335,-0.017294450976773994,-0.06231824045975447
7.913705375001882,0.0024829506874084473,0.03190857172012329,0.02826911211013794,0.001115833525545895,0.07006703317165375,0.0015403711004182696,-0.038110809220861054,-0.017115623775630185,-0.062219010755632596
7.923760375000711,0.003742218017578125,0.0167161226272583,0.021479874849319458,-0.03439541906118393,0.05934501811861992,-0.013948973268270493,-0.03752440995945077,-0.01718523966868717,-0.06235779218655055
7.9338163749998785,0.008264109492301941,0.013792276382446289,0.010809510946273804,-0.04198596253991127,0.03492569550871849,-0.018773822113871574,-0.037132958094496495,-0.017488867568415768,-0.06261466813269491
7.943871374998707,0.019917085766792297,0.024195730686187744,-0.026795387268066406,-0.0053046043030917645,0.03055824339389801,-0.008109965361654758,-0.03692834266638743,-0.01764657133402258,-0.06278148451267608
7.953927375005151,0.01704789698123932,0.019028663635253906,-0.0206662118434906,0.04599533602595329,0.021127991378307343,-0.021076630800962448,-0.03673238494800045,-0.017382124157222713,-0.06292428737618964
7.963983375004318,-0.0035434365272521973,-0.001043558120727539,0.029038280248641968,0.0531141422688961,0.02652781642973423,-0.030695702880620956,-0.03634404800680015,-0.016855685220289695,-0.06310533384820065
7.974038375003147,-0.016148746013641357,-0.011232733726501465,0.04302319884300232,0.03388745337724686,0.03056410513818264,-0.0238638948649168,-0.035968901014049516,-0.016424915798633383,-0.06331837623270986
7.984094375002314,-0.00863492488861084,-0.009084880352020264,0.013090461492538452,0.019838877022266388,0.033806368708610535,-0.022514019161462784,-0.03549623926948305,-0.016186437297983008,-0.06344127551524341
7.994149375001143,-0.006815582513809204,-0.014720320701599121,-0.003087460994720459,-0.0008922344422899187,0.035075362771749496,-0.02153104543685913,-0.035020948200962444,-0.016192170202448612,-0.063568698984198
8.00420537500031,-0.009419828653335571,-0.007667124271392822,-0.0033610761165618896,0.010120335966348648,0.046301521360874176,-0.007608545944094658,-0.03457580928606187,-0.016238343294424234,-0.06366148345912828
8.01426037499914,-0.010773688554763794,-0.008827149868011475,-0.0027407705783843994,0.001819529221393168,0.05599702522158623,-0.003268658649176359,-0.03410309050676826,-0.01618204033008193,-0.06368878001224187
8.024316374998307,-0.004292801022529602,-0.021208107471466064,-0.01929423213005066,-0.021921398118138313,0.048945773392915726,0.011144742369651794,-0.03366531885119198,-0.016116070600630833,-0.06353812415943091
8.034371375004412,0.00969095528125763,-0.01405400037765503,-0.040232837200164795,-0.015060561709105968,0.03809951990842819,0.0159916952252388,-0.03308934127852455,-0.016206310549378215,-0.06318223941765538
8.044427375003579,0.011593848466873169,0.0005311965942382812,-0.04245471954345703,0.016785738989710808,0.034419696778059006,0.01940850354731083,-0.03265354404710064,-0.01638857980649399,-0.06297370808843551
8.054483375002746,0.010852441191673279,-0.00011813640594482422,-0.04306519031524658,0.032411038875579834,0.015010310336947441,0.016921376809477806,-0.0324701696440332,-0.016292499755882157,-0.06286995618737548
8.064538375001575,0.012293562293052673,0.0033211112022399902,-0.04927346110343933,0.014482416212558746,-0.018933940678834915,-0.0033446119632571936,-0.032379901190810016,-0.016142261153041553,-0.06278611804446162
8.074594375000743,0.012666374444961548,0.0038909912109375,-0.03472638130187988,-0.014483720995485783,-0.06450196355581284,-0.034850072115659714,-0.03272116054808556,-0.01618333928975151,-0.06298258455061716
8.084649374999572,0.017094984650611877,0.018874287605285645,-0.038521260023117065,0.0005890602478757501,-0.09541646391153336,-0.04630070552229881,-0.033619697756945864,-0.016261464235222827,-0.06348573332045614
8.094705374998739,0.012495264410972595,0.0247189998626709,-0.03769686818122864,0.035388316959142685,-0.11166974157094955,-0.04286389797925949,-0.03469084997308497,-0.016042352429657514,-0.06400441385362667
8.104760375004844,0.00023339688777923584,0.010533750057220459,-0.018783390522003174,0.04317740350961685,-0.11106373369693756,-0.040875501930713654,-0.03575230450403963,-0.01558479824716495,-0.06444156084734144
8.114816375004011,-0.005998462438583374,-0.001997709274291992,0.010555952787399292,0.046200890094041824,-0.10646098852157593,-0.028322959318757057,-0.03688713770115759,-0.014995385075283441,-0.06475620122004401
8.12487137500284,-0.0051394253969192505,-0.00588756799697876,0.028032928705215454,0.05036855861544609,-0.08727078884840012,-0.014164955355226994,-0.03797027200933493,-0.01430932971692753,-0.06495724412919734
8.134927375002007,-0.005008667707443237,-0.013974905014038086,0.039147019386291504,0.04500788077712059,-0.06445042788982391,0.0015791200567036867,-0.03879399576220263,-0.013628487907299206,-0.06497391358387132
8.144983375001175,-0.006022945046424866,-0.021670281887054443,0.042814284563064575,0.02288331277668476,-0.03109247051179409,0.014963741414248943,-0.039307487948746306,-0.013096448326941687,-0.06483642944454034
8.155038375000004,-0.007017776370048523,-0.017834961414337158,0.041210561990737915,-0.01491226814687252,-0.0019793258979916573,0.016691068187355995,-0.039577800717752534,-0.01293588201222684,-0.06468624519985175
8.165094374999171,-0.004553362727165222,-0.02168220281600952,0.05774405598640442,-0.027339598163962364,0.008920859545469284,0.018590088933706284,-0.03931589895418041,-0.013120449453267069,-0.06439679601940249
8.175149375005276,-0.00023253262042999268,-0.014281630516052246,0.04696318507194519,-0.003448646981269121,0.020358603447675705,0.021622363477945328,-0.03922285070367004,-0.013188261306112078,-0.0641818073698802
8.185205375004443,-0.00022038817405700684,-0.007261335849761963,0.01915884017944336,0.012975289486348629,0.02233906276524067,0.02082706429064274,-0.0391030028549013,-0.01306971628268743,-0.06400902341471497
8.195260375003272,0.0023853033781051636,-0.006829321384429932,0.0013774335384368896,0.0009364696452394128,0.014727748930454254,0.014987550675868988,-0.038934841358532216,-0.013028079097583491,-0.06386923173912963
8.20531637500244,0.006668686866760254,-0.0012828707695007324,-0.01420360803604126,-0.00026452739257365465,-0.013247959315776825,0.011005804874002934,-0.03897092718180556,-0.013093500837146095,-0.06378177797743065
8.215372375001607,0.01019926369190216,0.0015389323234558105,-0.031762391328811646,0.003974692430347204,-0.053860899060964584,-0.003163277404382825,-0.03945492606056613,-0.013147072108639466,-0.0638355570116262
8.225427375000436,0.01330024003982544,0.007789552211761475,-0.06503978371620178,0.01631546951830387,-0.10773544758558273,-0.007861440069973469,-0.04028828032772513,-0.013169807480396537,-0.06392669635589371
8.235483374999603,0.011050552129745483,0.011944472789764404,-0.0810384750366211,0.009940661489963531,-0.15188933908939362,-0.016997678205370903,-0.04180558619529585,-0.013037847346178933,-0.0641268617488142
8.245538374998432,-0.0006426125764846802,0.0034105777740478516,-0.07489815354347229,-0.05345357954502106,-0.18094201385974884,-0.033611807972192764,-0.043454670851920424,-0.013348845815426929,-0.06440132081366691
8.255594375004875,-0.0035659074783325195,-0.0022724270820617676,-0.06382834911346436,-0.08097841590642929,-0.23482149839401245,-0.04189211130142212,-0.045437933281982194,-0.014111937737495335,-0.06476222360044855
8.265649375003704,0.0037611573934555054,0.012994229793548584,-0.06769391894340515,-0.050755176693201065,-0.2869587242603302,-0.051684342324733734,-0.04805251644125354,-0.014850615487456986,-0.06524548073093198
8.275705375002872,0.00745740532875061,0.0329747200012207,-0.09954294562339783,0.0024491893127560616,-0.3168460726737976,-0.05080682784318924,-0.05107494045067854,-0.015026676104382544,-0.0657560940654093
8.2857603750017,0.006480708718299866,0.03598940372467041,-0.10457503795623779,0.01870707795023918,-0.32899194955825806,-0.050911225378513336,-0.054296462292605596,-0.014874660859593958,-0.0662625690415249
8.295816375000868,0.013587474822998047,0.016835570335388184,-0.0929899513721466,0.038653623312711716,-0.34732702374458313,-0.055183202028274536,-0.05759922910700822,-0.01454319283357934,-0.06672238062950273
8.305872375000035,0.02685074508190155,0.021127045154571533,-0.08616021275520325,0.097978375852108,-0.36526018381118774,-0.07415902614593506,-0.060955046968211316,-0.013825550891486271,-0.06723834233215445
8.315927374998864,0.03528934717178345,0.05029338598251343,-0.07975897192955017,0.20551547408103943,-0.39321619272232056,-0.10197920352220535,-0.06460955303215368,-0.012173043598921204,-0.06794388683842616
8.325983374998032,0.039226338267326355,0.07852935791015625,-0.09094443917274475,0.3276425004005432,-0.41885221004486084,-0.12379227578639984,-0.06842317100549461,-0.009337118019466495,-0.06879057291520195
8.336038375004136,0.0355953723192215,0.07137608528137207,-0.08902299404144287,0.3620593249797821,-0.4550676941871643,-0.16008104383945465,-0.0726754474725773,-0.0055823819620751305,-0.06992990660524781
8.346094375003304,0.033513396978378296,0.025593340396881104,-0.056848883628845215,0.2710237503051758,-0.5199326276779175,-0.20616132020950317,-0.07723826240725888,-0.002019595592822763,-0.07138950615122126
8.356149375002133,0.04658721387386322,0.016374707221984863,-0.05381965637207031,0.16339263319969177,-0.5839704275131226,-0.22413578629493713,-0.08249774773460163,0.0002378898563462892,-0.07327825295490585
8.3662053750013,0.0533076673746109,0.03300529718399048,-0.07756182551383972,0.1204753890633583,-0.6523328423500061,-0.23252226412296295,-0.0886681129264716,0.0018010486560301583,-0.07545278248926172
8.376260375000129,0.03712615370750427,0.04404562711715698,-0.08340448141098022,0.1568126231431961,-0.6981834173202515,-0.2342647761106491,-0.09548219627779878,0.0033817137030790565,-0.07767500156912319
8.386316374999296,0.029292479157447815,0.060845375061035156,-0.10565188527107239,0.28710323572158813,-0.7498218417167664,-0.23292142152786255,-0.10292265256978743,0.005818691897019054,-0.07985076136725483
8.396372374998464,0.03192602097988129,0.07151627540588379,-0.15327206254005432,0.4644678831100464,-0.819335401058197,-0.26593104004859924,-0.11063638459976002,0.009825607093184084,-0.08187110788872387
8.406427375004569,0.022971585392951965,0.07605981826782227,-0.17486628890037537,0.6541523933410645,-0.8911612629890442,-0.3110995888710022,-0.11916507635351209,0.01571413401681558,-0.08410161290525048
8.416483375003736,0.028587833046913147,0.09921145439147949,-0.16451776027679443,0.8180038928985596,-0.921440839767456,-0.33708512783050537,-0.12817094329539433,0.023516503534782962,-0.08637047803657287
8.426538375002565,0.026373982429504395,0.08516383171081543,-0.084725022315979,0.8153142929077148,-0.9399837851524353,-0.3805272877216339,-0.1373600037232527,0.03227397217284978,-0.08880531791344479
8.436594375001732,0.031233638525009155,0.022835731506347656,-0.006157010793685913,0.5864728689193726,-0.9694511294364929,-0.407937616109848,-0.14671977355298146,0.039849769727845305,-0.09172130648596091
8.446649375000561,0.06240387260913849,0.006836414337158203,0.003477811813354492,0.3032936453819275,-1.0038405656814575,-0.40187346935272217,-0.1564722608100842,0.04494012432325617,-0.09506911193083388
8.456705374999729,0.06583324074745178,-0.010283946990966797,-0.022341012954711914,0.0431654155254364,-1.085738182067871,-0.40994367003440857,-0.16681715848720274,0.04722652094944741,-0.09884541512410351
8.466761374998896,0.05271647870540619,-0.020543217658996582,-0.10298022627830505,-0.09656691551208496,-1.1917247772216797,-0.4108632504940033,-0.1781025446768813,0.04758672724815939,-0.1029567944493032
8.476816375005,0.034954920411109924,0.021588802337646484,-0.16198429465293884,-0.07189059257507324,-1.2662370204925537,-0.44121024012565613,-0.19034275751127788,0.04745038022757004,-0.10737594799704432
8.486872375004168,0.015780091285705566,0.07132917642593384,-0.16922998428344727,0.07030031830072403,-1.3150280714035034,-0.4615471363067627,-0.20311906907764818,0.048308972164145265,-0.11182610961772933
8.496927375002997,0.013432160019874573,0.07838964462280273,-0.15528368949890137,0.19625478982925415,-1.3298290967941284,-0.4682662785053253,-0.21616901618930198,0.050650766684521106,-0.11610299136251796
8.506983375002164,0.027009040117263794,0.025438785552978516,-0.09138673543930054,0.2298082560300827,-1.3599551916122437,-0.49579721689224243,-0.22961104681863986,0.05388509627257103,-0.12040282480604049
8.517038375000993,0.06578835844993591,0.03239947557449341,-0.04852065443992615,0.23732183873653412,-1.3646031618118286,-0.494861364364624,-0.24322651815401725,0.0573787749745608,-0.12474849018440365
8.52709437500016,0.08643443882465363,0.04025942087173462,-0.011017948389053345,0.19563066959381104,-1.3402832746505737,-0.4919642210006714,-0.2567214392779863,0.06078285659678009,-0.12905526714788518
8.53714937499899,0.07363860309123993,0.005461215972900391,0.05305597186088562,0.13403362035751343,-1.331595778465271,-0.4844948351383209,-0.27001228773098157,0.06367546211724043,-0.1334101561945071
8.547205374998157,0.06347280740737915,-0.0011173486709594727,0.06070256233215332,0.07586969435214996,-1.3050116300582886,-0.4654415547847748,-0.2831707863121227,0.06609124498479238,-0.1377491233136709
8.5572613750046,0.06791824102401733,0.0063707828521728516,0.030471593141555786,0.003555555362254381,-1.2841740846633911,-0.4486447274684906,-0.29602222325580385,0.06780373849417573,-0.14209595776966766
8.56731637500343,0.07470284402370453,-0.0151747465133667,0.0288906991481781,-0.03622248396277428,-1.268812894821167,-0.4352474510669708,-0.3087328930740175,0.06896290532084683,-0.14647541322252783
8.577372375002597,0.07533234357833862,-0.01645749807357788,0.04609695076942444,0.03415580838918686,-1.231010913848877,-0.4183603525161743,-0.3211879598085509,0.07027693908773978,-0.15066048515433625
8.587427375001425,0.07558761537075043,-0.0030086636543273926,0.050280600786209106,0.16990990936756134,-1.194685459136963,-0.4014071822166443,-0.3332526537630628,0.07263461456024606,-0.15426375831195072
8.597483375000593,0.07072865962982178,-0.0028309226036071777,0.059175044298172,0.24697646498680115,-1.1488572359085083,-0.38545939326286316,-0.3448879995096048,0.07601551482810945,-0.1573065770527253
8.607538374999422,0.06536865234375,-0.016744911670684814,0.06940415501594543,0.23917128145694733,-1.0948803424835205,-0.358050137758255,-0.35589190436106893,0.07963056335825104,-0.15993063019714499
8.617594374998589,0.05521906912326813,-0.06418097019195557,0.07587727904319763,0.16884997487068176,-1.0660382509231567,-0.3382979929447174,-0.36655844086426825,0.08280546865424816,-0.16249858429282477
8.627649375004694,0.04298630356788635,-0.08216774463653564,0.07927018404006958,0.1184394359588623,-1.0295827388763428,-0.3208712041378021,-0.37683118270767096,0.08532076839642326,-0.16502396541281422
8.637705375003861,0.027677059173583984,-0.0749024748802185,0.08719560503959656,0.007157391868531704,-0.9935901761054993,-0.313929945230484,-0.38669617653968047,0.08714028363397444,-0.16770299654821288
8.647761375003029,0.01995861530303955,-0.05469036102294922,0.09173652529716492,-0.19031991064548492,-1.0000323057174683,-0.31452351808547974,-0.3965916695244023,0.08760194419081822,-0.1710238162213516
8.657816375001858,0.022095665335655212,-0.056912779808044434,0.05728781223297119,-0.37978383898735046,-1.0348025560379028,-0.3095913529396057,-0.40636350754181577,0.08609634412124524,-0.17504394233914186
8.667872375001025,0.013586044311523438,-0.06037324666976929,0.01928672194480896,-0.4190235435962677,-1.0769308805465698,-0.3140603005886078,-0.41657693196432427,0.08357311998448921,-0.1795643013557232
8.677927374999854,-0.008436277508735657,-0.021376192569732666,0.01472616195678711,-0.34178683161735535,-1.0899074077606201,-0.3373669385910034,-0.42710878509458045,0.08141676210547141,-0.1841132886621592
8.687983374999021,-0.02295413613319397,0.009064018726348877,0.022327661514282227,-0.41941380500793457,-1.0684378147125244,-0.35801658034324646,-0.43742490526507644,0.07951369155168898,-0.18878297676630862
8.698038375005126,-0.0164443701505661,-0.01011812686920166,0.03875744342803955,-0.6896573305130005,-1.0768064260482788,-0.38345909118652344,-0.44761730090107893,0.07608039277974823,-0.19452469598829933
8.708094375004293,0.011171877384185791,-0.02941107749938965,0.026035040616989136,-0.858518123626709,-1.0904488563537598,-0.36909130215644836,-0.4578674975384951,0.07053922971587757,-0.20138093139036595
8.71815037500346,0.02101483941078186,-0.01970905065536499,0.016824722290039062,-0.7875195741653442,-1.0588603019714355,-0.33853498101234436,-0.46808213624892553,0.06457943862454214,-0.20826299254746172
8.72820537500229,0.008725091814994812,0.0017392635345458984,0.008613228797912598,-0.6322155594825745,-1.0169806480407715,-0.325422465801239,-0.47807570905691826,0.05970336797338304,-0.2144796433416881
8.738261375001457,0.003551661968231201,0.006460964679718018,0.006686985492706299,-0.46337834000587463,-0.9844678044319153,-0.31914380192756653,-0.48782381501177435,0.056334794378085806,-0.21989288783267974
8.748316375000286,0.015773698687553406,0.025492310523986816,-0.0048240721225738525,-0.35169127583503723,-0.9356316328048706,-0.31580570340156555,-0.49723681729265656,0.05429645593297254,-0.22460389780025838
8.758372374999453,0.020808398723602295,0.0273362398147583,0.0010031163692474365,-0.27465561032295227,-0.9037749171257019,-0.3144885003566742,-0.5063727914421765,0.05310532812729766,-0.22894648907725212
8.768427374998282,0.01387910544872284,0.0172768235206604,0.028230398893356323,-0.18034006655216217,-0.8820934891700745,-0.3194923400878906,-0.5152067209379295,0.05271233265322681,-0.23281975687098017
8.778483375004726,-0.0025445669889450073,0.025441348552703857,0.05232629179954529,-0.23256492614746094,-0.8459072113037109,-0.359286367893219,-0.5235047308437021,0.05259194635181056,-0.23673288735026027
8.788538375003554,-0.007139921188354492,0.017956018447875977,0.051671236753463745,-0.34891608357429504,-0.8377386331558228,-0.371730238199234,-0.5315629752782922,0.05186232375146283,-0.24137153772599612
8.798595125001157,-0.00793147087097168,-0.009926915168762207,0.07669758796691895,-0.39923331141471863,-0.841227114200592,-0.3957119882106781,-0.5396482430196576,0.050522500901258635,-0.2466123416381723
8.808651125000324,-0.024605095386505127,0.0014726519584655762,0.05012470483779907,-0.37862205505371094,-0.8280130624771118,-0.40301352739334106,-0.547782218403244,0.049230673029973644,-0.2520989380724152
8.818706124999153,-0.02352204918861389,0.034693360328674316,0.03063368797302246,-0.37739139795303345,-0.8106790781021118,-0.4132717549800873,-0.5557799760447407,0.04819263642491915,-0.2576017628601095
8.82876212499832,-0.01484920084476471,0.023703157901763916,0.036357879638671875,-0.395518034696579,-0.7871534824371338,-0.40500983595848083,-0.5633819937757413,0.047008319281224197,-0.2630983143457422
8.838817125004425,-0.01905861496925354,-0.007881641387939453,0.061372995376586914,-0.4012065529823303,-0.7684786319732666,-0.4008827209472656,-0.5708175385866143,0.04570219818225415,-0.268637395552701
8.848873125003593,-0.02579444646835327,-0.001395106315612793,0.061718761920928955,-0.4326283037662506,-0.7366788983345032,-0.40953487157821655,-0.5779479097043694,0.04435992227092512,-0.27423565062423444
8.858928125002421,-0.02557988464832306,0.019029438495635986,0.07005593180656433,-0.5938256978988647,-0.7154145836830139,-0.4232962131500244,-0.5848760787658014,0.04232623829227967,-0.2805356126659653
8.868984125001589,-0.03305038809776306,-0.013406813144683838,0.08244132995605469,-0.737642765045166,-0.70147305727005,-0.41889122128486633,-0.5915151146259754,0.038967993048447974,-0.2877799747749169
8.879039125000418,-0.03609161078929901,-0.03730809688568115,0.05632054805755615,-0.6752457022666931,-0.6672695875167847,-0.3816700875759125,-0.5979516196160168,0.035134779849731575,-0.29513208436354477
8.889095124999585,-0.02077089250087738,-0.022364139556884766,0.03201565146446228,-0.41560351848602295,-0.626645028591156,-0.3589608371257782,-0.6039966360779692,0.032583157204972964,-0.30117530568983375
8.899151124998752,-0.004306972026824951,-0.000830531120300293,0.03814336657524109,-0.24333105981349945,-0.589354395866394,-0.35935473442077637,-0.6097756389329169,0.031896045767251684,-0.3059238154068268
8.909206125004857,0.012211814522743225,-0.009042978286743164,0.05637848377227783,-0.24074988067150116,-0.5563910007476807,-0.3516044318675995,-0.6152118478482966,0.03193513446098605,-0.3101309289233354
8.919262125004025,0.01224556565284729,-0.04496026039123535,0.11139410734176636,-0.39639806747436523,-0.5190209746360779,-0.3509215712547302,-0.620256923447699,0.0314053301647405,-0.31468624200064454
8.929317125002854,-0.0037914663553237915,-0.08226114511489868,0.16831636428833008,-0.6255725026130676,-0.48930808901786804,-0.3647301495075226,-0.6249572287609442,0.029252906729044584,-0.32052462422486055
8.939373125002021,-0.015687599778175354,-0.10416483879089355,0.16700202226638794,-0.8131668567657471,-0.47276267409324646,-0.35492172837257385,-0.6295966596049606,0.025408984078078848,-0.32777021737149487
8.94942812500085,-0.015519335865974426,-0.09250760078430176,0.13754665851593018,-0.8547939658164978,-0.4462701082229614,-0.32981622219085693,-0.6340339312959504,0.02059149585221509,-0.3355356973677284
8.959484125000017,-0.016587555408477783,-0.08113384246826172,0.11684626340866089,-0.8023621439933777,-0.41810157895088196,-0.3096363842487335,-0.6381241928391315,0.01569354966384657,-0.3430896663141986
8.969539124998846,0.001368880271911621,-0.06157875061035156,0.07529449462890625,-0.6667380332946777,-0.37856242060661316,-0.26163455843925476,-0.6419608230401015,0.011405051059939362,-0.3497823061640393
8.97959512500529,0.021684110164642334,-0.04172635078430176,0.03573572635650635,-0.49185702204704285,-0.3443397283554077,-0.21008239686489105,-0.6454971461125809,0.008125000309024355,-0.35515405547996304
8.989651125004457,0.012228518724441528,-0.06685352325439453,0.038861870765686035,-0.36378026008605957,-0.29384952783584595,-0.16934645175933838,-0.648553584323938,0.00581803733942472,-0.3591581709092633
8.999706125003286,-0.014672964811325073,-0.08094608783721924,0.05577057600021362,-0.34780022501945496,-0.25377002358436584,-0.15512517094612122,-0.6511726847328511,0.003969442420061921,-0.36249522674653345
9.009762125002453,-0.019838735461235046,-0.053814709186553955,0.04845482110977173,-0.45376285910606384,-0.22524170577526093,-0.15470780432224274,-0.6535195798394551,0.0016863849147025966,-0.3661351111351483
9.019817125001282,-0.023109793663024902,-0.06274300813674927,0.07917958498001099,-0.6237108707427979,-0.2264806032180786,-0.1790698617696762,-0.6558340095805653,-0.0015736651379986456,-0.3707609373077695
9.02987312500045,-0.02564959228038788,-0.03747367858886719,0.06653320789337158,-0.7234461903572083,-0.23114553093910217,-0.19326651096343994,-0.65820707656501,-0.0058122167106849,-0.3764762298600336
9.039928124999278,-0.0031261444091796875,0.02857804298400879,0.010734498500823975,-0.7630096077919006,-0.24036858975887299,-0.20937517285346985,-0.6604911771929453,-0.010531488731900837,-0.38257692803986915
9.049984124998446,-0.005486294627189636,0.01818948984146118,0.007392168045043945,-0.796993613243103,-0.25369107723236084,-0.22291360795497894,-0.662862244297569,-0.015515427905288101,-0.3890673943793625
9.060040125004889,-0.011391907930374146,0.007275581359863281,0.0012975335121154785,-0.6966917514801025,-0.2570993900299072,-0.19753395020961761,-0.6653741416047074,-0.02031032381920685,-0.39535172147507225
9.070095125003718,0.00030066072940826416,0.02295506000518799,-0.036077916622161865,-0.5181884765625,-0.26785802841186523,-0.18743854761123657,-0.6678211253937123,-0.02410469297745544,-0.40051441423825007
9.080151125002885,0.005654200911521912,0.016473114490509033,-0.04888498783111572,-0.3319437801837921,-0.26563188433647156,-0.17617124319076538,-0.6703547082727683,-0.0264718418337909,-0.4044829364225616
9.090206125001714,0.01595097780227661,0.0311545729637146,-0.05373483896255493,-0.25548994541168213,-0.24958287179470062,-0.1920764446258545,-0.6728092249702297,-0.027745413622065267,-0.40765075747908336
9.100262125000881,0.02031591534614563,0.035796403884887695,-0.016431987285614014,-0.31967398524284363,-0.23079533874988556,-0.1839631199836731,-0.6750888942497593,-0.028890587647244184,-0.4107737448211031
9.11031712499971,-0.0006936490535736084,-0.013823151588439941,0.04323410987854004,-0.4814055860042572,-0.218977689743042,-0.19029533863067627,-0.6772998425687909,-0.03092134931276719,-0.414664822918191
9.120373124998878,-0.028553619980812073,-0.050628662109375,0.04261040687561035,-0.5819090604782104,-0.21185320615768433,-0.17488603293895721,-0.679445725847032,-0.03405375549847732,-0.41937941236759685
9.130428125004983,-0.008561879396438599,0.00836724042892456,-0.0135689377784729,-0.5878050327301025,-0.21946145594120026,-0.14852194488048553,-0.681613196614445,-0.037742214719203616,-0.4243076647511786
9.14048412500415,0.001786932349205017,-0.009058058261871338,-0.004458487033843994,-0.5782866477966309,-0.22176748514175415,-0.15101812779903412,-0.6838906298213979,-0.04141057900731281,-0.4290605224492676
9.150540125003317,-0.011705175042152405,-0.02275097370147705,0.019862473011016846,-0.5691584348678589,-0.2148047685623169,-0.15807509422302246,-0.6863396838909432,-0.04489712700374309,-0.4339766664286981
9.160595125002146,0.024325579404830933,0.04194283485412598,-0.006885826587677002,-0.49556997418403625,-0.21040895581245422,-0.15743780136108398,-0.6885984521265915,-0.04810194787525494,-0.4385474295413007
9.170651125001314,0.03430807590484619,0.03007948398590088,-0.0007198452949523926,-0.4804573655128479,-0.2028856724500656,-0.18509475886821747,-0.6907463454671307,-0.05089487927396369,-0.4429011290333763
9.180706125000142,0.005808413028717041,0.004556179046630859,0.024786293506622314,-0.3859337866306305,-0.18081524968147278,-0.1822587549686432,-0.6927166496128502,-0.053250115634912804,-0.4470980693102905
9.19076212499931,-0.011266201734542847,0.023752808570861816,0.013609468936920166,-0.13188527524471283,-0.15008769929409027,-0.16136445105075836,-0.6944201077841983,-0.05430933374069937,-0.4501141258916623
9.200817124998139,-0.016197890043258667,0.019232749938964844,-0.026083171367645264,0.2260664850473404,-0.12137376517057419,-0.1213427260518074,-0.6956917979795854,-0.05313149270588718,-0.45085363312146426
9.210873125004582,-0.01260887086391449,0.005917012691497803,-0.03522801399230957,0.5992923378944397,-0.0785348191857338,-0.10058905929327011,-0.6964261512488489,-0.049311466811043085,-0.4489042012693327
9.220928125003411,-0.010346859693527222,0.02004951238632202,-0.018358707427978516,0.6381837725639343,-0.024619657546281815,-0.1321866661310196,-0.6965750949853785,-0.04365232448571181,-0.4453912711501769
9.230984125002578,-0.006748005747795105,-0.022562742233276367,0.07692152261734009,0.24869363009929657,0.01566225104033947,-0.15620070695877075,-0.6962188365480032,-0.03932198674464584,-0.4433668470455376
9.241040125001746,-0.006023377180099487,-0.03444337844848633,0.13371402025222778,-0.14470799267292023,0.028049945831298828,-0.1648849993944168,-0.6958903883307558,-0.038036846003617966,-0.4442749249438661
9.251095125000575,-0.021910876035690308,0.003122687339782715,0.10043221712112427,-0.4244704842567444,0.006318018771708012,-0.16915427148342133,-0.6957239814812006,-0.03930267969892784,-0.4474054112334035
9.261151124999742,-0.030293822288513184,-0.028104662895202637,0.06194800138473511,-0.5696297883987427,-0.03584088757634163,-0.16356828808784485,-0.6958735259340741,-0.04231138037208468,-0.45190022548957526
9.27120612499857,-0.03915342688560486,-0.05482536554336548,-0.00025069713592529297,-0.49198681116104126,-0.08013791590929031,-0.14849716424942017,-0.696455607213461,-0.045671243873968675,-0.4565125859050136
9.281262125005014,-0.048892587423324585,-0.034888505935668945,-0.04928016662597656,-0.23106573522090912,-0.11536381393671036,-0.1339440643787384,-0.6974767354644156,-0.047701438574774685,-0.45993099088671047
9.291317125003843,-0.02902410924434662,-0.0209084153175354,-0.0710192322731018,-0.013569546863436699,-0.11900168657302856,-0.13458742201328278,-0.6986217481989432,-0.04776025608050483,-0.4615215591508718
9.30137312500301,0.006475478410720825,-0.03843128681182861,-0.036248624324798584,-0.07699565589427948,-0.10789097845554352,-0.14621399343013763,-0.6996960498253151,-0.04716640040433109,-0.4627310096178112
9.31142812500184,0.03767876327037811,-0.018982231616973877,0.019669771194458008,-0.25204724073410034,-0.08644787222146988,-0.1347002536058426,-0.7008126801896696,-0.04751030691872671,-0.46492742639879153
9.321484125001007,0.03996346890926361,0.01788097620010376,0.06046479940414429,-0.409310907125473,-0.05859120562672615,-0.129457026720047,-0.701639821054168,-0.04926411053241935,-0.4680785998746998
9.331540125000174,0.025272130966186523,-0.019042551517486572,0.04520833492279053,-0.5439868569374084,-0.03701041266322136,-0.11118298023939133,-0.7022555240720922,-0.05223942006636691,-0.4721018519831959
9.341595124999003,0.028360530734062195,-0.005625665187835693,-0.002126753330230713,-0.5389111042022705,-0.02786725014448166,-0.09141220152378082,-0.7026950560703368,-0.055867247161952016,-0.4764124769951534
9.35165112499817,0.01397259533405304,0.037866830825805664,-0.0226287841796875,-0.4080475866794586,-0.027410384267568588,-0.06090779975056648,-0.7030225847613578,-0.05918048808043769,-0.4800352139944934
9.361706125004275,-0.004122629761695862,0.007879316806793213,-0.04053133726119995,-0.12446912378072739,-0.03215480595827103,-0.03874390944838524,-0.7032793564880088,-0.06112246866786424,-0.4821352016349025
9.371762125003443,0.004009902477264404,-0.00222170352935791,-0.06659191846847534,0.30155885219573975,-0.03198449686169624,-0.01377248577773571,-0.7034937421366316,-0.060376372840451976,-0.48172335538131955
9.381817125002271,0.029856786131858826,0.0178225040435791,-0.048142969608306885,0.6529927849769592,-0.020116383209824562,-0.025368686765432358,-0.7036036546260979,-0.05651164367900876,-0.47868600919335236
9.391873125001439,0.03123195469379425,-0.0005471706390380859,0.01856011152267456,0.7164291739463806,0.006206432357430458,-0.045376669615507126,-0.7034204436249225,-0.05088821815384346,-0.4743189449358032
9.401929125000606,0.026048406958580017,-0.019051790237426758,0.09548407793045044,0.4670400619506836,0.04423397406935692,-0.06530590355396271,-0.7028224433592608,-0.045973452988683064,-0.4707209173473285
9.411984124999435,0.017478972673416138,-0.050924479961395264,0.13187497854232788,0.10387083888053894,0.06402312219142914,-0.0639168992638588,-0.7020164189190137,-0.04352196215906325,-0.4693161548501263
9.422040124998603,-0.008724704384803772,-0.040069639682769775,0.12502962350845337,-0.0702090784907341,0.0803522914648056,-0.029410062357783318,-0.7010452342697716,-0.04336729691704531,-0.46952490830038446
9.432095125004707,-0.028564319014549255,-0.04223001003265381,0.060351550579071045,-0.05448058247566223,0.10834012180566788,0.004632194526493549,-0.6999087739402494,-0.0439845195487967,-0.4699804771653266
9.442151125003875,-0.02097347378730774,-0.04206770658493042,0.013419926166534424,0.05992215871810913,0.14201553165912628,0.03337275981903076,-0.6985465294406951,-0.044196956648962414,-0.46978808525237703
9.452206125002704,-0.010172933340072632,-0.0043373703956604,-0.0016846060752868652,0.19734038412570953,0.16606412827968597,0.05391537398099899,-0.6966838294780632,-0.043652789175882424,-0.46844976320783643
9.462262125001871,-0.02257952094078064,0.011827409267425537,0.022599518299102783,0.2596527636051178,0.17534711956977844,0.05409247428178787,-0.6947586715675367,-0.04231123358738103,-0.46649557646947
9.4723171250007,-0.03372815251350403,-0.019090712070465088,0.030002593994140625,0.21550749242305756,0.1719297617673874,0.030041681602597237,-0.6926967526614717,-0.04087292124699837,-0.46446954286354314
9.482373124999867,-0.02806057035923004,-0.013298869132995605,0.022418498992919922,0.0831126943230629,0.15306338667869568,0.009135333821177483,-0.6908702181243129,-0.0398858261623679,-0.463233142133162
9.492429124999035,-0.024744108319282532,-0.0025472640991210938,0.041967689990997314,-0.07485860586166382,0.13506613671779633,-0.0017403503879904747,-0.6892868551792406,-0.039960907136516594,-0.4631675284549229
9.50248412500514,-0.007820770144462585,-0.007831692695617676,0.018783271312713623,-0.13921654224395752,0.12867295742034912,0.015275118872523308,-0.6878951143664233,-0.040923429831697354,-0.4637930496176916
9.512540125004307,0.006844550371170044,-0.009498059749603271,-0.006207525730133057,-0.11255325376987457,0.13798017799854279,0.047811541706323624,-0.6865156662675127,-0.042191016235380706,-0.4643429594579821
9.522595125003136,0.009519964456558228,-0.03268617391586304,-0.02097851037979126,-0.030678357928991318,0.16092170774936676,0.09452152252197266,-0.6849537158781458,-0.04327231188054939,-0.46426121684910754
9.532651125002303,0.0006975829601287842,-0.035884737968444824,-0.012629210948944092,0.06977000087499619,0.1792321503162384,0.11737962067127228,-0.6831331575769487,-0.043840280926565646,-0.4632505584873884
9.542706125001132,-0.012421384453773499,-0.04105949401855469,0.00470578670501709,0.13545766472816467,0.1872519850730896,0.11857911199331284,-0.6812030693895202,-0.04378850079230327,-0.4616609256729965
9.5527621250003,-0.000963255763053894,-0.013519704341888428,-0.00035876035690307617,0.1581263691186905,0.1894598752260208,0.1173887550830841,-0.6791179550377539,-0.04342806872477625,-0.45979825412907005
9.562817124999128,-0.002479344606399536,-0.02706223726272583,0.027333617210388184,0.1751389056444168,0.1925496757030487,0.10931005328893661,-0.6769091283430961,-0.04296956072967249,-0.4577872098543143
9.572873124998296,0.007640525698661804,-0.020623326301574707,0.029511868953704834,0.14547984302043915,0.19508886337280273,0.11305097490549088,-0.6746543105240611,-0.042559394922276686,-0.4558661399371751
9.582929125004739,0.036131009459495544,-0.011523246765136719,0.028912365436553955,0.03933343663811684,0.19249920547008514,0.11905214190483093,-0.6725379724952396,-0.042729424185294226,-0.4544626164853155
9.592984125003568,0.02714553475379944,-0.03758370876312256,0.04030561447143555,-0.058200351893901825,0.1811702698469162,0.1301642656326294,-0.670594403175631,-0.04376220006240133,-0.4535261850692294
9.603040125002735,0.013444095849990845,-0.04216998815536499,0.015372872352600098,-0.07983960211277008,0.1668480485677719,0.14855924248695374,-0.6688638768410448,-0.04531154611952312,-0.45294816747530214
9.613095125001564,0.015337735414505005,-0.027403175830841064,-0.014307916164398193,-0.07692468166351318,0.1540163904428482,0.1571747362613678,-0.6671706642584172,-0.04702955484890686,-0.45233790438846244
9.623151125000732,0.007132545113563538,-0.034613728523254395,-0.014043271541595459,-0.06001201272010803,0.15794774889945984,0.16404889523983002,-0.6655271659291006,-0.04870803521325765,-0.45177263852249055
9.63320612499956,0.006948560476303101,-0.015519142150878906,0.003495633602142334,-0.05455084517598152,0.16612152755260468,0.1722848266363144,-0.6639248393237687,-0.050192339487431695,-0.45087508675694465
9.643262124998728,0.007315710186958313,-0.03583931922912598,0.04355335235595703,-0.07312080264091492,0.19429564476013184,0.18064820766448975,-0.6621849816637619,-0.05191032284293824,-0.450088964101593
9.653318125005171,0.017165079712867737,-0.046327412128448486,0.06224542856216431,-0.04487069696187973,0.2303391396999359,0.21596544981002808,-0.6600457663123965,-0.0537911377465912,-0.44903613599509434
9.663373125004,0.031422391533851624,-0.03729480504989624,0.06449109315872192,0.007458550855517387,0.27010732889175415,0.25723913311958313,-0.6576672858747268,-0.055487210022947014,-0.44729609597742515
9.673429125003167,0.015789762139320374,-0.06280356645584106,0.06676876544952393,0.047190383076667786,0.30810490250587463,0.2930149435997009,-0.6548976333466963,-0.05704091864474934,-0.44509993124749114
9.683484125001996,0.003641188144683838,-0.06645512580871582,0.053139567375183105,0.12925143539905548,0.3365011215209961,0.33447688817977905,-0.6515908180059562,-0.058211412820340244,-0.44209631271941396
9.693540125001164,-0.010111510753631592,-0.046356022357940674,0.018755316734313965,0.18351581692695618,0.34869521856307983,0.33089929819107056,-0.6480138451595635,-0.058894601523743824,-0.43845051322554035
9.703595124999993,-0.033506348729133606,-0.02923107147216797,0.0199432373046875,0.1268988847732544,0.3389248549938202,0.3021392822265625,-0.6443211506988427,-0.059538821715455374,-0.43490694297082017
9.71365112499916,-0.04051885008811951,-0.00546109676361084,0.035415828227996826,-0.021180061623454094,0.3360278904438019,0.26152658462524414,-0.6408070953054978,-0.060733339721290615,-0.4322897233310626
9.723706125005265,-0.020530283451080322,0.014890730381011963,0.04355591535568237,-0.13839936256408691,0.32869914174079895,0.2675282955169678,-0.6372663239637686,-0.06308146145534045,-0.43068886909824716
9.733762125004432,0.008516490459442139,0.006857633590698242,0.019326984882354736,-0.094205841422081,0.32352739572525024,0.28156620264053345,-0.6339172766367996,-0.06569769791835178,-0.42918860788185015
9.7438181250036,0.001511693000793457,-0.013316154479980469,-0.003180861473083496,-0.04468729719519615,0.3231572210788727,0.2831350862979889,-0.6305667121353421,-0.0679214855207955,-0.42732854726773245
9.753873125002428,0.0005901902914047241,0.006230354309082031,-0.006250858306884766,-0.049348097294569016,0.32971152663230896,0.2891521453857422,-0.6271773282633991,-0.06997671648622923,-0.4252882683770803
9.763929125001596,-0.007037922739982605,-0.0013093948364257812,0.013059139251708984,-0.03127402067184448,0.3404531180858612,0.30817484855651855,-0.623713811359624,-0.072076965229641,-0.42313178003268126
9.773984125000425,-0.009987354278564453,-0.013084352016448975,0.02229243516921997,0.043673813343048096,0.36958250403404236,0.3215765655040741,-0.6200182697065021,-0.0738677064514648,-0.4205492984422054
9.784040124999592,-0.0026186853647232056,0.006935536861419678,0.005986630916595459,0.1708165854215622,0.38546186685562134,0.3284640312194824,-0.6160883048518373,-0.07480555504245506,-0.41731522388575876
9.794095124998421,-0.0005226433277130127,0.01301109790802002,0.006026804447174072,0.28504735231399536,0.4171102046966553,0.3183121085166931,-0.6119729605237225,-0.07463774506086848,-0.4133991504737654
9.80415087500296,-0.007486775517463684,0.012248873710632324,0.043374061584472656,0.3245132565498352,0.4385952651500702,0.28722500801086426,-0.607404336811582,-0.07380147927607351,-0.40910484357900523
9.81420587500179,-0.02102816104888916,0.006158173084259033,0.06705641746520996,0.264374315738678,0.44811540842056274,0.26406121253967285,-0.6026666108418919,-0.07288686891153613,-0.4051885441200563
9.824261875000957,-0.017521381378173828,0.02656453847885132,0.04068785905838013,0.2121119201183319,0.44074857234954834,0.24646493792533875,-0.5979908232741834,-0.07232742056120438,-0.4017577661590666
9.834317875000124,-0.033358171582221985,-0.009802460670471191,0.01429438591003418,0.20532160997390747,0.4489586651325226,0.2503824234008789,-0.5933011451403527,-0.07201978902444166,-0.3985821588114553
9.844372874998953,-0.03588250279426575,-0.010163605213165283,0.010309040546417236,0.220875546336174,0.48070037364959717,0.26218369603157043,-0.5883694223932979,-0.0716632120207091,-0.3952274925207534
9.85442887499812,-0.026810437440872192,-0.02994060516357422,0.04800599813461304,0.17143063247203827,0.5292310118675232,0.29932326078414917,-0.5830366369019344,-0.07156680166755888,-0.3917437124265855
9.864483875004225,-0.00962124764919281,-0.07031214237213135,0.11241257190704346,0.1200190931558609,0.588863730430603,0.35259607434272766,-0.5772234120690042,-0.07213348739162104,-0.3882250502407038
9.874539875003393,0.010587930679321289,-0.07480573654174805,0.10619455575942993,0.1236162781715393,0.6451617479324341,0.4026256203651428,-0.5707006358466178,-0.0732591256389071,-0.3844311536561004
9.884594875002222,0.037580713629722595,-0.04219841957092285,0.0519561767578125,0.2295171320438385,0.6629412770271301,0.4323180019855499,-0.563792778377657,-0.07410294244302566,-0.3799133743571391
9.894650875001389,0.020800143480300903,-0.03952687978744507,0.03438478708267212,0.355864018201828,0.6675806641578674,0.4144400656223297,-0.5567124378445726,-0.07385930127875318,-0.3747345546410991
9.904706875000556,0.001795455813407898,-0.015618681907653809,0.023804187774658203,0.47158822417259216,0.6778969168663025,0.40820401906967163,-0.5494477234557391,-0.07251019743003474,-0.3689472218413013
9.914761874999385,-0.0034458190202713013,-0.017441213130950928,0.032566726207733154,0.4795721769332886,0.6907156705856323,0.4044036269187927,-0.5420707549074032,-0.0705170777829813,-0.36285475835171743
9.924817874998553,-0.01585690677165985,-0.06750351190567017,0.09542101621627808,0.3324607312679291,0.7357747554779053,0.4251059591770172,-0.534580198591718,-0.0690752023902825,-0.35716725776971003
9.934872875004658,-0.00025181472301483154,-0.09868216514587402,0.1611807942390442,0.11484328657388687,0.799523651599884,0.47081974148750305,-0.5264344020820234,-0.06943872707795998,-0.3520958443013099
9.944928875003825,0.0327136367559433,-0.08706510066986084,0.14960193634033203,-0.0907820463180542,0.8299694061279297,0.5158135890960693,-0.517846464633176,-0.07187624998390517,-0.3477185524620113
9.954983875002654,0.04456767439842224,-0.09193861484527588,0.08149927854537964,-0.13656537234783173,0.8145762085914612,0.5210959315299988,-0.5092344129850515,-0.07558930447458984,-0.3437473689988385
9.965039875001821,0.01887919008731842,-0.030997037887573242,-0.007167041301727295,-0.05081185698509216,0.7748051285743713,0.4878184199333191,-0.5009066366120283,-0.0788998217972717,-0.3397609530873072
9.97509487500065,0.00886671245098114,0.04581481218338013,-0.06522983312606812,0.05388721078634262,0.7159117460250854,0.43721145391464233,-0.4931412045617347,-0.08104192782770228,-0.33568605645079574
9.985150874999817,-0.005978867411613464,0.03991580009460449,-0.06881153583526611,0.13069331645965576,0.6778910756111145,0.39583367109298706,-0.48577360529216296,-0.0821739019401317,-0.33153819126095585
9.995206874998985,-0.013432145118713379,0.020828723907470703,-0.03226876258850098,0.17847459018230438,0.6698229908943176,0.3887592554092407,-0.47875872826483795,-0.08253956535306958,-0.3273429757741516
10.00526187500509,0.0025318115949630737,-0.02142918109893799,0.014239192008972168,0.14308305084705353,0.7113243937492371,0.4308755695819855,-0.47137723115942837,-0.08299037111143177,-0.3228952807318894
10.015317875004257,0.04266896843910217,-0.059481263160705566,0.08466899394989014,0.07554919272661209,0.7973487973213196,0.5114365816116333,-0.4634079574246389,-0.08415213446865724,-0.31814712096310616
10.025372875003086,0.07053963840007782,-0.07294982671737671,0.07713335752487183,0.0666651502251625,0.8628047704696655,0.5845504999160767,-0.45449918117766547,-0.08609940563681935,-0.312873013287996
10.035428875002253,0.08517375588417053,-0.011022567749023438,-0.023997008800506592,0.17789389193058014,0.8341386318206787,0.5861077904701233,-0.44548616176003963,-0.08757016939194869,-0.30697132249844017
10.045483875001082,0.02902194857597351,0.016584575176239014,-0.05956310033798218,0.3011591136455536,0.7920505404472351,0.5198220014572144,-0.4368419772930231,-0.0877524990206097,-0.3008972844571668
10.05553987500025,-0.01691293716430664,0.061715900897979736,-0.07976996898651123,0.3681736886501312,0.7435686588287354,0.44710347056388855,-0.42871252360900325,-0.0866382120383326,-0.2950744181955482
10.065594874999078,-0.014147892594337463,0.09292954206466675,-0.08780968189239502,0.3788391053676605,0.7003897428512573,0.3934626281261444,-0.42110033717455464,-0.08488284839832835,-0.2897166180943109
10.075650874998246,-0.0018869787454605103,0.08030307292938232,-0.06915462017059326,0.3358173072338104,0.6757729053497314,0.37752482295036316,-0.41384051865475197,-0.08313194926051108,-0.2847217066644749
10.08570687500469,-0.010434135794639587,0.014935910701751709,-0.0030826330184936523,0.223478764295578,0.7137765288352966,0.40036487579345703,-0.4066593013152104,-0.08193546048749682,-0.28004424101172143
10.095761875003518,-0.0032545924186706543,-0.04413026571273804,0.09208542108535767,0.05164092779159546,0.7874636054039001,0.4520120620727539,-0.3988589478137173,-0.08230297162849919,-0.27559883305470934
10.105817875002685,0.03836655616760254,-0.03579246997833252,0.07364583015441895,-0.017294999212026596,0.8251619935035706,0.5146567821502686,-0.39047901599916934,-0.08410923002108572,-0.2711350150092947
10.115872875001514,0.06220787763595581,-0.0018447041511535645,0.0069692134857177734,0.12456951290369034,0.7885098457336426,0.5102625489234924,-0.38224813522104983,-0.08554402830720927,-0.26630889918938383
10.125928875000682,0.020386502146720886,0.03103160858154297,-0.05825936794281006,0.33357998728752136,0.749704897403717,0.46211740374565125,-0.37424045582226867,-0.08511101016444057,-0.2609399829198293
10.13598387499951,-0.006545886397361755,0.11312258243560791,-0.09073162078857422,0.45154398679733276,0.6992036700248718,0.36152058839797974,-0.3665269622861126,-0.082817392170148,-0.2556210196187158
10.146039874998678,-0.03252220153808594,0.08823484182357788,-0.05899697542190552,0.4451020658016205,0.6392055749893188,0.2695845663547516,-0.35947277066465766,-0.07969140448631264,-0.2510863850066152
10.156094875004783,-0.03574340045452118,0.08649146556854248,-0.04952913522720337,0.449676513671875,0.5974835753440857,0.2413991242647171,-0.3529008639474812,-0.07640713557560704,-0.24709822484712862
10.16615087500395,-0.00958620011806488,0.07105058431625366,-0.056821584701538086,0.41672390699386597,0.591569721698761,0.2502517104148865,-0.3466061999382353,-0.07313076435586822,-0.2432279701857651
10.176206875003118,0.00016412138938903809,-0.01403355598449707,0.0013682246208190918,0.33014827966690063,0.6248472929000854,0.29925698041915894,-0.3402074351001651,-0.07056250770483917,-0.23937459342026532
10.186261875001946,0.006728276610374451,-0.0525628924369812,0.08396047353744507,0.3339507281780243,0.7312232851982117,0.3918561339378357,-0.3329994023320869,-0.06866383597198061,-0.2349735178645284
10.196317875001114,0.02871406078338623,-0.06593453884124756,0.1339629888534546,0.33689162135124207,0.8787561058998108,0.4819718599319458,-0.3243801719420649,-0.0668901800271827,-0.22961655810620277
10.206372874999943,0.07011188566684723,-0.07852953672409058,0.15440326929092407,0.2795471251010895,0.9617913961410522,0.531122624874115,-0.3147720277953849,-0.06552384341740233,-0.22380597740379587
10.21642887499911,0.08919017016887665,-0.05649465322494507,0.12451040744781494,0.282868891954422,0.9738848805427551,0.5363548398017883,-0.3047399679571012,-0.06447738276247503,-0.2178519946668772
10.226483875005215,0.054352447390556335,-0.005807101726531982,0.08788669109344482,0.30041539669036865,0.9513114094734192,0.49230775237083435,-0.2949063929105697,-0.06312779739940896,-0.21212670731401698
10.236539875004382,0.007627397775650024,-0.015361249446868896,0.05141556262969971,0.28673961758613586,0.9114697575569153,0.4333176016807556,-0.28544462186093467,-0.06149184070195338,-0.20691879484020984
10.24659587500355,-0.0027432888746261597,-0.0270349383354187,0.010013461112976074,0.256050169467926,0.8611850142478943,0.40436822175979614,-0.2764443952897047,-0.05997589552037045,-0.20221569126762426
10.256650875002379,-1.7434358596801758e-06,-0.026029348373413086,0.00832974910736084,0.14732350409030914,0.8281511664390564,0.3873405456542969,-0.2678306934839156,-0.058972267610989906,-0.19786607236374124
10.266706875001546,-0.006935536861419678,-0.06186842918395996,0.04243123531341553,-0.07681132107973099,0.8434443473815918,0.41900181770324707,-0.2593848130927145,-0.05958270282779077,-0.19395414467010857
10.276761875000375,0.015373900532722473,-0.11309421062469482,0.06247377395629883,-0.24062395095825195,0.856359601020813,0.47253403067588806,-0.2508046550504619,-0.06227767350985885,-0.19011687405300845
10.286817874999542,0.05217348039150238,-0.0672803521156311,-0.026382148265838623,-0.22312192618846893,0.8342838883399963,0.5136545300483704,-0.24198239360473026,-0.06584236828413063,-0.18586775510299758
10.296872874998371,0.06026184558868408,-0.020686030387878418,-0.06436935067176819,-0.1335141807794571,0.7689112424850464,0.4893931448459625,-0.2336699077031316,-0.06884523297949018,-0.1813817969494514
10.306928875004814,0.020641282200813293,0.0131072998046875,-0.09383749961853027,-0.02323615550994873,0.7226239442825317,0.4655107259750366,-0.22600371852133586,-0.0706721781676059,-0.17695988571269183
10.316983875003643,0.0036292672157287598,0.08340209722518921,-0.13014239072799683,0.1607227623462677,0.6389316916465759,0.4123356342315674,-0.21894569313801227,-0.07094914747269981,-0.1725297347394573
10.32703987500281,-0.027087748050689697,0.06456345319747925,-0.1312149167060852,0.3099910616874695,0.5761540532112122,0.3507513701915741,-0.2126965943381853,-0.06939112578468991,-0.16837465609660454
10.337095875001978,-0.013215124607086182,0.1046609878540039,-0.16100436449050903,0.3924526572227478,0.5373981595039368,0.3189938962459564,-0.20670391778469416,-0.06660524256508131,-0.16423591560427447
10.347150875000807,0.0011705458164215088,0.1003800630569458,-0.11592546105384827,0.2749233543872833,0.5412725210189819,0.29596102237701416,-0.20110959518451824,-0.06382066280070067,-0.16055544644391856
10.357206874999974,-0.0012275874614715576,0.03456223011016846,-0.027098089456558228,0.08156420290470123,0.5692721605300903,0.3159121870994568,-0.19527547304768705,-0.06271525136762737,-0.1571742978080888
10.367261874998803,0.016968652606010437,0.017330586910247803,0.03062877058982849,-0.02045537158846855,0.6314910650253296,0.37278664112091064,-0.1891024441609621,-0.06311766958862437,-0.1537527438559159
10.377317875005247,0.04011698067188263,0.011937558650970459,0.05751204490661621,0.009748736396431923,0.7133762240409851,0.4483150839805603,-0.18228299221054237,-0.06398067318197613,-0.14980036801003488
10.387372875004075,0.06404611468315125,0.00041878223419189453,0.05888301134109497,0.21931235492229462,0.7641558051109314,0.48791709542274475,-0.1748599316404475,-0.06373430106802655,-0.14509437687518825
10.397428875003243,0.09732484817504883,0.07227867841720581,-0.046499401330947876,0.5683802366256714,0.7247282266616821,0.4775773882865906,-0.16721339485311812,-0.06066663866967356,-0.13967084677607686
10.407483875002072,0.090198814868927,0.12065702676773071,-0.09168845415115356,0.8939895033836365,0.6678926348686218,0.4018714427947998,-0.16013496482827877,-0.05390561455983101,-0.1341736369241291
10.41753987500124,0.033486753702163696,0.13186240196228027,-0.08214831352233887,1.016728162765503,0.6634748578071594,0.32453006505966187,-0.15322101709829036,-0.044942156632052074,-0.12905475990960066
10.427595875000407,-0.04736985266208649,-0.01833164691925049,-0.001327812671661377,0.9155956506729126,0.5711790323257446,0.20402789115905762,-0.14703719739308416,-0.035577057062257604,-0.12504508730537514
10.437650874999235,-0.03747186064720154,-0.0016011595726013184,-0.03572267293930054,0.770113468170166,0.5045962333679199,0.14183592796325684,-0.14169748041908453,-0.027318562670476578,-0.12214929322575882
10.447706874998403,0.008757740259170532,0.08680492639541626,-0.07555282115936279,0.4596528112888336,0.45384839177131653,0.08397476375102997,-0.1369688312310477,-0.021209316083018858,-0.12021651596521357
10.457761875004508,-0.006309241056442261,-0.03148311376571655,-0.02873051166534424,0.049586474895477295,0.4137249290943146,0.09330584108829498,-0.13279421526260193,-0.01879793119486373,-0.11912656569044612
10.467817875003675,0.003878161311149597,-0.08791089057922363,0.009955406188964844,-0.12381433695554733,0.39491263031959534,0.14335143566131592,-0.1289823281575044,-0.019437239961632775,-0.11812150183070569
10.477872875002504,0.023587271571159363,-0.047714829444885254,-0.0022252798080444336,-0.08868329226970673,0.4369278848171234,0.19607491791248322,-0.12480221173327381,-0.020755933382398374,-0.11658141606000202
10.487928875001671,0.028530821204185486,-0.03310728073120117,0.012362003326416016,0.014447350986301899,0.48232731223106384,0.24103626608848572,-0.12013963833367061,-0.021446388041778622,-0.11445008087878973
10.4979838750005,0.03762231767177582,-0.02197355031967163,0.008407413959503174,0.17223921418190002,0.49932441115379333,0.25852155685424805,-0.11518993562059607,-0.020856451494669595,-0.11185931386216505
10.508039874999668,0.057217076420784,0.05971479415893555,-0.03405696153640747,0.3737395703792572,0.46714621782302856,0.24821513891220093,-0.11035027516929229,-0.018448837058742423,-0.10901931228544602
10.518095874998835,0.03830598294734955,0.09281051158905029,-0.04812276363372803,0.4064342975616455,0.44863057136535645,0.18998362123966217,-0.10591180342092275,-0.014530102509021715,-0.1064338309246282
10.52815087500494,-0.0047941505908966064,0.0439532995223999,-0.030784547328948975,0.1306743621826172,0.422959566116333,0.13086678087711334,-0.10166546867510995,-0.01184586283789661,-0.10464785038778097
10.538206875004107,-0.0023742467164993286,0.0030596256256103516,-0.0002161264419555664,-0.13413430750370026,0.374796062707901,0.12151274085044861,-0.09781519440482896,-0.01204761756441748,-0.10349250867215436
10.548261875002936,0.00957094132900238,-0.004730701446533203,-0.013379812240600586,-0.22308816015720367,0.33307284116744995,0.13178108632564545,-0.09456140252683337,-0.01400286683752519,-0.10252441971815794
10.558317875002103,0.01550506055355072,0.013584315776824951,-0.044696807861328125,-0.24401096999645233,0.3320138156414032,0.14539077877998352,-0.09145781472718892,-0.016420192877908305,-0.10145131760357858
10.568372875000932,0.027649149298667908,0.01553720235824585,-0.047049641609191895,-0.27745601534843445,0.33389508724212646,0.15087714791297913,-0.08830359423974943,-0.01910252756547643,-0.10030017427681928
10.5784288750001,0.04085859656333923,0.011271297931671143,-0.04623234272003174,-0.29820263385772705,0.32465389370918274,0.15126316249370575,-0.08509104353865454,-0.022108549149421713,-0.09908409605085111
10.588484874999267,0.05592632293701172,0.04373055696487427,-0.06880918145179749,-0.2303311973810196,0.29314470291137695,0.15478278696537018,-0.08211545326247305,-0.024898658010244507,-0.09783150536189417
10.598539874998096,0.04085126519203186,0.04498755931854248,-0.06596723198890686,-0.13844819366931915,0.2657875418663025,0.13866525888442993,-0.07939426900720538,-0.026873423431250737,-0.09655285571390339
10.60859587500454,0.010743573307991028,0.020031750202178955,-0.06048166751861572,0.014493689872324467,0.2708001434803009,0.14308875799179077,-0.07685671376543174,-0.02757954357086655,-0.09527916871174116
10.618650875003368,-0.01045730710029602,-0.02764427661895752,-0.02776700258255005,0.1997082382440567,0.2512228488922119,0.11596039682626724,-0.07433016622273479,-0.026547751246012618,-0.0939096537674098
10.628706875002536,-0.02161279320716858,-0.08275610208511353,-0.025036275386810303,0.41464823484420776,0.1882081925868988,0.050080712884664536,-0.07219676068986473,-0.023594692546878814,-0.09293512470597744
10.638761875001364,0.00992649793624878,-0.016123950481414795,-0.09215307235717773,0.7392227649688721,0.14915359020233154,0.05366221442818642,-0.07061845791604979,-0.017881015259010428,-0.09208190140611865
10.648817875000532,0.02716536819934845,0.08278065919876099,-0.09325575828552246,1.1014801263809204,0.1416991502046585,0.019520491361618042,-0.06919583397959721,-0.008590492467950874,-0.09104368645165425
10.65887287499936,-0.008129045367240906,0.11666524410247803,-0.03555712103843689,1.255223035812378,0.18737462162971497,0.003651911625638604,-0.0674709980031381,0.003363755126713825,-0.09011763680083247
10.668928874998528,-0.03225456178188324,0.0768669843673706,0.036972373723983765,1.1786632537841797,0.23756375908851624,0.03633475676178932,-0.06533617412778664,0.01573356458468547,-0.08909480471425231
10.678984875004971,-0.02847568690776825,-0.004910767078399658,0.07971251010894775,0.8558592200279236,0.28668177127838135,0.06846392899751663,-0.06275205860389632,0.026012718416080646,-0.08791714592734268
10.6890398750038,-0.006874397397041321,-0.08252036571502686,0.09711229801177979,0.38030678033828735,0.3300742506980896,0.0840439572930336,-0.05971253314978879,0.03226445051451087,-0.08677166051782073
10.699095875002968,0.00972224771976471,-0.1077343225479126,0.11476734280586243,-0.09663353860378265,0.339572012424469,0.08254323154687881,-0.0565312963071648,0.033582194073044816,-0.08589890276127492
10.709150875001797,0.015751510858535767,-0.07525390386581421,0.08656123280525208,-0.315436452627182,0.30895525217056274,0.09647103399038315,-0.05343437968822259,0.03130104552185917,-0.08520318507382932
10.719206875000964,0.009394213557243347,0.006500542163848877,0.0515424907207489,-0.3006184995174408,0.29614052176475525,0.13183511793613434,-0.05048922968082554,0.028101479804648596,-0.08423396202870438
10.729261874999793,-0.018871575593948364,-0.005024731159210205,-0.01945209503173828,-0.24555976688861847,0.2729145586490631,0.1229175329208374,-0.04757965322744209,0.02531754617235358,-0.08304393422665064
10.73931787499896,-0.04062388837337494,-0.05085855722427368,-0.03404557704925537,-0.2534865736961365,0.20094023644924164,0.08259753882884979,-0.045171446899703684,0.022738953215172955,-0.08211451048212896
10.749372875005065,-0.02911555767059326,-0.02221888303756714,-0.049547940492630005,-0.23870684206485748,0.12606972455978394,0.06317909806966782,-0.04359192766696903,0.020252724581640038,-0.08150847933518429
10.759428875004232,-0.015094742178916931,0.018564283847808838,-0.09630566835403442,-0.3032534420490265,0.07708326727151871,0.04840670898556709,-0.04255595373275448,0.0175624312248424,-0.08105191006234022
10.769483875003061,-0.017392337322235107,-0.006112217903137207,-0.09087786078453064,-0.43501439690589905,0.03576725721359253,0.0497761033475399,-0.04211065181569478,0.01385211550896672,-0.0807486777632371
10.779539875002229,-0.014159232378005981,-0.034540772438049316,-0.05344665050506592,-0.5039802193641663,0.02385573275387287,0.05896880105137825,-0.04174402689918684,0.009008150542779514,-0.0803603487791123
10.789595875001396,-0.008768618106842041,-0.00763469934463501,-0.029341936111450195,-0.4244534373283386,0.031465183943510056,0.07049976289272308,-0.04151953666367426,0.004227389548344597,-0.07992715763159966
10.799650375003694,-0.00363217294216156,0.02725464105606079,-0.02803131937980652,-0.25383105874061584,0.060916412621736526,0.09029873460531235,-0.04106486077774934,0.0007541050560216698,-0.07925300705026087
10.809706375002861,-0.004844963550567627,0.0372011661529541,-0.024999499320983887,-0.06475169211626053,0.08106882125139236,0.09367215633392334,-0.04039867222575539,-0.0008878817880533456,-0.07841654016161627
10.81976137500169,-0.004003569483757019,0.050324201583862305,-0.02388620376586914,0.11295559257268906,0.10248849540948868,0.09215445071458817,-0.03946226655647867,-0.000647514067408658,-0.07745775872800444
10.829817375000857,-0.00358445942401886,0.06285703182220459,-0.02915981411933899,0.20631110668182373,0.09860720485448837,0.062184836715459824,-0.038407488967110284,0.0009816585456350441,-0.07658904256676526
10.839872374999686,-0.009405046701431274,0.0429917573928833,-0.01896148920059204,0.19644521176815033,0.07632919400930405,0.03181827440857887,-0.03761887453100316,0.0030605990420447147,-0.0760952799533282
10.849928374998854,-0.008600026369094849,0.02271479368209839,-0.019407540559768677,0.1368521898984909,0.040863875299692154,0.0021842168644070625,-0.037208754546410094,0.004767276680625372,-0.07593527791892361
10.859984375005297,-0.007730022072792053,0.023340463638305664,-0.028355687856674194,0.07808123528957367,0.00778435543179512,-0.016100488603115082,-0.037073315758943494,0.005867544594607748,-0.07600907226473348
10.870039375004126,-0.007272198796272278,0.022656023502349854,-0.02308642864227295,0.022929297760128975,-0.017344700172543526,-0.0251749437302351,-0.03701689449657236,0.006350175805887698,-0.07616957723615903
10.880095375003293,-0.004704952239990234,0.015757381916046143,-0.02183946967124939,0.01571803353726864,-0.024339891970157623,-0.022194359451532364,-0.03718499853100857,0.006520365605866866,-0.07638211406127732
10.890150375002122,-0.00030288100242614746,0.016560792922973633,-0.017537206411361694,0.04215390235185623,-0.018567755818367004,-0.01657508872449398,-0.03747212831008728,0.006917677224279289,-0.0765859101939393
10.90020637500129,0.003228098154067993,0.015033841133117676,0.0015957057476043701,0.08564745634794235,0.0025672228075563908,-0.015495204366743565,-0.03756316298265236,0.007704072524514387,-0.07671474565589316
10.910261375000118,-0.0014562606811523438,0.0025773048400878906,0.02803906798362732,0.09850279986858368,0.030912844464182854,-0.014680277556180954,-0.0373172462398104,0.008770529834861193,-0.07676409263421237
10.920317374999286,-0.0025351494550704956,-0.013403236865997314,0.04600551724433899,0.02679842710494995,0.05887283757328987,-0.022923292592167854,-0.03675090048980764,0.009516672294284826,-0.07687521766515273
10.930372374998115,0.0023587793111801147,-0.02778768539428711,0.05524137616157532,-0.05866587162017822,0.06011094152927399,-0.025149429216980934,-0.03587541917579664,0.009385681996981934,-0.07705853134516523
10.940428375004558,0.010321110486984253,-0.026597142219543457,0.04381510615348816,-0.07565297931432724,0.06066927686333656,-0.026923121884465218,-0.0350266897202778,0.008793143790049134,-0.07726973119405894
10.950484375003725,0.008954137563705444,-0.012669920921325684,0.027036815881729126,-0.04147050902247429,0.05872410163283348,-0.0211549811065197,-0.03426722729006322,0.00827303820042201,-0.07750493897460832
10.960539375002554,0.004827678203582764,-0.0004029273986816406,0.004290342330932617,0.007612748071551323,0.049097172915935516,-0.010013246908783913,-0.03367397478479907,0.008229597196715005,-0.07765608024201032
10.970595375001722,0.004908904433250427,-0.014132678508758545,-0.00856366753578186,0.006018313579261303,0.03915399685502052,-0.005780952051281929,-0.0330573889185821,0.008396898330386121,-0.07765385844557078
10.98065037500055,0.007274717092514038,-0.034149110317230225,-0.007518589496612549,-0.024345718324184418,0.027495475485920906,-0.0012893707025796175,-0.032809741184517356,0.008323023023356075,-0.07769589881119068
10.990706374999718,0.01511026918888092,-0.02921658754348755,-0.006226986646652222,-0.02346048317849636,0.022452248260378838,0.007808786351233721,-0.03252464045111147,0.007924873303882416,-0.0776418721264934
11.000761374998547,0.015032872557640076,-0.023127079010009766,-0.010871291160583496,-0.018690450116991997,0.016159597784280777,0.01921774074435234,-0.03211089973482232,0.007445245765353179,-0.0774313168825558
11.01081737500499,0.02655160427093506,-0.014233589172363281,-0.04450979828834534,-0.024932634085416794,0.01506423857063055,0.032611846923828125,-0.03182905831841671,0.006919775493082941,-0.07712164834137061
11.020872375003819,0.028691649436950684,-0.0015130043029785156,-0.03654208779335022,-0.022721678018569946,-0.0009975513676181436,0.024841058999300003,-0.03189609419394976,0.006478623218992644,-0.07686543148410763
11.030928375002986,0.017133891582489014,-0.005429863929748535,-0.0051243603229522705,-0.017405474558472633,-0.013685915619134903,0.020000232383608818,-0.03195525882014917,0.006132060443180185,-0.0765915919469075
11.040984375002154,0.012464076280593872,0.00039708614349365234,-0.0070029497146606445,0.0028783134184777737,-0.0177546925842762,0.02573779970407486,-0.03218627363005969,0.0060529018134011315,-0.0763653127760407
11.051039375000983,0.013275399804115295,0.008805990219116211,-0.009752601385116577,-0.006816924549639225,-0.00933457724750042,0.025753512978553772,-0.03240394511203492,0.006085198300226362,-0.07611723586993625
11.06109537500015,0.007561773061752319,-0.00016176700592041016,0.006384223699569702,-0.020174851641058922,-0.005094691179692745,0.029777469113469124,-0.032601431926442985,0.005943432729774272,-0.075890119499233
11.071150374998979,0.00983215868473053,-0.0004774928092956543,0.004891097545623779,-0.0012986328219994903,-0.007238003425300121,0.032135430723428726,-0.0326504823001314,0.005777460325562938,-0.07554410088670489
11.081206374998146,0.01780320703983307,0.010230422019958496,-0.010785073041915894,0.03084336780011654,-0.013871538452804089,0.031228279694914818,-0.03278596232996534,0.005936318291065541,-0.07518070750392142
11.091261375004251,0.02056831121444702,0.012243151664733887,-0.030323714017868042,0.05225171893835068,-0.032352544367313385,0.02517091855406761,-0.03297410746116585,0.0065981406009755815,-0.07470120783385847
11.101317375003418,0.010641977190971375,0.004700183868408203,-0.032383859157562256,0.054623931646347046,-0.05564814805984497,0.014443466439843178,-0.033252773593657865,0.007318420845753395,-0.07422509023496168
11.111372375002247,0.003342673182487488,0.0032516121864318848,-0.03397449851036072,0.044278085231781006,-0.08551017194986343,0.008396759629249573,-0.03400387249538097,0.007822515601537034,-0.07402255109739654
11.121428375001415,0.0003225952386856079,0.0021372437477111816,-0.03839761018753052,0.046022988855838776,-0.11494874954223633,0.003187722759321332,-0.035035152492106605,0.008323045121274334,-0.07388383986477269
11.131484375000582,-0.0067310631275177,-0.002015054225921631,-0.03456827998161316,0.028707381337881088,-0.1280435174703598,0.0002595771220512688,-0.036165861375572206,0.008740489872232143,-0.07374619973058362
11.141539374999411,-0.00954754650592804,-0.0005838274955749512,-0.02286207675933838,0.02005370520055294,-0.1264171302318573,-0.003633697982877493,-0.03748481226823423,0.008920184244085468,-0.0737334140103992
11.151595374998578,-0.01133657991886139,-0.0047283172607421875,-0.002398073673248291,0.008505972102284431,-0.13492245972156525,-0.010044991970062256,-0.03901558255640078,0.009044430427380951,-0.07382581907207446
11.161650375004683,-0.008114561438560486,0.0007335543632507324,-0.007252484560012817,0.02040204592049122,-0.13788442313671112,-0.014479953795671463,-0.04064196317500033,0.009314992506735321,-0.07390567261607166
11.17170637500385,-0.001776859164237976,0.016210734844207764,-0.018571466207504272,0.05286038666963577,-0.15881741046905518,-0.019733572378754616,-0.04229861636561763,0.009961023058569505,-0.07396724968000051
11.18176137500268,-0.00485578179359436,0.019399404525756836,-0.0254497230052948,0.0758298859000206,-0.17376945912837982,-0.03226986899971962,-0.044096219725423415,0.010890202983372007,-0.07418305238090732
11.191817375001847,-0.008491605520248413,0.011954665184020996,-0.034124940633773804,0.03894323855638504,-0.20807310938835144,-0.0579691082239151,-0.04598715605609771,0.011801139490400552,-0.07460772906979864
11.201872375000676,-0.008900284767150879,0.0043593645095825195,-0.03437459468841553,-0.003756641410291195,-0.2533484399318695,-0.07627557218074799,-0.04826923806450837,0.012273086327237418,-0.07529155906629796
11.211928374999843,-0.004054456949234009,0.019051849842071533,-0.056127458810806274,-0.011382336728274822,-0.29094481468200684,-0.09146571159362793,-0.05103403716297192,0.012468863926795035,-0.07624534961094903
11.22198437499901,-0.009477749466896057,0.032105326652526855,-0.08467113971710205,-0.024666493758559227,-0.3078499138355255,-0.0996478721499443,-0.05391422383049429,0.012492601788155437,-0.07725358705138728
11.232039375005115,-0.026543498039245605,0.01538461446762085,-0.0611577033996582,-0.04495259001851082,-0.3313773274421692,-0.13102389872074127,-0.05711762223320575,0.012242854277884931,-0.07853694239625944
11.242095375004283,-0.03760133683681488,0.009990453720092773,-0.05368652939796448,-0.053881727159023285,-0.3982594311237335,-0.17001193761825562,-0.060800122682099146,0.011923956343393825,-0.08017594099296578
11.252150375003112,-0.02753584086894989,0.04861652851104736,-0.13497331738471985,-0.003505638800561428,-0.513395369052887,-0.22714874148368835,-0.0653259424964818,0.011818557771155815,-0.08215540750149732
11.262206375002279,-0.011577919125556946,0.10639488697052002,-0.23695790767669678,0.11495021730661392,-0.6651796698570251,-0.29547885060310364,-0.07137742331540718,0.01261311563481273,-0.08480563575094274
11.272261375001108,-0.0050160884857177734,0.14310264587402344,-0.2959034740924835,0.2506771385669708,-0.8334517478942871,-0.383353590965271,-0.07904776748007386,0.014775150872111962,-0.08811504264676792
11.282317375000275,-0.003376215696334839,0.16926419734954834,-0.32658159732818604,0.3759213089942932,-0.9879703521728516,-0.47005441784858704,-0.08838833603218815,0.018346183932805817,-0.09220741427307354
11.292373374999443,0.01053011417388916,0.17013055086135864,-0.29313838481903076,0.31997841596603394,-1.112927794456482,-0.5860265493392944,-0.0991694026941968,0.022606198419127872,-0.09725150130580917
11.302428374998271,0.02501392364501953,0.145718514919281,-0.24765214323997498,-0.04640956223011017,-1.2509291172027588,-0.6964967250823975,-0.1111440685976178,0.024834090895990854,-0.10362274874190468
11.312484375004715,0.061875611543655396,0.10649847984313965,-0.21257701516151428,-0.37466734647750854,-1.422226905822754,-0.7585427761077881,-0.12454317047057879,0.02352728017757707,-0.11126437863297307
11.322539375003544,0.10549408197402954,0.11560356616973877,-0.2139796018600464,-0.43887194991111755,-1.5718148946762085,-0.7915533185005188,-0.13963728878264883,0.020328346847444716,-0.11964179744679183
11.332595375002711,0.11910179257392883,0.15035659074783325,-0.22954082489013672,-0.2728315591812134,-1.6582685708999634,-0.8072398900985718,-0.15587833945801338,0.01796523061663231,-0.1281700696223071
11.34265037500154,0.1371212750673294,0.13929063081741333,-0.2199161946773529,-0.1299503892660141,-1.7147927284240723,-0.8005536794662476,-0.17294876010700944,0.017390993755209378,-0.13657179976581263
11.352706375000707,0.17225810885429382,0.08767467737197876,-0.17221558094024658,-0.042747315019369125,-1.7386161088943481,-0.7676167488098145,-0.19047415791541894,0.018097288584362495,-0.144586240646527
11.362761374999536,0.19399259984493256,0.03934001922607422,-0.10779669880867004,0.03298419341444969,-1.7192163467407227,-0.7138130068778992,-0.2077557603062104,0.019527554844252223,-0.15191299877975745
11.372817374998704,0.18958799540996552,0.0050588250160217285,-0.03629100322723389,0.11540903151035309,-1.6442031860351562,-0.6534018516540527,-0.22470084360160797,0.021762650069001667,-0.15852047470906028
11.382873375005147,0.1665862649679184,-0.026523113250732422,0.023566603660583496,0.11722490936517715,-1.5369635820388794,-0.5972020626068115,-0.2407481880277497,0.024445791722865127,-0.16439408601985459
11.392928375003976,0.14605113863945007,-0.07885545492172241,0.07212895154953003,0.1343277245759964,-1.4434868097305298,-0.5453740358352661,-0.2556494588063179,0.02706576895109038,-0.16968755413347594
11.402984375003143,0.13183245062828064,-0.09351581335067749,0.11614900827407837,0.24571941792964935,-1.3376613855361938,-0.4899175763130188,-0.26969236716320305,0.030302297481307253,-0.17428132397001628
11.413039375001972,0.10936152935028076,-0.06726205348968506,0.13793820142745972,0.35460805892944336,-1.2210311889648438,-0.4416384696960449,-0.28261191366818217,0.034584791132376176,-0.17800077110201284
11.42309537500114,0.09108671545982361,-0.0794561505317688,0.1606276035308838,0.3645528256893158,-1.1311975717544556,-0.40833598375320435,-0.29448208441583423,0.03938286278670402,-0.18109493345121253
11.433150374999968,0.08253464102745056,-0.09758329391479492,0.19202297925949097,0.28878775238990784,-1.0902348756790161,-0.3889535069465637,-0.3055930590522377,0.043744761992567265,-0.18400067395428912
11.443206374999136,0.08467236161231995,-0.09100794792175293,0.18622896075248718,0.191903218626976,-1.0733575820922852,-0.3688511848449707,-0.3164280471779165,0.04724692429305275,-0.1869040705522006
11.45326137500524,0.05711963772773743,-0.09129613637924194,0.17304396629333496,-0.07421846687793732,-1.0598756074905396,-0.3645871877670288,-0.32688301687176613,0.04911314063208507,-0.1901232435892808
11.463317375004408,0.024090513586997986,-0.09735333919525146,0.15126356482505798,-0.5533931255340576,-1.0719008445739746,-0.3818695545196533,-0.33733716818036164,0.04742414130712619,-0.19468908017496608
11.473372375003237,0.014259159564971924,-0.126085102558136,0.10805138945579529,-0.9415336847305298,-1.1332800388336182,-0.3716941475868225,-0.34828696350621924,0.041499372830682224,-0.20089409034697664
11.483428375002404,0.010893717408180237,-0.11265397071838379,0.06085255742073059,-1.0023739337921143,-1.1707192659378052,-0.37184062600135803,-0.35985205192049496,0.033523621035258404,-0.20791556132773006
11.493484375001572,-0.01011762022972107,-0.024249672889709473,0.0001373887062072754,-0.8714730739593506,-1.180142879486084,-0.4003412425518036,-0.3715712076719226,0.026111333315620072,-0.21493182658997392
11.5035393750004,-0.018079295754432678,0.05194735527038574,-0.04188966751098633,-0.805170476436615,-1.1628698110580444,-0.41342732310295105,-0.38319906184084257,0.019840846597169916,-0.22180224373696916
11.513595374999568,-0.010058119893074036,0.02843564748764038,-0.02657836675643921,-0.7832215428352356,-1.1424082517623901,-0.41627079248428345,-0.39457294733426757,0.013985526123489411,-0.22861170543521903
11.523650374998397,-0.004144981503486633,0.006504833698272705,0.0071468353271484375,-0.7209792733192444,-1.10560941696167,-0.4257759153842926,-0.4057764199370867,0.008613155506934197,-0.23545778898211425
11.53370637500484,-0.00038127601146698,0.043486595153808594,0.017431557178497314,-0.6107292175292969,-1.0336225032806396,-0.42797330021858215,-0.41667318441506696,0.004253857109951084,-0.24210941169578207
11.543761375003669,-0.0008708387613296509,0.06697583198547363,0.013435781002044678,-0.6070875525474548,-0.9657263159751892,-0.44070377945899963,-0.42675595757534796,0.0005432794919437481,-0.24858901262221225
11.553817375002836,0.00547441840171814,0.05941486358642578,0.024510085582733154,-0.6453715562820435,-0.9106180667877197,-0.42890465259552,-0.43633726716008653,-0.0033378049324538374,-0.2552813007308633
11.563873375002004,0.00767245888710022,0.0127946138381958,0.04639074206352234,-0.5669395327568054,-0.8980696201324463,-0.4350510239601135,-0.4457386256564702,-0.006961385534788879,-0.2619249918393562
11.573928375000833,-0.00344906747341156,0.021548211574554443,0.02338886260986328,-0.39512041211128235,-0.8831180930137634,-0.44002872705459595,-0.45489830514073787,-0.009414659148900308,-0.26808298536985453
11.583984375,0.005047395825386047,0.08157390356063843,-0.03896224498748779,-0.20623095333576202,-0.8760702013969421,-0.4520575702190399,-0.46369061513233817,-0.010132719074378497,-0.2733658413234613
11.594039374998829,0.008559748530387878,0.05587053298950195,-0.030482470989227295,-0.07970631122589111,-0.8818098306655884,-0.4637099802494049,-0.47252043236592783,-0.009386775387114285,-0.27810272089982135
11.604095375005272,0.004262179136276245,0.012906372547149658,0.0001710057258605957,-0.046811968088150024,-0.875823974609375,-0.47105908393859863,-0.4812577226099673,-0.007828990626796916,-0.28245964789236444
11.614150375004101,-0.010035336017608643,-0.006910502910614014,0.04416048526763916,-0.12051334977149963,-0.8609158396720886,-0.49387332797050476,-0.49015413208917935,-0.006195052175423477,-0.2871564463014584
11.624206375003268,-0.011526107788085938,-0.0022388100624084473,0.07243454456329346,-0.3526383638381958,-0.8292756676673889,-0.5062894821166992,-0.4986711263122307,-0.005823278030743599,-0.29264472910998957
11.634261375002097,-0.010758131742477417,-0.031153440475463867,0.10632050037384033,-0.6623868942260742,-0.8231660723686218,-0.5261535048484802,-0.5071682661215617,-0.007727560484958258,-0.29976288154205716
11.644317375001265,0.011217162013053894,-0.03870654106140137,0.06339681148529053,-0.7978196740150452,-0.8420050740242004,-0.4968118369579315,-0.5156026138755396,-0.011774875255762651,-0.30792402641999017
11.654373375000432,0.008657380938529968,-0.015352010726928711,0.027911722660064697,-0.6991831064224243,-0.8442431688308716,-0.4850590229034424,-0.5242751107522702,-0.01591526974709235,-0.316001669529659
11.664428374999261,-0.026933640241622925,-0.01631784439086914,0.00040668249130249023,-0.5071930885314941,-0.8377916812896729,-0.492477148771286,-0.5330822425973983,-0.018607478106212254,-0.3234333106395705
11.674484374998428,-0.03171321749687195,-0.0034604668617248535,-0.014892041683197021,-0.28170377016067505,-0.8227783441543579,-0.5029801726341248,-0.5416863393104452,-0.019420517631372255,-0.32980378956128276
11.684539375004533,-0.0233478844165802,0.009312689304351807,0.019686520099639893,-0.1421949416399002,-0.8134423494338989,-0.5386197566986084,-0.5502413810872563,-0.018361793980851283,-0.3354271939031683
11.6945953750037,-0.01632000505924225,0.003171563148498535,0.06639504432678223,-0.16393885016441345,-0.7859920859336853,-0.5555329918861389,-0.5584245698253562,-0.016684621679567756,-0.3409237475443
11.70465037500253,-0.00415387749671936,-0.019068002700805664,0.09249711036682129,-0.38506656885147095,-0.7455286979675293,-0.567716658115387,-0.5661903757488956,-0.015935630566995665,-0.34708990941029233
11.714706375001697,-0.0009052306413650513,-0.06289350986480713,0.13368862867355347,-0.6678580641746521,-0.7264493107795715,-0.5613781213760376,-0.5737142421294569,-0.01729959474403293,-0.35477691663025385
11.724761375000526,0.006227433681488037,-0.08388030529022217,0.1293635368347168,-0.779531717300415,-0.711746096611023,-0.5143482685089111,-0.5811732779423291,-0.02056510270943775,-0.36341092799826274
11.734817374999693,0.0009767115116119385,-0.07755786180496216,0.06531023979187012,-0.6595291495323181,-0.6875544786453247,-0.46910998225212097,-0.5883846651386272,-0.023989685539222597,-0.37158573007483137
11.744872374998522,-0.006507515907287598,-0.06224185228347778,0.01761782169342041,-0.384667307138443,-0.6519983410835266,-0.4277734160423279,-0.5954375511584945,-0.02580851113875053,-0.37834884859244305
11.754928375004965,-0.013366639614105225,-0.04013180732727051,0.0008664131164550781,0.040948688983917236,-0.6260737776756287,-0.39544954895973206,-0.6020835487578712,-0.024893840802794113,-0.38282063620469237
11.764984375004133,-6.201863288879395e-05,0.0075016021728515625,-0.02370983362197876,0.30249348282814026,-0.5838845372200012,-0.3902895152568817,-0.608185499974072,-0.021176275389712177,-0.3849795699049594
11.775039375002962,0.004965111613273621,-0.019079506397247314,0.02486860752105713,0.22179490327835083,-0.5485209226608276,-0.40440401434898376,-0.6138184772477255,-0.01659297116229252,-0.38654943445819695
11.785095375002129,0.0005590170621871948,-0.07157021760940552,0.11374080181121826,-0.054431892931461334,-0.5278239846229553,-0.4079975485801697,-0.6191410166560233,-0.013619626625886883,-0.38934553859465537
11.795150375000958,0.0007231831550598145,-0.056339919567108154,0.1205863356590271,-0.34076833724975586,-0.499620258808136,-0.38341790437698364,-0.6242224045234747,-0.012999768490075008,-0.3936529035365621
11.805206041666679,-0.007795348763465881,-0.06922858953475952,0.11877083778381348,-0.6195945143699646,-0.48918598890304565,-0.370833158493042,-0.6292540974400352,-0.01477054718531104,-0.3996108725392538
11.815261041665508,-0.02252201735973358,-0.10377538204193115,0.09729713201522827,-0.699958860874176,-0.4745705723762512,-0.333286851644516,-0.6341263214404864,-0.018222090823657524,-0.4064681619793609
11.825317041671951,-0.024070575833320618,-0.0492250919342041,0.03471153974533081,-0.48233798146247864,-0.45739397406578064,-0.2975187599658966,-0.638852174526607,-0.021302213169623208,-0.41260428894367507
11.83537204167078,-0.036174118518829346,-0.017443418502807617,-0.011789917945861816,-0.12958069145679474,-0.4384317398071289,-0.277279794216156,-0.6432893142503364,-0.022167316568154866,-0.41672204685873687
11.845428041669948,-0.032984331250190735,0.006914734840393066,-0.02990114688873291,0.18537133932113647,-0.40334954857826233,-0.2695837914943695,-0.6473894959180868,-0.020310228101633104,-0.418587269194737
11.855484041669115,-0.0001379847526550293,0.022925913333892822,-0.00020653009414672852,0.2854262888431549,-0.3686179220676422,-0.2757255733013153,-0.6512314255761672,-0.01667589073424623,-0.41918644906971103
11.865539041667944,0.011634498834609985,-0.009313821792602539,0.06878215074539185,0.0313633494079113,-0.325977623462677,-0.31493300199508667,-0.6545699154203533,-0.013590279657692824,-0.4204083022562106
11.875595041667111,0.00729641318321228,-0.0398554801940918,0.1304646134376526,-0.2869533896446228,-0.29295018315315247,-0.2941691279411316,-0.6574963872203476,-0.01286173451828655,-0.423573268911958
11.88565004166594,0.012157946825027466,-0.016922414302825928,0.1305965781211853,-0.5162246227264404,-0.2778404653072357,-0.2770490348339081,-0.6602613849133343,-0.014476699952129385,-0.4282810376601535
11.895706041665107,-0.021371036767959595,-0.06404447555541992,0.12240773439407349,-0.5564990639686584,-0.2586822211742401,-0.25693926215171814,-0.6629749061735796,-0.01723312940671919,-0.43375706176868845
11.905761041671212,-0.03295108675956726,-0.03593599796295166,0.05108916759490967,-0.3879714608192444,-0.2501407861709595,-0.2341274470090866,-0.665718036584045,-0.019467066482091504,-0.43869064923164675
11.91581704167038,-0.004718706011772156,0.03057229518890381,-0.01603531837463379,-0.13592644035816193,-0.24526748061180115,-0.203707754611969,-0.6684077883324124,-0.020073817054415105,-0.44210884701225067
11.925872041669209,0.014825493097305298,0.01046299934387207,-0.05122518539428711,0.07575744390487671,-0.23514147102832794,-0.18110786378383636,-0.6707867998931945,-0.01909442714133214,-0.4437083077702192
11.935928041668376,0.008493602275848389,-0.017485082149505615,-0.03530246019363403,0.07448631525039673,-0.20678013563156128,-0.18507571518421173,-0.6729784058824245,-0.0172675268760078,-0.44454471845444166
11.945984041667543,0.003455743193626404,-0.018720924854278564,0.01900780200958252,-0.1267629861831665,-0.18908263742923737,-0.1989583522081375,-0.6748849608023716,-0.016207104118535483,-0.44606924500556316
11.956039041666372,-0.018482714891433716,-0.04487496614456177,0.10176724195480347,-0.48684394359588623,-0.19261504709720612,-0.22176006436347961,-0.6768472213816197,-0.01724779681953389,-0.4495976522813149
11.96609504166554,-0.038202837109565735,-0.0691753625869751,0.10361897945404053,-0.7857664823532104,-0.21166318655014038,-0.2199823260307312,-0.6789664419756911,-0.02094351468249397,-0.4553876980612678
11.976150041671644,-0.01901431381702423,-0.06311142444610596,0.050501883029937744,-0.8586851954460144,-0.2367405742406845,-0.1933043748140335,-0.6813444863700835,-0.02621408468871033,-0.46226184728374736
11.986206041670812,0.000594601035118103,-0.04444253444671631,-0.005985915660858154,-0.7380802631378174,-0.2437024712562561,-0.1618083119392395,-0.6838650674514302,-0.031460203853183794,-0.4687327163738009
11.99626104166964,0.025270625948905945,-0.03733164072036743,-0.047586262226104736,-0.46371954679489136,-0.23362401127815247,-0.11334597319364548,-0.6864034969914357,-0.03535255937932876,-0.473684625056675
12.006317041668808,0.0362219363451004,-0.022728025913238525,-0.042167603969573975,-0.0766763910651207,-0.2016008347272873,-0.06437534093856812,-0.6886660118723057,-0.03690842916236395,-0.47606181388059476
12.016372041667637,0.02433137595653534,-0.02384626865386963,-0.013505816459655762,-0.02037982828915119,-0.1550288051366806,-0.08029758185148239,-0.69021910741801,-0.036799267376851165,-0.4766135712925376
12.026428041666804,0.028850644826889038,-0.045825958251953125,0.050636470317840576,-0.22273528575897217,-0.12421828508377075,-0.05811667442321777,-0.6913614223344584,-0.037473436238663234,-0.4777995396841889
12.036484041665972,0.018798306584358215,-0.03311300277709961,0.0926927924156189,-0.34709876775741577,-0.10563980787992477,-0.02674809843301773,-0.6922404335810216,-0.0397418153952117,-0.4798283582621253
12.0465390416648,-0.004463359713554382,-0.06590104103088379,0.06353968381881714,-0.3989003002643585,-0.10087820887565613,-0.009681417606770992,-0.6931055674987374,-0.042689358706863786,-0.4822396852581621
12.056595041671244,0.011978015303611755,-0.06218767166137695,0.013537943363189697,-0.39196011424064636,-0.105501189827919,0.008966302499175072,-0.6939956285658229,-0.046000671078093296,-0.48468691500574107
12.066650041670073,0.014511853456497192,-0.03654789924621582,0.005322754383087158,-0.25122708082199097,-0.12059811502695084,0.011141040362417698,-0.6950084455153815,-0.04882572754276478,-0.48661620815517503
12.07670604166924,-0.000537872314453125,-0.028190255165100098,-0.019650638103485107,0.023697441443800926,-0.13299646973609924,0.0107905687764287,-0.6960939121497186,-0.04997556611134765,-0.48719016094335815
12.086761041668069,0.005921781063079834,0.021005094051361084,-0.06760650873184204,0.16798001527786255,-0.13835753500461578,-0.0035677847918123007,-0.697262077896567,-0.04925007674744057,-0.48630826242042285
12.096817041667236,0.0017547458410263062,-0.0009872913360595703,-0.03340083360671997,0.0756780356168747,-0.1420830339193344,-0.031130969524383545,-0.6983820447709944,-0.04833635980899665,-0.4854643991809261
12.106872041666065,-0.0303523987531662,-0.013708293437957764,0.03135371208190918,-0.06978289037942886,-0.13489662110805511,-0.04383794963359833,-0.6995560773785979,-0.04823670197056238,-0.48562848016293186
12.116928041665233,-0.021250098943710327,0.02178633213043213,0.037812650203704834,-0.323986679315567,-0.14966145157814026,-0.05325089395046234,-0.7008352216601822,-0.049550171572087,-0.4870806481597267
12.126984041671676,-0.020030468702316284,-0.0359225869178772,0.05966717004776001,-0.6337600946426392,-0.16292013227939606,-0.0657118484377861,-0.7023168421021957,-0.05310019502235549,-0.49055610702254343
12.137039041670505,-0.029849126935005188,-0.0170937180519104,0.04933410882949829,-0.7398442029953003,-0.18442249298095703,-0.06309130042791367,-0.7041568963680438,-0.058231666710417275,-0.49552890019245865
12.147095041669672,-0.01821054518222809,0.018534600734710693,-0.012011706829071045,-0.6236475706100464,-0.1985875964164734,-0.05555274337530136,-0.7061695883174799,-0.06333323022815701,-0.5004015862743724
12.157150041668501,-0.017491772770881653,0.005213022232055664,-0.04134088754653931,-0.3120417296886444,-0.197551891207695,-0.06101914495229721,-0.7081978280515832,-0.0667720631008387,-0.5038891404364806
12.167206041667669,-0.004666000604629517,0.05053335428237915,-0.07656490802764893,0.07500945776700974,-0.16520659625530243,-0.04847392812371254,-0.7099685148026149,-0.06737730400435234,-0.5049355475383328
12.177261041666497,0.030218347907066345,0.08237016201019287,-0.06087595224380493,0.2823578417301178,-0.12707358598709106,-0.04334361478686333,-0.7111831450038344,-0.06578466821729057,-0.5039557732404928
12.187317041665665,0.03152628242969513,0.030994296073913574,0.0009993314743041992,0.31561633944511414,-0.07884547859430313,-0.04421231150627136,-0.7120365276154248,-0.06323512147827944,-0.5022456427894043
12.19737204167177,0.013342246413230896,0.034433066844940186,0.059061527252197266,0.21453233063220978,-0.03875957801938057,-0.04074407368898392,-0.7124196050879672,-0.06090541840086021,-0.500678368687498
12.207428041670937,0.014463216066360474,0.01060253381729126,0.08734863996505737,0.020391926169395447,-0.010776812210679054,-0.02005959488451481,-0.7124144755192925,-0.05998854332102251,-0.5000735847353024
12.217484041670104,0.0027351826429367065,-0.021270692348480225,0.07147282361984253,-0.059348974376916885,0.006568355485796928,0.008833037689328194,-0.7122991799230595,-0.0603049135071548,-0.5002100395543055
12.227539041668933,-0.0065275877714157104,-0.025415003299713135,0.03615617752075195,-0.03318963199853897,0.023078355938196182,0.017673028632998466,-0.7120268262546462,-0.0608752105103093,-0.5003642207258912
12.2375950416681,-0.006169810891151428,-0.019055604934692383,0.0014764666557312012,0.06760835647583008,0.027364980429410934,0.020061085000634193,-0.7116756534878977,-0.06099621089265192,-0.5001063382167099
12.24765004166693,-0.004250258207321167,-0.006601691246032715,-0.015255153179168701,0.21099907159805298,0.020260998979210854,0.003044071840122342,-0.7113264344721809,-0.06005119415735146,-0.49907886099326987
12.257706041666097,-0.0009488761425018311,0.026525437831878662,-0.015758991241455078,0.30273377895355225,0.018711570650339127,-0.014327728189527988,-0.7110058454573713,-0.058042153651966195,-0.49736824226109116
12.267761041664926,0.0033411532640457153,0.0175895094871521,-0.004120886325836182,0.1854080855846405,0.023001259192824364,-0.0407942496240139,-0.7104902899103464,-0.056030796770046236,-0.4957153495309894
12.27781704167137,-0.004422426223754883,-0.009850561618804932,0.057520151138305664,-0.06278174370527267,0.01702059805393219,-0.06276186555624008,-0.709979105913561,-0.05548860076893977,-0.49553888430949056
12.287872041670198,-0.023349598050117493,-0.021275103092193604,0.090426504611969,-0.2367834448814392,0.014978219754993916,-0.06299569457769394,-0.7098986035671838,-0.056246697747314174,-0.4970539628253656
12.297928041669365,-0.009029492735862732,-0.0073506832122802734,0.03822404146194458,-0.3390413820743561,0.014345717616379261,-0.032210882753133774,-0.7096300867996228,-0.05835403756095367,-0.49921173785529294
12.307984041668533,-0.0063194334506988525,-0.033965349197387695,-0.016832828521728516,-0.3268967270851135,0.01908867433667183,-0.0006595330778509378,-0.7094117463726666,-0.06105972348370863,-0.5015421510300833
12.318039041667362,-0.026300892233848572,-0.01169741153717041,-0.031170308589935303,-0.16657733917236328,0.02378515899181366,0.031392406672239304,-0.709112017204839,-0.0632392246883475,-0.503015064440468
12.32809504166653,-0.016222357749938965,-0.01651632785797119,-0.04224550724029541,0.02621217630803585,0.0261862650513649,0.0657457485795021,-0.7086359528511822,-0.06425871189833747,-0.5029492326148086
12.338150041665358,-0.0024784356355667114,-0.044616878032684326,-0.005620181560516357,0.1807873696088791,0.026570027694106102,0.06497050076723099,-0.7081267796522165,-0.0639351593832861,-0.5016276956098792
12.348206041671801,0.01889657974243164,-0.021588444709777832,0.020175278186798096,0.24377672374248505,0.04063098505139351,0.05306233838200569,-0.7075484544516822,-0.06271362663775867,-0.49962087032865177
12.35826104167063,0.03588217496871948,-0.0021263957023620605,0.03215724229812622,0.17502668499946594,0.0486455038189888,0.03131256625056267,-0.7068260124423311,-0.061536350870940164,-0.4978586853712421
12.368317041669798,0.014711514115333557,0.011360585689544678,0.05535370111465454,0.0271926186978817,0.04271317645907402,-0.0021667492110282183,-0.7062023137456347,-0.06101650144541981,-0.4971513654045532
12.378372041668626,-0.007153704762458801,0.006044626235961914,0.030357420444488525,-0.07544374465942383,0.029203226789832115,-0.009671004489064217,-0.7056939750623473,-0.061355537319035584,-0.4974222630321451
12.388428041667794,-0.0169755220413208,0.018608689308166504,-0.014946162700653076,-0.10515064001083374,0.011199327185750008,-0.01169604528695345,-0.7054376929347452,-0.062059461491005344,-0.49811527549451873
12.398484041666961,-0.028672218322753906,-0.001161038875579834,-0.01330864429473877,-0.11862862855195999,0.0027176914736628532,-0.019589122384786606,-0.7052436775917788,-0.06286073601070617,-0.4989567971177642
12.40853904166579,-0.012017801403999329,0.010071337223052979,-0.021276772022247314,-0.07731994241476059,-0.0034593776799738407,0.006406232248991728,-0.7050910126138402,-0.06366669734349475,-0.499566214724275
12.418595041664958,0.0065713077783584595,0.002195298671722412,-0.010584652423858643,-0.024284686893224716,0.009029782377183437,0.0373590886592865,-0.7050401704122744,-0.06428771726597883,-0.4998039267840485
12.428650041671062,0.027566835284233093,-0.030907869338989258,0.01182323694229126,0.02993767149746418,0.038263436406850815,0.07899209856987,-0.7046972884617981,-0.06481262505808083,-0.4992761253447254
12.43870604167023,0.03837499022483826,-0.033814311027526855,0.036734819412231445,0.038938358426094055,0.0756363719701767,0.10196878761053085,-0.7041356900863059,-0.06521109906283411,-0.49831386480493334
12.448761041669059,0.032844796776771545,-0.019317984580993652,0.04284173250198364,0.039922308176755905,0.09832490980625153,0.1198381707072258,-0.7031961798208066,-0.06580333662020803,-0.49719636113845755
12.458817041668226,0.01309552788734436,-0.0014304518699645996,0.02964341640472412,0.0697084292769432,0.12354450672864914,0.12073512375354767,-0.7018974502065007,-0.06627189720292896,-0.4958962835591106
12.468872041667055,-0.01795598864555359,0.008478164672851562,0.018275797367095947,0.06738735735416412,0.1237848624587059,0.09684973210096359,-0.7004340536878035,-0.0663609618497809,-0.4944838958978445
12.478928041666222,-0.037606775760650635,-0.0021347403526306152,0.01879441738128662,0.01837586797773838,0.11768995225429535,0.07144104689359665,-0.698874658955212,-0.06661549955285047,-0.49353436694591013
12.48898404166539,-0.040750205516815186,0.003919243812561035,0.0025826096534729004,-0.01129915751516819,0.10276465862989426,0.06137923151254654,-0.6976481332942902,-0.06694427973953841,-0.4929543526634964
12.499039041671494,-0.02558179199695587,-0.013069212436676025,0.0035688281059265137,-0.011770537123084068,0.08417046815156937,0.06710715591907501,-0.6966091362025462,-0.06751782423523597,-0.4924697904148407
12.509095041670662,-0.006359770894050598,-0.024462461471557617,-0.0016943812370300293,-0.00045614189002662897,0.08431068807840347,0.07945237308740616,-0.6957482885374183,-0.06825108001388819,-0.4919422390672905
12.51915004166949,0.0022205114364624023,-0.0024862289428710938,-0.006217837333679199,-0.018780553713440895,0.07903949916362762,0.10339445620775223,-0.6948874013284005,-0.06934802759725356,-0.49128317035848157
12.529206041668658,-0.009058639407157898,-0.019762277603149414,0.004399597644805908,-0.03874649479985237,0.0804380550980568,0.10546935349702835,-0.6941192989079105,-0.07060810458926166,-0.49071230179999303
12.539261041667487,-0.018486231565475464,-0.00740361213684082,0.011833250522613525,-0.04943668842315674,0.0833161324262619,0.10624326765537262,-0.6932028701465898,-0.07188917911927574,-0.4901548942247732
12.549317041666654,-0.017396003007888794,-0.002115309238433838,0.012388050556182861,-0.04677272588014603,0.10309650003910065,0.1098218634724617,-0.6919880500697027,-0.07312320797159799,-0.48961962054982994
12.559372041665483,-0.022011995315551758,-0.00868213176727295,0.028867900371551514,0.011606956832110882,0.134956955909729,0.1256258487701416,-0.6905289357507903,-0.07407782015527314,-0.48895610336653733
12.569428041671927,-0.015989229083061218,-0.00995725393295288,0.05046957731246948,0.03750695288181305,0.18645276129245758,0.15356159210205078,-0.688545001746657,-0.07473189164377872,-0.4877529788738387
12.579484041671094,-0.006105959415435791,-0.04753071069717407,0.08861762285232544,0.046146512031555176,0.2411636859178543,0.18605855107307434,-0.6859842244877303,-0.0756161411437513,-0.4861825607074933
12.589539041669923,-0.007400810718536377,-0.08997678756713867,0.1192426085472107,0.09606454521417618,0.294257789850235,0.2251192331314087,-0.6829507717038882,-0.07653004645445856,-0.48409705177974655
12.59959504166909,0.008256420493125916,-0.06696397066116333,0.10269498825073242,0.12848159670829773,0.32471156120300293,0.2432476431131363,-0.6793609161614451,-0.0773177934578242,-0.4813622882814617
12.60965004166792,0.009107589721679688,-0.07079172134399414,0.0984840989112854,0.1429339051246643,0.3484511375427246,0.24823513627052307,-0.6755340557646046,-0.0779581005585991,-0.4785003100058467
12.619706041667087,0.008561819791793823,-0.047516822814941406,0.06096428632736206,0.1255495846271515,0.3471840023994446,0.23368895053863525,-0.6717346985994467,-0.07843909531783648,-0.47575355200502784
12.629761041665915,0.0028289109468460083,-0.03213787078857422,0.021609008312225342,0.11304325610399246,0.3291310667991638,0.2090688943862915,-0.6678968149211758,-0.0790416573318412,-0.47317449001247475
12.639817041665083,-0.010751098394393921,-0.01999187469482422,0.009750783443450928,0.07992738485336304,0.3066833019256592,0.18511269986629486,-0.6644147064727453,-0.07960633014219992,-0.47101999376298664
12.649872041671188,-0.005821362137794495,-0.023486316204071045,0.0073699951171875,-0.00010766705963760614,0.2987523078918457,0.18611258268356323,-0.6612950008920031,-0.08045914137242832,-0.4694110369426774
12.659928041670355,-0.003961741924285889,-0.03524339199066162,0.02579474449157715,-0.06913014501333237,0.3071745038032532,0.2056276947259903,-0.6579835669425126,-0.0820510803092579,-0.4680140586583785
12.669984041669522,-0.0013834238052368164,-0.0431218147277832,0.03718811273574829,-0.10144311934709549,0.3201301395893097,0.23067571222782135,-0.6546088061717574,-0.08417947646000555,-0.4667440083759166
12.680039041668351,0.0013349056243896484,-0.0667237639427185,0.03991621732711792,-0.10568473488092422,0.33479776978492737,0.2569749653339386,-0.6510811584988914,-0.08660495329985651,-0.46536163034832273
12.690095041667519,0.001781567931175232,-0.05786597728729248,0.04426532983779907,-0.09383868426084518,0.36438456177711487,0.2865261733531952,-0.6473694632315533,-0.08911617338694144,-0.4637335648786256
12.700150041666348,0.009032860398292542,-0.04665017127990723,0.04376000165939331,-0.06990832090377808,0.4042432904243469,0.32234781980514526,-0.6432572825903963,-0.09168664403014999,-0.46173996617115326
12.710206041665515,0.0034772902727127075,-0.038244783878326416,0.03991621732711792,-0.027191748842597008,0.4389115273952484,0.3434953987598419,-0.6385074917117071,-0.09429408835798528,-0.4591979018965534
12.72026104167162,-0.010406717658042908,-0.03534048795700073,0.042513370513916016,0.025161737576127052,0.4620370864868164,0.3511791229248047,-0.6335488839667833,-0.09647634944346091,-0.4562919052032283
12.730317041670787,-0.02255105972290039,-0.03179889917373657,0.03912240266799927,0.0007300301222130656,0.4814676344394684,0.3411964476108551,-0.6283940774461736,-0.09850091183579948,-0.4533110122110687
12.740372041669616,-0.012488320469856262,-0.03569066524505615,0.05784577131271362,-0.02670319192111492,0.48494359850883484,0.33543843030929565,-0.6232626730537651,-0.10064801633074216,-0.4506182467163018
12.750428041668783,0.016914531588554382,-0.011584103107452393,0.07961475849151611,-0.013796492479741573,0.48855045437812805,0.3432798981666565,-0.6180946198032142,-0.10279867814024445,-0.4479602526963516
12.760483041667612,0.05010367929935455,0.0010448098182678223,0.04064357280731201,-0.030155492946505547,0.4997551739215851,0.3680020272731781,-0.6128377061745537,-0.10501750599269001,-0.44516031424154917
12.77053904166678,0.056668102741241455,-0.01075214147567749,0.014730393886566162,-0.03368879854679108,0.513396680355072,0.39556410908699036,-0.6074563862006356,-0.10751145271886423,-0.4422024282292937
12.780595041665947,0.033432409167289734,-0.010007739067077637,-0.002079904079437256,0.015665171667933464,0.5207842588424683,0.41724783182144165,-0.6019577471143025,-0.10985504291562896,-0.4388941370315832
12.790650041664776,0.011885777115821838,-0.006049752235412598,-0.009035050868988037,0.019390355795621872,0.5310194492340088,0.4316195845603943,-0.5963871364037541,-0.1120356426188715,-0.43529388699007204
12.80070604167122,-0.006496042013168335,-0.03079777956008911,0.01034480333328247,-0.0013633918715640903,0.5420292615890503,0.43548595905303955,-0.5903644171250216,-0.11453310675973283,-0.4314692007568189
12.810761500004446,-0.01073455810546875,-0.04228299856185913,0.02180725336074829,0.015568098053336143,0.5639654397964478,0.46971625089645386,-0.5841234294469251,-0.11717942563660605,-0.4274834316592709
12.820817500003614,0.00666278600692749,-0.05382359027862549,0.03196859359741211,0.06218539923429489,0.6102908253669739,0.5061357617378235,-0.5776296822076947,-0.11961288203856361,-0.4230736232713049
12.830872500002442,0.028423279523849487,-0.04752635955810547,0.017037689685821533,0.1667078584432602,0.6355835795402527,0.5355553030967712,-0.5706114244218476,-0.12164094196033776,-0.4179595517694397
12.84092850000161,0.04336066544055939,-0.02395528554916382,0.0013866424560546875,0.31713971495628357,0.6434372067451477,0.536841869354248,-0.5633091234243083,-0.12261525123278086,-0.41196995684867066
12.850983500000439,0.019390076398849487,-0.014425277709960938,0.004766225814819336,0.39654386043548584,0.6540281772613525,0.5160924792289734,-0.5558943004047454,-0.12239275008938114,-0.4054338306579285
12.861039499999606,0.006326586008071899,0.004955887794494629,0.0034592151641845703,0.3838813304901123,0.6491208076477051,0.5003390908241272,-0.5485391953733404,-0.12172919973244141,-0.3989390344125605
12.871095499998773,-0.010639429092407227,-0.002739131450653076,0.03195291757583618,0.30403247475624084,0.6509799957275391,0.48702454566955566,-0.5411518489832677,-0.1213945425917257,-0.3927937711271513
12.881150500004878,-0.031966060400009155,-0.03495830297470093,0.07513922452926636,0.19223323464393616,0.6549091935157776,0.47251617908477783,-0.5339084696107244,-0.12170431886101392,-0.38730548778821433
12.891206500004046,-0.02029992640018463,-0.06493973731994629,0.08718395233154297,0.1208013966679573,0.6740879416465759,0.4865122139453888,-0.5265483899636335,-0.12287992323646595,-0.38230379071439413
12.901261500002875,0.012436702847480774,-0.024224519729614258,0.04276913404464722,0.08892389386892319,0.6746586561203003,0.4785650670528412,-0.5190258945980738,-0.12445279736717552,-0.3774375090875743
12.911317500002042,0.01206156611442566,0.0002561807632446289,-0.003992438316345215,0.08867182582616806,0.6509435772895813,0.4592078626155853,-0.5117046821761322,-0.12608893097946158,-0.37283313369228976
12.92137250000087,-0.0010854154825210571,0.04281705617904663,-0.043509721755981445,0.13201077282428741,0.6093836426734924,0.41996538639068604,-0.5047946579458453,-0.1272726875840196,-0.36839838228886784
12.931428500000038,0.0009340941905975342,0.06447166204452515,-0.07285583019256592,0.16816984117031097,0.5865752696990967,0.40491724014282227,-0.4980999855690488,-0.12801926996601026,-0.36391957729932356
12.941483499998867,0.010592862963676453,0.048553526401519775,-0.06256479024887085,0.16541241109371185,0.5856306552886963,0.41305801272392273,-0.491629129984883,-0.12850648745622617,-0.3594479057421118
12.951539499998034,0.0008002668619155884,-0.00046330690383911133,0.02979952096939087,0.0877799317240715,0.6205079555511475,0.43972763419151306,-0.48502555740566183,-0.12934482650422785,-0.3550216867916164
12.961595500004478,0.019779741764068604,-0.05181705951690674,0.10549908876419067,-0.04871293157339096,0.6879304051399231,0.526361882686615,-0.4778159663111505,-0.1314576171145575,-0.35061887199883357
12.971650500003307,0.06313551962375641,-0.09608858823776245,0.12865477800369263,-0.10332264751195908,0.779919445514679,0.6231105327606201,-0.46966744119719167,-0.13491752423268674,-0.34572894815433486
12.981706500002474,0.07519471645355225,-0.04918980598449707,0.0635446310043335,-0.03451854735612869,0.8132938742637634,0.6739358901977539,-0.4607868810626124,-0.138593075248109,-0.3400982107134692
12.991761500001303,0.05778910219669342,-0.01823270320892334,0.01024848222732544,0.1333959400653839,0.8107235431671143,0.6432352066040039,-0.4517471441840977,-0.1411034944735133,-0.3338558065248562
13.00181750000047,0.014029264450073242,0.016122162342071533,-0.02631509304046631,0.39558282494544983,0.8133054971694946,0.6048681139945984,-0.44258120621475977,-0.14140941256678663,-0.3269297475964283
13.0118724999993,0.00856943428516388,0.07665514945983887,-0.048782289028167725,0.5745583176612854,0.8092489838600159,0.553613543510437,-0.4334818127756429,-0.13932683962239714,-0.3195083335176608
13.021928499998467,-0.013945206999778748,0.018777012825012207,0.02145063877105713,0.5612787008285522,0.8240913152694702,0.5124778151512146,-0.4242385221506728,-0.13629728101880273,-0.3121402289515289
13.031983500004571,-0.012666001915931702,-0.009676158428192139,0.08901411294937134,0.41259685158729553,0.8481300473213196,0.5021547079086304,-0.41502108164438234,-0.13377574925795427,-0.3054582101112038
13.042039500003739,0.02118934690952301,-0.02481156587600708,0.10691100358963013,0.18465769290924072,0.861543595790863,0.533490002155304,-0.4057160864279095,-0.13306697370732942,-0.29950008434495895
13.052094500002568,0.04226776957511902,-0.0891580581665039,0.10706138610839844,0.0720854327082634,0.8788149952888489,0.5739770531654358,-0.39630853963191043,-0.13408916809623891,-0.29388486013746007
13.062150500001735,0.03861178457736969,-0.021461963653564453,-0.0043482184410095215,0.1165679469704628,0.8401738405227661,0.576507568359375,-0.3870526916101446,-0.13543056226578587,-0.2881911258613316
13.072206500000902,0.01613876223564148,0.020305097103118896,-0.06965833902359009,0.18025483191013336,0.7851989269256592,0.5202540755271912,-0.3782443995775573,-0.13608061164991284,-0.28252879541407344
13.082261499999731,-0.026254430413246155,0.03864789009094238,-0.08812689781188965,0.27135729789733887,0.7467314004898071,0.4612296521663666,-0.37001687545740913,-0.1356755700781404,-0.2772004542404022
13.092317499998899,-0.01642259955406189,0.1036798357963562,-0.09351235628128052,0.2339315414428711,0.7151281833648682,0.4083951413631439,-0.3622672748849442,-0.134646122319563,-0.2722956210191767
13.102372500005004,-0.01924082636833191,0.04117840528488159,-0.024000346660614014,0.05898290500044823,0.6831347942352295,0.3754539489746094,-0.3551206209616315,-0.13440960032177407,-0.2682952215794222
13.112428500004171,-0.010172456502914429,0.001943826675415039,0.02031242847442627,-0.08543552458286285,0.674340546131134,0.4046207070350647,-0.34810160963723985,-0.13581788165823427,-0.2648001357016283
13.122483500003,0.027364134788513184,-0.004633069038391113,0.015404284000396729,-0.1332579106092453,0.6950061321258545,0.4652014970779419,-0.34094057718112614,-0.1382995254893578,-0.26116169488200686
13.132539500002167,0.05337633192539215,-0.002017199993133545,-0.03657180070877075,-0.08330859243869781,0.6856687068939209,0.5041848421096802,-0.3338173215822546,-0.14085022989432044,-0.25714512902738845
13.142594500000996,0.05472244322299957,0.03095388412475586,-0.08772820234298706,0.053346458822488785,0.6414133310317993,0.48409292101860046,-0.32679433804674546,-0.14247789978123696,-0.252628406938624
13.152650500000163,0.008067905902862549,0.040348708629608154,-0.11261814832687378,0.20552311837673187,0.6145462989807129,0.43110740184783936,-0.32022366210880204,-0.14250745917328853,-0.24802022375662786
13.16270649999933,-0.007362246513366699,0.10175174474716187,-0.118369460105896,0.2864440679550171,0.5858486294746399,0.38067030906677246,-0.3137424878364924,-0.14128652721413326,-0.24344552486130758
13.17276149999816,-0.004577308893203735,0.08288872241973877,-0.09461349248886108,0.2909182906150818,0.5758270621299744,0.3633195459842682,-0.30745972799838683,-0.13957327927565122,-0.23907712276812618
13.182817500004603,0.00039586424827575684,0.023871302604675293,-0.03612583875656128,0.3144771456718445,0.5908552408218384,0.37077558040618896,-0.3012183700459063,-0.13769421491204273,-0.23472402315191193
13.192872500003432,0.004777237772941589,-0.005631625652313232,0.02553945779800415,0.2850775420665741,0.6504237651824951,0.40368255972862244,-0.2947686382638403,-0.13571744194931076,-0.23027992498126298
13.2029285000026,0.021051019430160522,-0.02038949728012085,0.11307001113891602,0.0731796845793724,0.7259776592254639,0.45095258951187134,-0.2876985074576765,-0.13501343922289424,-0.22584881138022112
13.212983500001428,0.03414611518383026,-0.09706354141235352,0.15944230556488037,-0.1170056164264679,0.784188985824585,0.5216386914253235,-0.2797755600136263,-0.13657027289609458,-0.22137457068057462
13.223039500000596,0.046967893838882446,-0.07390415668487549,0.10735660791397095,-0.10103517025709152,0.8073316216468811,0.5806546211242676,-0.2713119492238239,-0.13921559508123493,-0.21646676146726596
13.233094499999424,0.05251973867416382,-0.01682460308074951,0.01592940092086792,-0.028866389766335487,0.7830983400344849,0.5537632703781128,-0.26277883413947956,-0.14124511477792928,-0.21118025320851627
13.243150499998592,0.029297128319740295,0.01712125539779663,-0.03189074993133545,0.01806303672492504,0.7134425640106201,0.4660925269126892,-0.25485051486024013,-0.14250476010890104,-0.2063310146900685
13.253205500004697,-0.0014812648296356201,0.05452090501785278,-0.043786585330963135,0.08034993708133698,0.6536058783531189,0.38219982385635376,-0.2478044898516827,-0.14295690328042202,-0.20227561739856614
13.263261500003864,-0.00954940915107727,0.07992035150527954,-0.05263882875442505,0.21563798189163208,0.6138738989830017,0.34988611936569214,-0.2413486945381842,-0.1422819848411982,-0.19859917505049304
13.273317500003031,-0.0018416643142700195,0.04790419340133667,-0.021792709827423096,0.29147326946258545,0.6251587867736816,0.35936567187309265,-0.2349839443954113,-0.14041107520196208,-0.1946889037789076
13.28337250000186,-0.026096820831298828,-0.08963608741760254,0.08895641565322876,0.19886398315429688,0.6559832692146301,0.3632672131061554,-0.22831232797342765,-0.13867316473467203,-0.1907403065648056
13.293428500001028,-0.021831020712852478,-0.10114330053329468,0.13384222984313965,0.12304457277059555,0.7168905138969421,0.41867104172706604,-0.22108209003332985,-0.13794795248399483,-0.18666367292423647
13.303483499999857,0.03903433680534363,-0.01434260606765747,0.0814589262008667,0.101044200360775,0.7602419853210449,0.49337244033813477,-0.21312651197329405,-0.13779267536014242,-0.18196499985571551
13.313539499999024,0.07302418351173401,-0.0207788348197937,0.02803093194961548,0.1349898725748062,0.7480161190032959,0.5224784016609192,-0.20501869772345352,-0.13771187061268084,-0.1767871255455077
13.323594500005129,0.06209993362426758,-0.017945826053619385,-0.020955681800842285,0.31058168411254883,0.7022600769996643,0.496936559677124,-0.1972902029561529,-0.13655119134326008,-0.1713991306387505
13.333650500004296,0.023791968822479248,0.045573651790618896,-0.08719229698181152,0.5695903301239014,0.6602127552032471,0.4373789131641388,-0.1898771052068071,-0.13306411380332592,-0.16593672252725775
13.343705500003125,0.006198376417160034,0.11161130666732788,-0.13060587644577026,0.7532960176467896,0.6180176734924316,0.3654378652572632,-0.18281485552147836,-0.1271880586859794,-0.16070811786396202
13.353761500002292,0.0067761242389678955,0.10462534427642822,-0.12888848781585693,0.7536337375640869,0.5844800472259521,0.2947995662689209,-0.17622186980601487,-0.12016886576261565,-0.1560597898674101
13.36381750000146,-0.0022181570529937744,0.045572876930236816,-0.07722777128219604,0.5892333388328552,0.5595715045928955,0.2552129924297333,-0.16996160201319932,-0.11397829613876394,-0.1521337847559467
13.373872500000289,0.003650352358818054,0.016711711883544922,-0.04006710648536682,0.4268938899040222,0.555992603302002,0.27707499265670776,-0.16405433155551194,-0.10940183049333456,-0.14870468509314755
13.383928499999456,0.014624133706092834,0.022768795490264893,-0.0015352964401245117,0.24113282561302185,0.589084804058075,0.31400159001350403,-0.15796775632978535,-0.1065200238933152,-0.14523593501836
13.393983499998285,0.006309211254119873,-0.05074089765548706,0.038952767848968506,0.019749483093619347,0.6178679466247559,0.3497375547885895,-0.15178806009396648,-0.10566806397684253,-0.14185401376889156
13.404039500004728,0.031091824173927307,-0.06064039468765259,0.02354586124420166,-0.03220346197485924,0.5953179001808167,0.38447797298431396,-0.14545720312782462,-0.10636323137785361,-0.138293595557658
13.414094500003557,0.060523465275764465,0.01440209150314331,-0.023119360208511353,-0.007983256131410599,0.5760400891304016,0.3682912290096283,-0.139360652077373,-0.10706006371457834,-0.13460577898827109
13.424150500002725,0.04405656456947327,0.05063045024871826,-0.05081981420516968,0.03339241445064545,0.5551443696022034,0.3283238410949707,-0.13336917641653945,-0.10741843004775821,-0.13112517420430803
13.434205500001553,-0.005101799964904785,-0.0032866597175598145,-0.009620130062103271,0.028477950021624565,0.5191588401794434,0.2593808174133301,-0.12769599670339485,-0.10744391596805929,-0.1281640651758309
13.44426150000072,-0.02196289598941803,-0.011466443538665771,-0.014150470495223999,0.09337705373764038,0.4761122763156891,0.22987323999404907,-0.12229993947373817,-0.10724497785220793,-0.12561529080414244
13.454317499999888,0.018067672848701477,0.051197171211242676,-0.056808263063430786,0.16979077458381653,0.43795666098594666,0.21289154887199402,-0.11735402001589602,-0.10624493472951824,-0.12318058181237848
13.464372499998717,0.03212261199951172,0.03278660774230957,-0.04518026113510132,0.19468441605567932,0.43413183093070984,0.22668379545211792,-0.112678871718858,-0.1046681719998328,-0.1207517137139439
13.47442850000516,0.02346968650817871,-0.03248053789138794,-0.005543410778045654,0.1954326629638672,0.4508577883243561,0.25989091396331787,-0.10797991770174886,-0.10299299264069339,-0.11809947238967004
13.48448350000399,0.029051244258880615,-0.05557531118392944,0.023092448711395264,0.1942393034696579,0.4861779808998108,0.2891577184200287,-0.10316466331208246,-0.10124846494514808,-0.11519931383239194
13.494539500003157,0.04352779686450958,-0.05035597085952759,0.023685753345489502,0.0686504915356636,0.5160250663757324,0.28131869435310364,-0.09794323246703837,-0.10013018649570775,-0.11222591354700197
13.504594500001986,0.05645193159580231,-0.03537541627883911,0.02108287811279297,-0.051810141652822495,0.5019204616546631,0.26316046714782715,-0.09264379757043875,-0.10036034324852601,-0.10954304645093169
13.514650500001153,0.055133819580078125,0.025255858898162842,0.02443903684616089,-0.057520534843206406,0.4623984396457672,0.24972714483737946,-0.08767118717568727,-0.10115241092309428,-0.107072952097355
13.524705499999982,0.028390541672706604,0.08572489023208618,0.006716549396514893,-0.004769175313413143,0.44231927394866943,0.24773350358009338,-0.08306501329663102,-0.10169709225310367,-0.10468024358663394
13.53476149999915,0.007622614502906799,0.04401588439941406,-0.042790889739990234,0.015309017151594162,0.4250388443470001,0.23893962800502777,-0.0784926269280725,-0.10177022134377181,-0.10221435810414972
13.544816500005254,0.006406575441360474,-0.002350926399230957,-0.043687641620635986,-0.011375590227544308,0.3943416476249695,0.22910457849502563,-0.07426101182850947,-0.10187730525905717,-0.09991716526768564
13.554872500004421,0.013999879360198975,-0.0024825334548950195,-0.027209162712097168,-0.03850547596812248,0.3808434307575226,0.24328187108039856,-0.07031197855768141,-0.10226888836168078,-0.09765695103864432
13.564928500003589,0.011586561799049377,0.007996976375579834,-0.010669887065887451,-0.042078107595443726,0.39561358094215393,0.28094562888145447,-0.06647416766111953,-0.1027934452333065,-0.09519852948191944
13.574983500002418,-0.004336953163146973,-0.01550358533859253,-0.001855999231338501,-0.033997103571891785,0.3982242941856384,0.3038583993911743,-0.0624200477189382,-0.10324956124348837,-0.09235488321495643
13.585039500001585,-0.0032954365015029907,-0.026359975337982178,-0.051425158977508545,-0.08949258178472519,0.34991827607154846,0.29253461956977844,-0.05861264899981537,-0.10395808412743553,-0.08949733054508811
13.595094500000414,0.014362692832946777,-0.007484793663024902,-0.09373176097869873,-0.062002770602703094,0.28005489706993103,0.2755281329154968,-0.05531957017265153,-0.10492723836812419,-0.08674278440823095
13.605150499999581,0.009719356894493103,0.03079235553741455,-0.09575563669204712,0.06380495429039001,0.22173859179019928,0.22804264724254608,-0.05255279823137677,-0.10515537160324556,-0.08418579071754509
13.61520549999841,-0.021811753511428833,0.05266726016998291,-0.08423089981079102,0.23916231095790863,0.19432507455348969,0.15993960201740265,-0.05022639970127149,-0.10369436119080604,-0.08215070862871542
13.625261500004854,-0.026407942175865173,0.07541489601135254,-0.08554840087890625,0.3494938611984253,0.1751103699207306,0.11926940083503723,-0.04827228540942184,-0.10075320063565012,-0.08062670103420727
13.635316500003682,-0.007794022560119629,0.09194058179855347,-0.07667931914329529,0.3816605806350708,0.15183182060718536,0.103257916867733,-0.04651688691089605,-0.09709564851684513,-0.07934834675425008
13.64537250000285,-0.0018187612295150757,0.05721956491470337,-0.05778765678405762,0.29370248317718506,0.1373194456100464,0.09088380634784698,-0.04494337573756098,-0.09368506203235209,-0.07819359712904071
13.655427500001679,-0.006112784147262573,0.005220532417297363,-0.030857324600219727,0.14411777257919312,0.1303318291902542,0.09711650758981705,-0.04361210925068214,-0.09149691992630098,-0.07721716596412012
13.665483500000846,-0.0029675960540771484,-0.013016581535339355,-0.003482520580291748,0.02513306215405464,0.13767364621162415,0.11343050003051758,-0.04226633114388674,-0.09073581192911473,-0.07615678850438952
13.675539500000014,-0.001017749309539795,-0.008438050746917725,0.0006814002990722656,-0.004224647767841816,0.14577019214630127,0.13763399422168732,-0.04084698530440641,-0.09072274262456205,-0.07493750676924839
13.685594499998842,0.0016604065895080566,0.0028116703033447266,0.00661158561706543,0.018553102388978004,0.15862074494361877,0.14394249022006989,-0.03914305576786807,-0.09072220343104087,-0.07346187469562154
13.695650500005286,-0.0029425621032714844,0.010501861572265625,0.012224316596984863,0.04357017204165459,0.16357702016830444,0.13893960416316986,-0.03739052935348931,-0.09044646550917378,-0.07201783980160084
13.705705500004115,-0.010960325598716736,0.004974782466888428,0.017151236534118652,0.04080847278237343,0.15135177969932556,0.11405237764120102,-0.03574800495406275,-0.0900205874155944,-0.07072664290612
13.715761500003282,-0.018447130918502808,-0.006401956081390381,0.014623463153839111,0.01340587716549635,0.1269122064113617,0.0859600231051445,-0.03421349496389067,-0.08978394880970841,-0.06969175849049926
13.72581650000211,-0.013654142618179321,0.009226858615875244,-0.0064716339111328125,0.004243805073201656,0.09150282293558121,0.06496632099151611,-0.03289940217215394,-0.08977258367325311,-0.06884986334207774
13.735872500001278,-0.008522912859916687,0.02317720651626587,-0.01564684510231018,-0.010544728487730026,0.06265972554683685,0.045663200318813324,-0.03202071433856865,-0.08982227363387031,-0.06827061775432089
13.745927500000107,-0.013317212462425232,0.011052846908569336,-0.00726628303527832,-0.04484810680150986,0.05137164890766144,0.035496048629283905,-0.031288418072884266,-0.09014320091208862,-0.06781138424913608
13.755983499999274,-0.007201671600341797,-0.005436301231384277,-0.00045239925384521484,-0.09387556463479996,0.05250561982393265,0.038983192294836044,-0.03074793171436479,-0.09086846732234938,-0.06747174361799191
13.766039499998442,0.002780735492706299,-0.01481318473815918,0.0063568949699401855,-0.1289651095867157,0.061229340732097626,0.045007262378931046,-0.030157496431841405,-0.09204248871554772,-0.06707761676186907
13.776094500004547,0.005591347813606262,-0.017085611820220947,0.020733922719955444,-0.1108645424246788,0.07097211480140686,0.05170929431915283,-0.029306235644192564,-0.09335694103905116,-0.0665609825927836
13.786150500003714,0.007283046841621399,0.0033243894577026367,0.01076650619506836,-0.03040192276239395,0.08741980046033859,0.05369468033313751,-0.028280728242896413,-0.09417634541594347,-0.06600622912644263
13.796205500002543,0.009924426674842834,0.0249253511428833,0.0099048912525177,0.041321445256471634,0.08931224048137665,0.043008264154195786,-0.027130761877638136,-0.09420854075555753,-0.06557331339288328
13.806262124999193,0.012765303254127502,0.012425780296325684,-0.0072705745697021484,0.022708076983690262,0.08318829536437988,0.016126850619912148,-0.02633204371707712,-0.09373743475667586,-0.0654305950285834
13.816317125005298,0.017617329955101013,0.01666402816772461,-0.026397496461868286,0.0286236684769392,0.04882260039448738,-0.00853700377047062,-0.02566302038888081,-0.09327279835875488,-0.06543078715783962
13.826373125004466,0.013494536280632019,0.024181902408599854,-0.03354179859161377,0.041218288242816925,0.02060294896364212,-0.031189586967229843,-0.025292644736360306,-0.0927938102090232,-0.06570419814473247
13.836428125003295,0.0040031373500823975,0.02433091402053833,-0.04862752556800842,0.03150436282157898,-0.008178232237696648,-0.04133700206875801,-0.025345058946351546,-0.09237604355104455,-0.06616750403420488
13.846484125002462,0.004802316427230835,0.010165512561798096,-0.05645167827606201,-0.005396394059062004,-0.03238530084490776,-0.039070386439561844,-0.025520066309572532,-0.09231714377832412,-0.06652196404791091
13.85653912500129,0.007639527320861816,-0.0034776926040649414,-0.05664855241775513,-0.041866566985845566,-0.05895312875509262,-0.02716757170855999,-0.02600682902125975,-0.09270063428604593,-0.06684629759356127
13.866595125000458,0.0110405832529068,-0.005180835723876953,-0.043991684913635254,-0.04013258218765259,-0.06490395963191986,-0.012936173006892204,-0.026597032414651695,-0.09317957941422661,-0.06698935696057014
13.876651124999626,0.013760417699813843,-0.0080491304397583,-0.03258717060089111,-0.04397032782435417,-0.05628371238708496,-0.0019807005301117897,-0.027333870116349763,-0.0935793883467924,-0.06704089388192434
13.886706124998454,0.014503687620162964,-0.009438693523406982,-0.013119637966156006,-0.03708871826529503,-0.049271609634160995,0.010849344544112682,-0.02791945105299989,-0.0939344919514345,-0.06694390809184612
13.896762125004898,0.017199501395225525,-0.00633770227432251,0.0024850964546203613,-0.012902069836854935,-0.04448670521378517,0.01506976131349802,-0.02838874832644436,-0.09403949912555408,-0.06671756065894845
13.906817125003727,0.015661239624023438,-0.002556025981903076,0.006407648324966431,0.037819430232048035,-0.03667059540748596,0.017653293907642365,-0.028681745087944386,-0.09374033244394236,-0.06642073724721906
13.916873125002894,0.01605778932571411,0.005660653114318848,-0.0014697611331939697,0.06814466416835785,-0.035798411816358566,0.013890568166971207,-0.029038028436361676,-0.0928962838214529,-0.06621882109164097
13.926928125001723,0.010508641600608826,-0.007510185241699219,-0.007874011993408203,0.053626712411642075,-0.0481480211019516,0.0020189944189041853,-0.029393030213702855,-0.09202550707769969,-0.06610378236147402
13.93698412500089,0.006528332829475403,-0.005615293979644775,-0.009482085704803467,0.06557578593492508,-0.06362125277519226,-0.00947739277034998,-0.02999267236309981,-0.09111731444875827,-0.06610081868223469
13.94703912499972,-0.0018688738346099854,0.002729356288909912,-0.005418121814727783,0.06855026632547379,-0.07029885798692703,-0.016759540885686874,-0.030678037365517337,-0.09019666098183293,-0.06617951177208671
13.957095124998887,-0.0032050907611846924,0.0038672685623168945,-0.007586091756820679,0.07284247875213623,-0.08319681882858276,-0.008256705477833748,-0.03144324428773321,-0.08932049958236105,-0.0662090765251081
13.967151124998054,0.001398429274559021,-0.0017455220222473145,-0.00751650333404541,0.07121901959180832,-0.09031544625759125,0.0015682277735322714,-0.03238922662885015,-0.08853797630615395,-0.06614784718389252
13.977206125004159,0.004271000623703003,0.004402220249176025,0.0010162889957427979,0.08616254478693008,-0.09107658267021179,0.013177426531910896,-0.033288269629995815,-0.0878431732502944,-0.06594216819689588
13.987262125003326,0.004305914044380188,0.006349742412567139,-0.005264222621917725,0.10075693577528,-0.0964559018611908,0.010546223260462284,-0.03432264539996037,-0.08699866539594915,-0.06572871773350177
13.997317125002155,0.007028058171272278,0.015675842761993408,-0.018176794052124023,0.13778544962406158,-0.11418536305427551,0.0013926189858466387,-0.0355223463301631,-0.08578807213521769,-0.06558138557374577
14.007373125001322,0.007546931505203247,0.023758232593536377,-0.02637392282485962,0.18841026723384857,-0.12842261791229248,-0.018610117956995964,-0.036796666880966576,-0.0841640329851164,-0.06559519596238919
14.017428125000151,2.008676528930664e-05,0.03219175338745117,-0.029255449771881104,0.2633211612701416,-0.13495668768882751,-0.039689887315034866,-0.03808618222763652,-0.08189138855330692,-0.06576679329782456
14.027484124999319,-0.00794990360736847,0.03540313243865967,-0.03148221969604492,0.295899361371994,-0.13800600171089172,-0.061222344636917114,-0.03932535720879453,-0.07904247419430627,-0.06613623794553403
14.037539124998148,-0.004722088575363159,0.04049503803253174,-0.020379722118377686,0.2539997398853302,-0.13814182579517365,-0.07196148484945297,-0.04060282870602266,-0.0762433417434914,-0.0666995117203459
14.047595125004591,0.002560064196586609,0.026572823524475098,-0.011637449264526367,0.14539578557014465,-0.14297039806842804,-0.07302861660718918,-0.04203304009787166,-0.07421593929060705,-0.06736995332967557
14.05765012500342,0.006610691547393799,-0.005013763904571533,-0.009706258773803711,0.06511105597019196,-0.1499287188053131,-0.06551632285118103,-0.04351995676395789,-0.07326697612701953,-0.06801082251903881
14.067706125002587,0.008479475975036621,-0.003330051898956299,-0.02047291398048401,0.07212262600660324,-0.16167032718658447,-0.05546022206544876,-0.045036319321574037,-0.07267888937133968,-0.06852922583476947
14.077762125001755,0.012261062860488892,0.0329974889755249,-0.03834962844848633,0.1717248111963272,-0.17634978890419006,-0.05331544578075409,-0.0468442684034119,-0.07133232413007998,-0.06896980444750271
14.087817125000583,0.012108772993087769,0.036973655223846436,-0.039544105529785156,0.2712884247303009,-0.19184459745883942,-0.0704243928194046,-0.04869176659619347,-0.06887611998343578,-0.06939188469930149
14.09787312499975,0.007128611207008362,0.0276644229888916,-0.036704570055007935,0.2954791784286499,-0.21587617695331573,-0.10558115690946579,-0.05077965279287108,-0.06572485094419328,-0.07010805588087922
14.10792812499858,-0.002327635884284973,0.012546241283416748,-0.008793056011199951,0.22720421850681305,-0.2691284716129303,-0.15402325987815857,-0.05345287566001814,-0.06271300375488166,-0.07138011364187583
14.117984125005023,-0.007998242974281311,0.011863410472869873,0.004498004913330078,0.134553924202919,-0.3113217353820801,-0.18883146345615387,-0.0563014917202672,-0.06066385942708599,-0.07295556721271473
14.128039125003852,-0.005886659026145935,0.03371149301528931,-0.014154434204101562,0.09039205312728882,-0.33450108766555786,-0.19518975913524628,-0.059511922181543477,-0.059393700180451044,-0.07473144103851127
14.13809512500302,-0.00964692234992981,0.025897741317749023,-0.008761227130889893,0.07945413887500763,-0.3534996807575226,-0.1998271495103836,-0.06298762938709544,-0.0584720624291191,-0.07663065301380667
14.148150125001848,-0.010145872831344604,0.008058905601501465,-0.009659409523010254,0.09546772390604019,-0.364378958940506,-0.19648408889770508,-0.06661273902769912,-0.0575350560172769,-0.0785396520558944
14.158206125001016,0.010961189866065979,0.030314326286315918,-0.03265237808227539,0.1619459092617035,-0.36161965131759644,-0.1952356994152069,-0.07038136832922455,-0.05608298952468022,-0.08044188207056366
14.168261124999844,0.026901528239250183,0.04240858554840088,-0.04394698143005371,0.20877014100551605,-0.37024402618408203,-0.20636238157749176,-0.07424442889638404,-0.054010804654698305,-0.08234210478941259
14.178317124999012,0.023615241050720215,0.035854995250701904,-0.048066407442092896,0.2669942378997803,-0.3739992380142212,-0.22367864847183228,-0.07801718354235199,-0.051479345332789736,-0.08427172345997683
14.18837312499818,0.0029944926500320435,0.028495728969573975,-0.024375438690185547,0.3171231746673584,-0.40328654646873474,-0.2814684510231018,-0.08201944989784829,-0.04832993548824092,-0.08654153567888566
14.198428125004284,-0.006187647581100464,0.04732447862625122,-0.01536262035369873,0.3187626898288727,-0.4211447536945343,-0.31206005811691284,-0.08623866458607257,-0.04488698392026842,-0.08924378721116208
14.208484125003451,-0.0015667825937271118,0.03829854726791382,-0.025876671075820923,0.2151409536600113,-0.4356352984905243,-0.336441308259964,-0.09054839346783258,-0.041881162337617336,-0.09218128857433797
14.21853912500228,-0.008334964513778687,-0.006778538227081299,-0.013225585222244263,0.11257631331682205,-0.4693349301815033,-0.34817075729370117,-0.0950841067550505,-0.03997720996162208,-0.09543263066020888
14.228595125001448,0.002066478133201599,-0.003264486789703369,-0.045834094285964966,0.07918214052915573,-0.5204721689224243,-0.3437722623348236,-0.10008174397779589,-0.03880882035192813,-0.0987568488417875
14.238650125000277,0.013890340924263,0.04770302772521973,-0.09365373849868774,0.09472984820604324,-0.5437609553337097,-0.3337245583534241,-0.10543967548493506,-0.037619488607754756,-0.10199048444526079
14.248706124999444,0.013806015253067017,0.029392898082733154,-0.10620501637458801,0.03188244253396988,-0.575497567653656,-0.35007476806640625,-0.11096149381294025,-0.03662204598985715,-0.1052432620938799
14.258761124998273,0.006728813052177429,-0.0019116997718811035,-0.08973374962806702,-0.10920219123363495,-0.6341450810432434,-0.3833797574043274,-0.11691894017289835,-0.036606853408714495,-0.10883611546973532
14.268817125004716,0.013503432273864746,-7.933378219604492e-05,-0.072948157787323,-0.2651657164096832,-0.7087902426719666,-0.4308444857597351,-0.12367834702160929,-0.03807097212953961,-0.11306932260354394
14.278873125003884,0.023990735411643982,0.026618599891662598,-0.07721555233001709,-0.3460703194141388,-0.7570781707763672,-0.4438900351524353,-0.1310146874773539,-0.0406764552919226,-0.11772580038786823
14.288928125002712,0.02368934452533722,0.03146493434906006,-0.05389013886451721,-0.308544784784317,-0.7893381118774414,-0.4602202773094177,-0.13899919601929475,-0.04338750123291512,-0.12267426848544437
14.29898412500188,0.02120627462863922,0.006398558616638184,-0.03049367666244507,-0.2418489158153534,-0.7960748076438904,-0.47896721959114075,-0.14714891164183322,-0.045486216688497054,-0.12771690892607857
14.309039125000709,0.03147345781326294,0.018637776374816895,-0.02559351921081543,-0.15843605995178223,-0.7865031361579895,-0.47515568137168884,-0.15522180371798705,-0.046784717011535006,-0.1327427333757905
14.319095124999876,0.04632124304771423,0.03657764196395874,-0.021247148513793945,-0.07593771070241928,-0.7826716899871826,-0.4581206142902374,-0.16311242934719516,-0.0472774654353006,-0.1374521946055124
14.329150124998705,0.051980480551719666,0.015344560146331787,-0.01726311445236206,-0.01867016591131687,-0.7643648386001587,-0.44652602076530457,-0.17109789059120004,-0.04695936922350557,-0.1420021967994597
14.339206125005148,0.052262723445892334,0.002032637596130371,0.003966629505157471,0.03521965444087982,-0.7480930685997009,-0.43206697702407837,-0.1789045680635384,-0.0461614016594038,-0.1463305190578269
14.349261125003977,0.05079367756843567,0.008465349674224854,0.016650408506393433,0.07684805244207382,-0.7326696515083313,-0.4245171844959259,-0.1863823066036048,-0.044847205069895986,-0.15037230803699067
14.359317125003145,0.052192822098731995,0.009008228778839111,0.014911621809005737,0.10700107365846634,-0.7233035564422607,-0.4227558970451355,-0.19370398902679822,-0.043160451657067056,-0.15432535541762757
14.369372125001973,0.06006777286529541,0.007600367069244385,-0.0015324950218200684,0.11453702300786972,-0.7118285298347473,-0.41847431659698486,-0.20107165972161545,-0.04126996920634262,-0.15823538145009552
14.37942812500114,0.0403418242931366,-0.006215214729309082,0.01082909107208252,0.15336956083774567,-0.7239139676094055,-0.43915435671806335,-0.2084272361578367,-0.03907697695993012,-0.16216641041512644
14.389484125000308,0.020507723093032837,0.008792579174041748,0.011337369680404663,0.1277981549501419,-0.742782473564148,-0.45690298080444336,-0.21583387509410512,-0.03671814537000567,-0.16620415841846864
14.399539124999137,0.01924920082092285,0.025714397430419922,-0.028732776641845703,-0.022955413907766342,-0.7815849781036377,-0.4665703773498535,-0.2237518245073054,-0.03509457440798179,-0.17066275111239085
14.409595124998305,0.025122255086898804,0.004290759563446045,-0.044819176197052,-0.22207224369049072,-0.8472627997398376,-0.4848737418651581,-0.2322034705624682,-0.035219546090319326,-0.1756545364964155
14.41965012500441,0.02604442834854126,-0.017190098762512207,-0.05421715974807739,-0.3963439166545868,-0.9071272015571594,-0.49599212408065796,-0.24139817678919737,-0.03708297221722021,-0.18123412380141107
14.429706125003577,0.018207013607025146,-0.000470578670501709,-0.062241554260253906,-0.5252976417541504,-0.9633846282958984,-0.5165320634841919,-0.25105089389770474,-0.04035179700389798,-0.18732796832941703
14.439761125002406,0.00859929621219635,0.008295297622680664,-0.06945931911468506,-0.5801968574523926,-0.9894068837165833,-0.5172742605209351,-0.2610305601061319,-0.044503970868464006,-0.1937483945087489
14.449817125001573,0.006237611174583435,-0.0011667609214782715,-0.07096350193023682,-0.5189270973205566,-1.007658839225769,-0.530956506729126,-0.2714515753449245,-0.04846560408624763,-0.20031718848737382
14.459872125000402,0.01710335910320282,0.01898491382598877,-0.07648688554763794,-0.36222541332244873,-1.0126506090164185,-0.5247488021850586,-0.28187260752294047,-0.05137593264420555,-0.20662868528100964
14.46992812499957,0.03997988998889923,0.04619485139846802,-0.07237029075622559,-0.15550550818443298,-1.0016632080078125,-0.5232646465301514,-0.2922652953883389,-0.052390011636034385,-0.2123746138627255
14.479983124998398,0.0459320992231369,0.05038851499557495,-0.04643338918685913,-0.046297844499349594,-0.9797345399856567,-0.5258687138557434,-0.30239116397423654,-0.0518142623796149,-0.2176465036812921
14.490039125004841,0.04731681942939758,0.03240811824798584,-0.017539680004119873,-0.002210809849202633,-0.9576018452644348,-0.5097851157188416,-0.3123038481026114,-0.05050176799790506,-0.22264988741498973
14.500095125004009,0.04469718039035797,0.02066659927368164,-0.0019462108612060547,-0.01352769136428833,-0.9127556681632996,-0.49349144101142883,-0.32174467536590906,-0.04908443849485313,-0.22737876702883628
14.510150125002838,0.03390952944755554,0.009115457534790039,0.032925426959991455,-0.0088272113353014,-0.8778791427612305,-0.4788627028465271,-0.3308207565658005,-0.047664173860810594,-0.23197760986983057
14.520206125002005,0.022204920649528503,-0.011401534080505371,0.05026206374168396,0.02892433851957321,-0.8526419997215271,-0.4585000276565552,-0.33973021983958523,-0.04605849725104797,-0.23638868711506789
14.530261125000834,0.024735495448112488,0.002775847911834717,0.007660359144210815,0.11735646426677704,-0.8491577506065369,-0.4457743763923645,-0.34859440000309505,-0.04381314796613514,-0.2404778133357288
14.540317125000001,0.03351794183254242,0.022617816925048828,7.814168930053711e-05,0.18257957696914673,-0.8596373200416565,-0.45386701822280884,-0.3573719375318807,-0.040771129555751136,-0.2441767863714644
14.55037212499883,0.021283656358718872,-0.00321120023727417,0.004019796848297119,0.1766764223575592,-0.8705387115478516,-0.4662906527519226,-0.36626112551211226,-0.03742096456896888,-0.24789009579599466
14.560428125005274,0.012336954474449158,-0.02412348985671997,0.012526333332061768,0.2004360407590866,-0.8767303824424744,-0.4600810408592224,-0.3752130833149912,-0.03398885480662036,-0.25155272011481844
14.570483125004102,-0.012628227472305298,-0.03370654582977295,0.03366190195083618,0.2172323316335678,-0.8905274271965027,-0.4756466746330261,-0.3842128485294646,-0.030306242343728786,-0.2551389626983322
14.58053912500327,-0.03889429569244385,-0.013310432434082031,0.025348901748657227,0.17036868631839752,-0.8816255331039429,-0.4902507960796356,-0.39308236673236985,-0.026667018201206264,-0.2588168251001468
14.590595125002437,-0.0384477823972702,-0.006696760654449463,0.011655956506729126,-0.035656917840242386,-0.8945248126983643,-0.5219351649284363,-0.40194367386663266,-0.024148334361082928,-0.2632089568779982
14.600650125001266,-0.023992791771888733,-0.02397167682647705,0.0257452130317688,-0.25825929641723633,-0.9139162302017212,-0.5311914086341858,-0.41099230939522835,-0.023490200190174622,-0.26859193514574453
14.610706125000434,-0.01400776207447052,-0.01823139190673828,0.02618005871772766,-0.4108230173587799,-0.9153005480766296,-0.5204737782478333,-0.4203443961097648,-0.02450932928540125,-0.2748306388960359
14.620761124999262,0.009110897779464722,0.00033783912658691406,-0.0015544295310974121,-0.44970500469207764,-0.9079539775848389,-0.4834309220314026,-0.42955033485954625,-0.026513230666658758,-0.2812082049907498
14.63081712499843,0.03240860998630524,0.005376577377319336,-0.020398437976837158,-0.3592744469642639,-0.8952219486236572,-0.44877147674560547,-0.43872465222051993,-0.028316215624329698,-0.2871766772944097
14.640872125004535,0.03082670271396637,-0.0069065093994140625,-0.013925135135650635,-0.1660836786031723,-0.8844465017318726,-0.4243450164794922,-0.44771713316976236,-0.028905933860587114,-0.29222209300411167
14.650928125003702,0.01330520212650299,-0.01073312759399414,-0.014111518859863281,0.09483180940151215,-0.8695509433746338,-0.40190255641937256,-0.4565554583504986,-0.027497102366123932,-0.29609311822383166
14.66098312500253,0.009324595332145691,0.011874258518218994,-0.03663229942321777,0.27001431584358215,-0.8449008464813232,-0.4049036502838135,-0.46506727685490734,-0.02399819825627671,-0.2987387444255452
14.671039125001698,0.01653878390789032,0.0026906728744506836,-0.012423336505889893,0.19171765446662903,-0.8510189056396484,-0.44409313797950745,-0.4736302122308197,-0.019861696001306717,-0.30141667382174875
14.681095125000866,0.01278446614742279,-0.047426700592041016,0.0317041277885437,0.014620412141084671,-0.8678275942802429,-0.4649418890476227,-0.4823951888970244,-0.01685314184930863,-0.30501637711780366
14.691150124999695,-0.004808545112609863,-0.023870766162872314,0.06165832281112671,-0.11619512736797333,-0.8848169445991516,-0.4915788173675537,-0.49115114211808414,-0.015108492314871222,-0.30941138798255724
14.701206124998862,-0.006763666868209839,-0.008112192153930664,0.02782231569290161,-0.3054797351360321,-0.9090913534164429,-0.524040699005127,-0.5003476168440358,-0.014467665887304833,-0.31495180303934905
14.711261125004967,0.01505298912525177,-0.010314226150512695,0.0054007768630981445,-0.4213448166847229,-0.9399470090866089,-0.528140664100647,-0.50967940842621,-0.015214735425298857,-0.32135127170247085
14.721317125004134,0.014361396431922913,-0.03959685564041138,0.03523629903793335,-0.4445444345474243,-0.9545262455940247,-0.5359733700752258,-0.5192476572704116,-0.016476638153461228,-0.3281399203621619
14.731372125002963,-0.0025847405195236206,-0.04385936260223389,0.04094940423965454,-0.43579408526420593,-0.9306797385215759,-0.5255995392799377,-0.5287832857486146,-0.017645101868165678,-0.3349411907133799
14.74142812500213,0.0052223801612854,-0.02571547031402588,0.03313004970550537,-0.42199766635894775,-0.894210159778595,-0.4994724690914154,-0.5378967487890496,-0.018839300236608136,-0.341501491836561
14.75148312500096,0.02640540897846222,-0.038972675800323486,0.059656739234924316,-0.488852322101593,-0.8566105961799622,-0.48343199491500854,-0.5465988010311066,-0.020313880555368678,-0.3479538911647804
14.761539125000127,0.028472647070884705,-0.0575595498085022,0.09130746126174927,-0.6141935586929321,-0.8057329058647156,-0.45467904210090637,-0.5548058800235727,-0.02273565709710983,-0.3547335297204427
14.771594124998956,0.01777045428752899,-0.056353747844696045,0.11242097616195679,-0.720981776714325,-0.7540915608406067,-0.4319087564945221,-0.5627493607933808,-0.026114562181582094,-0.36199305812968396
14.781650124998123,0.008391723036766052,-0.061812639236450195,0.11427927017211914,-0.8209419250488281,-0.6998891830444336,-0.41703134775161743,-0.5700663129495888,-0.030535815317624136,-0.36969738076000463
14.791706125004566,0.021580591797828674,-0.04380607604980469,0.07028645277023315,-0.8315135836601257,-0.6684598326683044,-0.374172568321228,-0.5768972059007911,-0.03556833509861935,-0.37745058254521685
14.801761125003395,0.038793712854385376,-0.022834360599517822,0.046936750411987305,-0.7358824610710144,-0.6382300853729248,-0.3198406994342804,-0.5834361533967894,-0.040481169616136056,-0.3845759350818405
14.811815624998417,0.02650575339794159,-0.06841081380844116,0.045755088329315186,-0.6088443398475647,-0.5949319005012512,-0.29049932956695557,-0.5895805829761717,-0.044607477447456925,-0.3906866010049595
14.821870625004522,0.010020717978477478,-0.07613193988800049,0.05104506015777588,-0.6459322571754456,-0.5500000715255737,-0.2840439975261688,-0.5953842329418662,-0.048303350949528694,-0.39641340465937636
14.831926625003689,0.017673447728157043,-0.04823678731918335,0.057916343212127686,-0.8305044770240784,-0.5243669152259827,-0.268595814704895,-0.6009236346868561,-0.052893384442874794,-0.40273875359567823
14.841981625002518,0.027445882558822632,-0.061031877994537354,0.08468037843704224,-1.078345775604248,-0.5297188758850098,-0.26161685585975647,-0.6064669788352847,-0.059397380720992994,-0.4103067491009096
14.852037625001685,0.0033801794052124023,-0.09543198347091675,0.0964590311050415,-1.191301941871643,-0.5334705114364624,-0.2432732731103897,-0.6120795699536744,-0.06759164796395496,-0.41885267342329463
14.862092625000514,-0.0240965336561203,-0.09301316738128662,0.057194292545318604,-1.14737868309021,-0.5458142161369324,-0.23482343554496765,-0.6179160232845814,-0.07606131015731886,-0.42757263350838665
14.872148624999681,-0.019127219915390015,-0.06596046686172485,0.00854569673538208,-0.9525231719017029,-0.5723822116851807,-0.22936394810676575,-0.6239742287608498,-0.08349781478879711,-0.4355781745773127
14.88220362499851,0.007597744464874268,-0.02637171745300293,-0.04259592294692993,-0.7217971086502075,-0.5944843292236328,-0.23998303711414337,-0.6302287653257879,-0.08905810773289183,-0.44230972552686854
14.892259625004954,0.018474474549293518,0.0059012770652771,-0.03583502769470215,-0.6155204772949219,-0.6224530935287476,-0.2690389156341553,-0.6367741371917052,-0.0930162677900134,-0.4482482349005141
14.902315625004121,0.019112735986709595,-0.02681964635848999,0.0026903152465820312,-0.6094324588775635,-0.6317479610443115,-0.2757337689399719,-0.6435173887506677,-0.09642036192855966,-0.4540849642541605
14.91237062500295,0.012117385864257812,-0.047567009925842285,0.03360670804977417,-0.5772294998168945,-0.6182944774627686,-0.2581593096256256,-0.6501937385363485,-0.0996737336375844,-0.45968037003708534
14.922426625002117,0.0003698766231536865,-0.05382585525512695,0.06750994920730591,-0.6502031683921814,-0.5849170684814453,-0.25706952810287476,-0.6566941825413918,-0.10307963169208384,-0.46542851766391746
14.932481625000946,0.005988612771034241,-0.06148684024810791,0.07853966951370239,-0.7773403525352478,-0.5406864881515503,-0.21552155911922455,-0.6628685605134673,-0.10744003787848629,-0.47169643950754603
14.942537625000114,0.006373852491378784,-0.07582181692123413,0.10785728693008423,-0.8458617925643921,-0.4900399446487427,-0.19712074100971222,-0.6686103170168962,-0.11273795633786257,-0.47828515186956105
14.952592624998942,-0.004465565085411072,-0.06948715448379517,0.09406769275665283,-0.8154093623161316,-0.44529271125793457,-0.15513575077056885,-0.6739915946518313,-0.11832186750527626,-0.48490714711855615
14.96264862499811,0.006782621145248413,-0.023574411869049072,0.04158061742782593,-0.6247650980949402,-0.395575612783432,-0.0959986224770546,-0.6787835322731343,-0.12339337083147547,-0.49050051129586336
14.972703625004215,-0.0006287097930908203,-0.026206612586975098,0.013080596923828125,-0.39623504877090454,-0.3621777296066284,-0.10454630106687546,-0.683090039076844,-0.12672060224194445,-0.49441673034520367
14.982759625003382,0.006824702024459839,-0.016273021697998047,-0.006380975246429443,-0.19765330851078033,-0.3478035628795624,-0.08357971906661987,-0.6869978844175051,-0.12842285010872634,-0.49707619920753227
14.99281562500255,0.025563865900039673,0.027373313903808594,-0.03191643953323364,-0.036482539027929306,-0.32830309867858887,-0.09579989314079285,-0.6905539787973499,-0.12876881805531618,-0.4984186900927033
15.002870625001378,7.56680965423584e-05,0.031211793422698975,0.01063603162765503,-0.062086351215839386,-0.3201652765274048,-0.14475849270820618,-0.6938637922923222,-0.12840154873283502,-0.4995354213847392
15.012926625000546,0.0012573301792144775,0.04599505662918091,0.024751245975494385,-0.15546289086341858,-0.31091850996017456,-0.15150827169418335,-0.6970534985691496,-0.128505690547508,-0.5013018521899025
15.022981624999375,0.0062124282121658325,0.07249778509140015,0.02096092700958252,-0.23096413910388947,-0.30385610461235046,-0.16265414655208588,-0.7004031128156204,-0.1290297645087791,-0.5037206438575136
15.033037624998542,-0.010078966617584229,0.04016929864883423,0.03078937530517578,-0.3372543454170227,-0.3035562336444855,-0.19332151114940643,-0.7037650123532432,-0.13020767191985708,-0.5069105004758065
15.043092625004647,-0.024630606174468994,0.021675050258636475,0.03712064027786255,-0.39811456203460693,-0.3101266324520111,-0.20133183896541595,-0.707203138206508,-0.1319003725301982,-0.5108130931825802
15.053148625003814,-0.017808198928833008,0.05711674690246582,0.04219818115234375,-0.4508818984031677,-0.31221720576286316,-0.21805648505687714,-0.7107326471321527,-0.1338643794020695,-0.5150956944137496
15.063203625002643,-0.008048772811889648,0.018479585647583008,0.04897516965866089,-0.4533120393753052,-0.30207404494285583,-0.22221501171588898,-0.7141858366516449,-0.13609398056178712,-0.5196318423955115
15.07325962500181,-0.02413347363471985,0.019731760025024414,0.027621090412139893,-0.4408774673938751,-0.27632978558540344,-0.21421408653259277,-0.7175554134844511,-0.13815910189473607,-0.5241660396292015
15.08331462500064,-0.008074000477790833,0.03691458702087402,0.020296335220336914,-0.4951978027820587,-0.2556285262107849,-0.21567167341709137,-0.7209148120495124,-0.14024180986662899,-0.5289518675644724
15.093370624999807,-0.016068249940872192,0.0006994009017944336,0.03050452470779419,-0.5063157081604004,-0.24524137377738953,-0.21119250357151031,-0.7241402917427041,-0.142665100362487,-0.5339830613797862
15.103426624998974,-0.025176286697387695,0.010760843753814697,0.012342691421508789,-0.4290960729122162,-0.24560396373271942,-0.21466630697250366,-0.7271868600214664,-0.1448345235790497,-0.5386709958877703
15.113481625005079,-0.017004892230033875,0.010827481746673584,-0.005094468593597412,-0.4233151376247406,-0.24632088840007782,-0.22250506281852722,-0.7302475544537531,-0.14658529174290044,-0.5431827847454072
15.123537625004246,-0.011702179908752441,-0.013445615768432617,-0.010418713092803955,-0.4057046175003052,-0.2509489357471466,-0.2256687879562378,-0.733266769524003,-0.14832868444261266,-0.5476440823481281
15.133592625003075,-0.0250370055437088,0.0101701021194458,-0.016109228134155273,-0.21293729543685913,-0.24961654841899872,-0.21963219344615936,-0.7362480305118148,-0.1492780278320081,-0.5514071702690923
15.143648625002243,-0.024318888783454895,-0.0055051445960998535,-0.03539842367172241,0.03850936517119408,-0.2391456663608551,-0.2162892073392868,-0.7388657856522747,-0.14859060778069436,-0.5535148472007259
15.153703625001071,-0.012738823890686035,-0.011321663856506348,-0.03584498167037964,0.20712687075138092,-0.22032403945922852,-0.21986104547977448,-0.7412684179903567,-0.14617114754688398,-0.554231420282222
15.163759625000239,0.00799553096294403,0.0025937557220458984,0.006372809410095215,0.18720643222332,-0.18737807869911194,-0.23513758182525635,-0.7432215601309715,-0.14320626521804533,-0.5544552240091029
15.173814624999068,0.0175226628780365,-0.008913934230804443,0.06554847955703735,0.05063580349087715,-0.15666437149047852,-0.22419439256191254,-0.7450527138470024,-0.14078640897158923,-0.5553630238955648
15.183870624998235,0.01858578622341156,-0.01641237735748291,0.08486795425415039,-0.04465418681502342,-0.13374213874340057,-0.1908881813287735,-0.7467037545201921,-0.13942999807732084,-0.5569227589610972
15.193926625004678,0.018686875700950623,-0.03589797019958496,0.04525512456893921,-0.05755533650517464,-0.11083177477121353,-0.1553693264722824,-0.7479387139707564,-0.1388225396028344,-0.5584376609566195
15.203981625003507,0.020877733826637268,-0.03904622793197632,0.025803744792938232,-0.03158179298043251,-0.09782063961029053,-0.14096136391162872,-0.7490408774342261,-0.13828243348419228,-0.5597620001764184
15.214037625002675,0.019248947501182556,-0.042141735553741455,0.029749572277069092,0.0269603468477726,-0.07752708345651627,-0.13711096346378326,-0.749966316472301,-0.1374424012398638,-0.5607558483669487
15.224092625001504,0.018207579851150513,-0.0005793571472167969,0.013723313808441162,0.008748852647840977,-0.06596123427152634,-0.14888569712638855,-0.7507664210752913,-0.13630122952256069,-0.5615547705206673
15.234148625000671,0.014797359704971313,-0.010470807552337646,0.03176933526992798,-0.05131368711590767,-0.07128889113664627,-0.15213528275489807,-0.7515845328246824,-0.13547796880592078,-0.5628034507399011
15.2442036249995,-0.007298991084098816,-0.012015998363494873,0.010327756404876709,-0.10495907068252563,-0.07932072132825851,-0.14960385859012604,-0.7524219482986321,-0.1351151269592744,-0.5643709258166809
15.254259624998667,0.0023917406797409058,-0.0021249055862426758,0.0008467435836791992,-0.1911943554878235,-0.08955071866512299,-0.15041717886924744,-0.7534799370188917,-0.13520644538950502,-0.5664265443157194
15.264314625004772,-0.003009095788002014,-0.02265375852584839,0.007966399192810059,-0.3299313187599182,-0.09860692918300629,-0.14608876407146454,-0.7547358392037867,-0.13615194986341278,-0.5692786298080409
15.27437062500394,0.0012671053409576416,-0.025670528411865234,0.019363999366760254,-0.4718565046787262,-0.10403738170862198,-0.12313338369131088,-0.7559817587811817,-0.1384061217289686,-0.572918088262322
15.284425625002768,0.009397163987159729,-0.028827309608459473,0.030131638050079346,-0.5646725296974182,-0.10100071132183075,-0.0806221216917038,-0.7573685068476197,-0.14178808387554903,-0.5771633036842193
15.294481625001936,0.015122100710868835,-0.060260653495788574,0.006835758686065674,-0.5266913175582886,-0.09577558934688568,-0.026566071435809135,-0.7588487525586424,-0.14559329787817674,-0.5813394537700886
15.304537625001103,0.014071911573410034,-0.056629300117492676,-0.03131544589996338,-0.3048093020915985,-0.08058585226535797,0.016378065571188927,-0.760171263426508,-0.1486732509706258,-0.5843468303239332
15.314592624999932,0.015980437397956848,-0.049716949462890625,-0.054660677909851074,0.047681912779808044,-0.05337313935160637,0.05941528454422951,-0.7609381781743018,-0.14992608992517764,-0.58499514661383
15.3246486249991,0.029062122106552124,-0.04088383913040161,-0.0628126859664917,0.38609108328819275,-0.007627357728779316,0.08551716059446335,-0.760840426792504,-0.14894795618624135,-0.5828143451379241
15.334703625005204,0.034635573625564575,-0.025391757488250732,-0.0245552659034729,0.5889225006103516,0.05653565004467964,0.10427194088697433,-0.7597828114948204,-0.14616731718754228,-0.5784564574268964
15.344759625004372,0.03576047718524933,-0.023020803928375244,0.03136211633682251,0.6215839982032776,0.11475154757499695,0.12384553998708725,-0.7580718347671217,-0.14255316278406202,-0.5732268392521367
15.3548146250032,0.019828513264656067,-0.007335484027862549,0.09028059244155884,0.48766618967056274,0.15887640416622162,0.12752042710781097,-0.7559611974330946,-0.13935315199428405,-0.5683495159867926
15.364870625002368,0.00476016104221344,-0.014696002006530762,0.10944193601608276,0.28481894731521606,0.1793678253889084,0.1348864734172821,-0.7536527216160183,-0.1375167219786709,-0.5646352057643728
15.374925625001197,-0.019682079553604126,-0.00717693567276001,0.10070741176605225,0.06365329772233963,0.17008112370967865,0.1263129562139511,-0.7514194198108967,-0.13731217558804354,-0.5623520906727572
15.384981625000364,-0.04175978899002075,-0.017396867275238037,0.07594341039657593,-0.0966610535979271,0.15184178948402405,0.1037372574210167,-0.7496566986639126,-0.13831110414523476,-0.5616351515646972
15.395036624999193,-0.052327096462249756,0.010322988033294678,0.020641863346099854,-0.18140576779842377,0.1166561096906662,0.07932725548744202,-0.7481512529309525,-0.14017529519956598,-0.5617899726873704
15.40509262499836,-0.05244520306587219,0.007485687732696533,-0.0012257099151611328,-0.23300181329250336,0.08087241649627686,0.04613806679844856,-0.7471389174097095,-0.14228327870825355,-0.5626901638257725
15.415148625004804,-0.04765841364860535,0.019169151782989502,-0.012675702571868896,-0.20984989404678345,0.0528639480471611,0.025800304487347603,-0.7465651756090952,-0.1442866640276292,-0.5639107796035392
15.425203625003633,-0.03647732734680176,0.034097373485565186,-0.02478092908859253,-0.1505950391292572,0.04227428883314133,0.021738264709711075,-0.7462300038013491,-0.1458170749655821,-0.5649887161106066
15.4352596250028,-0.022545814514160156,0.023834049701690674,-0.02517300844192505,-0.052355024963617325,0.05386223644018173,0.031550679355859756,-0.7458324905976074,-0.14675681798981902,-0.5655146941915649
15.445314625001629,-0.015904337167739868,0.010179281234741211,-0.014931976795196533,0.030735068023204803,0.08403371274471283,0.06449451297521591,-0.7451157493885068,-0.14714609117875818,-0.5652231731237894
15.455370625000796,-0.007970735430717468,-0.013233661651611328,0.010111749172210693,0.07450971007347107,0.1281508505344391,0.10409598797559738,-0.7438492638083941,-0.14736443240287925,-0.5641780449710958
15.465425624999625,-0.001054614782333374,-0.02595531940460205,0.039266347885131836,0.07723918557167053,0.16997872292995453,0.14576557278633118,-0.7422355417937823,-0.14756900103642004,-0.5627744998269131
15.475481624998793,0.0019563287496566772,-0.05404675006866455,0.058602213859558105,0.07480665296316147,0.2012820541858673,0.1757200062274933,-0.7402510966829574,-0.1480012521988323,-0.5611364281569852
15.485536625004897,0.009759634733200073,-0.04287070035934448,0.059884607791900635,0.08877666294574738,0.2263241559267044,0.19018897414207458,-0.7377708135779378,-0.14867118175471897,-0.5591696363898371
15.495592625004065,0.01136767864227295,-0.031825363636016846,0.04255956411361694,0.11955615133047104,0.23367340862751007,0.19163453578948975,-0.7351150233921514,-0.14921010484717487,-0.5570250341359245
15.505648625003232,0.007763996720314026,-0.020789504051208496,0.03106778860092163,0.1369895190000534,0.23582243919372559,0.17293237149715424,-0.7324435841093976,-0.14944194368145064,-0.5547583762755756
15.515703625002061,0.005115509033203125,-0.024029910564422607,0.030548036098480225,0.10784254968166351,0.22416073083877563,0.15019084513187408,-0.7297656801280078,-0.14956247495734593,-0.5526591641491133
15.525759625001228,0.004977583885192871,-0.008662939071655273,0.014354050159454346,0.06314342468976974,0.21217995882034302,0.1459435671567917,-0.7274107941207073,-0.14978744173574599,-0.551031992155033
15.535814625000057,0.00036704540252685547,-0.011057674884796143,-0.004788696765899658,0.018584750592708588,0.19723403453826904,0.13836021721363068,-0.7250635880403079,-0.15054999398636823,-0.5496860510943348
15.545870624999225,-0.010966718196868896,-0.01710987091064453,-0.007323622703552246,-0.03959675133228302,0.1780644804239273,0.13051797449588776,-0.7229882114959678,-0.15174060375788498,-0.548819968522325
15.555925624998054,-0.016086310148239136,-0.013061225414276123,-0.011003315448760986,-0.09245197474956512,0.16297447681427002,0.12836773693561554,-0.721284813599791,-0.15333091955394884,-0.5485250587902063
15.565981625004497,-0.01783938705921173,-0.003124713897705078,-0.01389402151107788,-0.09547670930624008,0.15450163185596466,0.13108976185321808,-0.7198112039930381,-0.15508256047472055,-0.5484105909635036
15.576036625003326,-0.018462643027305603,-0.022965431213378906,-0.006778419017791748,-0.0698738768696785,0.1485462635755539,0.13449834287166595,-0.7184912359958544,-0.1565954650503123,-0.5482064530766881
15.586092625002493,-0.002780318260192871,-0.015729248523712158,-0.0015253424644470215,-0.03214443102478981,0.15906308591365814,0.1506323516368866,-0.7169986769403899,-0.15796522464545495,-0.5476031113298944
15.596147625001322,0.011483505368232727,-0.01550745964050293,0.01489955186843872,-0.01378299854695797,0.17932336032390594,0.17246495187282562,-0.7152573946927524,-0.15925936211183472,-0.5466457168811744
15.60620362500049,0.014591813087463379,-0.023534655570983887,0.030191242694854736,-0.004166280385106802,0.2063726782798767,0.19587644934654236,-0.7132246477516342,-0.16053202750912923,-0.5453711482322615
15.616259624999657,0.014648526906967163,-0.012431144714355469,0.03535592555999756,0.006005929782986641,0.2293192744255066,0.21171827614307404,-0.7106890265702779,-0.16195613724493055,-0.543728244033702
15.626314624998486,0.004815235733985901,-0.02295631170272827,0.039714813232421875,0.0004736123373731971,0.2488321214914322,0.2204570174217224,-0.7079246999197866,-0.16343116318608847,-0.5419730249175054
15.636370625004929,0.0032210946083068848,-0.015974462032318115,0.027483999729156494,-0.012486928142607212,0.25973910093307495,0.23186786472797394,-0.7051019560885319,-0.16493795200379352,-0.5402735040456629
15.646425625003758,0.004056841135025024,-0.024191200733184814,0.02697545289993286,-0.014358951710164547,0.2680865228176117,0.24395756423473358,-0.7020968287668604,-0.16664437258266396,-0.5384826387077919
15.656481625002925,0.005664080381393433,-0.028663814067840576,0.02374511957168579,0.0008615459082648158,0.27547091245651245,0.26036930084228516,-0.6988517514103505,-0.16847034077564466,-0.5364366012167348
15.666536625001754,0.0033187419176101685,-0.03467071056365967,0.022972702980041504,0.012932412326335907,0.28402552008628845,0.27700740098953247,-0.6953336911971261,-0.17042908061615958,-0.5340698089058104
15.676592625000922,0.007452070713043213,-0.05130189657211304,0.030449330806732178,0.05080149695277214,0.3019227683544159,0.296993613243103,-0.691845551069449,-0.17215224957570013,-0.5315295945133268
15.68664762499975,0.008897706866264343,-0.06769675016403198,0.04429084062576294,0.09650542587041855,0.3266076147556305,0.3149101436138153,-0.6881755879538692,-0.173550195849177,-0.5286423345949269
15.696703624998918,0.020146861672401428,-0.0560951828956604,0.04399216175079346,0.17262975871562958,0.3697015643119812,0.35170650482177734,-0.6840346198038258,-0.1746532351314207,-0.5251185566314627
15.706759624998085,0.021243199706077576,-0.04474407434463501,0.04665637016296387,0.20979221165180206,0.4020403027534485,0.36658307909965515,-0.6793603196539342,-0.17549038498730515,-0.5209482298096535
15.71681462500419,0.005844935774803162,-0.05638855695724487,0.06946605443954468,0.21710525453090668,0.42687109112739563,0.3736591041088104,-0.6742410305417625,-0.17628373836987107,-0.5165436836964297
15.726870625003357,0.0006282776594161987,-0.03693193197250366,0.06536155939102173,0.22909103333950043,0.4519142806529999,0.38389167189598083,-0.6689277043548629,-0.17697005415925848,-0.5120176945679135
15.736925625002186,0.0011732429265975952,-0.04458153247833252,0.05735355615615845,0.22007650136947632,0.4747790992259979,0.400429368019104,-0.6632823772681393,-0.17775519141661977,-0.5073380398874465
15.746981625001354,0.005476072430610657,-0.04575693607330322,0.06818526983261108,0.1559848189353943,0.4992177486419678,0.40704187750816345,-0.6573965892535679,-0.17888326690371076,-0.5027802992656992
15.757036625000183,-0.0008096545934677124,-0.06493616104125977,0.10506278276443481,0.07014128565788269,0.5206710696220398,0.41242197155952454,-0.6514699664605746,-0.18058728033236807,-0.49872172312484864
15.76709262499935,0.010196000337600708,-0.05726271867752075,0.09917783737182617,0.0403776615858078,0.5510554909706116,0.43095967173576355,-0.6453806367647382,-0.18275795594919972,-0.4949738313800091
15.777147624998179,0.02464480698108673,-0.018646419048309326,0.05338907241821289,0.05022789537906647,0.5616535544395447,0.4357142150402069,-0.6391890080910522,-0.1849755847814601,-0.4912084788988102
15.787203625004622,0.00785154104232788,-0.01137632131576538,0.035064756870269775,0.0834154486656189,0.5634998083114624,0.4091465175151825,-0.6328850407404487,-0.18689440634315543,-0.4873632787313207
15.797258625003451,-0.002142086625099182,0.009802579879760742,0.02726578712463379,0.11993245035409927,0.5587114095687866,0.3761774003505707,-0.6265494595460459,-0.18834865441705267,-0.4835004061870073
15.807314875004522,-0.00536772608757019,0.029436349868774414,0.026920974254608154,0.10752598941326141,0.5605901479721069,0.34742623567581177,-0.6200951928816166,-0.18963577748583985,-0.4797292385196535
15.81737087500369,-0.0037552863359451294,0.023255586624145508,0.02837318181991577,0.0898018553853035,0.5632908940315247,0.333510160446167,-0.6137365932701554,-0.19088161113843138,-0.47626768787263274
15.827425875002518,-0.012577295303344727,0.01571953296661377,0.016601502895355225,0.10925743728876114,0.5736512541770935,0.33814334869384766,-0.6074817480571392,-0.19196594726809982,-0.4729416285345664
15.837481875001686,-0.020525828003883362,0.018841683864593506,-0.010793864727020264,0.18315111100673676,0.5865273475646973,0.34614959359169006,-0.6008669103414126,-0.19277388546421342,-0.4691701699067014
15.847536875000515,-0.025747299194335938,0.028629302978515625,-0.03564953804016113,0.28559446334838867,0.5896059274673462,0.3488142490386963,-0.5940803180084729,-0.1928426671827154,-0.46486700066037673
15.857592874999682,-0.022738993167877197,0.046394407749176025,-0.043993473052978516,0.38499268889427185,0.5972548127174377,0.343050092458725,-0.5872061766275768,-0.1919067155135694,-0.45998131005485804
15.86764787499851,-0.006199464201927185,0.0523761510848999,-0.031919896602630615,0.39257386326789856,0.6175093650817871,0.34591469168663025,-0.580130356537155,-0.1904798199797121,-0.454839302194106
15.877703875004954,0.012278512120246887,0.03839164972305298,0.006438016891479492,0.32691043615341187,0.6649445295333862,0.3845100402832031,-0.5725872263905455,-0.18952428794356965,-0.44960720204234317
15.887758875003783,0.02410183846950531,-0.0037401914596557617,0.07311862707138062,0.20511716604232788,0.721148669719696,0.44164228439331055,-0.5645884381222532,-0.18955385187461743,-0.44450321410856336
15.89781487500295,0.03339415788650513,-0.09141689538955688,0.13370996713638306,0.11089160293340683,0.7713756561279297,0.47761601209640503,-0.5561771711649574,-0.19072224150018452,-0.4397066330912419
15.90786987500178,0.047020912170410156,-0.09595918655395508,0.10982561111450195,0.16882117092609406,0.813845157623291,0.5186115503311157,-0.5473379052866456,-0.19218519039388104,-0.4347082590233965
15.917925875000947,0.05068862438201904,-0.028772473335266113,0.03764086961746216,0.2736724615097046,0.8368135690689087,0.5275285840034485,-0.5379450005403981,-0.1930058783530897,-0.428972905107124
15.927981875000114,0.022490233182907104,-0.01808750629425049,0.0008839964866638184,0.38601154088974,0.8338971734046936,0.49466127157211304,-0.5282938739215003,-0.19281293456433912,-0.42271506932587266
15.938036874998943,-0.009181886911392212,0.002606034278869629,-0.002923429012298584,0.4682480990886688,0.8215619325637817,0.4528461694717407,-0.5189458716459652,-0.1913370710331389,-0.41644706265981873
15.94809287499811,0.0015834122896194458,0.008423388004302979,0.00041478872299194336,0.46636271476745605,0.8232638835906982,0.4502904713153839,-0.5096768250237952,-0.18928659044492802,-0.41017001023137917
15.958147875004215,0.027094766497612,-0.029388070106506348,0.042780399322509766,0.3288956582546234,0.8437976241111755,0.47468873858451843,-0.5003331158871746,-0.1878821920642597,-0.4041431188154657
15.968203875003383,0.030889034271240234,-0.1133795976638794,0.1294938325881958,0.1070573553442955,0.8509764075279236,0.5025530457496643,-0.49105385600873186,-0.18810224715856075,-0.39886602267341115
15.978258875002211,0.057216107845306396,-0.13519823551177979,0.16111713647842407,-0.05464818701148033,0.8697791695594788,0.5781631469726562,-0.4816755344197324,-0.19034547079851977,-0.3940248657279653
15.988314875001379,0.08881962299346924,-0.10520797967910767,0.08088403940200806,-0.16439425945281982,0.8846602439880371,0.6577403545379639,-0.4721094949087346,-0.1940793669040617,-0.38908149424104915
15.998369875000208,0.06988178193569183,-0.10919374227523804,0.025482118129730225,-0.1693836897611618,0.898267388343811,0.7032966613769531,-0.4621337082080527,-0.19872875513269297,-0.3836671383025091
16.008425874999375,0.03142361342906952,-0.07635670900344849,-0.02113497257232666,-0.07980404794216156,0.8885664343833923,0.6937494277954102,-0.45217791090551973,-0.20283528495192915,-0.3779283428943724
16.018480874998204,0.023905709385871887,0.026597976684570312,-0.05947595834732056,-0.05055961012840271,0.850637674331665,0.6433624029159546,-0.44237588803806827,-0.20617076730681327,-0.37206087375456276
16.028536875004647,0.009069874882698059,-0.00036406517028808594,-0.025538146495819092,-0.12359214574098587,0.8109095692634583,0.5969452857971191,-0.43296719465804423,-0.20959193928749167,-0.3666894023642801
16.038592875003815,0.0055806636810302734,-0.032664358615875244,0.01847928762435913,-0.14994145929813385,0.8027235269546509,0.5866625308990479,-0.4237490188615568,-0.2133863878755839,-0.36174500116187375
16.048647875002644,0.03405080735683441,-0.022960424423217773,0.040274083614349365,-0.21221069991588593,0.8282398581504822,0.6383541822433472,-0.4145559193701826,-0.21749277269343076,-0.3567984796493944
16.05870387500181,0.06496469676494598,-0.0923612117767334,0.10196244716644287,-0.2848960757255554,0.9069381356239319,0.7234776020050049,-0.4046107052690834,-0.22252193668669681,-0.35134180445892177
16.06875887500064,0.06640441715717316,-0.06877464056015015,0.0972033143043518,-0.31686195731163025,0.9402072429656982,0.770216166973114,-0.39382923059728564,-0.22838455173549643,-0.34537768606028263
16.078814874999807,0.0314236581325531,-0.00786823034286499,0.035960495471954346,-0.25118547677993774,0.9373416900634766,0.7577906847000122,-0.38299660668889646,-0.23400948332294136,-0.3391986003351453
16.088869874998636,-0.030436262488365173,0.03157585859298706,-0.06363803148269653,-0.06920280307531357,0.9021336436271667,0.7133747339248657,-0.37216826995233654,-0.2383640889674364,-0.3327331331013855
16.09892587500508,-0.05292616784572601,0.10598695278167725,-0.15819358825683594,0.198533296585083,0.8508967757225037,0.6479358077049255,-0.36174073325198697,-0.24021668750109426,-0.3259213339253535
16.10898087500391,-0.08114275336265564,0.12074649333953857,-0.177781879901886,0.4519916772842407,0.8028571009635925,0.5901296138763428,-0.3517057822509547,-0.23926862215756595,-0.31873503276908455
16.119036875003076,-0.09064960479736328,0.06078749895095825,-0.125879168510437,0.5828080177307129,0.7693055272102356,0.5499235987663269,-0.3419596977360322,-0.23629576641893765,-0.3112810960052709
16.129092875002243,-0.06622776389122009,-0.009112060070037842,-0.05326879024505615,0.5696920156478882,0.7611456513404846,0.5518749952316284,-0.33254172424900924,-0.23258664368719184,-0.30391790281299624
16.139147875001072,-0.024350330233573914,-0.02013915777206421,0.018683135509490967,0.42514175176620483,0.7930551171302795,0.6000345349311829,-0.32298915187202576,-0.22970772153314634,-0.29659027730122167
16.14920387500024,0.016918092966079712,-0.04437577724456787,0.07095533609390259,0.2436876893043518,0.8320361375808716,0.6541502475738525,-0.3130413835643762,-0.22853696270870322,-0.289279415819721
16.159258874999068,0.04491038620471954,-0.02288442850112915,0.036268413066864014,0.17983467876911163,0.8242227435112,0.6743902564048767,-0.3030617358034504,-0.2286605148146168,-0.2820733891060343
16.169314874998236,0.036146923899650574,0.033421993255615234,-0.0481831431388855,0.26791855692863464,0.7940845489501953,0.6219303011894226,-0.29339212786449115,-0.22841911603134823,-0.27501959210003823
16.17936987500434,0.003859221935272217,0.1256522536277771,-0.10708504915237427,0.37094321846961975,0.7428320050239563,0.5283209681510925,-0.2841508854493073,-0.22696728088572232,-0.2683547943428313
16.189425875003508,-0.013155892491340637,0.16820049285888672,-0.10420078039169312,0.4496106207370758,0.673418402671814,0.4185095727443695,-0.27563179318694064,-0.22434569565643422,-0.26244919592621474
16.199480875002337,-0.029874905943870544,0.150934636592865,-0.0743027925491333,0.5119789838790894,0.6341658234596252,0.34987592697143555,-0.2679904352801732,-0.22067868742779154,-0.2573469147391891
16.209536875001504,-0.0054865628480911255,0.1430169939994812,-0.07438868284225464,0.5186096429824829,0.6185228228569031,0.3248635530471802,-0.2604992750154482,-0.2165985254001153,-0.2525115692506547
16.21959287500067,0.02487872540950775,0.08155053853988647,-0.04655873775482178,0.42993223667144775,0.6234544515609741,0.3433069884777069,-0.2530452767717997,-0.21289821454220548,-0.24779185368528842
16.2296478749995,0.041875094175338745,0.016191720962524414,0.02222883701324463,0.3383946716785431,0.6775384545326233,0.4006851315498352,-0.24544476501098672,-0.21011781685688385,-0.24305127752853828
16.239703874998668,0.04783610999584198,-0.027128219604492188,0.08288908004760742,0.22909852862358093,0.7602591514587402,0.4804774224758148,-0.2371609224961711,-0.20838734185065527,-0.2379369489817966
16.249758875004773,0.05733661353588104,-0.07791447639465332,0.128811776638031,0.14067280292510986,0.8323565125465393,0.5462281703948975,-0.22788487169075006,-0.2078546096360634,-0.2323174327957565
16.25981487500394,0.057300224900245667,-0.09285092353820801,0.11674225330352783,0.20993947982788086,0.8586664199829102,0.5826855301856995,-0.21807342653948572,-0.2075362294466284,-0.22624277080136249
16.26986987500277,0.03270934522151947,-0.051328837871551514,0.06598317623138428,0.33507871627807617,0.8619710206985474,0.5691671967506409,-0.20819494742890698,-0.2060734115505911,-0.21989376935818677
16.279925875001936,0.008173644542694092,-0.019964098930358887,0.001898050308227539,0.4730916917324066,0.8421094417572021,0.5491389036178589,-0.1983165904763755,-0.20323103131501682,-0.21345663023936745
16.289980875000765,0.013375833630561829,0.005496382713317871,-0.03886455297470093,0.6212500333786011,0.8154205679893494,0.5261701941490173,-0.1886866848599375,-0.19884670665925622,-0.20696339228569258
16.300036874999932,0.01891283690929413,-0.0015966296195983887,-0.05522942543029785,0.6808670163154602,0.8064297437667847,0.4977947771549225,-0.17919701986802822,-0.19325189534459472,-0.2004819250532075
16.31009187499876,0.02371560037136078,-0.029223084449768066,-0.012315034866333008,0.4825983941555023,0.803791880607605,0.4599544405937195,-0.16989663576023772,-0.1882045735778899,-0.19452702923207965
16.320147875005205,0.03613787889480591,-0.05698883533477783,0.025422513484954834,0.11919515579938889,0.7772441506385803,0.45488885045051575,-0.16072074551301924,-0.18601611205690513,-0.18928085171203526
16.330203875004372,0.0700167864561081,-0.055841028690338135,0.019087374210357666,-0.14940966665744781,0.7166289687156677,0.46038109064102173,-0.15221121696889153,-0.18710322856360054,-0.1846122410286664
16.3402588750032,0.06528110802173615,-0.06944698095321655,-0.003281533718109131,-0.273104190826416,0.6526508331298828,0.44000017642974854,-0.14430916246902303,-0.1900182997966056,-0.18023452593155292
16.35031487500237,0.042713895440101624,-0.043008387088775635,-0.056922733783721924,-0.2260623574256897,0.5668157935142517,0.3703625202178955,-0.1371660939859099,-0.19321593265410666,-0.17630077762991342
16.360369875001197,0.03661002218723297,0.01814103126525879,-0.12740397453308105,-0.16610290110111237,0.46765753626823425,0.28016939759254456,-0.13128528084976027,-0.19566619307694408,-0.17322518516308402
16.370425875000365,0.04617103934288025,0.1047370433807373,-0.18640881776809692,-0.0748009905219078,0.3841686546802521,0.2089105248451233,-0.12655522946656114,-0.19719786290442987,-0.1709240710499503
16.380480874999193,0.0417194664478302,0.10293412208557129,-0.2066362500190735,0.0478636771440506,0.31281059980392456,0.15627528727054596,-0.12268582729016816,-0.1975740419564477,-0.16910053519003
16.39053687499836,0.030694425106048584,0.08876150846481323,-0.1897270679473877,0.25177884101867676,0.2733660936355591,0.14546845853328705,-0.11946567516789963,-0.19632012240510147,-0.1674211858294233
16.400591875004466,0.02432219684123993,0.09322351217269897,-0.16712278127670288,0.5564018487930298,0.26942726969718933,0.1579727977514267,-0.11637007499073158,-0.19248807990277825,-0.1654199697233109
16.410647875003633,0.017585575580596924,0.10476833581924438,-0.13023704290390015,0.8783704042434692,0.2698286175727844,0.19777289032936096,-0.11317923212420174,-0.1855470425699966,-0.16276113552973467
16.420702875002462,0.024271175265312195,0.11451107263565063,-0.11590683460235596,1.1824873685836792,0.2875245213508606,0.24646027386188507,-0.109553862443411,-0.17556011915356637,-0.15921715482602378
16.43075887500163,0.03323957324028015,0.11445289850234985,-0.08880096673965454,1.4063509702682495,0.3077816069126129,0.2683803141117096,-0.10572615582377794,-0.16286046787714523,-0.15506151718501487
16.440814875000797,0.03184032440185547,0.10564571619033813,-0.05847400426864624,1.3351161479949951,0.3404276967048645,0.23735183477401733,-0.10185421481819655,-0.1491623607688524,-0.15100134276130747
16.450869874999626,0.029322519898414612,0.0955851674079895,-0.010440617799758911,1.0687131881713867,0.3416949510574341,0.21052365005016327,-0.09777761179654086,-0.13738888621011727,-0.14745156004921206
16.460925874998793,0.018857628107070923,0.05306696891784668,0.07447856664657593,0.6988317370414734,0.344881147146225,0.18258389830589294,-0.09386343079858529,-0.12864048880371676,-0.1445014627595613
16.470980875004898,-0.015027791261672974,0.002018868923187256,0.1672716736793518,0.29548853635787964,0.3688391149044037,0.17572474479675293,-0.09006337384942116,-0.12391592699616713,-0.1423108989416909
16.481036875004065,-0.038547009229660034,-0.03564566373825073,0.2156299352645874,0.06838905811309814,0.38130056858062744,0.24070054292678833,-0.08597184165856855,-0.12239124296477703,-0.1400501554225901
16.491091875002894,-0.05468371510505676,-0.08896690607070923,0.1935495138168335,-0.042230620980262756,0.37926602363586426,0.270969420671463,-0.0818892007136685,-0.12249672572446504,-0.13746105054171137
16.50114787500206,-0.037172019481658936,-0.11337417364120483,0.08315137028694153,-0.12781529128551483,0.3479517698287964,0.2984924018383026,-0.07786962554738144,-0.12357172816767661,-0.1346472551412354
16.51120287500089,-0.004295244812965393,-0.10700559616088867,0.011012464761734009,-0.20357944071292877,0.3228449523448944,0.31778275966644287,-0.07392525135401665,-0.1255326647198631,-0.13156163916823324
16.521258875000058,0.002077922224998474,-0.12043660879135132,0.004888713359832764,-0.21370796859264374,0.27938616275787354,0.33208951354026794,-0.07046688016447283,-0.12790714034330017,-0.12841696074915399
16.531313874998887,-0.0018981993198394775,-0.11320573091506958,-0.031914591789245605,-0.22815702855587006,0.2532784044742584,0.3204784691333771,-0.06749942017793095,-0.13029647175196613,-0.12531810609463861
16.541369874998054,-0.0038568973541259766,-0.06892907619476318,-0.06673195958137512,-0.2578432857990265,0.19598209857940674,0.2654320001602173,-0.06498917948282425,-0.1329049931704093,-0.1225555109445222
16.551425875004497,-0.003761202096939087,-0.014977812767028809,-0.07400792837142944,-0.2905716001987457,0.1436762809753418,0.18993578851222992,-0.06306977590132735,-0.13582462302679474,-0.12048257977724117
16.561480875003326,-0.014808177947998047,0.016722917556762695,-0.047310471534729004,-0.30124661326408386,0.0912945568561554,0.14463409781455994,-0.06168809707768447,-0.13890820712373309,-0.1189977059800604
16.571536875002494,-0.027807161211967468,0.005428493022918701,-0.02863413095474243,-0.30884629487991333,0.06248954311013222,0.11317938566207886,-0.06077255933036186,-0.14202511218854139,-0.1178779011730702
16.581591875001322,-0.029806509613990784,-0.004172980785369873,-0.03781038522720337,-0.3139049708843231,0.033535391092300415,0.09659535437822342,-0.06015689503165693,-0.1452881046739826,-0.117005605727193
16.59164787500049,-0.022941097617149353,0.02118319272994995,-0.04390382766723633,-0.23033225536346436,0.00940728560090065,0.11221108585596085,-0.05986904937548883,-0.14814935030894671,-0.11613375952501756
16.60170287499932,-0.01609356701374054,0.057137250900268555,-0.05925947427749634,-0.11484002321958542,0.01521510723978281,0.158866748213768,-0.05949297961302813,-0.15001291083322246,-0.11483478462640938
16.611758874998486,-0.016738921403884888,0.03696554899215698,-0.05099070072174072,-0.0561300553381443,0.04010993614792824,0.18334361910820007,-0.058770480177954665,-0.15097073439675412,-0.1130095135063974
16.62181387500459,-0.011497437953948975,0.010551691055297852,-0.0351981520652771,-0.052842382341623306,0.04872952401638031,0.18384988605976105,-0.05797132420220061,-0.1516543082353525,-0.11114066467087808
16.63186987500376,0.010879680514335632,0.03819072246551514,-0.03712621331214905,-0.014172175899147987,0.04792511835694313,0.17374315857887268,-0.05710717927787524,-0.1521214013439165,-0.10927525764980643
16.641924875002587,0.02781730890274048,0.07910871505737305,-0.04758533835411072,0.027911627665162086,0.035186417400836945,0.1441277414560318,-0.05637292407192256,-0.15215538817152446,-0.10760137130149
16.651980875001755,0.0328313410282135,0.08958625793457031,-0.048683106899261475,0.04688935726881027,0.01990293711423874,0.103617362678051,-0.055708194811869845,-0.1518675013071008,-0.10621066899129952
16.662036875000922,0.023308739066123962,0.08274662494659424,-0.02586919069290161,0.03813314810395241,0.010706775821745396,0.062103480100631714,-0.055360675514464684,-0.15151182714098455,-0.10531427979461892
16.67209187499975,0.019153565168380737,0.07289320230484009,-0.017377614974975586,0.02988995984196663,-0.005676459055393934,0.0175760630518198,-0.05499732348403471,-0.15127310418247614,-0.10474687952511745
16.68214787499892,0.020124882459640503,0.0742904543876648,-0.023601919412612915,0.020733211189508438,-0.014403371140360832,-0.013231384567916393,-0.05490056661099253,-0.15106159898376958,-0.10462738122286025
16.692202875005023,0.021897614002227783,0.07368814945220947,-0.032418012619018555,0.024056702852249146,-0.023474231362342834,-0.028257444500923157,-0.05501003651800653,-0.15075843419057783,-0.10477503075211551
16.70225887500419,0.011933684349060059,0.05243450403213501,-0.02911221981048584,0.04885552451014519,-0.03848939761519432,-0.04374372586607933,-0.05555697038425977,-0.15023182963094253,-0.10524648300683861
16.71231387500302,0.004685193300247192,0.034754157066345215,-0.020756393671035767,0.09010110050439835,-0.04881807044148445,-0.05795517936348915,-0.05609461642990066,-0.149365176789071,-0.10571081471727412
16.722369875002187,0.002466842532157898,0.023275136947631836,-0.00467267632484436,0.10871952772140503,-0.06799682229757309,-0.07430006563663483,-0.05671727818762633,-0.14812767162636273,-0.1061783854003662
16.732424875001016,0.0036562681198120117,0.010731518268585205,0.005040287971496582,0.09408913552761078,-0.08615092188119888,-0.0783107578754425,-0.0575414734473039,-0.14685073547301578,-0.10674034879845283
16.742480875000183,0.002279609441757202,0.004203975200653076,0.00480043888092041,0.07167810201644897,-0.0859389379620552,-0.0785115584731102,-0.0585810222582175,-0.145831322856461,-0.10744482330060871
16.752535874999012,-0.00031816959381103516,-0.010899007320404053,0.026109695434570312,0.053174372762441635,-0.08312956988811493,-0.07965368777513504,-0.05958009494061721,-0.14506859667787295,-0.10813970088375904
16.76259187499818,-0.005115896463394165,-0.02523970603942871,0.037566542625427246,0.054929930716753006,-0.06932853907346725,-0.070064976811409,-0.06043783084324093,-0.14437012942649316,-0.1087579178398036
16.772647875004623,-0.006352230906486511,-0.03275710344314575,0.0401877760887146,0.055399488657712936,-0.04930942505598068,-0.053577687591314316,-0.06106558068833023,-0.14367505967439528,-0.10924134968449759
16.78270287500345,-0.004978090524673462,-0.03367054462432861,0.03309661149978638,0.047685373574495316,0.001021391013637185,-0.03200581669807434,-0.06139138757936695,-0.14306241833973293,-0.10960110093993716
16.79275887500262,-0.0076202452182769775,-0.030564069747924805,0.056194424629211426,0.04420307278633118,0.023516446352005005,-0.01857791841030121,-0.06135371309192036,-0.14254713917202574,-0.1098508702241826
16.802813875001448,-0.007002666592597961,-0.02296745777130127,0.06204545497894287,0.0728331133723259,0.045423343777656555,0.009901124984025955,-0.060856793584806564,-0.14193704244642105,-0.10977490666346576
16.81287066666846,-0.00016221404075622559,-0.04097437858581543,0.039030373096466064,0.05835164710879326,0.05575241148471832,0.028231022879481316,-0.06016851278283006,-0.14132067773108728,-0.10944237188945544
16.822925666667288,0.008493930101394653,-0.05610179901123047,0.00920325517654419,0.04212234541773796,0.04627768322825432,0.04745851457118988,-0.05954688910210917,-0.1408798452676831,-0.10898832040605519
16.832981666666456,0.015615925192832947,-0.04000413417816162,-0.026364445686340332,0.08872681856155396,0.03688591346144676,0.06274060904979706,-0.059059348395868086,-0.14032539322881915,-0.10838989395309405
16.843036666665284,0.018519580364227295,-0.00219649076461792,-0.05440378189086914,0.16071553528308868,0.024410869926214218,0.05981859192252159,-0.058686332441644604,-0.13921895833665107,-0.10771477658801094
16.853092666671728,0.019525378942489624,-0.0046555399894714355,-0.0385550856590271,0.1721048802137375,-0.001945636817254126,0.038558151572942734,-0.058370178246062825,-0.1376999087626501,-0.10709228045724563
16.863147666670557,0.022041454911231995,-0.011023879051208496,-0.034309059381484985,0.16958953440189362,-0.031636953353881836,0.03252742439508438,-0.05845345150571863,-0.1361821368641843,-0.10664907616300644
16.873203666669724,0.025262340903282166,0.009686172008514404,-0.04792553186416626,0.10450711101293564,-0.056664276868104935,0.02074139006435871,-0.058974553694400134,-0.1348946077791706,-0.10636964769878324
16.88325966666889,0.012483209371566772,0.008197903633117676,-0.03622704744338989,-0.006267869379371405,-0.07291914522647858,-0.007325665093958378,-0.05971057859043929,-0.134499660871954,-0.10634364851330166
16.89331466666772,0.003751412034034729,-0.00566411018371582,-0.01647341251373291,-0.09239551424980164,-0.10407906770706177,-0.02741551212966442,-0.06082659034951418,-0.13513694069914328,-0.10668225647406022
16.903370666666888,0.008316591382026672,0.03580737113952637,-0.034091949462890625,-0.051058731973171234,-0.14211566746234894,-0.0408753976225853,-0.062254195775812274,-0.13597136433046011,-0.10717339565534456
16.913425666665717,0.00658629834651947,0.0676736831665039,-0.06130319833755493,0.04740254953503609,-0.16478541493415833,-0.052906520664691925,-0.06380865804119203,-0.13594893233398053,-0.1075900277714635
16.923481666664884,-0.01392798125743866,0.06647199392318726,-0.062023699283599854,0.08464206010103226,-0.19282929599285126,-0.07067086547613144,-0.06582684680224132,-0.13513031088840657,-0.10823822830514422
16.93353666667099,-0.029405593872070312,0.046013474464416504,-0.05654257535934448,0.07219564914703369,-0.2139621526002884,-0.09210726618766785,-0.06802354560049428,-0.1341866714369499,-0.10900637192886922
16.943592666670156,-0.02881963551044464,0.03375190496444702,-0.05721259117126465,0.01611054129898548,-0.22565795481204987,-0.11117523163557053,-0.07048288790403186,-0.13360364544151754,-0.1100487153439987
16.953647666668985,-0.014648064970970154,0.043283045291900635,-0.05453896522521973,0.015621671453118324,-0.24820934236049652,-0.13545797765254974,-0.07306029384375579,-0.13326890908442116,-0.11125984218921338
16.963703666668152,-0.006107151508331299,0.06324529647827148,-0.042435646057128906,0.06549975275993347,-0.25771814584732056,-0.16346511244773865,-0.07576605394590778,-0.13271307348559688,-0.11269201777928847
16.97375866666698,-0.006977826356887817,0.07635879516601562,-0.03443259000778198,0.1355067491531372,-0.2581752836704254,-0.18630169332027435,-0.07843298829182953,-0.13157375426322798,-0.11431584417444045
16.98381466666615,-0.006319671869277954,0.06780344247817993,-0.008714377880096436,0.15641309320926666,-0.26279693841934204,-0.21393971145153046,-0.08125002305157412,-0.12979248016822306,-0.11615569621971923
16.993870666665316,-0.010562866926193237,0.050087809562683105,0.029608100652694702,0.13985569775104523,-0.2537616193294525,-0.21010716259479523,-0.08403951253020285,-0.12787995373677985,-0.118078491380724
17.00392566667142,-0.018962934613227844,0.032016634941101074,0.041539907455444336,0.19645506143569946,-0.2557954788208008,-0.20423276722431183,-0.08654239973172018,-0.12580987070051972,-0.1198728061356703
17.01398166667059,-0.029538452625274658,0.035353004932403564,0.023052573204040527,0.31364503502845764,-0.266008585691452,-0.22919923067092896,-0.08909699566369986,-0.12290568134680864,-0.12170871536160954
17.024036666669417,-0.03634200990200043,0.06606495380401611,-0.030007541179656982,0.3823050558567047,-0.3070324659347534,-0.29722729325294495,-0.09216406374069562,-0.1189315307455829,-0.12401728579358083
17.034092666668585,-0.04756292700767517,0.08770298957824707,-0.07405656576156616,0.3135867118835449,-0.3752650320529938,-0.3882056772708893,-0.09587134228948559,-0.11509630955996349,-0.12708582423897052
17.044147666667413,-0.05667597055435181,0.052829086780548096,-0.067528635263443,0.1585414558649063,-0.45449382066726685,-0.4658360183238983,-0.10052166122354661,-0.11231461412473316,-0.13115293705785494
17.05420366666658,-0.07074588537216187,0.04025167226791382,-0.033808231353759766,0.05089874938130379,-0.5216684341430664,-0.5241971611976624,-0.1059143739432319,-0.1108526649997581,-0.13601969532339261
17.06425866666541,-0.06982475519180298,0.030612707138061523,-0.0434303879737854,0.03212213143706322,-0.5328065752983093,-0.5428097248077393,-0.11163473170737571,-0.10992950855186877,-0.14126174058719518
17.074314666671853,-0.0471256822347641,0.04026848077774048,-0.049768537282943726,0.061482593417167664,-0.5270610451698303,-0.5344085693359375,-0.11758739170827742,-0.10885319031523023,-0.1466403862111868
17.084369666670682,-0.021234780550003052,0.038527607917785645,-0.03417813777923584,0.1044074222445488,-0.49882838129997253,-0.5112718343734741,-0.12345636710186472,-0.10731614607143762,-0.15183106813258865
17.09442566666985,-0.013174369931221008,0.016009926795959473,-0.005404293537139893,0.08750993013381958,-0.49730852246284485,-0.5119616985321045,-0.1290754013627733,-0.10561087886116047,-0.1568806218858096
17.104481666669017,-0.004522249102592468,0.024554073810577393,0.003947913646697998,0.043792545795440674,-0.5063624382019043,-0.49341118335723877,-0.13466434813830558,-0.10427154125836242,-0.16184013139223796
17.114536666667846,0.015269190073013306,0.02884465456008911,-0.0516929030418396,-0.05064425617456436,-0.5205157399177551,-0.4902723431587219,-0.1403312427168555,-0.10356746376800839,-0.1667619168356082
17.124592666667013,0.035331472754478455,0.001836538314819336,-0.08234277367591858,-0.15830281376838684,-0.5637825131416321,-0.5018141865730286,-0.14622839297324927,-0.10397908251358454,-0.1718524973132666
17.134647666665842,0.061034902930259705,0.004017531871795654,-0.11360526084899902,-0.10205737501382828,-0.6340121626853943,-0.5027762651443481,-0.152608809640394,-0.10471440529361659,-0.17699900590984402
17.14470366666501,0.058750078082084656,0.03886687755584717,-0.12212187051773071,0.05160728096961975,-0.6859104633331299,-0.548812210559845,-0.15973242107336896,-0.10415434879858541,-0.18224632239111016
17.154758666671114,0.04733926057815552,0.054781317710876465,-0.11099368333816528,0.13498897850513458,-0.728701651096344,-0.5955243706703186,-0.16735050893382783,-0.10227165196267703,-0.1877830861134542
17.16481466667028,0.061700254678726196,0.04280883073806763,-0.11170554161071777,0.16659244894981384,-0.7933592200279236,-0.6349977254867554,-0.17564529006624102,-0.09967518490607555,-0.19366805456486416
17.17486966666911,0.07409203052520752,0.03313004970550537,-0.09344053268432617,0.17031213641166687,-0.865548312664032,-0.66669100522995,-0.18477058281755138,-0.0967879994592534,-0.19991002643821687
17.184925666668278,0.07782703638076782,0.04281735420227051,-0.09463006258010864,0.13467425107955933,-0.9076105356216431,-0.6916184425354004,-0.19443960822721365,-0.09390052537267661,-0.20641609872650118
17.194980666667107,0.08677616715431213,0.04665464162826538,-0.0841890275478363,0.0017807361437007785,-0.9283709526062012,-0.7064870595932007,-0.20451481680824335,-0.09167947047010432,-0.2133006753890835
17.205036666666274,0.10568493604660034,0.005740046501159668,-0.07074815034866333,-0.17296497523784637,-0.9415962100028992,-0.6897328495979309,-0.21457355292918354,-0.09107265467063672,-0.22040854294684264
17.21509266666544,0.1087053120136261,-0.043609023094177246,-0.01730036735534668,-0.23537996411323547,-0.9448330402374268,-0.6613125205039978,-0.22468698424386213,-0.09168870775393402,-0.22751389181398682
17.225147666671546,0.09062643349170685,-0.0492282509803772,0.01172107458114624,-0.19735881686210632,-0.9084728956222534,-0.6302561163902283,-0.23478514715318377,-0.09230839923394382,-0.23443246105480306
17.235203666670714,0.09870660305023193,-0.023558199405670166,-0.024214565753936768,-0.1449914425611496,-0.8660541772842407,-0.5726165771484375,-0.24445263642497886,-0.09247160170058853,-0.24084811490119415
17.245258666669542,0.11307664215564728,-0.05168771743774414,-0.0143546462059021,-0.026918064802885056,-0.8380736708641052,-0.5167482495307922,-0.2538397388103417,-0.09187006902663541,-0.24653329833347182
17.25531466666871,0.09764471650123596,-0.0727502703666687,0.02465122938156128,0.16365547478199005,-0.796132504940033,-0.47342661023139954,-0.26262331315215354,-0.08991131250111528,-0.2512343419024194
17.26536966666754,0.07387520372867584,-0.02689647674560547,0.033999085426330566,0.27190259099006653,-0.7475423216819763,-0.4504033327102661,-0.2707992198757605,-0.08646531899226775,-0.25513352242952864
17.275425666666706,0.06789183616638184,-0.024719536304473877,0.03912007808685303,0.19149039685726166,-0.7265501618385315,-0.43092024326324463,-0.2787065004834427,-0.0828553387724427,-0.25884342653521586
17.285480666665535,0.08597871661186218,-0.035228848457336426,0.03470718860626221,0.02991401217877865,-0.7189985513687134,-0.39189985394477844,-0.2864537673808692,-0.08053967521378773,-0.2625764827055455
17.295536666664702,0.0803128182888031,-0.06846189498901367,0.051200807094573975,-0.13981719315052032,-0.6997405886650085,-0.3672716021537781,-0.29413448869915276,-0.07993083646831746,-0.26651668356717617
17.305592666671146,0.04410800337791443,-0.08976393938064575,0.07891732454299927,-0.27754920721054077,-0.6892610788345337,-0.35627061128616333,-0.3014654106768399,-0.0808624131321133,-0.2706123511694238
17.315647666669975,0.017946794629096985,-0.0874401330947876,0.08266884088516235,-0.3623800277709961,-0.6798230409622192,-0.3401312530040741,-0.30876783557997933,-0.08293144487448323,-0.274997524120775
17.325703666669142,0.01960913836956024,-0.058646440505981445,0.04002952575683594,-0.32096147537231445,-0.6945018768310547,-0.3286024034023285,-0.3159937150806111,-0.08526026135303062,-0.2792306918501747
17.33575866666797,0.008211508393287659,-0.02804267406463623,0.03602570295333862,-0.2494424432516098,-0.7228848934173584,-0.3341940641403198,-0.32351321199789235,-0.08694849420426216,-0.28334970676483723
17.34581466666714,0.005931451916694641,-0.012719571590423584,-0.002747058868408203,-0.2188621610403061,-0.7402300834655762,-0.3422123193740845,-0.33130117270925663,-0.0880136065186506,-0.2873429861236638
17.355869666665967,0.004021644592285156,0.0024065375328063965,-0.01895606517791748,-0.25735539197921753,-0.7538284659385681,-0.35073697566986084,-0.3391939936186812,-0.08911460425441763,-0.29142152120547865
17.365925666665134,0.009281635284423828,0.00707775354385376,-0.008923232555389404,-0.31318509578704834,-0.7698441743850708,-0.3485420048236847,-0.34739550235629196,-0.09057432692403244,-0.29580712295626305
17.37598066667124,0.00855797529220581,0.012295126914978027,0.0045427680015563965,-0.3369128108024597,-0.7683927416801453,-0.329641193151474,-0.35550096877880377,-0.09253112660558126,-0.30014323287003425
17.386036666670407,0.004710286855697632,0.015931308269500732,-0.0038591623306274414,-0.2987675368785858,-0.745334804058075,-0.32141387462615967,-0.36354699613412356,-0.09439639133669123,-0.30439219985131055
17.396091666669236,0.006983280181884766,0.030123591423034668,-0.011800765991210938,-0.15136216580867767,-0.7276419997215271,-0.32591575384140015,-0.3714828216013108,-0.09532607340840307,-0.30833717015299056
17.406147666668403,-0.016629040241241455,0.031167685985565186,0.012248337268829346,0.008388882502913475,-0.7090400457382202,-0.3480583429336548,-0.3792202992514879,-0.0946825989081404,-0.31185514842380446
17.41620366666757,-0.021572798490524292,0.06681054830551147,-0.019574105739593506,0.16976569592952728,-0.6918603181838989,-0.3630135953426361,-0.3866679149134614,-0.09242538602259834,-0.31488368166534547
17.4262586666664,-0.003855496644973755,0.09172588586807251,-0.027506887912750244,0.19721144437789917,-0.7055186033248901,-0.4209243059158325,-0.39420640388212363,-0.08896596198213189,-0.317897417351209
17.436314666665567,-0.013162299990653992,0.07906484603881836,0.0021786093711853027,0.12910783290863037,-0.7213246822357178,-0.4722769558429718,-0.40192047498394495,-0.08561590880807671,-0.3215493565926542
17.44636966667167,-0.01584780216217041,0.08443737030029297,-0.00024813413619995117,0.13119469583034515,-0.7381467819213867,-0.5145413279533386,-0.4098742830531262,-0.08239538829778713,-0.3257500079699952
17.45642566667084,-0.015586420893669128,0.0874750018119812,0.004368603229522705,0.2156645655632019,-0.7395465970039368,-0.5340988039970398,-0.4176899439842502,-0.07867916872271331,-0.3299473664076185
17.466480666669668,-2.9847025871276855e-05,0.09008347988128662,-0.007955431938171387,0.2687661647796631,-0.7411929368972778,-0.5501288771629333,-0.42556348194901134,-0.07413924247432621,-0.33397674040654485
17.476536666668835,0.015433236956596375,0.051941871643066406,0.013911902904510498,0.2740978002548218,-0.7310921549797058,-0.556147575378418,-0.433440691008363,-0.06922253618290736,-0.3379852650603795
17.486591666667664,0.020441949367523193,0.03073936700820923,0.040843307971954346,0.25617340207099915,-0.7069300413131714,-0.5449657440185547,-0.44121763193972524,-0.064298227853958,-0.341996968542217
17.49664766666683,0.022493690252304077,0.010725557804107666,0.05019521713256836,0.22386297583580017,-0.6749871969223022,-0.5210068225860596,-0.4485455530196558,-0.059747198452429755,-0.34586381237581665
17.50670266666566,0.023534685373306274,-0.010235488414764404,0.05039399862289429,0.2056773155927658,-0.6330761909484863,-0.4962274432182312,-0.4554856550427808,-0.05552353035325841,-0.349606510213601
17.516758666664828,0.019312724471092224,-0.026194334030151367,0.043971121311187744,0.22813992202281952,-0.600521981716156,-0.4793802797794342,-0.46183450306595464,-0.051438632685431605,-0.35301887729732234
17.526813666670932,0.013702884316444397,-0.028131484985351562,0.03904235363006592,0.3194597065448761,-0.5672340393066406,-0.45298781991004944,-0.46791332602854935,-0.046862960482236364,-0.3560468352731402
17.5368696666701,0.014963969588279724,-0.020217478275299072,0.020125865936279297,0.4955504834651947,-0.5334959030151367,-0.4043945372104645,-0.4736238334798595,-0.04123768386371855,-0.3581259416657374
17.546925666669267,0.016427814960479736,-0.04839181900024414,-0.019766628742218018,0.7776734828948975,-0.4923255741596222,-0.30983951687812805,-0.47880876009326034,-0.03395055644395846,-0.35842736463057223
17.556980666668096,-0.01248730719089508,-0.08112132549285889,-0.014082908630371094,1.0356100797653198,-0.41375449299812317,-0.2052144706249237,-0.48326722412557643,-0.024637946677659214,-0.3564186003891654
17.567036666667263,-0.052554771304130554,-0.07877403497695923,0.03256934881210327,1.0665661096572876,-0.33418697118759155,-0.16363213956356049,-0.487075229170334,-0.014219904097560559,-0.35306469652570255
17.577091666666092,-0.06500405073165894,-0.06276237964630127,0.13878047466278076,0.5737763047218323,-0.2624170482158661,-0.24083739519119263,-0.4900726720424019,-0.005701286000145349,-0.3507917597692371
17.58714766666526,-0.05828393995761871,-0.05061829090118408,0.2714519500732422,-0.06866977363824844,-0.2501036524772644,-0.31564638018608093,-0.49272948899740826,-0.002143228169006481,-0.3521654183867666
17.597202666671365,-0.027911990880966187,0.03158974647521973,0.26455217599868774,-0.4227699339389801,-0.24181868135929108,-0.4030328691005707,-0.4951678869089653,-0.002828204923139999,-0.35662843567837815
17.607258666670532,-0.02467779815196991,0.08980095386505127,0.20933818817138672,-0.5063253045082092,-0.2294512242078781,-0.5031557679176331,-0.49766662621448887,-0.0047797178327628935,-0.36293183143409563
17.61731366666936,-0.015974149107933044,0.12375259399414062,0.1712448000907898,-0.37249600887298584,-0.21792107820510864,-0.5621501207351685,-0.5000510380145053,-0.00612890557420566,-0.36987014141141233
17.62736966666853,-0.0029327422380447388,0.12295061349868774,0.07447534799575806,-0.1349620223045349,-0.2008502185344696,-0.6120327115058899,-0.502453154369011,-0.005463516708264985,-0.37643232718474645
17.637424666667357,-0.025742217898368835,0.06822860240936279,0.046792685985565186,0.13102611899375916,-0.19761459529399872,-0.6481840014457703,-0.5046352411419431,-0.0022951718756915877,-0.3820384352000207
17.647480666666524,-0.05827777087688446,0.030730485916137695,0.020745515823364258,0.22782109677791595,-0.2021196037530899,-0.6688469648361206,-0.5068408795191317,0.0027210191247561415,-0.38701985269347366
17.657536666665692,-0.07109223306179047,-0.0009781122207641602,0.0025783181190490723,0.12711885571479797,-0.23274609446525574,-0.6767377257347107,-0.509086839067833,0.0077111545492662,-0.3920717980011783
17.667591666671797,-0.07643865048885345,-0.056460797786712646,-0.0022017359733581543,-0.023942027240991592,-0.25745436549186707,-0.657806932926178,-0.5118281957610549,0.011627852294124667,-0.39780697302435664
17.677647666670964,-0.0652417540550232,-0.09031260013580322,-0.02222532033920288,-0.16477255523204803,-0.27213823795318604,-0.6321130990982056,-0.514656435131997,0.014141649545294323,-0.4039845503625247
17.687702666669793,-0.026215016841888428,-0.09812039136886597,-0.024760544300079346,-0.3650965988636017,-0.2913140654563904,-0.604889452457428,-0.5175466814780671,0.014966878245743822,-0.4108242566626636
17.69775866666896,0.02536448836326599,-0.08352243900299072,-0.03688991069793701,-0.5224534273147583,-0.3288097679615021,-0.5557945370674133,-0.5207703762789139,0.014073413486765673,-0.4182144733895282
17.70781366666779,0.03096756339073181,-0.10217785835266113,-0.0336800217628479,-0.5986270308494568,-0.36972683668136597,-0.5263115167617798,-0.524359966557862,0.011968697940485096,-0.42584228243271127
17.717869666666957,0.013620227575302124,-0.12745845317840576,-0.047176241874694824,-0.5731560587882996,-0.4091908931732178,-0.4806719422340393,-0.5284209527570726,0.009484417016034571,-0.4333194153667417
17.727924666665785,0.047669559717178345,-0.07398313283920288,-0.09866976737976074,-0.4832783639431,-0.46662062406539917,-0.44459569454193115,-0.5330301763475231,0.007390409114929105,-0.44013600357489974
17.737980666664953,0.06239813566207886,-0.07364660501480103,-0.09489738941192627,-0.3909570574760437,-0.5105462670326233,-0.4309172034263611,-0.537988291951446,0.005915527255530908,-0.44617918762693937
17.748035666671058,0.056238412857055664,-0.07984381914138794,-0.048291683197021484,-0.26846975088119507,-0.5428304672241211,-0.41687116026878357,-0.5431551266825252,0.005196674016426285,-0.4515163344110347
17.758091666670225,0.07937124371528625,-0.06917250156402588,-0.039228618144989014,-0.2178666740655899,-0.5531110763549805,-0.3996950387954712,-0.5486740930396746,0.005265700723347828,-0.45629580032664985
17.768147666669392,0.09824126958847046,-0.06011992692947388,-0.005215585231781006,-0.2174893021583557,-0.5542343854904175,-0.37620970606803894,-0.5541674335077499,0.005426568396872615,-0.46072251332224906
17.77820266666822,0.09314873814582825,-0.05752432346343994,0.04002940654754639,-0.19428859651088715,-0.533902108669281,-0.34468019008636475,-0.5596456409375177,0.005528756450678084,-0.4649615205555717
17.78825866666739,0.09720668196678162,-0.04480522871017456,0.020254433155059814,-0.07621335238218307,-0.4980252981185913,-0.2908313274383545,-0.5646448785583894,0.005888902678002106,-0.4683511685258893
17.798313666666218,0.10120639204978943,-0.030866265296936035,-0.0074631571769714355,0.07240194827318192,-0.4587269127368927,-0.24970999360084534,-0.5694437032256747,0.007310189789847682,-0.47063621104198244
17.808369375001348,0.08544600009918213,-0.05166071653366089,0.013765096664428711,0.111500084400177,-0.4156326949596405,-0.23032830655574799,-0.5739335808644017,0.009535243229927205,-0.47213484394192706
17.818424375000177,0.08094826340675354,-0.04661816358566284,0.0424041748046875,0.016229094937443733,-0.38340216875076294,-0.1892104595899582,-0.5779480649195463,0.011272707550443958,-0.47357552609708314
17.828480374999344,0.06283178925514221,-0.03293055295944214,0.05130648612976074,-0.19550979137420654,-0.3707723915576935,-0.1710900515317917,-0.5818116612520228,0.011632447222476765,-0.4755706381377317
17.838535374998173,0.020606428384780884,-0.08231198787689209,0.0655064582824707,-0.4467898905277252,-0.37966299057006836,-0.15370671451091766,-0.5856949267242945,0.00990865403175101,-0.478804831761289
17.848591375004617,0.010304838418960571,-0.07466936111450195,0.04511302709579468,-0.6169901490211487,-0.3919265568256378,-0.12618641555309296,-0.5896653121678684,0.006240482814328636,-0.4830371752184955
17.858646375003445,0.013890504837036133,-0.04588252305984497,0.023256123065948486,-0.6681219339370728,-0.40254247188568115,-0.10195787250995636,-0.5936778225218348,0.0014668313868732188,-0.48762788923920386
17.868702375002613,0.021724998950958252,-0.05001741647720337,-0.0006148219108581543,-0.6125324368476868,-0.41115832328796387,-0.08413120359182358,-0.597717508643467,-0.0034697573222073346,-0.49200988551206
17.87875837500178,0.021463871002197266,-0.04175293445587158,-0.004301786422729492,-0.4477877616882324,-0.3956356644630432,-0.06869826465845108,-0.6017573515643699,-0.007555471950061177,-0.49568334317711527
17.88881337500061,0.020481467247009277,-0.02130371332168579,-0.02742290496826172,-0.2219458371400833,-0.3768902122974396,-0.03643779829144478,-0.6054520367114155,-0.010215965386485653,-0.4979138564102791
17.898869374999776,0.02071453630924225,-0.006928563117980957,-0.03582233190536499,-0.05267047882080078,-0.367883563041687,-0.033501528203487396,-0.6091312029455429,-0.01118551977363378,-0.49891299665217026
17.908924374998605,-0.01933780312538147,-0.027309715747833252,-0.004968047142028809,0.015563437715172768,-0.3526742458343506,-0.03510022535920143,-0.612729487886045,-0.01113479016555102,-0.4992840653421659
17.91898037500505,-0.03210426867008209,0.0037488341331481934,0.020629942417144775,0.060336146503686905,-0.32675981521606445,-0.03074457123875618,-0.6160903228691852,-0.010692279337164016,-0.4992802971700079
17.929035375003878,-0.032474398612976074,0.0005137920379638672,0.04749631881713867,0.06526778638362885,-0.299824059009552,-0.030662810429930687,-0.6192222705432042,-0.010034025609042135,-0.4991553471005971
17.939091375003045,-0.024685561656951904,-0.0018898248672485352,0.044415950775146484,0.14381253719329834,-0.25563541054725647,0.0035819504410028458,-0.6221507497307311,-0.009047710162164855,-0.49875956930058885
17.949146375001874,-0.007681071758270264,0.027500629425048828,0.024618685245513916,0.20151443779468536,-0.1984959840774536,0.031026890501379967,-0.624500480512908,-0.007679527062071668,-0.4976069697483257
17.95920237500104,-0.018638089299201965,-0.0206872820854187,0.04942554235458374,0.17145515978336334,-0.1441057026386261,0.05360144376754761,-0.6262589303124366,-0.006327076111128413,-0.49610363069822616
17.96925737499987,-0.038179174065589905,-0.019372522830963135,0.049386441707611084,0.03064398653805256,-0.1298828274011612,0.06620192527770996,-0.6275978534905833,-0.005880970787924557,-0.49501337799278466
17.979313374999037,-0.05200017988681793,-0.006598711013793945,0.02895820140838623,-0.09840715676546097,-0.1382349133491516,0.05913668870925903,-0.6287914648595742,-0.006672349894325891,-0.4946179994882504
17.989369374998205,-0.06558606028556824,0.01172494888305664,0.019545674324035645,-0.18992829322814941,-0.1635272204875946,0.037110745906829834,-0.6301474557059199,-0.008279067220921862,-0.49498675789120633
17.99942437500431,-0.0652981698513031,0.008694589138031006,0.015612423419952393,-0.25209179520606995,-0.194865420460701,-0.003017336130142212,-0.6316659535584515,-0.01046245206782132,-0.4960703711278378
18.009480375003477,-0.05478096008300781,0.032422542572021484,-0.003155827522277832,-0.20366834104061127,-0.21739841997623444,-0.03934844583272934,-0.6334930756229833,-0.012466656333810005,-0.49750065985991715
18.019535375002306,-0.033572643995285034,0.05626577138900757,-0.022777557373046875,-0.0833306536078453,-0.22479695081710815,-0.04975666478276253,-0.6355066959147014,-0.013591180846538424,-0.49863057780503384
18.029591375001473,-0.004392057657241821,0.05262476205825806,-0.0328747034072876,0.044435031712055206,-0.2119506597518921,-0.052380409091711044,-0.637706527095551,-0.013450217069296238,-0.4991455950429657
18.039646375000302,0.007852360606193542,0.03848665952682495,0.002790510654449463,0.09876880049705505,-0.18399479985237122,-0.061546504497528076,-0.6396566939721662,-0.012536389365107769,-0.4991191363750356
18.04970237499947,0.002360239624977112,0.008626222610473633,0.0440029501914978,0.12298891693353653,-0.15125016868114471,-0.052331436425447464,-0.6411716261538869,-0.011411659007606672,-0.4988326657344145
18.0597573749983,0.007126912474632263,0.014657199382781982,0.05425417423248291,0.12588940560817719,-0.11671788990497589,-0.03555674105882645,-0.6424849612053006,-0.010166698548788945,-0.4984065575681436
18.069813375004742,0.00752393901348114,-0.02156609296798706,0.061367690563201904,0.11972232908010483,-0.07513396441936493,-0.014566239900887012,-0.6434255783507599,-0.008946381490193568,-0.4979573823421402
18.07986837500357,0.015336841344833374,-0.01629817485809326,0.061829447746276855,0.10053452104330063,-0.048711147159338,-0.00914793275296688,-0.643905009903547,-0.007981222530148801,-0.4974014366250297
18.089924375002738,0.012415245175361633,-0.029049158096313477,0.052146315574645996,0.09080412983894348,-0.04053124785423279,0.0014594376552850008,-0.6441297966537844,-0.007240855352510834,-0.49684034343084377
18.099980375001905,0.015329569578170776,-0.03189444541931152,0.009173274040222168,0.09404835104942322,-0.04819329455494881,0.024794399738311768,-0.6443381807896439,-0.006587097245757304,-0.4960613431296945
18.110035375000734,0.011476904153823853,-0.034239113330841064,-0.030058085918426514,0.07634685188531876,-0.07641268521547318,0.041521716862916946,-0.6447199297926653,-0.006133238612310954,-0.49509173702430065
18.1200913749999,0.0009201169013977051,-0.04221475124359131,-0.05016767978668213,0.020331649109721184,-0.11824548244476318,0.047908589243888855,-0.6455930395532915,-0.00604026808014877,-0.49430221559132403
18.13014637499873,-0.0041276514530181885,-0.049887120723724365,-0.043428122997283936,-0.09104520827531815,-0.1459261178970337,0.05565093085169792,-0.6469445425868467,-0.006658721144586116,-0.49412993035241787
18.140202375005174,-0.00040671229362487793,-0.034413278102874756,-0.030747175216674805,-0.20249637961387634,-0.1775367558002472,0.05847180262207985,-0.6485358473918077,-0.00828355182743236,-0.4945490633420024
18.150257375004003,0.004145964980125427,-0.03999936580657959,-0.0012964606285095215,-0.3196967542171478,-0.19537301361560822,0.05804436653852463,-0.6505128587297554,-0.010810881465785238,-0.4957832079196132
18.16031337500317,0.007222816348075867,-0.03277289867401123,0.02456355094909668,-0.4027993381023407,-0.1993548423051834,0.057481877505779266,-0.6524411132208964,-0.014243191328184357,-0.49756538818266455
18.170368375002,0.015816301107406616,-0.011888086795806885,0.048160552978515625,-0.39764052629470825,-0.17961469292640686,0.07996322214603424,-0.6543911673002472,-0.01799449578797234,-0.49953379207112414
18.180424375001166,0.016234591603279114,-0.0268937349319458,0.04067105054855347,-0.33578553795814514,-0.15542560815811157,0.10815643519163132,-0.6560614663411193,-0.021625515053722566,-0.5010607222487728
18.190479374999995,0.005917981266975403,-0.028574645519256592,0.037855565547943115,-0.14365124702453613,-0.10291499644517899,0.1327829360961914,-0.6571951634764851,-0.024415022650934117,-0.5014878189431242
18.200535374999163,0.0024913549423217773,-0.001553356647491455,0.017894089221954346,0.059547316282987595,-0.05660874769091606,0.1299312263727188,-0.6577167451607128,-0.025613283787609627,-0.5005234226019969
18.210590375005268,-0.011746898293495178,0.008750498294830322,0.03230452537536621,0.1353810876607895,-0.029198963195085526,0.09510534256696701,-0.6579791177790335,-0.025472994137173917,-0.4989749694453451
18.220646375004435,-0.018947839736938477,0.03988456726074219,0.031036078929901123,0.16471540927886963,-0.01252397894859314,0.08288966119289398,-0.658047587068828,-0.024823863284727247,-0.49732554041535604
18.230702375003602,-0.03336668014526367,0.04668629169464111,0.007402241230010986,0.1474916785955429,-0.014093912206590176,0.048498932272195816,-0.6580541964729376,-0.02399415000603435,-0.4958022413072996
18.24075737500243,-0.05703724920749664,0.016916632652282715,0.005109131336212158,0.035112638026475906,-0.03513141721487045,-0.001403620233759284,-0.6583977757060197,-0.023324942162747463,-0.4951436898880358
18.2508133750016,-0.058602750301361084,0.0348203182220459,0.0028764009475708008,-0.07727675139904022,-0.06241550296545029,-0.03775683417916298,-0.6590177280056965,-0.023395461401876268,-0.49554841050783005
18.260868375000427,-0.04799279570579529,0.03644925355911255,0.0074596405029296875,-0.1455010026693344,-0.09247993677854538,-0.06404191255569458,-0.6599669826020846,-0.023995280515988978,-0.4967710603319347
18.270924374999595,-0.034372612833976746,0.02658480405807495,0.002659022808074951,-0.19308368861675262,-0.10986265540122986,-0.06626831740140915,-0.6611061818217537,-0.024999951451005867,-0.4984588003636317
18.280979374998424,-0.021264508366584778,0.019058406352996826,-0.005116462707519531,-0.24405761063098907,-0.10179447382688522,-0.058224745094776154,-0.6622088101459215,-0.026398631011345427,-0.5002969956652807
18.291035375004867,-0.01547066867351532,0.009491264820098877,0.013866961002349854,-0.2801775336265564,-0.08857454359531403,-0.04413449391722679,-0.663191629395189,-0.028238703913433087,-0.5024159588640716
18.301090375003696,-0.017875611782073975,0.014793753623962402,0.011350750923156738,-0.23809777200222015,-0.07792841643095016,-0.026324521750211716,-0.663998663707151,-0.03015121147760366,-0.5042985138280657
18.311146375002863,-0.02472950518131256,-0.010431051254272461,-0.0021511316299438477,-0.11258085817098618,-0.06166316196322441,-0.03116401843726635,-0.6647445375444807,-0.03128508671443573,-0.5056663207284579
18.321201375001692,-0.015982449054718018,0.011448800563812256,-0.016138136386871338,0.04351752996444702,-0.04591309279203415,-0.03731003776192665,-0.665261138606692,-0.031164051996867743,-0.5061810556769588
18.33125737500086,0.001634642481803894,0.024336636066436768,0.0021532177925109863,0.0937063992023468,-0.01594880409538746,-0.0413801446557045,-0.665495608999208,-0.03016902764841207,-0.506044307095652
18.341313375000027,0.006426647305488586,-1.7583370208740234e-05,0.047871410846710205,0.08753904700279236,0.010921958833932877,-0.037831321358680725,-0.6654790989132446,-0.029047222357131832,-0.5058352211135995
18.351368374998856,0.011590942740440369,-0.018654942512512207,0.06407350301742554,0.08394511044025421,0.03043041191995144,-0.02630915492773056,-0.6652552988761525,-0.028032430865578127,-0.505598542378443
18.3614243750053,0.013059601187705994,-0.04224783182144165,0.0553702712059021,0.05406533554196358,0.05083528533577919,0.004108031280338764,-0.6648748696183643,-0.027289184563284784,-0.5052957077292004
18.371479375004128,0.019983842968940735,-0.04941529035568237,0.051751792430877686,0.007805694360285997,0.07452569901943207,0.04297979921102524,-0.6643629491819303,-0.02706983730288675,-0.5050122358014292
18.381535375003295,0.008668363094329834,-0.08247882127761841,0.06618839502334595,-0.006936367135494947,0.10344989597797394,0.09201176464557648,-0.6635304814554599,-0.027443088697360576,-0.5045773315639256
18.391590375002124,0.0021874159574508667,-0.07776683568954468,0.05377984046936035,0.00813872180879116,0.13309726119041443,0.13654060661792755,-0.6621999071365634,-0.02818843918737897,-0.5036661570066041
18.40164637500129,-0.010286420583724976,-0.0817684531211853,0.03933936357498169,-0.029764849692583084,0.13704553246498108,0.1558641642332077,-0.6606797115098085,-0.029222972792888855,-0.502503442101898
18.41170137500012,-0.026971742510795593,-0.09119737148284912,0.03707009553909302,-0.049199000000953674,0.13531048595905304,0.1570013463497162,-0.6590928317221857,-0.030626083663504566,-0.5013730448255208
18.421757374999288,-0.025895625352859497,-0.04529780149459839,0.022810280323028564,-0.09188002347946167,0.11788422614336014,0.14896824955940247,-0.657583917483947,-0.03234916354764275,-0.5004894123330105
18.431812374998117,-0.021537482738494873,-0.03674060106277466,0.02281874418258667,-0.10346956551074982,0.09238819032907486,0.13139191269874573,-0.6565349226630702,-0.034142937595914614,-0.5000402780839239
18.44186837500456,-0.025630265474319458,-0.011789023876190186,0.011965513229370117,-0.10683060437440872,0.0771411880850792,0.1095879077911377,-0.6558249882970955,-0.03577040471789067,-0.49984871863523556
18.451924375003728,-0.015859365463256836,0.014966011047363281,0.00481647253036499,-0.12085454165935516,0.06889604032039642,0.10078669339418411,-0.6551219436833859,-0.03746649144070365,-0.49977686775945884
18.461979375002556,-0.024374976754188538,0.01407015323638916,0.01415395736694336,-0.09978237748146057,0.08087920397520065,0.10356149077415466,-0.6543659418550619,-0.03917811150349195,-0.4997971240105264
18.472035375001724,-0.020585179328918457,0.016194701194763184,0.01303774118423462,-0.05518987029790878,0.1141442209482193,0.12060492485761642,-0.6533215872378293,-0.04063708733380097,-0.49946296723605166
18.482090375000553,-0.016632169485092163,0.014318883419036865,0.033745527267456055,-0.05742896720767021,0.16212239861488342,0.1405462920665741,-0.6517949140116693,-0.04204406111060155,-0.4988264826021662
18.49214637499972,-0.013374298810958862,-0.0014770030975341797,0.07324093580245972,-0.07147421687841415,0.21000789105892181,0.1722211390733719,-0.6497746087315353,-0.04368237573248017,-0.4981019797968932
18.50220137499855,-0.0125722736120224,-0.018902599811553955,0.09091013669967651,-0.10439150780439377,0.26014429330825806,0.18756073713302612,-0.6472972699152216,-0.04551896150747635,-0.4972679608627997
18.512257375004992,-0.013337060809135437,-0.036135315895080566,0.0947415828704834,-0.11780957877635956,0.2911360263824463,0.20206670463085175,-0.6443675836049965,-0.04776489936627665,-0.49643647849158595
18.52231237500382,-0.012824192643165588,-0.01735633611679077,0.06172525882720947,-0.1266975700855255,0.3150830566883087,0.19702361524105072,-0.6412472535856014,-0.04990637122149119,-0.4956165578846578
18.53236837500299,-0.0236741304397583,-0.004392027854919434,0.040786027908325195,-0.10424605756998062,0.32745370268821716,0.18204014003276825,-0.6379416047663165,-0.051979305388699035,-0.49478074530266597
18.542423375001817,-0.03311057388782501,0.006552159786224365,0.01698547601699829,-0.05530145764350891,0.33074310421943665,0.16762813925743103,-0.6346018416045005,-0.053613011039926835,-0.49390646141709227
18.552479375000985,-0.020722106099128723,0.008273661136627197,-0.0043984055519104,-0.016149261966347694,0.34028360247612,0.16815385222434998,-0.631117765646996,-0.05487571930130142,-0.4927803540758518
18.562535375000152,-0.0029999911785125732,6.330013275146484e-05,0.009148895740509033,0.020576126873493195,0.359183132648468,0.17957043647766113,-0.6274579187809786,-0.05593019546994351,-0.49130127873166857
18.57259037499898,0.01543717086315155,-0.025682151317596436,0.03257471323013306,0.01584528759121895,0.37742337584495544,0.20660151541233063,-0.6235290479721444,-0.05700632212453448,-0.48954570979727924
18.58264637499815,0.01971791684627533,-0.04030483961105347,0.04184293746948242,-0.001116383820772171,0.38698333501815796,0.22601968050003052,-0.619597077805107,-0.05819090597405516,-0.48773209915356147
18.592701375004253,0.01302427053451538,-0.04098308086395264,0.027039647102355957,-0.028694480657577515,0.3902515470981598,0.2346147745847702,-0.6154869290420875,-0.059718390346894946,-0.4858549519304733
18.60275737500342,0.003477826714515686,-0.0317157506942749,0.009710252285003662,-0.0612250380218029,0.37170571088790894,0.22083379328250885,-0.6116285678815917,-0.06136712732768841,-0.4842686032186762
18.61281237500225,-0.011960864067077637,-0.004004001617431641,-0.002330601215362549,-0.10575815290212631,0.35377275943756104,0.18978559970855713,-0.6079768801827576,-0.06317637527068411,-0.4830857167285635
18.622868375001417,-0.017617806792259216,0.002355813980102539,-0.0018543004989624023,-0.13546478748321533,0.33054882287979126,0.16164416074752808,-0.6045267309489174,-0.06515988741704895,-0.4823790126154987
18.632923375000246,0.01212504506111145,0.03139364719390869,-0.020360827445983887,-0.1080203726887703,0.3095887005329132,0.16534408926963806,-0.6012461389503725,-0.06713340251402677,-0.4817082556398681
18.642979374999413,0.03306443989276886,0.027240753173828125,-0.0377192497253418,-0.08189582824707031,0.3031875193119049,0.18790292739868164,-0.59816562210128,-0.06889746726534551,-0.48081467914127335
18.653034374998242,0.04718330502510071,0.01046764850616455,-0.03603285551071167,-0.02954021282494068,0.2985442876815796,0.21403811872005463,-0.5950932552330103,-0.07049484519304502,-0.4794717492933086
18.663090375004685,0.04287901520729065,-0.00197523832321167,-0.0424991250038147,0.0030994443222880363,0.2933669686317444,0.2286084145307541,-0.5921833764177675,-0.0717276716891402,-0.4777945065289573
18.673145375003514,0.02015163004398346,-0.02216106653213501,-0.051240622997283936,0.04978066310286522,0.28735247254371643,0.24483291804790497,-0.5891603901194087,-0.07282459510242095,-0.47568860299447113
18.68320137500268,0.015057265758514404,-0.004652261734008789,-0.07083451747894287,0.057978227734565735,0.2731964588165283,0.24588453769683838,-0.586219856621363,-0.0736266946317464,-0.47329456774756795
18.69325737500185,0.0017901957035064697,-0.01538240909576416,-0.050499022006988525,-0.006712084636092186,0.2414472997188568,0.2340230941772461,-0.5835437955702675,-0.07467974676732272,-0.4711672472764193
18.703312375000678,-0.00423276424407959,-0.021471738815307617,-0.030955255031585693,-0.03678152710199356,0.21567097306251526,0.23008191585540771,-0.581217247916792,-0.07609938148424007,-0.4694153704837563
18.713368374999845,0.01665845513343811,-0.004584133625030518,-0.041298091411590576,-0.04755134880542755,0.21216119825839996,0.24955600500106812,-0.5789502383768108,-0.07777531639163787,-0.46762481245937054
18.723423374998674,0.026735961437225342,-0.031369149684906006,-0.013417422771453857,-0.03131210431456566,0.2385387420654297,0.2864874005317688,-0.5765785890838961,-0.07957548136585547,-0.46563833359592965
18.733479375005118,0.0384993702173233,-0.04110509157180786,0.03907209634780884,0.023353004828095436,0.28880059719085693,0.3356837034225464,-0.5737281419760926,-0.08130473921488797,-0.4630381368464988
18.743534375003946,0.04792790114879608,-0.058890581130981445,0.10119897127151489,0.10986978560686111,0.3736606240272522,0.4044906795024872,-0.5702144320253651,-0.08273269462781813,-0.4596250805050031
18.753590375003114,0.053112804889678955,-0.07957828044891357,0.12368839979171753,0.2484084963798523,0.48616427183151245,0.4870145618915558,-0.565698989259974,-0.08349521361987715,-0.4549538045942016
18.763645375001943,0.028237178921699524,-0.08368343114852905,0.14181530475616455,0.33376187086105347,0.541684627532959,0.48693278431892395,-0.560088268378376,-0.08355008305438907,-0.4491521283397818
18.77370137500111,-0.02330012619495392,-0.1144598126411438,0.170873761177063,0.3459532856941223,0.5719141960144043,0.4669630825519562,-0.5540774922404267,-0.08310853787191816,-0.44331603452147234
18.78375637499994,-0.007565557956695557,-0.026108264923095703,0.11103260517120361,0.3042622208595276,0.5953614711761475,0.4548802673816681,-0.5477724592818836,-0.082682838334179,-0.4376006111145139
18.793812374999106,-0.009826689958572388,-0.04586857557296753,0.10587334632873535,0.18892629444599152,0.6222857236862183,0.4572097361087799,-0.5412856934240856,-0.08289139314101042,-0.43242894745259863
18.803868374998274,-0.012373149394989014,-0.08400672674179077,0.1349121332168579,0.11073833703994751,0.662466824054718,0.49930399656295776,-0.5344876729524659,-0.08404705809142293,-0.42757653932434125
18.81392287500057,0.01576782763004303,-0.10417002439498901,0.15137821435928345,0.04007801413536072,0.7598088383674622,0.5784810781478882,-0.5269475619063428,-0.08613464035106953,-0.4225135083258649
18.82397887499974,0.041597023606300354,-0.13622558116912842,0.16017556190490723,-0.006480478681623936,0.8493151664733887,0.6646317839622498,-0.5183596345463197,-0.08915506926859479,-0.41702463914217996
18.834033874998568,0.04252547025680542,-0.06100332736968994,0.09271019697189331,-0.04774855449795723,0.8728556632995605,0.702116072177887,-0.5091084479461411,-0.0928255971572989,-0.41110795406234113
18.84408987500501,-0.029482156038284302,-0.08816897869110107,0.058453500270843506,-0.04004789516329765,0.8095306158065796,0.6316441297531128,-0.5002005985486526,-0.09646170534575159,-0.4054851291688623
18.85414487500384,-0.07418575882911682,-0.0653986930847168,-0.01898437738418579,0.07254789769649506,0.7230740189552307,0.5576090812683105,-0.4919433969287651,-0.09926598335116757,-0.40013702059474515
18.864200875003007,-0.048521921038627625,0.07905656099319458,-0.12737780809402466,0.12214314937591553,0.6375061273574829,0.46639686822891235,-0.484722814333093,-0.1006693125455715,-0.3950902538523279
18.874255875001836,-0.043194323778152466,0.05662989616394043,-0.10753434896469116,0.0495791956782341,0.5757415294647217,0.42171329259872437,-0.4783166391103831,-0.10190634850219696,-0.3907763793862719
18.884311875001004,-0.029442355036735535,0.03345292806625366,-0.044372379779815674,-0.0715927705168724,0.5672303438186646,0.41985172033309937,-0.47223711999404605,-0.10390551233330118,-0.38705811179344035
18.894366874999832,-0.0027621090412139893,0.0032156705856323242,0.008699953556060791,-0.20732742547988892,0.5999382138252258,0.46938440203666687,-0.4659818776710521,-0.10718720632588,-0.3836949511832867
18.904422874999,0.022146448493003845,0.015256285667419434,0.02099233865737915,-0.24219246208667755,0.6374786496162415,0.5262244939804077,-0.4593253934713919,-0.11155952101267559,-0.38020301942735313
18.914477875005105,0.023935213685035706,0.020412683486938477,-0.009227454662322998,-0.20500674843788147,0.6782146692276001,0.5531682372093201,-0.452187037135258,-0.11602531334362004,-0.3762558814319276
18.924533875004272,0.022541537880897522,0.07684630155563354,-0.04872959852218628,-0.14159733057022095,0.6730393171310425,0.5357215404510498,-0.44490592730763007,-0.119994554435003,-0.37204059760532354
18.93458987500344,-0.00973452627658844,0.06704235076904297,-0.020572006702423096,-0.06748981028795242,0.6397151350975037,0.4697909653186798,-0.4377297361501114,-0.12316677013980189,-0.36784783722783665
18.94464487500227,-0.03592832386493683,0.0415610671043396,-0.015508174896240234,0.10702864080667496,0.6181800365447998,0.4268501102924347,-0.4308931899300936,-0.12492432843505928,-0.36368395108168045
18.954700875001436,0.002522289752960205,0.07528036832809448,-0.05050724744796753,0.24027298390865326,0.6052190065383911,0.385103702545166,-0.4244412526806443,-0.12480744487385875,-0.3593149985348632
18.964755875000264,0.03655621409416199,0.06117045879364014,-0.01487058401107788,0.21514037251472473,0.607402503490448,0.385654091835022,-0.41796604230866297,-0.12411885950129739,-0.3548875106352484
18.974811874999432,0.05107638239860535,0.02171272039413452,0.03475069999694824,0.12373482435941696,0.6339366436004639,0.4050102233886719,-0.41131271139968073,-0.12407207154571123,-0.35059418004129494
18.98486687499826,0.061613306403160095,0.033640146255493164,-0.02096414566040039,0.08563373237848282,0.6084972023963928,0.4079194664955139,-0.404676120503379,-0.12470420799730332,-0.34642565243447143
18.994922875004704,0.04682454466819763,0.027184128761291504,-0.06052124500274658,0.12552469968795776,0.5689146518707275,0.38823845982551575,-0.3983636602877409,-0.12528192727249135,-0.3423593474819556
19.004977875003533,0.02757541835308075,0.04895186424255371,-0.09642481803894043,0.19631697237491608,0.5393899083137512,0.3460504710674286,-0.39246519793807433,-0.12510100119626058,-0.338373295933244
19.0150338750027,0.027945205569267273,0.10175204277038574,-0.12539052963256836,0.19105137884616852,0.49516040086746216,0.2880614697933197,-0.38702133366166325,-0.12433472569823188,-0.33472192684183627
19.02508887500153,0.02072170376777649,0.09128129482269287,-0.10231393575668335,0.1331871747970581,0.44174033403396606,0.23239374160766602,-0.3820351843388925,-0.12376311018652363,-0.3317637021574942
19.035144875000697,0.009717673063278198,0.06409198045730591,-0.05528813600540161,0.15044152736663818,0.4010954201221466,0.21430449187755585,-0.3776016611239409,-0.123273982872918,-0.3292243512889731
19.045199874999525,0.023610100150108337,0.060553550720214844,-0.06532371044158936,0.18575257062911987,0.3858320713043213,0.21554367244243622,-0.3735227931554414,-0.12239121225764991,-0.326694179255658
19.055255874998693,0.05412250757217407,0.0404546856880188,-0.07317638397216797,0.2146047204732895,0.3861047625541687,0.23795895278453827,-0.3694493734756519,-0.1212842427144557,-0.32390208263333414
19.065311875005136,0.057353660464286804,0.019830942153930664,-0.02597743272781372,0.2553825378417969,0.3906618356704712,0.2651016116142273,-0.3652113287864076,-0.1199776240462608,-0.32070031996417436
19.075366875003965,0.04899631440639496,0.014961063861846924,0.00990760326385498,0.29272353649139404,0.435655415058136,0.3057113587856293,-0.3606811651009259,-0.11835620987737326,-0.31701248841749735
19.085422875003133,0.05064381659030914,-0.007661044597625732,0.032600998878479004,0.25445646047592163,0.4887847900390625,0.3351052701473236,-0.355608204286795,-0.11686463415360841,-0.31301977194596214
19.09547787500196,0.04428867995738983,-0.022811949253082275,0.06821465492248535,0.18718047440052032,0.5251449346542358,0.33652448654174805,-0.35008987381327644,-0.11593674239139133,-0.30907283329962765
19.10553387500113,0.03156186640262604,-0.006909668445587158,0.04815715551376343,0.13266324996948242,0.5356103181838989,0.3543325364589691,-0.34458674251928306,-0.1155059924517079,-0.30538354674801027
19.115588874999958,0.015607044100761414,-0.005357682704925537,0.03355616331100464,0.11758629977703094,0.5458147525787354,0.36834317445755005,-0.3388456649235183,-0.11553556353192479,-0.30159117514727213
19.125644874999125,-0.0452900230884552,-0.12696325778961182,0.10095399618148804,0.15155957639217377,0.5598673820495605,0.3707556426525116,-0.33302695655793,-0.1154650599652627,-0.297754424067755
19.13569987500523,-0.0574384480714798,-0.1127668023109436,0.0828472375869751,0.2989964187145233,0.5568864941596985,0.38127776980400085,-0.3271074048688988,-0.1144550929877505,-0.2934673745715162
19.145755875004397,-0.029036149382591248,-0.06992918252944946,0.052030861377716064,0.320217102766037,0.5720512270927429,0.38646119832992554,-0.32105628442852985,-0.11253334311268365,-0.2888433432367667
19.155810875003226,0.0019549280405044556,-0.08416420221328735,0.08059144020080566,0.11450705677270889,0.5931810140609741,0.416128009557724,-0.31500777690260934,-0.11144350703475482,-0.28442790797564876
19.165866875002393,0.012395039200782776,-0.1459805965423584,0.1443690061569214,-0.12058822810649872,0.6245515942573547,0.46961480379104614,-0.3086347802329904,-0.11283885091543,-0.28034898195158664
19.17592287500156,0.015882253646850586,-0.14821040630340576,0.11177122592926025,-0.12878704071044922,0.6297252774238586,0.5245224833488464,-0.3019823915096413,-0.11565273840785911,-0.2760836832661416
19.18597787500039,0.029408171772956848,-0.022838711738586426,-0.0417744517326355,0.0056524393148720264,0.577401876449585,0.5118263363838196,-0.29540172929077074,-0.11788852937514313,-0.27127982789533756
19.196033874999557,0.016883254051208496,0.011190712451934814,-0.0952492356300354,0.1564885675907135,0.5094707608222961,0.447690486907959,-0.2894145121741733,-0.11845184472056758,-0.26641671649497217
19.206088874998386,-0.022381529211997986,0.046827495098114014,-0.08605283498764038,0.24970607459545135,0.4738343358039856,0.3971238136291504,-0.2840363391094803,-0.1176707126469101,-0.26179360014546643
19.21614487500483,-0.05620846152305603,0.05656379461288452,-0.043707311153411865,0.3166550099849701,0.45789507031440735,0.3709358870983124,-0.27879699401330266,-0.11602434890022296,-0.2572487074809621
19.22619987500366,-0.06891924142837524,-0.0032375454902648926,0.010756433010101318,0.4290564954280853,0.44521602988243103,0.3750573694705963,-0.27370854565679575,-0.11345812359000679,-0.2525938000738501
19.236255875002826,-0.05135944485664368,-0.015341758728027344,0.02928459644317627,0.4400359094142914,0.47866931557655334,0.3816415071487427,-0.2685598586444099,-0.11015061156726051,-0.2477175465258761
19.246310875001654,-0.017227336764335632,0.01307535171508789,0.047170400619506836,0.23595941066741943,0.5245418548583984,0.39364129304885864,-0.2632441136387504,-0.10767840975721438,-0.24313250857872062
19.256366875000822,-0.000688508152961731,-0.02341616153717041,0.10217416286468506,-0.1366320103406906,0.5750963687896729,0.4208146035671234,-0.2574362605602061,-0.10817261287515692,-0.23912328694990861
19.26642187499965,0.019214048981666565,-0.03740954399108887,0.10505461692810059,-0.31244972348213196,0.5919946432113647,0.4598619341850281,-0.25136585555126123,-0.11161336959436417,-0.23555172983956738
19.276477874998818,0.03746528923511505,0.011746227741241455,0.030897915363311768,-0.2240213304758072,0.596756637096405,0.48290306329727173,-0.24519565188947892,-0.11538108590021195,-0.231728417550698
19.286532875004923,0.0194711834192276,0.034238219261169434,-0.0035055875778198242,-0.14904886484146118,0.6060416102409363,0.4493243098258972,-0.23873946741772453,-0.11827556672718761,-0.2276157069789241
19.29658887500409,0.0052897632122039795,0.057621538639068604,-0.017194747924804688,-0.14112861454486847,0.624292254447937,0.4164063036441803,-0.23216777676972336,-0.12061694069457955,-0.22370886835917944
19.306644875003258,0.01021064817905426,0.05122411251068115,0.011688530445098877,-0.14007538557052612,0.6337018609046936,0.40284019708633423,-0.22546988194555162,-0.12289009052118649,-0.22004320385757745
19.316699875002087,0.007220551371574402,-0.017885208129882812,0.058906495571136475,-0.14642755687236786,0.6501988172531128,0.40164417028427124,-0.2188620733635876,-0.12509941603414707,-0.2165654064983723
19.326755875001254,0.02225758135318756,-0.014123976230621338,0.059862494468688965,-0.10645411908626556,0.6867717504501343,0.4366667866706848,-0.21164980712380313,-0.1272616350417615,-0.21270524935958346
19.336810875000083,0.04098258912563324,-0.005712926387786865,0.06121373176574707,-0.0956382229924202,0.7200740575790405,0.4759441614151001,-0.20402084042503257,-0.12913126224593846,-0.20837809509820715
19.34686687499925,0.05716492235660553,-0.0147782564163208,0.019656777381896973,-0.1352626085281372,0.7000393867492676,0.47563064098358154,-0.19611433205775022,-0.1312829417483274,-0.203794064576462
19.35692187499808,0.07268942892551422,0.031648993492126465,-0.0599483847618103,-0.14945513010025024,0.61623215675354,0.4417949318885803,-0.18885450437995802,-0.1336250609575542,-0.1994324424585556
19.366977875004523,0.03783273696899414,0.035461246967315674,-0.08279764652252197,-0.14937655627727509,0.5124833583831787,0.35423973202705383,-0.1826394618097266,-0.13584839965935575,-0.1956983261310048
19.37703287500335,-0.03336593508720398,0.02449798583984375,-0.09740185737609863,-0.15735405683517456,0.4305354654788971,0.2671588659286499,-0.17740011025858804,-0.1379924071353787,-0.19283417652065651
19.38708887500252,-0.05277179181575775,0.05398142337799072,-0.14519548416137695,-0.13402889668941498,0.33653268218040466,0.1969628930091858,-0.17301332252279722,-0.13991921493385484,-0.19062178270806404
19.397143875001348,-0.03404305875301361,0.07785671949386597,-0.1685391664505005,-0.1259794980287552,0.2591649293899536,0.1591007262468338,-0.16996906053274952,-0.14146947214462577,-0.189165961475162
19.407199875000515,-0.016930565237998962,0.0716332197189331,-0.15764790773391724,-0.12764525413513184,0.21627138555049896,0.1543986201286316,-0.16756475282351335,-0.14294240889677717,-0.1878962305405473
19.417254874999344,-0.015218421816825867,0.04260671138763428,-0.10890132188796997,-0.12433388084173203,0.21448999643325806,0.16867530345916748,-0.16533458450832308,-0.144431471875628,-0.18656680293852068
19.42731087499851,-0.011951848864555359,0.021478235721588135,-0.04787874221801758,-0.08544422686100006,0.24192334711551666,0.20919430255889893,-0.1629086610975835,-0.14577307451844304,-0.18492183212307048
19.437366875004955,0.000844314694404602,0.0013524293899536133,-0.00638127326965332,-0.04248610511422157,0.3020098805427551,0.26190173625946045,-0.15985274228267565,-0.1467993939496397,-0.1826606904059547
19.447421875003783,0.01229037344455719,-0.007631480693817139,0.032566845417022705,-0.019792955368757248,0.37043097615242004,0.3072563409805298,-0.15597998201324811,-0.14757862722103343,-0.179792059723765
19.45747787500295,0.02917669713497162,-0.017836034297943115,0.07665729522705078,-0.005143704824149609,0.4395778179168701,0.34559521079063416,-0.15137196203034897,-0.14820775189216143,-0.1765037512364741
19.46753287500178,0.04865998029708862,-0.0128554105758667,0.11190527677536011,0.025594322010874748,0.49841344356536865,0.3924098312854767,-0.14610335956715073,-0.14868997657602462,-0.17278768418671972
19.477588875000947,0.06609444320201874,-0.022226572036743164,0.11665451526641846,0.08218143880367279,0.5608118772506714,0.4266466200351715,-0.14019953982798342,-0.1487223347669376,-0.1686173086596962
19.487643874999776,0.06971502304077148,-0.01984494924545288,0.08790630102157593,0.09843190759420395,0.5908649563789368,0.42907586693763733,-0.13377929416575035,-0.14837084815572574,-0.16418339416324426
19.497699874998943,0.08070847392082214,0.009247183799743652,0.02951425313949585,0.08483034372329712,0.5608149170875549,0.4063684344291687,-0.1274484692090658,-0.14797065392905198,-0.15985646752732804
19.50775487500505,0.07562367618083954,0.0033383965492248535,-0.00433194637298584,0.013188431039452553,0.5003032088279724,0.34412139654159546,-0.12169881549990619,-0.14785485303195883,-0.1560564351068925
19.517810875004216,0.052128538489341736,0.006095528602600098,-0.028174996376037598,-0.04314914345741272,0.44870659708976746,0.3084065318107605,-0.1165211414603828,-0.14848689123722875,-0.1528721176996766
19.527865875003044,0.02347715198993683,0.018162071704864502,-0.007275760173797607,0.02834226004779339,0.40342357754707336,0.27485641837120056,-0.11194349372851214,-0.14890441653136607,-0.14999410100558255
19.537921875002212,-0.01641598343849182,0.019221365451812744,0.03677338361740112,0.09991417825222015,0.4295622408390045,0.2726731598377228,-0.10733373036477369,-0.1484857145595062,-0.14714323486583553
19.54797687500104,-0.05793347954750061,-0.04975128173828125,0.08791089057922363,0.07989493757486343,0.4613124132156372,0.2807307243347168,-0.10225937342361062,-0.14791293549470977,-0.14415792190471752
19.558032875000208,-0.05076749622821808,-0.12893766164779663,0.08246827125549316,-0.033163443207740784,0.4339961111545563,0.2840745747089386,-0.09724396709370438,-0.14794778068497397,-0.14123385073003616
19.568088874999376,0.004450798034667969,-0.07841300964355469,-0.01563858985900879,-0.09956621378660202,0.39232364296913147,0.3134159743785858,-0.09267181187908158,-0.14895038757936455,-0.1382962201327908
19.578143874998204,0.052284494042396545,-0.021452009677886963,-0.10751402378082275,-0.15347658097743988,0.3456525504589081,0.3430787920951843,-0.08843328740851406,-0.1505380957016074,-0.1350349531540641
19.588199875004648,0.03578014671802521,-0.035304248332977295,-0.10722780227661133,-0.18526607751846313,0.30377501249313354,0.35899919271469116,-0.08463404811384755,-0.1526105198080848,-0.13158827551668373
19.598254875003477,0.013216838240623474,-0.025870978832244873,-0.11913168430328369,-0.1833352893590927,0.2659120559692383,0.3629806339740753,-0.08112725184744266,-0.15483090942793365,-0.12803738712439341
19.608310875002644,0.004526704549789429,0.007049560546875,-0.10987770557403564,-0.1214294359087944,0.22826971113681793,0.33014199137687683,-0.07795900526533575,-0.1566637618898994,-0.12452537730042293
19.618365875001473,-0.0006521046161651611,0.024636149406433105,-0.09676378965377808,-0.1206672340631485,0.1856871098279953,0.2844810485839844,-0.07525175018647844,-0.15815354955623312,-0.12141276666326135
19.62842187500064,0.0020040422677993774,0.05133163928985596,-0.10039925575256348,-0.13311250507831573,0.15981437265872955,0.2657749056816101,-0.07297936755877607,-0.15970966890153085,-0.11863661248922089
19.63847687499947,0.009460940957069397,0.058993399143218994,-0.08900272846221924,-0.1335279643535614,0.12072635442018509,0.2380138635635376,-0.07116682576194662,-0.1612438095141922,-0.11617380085683227
19.648532874998637,0.009628921747207642,0.05478489398956299,-0.06826484203338623,-0.11373259127140045,0.07380464673042297,0.22231702506542206,-0.06984220074469051,-0.16266410027243805,-0.11392884234508747
19.65858787500474,0.013157054781913757,0.05951690673828125,-0.0727992057800293,-0.06344705075025558,0.038980621844530106,0.2165267914533615,-0.06901044272464273,-0.16372795636539786,-0.11182165655905407
19.66864387500391,0.01633983850479126,0.07669168710708618,-0.07756799459457397,-0.01607145369052887,0.012164989486336708,0.2125096321105957,-0.06835785252461722,-0.16428275217031063,-0.10962075824504976
19.678698875002738,0.012091904878616333,0.06840342283248901,-0.05901479721069336,-0.00561748119071126,0.005627728067338467,0.19696103036403656,-0.06782350775202681,-0.1645443300151345,-0.10745197004067124
19.688754875001905,0.004300177097320557,0.05717569589614868,-0.020174384117126465,-0.03225335478782654,0.005535582080483437,0.17619428038597107,-0.06733634530525795,-0.1649055446581153,-0.1054802805619192
19.698810875001072,0.008532509207725525,0.058344900608062744,0.0022934675216674805,-0.046307653188705444,0.018283601850271225,0.151187464594841,-0.06693318149968928,-0.16543699900691536,-0.10383517064089595
19.7088658749999,0.015370145440101624,0.05245906114578247,0.023653030395507812,-0.03166213259100914,0.030938677489757538,0.12533994019031525,-0.06630577250167086,-0.1660060177528562,-0.10234763263733145
19.71892187499907,0.005712106823921204,0.04961675405502319,0.0345534086227417,-0.0017305975779891014,0.03975054249167442,0.0995994284749031,-0.06557064513908391,-0.16628880403239882,-0.1011164656787555
19.728976875005173,-0.009723708033561707,0.054446518421173096,0.04588818550109863,0.04234267398715019,0.05214249715209007,0.08649704605340958,-0.06490245066558671,-0.1661757625404651,-0.10013952242365741
19.73903287500434,-0.017088428139686584,0.05464440584182739,0.017206311225891113,0.0776444748044014,0.06708602607250214,0.06695690006017685,-0.06388199115855488,-0.16567623458557226,-0.09916013692246678
19.74908787500317,-0.02004416286945343,0.02902042865753174,0.004865050315856934,0.06289376318454742,0.05410578101873398,0.04270477220416069,-0.06289151606176821,-0.1650379713207603,-0.09840761788037128
19.759143875002337,-0.023569688200950623,0.011358201503753662,0.007252037525177002,0.059622861444950104,0.050467900931835175,0.03389503434300423,-0.06207441453822797,-0.164460865625709,-0.09785130479822152
19.769198875001166,-0.02565668523311615,0.015525519847869873,-0.0009884834289550781,0.08625296503305435,0.05664696916937828,0.02979440614581108,-0.06147165436212068,-0.16371475417776765,-0.0974437263620309
19.779254875000333,-0.028839603066444397,0.0068877339363098145,0.013609230518341064,0.044271692633628845,0.05942331254482269,0.019721532240509987,-0.0608083552728758,-0.1629848592308227,-0.09712452160820059
19.789309874999162,-0.024090170860290527,-0.016624271869659424,0.029078185558319092,-0.012624789960682392,0.07196014374494553,0.02950390800833702,-0.06001680698706827,-0.16288054632941934,-0.09680090613970747
19.79936587499833,-0.014013677835464478,-0.032612144947052,0.024312078952789307,-0.05615735426545143,0.07310077548027039,0.02228594198822975,-0.05928274199133122,-0.16325463131232273,-0.09652085612701439
19.80942199999845,-0.009657397866249084,-0.005427718162536621,-9.649991989135742e-05,-0.053994957357645035,0.06993427872657776,0.02038593776524067,-0.058316378087996154,-0.16392129731556226,-0.09622962331997834
19.819477000004554,-0.0054519325494766235,0.009967327117919922,-0.016553401947021484,-0.016331732273101807,0.04947134852409363,0.004600582644343376,-0.05757521761733054,-0.1642972989853804,-0.09606584726776886
19.82953300000372,-0.00840960443019867,0.010941624641418457,-0.035642027854919434,0.01957801915705204,0.021681929007172585,-0.028022848069667816,-0.05699186427494584,-0.16428020637127305,-0.09609504851769826
19.83958800000255,-0.011131763458251953,0.010440051555633545,-0.044418156147003174,0.03132842108607292,-0.011012102477252483,-0.04505136236548424,-0.056830661891681684,-0.1640218306971926,-0.09642024826045009
19.849644000001717,-0.01010558009147644,0.019205093383789062,-0.04685866832733154,0.04696787893772125,-0.03729710355401039,-0.04188564047217369,-0.05701100282774447,-0.16360935037321028,-0.09683752978438928
19.859699000000546,-0.014467909932136536,0.011901438236236572,-0.034840524196624756,0.04964488744735718,-0.04824615642428398,-0.038548167794942856,-0.05734000079080952,-0.16317222921927546,-0.09723303381815976
19.869754999999714,-0.012369886040687561,0.0014663338661193848,-0.012186408042907715,0.04165216535329819,-0.042509838938713074,-0.031958360224962234,-0.057524545875494555,-0.16287792900078127,-0.09749536351230755
19.879809999998542,-0.003485381603240967,-0.010446369647979736,0.01285696029663086,0.0019699977710843086,-0.025926869362592697,-0.021329151466488838,-0.057745861610238654,-0.16283699606124202,-0.09775403775193887
19.889866000004986,0.005530238151550293,-0.0074166059494018555,0.027192533016204834,-0.004716888535767794,-0.004978577606379986,-0.005302701145410538,-0.057824705021175364,-0.1628988748904297,-0.09786543903076847
19.899921000003815,0.015248686075210571,-8.213520050048828e-05,0.024878621101379395,-0.010716192424297333,0.01117668952792883,-0.006714176386594772,-0.057708293589239026,-0.1628817774215568,-0.09788209855387628
19.909977000002982,0.01985222101211548,0.004175901412963867,0.015890002250671387,-0.004487768281251192,0.01788146421313286,-0.005926999729126692,-0.05749916514489013,-0.16281944208360744,-0.09795861156051806
19.92003200000181,0.02307187020778656,0.012116730213165283,0.003167450428009033,0.022426936775445938,0.014860373921692371,-0.015357518568634987,-0.05733682486499549,-0.16252198630043796,-0.09810397270891508
19.93008800000098,0.015931472182273865,0.013872265815734863,-0.0060482025146484375,0.05847739055752754,0.007354121655225754,-0.02885439246892929,-0.0572632446779023,-0.1618614204483539,-0.09834708932019143
19.940144000000146,0.01575322449207306,0.012854039669036865,-0.008245885372161865,0.08813595771789551,-0.00818915106356144,-0.031211823225021362,-0.05723148993429011,-0.1609382619123391,-0.09863754405362198
19.950198999998975,0.016398683190345764,0.009635329246520996,-0.013469517230987549,0.09280123561620712,-0.014649314805865288,-0.030523475259542465,-0.05749351126840071,-0.1598987386586758,-0.09903347488639505
19.960254999998142,0.019370198249816895,-0.014079034328460693,-0.00613778829574585,0.04915868118405342,-0.02235224097967148,-0.027459509670734406,-0.05787848878667443,-0.15923400684349973,-0.09940689544849143
19.970310000004247,0.025207415223121643,-0.02481776475906372,-0.00016880035400390625,0.018362419679760933,-0.025173062458634377,-0.014579769223928452,-0.058250456014830386,-0.1590884134135274,-0.09961336138583918
19.980366000003414,0.031162112951278687,-0.015641391277313232,-0.007488369941711426,0.027695201337337494,-0.03246985748410225,-0.007056871894747019,-0.05862407105791406,-0.15903530723491363,-0.09961967315898726
19.990421000002243,0.03434351086616516,-0.006308555603027344,-0.02080303430557251,0.0424325168132782,-0.04968879371881485,-0.008657485246658325,-0.05935103760157128,-0.15871915029080783,-0.09967660610678718
20.00047700000141,0.030295133590698242,-0.006346762180328369,-0.024262666702270508,0.04323279485106468,-0.07502663880586624,-0.024861223995685577,-0.06013593440824687,-0.1582672228768631,-0.09967704972967809
20.01053200000024,0.02408108115196228,0.005937933921813965,-0.04072302579879761,0.07192964106798172,-0.10579746961593628,-0.040766552090644836,-0.061142401326219314,-0.157653512339368,-0.09987470907153777
20.020587999999407,0.02823011577129364,0.02740466594696045,-0.0704609751701355,0.17047405242919922,-0.145908921957016,-0.05678360164165497,-0.06244886364187198,-0.15641136476247094,-0.10020286313290233
20.030642999998236,0.031316980719566345,0.047388672828674316,-0.08473876118659973,0.25408315658569336,-0.1899455040693283,-0.08046302199363708,-0.06424594536891776,-0.15420281846448294,-0.10071316462920138
20.04069900000468,0.02033209800720215,0.04686856269836426,-0.06520068645477295,0.22121761739253998,-0.22417324781417847,-0.0944661870598793,-0.06627734654195104,-0.15175733185432688,-0.1013268632846341
20.050754000003508,0.008673951029777527,0.014385879039764404,-0.04571068286895752,0.10858197510242462,-0.23468022048473358,-0.10578062385320663,-0.0687581730208162,-0.15003738436534944,-0.1022214116737475
20.060810000002675,0.009611904621124268,-0.007599174976348877,-0.026315271854400635,0.03545902669429779,-0.2594635784626007,-0.10630686581134796,-0.07135796238655098,-0.1493392429448771,-0.10315008545745345
20.070866000001843,0.017317995429039,0.0013079047203063965,-0.03832882642745972,0.03063928335905075,-0.2818247079849243,-0.11085626482963562,-0.07412855311364058,-0.14895384091514038,-0.1040503129506792
20.08092100000067,0.021348297595977783,0.03052276372909546,-0.05538716912269592,0.06420043110847473,-0.3026532828807831,-0.12732845544815063,-0.07721098176386919,-0.14839497796921033,-0.1051102901298046
20.09097699999984,0.021864235401153564,0.04264843463897705,-0.06452932953834534,0.137966126203537,-0.311551034450531,-0.13863375782966614,-0.08041766168739377,-0.14714030848679735,-0.10623034896600812
20.101031999998668,0.024446770548820496,0.04724907875061035,-0.051632970571517944,0.2033270299434662,-0.3341503441333771,-0.15772515535354614,-0.0837557253463045,-0.1450892541315405,-0.10739606539574033
20.11108800000511,0.017220616340637207,0.031048953533172607,-0.012837111949920654,0.19018539786338806,-0.3478650748729706,-0.1561926007270813,-0.08728817758801104,-0.14255287888972193,-0.10860439960265897
20.12114300000394,-0.003051280975341797,0.01051175594329834,0.04240119457244873,0.12410731613636017,-0.33341342210769653,-0.15786613523960114,-0.09087768682650475,-0.1405594918036697,-0.1099777182966279
20.131199000003107,-0.013292685151100159,-0.006866514682769775,0.06402057409286499,0.06724470108747482,-0.30777135491371155,-0.1400231570005417,-0.09423768810104632,-0.13942758252382423,-0.11134920138037233
20.141254000001936,-0.013164982199668884,-0.008899271488189697,0.06536316871643066,0.06823939085006714,-0.27744007110595703,-0.12400716543197632,-0.09742621338256374,-0.13863741375033173,-0.11264729759103394
20.151310000001104,-0.019699037075042725,-0.01608222723007202,0.08615991473197937,0.09348335862159729,-0.2551332712173462,-0.1355714499950409,-0.10028174343213471,-0.1377221863208167,-0.11389247259788188
20.161364999999932,-0.022355765104293823,-0.017000138759613037,0.05236244201660156,0.17389324307441711,-0.255855530500412,-0.1541222184896469,-0.10322707706122859,-0.1361937242354611,-0.11529498189073971
20.1714209999991,-0.014546290040016174,0.03804886341094971,-0.03232449293136597,0.3549124002456665,-0.3183298408985138,-0.21511366963386536,-0.1064620967847107,-0.13339311874202306,-0.11693955884724423
20.181476000005205,-0.013291165232658386,0.10069745779037476,-0.09594491124153137,0.4196746051311493,-0.38251495361328125,-0.29219886660575867,-0.11029293817659912,-0.12913427800113797,-0.11903555647098307
20.191532000004372,-0.03767414391040802,0.09120619297027588,-0.07197943329811096,0.26664993166923523,-0.43524274230003357,-0.37978631258010864,-0.11479763905062464,-0.125163454338327,-0.12205243498023066
20.20158800000354,-0.045285359025001526,0.03725403547286987,-0.03179547190666199,-0.023914506658911705,-0.4805321991443634,-0.4295448362827301,-0.11987620668610115,-0.1235146805512393,-0.12602333651643058
20.21164300000237,-0.034858524799346924,0.021915912628173828,-0.02166980504989624,-0.1260366141796112,-0.48861730098724365,-0.41831496357917786,-0.1252605542429468,-0.12388681576716867,-0.13041505123172492
20.221699000001536,-0.013407900929450989,0.044793009757995605,-0.02349144220352173,-0.03592003509402275,-0.4705885052680969,-0.39212197065353394,-0.13059328176436766,-0.12428029931751697,-0.13460429171367244
20.231754000000365,0.0048795342445373535,0.04237920045852661,-0.03490826487541199,0.07447052001953125,-0.4488804042339325,-0.36949193477630615,-0.1356192512183813,-0.1235651297752454,-0.13836138080824872
20.241809999999532,0.03882823884487152,0.03958308696746826,-0.03945136070251465,0.11983613669872284,-0.433113157749176,-0.34573230147361755,-0.1405052128765521,-0.1220472122303115,-0.14182869911915646
20.25186499999836,0.060628220438957214,0.032533228397369385,-0.01919245719909668,0.1449388712644577,-0.43401047587394714,-0.3358263075351715,-0.14528077875904355,-0.12024298727681866,-0.14505498768192995
20.261921000004804,0.05361579358577728,0.030162155628204346,-0.016535639762878418,0.1731065958738327,-0.4309004545211792,-0.33292320370674133,-0.1499431010854968,-0.1182180507231293,-0.14812752155737213
20.271976000003633,0.03763280808925629,0.02207028865814209,-0.01614999771118164,0.24621745944023132,-0.44334888458251953,-0.3622749149799347,-0.15480020376602205,-0.11560476650147057,-0.15130016253524078
20.2820320000028,0.026873096823692322,0.0178375244140625,-0.030720263719558716,0.29521802067756653,-0.4628075361251831,-0.40212008357048035,-0.15961036185661498,-0.11226874331083395,-0.15465590256825076
20.29208700000163,0.03308086097240448,0.0400581955909729,-0.05663648247718811,0.23027218878269196,-0.5036192536354065,-0.44695302844047546,-0.16502847337658536,-0.10885397940611768,-0.15850095634704656
20.302143000000797,0.03197547793388367,0.03503221273422241,-0.06261271238327026,0.11242011934518814,-0.5848890542984009,-0.4893327057361603,-0.17095224032123293,-0.10641240211387164,-0.16287770984923733
20.312197999999626,0.03020218014717102,0.013927102088928223,-0.09000718593597412,0.03547341004014015,-0.668023407459259,-0.5322388410568237,-0.17787975339429318,-0.10477411161759846,-0.16788597873474834
20.322253999998793,0.02753511071205139,0.04517722129821777,-0.13735806941986084,0.01303920429199934,-0.724890410900116,-0.5548563003540039,-0.18532007301220835,-0.1035901094804363,-0.1731853212009946
20.332310000005236,0.025489717721939087,0.02863103151321411,-0.1214333176612854,-0.080050528049469,-0.7831137776374817,-0.5846642255783081,-0.1934829710692929,-0.10279001230970657,-0.17889903259489237
20.342365000004065,0.035866498947143555,-0.005466461181640625,-0.0773475170135498,-0.1511308252811432,-0.8357628583908081,-0.5651962757110596,-0.20229461265274104,-0.10286944578608063,-0.18489746180729796
20.352421000003233,0.051069170236587524,0.001925349235534668,-0.06408500671386719,-0.1344628632068634,-0.8546799421310425,-0.5480729937553406,-0.211478644520929,-0.10316326434510789,-0.1907310302403397
20.36247600000206,0.06906342506408691,0.026931345462799072,-0.048801958560943604,-0.05748205631971359,-0.8714591860771179,-0.5424928665161133,-0.2208369430926202,-0.10285921328433079,-0.19634491784124963
20.37253200000123,0.08468666672706604,0.04233640432357788,-0.05655175447463989,-0.035516079515218735,-0.8760258555412292,-0.5358344912528992,-0.23030591852864118,-0.10206622089768126,-0.20181147523067539
20.382587000000058,0.09700803458690643,0.040953099727630615,-0.06657391786575317,-0.10932611674070358,-0.8808573484420776,-0.5448961853981018,-0.23973366111158365,-0.1014017095509979,-0.2072437337895349
20.392642999999225,0.09239163994789124,0.03086942434310913,-0.05122554302215576,-0.2710752487182617,-0.8927630186080933,-0.5537423491477966,-0.24927043076010327,-0.10190729251090715,-0.21313200832158388
20.402697999998054,0.07936710119247437,0.02198392152786255,-0.041940927505493164,-0.35448652505874634,-0.8968203067779541,-0.5325614213943481,-0.25888708382762915,-0.10370172915494502,-0.21927705749032003
20.412754000004497,0.057065725326538086,0.0022935867309570312,-0.02321326732635498,-0.2899185121059418,-0.9044855833053589,-0.5376331806182861,-0.2686841478505975,-0.10545323093480742,-0.2254148365544465
20.422809000003326,0.039405062794685364,0.01694309711456299,-0.015128493309020996,-0.11353999376296997,-0.8972681164741516,-0.5323079228401184,-0.27845481180580983,-0.10597762480399676,-0.23126683760473932
20.432865000002494,0.03922055661678314,0.019394874572753906,-0.00803673267364502,0.025255436077713966,-0.885642945766449,-0.550663948059082,-0.28804270211363003,-0.10480881111944534,-0.23664804363949524
20.442920000001322,0.04511246085166931,0.0037025809288024902,-0.0030725598335266113,0.0016648886958137155,-0.882131040096283,-0.5639421939849854,-0.297504590914292,-0.10298430018331363,-0.24198559560229546
20.45297600000049,0.04950742423534393,-0.013676822185516357,0.02695387601852417,-0.06778977811336517,-0.8644461631774902,-0.5555230379104614,-0.30672643627825913,-0.10167721839813477,-0.2474448487634907
20.463031999999657,0.03930078446865082,-0.041747868061065674,0.07069140672683716,-0.23841238021850586,-0.8282761573791504,-0.5506608486175537,-0.3157312913563825,-0.10145963837905518,-0.25317848998060233
20.473086999998486,0.04317069053649902,-0.0720018744468689,0.05289804935455322,-0.40046054124832153,-0.8125516772270203,-0.5341467261314392,-0.3243574899286543,-0.1028552024170856,-0.2592486568912026
20.48314300000493,0.04394318163394928,-0.08379155397415161,0.0341678261756897,-0.4721778631210327,-0.7974672913551331,-0.5226503610610962,-0.3331503016609147,-0.10542996987700168,-0.2657809788956024
20.49319800000376,0.030799150466918945,-0.06585133075714111,-0.0037787556648254395,-0.3533290922641754,-0.775837242603302,-0.5085840225219727,-0.3416346027851225,-0.1077962035024868,-0.27205451403738007
20.503254000002926,0.022203877568244934,0.006964743137359619,-0.07592535018920898,-0.07651269435882568,-0.7778737545013428,-0.49197152256965637,-0.3499956860753627,-0.10817015328480026,-0.2775368888804921
20.513309000001755,0.013459369540214539,0.020516276359558105,-0.09242558479309082,0.11633758246898651,-0.7884578108787537,-0.4943088889122009,-0.35853270358157546,-0.10609059632891793,-0.28217755341731837
20.523365000000922,0.00481782853603363,-0.011919736862182617,-0.058232665061950684,0.19737651944160461,-0.8244112730026245,-0.5198608636856079,-0.36708099188453913,-0.10275009281218231,-0.2863698271230613
20.53341999999975,0.01905442774295807,0.011495888233184814,-0.036689817905426025,0.13925772905349731,-0.8796947598457336,-0.5617943406105042,-0.3760420469660101,-0.09918548195405918,-0.2908002728337957
20.54347599999892,0.04378046095371246,0.025576472282409668,-0.035932838916778564,-0.0012149650137871504,-0.9409956932067871,-0.5850221514701843,-0.38567079919197805,-0.09637384319365007,-0.29590228768889265
20.553531000005023,0.055208101868629456,0.02657449245452881,0.003984928131103516,-0.09310152381658554,-1.0081477165222168,-0.5993392467498779,-0.3960034321866426,-0.09460298406081313,-0.3016405018494182
20.56358700000419,0.042321860790252686,0.02907872200012207,0.006798207759857178,-0.1420280635356903,-1.0500043630599976,-0.6140356659889221,-0.40693183671856603,-0.09327794891285716,-0.30769135975402856
20.57364200000302,0.02638162672519684,0.022631049156188965,-0.023882567882537842,-0.20495104789733887,-1.0757348537445068,-0.6242226958274841,-0.4181114327648605,-0.09243216612873031,-0.3140721554484387
20.583698000002187,0.020014092326164246,0.02096015214920044,-0.016138672828674316,-0.1610293984413147,-1.0918126106262207,-0.626165509223938,-0.42950943908674605,-0.09168073861599473,-0.3205318120659346
20.593754000001354,-0.0032765716314315796,0.013873457908630371,0.019778013229370117,-0.14091023802757263,-1.0689747333526611,-0.647986114025116,-0.4408281418290209,-0.0903415174704674,-0.32684843174958905
20.603809000000183,-0.008575409650802612,0.03153836727142334,0.0366784930229187,-0.22886699438095093,-1.0447429418563843,-0.6660377979278564,-0.45210148392495514,-0.0890985111519855,-0.33364091607798696
20.61386499999935,0.009873852133750916,0.03625500202178955,0.06707805395126343,-0.2972969114780426,-1.017710566520691,-0.6615875363349915,-0.46301126326825776,-0.08864966838279417,-0.3408181700777375
20.62391999999818,0.013399437069892883,0.022761225700378418,0.08666282892227173,-0.24001605808734894,-0.9788965582847595,-0.6492882370948792,-0.4735513870043294,-0.08820761188425205,-0.34787433508728494
20.633976000004623,0.00821562111377716,0.014661669731140137,0.0702657699584961,-0.07798764109611511,-0.916009783744812,-0.6159572005271912,-0.4835276131200097,-0.0868411373809457,-0.35428084057186027
20.64403100000345,0.005755260586738586,-0.0012655854225158691,0.059264540672302246,0.17306137084960938,-0.8576489686965942,-0.5893969535827637,-0.4929162624954473,-0.08362238993567551,-0.3594313449726363
20.65408700000262,-0.002330869436264038,-0.004819273948669434,0.05931979417800903,0.30886611342430115,-0.7886828184127808,-0.5812476277351379,-0.5014790964220868,-0.07863168234913465,-0.36338839001712225
20.664142000001448,-0.01040804386138916,-0.016090810298919678,0.08811461925506592,0.2809143662452698,-0.7359902858734131,-0.5731704831123352,-0.509277838279405,-0.07322933599581537,-0.366938926207311
20.674198000000615,-0.03780147433280945,-0.05466550588607788,0.1419050097465515,0.15487974882125854,-0.7018494009971619,-0.5809991359710693,-0.5165908799230883,-0.06849826271475712,-0.3707775862761022
20.684252999999444,-0.05679267644882202,-0.07068043947219849,0.1537737250328064,-0.15767443180084229,-0.6740097999572754,-0.5969698429107666,-0.5236125817819972,-0.06563384716427534,-0.3757919461461656
20.69430899999861,-0.03228725492954254,-0.05034291744232178,0.13716751337051392,-0.4347831904888153,-0.6819148659706116,-0.5904684066772461,-0.5306745022655718,-0.06535302054770302,-0.3824092712538057
20.704364000004716,-0.02641715109348297,-0.07758301496505737,0.12188982963562012,-0.5521997809410095,-0.6888593435287476,-0.5822046399116516,-0.537992245299226,-0.06678482373150615,-0.3900484492401219
20.714420000003884,-0.03376726806163788,-0.04983025789260864,0.06296646595001221,-0.5495534539222717,-0.690035343170166,-0.581417977809906,-0.5455426478320063,-0.06852575135216196,-0.39799803683523005
20.724475000002712,-0.029717519879341125,-0.013702392578125,0.02311837673187256,-0.5608527064323425,-0.7014243602752686,-0.5919939279556274,-0.5531872229492398,-0.07014279544131136,-0.40600256956195996
20.73453100000188,-0.03595846891403198,-0.051446735858917236,0.03786963224411011,-0.5412803888320923,-0.6954137682914734,-0.5799560546875,-0.560916961663595,-0.07170330881996426,-0.41406308930612495
20.744587000001047,-0.04414670169353485,-0.05900639295578003,0.030666708946228027,-0.41840264201164246,-0.6619585752487183,-0.5596476197242737,-0.5682358454316995,-0.07272287501684885,-0.4214489979597907
20.754641999999876,-0.04876814782619476,-0.06720197200775146,0.05379772186279297,-0.43945613503456116,-0.6207478642463684,-0.5697587132453918,-0.5750884195582513,-0.07331239406267166,-0.42846710256452436
20.764697999999044,-0.03416639566421509,-0.09303128719329834,0.07603293657302856,-0.5058724284172058,-0.5903753042221069,-0.5359829068183899,-0.5815991634407204,-0.07435628556757158,-0.4356863555186077
20.77475300000515,-0.004422396421432495,-0.04532879590988159,0.08020919561386108,-0.4870518147945404,-0.554876446723938,-0.4894919693470001,-0.5877404408994953,-0.07583079116862065,-0.4427181553052804
20.784809000004316,0.01834811270236969,-0.038116514682769775,0.06154245138168335,-0.43156832456588745,-0.5125572085380554,-0.43203213810920715,-0.5934975074924138,-0.07711608905750311,-0.4490963148481172
20.794864000003145,0.029781371355056763,-0.07524502277374268,0.053830504417419434,-0.30695945024490356,-0.4759366512298584,-0.375841349363327,-0.5988481918048082,-0.07800812854246209,-0.4545797976892684
20.804920000002312,0.024292021989822388,-0.07715612649917603,0.033085405826568604,-0.08332980424165726,-0.4287041425704956,-0.3231533467769623,-0.6036150657153254,-0.0777754663791564,-0.4585952737818555
20.814975291665178,0.029069721698760986,-0.017957687377929688,0.01306605339050293,0.11923661082983017,-0.3842756748199463,-0.29677388072013855,-0.6077434622061937,-0.0758950084679865,-0.46087210464713946
20.82503129167162,0.024105578660964966,-0.04393678903579712,0.054062604904174805,0.1806832104921341,-0.3499813675880432,-0.2963009178638458,-0.611507865627861,-0.07294362424158732,-0.4624201305731903
20.83508629167045,0.025188609957695007,-0.04798078536987305,0.07638555765151978,0.19604653120040894,-0.30699822306632996,-0.29771530628204346,-0.6149333089411804,-0.06963100695750464,-0.4637515153347731
20.845142291669617,0.032513514161109924,0.009964704513549805,0.057700276374816895,0.07288438826799393,-0.27198776602745056,-0.30144238471984863,-0.6178162426950964,-0.06682636917890662,-0.46532963849325903
20.855197291668446,0.015217304229736328,-0.019049644470214844,0.06349951028823853,-0.07511764019727707,-0.2661862075328827,-0.29177871346473694,-0.620611941933042,-0.06516313673130726,-0.4677596455190323
20.865253291667614,-0.0028045177459716797,-0.00663447380065918,0.032018959522247314,-0.18141424655914307,-0.27293333411216736,-0.31341931223869324,-0.6234327476014349,-0.06455242821318713,-0.4709682135588697
20.87530929166678,-0.02426983416080475,0.0038470029830932617,0.0029111504554748535,-0.2469773292541504,-0.3034026622772217,-0.3514121472835541,-0.6266115252477533,-0.06439132210688085,-0.47503101176861495
20.88536429166561,-0.03317055106163025,0.048486173152923584,-0.043643414974212646,-0.1409963071346283,-0.3279336094856262,-0.3749294579029083,-0.6302097000482092,-0.06376196040000623,-0.4792348001627933
20.895420291664777,-0.03429614007472992,0.07832854986190796,-0.08448344469070435,-0.07109960168600082,-0.35651275515556335,-0.4178626537322998,-0.6340278415524796,-0.06217405093869445,-0.4831668458069124
20.905475291670882,-0.024559497833251953,0.06983232498168945,-0.06444495916366577,-0.032505329698324203,-0.37828198075294495,-0.4339478611946106,-0.6380583167088213,-0.05998206017686888,-0.486992262458842
20.91553129167005,0.005279704928398132,0.08482933044433594,-0.04206192493438721,0.030233239755034447,-0.38380885124206543,-0.44473227858543396,-0.6420988673938698,-0.05735864438832622,-0.4905608416586807
20.92558629166888,0.012264087796211243,0.06006890535354614,-0.0148734450340271,0.09188675135374069,-0.37706679105758667,-0.459933876991272,-0.6461363462287815,-0.054136375036215365,-0.49384724730092655
20.935642291668046,0.011736646294593811,0.045996785163879395,-0.012711763381958008,0.09629698842763901,-0.35748255252838135,-0.46174710988998413,-0.6499889821178969,-0.050568625185169094,-0.4969452773369349
20.945697291666875,0.012580856680870056,0.03912633657455444,0.0011572837829589844,0.023952750489115715,-0.3469947576522827,-0.44622886180877686,-0.6536046111832319,-0.04736804724594807,-0.5001684435766127
20.955753291666042,-0.006089404225349426,0.0003243684768676758,0.04789537191390991,-0.18875032663345337,-0.3252163827419281,-0.4551348090171814,-0.6571823998559514,-0.04519537006822358,-0.5042241246000229
20.96580829166487,-0.009163543581962585,-0.03054708242416382,0.07507461309432983,-0.49312326312065125,-0.31668946146965027,-0.44929078221321106,-0.6605853158514675,-0.045177218777160515,-0.5099241845194701
20.975864291671314,0.008743569254875183,-0.017144739627838135,0.05851107835769653,-0.6840150952339172,-0.31534403562545776,-0.4142812490463257,-0.6640678701425896,-0.047314040004173726,-0.5170661758529526
20.985919291670143,0.008929923176765442,-0.0459674596786499,0.04486048221588135,-0.6812739372253418,-0.3132643699645996,-0.39244118332862854,-0.6674679833321683,-0.0503779667698527,-0.5244895297591078
20.99597529166931,0.024638459086418152,-0.06942063570022583,-0.006084144115447998,-0.5441378355026245,-0.3103729784488678,-0.3502190411090851,-0.67089313013829,-0.05296751459001777,-0.5312524569385301
21.006031291668478,0.04728315770626068,-0.05415701866149902,-0.04020977020263672,-0.33666345477104187,-0.3030623197555542,-0.3221985995769501,-0.6740880717211183,-0.054496991388611936,-0.5365747230920921
21.016086291667307,0.019595608115196228,-0.07840687036514282,-0.014158427715301514,-0.10423238575458527,-0.2978125512599945,-0.29324766993522644,-0.6772710493848088,-0.05432468597732769,-0.5403727957555767
21.026142291666474,0.007060974836349487,-0.08869850635528564,-0.006099104881286621,0.16288134455680847,-0.2863982617855072,-0.26043620705604553,-0.6803336342778573,-0.05230984490685299,-0.5423518916323842
21.036197291665303,0.013049140572547913,-0.0872194766998291,-0.007441222667694092,0.26328909397125244,-0.2600143253803253,-0.24416545033454895,-0.6831904712082594,-0.04883682320189475,-0.5428737657795847
21.046253291671746,0.02867366373538971,-0.08184289932250977,0.052193522453308105,0.10883559286594391,-0.21923573315143585,-0.20500393211841583,-0.6856324381109309,-0.04584133139854291,-0.5433652793973908
21.056308291670575,0.03576953709125519,-0.09517228603363037,0.10168880224227905,-0.07988034188747406,-0.19540072977542877,-0.1446601152420044,-0.6877923349356457,-0.04461787605304705,-0.5446946742556701
21.066364291669743,0.026383385062217712,-0.09327805042266846,0.0925072431564331,-0.30149343609809875,-0.1797429323196411,-0.08182735741138458,-0.6896621257757808,-0.045382802204633886,-0.5466369665573068
21.07641929166857,0.02157875895500183,-0.12483179569244385,0.07398998737335205,-0.5034108757972717,-0.17823384702205658,-0.02079380303621292,-0.6916468313757923,-0.0482087825200173,-0.5497098964635079
21.08647529166774,-0.0032309293746948242,-0.12121659517288208,0.05216950178146362,-0.5188891291618347,-0.19271665811538696,-0.0034281285479664803,-0.6936164519984277,-0.05225165213981809,-0.5531461081909806
21.096530291666568,-0.014362603425979614,-0.07765030860900879,-0.011829376220703125,-0.3850894868373871,-0.2105795443058014,0.00867327582091093,-0.695866044725593,-0.0558090199823521,-0.5561319709665861
21.106586291665735,-0.010343760251998901,-0.05677574872970581,-0.04977661371231079,-0.16075676679611206,-0.22903896868228912,-0.020832685753703117,-0.6981805051540543,-0.05792272544399177,-0.5579187286639805
21.11664129167184,-0.022992387413978577,-0.047079503536224365,-0.029329359531402588,-0.062398117035627365,-0.23867255449295044,-0.07245473563671112,-0.7006068325189718,-0.05840889806821449,-0.5589391835028077
21.126697291671007,-0.005251020193099976,-0.02822655439376831,0.011301636695861816,-0.07681220769882202,-0.24583353102207184,-0.09577417373657227,-0.7031190563848633,-0.058371665953504494,-0.5600487907041459
21.136753291670175,0.0039061158895492554,0.001841902732849121,0.03371018171310425,-0.12165913730859756,-0.24491235613822937,-0.10021722316741943,-0.7056716712209817,-0.05847852201643287,-0.5613938368828558
21.146808291669004,-0.0003502964973449707,-0.015387892723083496,0.06120121479034424,-0.2546856105327606,-0.22616076469421387,-0.096625417470932,-0.7081930470088893,-0.05928783811858123,-0.5634022341106396
21.15686429166817,0.00803181529045105,-0.03400230407714844,0.07474929094314575,-0.32683292031288147,-0.1997697651386261,-0.0735374391078949,-0.7105662609486986,-0.06097187196725032,-0.5660308385631655
21.166919291667,0.005246862769126892,0.006884753704071045,0.051762282848358154,-0.3205276429653168,-0.16463123261928558,-0.04731888696551323,-0.7125862658995997,-0.06305932843211806,-0.5686495979127225
21.176975291666167,-0.016477972269058228,-0.008920788764953613,0.035892367362976074,-0.281569242477417,-0.13582740724086761,-0.03686893731355667,-0.7143422497678069,-0.06499616191744344,-0.5710172706058176
21.187030291664996,-0.029571086168289185,0.00762099027633667,0.003984987735748291,-0.20298737287521362,-0.118437759578228,-0.025506027042865753,-0.7157626532524839,-0.06666777865026333,-0.5728931370766216
21.19708629167144,-0.02520620822906494,0.03631800413131714,-0.03187370300292969,-0.07865547388792038,-0.11051911860704422,-0.010254688560962677,-0.7169143505603619,-0.0677238708061558,-0.5739514836054875
21.20714129167027,-0.002801448106765747,0.05101943016052246,-0.03636831045150757,0.008666650392115116,-0.10495630651712418,-0.004300393629819155,-0.7179499982807905,-0.06800993415588613,-0.5741774796974548
21.217197291669436,0.007544428110122681,0.03788477182388306,-0.0075907111167907715,0.031524740159511566,-0.10008645057678223,-0.008211033418774605,-0.7189526893949172,-0.0678380400993367,-0.5740693828105974
21.227252291668265,0.009925350546836853,0.038366734981536865,0.016458511352539062,0.05593447387218475,-0.07908502966165543,-0.00917190220206976,-0.7198203315801033,-0.06750448094374568,-0.5738256821103761
21.237308291667432,-0.004541605710983276,0.032028377056121826,0.03586220741271973,0.06539948284626007,-0.05152517557144165,-0.026942243799567223,-0.7204039373464076,-0.06696333314835703,-0.5735174985891687
21.24736329166626,-0.02492813766002655,0.012162208557128906,0.0444713830947876,0.07925910502672195,-0.023217901587486267,-0.029200870543718338,-0.7207509181275512,-0.06622737055044749,-0.573246607284026
21.25741929166543,-0.04808811843395233,0.011297106742858887,0.04386657476425171,0.08116929978132248,0.010931013152003288,-0.03771211951971054,-0.7207217698878444,-0.06544195715614735,-0.5729887707673706
21.267474291671533,-0.04744930565357208,0.002982795238494873,0.04765355587005615,0.05441838130354881,0.049352437257766724,-0.03239218890666962,-0.720369171700916,-0.06463132395454292,-0.5728421898060887
21.2775302916707,-0.035024404525756836,0.01966691017150879,0.06223273277282715,0.02199319750070572,0.09149416536092758,-0.0006649126298725605,-0.719570727140786,-0.06416923580416865,-0.5726510545177642
21.287586291669868,-0.010441854596138,-0.0002726316452026367,0.08932143449783325,0.010552789084613323,0.13408823311328888,0.03423368185758591,-0.7183660974521477,-0.06413798937140319,-0.5723510800870598
21.297641291668697,0.017539426684379578,-0.024301350116729736,0.08396345376968384,0.04755053296685219,0.17768645286560059,0.08363129198551178,-0.7166717438333021,-0.06439122011938848,-0.5716392298899805
21.307697291667864,0.032249242067337036,-0.04066121578216553,0.05831831693649292,0.062041591852903366,0.22122299671173096,0.13391737639904022,-0.7145561748528637,-0.06471545481411457,-0.5703916485508065
21.317752291666693,0.017772004008293152,-0.05058020353317261,0.05107158422470093,0.057984575629234314,0.2442309856414795,0.15744386613368988,-0.7120308318936417,-0.06531107857171377,-0.5688405890327964
21.32780829166586,-0.004309326410293579,-0.051297664642333984,0.04779773950576782,0.011781393550336361,0.24955862760543823,0.17081454396247864,-0.7094055072119533,-0.06612843392065264,-0.567368781113514
21.337863291671965,-0.014929771423339844,-0.05664646625518799,0.036430537700653076,-0.07329946011304855,0.23599901795387268,0.16343893110752106,-0.7067447102287812,-0.06753575524559431,-0.5663006807153346
21.347919291671133,-0.0250474214553833,-0.06703698635101318,0.04738849401473999,-0.11989758908748627,0.21758991479873657,0.15580524504184723,-0.704432953141703,-0.0692907101525582,-0.5658748439717667
21.35797429166996,-0.009269490838050842,-0.0469135046005249,0.036426663398742676,-0.1561824530363083,0.21184946596622467,0.1510591208934784,-0.7022377475866556,-0.07138780009624918,-0.5656675755155874
21.36803029166913,-0.001535460352897644,-0.07627922296524048,0.02267378568649292,-0.11006209254264832,0.2153424769639969,0.17408640682697296,-0.700051930647053,-0.07367588644112429,-0.5653950910787986
21.378085291667958,0.006771266460418701,-0.05909991264343262,0.00230485200881958,0.0071189976297318935,0.23425665497779846,0.2032250463962555,-0.6977853949732398,-0.07543629219034974,-0.5643640907228954
21.388141291667125,0.005942866206169128,-0.06488382816314697,-0.011762380599975586,0.08615176379680634,0.2488614171743393,0.2237577587366104,-0.6953050238875782,-0.07657281360836306,-0.5624793713849348
21.398196291665954,-0.011553525924682617,-0.04518026113510132,-0.009123086929321289,0.11396826058626175,0.24478718638420105,0.22525058686733246,-0.6926092999209943,-0.07750024369092531,-0.560126998436265
21.40825229166512,-0.030421167612075806,-0.04101109504699707,0.010970771312713623,0.10108921676874161,0.2327078878879547,0.22034291923046112,-0.6900493812251435,-0.07826002968981986,-0.5578789273978497
21.418308291671565,-0.03278113901615143,-0.02374279499053955,0.007598161697387695,0.08899779617786407,0.23411203920841217,0.2315533608198166,-0.6874444217164726,-0.07916248769614907,-0.5556410498367652
21.428363291670394,-0.011559292674064636,-0.017416179180145264,0.021320760250091553,0.02760341204702854,0.24778708815574646,0.25226902961730957,-0.6847386749501205,-0.08030473324349607,-0.5533061922292806
21.43841929166956,0.0050157904624938965,-0.03003007173538208,0.057608962059020996,-0.08479077368974686,0.2751108705997467,0.2750622034072876,-0.6819324478077693,-0.08224117794285916,-0.5514127487271665
21.44847429166839,0.0013672411441802979,-0.06116831302642822,0.08939164876937866,-0.1505894958972931,0.28563806414604187,0.2845739722251892,-0.6788717496413429,-0.08505159757587036,-0.5499354708562695
21.458530291667557,0.003157302737236023,-0.05485403537750244,0.047756195068359375,-0.13348720967769623,0.2930528521537781,0.3007768988609314,-0.6757912949037052,-0.08808944781945081,-0.5485059503551545
21.468585291666386,0.003809317946434021,-0.026377439498901367,0.00528794527053833,-0.11052410304546356,0.30766427516937256,0.3094992935657501,-0.6725257716595197,-0.09106957324609988,-0.5468027268982655
21.478641291665554,-0.00265386700630188,-0.013096868991851807,0.013620197772979736,-0.07045790553092957,0.3086587190628052,0.2950955927371979,-0.6692324095738958,-0.09370699059710509,-0.5449410356309915
21.48869629167166,-0.006885796785354614,-0.0012772679328918457,0.00810617208480835,-0.06632760912179947,0.309760719537735,0.2887705862522125,-0.665867146739036,-0.09612064457444472,-0.5429979769975768
21.498752291670826,0.010801568627357483,0.013699769973754883,-0.00523221492767334,-0.04288704693317413,0.31834766268730164,0.29656365513801575,-0.6625371983200206,-0.09839230831868108,-0.5410122552907887
21.508807291669655,0.0233403742313385,0.01864302158355713,0.000603795051574707,-0.015166733413934708,0.3274458348751068,0.3173280656337738,-0.6591295340043369,-0.10050383490862554,-0.5387482668375378
21.518863291668822,0.027831584215164185,0.004712224006652832,-0.0043482184410095215,0.000641879509203136,0.33613866567611694,0.33821725845336914,-0.6555974130174493,-0.1025551510582104,-0.536227797036598
21.52891829166765,0.020811021327972412,0.00854569673538208,-0.006380140781402588,0.047651998698711395,0.3394753336906433,0.3524656891822815,-0.6519124920496855,-0.10448934571323963,-0.5333354578313041
21.53897429166682,0.013035967946052551,-0.0071163177490234375,-0.0141335129737854,0.10744227468967438,0.3614528179168701,0.37364134192466736,-0.6479798153429264,-0.10611588307526837,-0.5298942800166768
21.549030291665986,0.00514395534992218,-0.004574775695800781,-8.040666580200195e-05,0.07532082498073578,0.3617364466190338,0.3635423481464386,-0.6439428280048589,-0.10760144464620006,-0.5263254144270259
21.559085291664815,-0.0030148476362228394,-0.029277384281158447,0.046619951725006104,0.0403134822845459,0.36368080973625183,0.3584344685077667,-0.6398308031939332,-0.10940320622017875,-0.5229943670972882
21.569141291671258,0.003163933753967285,-0.018662095069885254,0.03515118360519409,-0.009754746221005917,0.3816044330596924,0.37561771273612976,-0.6357137798833565,-0.11144880827414977,-0.5198779649755749
21.579196291670087,0.012076854705810547,-0.03664398193359375,0.044533610343933105,-0.06313137710094452,0.40222302079200745,0.3948318362236023,-0.6315668542462114,-0.11398005508498853,-0.5170416370460269
21.589252291669254,0.015406236052513123,-0.03804779052734375,0.03412270545959473,-0.058177098631858826,0.4168853163719177,0.419211208820343,-0.6272479670319601,-0.11681350061869342,-0.5141808215686406
21.599307291668083,0.010534703731536865,-0.029368996620178223,0.008888304233551025,-0.0382164791226387,0.44276711344718933,0.44562098383903503,-0.6224840296195363,-0.11977926627454479,-0.5108605679606314
21.60936329166725,-0.004108831286430359,-0.03890913724899292,0.014398634433746338,-0.005194349214434624,0.4712107479572296,0.4720395505428314,-0.6175023239755006,-0.1225792340419322,-0.5072595625952391
21.61941829166608,-0.0071403831243515015,-0.022213280200958252,0.01942342519760132,0.06402049958705902,0.48897454142570496,0.4888896942138672,-0.6121488035171898,-0.12513588038181614,-0.5031173454815574
21.629474291665247,-0.007777035236358643,-0.03252047300338745,0.01624971628189087,0.1419624239206314,0.5030323266983032,0.48742201924324036,-0.6066594725975756,-0.1270355244293807,-0.49850900857176056
21.63952929167135,-0.005056887865066528,-0.01855778694152832,-0.0021689534187316895,0.21436947584152222,0.5171093940734863,0.4768080711364746,-0.6008967108352122,-0.1282302867635882,-0.4934206226381074
21.64958529167052,0.0025853216648101807,0.020195364952087402,0.0038647055625915527,0.18082191050052643,0.48995232582092285,0.43780502676963806,-0.5953173756620839,-0.12905829408749572,-0.4885005068183142
21.659640291669348,-0.004550173878669739,0.009265780448913574,-0.002131223678588867,0.14661045372486115,0.4536794126033783,0.41528674960136414,-0.589961790936343,-0.13015582788512753,-0.48400095336839666
21.669696291668515,0.0031143128871917725,0.035257935523986816,-0.031161010265350342,0.15772674977779388,0.42480969429016113,0.4183030426502228,-0.5850325129060097,-0.1311751895589768,-0.47966945846247805
21.679751291667344,0.014020547270774841,-0.0006349682807922363,-0.0390474796295166,0.2206164449453354,0.42487266659736633,0.4652937948703766,-0.5803034015778564,-0.13198106977806068,-0.4750093955539105
21.68980729166651,0.02495957911014557,-0.03994780778884888,-0.025502920150756836,0.33794814348220825,0.47400450706481934,0.5424373149871826,-0.5749962816010792,-0.13243983136405935,-0.4691625804447305
21.69986329166568,0.048188745975494385,-0.06450200080871582,0.015012800693511963,0.40488070249557495,0.5508992075920105,0.6225132346153259,-0.5687873922548315,-0.13252793880961422,-0.46204220341908275
21.709918291671784,0.054086655378341675,-0.0751919150352478,0.0687212347984314,0.3673703372478485,0.6319836378097534,0.6932950019836426,-0.5617912025899257,-0.13276624255309358,-0.4542601281783025
21.71997429167095,0.044840723276138306,-0.06689709424972534,0.12148791551589966,0.31109702587127686,0.6953807473182678,0.7299491763114929,-0.5540679312466192,-0.13369389464728393,-0.4462892999317562
21.73002929166978,0.021347880363464355,-0.07563984394073486,0.13562989234924316,0.30012214183807373,0.7361752986907959,0.7365040183067322,-0.5457661423943202,-0.135018479711166,-0.4383273164752276
21.740085291668947,0.002109721302986145,-0.08277392387390137,0.10374945402145386,0.42013314366340637,0.7634756565093994,0.7227508425712585,-0.5371734833762228,-0.13575214053129936,-0.43016969465204336
21.750140291667776,0.005183413624763489,-0.04320394992828369,0.06240999698638916,0.5748271346092224,0.7936806678771973,0.7084590196609497,-0.5280702292003784,-0.13511985023978215,-0.4212660375182063
21.760196291666944,0.01426936686038971,-0.023744165897369385,0.07985621690750122,0.590286374092102,0.8409007787704468,0.7128449082374573,-0.5185333070324365,-0.13360296307430228,-0.41199405450679133
21.770251291665772,0.022562384605407715,-0.06739312410354614,0.12752580642700195,0.48794323205947876,0.8927661180496216,0.7259042263031006,-0.5084479908197787,-0.13245511761307371,-0.4028720497177923
21.78030729166494,0.028844982385635376,-0.03845256567001343,0.13848888874053955,0.3508768379688263,0.9238942861557007,0.7481179237365723,-0.49803745307517616,-0.13240474347242098,-0.3941816188517347
21.790362291671045,0.007950842380523682,-0.055363476276397705,0.1283370852470398,0.23038984835147858,0.9465591311454773,0.7563409805297852,-0.4875799436600617,-0.13340538370140062,-0.3860776191418868
21.800418291670212,-0.01648646593093872,-0.013850867748260498,0.06065720319747925,0.05463658273220062,0.9427407383918762,0.744490385055542,-0.47707990209171325,-0.13557589185815025,-0.3786171666940286
21.81047312499868,-0.06036342680454254,-0.016113877296447754,0.06152909994125366,-0.13066749274730682,0.8950344324111938,0.650421142578125,-0.46697935325810497,-0.1391473171127624,-0.37246284551597075
21.820529125005123,-0.11432412266731262,-0.0933065414428711,0.07542377710342407,-0.16243839263916016,0.8376656770706177,0.564031720161438,-0.4576358219738464,-0.14329575463459002,-0.36771208257318216
21.83058512500429,-0.07530617713928223,0.044017672538757324,-0.019244730472564697,-0.03300449624657631,0.802379310131073,0.5245362520217896,-0.448543224289537,-0.1466376487735992,-0.3630670398593053
21.84064012500312,-0.038940370082855225,0.058079421520233154,-0.040337979793548584,-0.009204048663377762,0.8038144111633301,0.5304889678955078,-0.4397737377397281,-0.14905927930756124,-0.35832994991953554
21.850696125002287,-0.0249345600605011,-0.035100340843200684,0.015369653701782227,0.04248498007655144,0.8610768914222717,0.5972115397453308,-0.43068684427189446,-0.15134768177931174,-0.3531129995358156
21.860751125001116,0.010777831077575684,-0.014615654945373535,0.020429790019989014,0.16615524888038635,0.9131675362586975,0.658950924873352,-0.42074275856612614,-0.15306256036596583,-0.34683276454223905
21.870807125000283,0.04151010513305664,0.02360713481903076,-0.010214388370513916,0.32135576009750366,0.9271507263183594,0.6777514815330505,-0.4103225838205403,-0.15361194056391633,-0.33955575291478585
21.880862124999112,0.017643555998802185,0.042886555194854736,-0.04813647270202637,0.38994237780570984,0.9351415038108826,0.6352065801620483,-0.3999474782860837,-0.15275060175488606,-0.33200364802680915
21.89091812499828,0.012024641036987305,0.13327139616012573,-0.0755988359451294,0.3258057236671448,0.9057517051696777,0.5661510825157166,-0.3897122964477048,-0.15165004603719678,-0.3250206090409225
21.900973125004384,0.014109522104263306,0.1644875407218933,-0.06345832347869873,0.1706954538822174,0.8655638694763184,0.503596305847168,-0.37991096105892086,-0.15134495717431962,-0.3190154938417364
21.91102912500355,-0.039148181676864624,0.05283170938491821,0.02953481674194336,0.07918898016214371,0.8126532435417175,0.4445135295391083,-0.37068320836113866,-0.15196309985662665,-0.3140405829336638
21.92108412500238,-0.04095914959907532,-0.03527355194091797,0.033553361892700195,0.13847532868385315,0.8056697845458984,0.4601585566997528,-0.361880202152339,-0.152678402317697,-0.30944902996056917
21.931140125001548,0.052173733711242676,0.04972797632217407,-0.044892728328704834,0.2796047627925873,0.8384159803390503,0.5112801194190979,-0.35282097052792316,-0.15239352748164636,-0.3040706626346228
21.941195125000377,0.08153262734413147,0.012107372283935547,0.036180973052978516,0.38076797127723694,0.9171774387359619,0.5888699293136597,-0.3430692622126532,-0.15115508989999543,-0.29770857071466933
21.951251124999544,0.0790543407201767,-0.056999146938323975,0.09894746541976929,0.4671265482902527,1.0206916332244873,0.6745803356170654,-0.33225688669137,-0.14920283804237566,-0.2902475011475545
21.961306124998373,0.10666224360466003,-0.011646866798400879,0.04698842763900757,0.5761721134185791,1.0530482530593872,0.7116159796714783,-0.32068152033433395,-0.14639771856342076,-0.2819086117036833
21.971362125004816,0.09885124862194061,0.04189234972000122,-0.02632361650466919,0.691836953163147,1.0339763164520264,0.6796713471412659,-0.3090514324300431,-0.14240714849993205,-0.2732351108926686
21.981418125003984,0.05093516409397125,0.06899547576904297,-0.07499837875366211,0.8277109861373901,1.0001658201217651,0.6256349086761475,-0.2977746502217704,-0.13705481996572405,-0.2646992976197586
21.991473125002813,0.008645683526992798,0.04662179946899414,-0.060440659523010254,0.8940473794937134,0.9447954297065735,0.5247860550880432,-0.28712629173089016,-0.130250447941011,-0.25663929683246056
22.00152912500198,-0.048027560114860535,-0.019052743911743164,0.020395994186401367,0.7982308268547058,0.930578887462616,0.4467628300189972,-0.27676891401969966,-0.12338161310297623,-0.24951626641414915
22.01158412500081,-0.05956485867500305,-0.11291152238845825,0.101096510887146,0.5742858648300171,0.9190335273742676,0.36746853590011597,-0.26686774633103766,-0.11768747690533171,-0.2436889228610382
22.021640124999976,-0.02079637348651886,-0.060603439807891846,0.10983461141586304,0.20464546978473663,0.9118905067443848,0.35169291496276855,-0.2570391740238558,-0.11483802086861217,-0.23913527599579287
22.031695124998805,0.02881777286529541,-0.002099931240081787,0.1125495433807373,-0.2016029804944992,0.8917599320411682,0.37197795510292053,-0.24755407778672145,-0.11564462729485402,-0.23558986203176374
22.04175112500525,0.060593754053115845,-0.03281611204147339,0.052354395389556885,-0.48871397972106934,0.818281352519989,0.4103315472602844,-0.23850150831029635,-0.12022112368093879,-0.2326198962748704
22.051806125004077,0.09366373717784882,-0.02137094736099243,-0.03957873582839966,-0.48532935976982117,0.7261972427368164,0.4155212640762329,-0.23027779995676814,-0.12611661858178858,-0.22959587465825748
22.061862125003245,0.07815395295619965,0.012450695037841797,-0.10940897464752197,-0.3654900789260864,0.6669496893882751,0.3813396394252777,-0.2228642110926208,-0.1312356186840546,-0.22659648093536325
22.071917125002074,0.05587860941886902,0.06877154111862183,-0.14028054475784302,-0.2656058073043823,0.6143330931663513,0.3439832329750061,-0.2161516588738653,-0.13507608592024112,-0.22376309816273365
22.08197312500124,0.051870495080947876,0.0716899037361145,-0.1187705397605896,-0.20096246898174286,0.5774654150009155,0.3257131278514862,-0.20975189259580765,-0.13808578762518084,-0.2209491828445545
22.09202812500007,0.06399333477020264,0.05024564266204834,-0.10030049085617065,-0.09725125879049301,0.5592174530029297,0.3555525243282318,-0.20342008644417028,-0.14039504716561152,-0.2178012044417165
22.102084124999237,0.08424556255340576,0.04145914316177368,-0.09220480918884277,0.021411338821053505,0.5900497436523438,0.4060012102127075,-0.19716668904263407,-0.14156873757618918,-0.21411244626339765
22.112139124998066,0.08553923666477203,0.012105345726013184,-0.03283721208572388,0.081025131046772,0.6627045273780823,0.46837562322616577,-0.19025315817125704,-0.14173145592031003,-0.20962082311243904
22.12219512500451,0.041661977767944336,-0.08082538843154907,0.06745254993438721,-0.09131090342998505,0.696615993976593,0.47668519616127014,-0.1827605063958302,-0.1426158751991204,-0.20492799298095046
22.132251125003677,0.01816737651824951,-0.10803437232971191,0.027116358280181885,-0.13064631819725037,0.6934492588043213,0.5209498405456543,-0.1748994208615567,-0.144800256054877,-0.20010589660776287
22.142306125002506,0.02265356481075287,-0.0015081167221069336,-0.08466833829879761,-0.03193288668990135,0.6481699347496033,0.5062668919563293,-0.16737197454144265,-0.14660019179888079,-0.19507170400482401
22.152362125001673,0.03420370817184448,0.05148226022720337,-0.15722858905792236,0.09888958185911179,0.5513664484024048,0.4492928087711334,-0.16059297102309666,-0.14706898642584046,-0.19021552908300823
22.162417125000502,0.023657456040382385,0.039134204387664795,-0.18558692932128906,0.21898509562015533,0.45720982551574707,0.3944007158279419,-0.15492647179906052,-0.14615011505631162,-0.18577609262412761
22.17247312499967,0.023938938975334167,0.04141765832901001,-0.18693363666534424,0.34477952122688293,0.35840973258018494,0.34493356943130493,-0.15029254815201867,-0.14390844612766635,-0.1816511306079448
22.1825281249985,0.03516203165054321,0.051884472370147705,-0.17802971601486206,0.4728164076805115,0.298213392496109,0.3251926302909851,-0.14652343715172392,-0.14031715700086736,-0.17773403262338702
22.19258412500494,0.046094462275505066,0.04609197378158569,-0.1365531086921692,0.5924749374389648,0.24968022108078003,0.3379150927066803,-0.14341371473783227,-0.13546320179713098,-0.17374561292493867
22.20263912500377,0.04719853401184082,0.015979290008544922,-0.09560298919677734,0.6407801508903503,0.2507290840148926,0.34624138474464417,-0.1403091475554372,-0.12971642595270877,-0.16938286676441308
22.212695125002938,0.041421934962272644,0.016465306282043457,-0.026941508054733276,0.6107348799705505,0.2554098665714264,0.3396148979663849,-0.13721169914461714,-0.12400128455474052,-0.16505147109154406
22.222750125001767,0.0347764790058136,0.03340113162994385,0.04817080497741699,0.6276202201843262,0.31122520565986633,0.3494075536727905,-0.1337552346545558,-0.11833295447970163,-0.16065607684286926
22.232806125000934,0.008565738797187805,0.04629099369049072,0.13601893186569214,0.547676146030426,0.3480745553970337,0.32289230823516846,-0.12998121270043156,-0.11284649221160498,-0.15652818217478004
22.242861124999763,-0.005600050091743469,0.07186144590377808,0.15828222036361694,0.5160638093948364,0.3786926567554474,0.3579028248786926,-0.12606431819873126,-0.10795722767623651,-0.1525174695794374
22.25291712499893,-0.009249478578567505,0.03959447145462036,0.09736284613609314,0.3772289752960205,0.40012577176094055,0.3733513057231903,-0.12180482265101904,-0.10388361200496406,-0.14831636372829132
22.262972125005035,-0.0010868161916732788,-0.03481030464172363,0.05726155638694763,0.1726561188697815,0.38599106669425964,0.38538578152656555,-0.11755054831795986,-0.10150544638159303,-0.1442176813074538
22.273028125004203,0.011679887771606445,-0.09260529279708862,0.04227396845817566,-0.010120620019733906,0.363851934671402,0.4061717689037323,-0.11341092144694169,-0.10122319853288624,-0.14017647320055912
22.28308412500337,0.010911330580711365,-0.08749747276306152,0.033921778202056885,-0.06854043155908585,0.3514857888221741,0.43205156922340393,-0.10936679113039421,-0.1021739529459133,-0.13600379562019435
22.2931391250022,0.004006698727607727,-0.05418813228607178,0.006926119327545166,-0.05297425389289856,0.33914151787757874,0.45091712474823,-0.10547386359667242,-0.10327110302071081,-0.13163763719860594
22.303195125001366,0.003649309277534485,-0.021710872650146484,-0.052455782890319824,-0.0247737318277359,0.32938116788864136,0.45651310682296753,-0.1018518874823373,-0.10409527223909108,-0.12721996937200938
22.313250125000195,-0.00013828277587890625,-0.0059209465980529785,-0.08173513412475586,0.06737856566905975,0.3063352406024933,0.4534744322299957,-0.09848021974458816,-0.10429327541097905,-0.12276209737872207
22.323306124999363,-0.012550652027130127,-0.012837648391723633,-0.0662010908126831,0.16660316288471222,0.3049069941043854,0.4351029098033905,-0.09523461078458825,-0.1034855631953095,-0.11829868186229972
22.33336112499819,-0.03602959215641022,-0.04246920347213745,-0.01309552788734436,0.2114579826593399,0.29801231622695923,0.3569042384624481,-0.09215286219423385,-0.1017909590366456,-0.1142880622043701
22.343417125004635,-0.04360461235046387,-0.04469335079193115,-0.0009289383888244629,0.15932013094425201,0.29170355200767517,0.27930912375450134,-0.08889852360192427,-0.10019822001684205,-0.11096101002174694
22.353472125003464,-0.03923623263835907,0.00045549869537353516,-0.010219544172286987,-0.02485504560172558,0.24324360489845276,0.20249105989933014,-0.0860346842502612,-0.09963652538495152,-0.10853162740776631
22.36352812500263,-0.026543334126472473,0.0799708366394043,-0.034958720207214355,-0.148729145526886,0.19176951050758362,0.20696932077407837,-0.08385071986532015,-0.10072305910138873,-0.10667627154024349
22.37358312500146,-0.024413391947746277,0.06192880868911743,-0.06296193599700928,-0.22666335105895996,0.14230501651763916,0.2215341478586197,-0.08224409886823524,-0.10273786494984474,-0.10477538386737312
22.383639125000627,-0.03928236663341522,0.015892386436462402,-0.05947035551071167,-0.25042209029197693,0.1075088158249855,0.21983571350574493,-0.08116760895999145,-0.10526483420717091,-0.10294252279746294
22.393694124999456,-0.03171490132808685,0.023985683917999268,-0.07248169183731079,-0.16601505875587463,0.08943607658147812,0.21577146649360657,-0.08014882792057888,-0.10754737629717627,-0.10097192304061715
22.403750124998624,-0.017011478543281555,0.0619240403175354,-0.06806021928787231,-0.06176650524139404,0.06877154111862183,0.18622370064258575,-0.07930735880423175,-0.10880478658598855,-0.09910624154305246
22.41380512500473,-0.010448873043060303,0.07048964500427246,-0.05196458101272583,-0.020926661789417267,0.06201909855008125,0.15523195266723633,-0.07886890639688057,-0.10922983999114602,-0.09760871952926517
22.423861125003896,-0.007898867130279541,0.06915605068206787,-0.03363776206970215,-0.019400272518396378,0.06999540328979492,0.11798794567584991,-0.0783358994577196,-0.10946040364987107,-0.09638442271723183
22.433917125003063,-0.009057193994522095,0.058300018310546875,-0.006803244352340698,-0.036826398223638535,0.0792059451341629,0.08546994626522064,-0.07778970136365133,-0.1097506690799617,-0.095526168688315
22.443972125001892,-0.011199697852134705,0.05085998773574829,0.015699267387390137,-0.047093771398067474,0.08734162896871567,0.054035164415836334,-0.07688337947059445,-0.11024206641376592,-0.09487613419869746
22.45402812500106,-0.014640122652053833,0.03918081521987915,0.017177104949951172,-0.07713103294372559,0.08027093857526779,0.02061275765299797,-0.07607494126369636,-0.11086701783165481,-0.09460228121110818
22.46408312499989,-0.015491783618927002,0.047101616859436035,0.002976059913635254,-0.07905090600252151,0.06504218280315399,0.01208457164466381,-0.07548680975584583,-0.11165334490720234,-0.09459660577384672
22.474139124999056,-0.013234764337539673,0.059330880641937256,-0.014493107795715332,-0.040967170149087906,0.04431639984250069,0.009795584715902805,-0.0749599587453273,-0.11223934356537782,-0.0945356569774251
22.48419412500516,-0.00991135835647583,0.044608891010284424,-0.03478837013244629,-0.04370547831058502,0.023935362696647644,-0.00048690696712583303,-0.07470928999761688,-0.11264479828814337,-0.09455031030286636
22.494250125004328,0.0035980790853500366,0.022746503353118896,-0.048081934452056885,-0.05277913436293602,0.004420517012476921,-0.011076967231929302,-0.0746576309988471,-0.11293568397191489,-0.09466770903786993
22.504305125003157,0.013717547059059143,0.020694971084594727,-0.024432003498077393,-0.06178310513496399,-0.00789686944335699,-0.03763928264379501,-0.07494508271062555,-0.11331723005967678,-0.09504604657513917
22.514361125002324,0.012950852513313293,0.03376501798629761,0.0001544952392578125,-0.06887217611074448,-0.008891027420759201,-0.0631832554936409,-0.07532179886269147,-0.1138358903379166,-0.09570734929573238
22.524416125001153,0.012067362666130066,0.03408026695251465,0.0056913793087005615,-0.05334918573498726,-0.0024396530352532864,-0.07183994352817535,-0.07572055355494321,-0.11432957779329031,-0.09656874375611166
22.53447212500032,0.013371691107749939,0.022837400436401367,0.014676809310913086,-0.029355701059103012,0.013033312745392323,-0.08170508593320847,-0.07595123115140735,-0.11464281191763881,-0.0974886201893113
22.54452712499915,0.015233233571052551,0.017336726188659668,0.020152568817138672,0.03311149403452873,0.03086184523999691,-0.07216335833072662,-0.075897656188094,-0.1145083771279374,-0.09830606153252092
22.554583124998317,0.012878447771072388,0.012499988079071045,0.013280004262924194,0.061292000114917755,0.03953549638390541,-0.06914786249399185,-0.07574886684321884,-0.11381899149874944,-0.09904625692773841
22.56463812500442,0.01205955445766449,-0.005316376686096191,0.0024649500846862793,0.040082983672618866,0.03857129439711571,-0.06071759760379791,-0.07557517848872447,-0.1130906744977142,-0.09974873449246764
22.57469412500359,0.015208452939987183,-0.015508651733398438,0.003909468650817871,0.027307268232107162,0.032464399933815,-0.04578765109181404,-0.07559752822331801,-0.11251044640077003,-0.10039536703493418
22.584750125002756,0.014420315623283386,-0.018871605396270752,0.0026337504386901855,0.039088428020477295,0.026255108416080475,-0.03203532472252846,-0.07563542222944292,-0.11201304331817043,-0.1008376568558199
22.594805125001585,0.013651728630065918,-0.023508906364440918,-0.008805036544799805,0.036077991127967834,0.01671806164085865,-0.020091047510504723,-0.07562877144508182,-0.1115018381918568,-0.1010596908652612
22.604861125000753,0.01905408501625061,-0.019664883613586426,-0.028216809034347534,0.014347350224852562,0.018653780221939087,-0.010327926836907864,-0.07559695329222375,-0.1111895792378872,-0.10113915086206497
22.61491612499958,0.02295786142349243,-0.013625502586364746,-0.010115325450897217,0.016516493633389473,0.01094632688909769,-0.013200678862631321,-0.07562579514681457,-0.11103137789850256,-0.10124044331136547
22.62497212499875,0.022576674818992615,-0.011479020118713379,0.005385339260101318,0.045727331191301346,0.009443904273211956,-0.011507361195981503,-0.07577944845915593,-0.11073061742185028,-0.1013478912011912
22.635027125004854,0.014920219779014587,-0.014809012413024902,0.0049964189529418945,0.05972117930650711,0.016316456720232964,-0.001080285874195397,-0.07581165924156831,-0.1102208428051586,-0.10133138946645022
22.64508312500402,0.01437695324420929,-0.018461763858795166,0.001542806625366211,0.07588838040828705,0.021882597357034683,0.011418168433010578,-0.07570551880882286,-0.10960433025570747,-0.10117241092755103
22.65513812500285,0.013868957757949829,-0.020819783210754395,-0.002217531204223633,0.09216402471065521,0.03156638517975807,0.029644310474395752,-0.07555629092069223,-0.10884774999867391,-0.10086928614438383
22.665194125002017,0.009545654058456421,-0.01737666130065918,0.010552436113357544,0.09965137392282486,0.022282736375927925,0.039110809564590454,-0.07534630912200585,-0.10800083485321801,-0.10041101642053774
22.675249125000846,0.005686819553375244,-0.023701727390289307,0.01381075382232666,0.07818096876144409,0.017166271805763245,0.04304110258817673,-0.07522508889353191,-0.1071610335912024,-0.09992212273260638
22.685305125000014,0.009857401251792908,-0.025790512561798096,0.0032930076122283936,0.04465145990252495,0.006985672749578953,0.051527395844459534,-0.07499914072542005,-0.10652565882325923,-0.09926460142943641
22.695360124998842,0.009218528866767883,-0.020386040210723877,0.0028689801692962646,-0.017647068947553635,0.00913963746279478,0.04460557550191879,-0.07490871135095105,-0.10641413533235382,-0.09865982002668694
22.705416125005286,-0.0010972023010253906,-0.015609979629516602,0.005993485450744629,-0.07854495197534561,-0.004601473920047283,0.03340751677751541,-0.07491693101842271,-0.10705410570449914,-0.09825619746991555
22.715471125004115,-0.005765900015830994,0.003148198127746582,-0.003097236156463623,-0.08206512033939362,-0.02164277620613575,0.026379702612757683,-0.07496230374283822,-0.10800918468809573,-0.09792892107441123
22.725527125003282,-0.00810001790523529,0.018589317798614502,-0.010903477668762207,-0.05589290335774422,-0.038518428802490234,0.00420036306604743,-0.07533841097141938,-0.10877468239879545,-0.09782321915704453
22.73558312500245,-0.01441735029220581,0.02578103542327881,-0.01636207103729248,-0.029210690408945084,-0.04397338256239891,-0.004396321251988411,-0.07559963120560267,-0.10930144065100074,-0.09774222050039377
22.74563812500128,-0.0173519104719162,0.027656376361846924,-0.016248881816864014,-0.006410570349544287,-0.05070532113313675,-0.021879972890019417,-0.07605966791619771,-0.1095989988174332,-0.09782484425752255
22.755694125000446,-0.015866383910179138,0.027622461318969727,-0.014454752206802368,0.011429679580032825,-0.05241480469703674,-0.03231503814458847,-0.0766217866999889,-0.10971953554918361,-0.09812573940655192
22.765749124999274,-0.010070562362670898,0.030263125896453857,-0.006882846355438232,0.05215766653418541,-0.05629689246416092,-0.03821074590086937,-0.07721103612007078,-0.10946915587624975,-0.09843828205974657
22.775805124998442,-0.008598953485488892,0.025418639183044434,-0.008244633674621582,0.059470973908901215,-0.05544281750917435,-0.04631607607007027,-0.07796601941668563,-0.10890328778766041,-0.09887215037458591
22.785860125004547,-0.013240709900856018,0.017287075519561768,0.001156628131866455,0.052866335958242416,-0.05352028086781502,-0.054792117327451706,-0.07887272842728053,-0.108287014445004,-0.09951884398494387
22.795916125003714,-0.0213291198015213,0.012333929538726807,-0.001901179552078247,0.030524279922246933,-0.06325120478868484,-0.07261558622121811,-0.07972046889013543,-0.10770380225795614,-0.10025674727471771
22.805971125002543,-0.01528865098953247,0.02711433172225952,-0.02561473846435547,0.028834503144025803,-0.08308003842830658,-0.09656321257352829,-0.08072273240324292,-0.10719250487151064,-0.10121156349454155
22.816028000001097,-0.006530851125717163,0.030158400535583496,-0.038206279277801514,0.016916856169700623,-0.11579830199480057,-0.12607263028621674,-0.08218483259376984,-0.10659811901527162,-0.10252884497195154
22.826082999999926,-0.004760831594467163,0.03445470333099365,-0.03614664077758789,0.005528425332158804,-0.13446959853172302,-0.14208129048347473,-0.08371782587190778,-0.10616768008088867,-0.10399624641760534
22.836138999999093,-0.0072146207094192505,0.02411675453186035,-0.03038114309310913,0.021740151569247246,-0.14783360064029694,-0.14424671232700348,-0.08539955875360977,-0.10570046482143085,-0.1055227309288057
22.846194000005198,-0.005339875817298889,0.026345670223236084,-0.026285171508789062,0.06049065291881561,-0.16296595335006714,-0.14751042425632477,-0.08736365975630922,-0.1049985022066325,-0.10706702309946808
22.856250000004366,0.002852007746696472,0.031488895416259766,-0.04770928621292114,0.09617434442043304,-0.1777811199426651,-0.14954774081707,-0.08935694451304302,-0.10394548719581022,-0.10854486517817954
22.866305000003194,0.010416790843009949,0.02839583158493042,-0.07798749208450317,0.10742349922657013,-0.21205586194992065,-0.1643088012933731,-0.09175723195526568,-0.10267015135118211,-0.11018942706082116
22.876361000002362,0.007937818765640259,0.03628122806549072,-0.09937447309494019,0.12251296639442444,-0.2612244784832001,-0.2015717625617981,-0.09452252306872472,-0.10128090602902036,-0.11206922841492971
22.88641700000153,-0.008480653166770935,0.0499798059463501,-0.11894392967224121,0.0841754749417305,-0.3271205425262451,-0.27774304151535034,-0.09792667413429965,-0.0998804940703072,-0.11447829776816394
22.896472000000358,-0.020514681935310364,0.07057785987854004,-0.11117079854011536,0.054731301963329315,-0.40948250889778137,-0.3666130006313324,-0.10233000642632949,-0.0986866335762504,-0.11785572543594515
22.906527999999525,-0.012834101915359497,0.08624213933944702,-0.1032302975654602,0.03769053518772125,-0.5078093409538269,-0.4319325089454651,-0.10773209854055533,-0.09762777068470682,-0.12200901324399686
22.916582999998354,0.0058002769947052,0.08375930786132812,-0.12294572591781616,0.03894887864589691,-0.5874980688095093,-0.4612981081008911,-0.11411552453730295,-0.09661547200313057,-0.12668724458144798
22.926639000004798,0.026549652218818665,0.0798836350440979,-0.10945743322372437,0.05739743635058403,-0.6275281310081482,-0.4683794379234314,-0.1210466850151298,-0.09548030323575289,-0.13148061121652485
22.936694000003627,0.03729581832885742,0.06151396036148071,-0.0805102288722992,0.07670775055885315,-0.639115035533905,-0.44144344329833984,-0.12812350339016076,-0.09416089635084075,-0.13608646846048972
22.946750000002794,0.04123774170875549,0.03978449106216431,-0.044307827949523926,0.11003423482179642,-0.6188802123069763,-0.4099123179912567,-0.13491005734014674,-0.09265606710740999,-0.140252764231899
22.956805000001623,0.046491920948028564,0.024426043033599854,-0.02875494956970215,0.16759447753429413,-0.5966100692749023,-0.3813914656639099,-0.14145409588556918,-0.09072224151663062,-0.14403191530994117
22.96686100000079,0.04605396091938019,0.02220165729522705,-0.02669316530227661,0.23209033906459808,-0.583531379699707,-0.3924863338470459,-0.14780399320691398,-0.0881634128660617,-0.14764978722024324
22.97691599999962,0.04061037302017212,0.0386233925819397,-0.035092830657958984,0.3192121982574463,-0.5762207508087158,-0.4266895651817322,-0.15421965232229207,-0.0847430223992479,-0.1514336156475309
22.986971999998786,0.026464208960533142,0.05393332242965698,-0.03684711456298828,0.3118840456008911,-0.6035791635513306,-0.4886510372161865,-0.16072402431988433,-0.08069019172997284,-0.15556559432109354
22.99702700000489,0.01803717017173767,0.036589860916137695,-0.026357173919677734,0.11339811980724335,-0.6319673657417297,-0.5742372870445251,-0.16745740886402996,-0.07758663679437984,-0.16054039363578826
23.00708300000406,0.01350712776184082,0.024572789669036865,-0.00754094123840332,-0.15327417850494385,-0.6751224398612976,-0.6409814357757568,-0.17472301476447605,-0.07669031383573235,-0.16676455523450154
23.017138000002888,0.010423198342323303,0.034357666969299316,0.013999700546264648,-0.3136817216873169,-0.7375573515892029,-0.6672031879425049,-0.18245542420192304,-0.07785555091689815,-0.1737420170251885
23.027194000002055,0.02041378617286682,0.05549275875091553,-0.03153866529464722,-0.3553374409675598,-0.8161571025848389,-0.6585781574249268,-0.19089000226793648,-0.07998615786991994,-0.1810018553109318
23.037250000001222,0.049223050475120544,0.07329010963439941,-0.13586202263832092,-0.3147258460521698,-0.878012478351593,-0.6378832459449768,-0.1999967810240221,-0.08202188108117929,-0.18808735039818794
23.04730500000005,0.058354586362838745,0.0559157133102417,-0.13328677415847778,-0.3007165491580963,-0.9476791620254517,-0.6299163103103638,-0.20974591887778277,-0.08373526950074342,-0.19496275750172717
23.05736099999922,0.05080461502075195,0.0014488697052001953,-0.12825614213943481,-0.36032581329345703,-0.9995340704917908,-0.6403425931930542,-0.22019728760974455,-0.08553176994639769,-0.20198306483692485
23.067415999998047,0.0489814430475235,-0.014514029026031494,-0.12475109100341797,-0.4173295497894287,-1.029768943786621,-0.6535835862159729,-0.23115842950877372,-0.08789040519448915,-0.20928018312080693
23.07747200000449,0.05477863550186157,-0.006502628326416016,-0.08088278770446777,-0.38666725158691406,-1.0507642030715942,-0.6843071579933167,-0.2422768344013315,-0.09026543485711022,-0.21678668357968867
23.08752700000332,0.059092581272125244,0.008933722972869873,-0.03998380899429321,-0.27713465690612793,-1.046614170074463,-0.6971491575241089,-0.25355880315766793,-0.09184562812010226,-0.22441018893143205
23.097583000002487,0.06707198917865753,0.022476136684417725,-0.03816324472427368,-0.14384210109710693,-1.0701717138290405,-0.7146109938621521,-0.2648873474248635,-0.09206975585773952,-0.23183779959620554
23.107638000001316,0.08675162494182587,0.04945129156112671,-0.0773041844367981,0.016805004328489304,-1.091657280921936,-0.7269880175590515,-0.2764868720979217,-0.09072060125274588,-0.2390595657336435
23.117694000000483,0.08177141845226288,0.052034735679626465,-0.091280996799469,0.11288280040025711,-1.1431283950805664,-0.7593328952789307,-0.2885093426368847,-0.08786708592197359,-0.24612241776263288
23.127748999999312,0.056073471903800964,0.05034446716308594,-0.08282816410064697,0.07596459239721298,-1.155371904373169,-0.7914982438087463,-0.3007179243357717,-0.0846208880965639,-0.25333393548879696
23.13780499999848,0.026594772934913635,0.027883410453796387,-0.04396611452102661,-0.16071851551532745,-1.1584025621414185,-0.8428370356559753,-0.31295184147557625,-0.08243602865397556,-0.26122088809384014
23.147860000004584,0.002918541431427002,0.007203161716461182,0.01693260669708252,-0.45090946555137634,-1.1314629316329956,-0.8788305521011353,-0.3252083869111522,-0.08262586978717687,-0.27045993449716466
23.157916000003752,0.010552972555160522,0.012484192848205566,0.05486881732940674,-0.6577854156494141,-1.0771245956420898,-0.8867247104644775,-0.33714173575465495,-0.08508457532263923,-0.2807104793366805
23.16797100000258,0.025780797004699707,0.03375929594039917,0.05139052867889404,-0.67087322473526,-0.9985445737838745,-0.8686423301696777,-0.34848267204057937,-0.08853570997219518,-0.29137614241327464
23.178027000001748,0.03372830152511597,-0.0013692975044250488,0.06405889987945557,-0.542506754398346,-0.9556810259819031,-0.8527975678443909,-0.359209345363607,-0.09131997121921115,-0.30167017892942855
23.188083000000915,0.045066624879837036,0.015743017196655273,0.019397497177124023,-0.3510059416294098,-0.9108647704124451,-0.8241841793060303,-0.3696180045149269,-0.09245685743690012,-0.3112706546498701
23.198137999999744,0.07745987176895142,0.043886542320251465,-0.006660282611846924,-0.21536476910114288,-0.8809140920639038,-0.8034602403640747,-0.37950215536084714,-0.09200522359281949,-0.31999006195204666
23.20819399999891,0.09025537967681885,-0.00802004337310791,0.04603707790374756,-0.21789397299289703,-0.8851413726806641,-0.7995765209197998,-0.3893160240251123,-0.09085572770548524,-0.32838345662610074
23.218249000005017,0.08289925754070282,-0.006271243095397949,0.061565399169921875,-0.263274222612381,-0.8886452913284302,-0.7719472646713257,-0.39903086706477453,-0.09005252432305094,-0.3366600969124195
23.228305000004184,0.07412944734096527,0.022137224674224854,0.0647321343421936,-0.3314276933670044,-0.8879377841949463,-0.7616486549377441,-0.4085578730514332,-0.08980587415273741,-0.34482779128933916
23.238360000003013,0.050816506147384644,-0.018170952796936035,0.08352017402648926,-0.4514843225479126,-0.8799126148223877,-0.7617536187171936,-0.41806215334511443,-0.09038809753447437,-0.3533773868791893
23.24841600000218,0.03534048795700073,-0.06923055648803711,0.08810126781463623,-0.5405772924423218,-0.874103844165802,-0.7336245775222778,-0.4275247499572603,-0.09201568878989784,-0.362248608992591
23.25847100000101,0.029634669423103333,-0.07184481620788574,0.06923890113830566,-0.5014157891273499,-0.8665372729301453,-0.7084912657737732,-0.436871605828878,-0.09391252942979728,-0.37098853359285416
23.268527000000176,0.020756796002388,-0.05666297674179077,0.054537951946258545,-0.3780325651168823,-0.8173679709434509,-0.6878645420074463,-0.44609610840707226,-0.09497392060549849,-0.3792785832340811
23.278581999999005,0.02271692454814911,-0.07802426815032959,0.046109020709991455,-0.27451470494270325,-0.7791438698768616,-0.6652750372886658,-0.4548532627000288,-0.09490799932091494,-0.3868125706169048
23.288637999998173,0.024817675352096558,-0.07800865173339844,0.061174988746643066,-0.181195929646492,-0.7425153255462646,-0.6231302618980408,-0.4630525270702759,-0.0941883602519676,-0.3936711612406467
23.298693000004278,0.03845812380313873,-0.04703265428543091,0.02894049882888794,-0.05062113329768181,-0.7099301815032959,-0.5694963335990906,-0.47090425341106246,-0.09258193223284211,-0.3995706448280307
23.308749000003445,0.036044612526893616,-0.06835079193115234,0.03207862377166748,0.07978010922670364,-0.7045593857765198,-0.5215799808502197,-0.4784567595898229,-0.08987951396867128,-0.4043605864428687
23.318804000002274,0.016299501061439514,-0.0826956033706665,0.03192657232284546,0.08235538750886917,-0.6946601867675781,-0.5001806616783142,-0.4858925817877851,-0.08668671299548081,-0.4085127097216688
23.32886000000144,0.00933443009853363,-0.06482404470443726,0.0298616886138916,0.002052200958132744,-0.6791603565216064,-0.4821431040763855,-0.49298958873234655,-0.08406859027107771,-0.41257561046261204
23.33891600000061,0.0049763023853302,-0.0617867112159729,0.06417346000671387,-0.11016595363616943,-0.6857268810272217,-0.4769515097141266,-0.5002668408473635,-0.0823041485591269,-0.4171173138087159
23.348970999999437,-0.014947131276130676,-0.07584744691848755,0.07933366298675537,-0.15333618223667145,-0.6872250437736511,-0.45846375823020935,-0.5075280993116383,-0.08124986622317268,-0.4219043820236682
23.359026999998605,-0.01974785327911377,-0.06974780559539795,0.0368383526802063,-0.11330834776163101,-0.6949402093887329,-0.4416128695011139,-0.5148448290008966,-0.08025729686332665,-0.4265468815180162
23.36908200000471,-0.0030234307050704956,-0.042940378189086914,-0.025995612144470215,-0.07131180912256241,-0.6950308084487915,-0.42386072874069214,-0.521962948300319,-0.07900119363126615,-0.430641372858899
23.379138000003877,0.000876307487487793,-0.027542471885681152,-0.01832026243209839,-0.14485765993595123,-0.6958544850349426,-0.43077829480171204,-0.5292680631142348,-0.07773952619612844,-0.4348405505937665
23.389193000002706,-0.015795573592185974,-0.07093840837478638,0.027248501777648926,-0.3261113464832306,-0.6958895921707153,-0.44153645634651184,-0.5366209495369761,-0.07761537522883434,-0.43980031256084556
23.399249000001873,-0.020373418927192688,-0.05326336622238159,0.04222756624221802,-0.4758494198322296,-0.6898000240325928,-0.44479671120643616,-0.5438275232146753,-0.07897852637310755,-0.4455957647090129
23.409304000000702,-0.003143399953842163,0.00335538387298584,0.04250460863113403,-0.5518090128898621,-0.6659885048866272,-0.4343879222869873,-0.5509223667422081,-0.08131308069568723,-0.45198757746366813
23.41935999999987,0.007428258657455444,-0.006304562091827393,0.05607426166534424,-0.5460208654403687,-0.6359171271324158,-0.4131960868835449,-0.5576712429056206,-0.08406988941332116,-0.45842669252421764
23.4294149999987,0.021745577454566956,-0.03605121374130249,0.013188421726226807,-0.3930724561214447,-0.6115737557411194,-0.38466933369636536,-0.5641493722867723,-0.0862608045676807,-0.4642184303350599
23.439471000005142,0.009921759366989136,-0.0048171281814575195,0.005385398864746094,-0.16031722724437714,-0.5725888013839722,-0.3752366900444031,-0.5703382084100349,-0.08666513252206201,-0.46881207932665114
23.44952600000397,-2.8148293495178223e-05,-0.001962721347808838,0.012900769710540771,0.028899040073156357,-0.5378859043121338,-0.36391720175743103,-0.576088426683173,-0.0852821174097222,-0.4722237068994733
23.459582000003138,0.006554275751113892,0.003641366958618164,0.018276572227478027,0.18421432375907898,-0.4968037009239197,-0.3557839095592499,-0.581450579535481,-0.08242982446812418,-0.4746164257807537
23.469637000001967,-0.0023991912603378296,0.0026412010192871094,0.056008100509643555,0.24800929427146912,-0.46864426136016846,-0.366902232170105,-0.5864210248427401,-0.07860516258487442,-0.4764000821499005
23.479693000001134,-0.02154579758644104,-0.016025125980377197,0.1002892255783081,0.2520354688167572,-0.4399750530719757,-0.36770039796829224,-0.5911326210631976,-0.07444328691596286,-0.4780791096434035
23.489747999999963,-0.01927073299884796,-0.02620530128479004,0.0845898985862732,0.22352857887744904,-0.4099472463130951,-0.3620128631591797,-0.595438354259425,-0.07048472327541647,-0.4797513553163352
23.49980399999913,0.005621373653411865,-0.03283160924911499,0.06686222553253174,0.19732199609279633,-0.38886111974716187,-0.3388281762599945,-0.5995890711469726,-0.06673377218340214,-0.48146638506364065
23.509859999998298,0.011122897267341614,-0.044718265533447266,0.07597213983535767,0.20332415401935577,-0.3532053828239441,-0.30406758189201355,-0.6033933979516001,-0.06329590696584955,-0.4829907711944975
23.519915000004403,-0.004113435745239258,-0.054795920848846436,0.08127278089523315,0.19433093070983887,-0.3248363137245178,-0.2662200629711151,-0.6067469444089333,-0.06011352510213399,-0.4841556206661226
23.52997100000357,-0.019336611032485962,-0.06889861822128296,0.07214385271072388,0.18579483032226562,-0.31194597482681274,-0.2428813874721527,-0.6099840375667727,-0.057113469354714605,-0.48512211874202
23.5400260000024,-0.03658957779407501,-0.0993572473526001,0.07461172342300415,0.15995684266090393,-0.2994515001773834,-0.25178244709968567,-0.6130507021692084,-0.05428154170372249,-0.48606849759546145
23.550082000001566,-0.03662416338920593,-0.04573327302932739,0.061076819896698,0.1012071892619133,-0.3101561963558197,-0.2728798985481262,-0.6161521715240177,-0.05169237962130865,-0.4874292536109284
23.560137000000395,-0.03175760805606842,-0.014949679374694824,0.052602946758270264,0.00570543622598052,-0.31918245553970337,-0.29309701919555664,-0.6194329604156403,-0.049584958069791886,-0.4894169899423054
23.570192999999563,-0.03772220015525818,-0.02346658706665039,0.04463690519332886,-0.13607366383075714,-0.31956979632377625,-0.2920002341270447,-0.622765811827535,-0.04840478410941399,-0.4921968158295396
23.58024799999839,-0.01983979344367981,-0.022333502769470215,0.027075529098510742,-0.26494109630584717,-0.339131236076355,-0.2957020401954651,-0.6261696356763864,-0.04844235696990992,-0.49575468982065185
23.590304000004835,-0.03960631787776947,-0.04956096410751343,0.0203973650932312,-0.3162306547164917,-0.3615657389163971,-0.2968899607658386,-0.6298541610738586,-0.04912819323444438,-0.49989858951929905
23.600359000003664,-0.048552706837654114,-0.04295694828033447,-0.020111501216888428,-0.2799653112888336,-0.3813658058643341,-0.28603866696357727,-0.6336678550329784,-0.04994504574163695,-0.5040147648624316
23.61041500000283,-0.023888438940048218,-0.021507203578948975,-0.058347463607788086,-0.11758999526500702,-0.39320114254951477,-0.2671438455581665,-0.6377976928653698,-0.04990783803234212,-0.5074994133373898
23.62047000000166,-0.01721598207950592,-0.021012425422668457,-0.046322524547576904,-0.03617530316114426,-0.37901580333709717,-0.26578351855278015,-0.6418249280733722,-0.04884987131038251,-0.5100346714674111
23.630526000000827,-0.01652669906616211,-0.03300577402114868,0.020689725875854492,-0.07853278517723083,-0.35638830065727234,-0.25520798563957214,-0.6454407456558676,-0.04783396462911338,-0.5123304048577239
23.640580999999656,0.004010945558547974,-0.01929652690887451,0.07583874464035034,-0.2816861569881439,-0.3422681987285614,-0.2593627870082855,-0.6490491681601713,-0.04769247141319326,-0.5154088603166808
23.650636999998824,-0.0011907368898391724,-0.05763685703277588,0.11600714921951294,-0.4522806406021118,-0.3429965674877167,-0.24418489634990692,-0.6526460336425294,-0.04914886856737974,-0.51963934261648
23.660693000005267,-0.007225900888442993,-0.023801863193511963,0.08289676904678345,-0.5497925281524658,-0.35393550992012024,-0.22339412569999695,-0.6563419622907853,-0.0517716069479121,-0.5245747145365349
23.670748000004096,-0.00031435489654541016,0.0034386515617370605,0.04378587007522583,-0.5990740060806274,-0.3691093921661377,-0.21105308830738068,-0.6600131538613244,-0.05526713347382011,-0.5297756638455638
23.680804000003263,0.009519308805465698,-0.054563701152801514,-0.02359318733215332,-0.5241200923919678,-0.38474321365356445,-0.2002667486667633,-0.6639417610093835,-0.05868729916762277,-0.5348886730322062
23.690859000002092,-0.001976609230041504,0.007312178611755371,-0.04855161905288696,-0.33081960678100586,-0.3827188014984131,-0.18564559519290924,-0.6679748307732666,-0.06091773882304119,-0.5390192336724513
23.70091500000126,0.018620282411575317,-0.0026204586029052734,-0.04548555612564087,-0.2785564064979553,-0.36491185426712036,-0.17997200787067413,-0.6719711798155863,-0.062054228824040485,-0.5422728471474954
23.71097000000009,0.03164573013782501,-0.03136032819747925,0.015580952167510986,-0.4140971302986145,-0.3398130238056183,-0.18326705694198608,-0.6758069917291751,-0.06357240754470274,-0.5459153100336012
23.721025999999256,0.01430581510066986,-0.04076510667800903,0.08830684423446655,-0.5436654686927795,-0.325410932302475,-0.20744802057743073,-0.6795113140801036,-0.06612291485114863,-0.5505785006014262
23.731080999998085,0.00891740620136261,0.004245758056640625,0.04939687252044678,-0.5400257706642151,-0.3183065354824066,-0.18663688004016876,-0.683069640099395,-0.06915099338689817,-0.555585333596576
23.741137000004528,0.026902899146080017,0.04535013437271118,-0.03149139881134033,-0.4668285548686981,-0.31059402227401733,-0.16382478177547455,-0.6864952646892718,-0.07204024938684786,-0.5601363425775471
23.751192000003357,0.0159977525472641,0.014856696128845215,-0.027496635913848877,-0.2644432783126831,-0.29967546463012695,-0.1570766717195511,-0.6897254059918237,-0.07404927547311291,-0.563741442863898
23.761248000002524,-0.00414237380027771,0.012458562850952148,-0.042957961559295654,-0.007130245212465525,-0.28569918870925903,-0.1660965234041214,-0.692864613241557,-0.07406362317088748,-0.5659093072062118
23.771303000001353,0.005573242902755737,0.034539878368377686,-0.07492321729660034,0.16867366433143616,-0.2612973153591156,-0.15931199491024017,-0.6956935859694753,-0.07233016136667972,-0.5666134211763214
23.78135900000052,0.00646616518497467,0.027437210083007812,-0.026833713054656982,0.22597184777259827,-0.23370961844921112,-0.18512070178985596,-0.6981641937892769,-0.06965755002407847,-0.5666306229666184
23.79141399999935,0.002765268087387085,0.036765336990356445,0.010235488414764404,0.2353372573852539,-0.21680055558681488,-0.18317987024784088,-0.7002366902025211,-0.06681452973422058,-0.5664183498503925
23.801469999998517,0.02040696144104004,0.03129798173904419,0.008468389511108398,0.11960266530513763,-0.1957930028438568,-0.18692266941070557,-0.7021656160557564,-0.06434448615296054,-0.5665685627463947
23.81152600000496,0.01284855604171753,0.005308687686920166,0.02302449941635132,0.012271283194422722,-0.18169328570365906,-0.17388811707496643,-0.7041432901859943,-0.06269917636025625,-0.5675646145708794
23.821581166666874,-0.001931309700012207,0.007979035377502441,0.01718050241470337,-0.05831340327858925,-0.18146586418151855,-0.17540931701660156,-0.7060297089001849,-0.06178360306489822,-0.56904582898979
23.83163716666604,-0.009409472346305847,0.0005803704261779785,0.0008191466331481934,-0.06470787525177002,-0.18460746109485626,-0.15910302102565765,-0.7079404795289725,-0.06125807822755352,-0.5707512675576089
23.84169216666487,-0.02032811939716339,-0.003626108169555664,-0.029778480529785156,-0.02192898653447628,-0.20081546902656555,-0.152109295129776,-0.7098672349264332,-0.06066590525232937,-0.5721746809045418
23.851748166671314,-0.012048840522766113,-0.018373548984527588,-0.027852654457092285,0.002733703702688217,-0.2156134396791458,-0.15559326112270355,-0.7119545825574094,-0.05980287280905718,-0.5733731601482761
23.861803166670143,0.006147667765617371,0.005655050277709961,-0.031026721000671387,0.007362544070929289,-0.22379440069198608,-0.13715140521526337,-0.7140931284994936,-0.05891127447101827,-0.5743426412806212
23.87185916666931,0.021842002868652344,-0.0010010600090026855,0.0037481188774108887,-0.057424262166023254,-0.21953682601451874,-0.14084826409816742,-0.71638166500146,-0.058239043889566966,-0.5755706067419429
23.88191416666814,0.01654908061027527,-0.01758110523223877,0.04257708787918091,-0.15637747943401337,-0.2245776504278183,-0.15081940591335297,-0.7187580905501165,-0.05803234516695627,-0.577363342720368
23.891970166667306,0.015079900622367859,-8.100271224975586e-05,0.04934948682785034,-0.24499331414699554,-0.22308668494224548,-0.14656038582324982,-0.7210213420701251,-0.05869631481763742,-0.579778616854187
23.902025166666135,-0.0029911845922470093,-0.01793384552001953,0.03280746936798096,-0.24787352979183197,-0.21187131106853485,-0.14543040096759796,-0.7231398017533621,-0.059848597056463886,-0.5824243794555062
23.912081166665303,-0.01271955668926239,-0.01178807020187378,0.006152331829071045,-0.15987588465213776,-0.19569618999958038,-0.1302749663591385,-0.7251199060818707,-0.06069200930828345,-0.5847322741833052
23.922136166671407,-0.012940272688865662,-0.00753408670425415,-0.012298166751861572,-0.08699343353509903,-0.17602235078811646,-0.12512575089931488,-0.7269510504173534,-0.060884801379790826,-0.5863857474694187
23.932192166670575,-0.016810432076454163,-0.021449804306030273,0.008899807929992676,-0.08289726078510284,-0.15718968212604523,-0.11686598509550095,-0.7285676113324493,-0.060861857534141445,-0.587783897752658
23.942248166669742,-0.00645408034324646,0.004055202007293701,0.034185945987701416,-0.0791241005063057,-0.14220434427261353,-0.09789122641086578,-0.7300498539579174,-0.06086670589504535,-0.5890754990172357
23.95230316666857,-0.0012263655662536621,-0.017383217811584473,0.049906134605407715,-0.06890755146741867,-0.13356837630271912,-0.08805763721466064,-0.7313906721419638,-0.060920636899003434,-0.5901990683929738
23.96235916666774,-0.005649462342262268,-0.02735292911529541,0.051360487937927246,-0.008351792581379414,-0.11722695827484131,-0.08607225120067596,-0.7326202156120339,-0.06070771409132232,-0.5910873063074958
23.972414166666567,-0.006101593375205994,-0.010927021503448486,0.04695934057235718,0.07258149981498718,-0.08843152970075607,-0.08283346891403198,-0.7335977575580686,-0.06005944693014647,-0.5914353200797666
23.982470166665735,-0.009537830948829651,-0.01834636926651001,0.047898292541503906,0.08940654993057251,-0.05724777281284332,-0.08442364633083344,-0.7342254792733239,-0.05898746443928998,-0.591491500262224
23.99252516667184,-0.014012500643730164,-0.018099308013916016,0.05334639549255371,0.08773696422576904,-0.03592211380600929,-0.07041773945093155,-0.7345764501034003,-0.057874867830635585,-0.5914596115667036
24.002581166671007,-0.011693552136421204,-0.016292214393615723,0.045830488204956055,0.11074800789356232,-0.012986170127987862,-0.04814571887254715,-0.7346866232193382,-0.05676711432822557,-0.591207972149538
24.012636166669836,-0.014822959899902344,-0.02667337656021118,0.03150123357772827,0.087936170399189,0.0020979740656912327,-0.032348643988370895,-0.7347036419123999,-0.05574207763282694,-0.5909578956419032
24.022692166669003,-0.008063241839408875,-0.028736352920532227,0.02394026517868042,0.06801225990056992,0.008378507569432259,-0.018208593130111694,-0.7345611903802733,-0.055124641458831926,-0.5906761475915562
24.032747166667832,-0.010297343134880066,-0.03061985969543457,0.02995854616165161,0.06937500089406967,0.029123468324542046,-0.007564470171928406,-0.7345234038519443,-0.054624375112809605,-0.5905606563559348
24.042803166667,0.0002467930316925049,-0.030592143535614014,0.028068363666534424,0.07604781538248062,0.04227814823389053,0.013146933168172836,-0.7343205818911644,-0.05419187699077845,-0.5903842848611894
24.05285816666583,0.00852668285369873,-0.030816733837127686,0.01725858449935913,0.0428142324090004,0.048852160573005676,0.009872576221823692,-0.7338841810113577,-0.053964128107922615,-0.5900661372260578
24.062914166664996,-0.01576387882232666,-0.024220764636993408,0.021235167980194092,-0.04585491493344307,0.028639569878578186,-0.01734226755797863,-0.7335475703704294,-0.054128367659167405,-0.5903883968546485
24.0729691666711,-0.019789382815361023,0.006611049175262451,0.016536056995391846,-0.10876117646694183,-0.013945973478257656,-0.05713484436273575,-0.7335365412429551,-0.05465989120208359,-0.5914716496889713
24.083025166670268,-0.024315237998962402,0.04179316759109497,-0.015614688396453857,-0.18876254558563232,-0.07376164197921753,-0.1114116683602333,-0.7341991734863824,-0.05523816987541132,-0.593336261752379
24.093080166669097,-0.027329206466674805,0.026095986366271973,-0.025599002838134766,-0.24882933497428894,-0.1194942370057106,-0.14123918116092682,-0.7353025263315924,-0.056151086220608507,-0.5959800998531756
24.103136166668264,-0.016834169626235962,0.04021251201629639,-0.025447845458984375,-0.2724776566028595,-0.1357770711183548,-0.1477210521697998,-0.7368262692620368,-0.05713958085736862,-0.5990041094477644
24.11319216666743,-0.002690821886062622,0.01736670732498169,-0.0036670565605163574,-0.24081405997276306,-0.11244471371173859,-0.11099325865507126,-0.7382908104068927,-0.05825680300399605,-0.6019039750444264
24.12324716666626,0.001913994550704956,-0.01880103349685669,0.024294376373291016,-0.16179220378398895,-0.0464441291987896,-0.05257362127304077,-0.7392048519076526,-0.05938980180972899,-0.6040074565756897
24.133303166665428,0.017750054597854614,-0.05437237024307251,0.05317634344100952,0.013021405786275864,0.05017402395606041,0.012411448173224926,-0.7392463110638702,-0.0599282861345325,-0.6047096606744777
24.143358166671533,0.019065722823143005,-0.056172728538513184,0.06594079732894897,0.14638692140579224,0.1499032825231552,0.08781672269105911,-0.7381321101404774,-0.05961966703857318,-0.6038841691254647
24.1534141666707,0.014915183186531067,-0.06467688083648682,0.09675747156143188,0.2721853256225586,0.23511643707752228,0.14116638898849487,-0.7360212696505425,-0.058819077732220976,-0.6016075259148187
24.16346916666953,-0.0013373196125030518,-0.055076420307159424,0.1120864748954773,0.33118417859077454,0.2964743375778198,0.17439758777618408,-0.7330828110225175,-0.05754817193150802,-0.5983141548287928
24.173525166668696,-0.009837508201599121,-0.06968605518341064,0.08047503232955933,0.37416696548461914,0.3393191397190094,0.18588104844093323,-0.7296395229800193,-0.05601737251174807,-0.5945425815021609
24.183580166667525,-0.019744589924812317,-0.05654585361480713,0.07455116510391235,0.33811095356941223,0.3569391369819641,0.18890348076820374,-0.7259724268448736,-0.05445663029266858,-0.5907126920508143
24.193636166666693,-0.015660420060157776,-0.05942094326019287,0.08116263151168823,0.252951443195343,0.357573926448822,0.18397308886051178,-0.7221888849774669,-0.05346910453220804,-0.5873548449937815
24.20369116666552,-0.013899102807044983,-0.05001312494277954,0.06556588411331177,0.1845971643924713,0.34739798307418823,0.19249439239501953,-0.7184728170656537,-0.05312144852802565,-0.5844967099911519
24.213747166671965,-0.010360047221183777,-0.06099879741668701,0.034094154834747314,0.13155999779701233,0.34160199761390686,0.20990261435508728,-0.714868231245807,-0.05328899644466333,-0.5819371836648193
24.223802166670794,-0.01379077136516571,-0.07698148488998413,0.01611185073852539,0.09623502194881439,0.344917893409729,0.24484221637248993,-0.7113127750191632,-0.053887994262049974,-0.5794333965730808
24.23385816666996,-0.011755004525184631,-0.07636725902557373,0.014735639095306396,0.023252205923199654,0.3565419614315033,0.28109535574913025,-0.7076363226274061,-0.05515356791876833,-0.5770141946148272
24.24391316666879,-0.01923111081123352,-0.08842015266418457,0.033630311489105225,-0.07199814915657043,0.3578389286994934,0.3112087845802307,-0.7039469370656051,-0.057255784634048804,-0.574897500219782
24.253969166667957,-0.0162440687417984,-0.08098441362380981,0.045433998107910156,-0.15618057548999786,0.3675096333026886,0.3441286087036133,-0.7001626946045748,-0.06032688124076693,-0.5731032996457401
24.264025166667125,-0.0125332772731781,-0.08202117681503296,0.05390220880508423,-0.1982489377260208,0.3813578188419342,0.3648780882358551,-0.6963915796531676,-0.06393614045231821,-0.5715655802164398
24.274080166665954,0.0055528730154037476,-0.06919151544570923,0.058715999126434326,-0.21672382950782776,0.3912280201911926,0.3810311555862427,-0.6923537375292534,-0.06802679381686272,-0.5699892471423601
24.28413616666512,0.010991811752319336,-0.06013166904449463,0.05968213081359863,-0.18709614872932434,0.4153197705745697,0.4044951796531677,-0.6881456403667987,-0.07219692518340623,-0.5682346097328088
24.294191166671226,0.012230873107910156,-0.04956775903701782,0.04520779848098755,-0.125464528799057,0.44756174087524414,0.4382685720920563,-0.683588825421446,-0.07616394518440665,-0.5658969918988289
24.304247166670393,0.009077683091163635,-0.05239748954772949,0.044183194637298584,-0.08530618250370026,0.48794084787368774,0.46810370683670044,-0.6785340426596073,-0.07997144928404774,-0.5629354091466842
24.314302166669222,-0.004198670387268066,-0.05647587776184082,0.06351971626281738,-0.06755124777555466,0.5166939496994019,0.48268377780914307,-0.6732045925593203,-0.08357260069506885,-0.5596565136759829
24.32435816666839,-0.008730962872505188,-0.07146954536437988,0.08552974462509155,-0.05559445172548294,0.5547364354133606,0.5072932839393616,-0.6675744672598882,-0.08714472077325884,-0.5561794331018015
24.33441316666722,0.0077206045389175415,-0.06933510303497314,0.08471304178237915,-0.018192393705248833,0.6100131869316101,0.5415289998054504,-0.661395583825357,-0.09065931200960445,-0.5522600189357568
24.344469166666386,0.03063264489173889,-0.05570375919342041,0.08962893486022949,0.017832450568675995,0.6522871851921082,0.5666410326957703,-0.654621706238801,-0.09411455244366063,-0.5478141586959853
24.354524166665215,0.039324820041656494,-0.043374598026275635,0.0770978331565857,0.07909953594207764,0.6891956329345703,0.5852745175361633,-0.6473545990628794,-0.09727178392440473,-0.5428796162423248
24.364580166671658,0.032128915190696716,-0.018538594245910645,0.03426849842071533,0.1409410536289215,0.7180696725845337,0.5902852416038513,-0.6397621754096994,-0.09988657236991641,-0.5374437910200666
24.374635166670487,0.017625615000724792,0.015092730522155762,-0.003710448741912842,0.18079665303230286,0.7135871648788452,0.575223982334137,-0.6320654949141529,-0.10198086933684565,-0.5317708669550143
24.384691166669654,0.006784498691558838,0.03504258394241333,-0.00725400447845459,0.18965432047843933,0.7110387682914734,0.5546140670776367,-0.6242737130644506,-0.10382411287448887,-0.5260320277044448
24.394746166668483,0.002200394868850708,0.0373760461807251,-0.0024991631507873535,0.1292395442724228,0.7063185572624207,0.5297814607620239,-0.6164379024902753,-0.10572885316005465,-0.5205337940663749
24.40480216666765,0.01439504325389862,0.04719322919845581,0.007997453212738037,0.017565734684467316,0.6908091306686401,0.5070021152496338,-0.6087716221294089,-0.10822685037732649,-0.5157410964714468
24.414858166666818,0.01746422052383423,0.029156088829040527,0.04100912809371948,-0.052279792726039886,0.677252471446991,0.4813407361507416,-0.601333762881937,-0.11131691209252513,-0.5116917760771271
24.424913166665647,0.024889394640922546,0.011804580688476562,0.019607365131378174,-0.037459034472703934,0.6730401515960693,0.4970312714576721,-0.594077129301599,-0.11456191711176389,-0.5078936649116378
24.434969166664814,0.03047071397304535,0.026741504669189453,-0.03995072841644287,0.04631029814481735,0.6843253970146179,0.5180257558822632,-0.5866629653399055,-0.11746630282591364,-0.5035315300504626
24.44502416667092,0.016090109944343567,0.010098099708557129,-0.04577559232711792,0.14999541640281677,0.6916248202323914,0.5512337684631348,-0.579052860053119,-0.1197127150818847,-0.49841660901211104
24.455080166670086,0.014481499791145325,-0.0005518198013305664,-0.04982781410217285,0.2610732614994049,0.713346004486084,0.5816844701766968,-0.5711317025150333,-0.12117303609493048,-0.4923747352330791
24.465135166668915,0.015128418803215027,0.01801401376724243,-0.051987290382385254,0.2763121426105499,0.7194819450378418,0.5783759951591492,-0.5631283443955978,-0.12197864163728858,-0.4858711486166844
24.475191166668083,0.0028085559606552124,0.019120991230010986,0.002628803253173828,0.1562553495168686,0.7125898003578186,0.5528521537780762,-0.5552543603401205,-0.12309338398204486,-0.47987118763273345
24.48524616666691,-0.013610944151878357,-0.004133403301239014,0.04989117383956909,0.005536414682865143,0.6868791580200195,0.517753005027771,-0.5476175229023673,-0.12524746438032347,-0.4748565071051575
24.49530216666608,-0.004147142171859741,-0.019376933574676514,0.04458051919937134,-0.08298590779304504,0.6695693135261536,0.5070585608482361,-0.5402634396010471,-0.12830919902660273,-0.47064731812566696
24.505357166664908,0.020967334508895874,-0.022112548351287842,0.020983576774597168,-0.08652178198099136,0.6794922947883606,0.5280506610870361,-0.5329107177043225,-0.13176904663226457,-0.4665998485165208
24.51541316667135,0.0321982204914093,-0.05225503444671631,0.02963840961456299,-0.03468633070588112,0.7237935662269592,0.590238630771637,-0.5251992563299389,-0.1351962859731518,-0.4620059783327471
24.52546816667018,0.0456307977437973,-0.09037160873413086,0.04945027828216553,0.07687242329120636,0.814584493637085,0.68244469165802,-0.5165757404586935,-0.13825608353286747,-0.4562498796166786
24.535524166669347,0.04799531400203705,-0.09602713584899902,0.06109517812728882,0.23741571605205536,0.8993823528289795,0.7795990109443665,-0.5069505825658608,-0.14057556537256727,-0.44901065631601417
24.545579166668176,0.031631290912628174,-0.09171909093856812,0.04481607675552368,0.4487990736961365,0.9544024467468262,0.8328962922096252,-0.4962574681490539,-0.14151260176520936,-0.4400921491016425
24.555635166667344,0.016721069812774658,0.01092451810836792,-0.011796355247497559,0.5496015548706055,0.946713387966156,0.804960310459137,-0.48534091346461244,-0.1407956782665586,-0.4302547734513049
24.56569116666651,-0.04891097545623779,-0.02612060308456421,0.04476076364517212,0.4216372072696686,0.8891363739967346,0.6816974878311157,-0.4747525625070344,-0.13991277969275956,-0.42117895376309705
24.57574616666534,-0.0990811437368393,-0.08870631456375122,0.10934042930603027,0.2694745659828186,0.8147521018981934,0.5778286457061768,-0.4652116580533273,-0.13968441894885397,-0.4139441474957987
24.585802166671783,-0.03993503749370575,0.01705789566040039,0.03200656175613403,0.10680151730775833,0.7545702457427979,0.5157684683799744,-0.4564990075512235,-0.14039704202628095,-0.4081108761521604
24.595857166670612,0.00816294550895691,0.013889491558074951,0.013472199440002441,-0.09123176336288452,0.7386139631271362,0.521699070930481,-0.4483676092460532,-0.1426002737016209,-0.40340662480313744
24.60591316666978,0.018926545977592468,-0.04085022211074829,0.05597347021102905,-0.22473177313804626,0.777934730052948,0.5837496519088745,-0.44031268753679437,-0.1463930717317112,-0.39916844028147375
24.61596816666861,0.04647180438041687,-0.0864572525024414,0.07817190885543823,-0.21751242876052856,0.8505291938781738,0.6869025230407715,-0.43148335408158905,-0.15114600105708187,-0.39435212631239214
24.626024166667776,0.07013820111751556,-0.037289202213287354,0.02437567710876465,-0.09893117845058441,0.8919274806976318,0.7618672847747803,-0.42181116764199006,-0.15568453806009336,-0.38832527230657243
24.636079166666605,0.04366326332092285,0.004238903522491455,-0.04308736324310303,0.06757786124944687,0.9007900953292847,0.7682294249534607,-0.4115882223222496,-0.1590047199830214,-0.3811663368323575
24.646135166665772,-0.0034701526165008545,0.035439491271972656,-0.08537685871124268,0.20022991299629211,0.8760330677032471,0.7255368232727051,-0.40145213798938895,-0.16071416340454325,-0.37360497032702944
24.656190166671877,-0.04300077259540558,0.02788466215133667,-0.05698347091674805,0.2287934571504593,0.822403073310852,0.622199296951294,-0.3918828754552116,-0.1611958020949178,-0.36643313700870994
24.666246166671044,-0.054017871618270874,0.01323479413986206,-0.016194045543670654,0.17290116846561432,0.7697327136993408,0.5493554472923279,-0.38308360558550375,-0.16138105151039533,-0.3602537339244922
24.676301166669873,-0.01700359582901001,0.04017609357833862,-0.013679027557373047,-0.00044872931903228164,0.7272735238075256,0.5097633004188538,-0.3747613034811848,-0.1624373263796778,-0.3549629469343748
24.68635716666904,0.02519911527633667,0.03006845712661743,0.020856142044067383,-0.23853106796741486,0.7230385541915894,0.5288432240486145,-0.3666956546857753,-0.16550371766356792,-0.3504834145753917
24.69641216666787,0.03993496298789978,-0.02376943826675415,0.07009416818618774,-0.36233288049697876,0.7622489929199219,0.5987738966941833,-0.3584226631179163,-0.1704829021944219,-0.3461656062136971
24.706468166667037,0.06889861822128296,-0.03845161199569702,0.028497636318206787,-0.31616777181625366,0.7754771709442139,0.6431986093521118,-0.3498077920231227,-0.1759512163486081,-0.34141272925825256
24.716524166666204,0.08652476966381073,0.044751524925231934,-0.0717170238494873,-0.2027273029088974,0.7356333136558533,0.6074268817901611,-0.34135070899989123,-0.1805221755277438,-0.33630186083483943
24.726579166665033,0.03958013653755188,0.0851026177406311,-0.10303187370300293,-0.08405125886201859,0.6685459017753601,0.5140918493270874,-0.33361065613830815,-0.1836748766005831,-0.3314958257924386
24.736635166671476,-0.0033867061138153076,0.11608320474624634,-0.12450748682022095,0.08802112936973572,0.6077988147735596,0.4291386008262634,-0.3264797645784003,-0.18515451933773042,-0.32701696013933057
24.746690166670305,-0.009942442178726196,0.1589064598083496,-0.13019365072250366,0.3060290813446045,0.557632565498352,0.36549490690231323,-0.3199004482629953,-0.18450914087079415,-0.32259267020520493
24.756746166669473,-0.0023206621408462524,0.13273769617080688,-0.10568958520889282,0.5020933151245117,0.5398586392402649,0.34819650650024414,-0.31364975863819494,-0.1817136774553759,-0.31792844140953963
24.7668011666683,0.010429635643959045,0.09610521793365479,-0.05975097417831421,0.6729718446731567,0.5407838225364685,0.3518274426460266,-0.3075402875187637,-0.1770325940199771,-0.3128404141015877
24.77685716666747,0.027997955679893494,0.07425194978713989,-0.004995524883270264,0.7532966732978821,0.5647706389427185,0.36223044991493225,-0.3013072291048637,-0.17102023445511524,-0.30732940319067575
24.786912166666298,0.04895263910293579,0.04501157999038696,0.05023103952407837,0.744560718536377,0.6133347153663635,0.38409554958343506,-0.2947093252779473,-0.16474982352016587,-0.30161890109589834
24.796968166665465,0.054098471999168396,0.021559059619903564,0.08057600259780884,0.6497893929481506,0.682329535484314,0.40699538588523865,-0.2874649968587354,-0.15906167845115077,-0.2958476378424598
24.80702316667157,0.05568888783454895,0.025537967681884766,0.08977311849594116,0.550998866558075,0.7250623106956482,0.4314267039299011,-0.2795327109785994,-0.15443478989850506,-0.29004928349999926
24.817078375002893,0.04898923635482788,0.00795966386795044,0.08596080541610718,0.48069697618484497,0.775755763053894,0.4380989968776703,-0.27105498701815944,-0.15068511074434238,-0.2843385143181411
24.827133375001722,0.020491600036621094,-0.01388561725616455,0.07437074184417725,0.40013423562049866,0.8454621434211731,0.4401533603668213,-0.2622162209414489,-0.1474610452479147,-0.27890269717509875
24.83718937500089,0.003987744450569153,-0.04615747928619385,0.09769022464752197,0.19808536767959595,0.8929492235183716,0.42277759313583374,-0.2528476570504149,-0.14556257377006807,-0.27395159829507315
24.84724437499972,-0.003538087010383606,-0.09348392486572266,0.11079227924346924,0.005352656356990337,0.9115362167358398,0.4567829668521881,-0.24324986781348373,-0.14567758939366396,-0.26949048214714244
24.857300374998886,0.011020645499229431,-0.0901300311088562,0.08978056907653809,-0.07308116555213928,0.915640115737915,0.5052900314331055,-0.23344558514746053,-0.14718869980760382,-0.2648610989135505
24.867356374998053,0.034169286489486694,-0.08571618795394897,-0.0017364025115966797,-0.07302417606115341,0.863495945930481,0.5186715722084045,-0.22386164293543745,-0.1490353151406345,-0.26000214455691584
24.877411375004158,0.05253203213214874,-0.008279621601104736,-0.10261231660842896,-0.05181729048490524,0.747033417224884,0.4555714726448059,-0.215357204505602,-0.15068513564920966,-0.25545551344320694
24.887467375003325,0.03817114233970642,0.05231368541717529,-0.15662050247192383,-0.011414472945034504,0.6064409017562866,0.3639102578163147,-0.20832704952381906,-0.1517063893922931,-0.251631190594155
24.897522375002154,0.0017431378364562988,0.05937802791595459,-0.16805899143218994,-0.0062379976734519005,0.4866659939289093,0.2811009883880615,-0.20257326834088693,-0.15235808394552855,-0.24858318654283676
24.90757837500132,-0.005707293748855591,0.06168162822723389,-0.17923784255981445,-0.026680421084165573,0.38408929109573364,0.22870570421218872,-0.19792630008246428,-0.1529589938741145,-0.2461579323444799
24.91763337500015,0.013658583164215088,0.07205110788345337,-0.17351049184799194,-0.03863086923956871,0.3213448226451874,0.21063025295734406,-0.1941722906526435,-0.153661746235521,-0.24409103706141577
24.927689374999318,0.012697070837020874,0.04783552885055542,-0.12100565433502197,-0.03205925226211548,0.3070169985294342,0.20214968919754028,-0.19066944343117806,-0.1544332407291788,-0.24206860170819164
24.937744374998147,-0.0117882639169693,-0.003787517547607422,-0.04434859752655029,-0.11714640259742737,0.3129991292953491,0.2014423906803131,-0.18720557161034718,-0.1555172295758976,-0.24016773560675525
24.94780037500459,0.0006369948387145996,-0.012669742107391357,-0.03671836853027344,-0.1569603979587555,0.31475335359573364,0.24637550115585327,-0.18383549182935643,-0.1572905754193211,-0.2382654780244726
24.95785537500342,0.05371984839439392,-0.0002573728561401367,-0.08309400081634521,-0.07695939391851425,0.2896735668182373,0.2930762469768524,-0.18053233269203586,-0.15895454067172937,-0.23584638378227976
24.967911375002586,0.07346081733703613,0.008129417896270752,-0.0978819727897644,-0.005186670459806919,0.26719674468040466,0.29416894912719727,-0.17751206620663126,-0.15982728165659033,-0.23309980895546145
24.977966375001415,0.08142051100730896,0.03584301471710205,-0.10844564437866211,0.13105815649032593,0.23569928109645844,0.29702797532081604,-0.17484596153497464,-0.15960032572012878,-0.23021986790232737
24.988022375000583,0.08416903018951416,0.048166751861572266,-0.11983215808868408,0.2920971214771271,0.20911000669002533,0.273459792137146,-0.17245778511423138,-0.1578832900913741,-0.22716657017790728
24.99807837499975,0.07525515556335449,0.07661688327789307,-0.10196542739868164,0.5019057989120483,0.19047600030899048,0.27833470702171326,-0.17028367658631088,-0.1543641853904144,-0.22393227313055455
25.00813337499858,0.05871240794658661,0.08105254173278809,-0.05622243881225586,0.7396329045295715,0.2293861210346222,0.2782318890094757,-0.16801984984651985,-0.14848984777708701,-0.22025976653997123
25.018189375005022,0.017973199486732483,0.06701916456222534,0.053488969802856445,0.7826625108718872,0.25725436210632324,0.23015035688877106,-0.16515766503485704,-0.1411737441066123,-0.2164771067176749
25.02824437500385,-0.021060094237327576,0.07486271858215332,0.13694584369659424,0.6621952056884766,0.3128206729888916,0.2333967387676239,-0.16209493966065558,-0.13421704918866634,-0.21313953429621985
25.03830037500302,-0.020453542470932007,0.03177320957183838,0.11995398998260498,0.4165976345539093,0.3279465138912201,0.24765092134475708,-0.1586023701783224,-0.12906909978971035,-0.20991578494074203
25.048355375001847,-0.00331135094165802,-0.038833677768707275,0.08229625225067139,0.07931094616651535,0.2690781354904175,0.245136097073555,-0.1552985127504697,-0.12697891968065336,-0.2071244237348724
25.058411375001015,0.0243186354637146,-0.05839890241622925,0.003695249557495117,-0.11847896128892899,0.19096429646015167,0.2666100561618805,-0.15297574823035576,-0.12759955049142113,-0.20476927947802673
25.068466374999844,0.02690492570400238,-0.03603488206863403,-0.07228457927703857,-0.16300168633460999,0.11969996988773346,0.2627047896385193,-0.15116351974021058,-0.12950530442110653,-0.20234810383399293
25.07852237499901,0.0050394535064697266,-0.011265099048614502,-0.09074831008911133,-0.13716338574886322,0.08237136900424957,0.2505432367324829,-0.15004717930038095,-0.1313462613134529,-0.2000803922248375
25.088577375005116,-0.017843902111053467,0.0014917254447937012,-0.06242227554321289,-0.0946769192814827,0.07158876210451126,0.24193215370178223,-0.14929375874739947,-0.1327769812410678,-0.19794991156461816
25.098633375004283,-0.030638709664344788,-0.016262352466583252,-0.017293810844421387,-0.08570099622011185,0.07901418954133987,0.23946398496627808,-0.1485385564402903,-0.13388683593610093,-0.1958112220703148
25.108688375003112,-0.02808384597301483,-0.045240938663482666,0.01834648847579956,-0.0892520546913147,0.1113676056265831,0.2563503086566925,-0.1476563131202088,-0.13497050673825428,-0.19366498441939192
25.11874437500228,-0.018878981471061707,-0.05699723958969116,0.0461423397064209,-0.06992065906524658,0.13832026720046997,0.28209856152534485,-0.1463538106558453,-0.1361274130243109,-0.19121590667704197
25.12879937500111,-0.012671276926994324,-0.04951196908950806,0.03841054439544678,0.0141838314011693,0.19316060841083527,0.27928704023361206,-0.14459537991354107,-0.13670733468436103,-0.18857559557348572
25.138855375000276,-0.018513083457946777,-0.030644714832305908,0.03691232204437256,-0.00822471547871828,0.19028812646865845,0.241718590259552,-0.1423707475984793,-0.13693229007234342,-0.18595654842153578
25.148911374999443,-0.025453850626945496,-0.03696417808532715,0.02589094638824463,-0.08292079716920853,0.16313906013965607,0.19287648797035217,-0.14036877581248056,-0.13771654027413732,-0.18390282333353483
25.158966374998272,-0.02745826542377472,-0.005475521087646484,-0.018237531185150146,-0.06077256798744202,0.1277817338705063,0.1779392659664154,-0.13878094118531795,-0.13870805617534127,-0.18222463073157003
25.169022375004715,-0.03277029097080231,0.05439478158950806,-0.03689056634902954,-0.0017001930391415954,0.09820146858692169,0.14473576843738556,-0.13768312537084915,-0.13914265828138556,-0.1807576385931078
25.179077375003544,-0.03900898993015289,0.06675910949707031,-0.0383610725402832,-0.004229796584695578,0.07948996126651764,0.10354101657867432,-0.13692816917455608,-0.13920322009865532,-0.17966669811369348
25.18913337500271,-0.035398006439208984,0.03093850612640381,-0.02148061990737915,-0.07079817354679108,0.05953969433903694,0.09210966527462006,-0.1363043493441035,-0.13961246136795502,-0.17885892080955806
25.19918837500154,-0.024356171488761902,0.013473331928253174,0.008026719093322754,-0.12263832986354828,0.05005364865064621,0.10868344455957413,-0.13577871109922546,-0.14068512075480566,-0.17807086233468264
25.209244375000708,-0.01342456042766571,0.017992854118347168,0.007603049278259277,-0.1385650932788849,0.058626364916563034,0.130820170044899,-0.1352213934858012,-0.14210675719165386,-0.17711525011130533
25.219299374999537,-0.002451300621032715,-0.010138154029846191,0.0016623139381408691,-0.196798175573349,0.05675455927848816,0.12596195936203003,-0.13467738428306436,-0.14395636550329627,-0.17619829967804718
25.229355374998704,0.011729925870895386,-0.010676681995391846,-7.611513137817383e-05,-0.20721113681793213,0.05899667367339134,0.13650913536548615,-0.1340121407263008,-0.1462727797945487,-0.17530683086295537
25.23941037500481,0.02629031240940094,-0.0022091269493103027,-0.002750873565673828,-0.1746496856212616,0.04802804812788963,0.1259651780128479,-0.13330072079527083,-0.14830445815352694,-0.17429678490773298
25.249466375003976,0.02053643763065338,0.019008219242095947,0.004008233547210693,-0.12226185202598572,0.06740280985832214,0.11712481081485748,-0.13245081479340148,-0.14977438722216355,-0.17328428730880036
25.259521375002805,0.0318111777305603,0.025624454021453857,0.0006220340728759766,-0.11639885604381561,0.08058905601501465,0.11383987963199615,-0.1314737553506761,-0.1509214433752532,-0.1722769430198031
25.269577375001973,0.04196228086948395,0.02825373411178589,0.02099764347076416,-0.11832698434591293,0.05753060430288315,0.12739136815071106,-0.1305944843645823,-0.1521798094921211,-0.171327224642596
25.2796323750008,0.043896690011024475,0.019070327281951904,0.01657480001449585,-0.06684963405132294,0.06628534942865372,0.145636186003685,-0.1298585372259503,-0.15317578466416332,-0.17021357264039255
25.28968837499997,0.036920055747032166,-0.011490464210510254,0.004873991012573242,-0.049687426537275314,0.07600987702608109,0.15928728878498077,-0.12908613656404722,-0.15382858507444233,-0.16886601573451057
25.299744374999136,0.03989829123020172,-0.01725071668624878,-0.005128800868988037,-0.03779956325888634,0.06948153674602509,0.16996952891349792,-0.12819196212887277,-0.15446669755141634,-0.16733336406773816
25.30979937500524,0.030629277229309082,-0.0023646950721740723,-0.020504295825958252,-0.022577201947569847,0.06322044879198074,0.16880331933498383,-0.1274595485520174,-0.1549357871231178,-0.1657609246956828
25.31985537500441,0.010426193475723267,-0.0015818476676940918,-0.030619025230407715,-0.01332045253366232,0.056762684136629105,0.15831086039543152,-0.1265801378745793,-0.15529170323797395,-0.16402965397174843
25.329910375003237,-0.012059733271598816,-0.0029184818267822266,-0.013701021671295166,-0.019158899784088135,0.04504743963479996,0.13071945309638977,-0.12581757933526289,-0.15562298689352785,-0.1625070237336562
25.339966375002405,-0.023745983839035034,0.009423136711120605,-0.004733443260192871,-0.034043263643980026,0.03219914808869362,0.11133464425802231,-0.12529669532679252,-0.1560030984384016,-0.1611943710691039
25.350021375001234,-0.02934621274471283,0.02137434482574463,-0.011901378631591797,-0.03852243348956108,0.018393058329820633,0.09472690522670746,-0.12500689775370594,-0.15652163543849087,-0.16004593908651757
25.3600773750004,-0.028184711933135986,0.020176410675048828,-0.019693195819854736,-0.04702754691243172,0.005841180216521025,0.09265398234128952,-0.12489666520085314,-0.15709633425166986,-0.15897611491990654
25.37013237499923,-0.021075040102005005,0.017875194549560547,-0.030531704425811768,-0.05668443441390991,-0.0019554905593395233,0.07894056290388107,-0.12498693554370777,-0.15772491804994102,-0.1581278875028279
25.380188374998397,-0.01776564121246338,0.017039775848388672,-0.02665179967880249,-0.06399467587471008,-0.015296196565032005,0.06079695746302605,-0.1251456632756638,-0.15844563563040448,-0.15739742817765948
25.390243375004502,-0.01850108802318573,0.031401753425598145,-0.02131718397140503,-0.03831515088677406,-0.029682325199246407,0.04914163425564766,-0.12545967017437484,-0.15893936623808486,-0.15684882659734467
25.40029937500367,-0.021372690796852112,0.05336254835128784,-0.03208601474761963,0.022700000554323196,-0.033051759004592896,0.03245096281170845,-0.1257755279008932,-0.1589070805021475,-0.15646210588596215
25.4103543750025,-0.023460417985916138,0.04705190658569336,-0.03162407875061035,0.04593048617243767,-0.03760816156864166,-0.005150475073605776,-0.1261502660878013,-0.15844136188476762,-0.15642318189500845
25.420410375001666,-0.020607009530067444,0.0358160138130188,-0.01830345392227173,0.017860857769846916,-0.03368106111884117,-0.03757627308368683,-0.1266041886499516,-0.15798248046644914,-0.15678544669552852
25.430465375000495,-0.01907433569431305,0.034358441829681396,0.002346813678741455,-0.005319828167557716,-0.02405133843421936,-0.06419377028942108,-0.12701234902370187,-0.15768518202277854,-0.15747156375360857
25.440521374999662,-0.018053114414215088,0.031253814697265625,0.02680104970932007,-0.0075715756975114346,-0.015548530966043472,-0.09423883259296417,-0.12733819221004392,-0.15739168818538424,-0.15849398448338772
25.45057737499883,-0.006022796034812927,0.04586440324783325,0.015230953693389893,0.02138364315032959,-0.02070281282067299,-0.0995720848441124,-0.12747423762878302,-0.15701607808707618,-0.15949078344677492
25.460632375004934,0.01035529375076294,0.04065966606140137,-0.013378500938415527,0.046973470598459244,-0.023897673934698105,-0.10324050486087799,-0.12777152103341294,-0.15637185385918534,-0.16047995849917476
25.4706883750041,0.010689303278923035,0.024367988109588623,-0.01955336332321167,0.038137633353471756,-0.024902749806642532,-0.10856496542692184,-0.12810141104361591,-0.1556931950793658,-0.16149299791259145
25.48074337500293,0.005314365029335022,0.007812857627868652,-0.004648685455322266,0.05124402418732643,-0.040867336094379425,-0.10716035962104797,-0.12867538592760885,-0.1548991918832932,-0.16257957460958103
25.490799375002098,-0.003501579165458679,0.001991748809814453,0.0009329915046691895,0.08077795058488846,-0.042246054857969284,-0.10448601096868515,-0.1292118823746594,-0.1539726376840999,-0.16358545135535732
25.500854375000927,0.00234811007976532,0.004919528961181641,-0.021173179149627686,0.10568418353796005,-0.061939068138599396,-0.0968993604183197,-0.12990538490739711,-0.15274287127000438,-0.1645273710517751
25.510910375000094,0.009035512804985046,0.0050408244132995605,-0.05299502611160278,0.08610542118549347,-0.072652168571949,-0.09344390779733658,-0.13078518877314582,-0.15153727297882075,-0.16542281220921198
25.520965374998923,0.0108262300491333,-0.004719376564025879,-0.05527639389038086,0.05577690154314041,-0.1004643589258194,-0.12028510868549347,-0.1318630776566726,-0.15071269994245795,-0.16644469919010627
25.53102137499809,0.013158813118934631,-0.00746309757232666,-0.038781583309173584,0.02183251827955246,-0.13565802574157715,-0.14928479492664337,-0.13332590857845178,-0.15010352265267096,-0.1677398667030215
25.541076375004195,0.016231730580329895,0.031458377838134766,-0.054770052433013916,0.01361933071166277,-0.14371782541275024,-0.1490149199962616,-0.1349470848304798,-0.14960943358833334,-0.1690807993217835
25.551132375003363,0.016803398728370667,0.026376187801361084,-0.0316120982170105,-0.01128388848155737,-0.1617809683084488,-0.17532801628112793,-0.13679294941741912,-0.14924601879947613,-0.17063787839241285
25.56118737500219,0.018487215042114258,-0.0021829605102539062,-0.009221494197845459,-0.06386232376098633,-0.19099585711956024,-0.19484908878803253,-0.1390144463251562,-0.14931998769008656,-0.17260454354158505
25.57124337500136,0.03494301438331604,0.01845449209213257,-0.03154557943344116,-0.08112999051809311,-0.2104068249464035,-0.18985407054424286,-0.14142477087313385,-0.1497615442715157,-0.17469963146045114
25.581298375000188,0.046984314918518066,0.03660029172897339,-0.048772335052490234,-0.10138408839702606,-0.23913581669330597,-0.1944710612297058,-0.14384570075003553,-0.1503173384884706,-0.17667901748566023
25.591354374999355,0.049668118357658386,0.010227739810943604,-0.05001342296600342,-0.08666746318340302,-0.253989040851593,-0.18157576024532318,-0.14661021568810836,-0.15071491335071244,-0.1786152820088323
25.601410374998522,0.046535223722457886,0.005908548831939697,-0.0491793155670166,-0.005422360263764858,-0.26373931765556335,-0.17032451927661896,-0.14951333086411578,-0.15066409736285089,-0.18034906172408705
25.611465375004627,0.045326948165893555,0.024557411670684814,-0.0461464524269104,0.1255180835723877,-0.27261456847190857,-0.17491288483142853,-0.15236846183074138,-0.1495513435960845,-0.18178970469302275
25.621521375003795,0.0364605188369751,0.022836685180664062,-0.018445491790771484,0.16307255625724792,-0.2718963027000427,-0.19896340370178223,-0.1552817362728495,-0.1473111624084034,-0.1831871048538703
25.631576375002624,0.027547165751457214,0.015452682971954346,0.010481595993041992,0.17782087624073029,-0.28215691447257996,-0.2123260796070099,-0.15825793748566555,-0.14504065072969252,-0.18476202142833842
25.64163237500179,0.03073248267173767,0.024881601333618164,0.00641322135925293,0.21425113081932068,-0.2895700931549072,-0.2117786407470703,-0.16170095257861955,-0.14261490041881605,-0.18660962889882696
25.65168737500062,0.037088543176651,0.02590334415435791,-0.010698378086090088,0.2282593697309494,-0.3083834648132324,-0.2072850912809372,-0.16500180701660258,-0.14004176123313847,-0.18835541693324953
25.661743374999787,0.041320011019706726,-0.0018380284309387207,-0.01958364248275757,0.18277013301849365,-0.3291197717189789,-0.20758962631225586,-0.16850860691174133,-0.137608620314996,-0.19010694547785653
25.671798374998616,0.04166118800640106,-0.013410687446594238,-0.02851414680480957,0.10059724003076553,-0.3594960570335388,-0.2080751210451126,-0.17220778116487562,-0.13589075533796674,-0.19192034181638212
25.68185437500506,0.03356336057186127,0.0039446353912353516,-0.049549400806427,0.07951796799898148,-0.41793298721313477,-0.2432960569858551,-0.17643478183667893,-0.13462434409774499,-0.19402235524575806
25.69190937500389,0.01738685369491577,0.04963195323944092,-0.08838135004043579,0.047483332455158234,-0.47204869985580444,-0.30635279417037964,-0.1811293841197721,-0.1335377992312215,-0.19657485017468196
25.701965375003056,-0.005991384387016296,0.07635682821273804,-0.09893858432769775,-0.03479906916618347,-0.5584537982940674,-0.3903743326663971,-0.18667536237018473,-0.13285238406168726,-0.19995935261919925
25.712020375001885,-0.02712129056453705,0.05767399072647095,-0.08621484041213989,-0.08013805001974106,-0.6516428589820862,-0.4850217401981354,-0.19319594079316027,-0.13267089846675967,-0.20433920396992278
25.722076375001052,-0.03362904489040375,0.07168209552764893,-0.10676121711730957,-0.07881166785955429,-0.7645700573921204,-0.5802176594734192,-0.20102417074714668,-0.13246262367399986,-0.20979802836334946
25.73213237500022,-0.014859050512313843,0.13286280632019043,-0.17684894800186157,0.0008727755630388856,-0.834896445274353,-0.6097468137741089,-0.20965568174097352,-0.1317735538202707,-0.2157064135010387
25.742187374999048,-9.579956531524658e-05,0.14513540267944336,-0.1674489974975586,0.06265220791101456,-0.8763782382011414,-0.6109064817428589,-0.21909173421592415,-0.13006666177973114,-0.22168671261075804
25.752243374998216,0.0028548389673233032,0.06416195631027222,-0.09971094131469727,0.07501646876335144,-0.8823516964912415,-0.5909782648086548,-0.22872532386719788,-0.12803407254956384,-0.22750924725708846
25.76229837500432,0.01353098452091217,-0.00786513090133667,-0.07366746664047241,0.07664863020181656,-0.8692965507507324,-0.537124752998352,-0.23803926428786645,-0.1261321553640724,-0.23283726105298663
25.772354375003488,0.028599515557289124,-0.0027704238891601562,-0.05113232135772705,0.18550027906894684,-0.8302426338195801,-0.4878283143043518,-0.24692973710640212,-0.12375913016345301,-0.23741958783221528
25.782409375002317,0.03582601249217987,0.014814257621765137,-0.022131145000457764,0.30485689640045166,-0.7814890742301941,-0.46042218804359436,-0.25533026207401055,-0.12026501482367807,-0.2413448783138293
25.792465375001484,0.03849545121192932,0.011579930782318115,0.02149122953414917,0.33592212200164795,-0.7318562865257263,-0.45762720704078674,-0.26321785746318943,-0.11597842461943875,-0.2448876687078311
25.802520375000313,0.03746572136878967,-0.022378385066986084,0.09139662981033325,0.3088653087615967,-0.702957272529602,-0.47575077414512634,-0.27065960331495187,-0.11164006699714742,-0.24848258336484433
25.81257637499948,0.03677043318748474,-0.017726242542266846,0.12651079893112183,0.30548176169395447,-0.6944234371185303,-0.4884130358695984,-0.27793336989339956,-0.10747178139337364,-0.2522784739263024
25.822631250004633,0.04388159513473511,0.044500887393951416,0.08767014741897583,0.3543007969856262,-0.7112753987312317,-0.4847604036331177,-0.2854190506674995,-0.10296371037406579,-0.2560808948991819
25.8326872500038,0.04865676164627075,0.05043458938598633,0.019469261169433594,0.30943718552589417,-0.7312717437744141,-0.4879434108734131,-0.29288555432369406,-0.09832624644724205,-0.2597317338618693
25.84274225000263,0.054254546761512756,-0.03907501697540283,-0.013116180896759033,0.14168711006641388,-0.760972261428833,-0.4925198554992676,-0.3008986297089168,-0.09462137801081687,-0.26383526743657126
25.852798250001797,0.06171742081642151,-0.09596484899520874,-0.003152906894683838,-0.041337039321660995,-0.7862656116485596,-0.47551584243774414,-0.309261758223614,-0.09263538985017736,-0.2684295160936677
25.862853250000626,0.05665682256221771,-0.0937458872795105,0.031016170978546143,-0.15099123120307922,-0.7959340810775757,-0.45548027753829956,-0.31772167586527433,-0.0921360175134976,-0.2732570999051416
25.872909249999793,0.04065850377082825,-0.0734860897064209,0.041357994079589844,-0.12556283175945282,-0.7643758654594421,-0.41539597511291504,-0.3259654221205483,-0.092191535743326,-0.2778569959109681
25.88296524999896,0.04283320903778076,-0.056391000747680664,0.022388994693756104,0.0023687616921961308,-0.751831591129303,-0.39055609703063965,-0.3337833774645815,-0.09162722806967906,-0.28184289996182565
25.893020250005065,0.05510631203651428,-0.03987467288970947,0.003383040428161621,0.23231087625026703,-0.7371016144752502,-0.3614967465400696,-0.34137630387506246,-0.08937329828646326,-0.2849213551807537
25.903076250004233,0.045942649245262146,0.00983208417892456,0.01788496971130371,0.4555892050266266,-0.7147688269615173,-0.3395812511444092,-0.34895531284218445,-0.0849111756651294,-0.2871030373196849
25.91313125000306,0.016030117869377136,0.028317928314208984,0.018961668014526367,0.5472474694252014,-0.6960771679878235,-0.33273613452911377,-0.35610861753422196,-0.07890060916141467,-0.28844611857331975
25.92318725000223,-0.006877467036247253,-0.014873981475830078,0.01119619607925415,0.43181565403938293,-0.6989947557449341,-0.3313736617565155,-0.36318117460369526,-0.07303646198090075,-0.28978313342624906
25.933242250001058,0.0029257088899612427,-0.023055553436279297,-0.021138668060302734,0.25536656379699707,-0.7045176029205322,-0.33478784561157227,-0.37021963702313426,-0.06868651686496643,-0.2915935884537373
25.943298250000225,0.01589246094226837,0.0016094446182250977,-0.023525893688201904,0.08034501224756241,-0.7444984316825867,-0.3619527220726013,-0.377634751412087,-0.06589243640840306,-0.29419191858861427
25.953353249999054,0.0025587230920791626,-0.0019698143005371094,-0.0035547614097595215,-0.04505898430943489,-0.7744052410125732,-0.390747606754303,-0.38548182405363207,-0.06439869913778339,-0.2976366672274102
25.96340924999822,-0.008134424686431885,-0.004495739936828613,-0.01468193531036377,-0.1348167359828949,-0.7991995215415955,-0.4230727553367615,-0.39355076190334654,-0.06377211056287815,-0.3017106783176844
25.973464250004326,-0.012031853199005127,0.013312697410583496,-0.014959990978240967,-0.16020385921001434,-0.8253338932991028,-0.4508335590362549,-0.401970867552862,-0.0635161098622566,-0.30635394431029195
25.983520250003494,-0.025564193725585938,0.02703273296356201,-0.007759451866149902,-0.09011124074459076,-0.8364118933677673,-0.4707019329071045,-0.4106893699659343,-0.06283924372870905,-0.3111481599299307
25.993575250002323,-0.03756292164325714,0.026856720447540283,-0.008057475090026855,-0.021843764930963516,-0.8309862017631531,-0.4913683235645294,-0.4194644642049581,-0.061343492680324595,-0.31585129995465977
26.00363125000149,-0.02265806496143341,0.028576970100402832,-0.007466137409210205,-0.03760111331939697,-0.83311527967453,-0.5085722208023071,-0.42814512760065215,-0.059538131095586595,-0.3205560725921848
26.01368625000032,0.010926485061645508,0.04792606830596924,-0.018923819065093994,-0.0902041345834732,-0.8400599956512451,-0.503418505191803,-0.43684354263705627,-0.058016646067012775,-0.32546225402545587
26.023742249999486,0.025368690490722656,0.03786897659301758,-0.004348933696746826,-0.14783525466918945,-0.8441310524940491,-0.49581700563430786,-0.4455643546267284,-0.05692888201855319,-0.3304798605472532
26.033798249998654,0.007757753133773804,-0.0005075931549072266,0.011478543281555176,-0.20968183875083923,-0.8299638628959656,-0.4954715967178345,-0.4540970681592362,-0.05652435341486329,-0.3357068151174249
26.04385325000476,0.004270613193511963,0.0085296630859375,0.006229996681213379,-0.17011100053787231,-0.7975398302078247,-0.4955030381679535,-0.4624418543803596,-0.0561873457449938,-0.3409711719092105
26.053909250003926,0.004757121205329895,0.03703862428665161,0.01180797815322876,-0.0537569597363472,-0.7769567966461182,-0.5149819254875183,-0.4706479335888799,-0.05496592008542838,-0.34604315456440815
26.063964250002755,0.00427265465259552,0.03043431043624878,0.0074340105056762695,0.08792635798454285,-0.7690998315811157,-0.5364101529121399,-0.4787112880180234,-0.05240774162193846,-0.35069042828083824
26.074020250001922,0.012120306491851807,0.05630755424499512,-0.016183137893676758,0.2800646424293518,-0.7576519846916199,-0.5388247966766357,-0.4866383992022066,-0.048212696587530426,-0.3546381956937178
26.08407525000075,0.024577394127845764,0.07299679517745972,-0.023664474487304688,0.3165659010410309,-0.7509076595306396,-0.5750856995582581,-0.4943084593033067,-0.042882946964540244,-0.3580697443837651
26.09413124999992,0.026922792196273804,0.045124948024749756,0.018676817417144775,0.24146181344985962,-0.7544168829917908,-0.5772918462753296,-0.5020330154632646,-0.03761504867555309,-0.36180625423834795
26.104186249998747,0.018411189317703247,0.02785015106201172,0.025354087352752686,0.1795661449432373,-0.7456225752830505,-0.5747924447059631,-0.5097800006738488,-0.032960707100011984,-0.3658841291171258
26.11424225000519,0.01653824746608734,0.009654581546783447,0.01291722059249878,0.13149981200695038,-0.743725597858429,-0.5760891437530518,-0.5174975807738915,-0.02869783533737215,-0.37019702612646876
26.12429725000402,0.01349891722202301,-0.011251568794250488,0.03153383731842041,0.1073867455124855,-0.7390011548995972,-0.5752984285354614,-0.5251041621544101,-0.024840278045614776,-0.37469431421532673
26.134353250003187,0.013901859521865845,-0.01579207181930542,0.03783911466598511,0.1575591117143631,-0.7085044980049133,-0.5660037398338318,-0.5325371890571914,-0.020795095249429813,-0.37899813523783443
26.144408250002016,0.022176504135131836,0.0009773969650268555,0.03516077995300293,0.22527484595775604,-0.6846370100975037,-0.5560481548309326,-0.5394124296825082,-0.016385686559119417,-0.38278820082201964
26.154464250001183,0.03265473246574402,-0.009958803653717041,0.047580182552337646,0.26718610525131226,-0.665258526802063,-0.5414913296699524,-0.5460147056837271,-0.011503489846379784,-0.3861080025780595
26.164519250000012,0.035410553216934204,-0.016108691692352295,0.03439229726791382,0.2790425717830658,-0.65360027551651,-0.5304803252220154,-0.5524654848698954,-0.006454953364829525,-0.38919000443037527
26.17457524999918,0.04626992344856262,-0.00944453477859497,0.004602968692779541,0.27837759256362915,-0.6509613394737244,-0.5190156698226929,-0.5587560731223369,-0.001472671983674056,-0.39205781277740226
26.184631249998347,0.04510436952114105,-0.010036468505859375,0.003516077995300293,0.2418099343776703,-0.6532895565032959,-0.5210182666778564,-0.5650115979851589,0.0033861890780876136,-0.3949548295409372
26.19468625000445,0.026007860898971558,-0.01566612720489502,-0.0019445419311523438,0.19604112207889557,-0.6541780233383179,-0.5125337243080139,-0.5714431778406406,0.007947213041051004,-0.39812227179171994
26.20474225000362,0.009495288133621216,-0.027047693729400635,-0.005482733249664307,0.21092791855335236,-0.6639912128448486,-0.510647714138031,-0.5780696266661772,0.012428207084035688,-0.4013415280655341
26.214797250002448,-0.00345824658870697,-0.03014129400253296,0.009104907512664795,0.21182674169540405,-0.6728821992874146,-0.5276740789413452,-0.5848859855378241,0.017154589807714147,-0.4045288641990158
26.224853250001615,-0.004726305603981018,-0.03448975086212158,0.00716012716293335,0.13134990632534027,-0.6896137595176697,-0.5545159578323364,-0.5917397288862634,0.0216877881847325,-0.4081207451637131
26.234908250000444,0.008284315466880798,-0.014065563678741455,0.0009568333625793457,0.021283596754074097,-0.6975417137145996,-0.5558792352676392,-0.5986385722141343,0.025447191715539174,-0.41230933032107636
26.24496424999961,0.015172868967056274,-0.011348068714141846,0.028358101844787598,-0.06696432828903198,-0.6921488046646118,-0.5420973896980286,-0.6054982819364078,0.02836743310710852,-0.41696135446961136
26.25501924999844,-0.0024460405111312866,-0.0456160306930542,0.05727952718734741,-0.2159668505191803,-0.6881775259971619,-0.5302056074142456,-0.6121983267889699,0.030208360496569147,-0.42215323185068265
26.265075250004884,-0.010441318154335022,-0.08621811866760254,0.1007317304611206,-0.32678812742233276,-0.6894301176071167,-0.5165225267410278,-0.6187365967377007,0.03085543109400977,-0.4279210964643701
26.275130250003713,-0.02471078932285309,-0.11574280261993408,0.14002782106399536,-0.40998369455337524,-0.6618506908416748,-0.4973227381706238,-0.625232951393005,0.030681180246082667,-0.4342237974096383
26.28518625000288,-0.021486416459083557,-0.11261773109436035,0.14221996068954468,-0.39099445939064026,-0.6232346296310425,-0.46430322527885437,-0.6313988288375174,0.030192193340495117,-0.4404348623314285
26.29524125000171,-0.014843553304672241,-0.12123841047286987,0.1460169553756714,-0.37083378434181213,-0.5792953968048096,-0.42658835649490356,-0.6370499994105202,0.029635675512959078,-0.4462536293805029
26.305297250000876,-0.008938565850257874,-0.12860053777694702,0.14017468690872192,-0.30661049485206604,-0.5195698738098145,-0.3596948981285095,-0.6423151508277242,0.029153542017496734,-0.45146317958931925
26.315352249999705,-0.007533326745033264,-0.1369091272354126,0.12988632917404175,-0.26674988865852356,-0.4518720507621765,-0.3037101924419403,-0.6469389450124772,0.02882288123317292,-0.4557027503070474
26.325408249998873,-0.0020380914211273193,-0.11116063594818115,0.1161656379699707,-0.37164053320884705,-0.3949775993824005,-0.2708057761192322,-0.6510058953320468,0.028005857096892354,-0.45987150215870787
26.33546424999804,-0.01002572476863861,-0.09376680850982666,0.1423487663269043,-0.5368145704269409,-0.3533009886741638,-0.2419632077217102,-0.6546172851378186,0.02588543235221831,-0.4646857668672634
26.345519250004145,-0.035019099712371826,-0.08119958639144897,0.17542338371276855,-0.6491186022758484,-0.31922268867492676,-0.2315853387117386,-0.6576845656606813,0.02243292643145294,-0.47013690259203783
26.355575250003312,-0.034559473395347595,-0.07417255640029907,0.10784822702407837,-0.7177879810333252,-0.2792917490005493,-0.22421637177467346,-0.6604599520371686,0.01829276821755088,-0.4761737279874172
26.36563025000214,-0.0032819509506225586,-0.02959275245666504,0.06073009967803955,-0.6968635320663452,-0.2567693889141083,-0.22539152204990387,-0.6629745776699497,0.013897388764454215,-0.48234126899462276
26.37568625000131,-0.028330832719802856,-0.049258410930633545,0.07803899049758911,-0.5789310336112976,-0.24326078593730927,-0.24742038547992706,-0.6654422475713619,0.01029953889231436,-0.48819172769098207
26.385741250000137,-0.03660404682159424,0.001486361026763916,0.03461790084838867,-0.45549672842025757,-0.21869684755802155,-0.24266691505908966,-0.6676380629681731,0.007673488027738377,-0.4933229430143602
26.395797249999305,0.004937157034873962,0.039794743061065674,-0.009448647499084473,-0.36681798100471497,-0.21192336082458496,-0.24243095517158508,-0.6695384522168936,0.005786962611783223,-0.49765823705343026
26.405852249998134,0.01131950318813324,0.0031144022941589355,0.008629679679870605,-0.30480214953422546,-0.19543054699897766,-0.24104945361614227,-0.6714242734240324,0.004544653761334165,-0.50164016007551
26.415908250004577,0.007221624255180359,0.05201458930969238,-0.001292586326599121,-0.36375972628593445,-0.18381543457508087,-0.24566550552845,-0.673255248634974,0.0034934385702559737,-0.50554310737336
26.425963250003406,0.026420310139656067,0.058277249336242676,-0.0025007128715515137,-0.5107042789459229,-0.19117827713489532,-0.22977106273174286,-0.6748868174459238,0.00141070765576944,-0.510050549255719
26.436019250002573,0.019406959414482117,0.0043296217918396,0.001169443130493164,-0.6362653970718384,-0.19805189967155457,-0.19993753731250763,-0.6765904222269408,-0.002007060639910835,-0.5152869623874525
26.446074250001402,0.01084926724433899,0.00023609399795532227,-0.02724224328994751,-0.6125153303146362,-0.21659629046916962,-0.1703462451696396,-0.6785162190043142,-0.005937821928500437,-0.5206410599630994
26.45613025000057,0.022186115384101868,0.010288774967193604,-0.08358830213546753,-0.4897816777229309,-0.24125529825687408,-0.15898360311985016,-0.6806463005925597,-0.009413895314428718,-0.5252942047308535
26.4661852499994,0.03834126889705658,0.05294698476791382,-0.12394958734512329,-0.3381156325340271,-0.2721266448497772,-0.1567094773054123,-0.6830824651048886,-0.011826665995430953,-0.5290567139781474
26.476241249998566,0.0372997522354126,0.05774003267288208,-0.11858588457107544,-0.1536847949028015,-0.29970768094062805,-0.1734522432088852,-0.6857588726066003,-0.012936666674324315,-0.5318265723029463
26.48629725000501,0.017913952469825745,0.029272615909576416,-0.11611288785934448,0.04585316404700279,-0.3207983076572418,-0.1813899427652359,-0.6887220663142202,-0.0123564805323163,-0.5334070587621982
26.496352250003838,0.014724329113960266,0.023777246475219727,-0.09976702928543091,0.06807085871696472,-0.3317979574203491,-0.21593061089515686,-0.6919065198857245,-0.01065818163205091,-0.5344537262502701
26.506408250003005,0.005106985569000244,0.005306422710418701,0.0065274834632873535,-0.025635085999965668,-0.33938997983932495,-0.24351151287555695,-0.695360147769465,-0.00898990385674914,-0.5361228827898594
26.516463250001834,0.010584026575088501,-0.005097925662994385,0.05815762281417847,-0.1554141342639923,-0.32156676054000854,-0.22164909541606903,-0.6986288300940586,-0.008297022464647773,-0.5385131590580676
26.526519250001,0.04900653660297394,-0.002451002597808838,0.040566861629486084,-0.2326480895280838,-0.3060932755470276,-0.16896116733551025,-0.7018177043055621,-0.008563161064541934,-0.5413100077259583
26.53657424999983,0.03751787543296814,-0.05194920301437378,0.04926067590713501,-0.18457910418510437,-0.2743944525718689,-0.12409248948097229,-0.7047035838957286,-0.009340815561711863,-0.5438541947704748
26.546630249998998,0.017830505967140198,-0.06981527805328369,0.007504880428314209,0.10173068195581436,-0.23735655844211578,-0.07377659529447556,-0.7072761340767246,-0.009155620580146542,-0.5449556306257174
26.556685250005103,0.008840605616569519,0.0013839006423950195,-0.03846007585525513,0.41826921701431274,-0.21115371584892273,-0.061856549233198166,-0.7093264447307196,-0.006894868971101076,-0.5436309697945478
26.56674125000427,-0.014998793601989746,-0.013192236423492432,-0.016516387462615967,0.5676364302635193,-0.17856767773628235,-0.07772534340620041,-0.7111676514152603,-0.00268625058410917,-0.5408079886871723
26.5767962500031,-0.025136098265647888,-0.009001731872558594,0.019953548908233643,0.48768916726112366,-0.15145829319953918,-0.11236002296209335,-0.7126560339676059,0.001903849260713851,-0.537890894695361
26.586852250002266,-0.011182576417922974,0.004580140113830566,0.08968693017959595,0.16191639006137848,-0.15362291038036346,-0.150804340839386,-0.7140669707874101,0.005229127596814322,-0.5366600390824735
26.596907250001095,-0.012216523289680481,-0.003011941909790039,0.1206585168838501,-0.17194227874279022,-0.1665315181016922,-0.1539364904165268,-0.7156108379261984,0.006086248464818375,-0.5378875900449551
26.606963250000263,-0.013132378458976746,-0.01480710506439209,0.1009569764137268,-0.4122669994831085,-0.17353616654872894,-0.1654123067855835,-0.717213212076454,0.004795143401264097,-0.5409838013817956
26.61701924999943,-0.025812804698944092,-0.048312485218048096,0.098804771900177,-0.5495058298110962,-0.19211223721504211,-0.18149061501026154,-0.7189509483901632,0.002151537717722954,-0.5454994424554949
26.62707424999826,-0.04019543528556824,-0.029775798320770264,0.07047730684280396,-0.5172709226608276,-0.19509577751159668,-0.17996062338352203,-0.7207817147221359,-0.0008602105517637475,-0.550371484097177
26.637130250004702,-0.047041699290275574,-0.050145506858825684,0.03382474184036255,-0.3333987891674042,-0.18464075028896332,-0.15934723615646362,-0.7225289252978453,-0.0031782875332853028,-0.5544686118239845
26.64718525000353,-0.04905538260936737,-0.054351806640625,0.008141279220581055,-0.07033611088991165,-0.15520110726356506,-0.13466621935367584,-0.7241461887552987,-0.0038218855435014384,-0.5568330256852269
26.6572412500027,-0.03287386894226074,-0.05049717426300049,0.019612491130828857,-0.018258264288306236,-0.10918807238340378,-0.129534050822258,-0.7254160621088717,-0.0032330626658959834,-0.5579625754274374
26.667296250001527,-0.012437388300895691,-0.07009470462799072,0.07957834005355835,-0.12067624926567078,-0.06475775688886642,-0.11206179857254028,-0.7262391012931544,-0.0029485561940693745,-0.5592939167401662
26.677352250000695,0.006804659962654114,-0.03943973779678345,0.07929807901382446,-0.22383351624011993,-0.04107959195971489,-0.0778292566537857,-0.7267014610006755,-0.0036758367766009316,-0.5611299924062072
26.687407249999524,0.008801937103271484,-0.015181958675384521,0.022507965564727783,-0.23898473381996155,-0.03766874969005585,-0.03737512230873108,-0.726994869472247,-0.0052018616107466446,-0.5630935630263744
26.69746324999869,-0.014113694429397583,-0.02240699529647827,-0.009024381637573242,-0.12929020822048187,-0.047697681933641434,-0.026321671903133392,-0.7271914116976667,-0.006683999535702296,-0.5645379575078258
26.707518250004796,-0.01986236870288849,0.0020540356636047363,-0.06424635648727417,0.06758411228656769,-0.05749957635998726,-0.04100370779633522,-0.7277874891867863,-0.006626943464370789,-0.5649782847355527
26.717574250003963,-0.025314241647720337,0.05318117141723633,-0.05918407440185547,0.2068684995174408,-0.06704194843769073,-0.07631482928991318,-0.7284135871372444,-0.005209164422445083,-0.5644633883644327
26.727629250002792,-0.032349929213523865,0.04793524742126465,-0.022130310535430908,0.21381376683712006,-0.06695885956287384,-0.12265201658010483,-0.7290171251361808,-0.002988614899391897,-0.5637206897232179
26.73768525000196,-0.017899051308631897,0.05421417951583862,0.00673145055770874,0.12587006390094757,-0.05736348778009415,-0.13546261191368103,-0.7295425829308352,-0.0009244831925842094,-0.5634452703251485
26.74774025000079,0.015657737851142883,0.055678606033325195,0.028615832328796387,-0.05477282032370567,-0.043905336409807205,-0.13522781431674957,-0.7298704685122833,0.00011299354499135465,-0.5640998094675698
26.757796249999956,0.010922640562057495,0.001697242259979248,0.06238299608230591,-0.21538352966308594,-0.04550589621067047,-0.1344565600156784,-0.7302594064852674,-5.219671228998875e-05,-0.5660088152586339
26.767852249999123,0.020199492573738098,-0.0106925368309021,0.04229515790939331,-0.2660257816314697,-0.04850834608078003,-0.11054324358701706,-0.73061381420135,-0.0012065176743118512,-0.5685431365559607
26.777907250005228,0.03397572040557861,0.013729989528656006,-0.019000589847564697,-0.20769508183002472,-0.05300615727901459,-0.08462029695510864,-0.7310543387562438,-0.002424578546988975,-0.570868687685497
26.787963250004395,0.028890475630760193,0.015655219554901123,-0.04794245958328247,-0.03128959983587265,-0.05325942113995552,-0.050490979105234146,-0.7314083237346066,-0.002988883760197792,-0.5721268016998101
26.798018250003224,0.030348598957061768,0.01832824945449829,-0.07138913869857788,0.20167946815490723,-0.03586525097489357,-0.026588043197989464,-0.7316819973311881,-0.002100784654249503,-0.571692834858989
26.80807425000239,0.03092236816883087,0.03608059883117676,-0.05352383852005005,0.3708586096763611,-0.00593678280711174,-0.01459787879139185,-0.7318922716840561,0.0002986712231114498,-0.5698507074165116
26.818128625003737,0.025946199893951416,0.027396559715270996,-0.009324729442596436,0.3728911280632019,0.033627405762672424,-0.013039929792284966,-0.7317209416081691,0.00325158930298249,-0.5673195830558128
26.828184625002905,0.007552087306976318,-0.014921188354492188,0.07296174764633179,0.19130784273147583,0.051200274378061295,-0.03522970899939537,-0.7313044355870946,0.005577143877381927,-0.5654921555184297
26.838239625001734,-0.012496531009674072,-0.055330634117126465,0.13231414556503296,-0.06858818978071213,0.03564128652215004,-0.060471147298812866,-0.7307558407111212,0.006197532048084897,-0.5654874860170335
26.8482956250009,-0.010424628853797913,-0.05767899751663208,0.09840911626815796,-0.2126873880624771,0.012121313251554966,-0.0704973116517067,-0.7304451640299634,0.005444876783310827,-0.5669525100342305
26.85835062499973,-0.011312752962112427,-0.04163450002670288,0.043780505657196045,-0.268746942281723,-0.014642923139035702,-0.08818869292736053,-0.7303948663181392,0.004092666925534818,-0.5691381011799532
26.868406624998897,-0.019277989864349365,-0.020520389080047607,-0.002921164035797119,-0.2484188973903656,-0.02661076933145523,-0.09219783544540405,-0.7305782687395332,0.00271215304830851,-0.5715315356389189
26.878461625005002,-0.025495633482933044,0.0014984607696533203,-0.0354694128036499,-0.12186042964458466,-0.023086074739694595,-0.08320700377225876,-0.7308494798482363,0.0019185889189166833,-0.5734087173786947
26.88851762500417,-0.02404932677745819,-0.000702202320098877,-0.06231647729873657,0.027954548597335815,-0.012719987891614437,-0.07576634734869003,-0.7309384350390319,0.0020673775191570186,-0.5741893974661265
26.898572625003,-0.015981316566467285,0.010116279125213623,-0.05286818742752075,0.09531121701002121,-0.001373589620925486,-0.07174044847488403,-0.7309247135350052,0.002979606660154565,-0.5742109407771485
26.908628625002166,-0.013986602425575256,0.028318464756011963,-0.004853725433349609,0.13521264493465424,0.010947790928184986,-0.06187407672405243,-0.7308423230496927,0.004216820733266493,-0.5739388514032027
26.918684625001333,0.004361405968666077,0.007608890533447266,0.019102394580841064,0.10685531049966812,0.03176278993487358,-0.053795378655195236,-0.7306531163170352,0.005452943915858596,-0.573611139503066
26.928739625000162,0.014423415064811707,-0.01028907299041748,0.03755241632461548,0.02400081977248192,0.051179368048906326,-0.04503847658634186,-0.7301778638832599,0.006166241943264575,-0.5735671524662531
26.93879562499933,0.013723745942115784,0.006350874900817871,0.04459303617477417,-0.07111504673957825,0.04663681238889694,-0.04781641811132431,-0.7296330385541493,0.006182089645456791,-0.57411477823859
26.94885062499816,-0.004509910941123962,0.006943464279174805,0.017977118492126465,-0.11382335424423218,0.02256236970424652,-0.07391507178544998,-0.7292157955475226,0.005845647505056546,-0.5751950500263037
26.9589066250046,-0.0027063339948654175,0.022372126579284668,-0.022100389003753662,-0.12896183133125305,-0.017921939492225647,-0.1027669608592987,-0.7290251193914596,0.005430943386277832,-0.5766361885195093
26.96896162500343,0.01777462661266327,0.03814023733139038,-0.05785733461380005,-0.08797862380743027,-0.04720499366521835,-0.11294178664684296,-0.7291730377295462,0.005239867885487193,-0.57813278738684
26.979017625002598,0.028751134872436523,0.05792570114135742,-0.09762239456176758,0.015946712344884872,-0.07300756126642227,-0.10409795492887497,-0.7297577514543311,0.005727624463992308,-0.5791719911668275
26.989072625001427,0.01842591166496277,0.015141904354095459,-0.09950357675552368,0.11944287270307541,-0.10156743973493576,-0.09593822062015533,-0.7305412963763397,0.006841193371100127,-0.5794056776698286
26.999128625000594,0.020260319113731384,-0.012827396392822266,-0.06850522756576538,0.17516207695007324,-0.11222274601459503,-0.08845394104719162,-0.7315100615657746,0.008463996940438269,-0.5790008265456924
27.009183624999423,0.022428616881370544,-0.024327874183654785,-0.012948036193847656,0.12073486298322678,-0.1153721958398819,-0.09404407441616058,-0.7324283904674499,0.00997163968664028,-0.5785107553607705
27.01923962499859,0.010713070631027222,-0.0531235933303833,0.06074148416519165,-0.00413170363754034,-0.10505857318639755,-0.10139519721269608,-0.7334306520316922,0.010932929298593987,-0.5787713721897609
27.029294625004695,0.009845718741416931,-0.05337017774581909,0.10087841749191284,-0.17759256064891815,-0.10201125591993332,-0.1227203831076622,-0.7344735183317214,0.011017319379160536,-0.5802073368782711
27.039350625003863,-0.0014517754316329956,-0.07423824071884155,0.13196849822998047,-0.3499222695827484,-0.09680450707674026,-0.14770296216011047,-0.7352843195234522,0.009818386096115787,-0.5829220298379355
27.04940562500269,0.012483060359954834,-0.045111894607543945,0.08939850330352783,-0.45203089714050293,-0.0959288626909256,-0.1510477364063263,-0.7360146444305979,0.0076336866630008805,-0.5866667304101589
27.05946162500186,0.01615138351917267,-0.00396353006362915,0.028385818004608154,-0.46756404638290405,-0.10618069767951965,-0.15559987723827362,-0.7368016260034216,0.005066053433799641,-0.5907869421211828
27.069517625001026,0.01115436851978302,-0.016021668910980225,-0.006733119487762451,-0.342427521944046,-0.11198611557483673,-0.13641467690467834,-0.7377694372872419,0.0029278977489032264,-0.5945843097716811
27.079572624999855,0.01326434314250946,-0.007391214370727539,-0.07447594404220581,-0.10828717797994614,-0.1061151772737503,-0.1099092960357666,-0.738785066804265,0.002000206473769209,-0.5969862306795165
27.089628624999023,0.012327820062637329,-0.0014018416404724121,-0.08123779296875,0.06965286284685135,-0.09956340491771698,-0.11649409681558609,-0.7396381645859045,0.0024969944785826616,-0.5977389280011869
27.099683625005127,0.004727169871330261,0.014311611652374268,-0.034643590450286865,0.13324540853500366,-0.08801726996898651,-0.11262878775596619,-0.7404094559821143,0.003893662860794567,-0.5978046387588614
27.109739625004295,0.0019618719816207886,0.048661768436431885,0.00948268175125122,0.044879116117954254,-0.08373929560184479,-0.14056281745433807,-0.7412525462464961,0.0054751163530511494,-0.5980283198647574
27.119794625003124,0.008836865425109863,0.010906994342803955,0.03732115030288696,-0.12139774113893509,-0.08679314702749252,-0.14383424818515778,-0.7420770316620033,0.006089075445448086,-0.5993825767816998
27.12985062500229,-0.00187605619430542,0.04554647207260132,0.02759772539138794,-0.23617209494113922,-0.1034216657280922,-0.12517747282981873,-0.7429083279638411,0.005528801615374443,-0.6015781698671421
27.13990562500112,0.008573248982429504,0.03956198692321777,-0.02698725461959839,-0.36429277062416077,-0.11864668875932693,-0.10009714961051941,-0.7440131206916841,0.004060259997800545,-0.6044449674641614
27.149961625000287,0.00351811945438385,0.03662139177322388,-0.056147754192352295,-0.44173291325569153,-0.14692160487174988,-0.08114100992679596,-0.7452550517565583,0.0015261903432677525,-0.6078566852012478
27.160016624999116,-0.013919413089752197,0.014825582504272461,-0.05646771192550659,-0.36272838711738586,-0.17677031457424164,-0.0709376409649849,-0.7469308832504525,-0.000959253738359181,-0.6112349616403968
27.170072624998284,-0.014406874775886536,-0.02585446834564209,-0.07329064607620239,-0.1673043817281723,-0.19070664048194885,-0.050758495926856995,-0.7488075839137023,-0.0025380784685184216,-0.6135741951875064
27.18012762500439,-0.008405417203903198,-0.030837595462799072,-0.06938052177429199,0.12542308866977692,-0.1753138303756714,-0.032834090292453766,-0.7506255978196489,-0.0024433510790236607,-0.6139957870570514
27.190183625003556,0.008771896362304688,-0.03142571449279785,-0.021754086017608643,0.3790932893753052,-0.11294978111982346,-0.004096448887139559,-0.7520542907845315,-0.0004983223934367014,-0.6123501302138007
27.200239625002723,0.01911802589893341,-0.0372127890586853,0.05351930856704712,0.4595785439014435,-0.04184551537036896,0.0020738288294523954,-0.7529087562872392,0.0027225483995946594,-0.6094112473844142
27.210294625001552,0.029119014739990234,-0.07276737689971924,0.14379721879959106,0.3540240526199341,0.02805340848863125,0.02490904927253723,-0.7529141595805886,0.00559048248424596,-0.606455013288515
27.22035062500072,0.029823079705238342,-0.049296021461486816,0.18066728115081787,0.14492276310920715,0.08606451749801636,0.05235612392425537,-0.7522514230814192,0.0070768755092918915,-0.6044249509364958
27.23040562499955,0.015314802527427673,-0.07037818431854248,0.1592397689819336,0.02293551154434681,0.12927377223968506,0.09896942973136902,-0.7510209189117866,0.006948243228101577,-0.6032741879937793
27.240461624998716,-0.005208417773246765,-0.07271379232406616,0.09534221887588501,0.001920773764140904,0.15489976108074188,0.1381908655166626,-0.749598379290902,0.0061803466891335165,-0.602341871326818
27.25051662500482,-0.021456554532051086,-0.08726173639297485,0.06552684307098389,0.03509066626429558,0.18678219616413116,0.16284365952014923,-0.7479569203660288,0.005296002097005079,-0.6011411643028113
27.260572625003988,-0.01878643035888672,-0.042115867137908936,0.04436349868774414,0.07100126147270203,0.21256612241268158,0.19058553874492645,-0.7459211213240682,0.004439824978021379,-0.5994453118659978
27.270627625002817,-0.01642361283302307,-0.045308828353881836,0.04137486219406128,0.10543646663427353,0.22914935648441315,0.2005590796470642,-0.7435924207693586,0.003645405974032973,-0.5973673586869478
27.280683625001984,-0.011344432830810547,-0.032257139682769775,0.042877137660980225,0.10917128622531891,0.24343882501125336,0.20762790739536285,-0.741183646516333,0.003017937748842567,-0.5950742873887748
27.290738625000813,-0.005137652158737183,-0.026404619216918945,0.05693763494491577,0.04826781153678894,0.25846758484840393,0.20940366387367249,-0.7386256580093097,0.0021486905703990383,-0.5929380247983241
27.30079462499998,-0.012130066752433777,-0.03398430347442627,0.08403652906417847,-0.009885773994028568,0.2709439694881439,0.22377142310142517,-0.7359072125491005,0.0007314252152536613,-0.5911920071297061
27.31084962499881,-0.015832334756851196,-0.03637129068374634,0.07545411586761475,-0.020585911348462105,0.29896280169487,0.24248619377613068,-0.7331217657996545,-0.0009116812060142148,-0.5895903642825773
27.320905625005253,-0.019094273447990417,-0.03896409273147583,0.0664166808128357,-0.02439849264919758,0.32843440771102905,0.2576371729373932,-0.7299216027935951,-0.0028066164725840757,-0.5878275298347395
27.33096062500408,-0.02960456907749176,-0.039721667766571045,0.06875836849212646,-0.03168463334441185,0.36424222588539124,0.28046783804893494,-0.7264372957641613,-0.004842944484730354,-0.5860074369193223
27.34101662500325,-0.031210854649543762,-0.04741191864013672,0.07228624820709229,-0.029624680057168007,0.40453609824180603,0.3141062259674072,-0.7225397072941957,-0.007102005134347952,-0.5839677276636256
27.351071625002078,-0.020857229828834534,-0.06757354736328125,0.08077698945999146,-0.038874946534633636,0.4507138431072235,0.35600873827934265,-0.718326456837576,-0.00949406676093427,-0.581708131252175
27.361127625001245,-0.0010811984539031982,-0.08209925889968872,0.08937937021255493,-0.055716510862112045,0.48838984966278076,0.39710450172424316,-0.7136165640129682,-0.012299145741687332,-0.579153120843831
27.371183625000413,0.008939296007156372,-0.10205948352813721,0.11055165529251099,-0.05932869017124176,0.5224667191505432,0.4292507469654083,-0.7085617545188957,-0.015419128511658263,-0.5764161323671599
27.38123862499924,0.014156907796859741,-0.10142272710800171,0.09476727247238159,-0.012587284669280052,0.5591089129447937,0.4507634937763214,-0.7031733271066959,-0.018504663586287984,-0.5733500587544936
27.39129462499841,0.00938783586025238,-0.06985807418823242,0.06558597087860107,0.054833076894283295,0.5817390084266663,0.4642874300479889,-0.6975075302086489,-0.021209963801175298,-0.5697587718328159
27.401349625004514,-0.007098540663719177,-0.07201766967773438,0.06919652223587036,0.0884735956788063,0.6012892723083496,0.46284908056259155,-0.6916110637461741,-0.02351740772957559,-0.5657750756782407
27.41140562500368,-0.019259080290794373,-0.07631826400756836,0.07647651433944702,0.10697915405035019,0.6004925966262817,0.46864888072013855,-0.6854877476857506,-0.02572836880574122,-0.5615631908955763
27.42146062500251,-0.02030058205127716,-0.06857740879058838,0.07671946287155151,0.07319802045822144,0.6114088892936707,0.4932689964771271,-0.6792503625911019,-0.028061467827807694,-0.5572261716292507
27.431516625001677,-0.0067077577114105225,-0.0776408314704895,0.08309608697891235,-0.03361445292830467,0.6444640159606934,0.5345621705055237,-0.6727932184507431,-0.031156058914434015,-0.5530415823102658
27.441571625000506,0.006921812891960144,-0.08084553480148315,0.09896248579025269,-0.11540944874286652,0.6711227893829346,0.5873316526412964,-0.6660136274224792,-0.03532304410703179,-0.5490698123519082
27.451627624999674,0.012353584170341492,-0.08410829305648804,0.09648990631103516,-0.1034710705280304,0.7264953255653381,0.6485913991928101,-0.6588051676842507,-0.04009237172799082,-0.5448545033783819
27.461682624998502,0.024952992796897888,-0.06146574020385742,0.06792068481445312,-0.02484896592795849,0.797637939453125,0.7011153101921082,-0.6509718696910826,-0.04475592026875969,-0.5398931915578549
27.471738625004946,0.036817654967308044,-0.02626413106918335,0.055545270442962646,0.04335778206586838,0.8506119847297668,0.7149357795715332,-0.6423407399022089,-0.04902929469625178,-0.5340822681634485
27.481793625003775,0.012840285897254944,-0.05090087652206421,0.0776602029800415,0.1377527266740799,0.87286376953125,0.6959793567657471,-0.6331789613146745,-0.05271169270831979,-0.5277922379033704
27.491849625002942,0.007908657193183899,-0.009580492973327637,0.05127984285354614,0.3208402693271637,0.893031656742096,0.6944777965545654,-0.623909398417629,-0.054989158249426226,-0.5207792575992434
27.50190562500211,0.014219433069229126,-0.01712864637374878,0.014918208122253418,0.45963171124458313,0.9262220859527588,0.7142453193664551,-0.6142914025998503,-0.05591039789579892,-0.5126992961532396
27.51196062500094,0.01219959557056427,-0.06530606746673584,0.04849427938461304,0.4681248962879181,0.9952912926673889,0.7365057468414307,-0.6041122789316309,-0.056188505174692205,-0.5039247439078343
27.522016625000106,0.019837215542793274,-0.06443893909454346,0.09376126527786255,0.3217642307281494,1.0657840967178345,0.7778316140174866,-0.5932456793963979,-0.057149474065000705,-0.4953658080380909
27.532071624998935,0.025387287139892578,-0.04061281681060791,0.10019487142562866,0.1831286996603012,1.1009169816970825,0.8047469258308411,-0.5819785634278727,-0.059410715420177236,-0.4874032635093717
27.542127624998102,0.021042272448539734,-0.03600209951400757,0.055374860763549805,0.13101063668727875,1.109454870223999,0.810945987701416,-0.570492419702184,-0.06250546428120528,-0.4797948992087671
27.552182625004207,0.03083503246307373,-0.007800400257110596,-0.01441866159439087,0.17896178364753723,1.0912597179412842,0.8052569031715393,-0.5591905816912208,-0.06544640704511764,-0.47223291586092375
27.562238625003374,0.015272781252861023,-0.009258091449737549,-0.02346646785736084,0.31438004970550537,1.0485055446624756,0.7641457319259644,-0.5479911419286665,-0.0674556574353907,-0.46427767914395585
27.572293625002203,0.0027451813220977783,-0.05088692903518677,-0.02250152826309204,0.5187932848930359,1.0114257335662842,0.7485436201095581,-0.5370516854738412,-0.06783985532210303,-0.45561357041484085
27.58234962500137,0.030934318900108337,-0.02632451057434082,-0.044788658618927,0.6000287532806396,1.0113157033920288,0.7480291128158569,-0.5263574110838284,-0.0665794541259111,-0.44619021406695136
27.5924046250002,0.050991401076316833,-0.05121254920959473,0.01952075958251953,0.39238154888153076,1.0409108400344849,0.7844347953796387,-0.5155870889920272,-0.06587391298587118,-0.43703960475892023
27.602460624999367,0.04933062195777893,-0.07853680849075317,0.10502314567565918,0.14128755033016205,1.0865912437438965,0.8450353145599365,-0.5045741373002286,-0.06741524504406368,-0.4287080099557781
27.612515624998196,0.0380997508764267,-0.052841126918792725,0.07061201333999634,-0.02309034764766693,1.0873790979385376,0.8784403800964355,-0.4931974830257556,-0.07105158375533507,-0.4208802648393536
27.62257162500464,0.021572530269622803,-0.00942838191986084,-0.021790802478790283,-0.052294570952653885,1.0556544065475464,0.8524367213249207,-0.48185302847694733,-0.07560135466460166,-0.4133532051135522
27.632627625003806,-0.006287440657615662,0.03704899549484253,-0.07299506664276123,0.05915170535445213,1.0310559272766113,0.8028741478919983,-0.4708175225738143,-0.07948283627916339,-0.40597836550172794
27.642682625002635,0.01726435124874115,0.12235766649246216,-0.11361825466156006,0.3142244815826416,1.0158162117004395,0.7727566957473755,-0.45979095161327466,-0.08150728794106499,-0.3980152713415856
27.652738625001803,0.036018744111061096,0.16339826583862305,-0.07189428806304932,0.5311312675476074,1.0334428548812866,0.7538184523582458,-0.44883312255555063,-0.08091306004694263,-0.38919131783212024
27.66279362500063,0.003730073571205139,-0.002556443214416504,0.06004464626312256,0.5042080283164978,1.06425940990448,0.7247561812400818,-0.4376006121152698,-0.079308309619585,-0.3802244610728969
27.6728496249998,0.02462725341320038,-0.11098939180374146,0.13369446992874146,0.5441065430641174,1.1069591045379639,0.7713585495948792,-0.4261218769109315,-0.07769459048673655,-0.37131300345633256
27.682904624998628,0.06773756444454193,-0.02427011728286743,0.12529069185256958,0.5861732959747314,1.1858350038528442,0.8119240403175354,-0.41392964940737337,-0.07562385673061281,-0.3616998669032537
27.69296062500507,0.08317850530147552,-0.0015621185302734375,0.05480849742889404,0.4454575777053833,1.2015421390533447,0.8276676535606384,-0.40122851201704607,-0.07405525215797958,-0.35206335345471185
27.7030156250039,0.05738024413585663,0.027766883373260498,-0.017561376094818115,0.31931164860725403,1.1393394470214844,0.7678309082984924,-0.38899142547916693,-0.07356466061233488,-0.3432377646054082
27.713071625003067,-0.002162933349609375,0.04234594106674194,-0.04997861385345459,0.25032490491867065,1.0618963241577148,0.6720809936523438,-0.37740634779542787,-0.07361779698815664,-0.33547596851639955
27.723126625001896,-0.021995723247528076,0.09621453285217285,-0.09560853242874146,0.20664000511169434,0.9934109449386597,0.5994355082511902,-0.3666097851301206,-0.07377578202101305,-0.32869283710567954
27.733182625001064,-0.01051078736782074,0.10140210390090942,-0.10606324672698975,0.12595118582248688,0.949750542640686,0.5555121302604675,-0.35651145093299075,-0.07421846137940175,-0.322739706439778
27.743237624999892,0.003945261240005493,0.06342238187789917,-0.07471102476119995,0.12397993355989456,0.9498269557952881,0.5543631911277771,-0.34672778188614134,-0.07497910492269455,-0.31717649175166857
27.75329362499906,0.007060050964355469,0.02769756317138672,-0.02527773380279541,0.2502420246601105,1.0050803422927856,0.567572832107544,-0.3366234281275355,-0.07506981917208018,-0.3112792130923707
27.763348625005165,-0.015723004937171936,0.03697305917739868,0.07184123992919922,0.43791499733924866,1.0596436262130737,0.5714900493621826,-0.32595296554207026,-0.07364590517386985,-0.30485201346372204
27.773404625004332,-0.03862960636615753,0.04652965068817139,0.11116480827331543,0.47371652722358704,1.1091338396072388,0.5451621413230896,-0.3147454761974624,-0.07077737519761398,-0.29807195316331025
27.78345962500316,-0.0679338127374649,-0.029284536838531494,0.12849277257919312,0.285725861787796,1.1277413368225098,0.531611979007721,-0.3031683377379777,-0.06870262251312174,-0.29184376340022056
27.79351562500233,-0.02802056074142456,-0.013223111629486084,0.027399957180023193,0.21940502524375916,1.088018774986267,0.5499886274337769,-0.2918743207008201,-0.06781980181055988,-0.28601528347330263
27.803571625001496,-0.010561257600784302,0.03195786476135254,-0.02446708083152771,0.22852101922035217,1.0547021627426147,0.5299174785614014,-0.28072431881816273,-0.06721521644258503,-0.280187937906808
27.813626625000325,-0.013010591268539429,-0.0027604103088378906,-0.02921849489212036,0.2525811493396759,1.0293163061141968,0.524055004119873,-0.26980890775535943,-0.06637186575235274,-0.2744087841978164
27.823682875001396,0.0005792975425720215,-0.02287149429321289,-0.012800991535186768,0.292922705411911,1.028120517730713,0.5260220170021057,-0.25912823259816237,-0.06506097666990764,-0.26858186609043283
27.833737875000224,0.025389760732650757,-0.02629917860031128,0.014840245246887207,0.2210482954978943,1.0424872636795044,0.5383185148239136,-0.24862135997517643,-0.0637682145730391,-0.2628765788402059
27.843793874999392,0.049553096294403076,-0.06828027963638306,0.05418667197227478,0.07732680439949036,1.0425176620483398,0.5567640662193298,-0.23808903844335502,-0.06349119069233614,-0.2573225911346264
27.85384887499822,0.07579198479652405,-0.08563154935836792,0.03433889150619507,-0.03038785234093666,1.0178560018539429,0.5732440948486328,-0.22749057420629717,-0.06459899877649052,-0.2517943148325691
27.863904875004664,0.09589675068855286,-0.027816414833068848,-0.0420452356338501,-0.008998940698802471,0.95082688331604,0.551626980304718,-0.2172464481949896,-0.0661589869256989,-0.24631975283627613
27.873959875003493,0.08283492922782898,0.04616469144821167,-0.05775338411331177,0.09477965533733368,0.8687618374824524,0.49133116006851196,-0.20803678331208023,-0.06676451253405108,-0.24120716957503294
27.88401587500266,0.04398885369300842,0.08953797817230225,-0.06098204851150513,0.1703180968761444,0.7996224761009216,0.4350452423095703,-0.19936058680312552,-0.06633938316909997,-0.23637092172757046
27.89407087500149,0.02776932716369629,0.0715094804763794,-0.08954548835754395,0.17573824524879456,0.7515025734901428,0.42003312706947327,-0.1914654251977428,-0.06536051205020305,-0.23191828230125283
27.904126875000657,0.01798871159553528,0.006280004978179932,-0.06177288293838501,0.10980077087879181,0.7155011892318726,0.42604920268058777,-0.18382176608081321,-0.06476796532332625,-0.22747307215578563
27.914181874999485,0.01930132508277893,-0.021523892879486084,-0.016774535179138184,0.020185310393571854,0.7079183459281921,0.4444108009338379,-0.17643830604946323,-0.06487971594748557,-0.22306622228483008
27.924237874998653,0.01793643832206726,-0.023117005825042725,0.03930020332336426,-0.10969173163175583,0.7354796528816223,0.4823347330093384,-0.16872055905238045,-0.06617327011859989,-0.21847378755321953
27.934292875004758,0.021085917949676514,-0.04897123575210571,0.0525662899017334,-0.30818769335746765,0.7346463799476624,0.4922216534614563,-0.16102410011622045,-0.06904467801869117,-0.213943973451609
27.944348875003925,0.034717559814453125,-0.05423319339752197,0.017334818840026855,-0.4396834075450897,0.6940576434135437,0.48391711711883545,-0.15349782545116256,-0.07364665116602129,-0.20970018306778107
27.954404875003092,0.05633290112018585,0.0029602646827697754,-0.06382131576538086,-0.4350733757019043,0.632020890712738,0.4701586067676544,-0.14662558325142253,-0.0787215917412521,-0.20564333792103026
27.96445987500192,0.05519641935825348,0.08066582679748535,-0.12810659408569336,-0.3489859104156494,0.572849452495575,0.43714073300361633,-0.14038038214149634,-0.08325219019765626,-0.20173115171044578
27.97451587500109,0.04268534481525421,0.11808198690414429,-0.15353256464004517,-0.24764887988567352,0.4967944025993347,0.3785533308982849,-0.13469890636014556,-0.08679872840899695,-0.1980696587328025
27.984570874999918,0.03736822307109833,0.11777794361114502,-0.16521137952804565,-0.18111352622509003,0.45475640892982483,0.3458137512207031,-0.12949781777983435,-0.08943829094637841,-0.19470877430534017
27.994626874999085,0.04736790060997009,0.08779901266098022,-0.14452624320983887,-0.1176399365067482,0.43546605110168457,0.3589116930961609,-0.12478665900073603,-0.09136067097241099,-0.1914187097968111
28.00468187500519,0.040962353348731995,0.027489960193634033,-0.0776519775390625,-0.06435487419366837,0.4582501947879791,0.40088364481925964,-0.11991429463288099,-0.09276579094598306,-0.18771915621696292
28.014737875004357,0.021809980273246765,-0.05931335687637329,0.028838634490966797,-0.02788572385907173,0.49732115864753723,0.40466710925102234,-0.11453340068540986,-0.09370846782493948,-0.1835945407911751
28.024792875003186,0.016394078731536865,-0.08358645439147949,0.0588039755821228,-0.07397811859846115,0.5144111514091492,0.37928664684295654,-0.10898363132051209,-0.09468973235248958,-0.17967252323126892
28.034848875002353,0.03263036906719208,0.0009982585906982422,0.008833765983581543,-0.06746038049459457,0.45656707882881165,0.36754274368286133,-0.1036567812884075,-0.09587775853108811,-0.1759787961224341
28.044903875001182,0.044697389006614685,0.0794479250907898,-0.06387650966644287,0.011624578386545181,0.39225518703460693,0.35461950302124023,-0.09903689994561746,-0.09655118007093562,-0.17237857508312485
28.05495987500035,0.027815550565719604,0.08303159475326538,-0.11008554697036743,0.0795116126537323,0.3264928162097931,0.30760902166366577,-0.0950118922089574,-0.09641958659034605,-0.16892941876540402
28.06501487499918,0.010466188192367554,0.03790849447250366,-0.12913775444030762,0.06710688024759293,0.2739601135253906,0.260255366563797,-0.0915129378778657,-0.09592196705966888,-0.16590591933842672
28.075070874998346,0.011907756328582764,0.025722503662109375,-0.10159853100776672,0.054150957614183426,0.21997331082820892,0.21651650965213776,-0.08861865718871395,-0.09567056456267321,-0.16338479015042728
28.08512587500445,0.01669454574584961,0.014193594455718994,-0.08046838641166687,0.06696555763483047,0.18718580901622772,0.2109536975622177,-0.08628600879253108,-0.09527572282873376,-0.1611314708907622
28.095181875003618,0.009387031197547913,-0.014339983463287354,-0.0337924063205719,0.0021992959082126617,0.1739596128463745,0.21531246602535248,-0.08401603898812877,-0.09515897750457496,-0.15884203498513677
28.105237875002786,0.0053240954875946045,-0.06366217136383057,-0.00039964914321899414,-0.07606302201747894,0.19167523086071014,0.25114530324935913,-0.0817318882948387,-0.09580407697287685,-0.15641554542426192
28.115292875001614,0.011826440691947937,-0.07048672437667847,0.012137055397033691,-0.1069541797041893,0.19598422944545746,0.2690379023551941,-0.07921041083951692,-0.09710379184692686,-0.15370487499292004
28.125348875000782,0.022926628589630127,-0.021989107131958008,0.008047044277191162,-0.06918150186538696,0.19424891471862793,0.27925723791122437,-0.07681983979598235,-0.09829973749397891,-0.1509378695271862
28.13540387499961,0.03064987063407898,0.02157217264175415,-0.028984814882278442,-0.026189424097537994,0.17049789428710938,0.27415019273757935,-0.07440334263852781,-0.09908605267624683,-0.14803726207399312
28.145459874998778,0.030469968914985657,0.014786064624786377,-0.04794645309448242,-0.039716415107250214,0.14038527011871338,0.24974684417247772,-0.07244029992722777,-0.09963743997971514,-0.14535243574821
28.155514875004883,0.025503009557724,0.019375145435333252,-0.0449376106262207,-0.03327818214893341,0.10720588266849518,0.22148941457271576,-0.07086458536787185,-0.10026345128812825,-0.14295973399523274
28.16557087500405,0.024237871170043945,0.042183637619018555,-0.036130040884017944,-0.022544311359524727,0.08004457503557205,0.19772017002105713,-0.06973502128577673,-0.10069970042645905,-0.14087600564780928
28.17562587500288,0.026029467582702637,0.0402531623840332,-0.02748727798461914,-0.06325884908437729,0.07090339809656143,0.1791999787092209,-0.06893441448686578,-0.1011899897048652,-0.13908732040448407
28.185681875002047,0.025012776255607605,0.014003574848175049,0.0017473101615905762,-0.1281275898218155,0.0575665608048439,0.17012819647789001,-0.06795797549656644,-0.10235154883991976,-0.13733739459928934
28.195736875000875,0.024988755583763123,0.0018700361251831055,0.009510219097137451,-0.17732994258403778,0.04422518610954285,0.15594658255577087,-0.0670854310221262,-0.10408416898818272,-0.1357275051158688
28.205792875000043,0.024744495749473572,0.017405152320861816,-0.0031127631664276123,-0.16136056184768677,0.03544474393129349,0.14394184947013855,-0.06639467544240196,-0.10597580628469747,-0.13426179204434643
28.21584787499887,0.022533297538757324,0.053440213203430176,-0.04166978597640991,-0.08501040190458298,0.015202057547867298,0.11919698864221573,-0.06576252700743468,-0.10741388348829337,-0.13288200712763673
28.22590387499804,0.010338261723518372,0.09038430452346802,-0.06577467918395996,0.01614791341125965,-0.016371846199035645,0.09296564757823944,-0.06541828893294767,-0.1079323509291583,-0.13170429781293408
28.235958875004144,0.001152634620666504,0.09088325500488281,-0.07121974229812622,0.07961476594209671,-0.035223301500082016,0.04258445277810097,-0.06531638280984581,-0.10742078443662358,-0.13080981273013273
28.24601487500331,-0.00519406795501709,0.07675385475158691,-0.0620417594909668,0.07639899849891663,-0.06098458915948868,0.0031201315578073263,-0.06567639688125121,-0.1065893025796442,-0.13045261412434492
28.25607087500248,-0.01157812774181366,0.06899911165237427,-0.0579390823841095,0.07639159262180328,-0.09546786546707153,-0.02733932062983513,-0.06654970097518834,-0.1057479442844937,-0.13053353989753103
28.266125875001308,-0.013905882835388184,0.06768232583999634,-0.06270766258239746,0.09764095395803452,-0.10461129248142242,-0.04190707951784134,-0.06772185090256626,-0.10481204295320365,-0.1308406217224892
28.276181875000475,-0.017815157771110535,0.060530126094818115,-0.05052149295806885,0.10779612511396408,-0.1022418811917305,-0.0538199320435524,-0.06884920211866576,-0.10375803417420694,-0.13120593340155706
28.286236874999304,-0.01548004150390625,0.04029589891433716,-0.029055148363113403,0.10090918838977814,-0.09348460286855698,-0.05622503161430359,-0.06987642100432438,-0.10267122790623598,-0.13160483392811587
28.29629287499847,-0.0038666129112243652,0.026093721389770508,-0.019130736589431763,0.11981980502605438,-0.08446701616048813,-0.04371778666973114,-0.07075403574503127,-0.10135113361538957,-0.13187766668670284
28.306347875004576,0.0051460862159729,0.021368443965911865,-0.013922393321990967,0.13715484738349915,-0.07522637397050858,-0.0426301509141922,-0.0714572365579793,-0.09979659407124856,-0.13207077126452943
28.316403875003743,0.010053470730781555,0.02041727304458618,-0.0074097514152526855,0.15271957218647003,-0.07888515293598175,-0.051434800028800964,-0.07214086157462092,-0.09804212364860797,-0.13232197548700889
28.326458875002572,0.013598963618278503,0.0198480486869812,-0.0026015043258666992,0.13653767108917236,-0.1080118790268898,-0.07959400117397308,-0.07293946815301589,-0.09631611734834339,-0.13276154751190644
28.33651487500174,0.010654091835021973,0.02344578504562378,-0.013637006282806396,0.12348853051662445,-0.1385631412267685,-0.11484333127737045,-0.07418357010133395,-0.09474823146614243,-0.1335960700026709
28.34656987500057,-0.0006181597709655762,0.017695307731628418,-0.022491633892059326,0.041192855685949326,-0.1918220967054367,-0.17938637733459473,-0.07580987954720213,-0.09360722309854454,-0.1349246200802483
28.356625874999736,-0.013632774353027344,0.017760396003723145,-0.031453073024749756,-0.023481743410229683,-0.25000524520874023,-0.22535711526870728,-0.07819853268852826,-0.0931878179074049,-0.1369540920720958
28.366680874998565,-0.011887848377227783,0.040069401264190674,-0.06503081321716309,-0.06730619072914124,-0.29267627000808716,-0.26767846941947937,-0.0810563471879069,-0.09339937935131475,-0.13944339912121662
28.376736875005008,-0.011362135410308838,0.06922721862792969,-0.05944901704788208,-0.06878819316625595,-0.3618525564670563,-0.30168434977531433,-0.0844202035081912,-0.09385433165178476,-0.14226559284133808
28.386791875003837,0.003894120454788208,0.05140024423599243,-0.07855010032653809,-0.10401329398155212,-0.41624706983566284,-0.34160086512565613,-0.0885753440005733,-0.09432907178415717,-0.14548854828890234
28.396847875003004,0.02830296754837036,0.04446166753768921,-0.1096029281616211,-0.2103097289800644,-0.48504531383514404,-0.3792544901371002,-0.09328229474043535,-0.09558387552260426,-0.14910555059920153
28.406903875002172,0.05312792956829071,0.05611807107925415,-0.13349339365959167,-0.2502709925174713,-0.5392305254936218,-0.4061606824398041,-0.09867343222622285,-0.09757099128339088,-0.15311878596357287
28.416958875001,0.05658075213432312,0.07456463575363159,-0.13478270173072815,-0.17535902559757233,-0.6081549525260925,-0.463059663772583,-0.10470913358348916,-0.09936628289580718,-0.1576071756879294
28.427014875000168,0.03949159383773804,0.10505670309066772,-0.14301198720932007,-0.08964971452951431,-0.653620183467865,-0.5437294840812683,-0.11149662803057314,-0.10016105147562508,-0.16275880221212274
28.437069874998997,0.01726582646369934,0.13911372423171997,-0.14586907625198364,-0.026663821190595627,-0.6977218985557556,-0.6379124522209167,-0.11862276842765439,-0.10009378412675933,-0.16861473496869847
28.447125874998164,0.005196332931518555,0.135353684425354,-0.1138232946395874,-0.0548001192510128,-0.7905551195144653,-0.7574010491371155,-0.1264110898529614,-0.09968750093998256,-0.1754558707126739
28.45718087500427,0.0021125227212905884,0.13831651210784912,-0.0962112545967102,-0.14532996714115143,-0.8898800611495972,-0.8351740837097168,-0.13560832818667096,-0.09967680701831871,-0.183580837830682
28.467236875003437,0.026535972952842712,0.16711390018463135,-0.1369396448135376,-0.25942593812942505,-0.9825931787490845,-0.8447220325469971,-0.14572238599301096,-0.10058648232479495,-0.19220968940674052
28.477291875002265,0.06926153600215912,0.13914936780929565,-0.1807950735092163,-0.3804185390472412,-1.0419576168060303,-0.8497399091720581,-0.15690256783867174,-0.10241298016382429,-0.20120406246269593
28.487347875001433,0.10445734858512878,0.036672115325927734,-0.1593804955482483,-0.4958295524120331,-1.099259614944458,-0.8435677289962769,-0.16856916280993955,-0.10539637940137746,-0.21036869627788946
28.49740287500026,0.12453056871891022,-0.01303786039352417,-0.11368703842163086,-0.46603986620903015,-1.1269019842147827,-0.8142736554145813,-0.18077959938457147,-0.10886888013761588,-0.21952081571643706
28.50745887499943,0.11612625420093536,0.013702392578125,-0.08210855722427368,-0.2629525065422058,-1.1091840267181396,-0.8040249943733215,-0.19300067860334114,-0.1110499159584126,-0.22824361570473106
28.517513874998258,0.0919635146856308,0.061041057109832764,-0.05082458257675171,-0.020169882103800774,-1.0838594436645508,-0.8062983751296997,-0.2048038803136743,-0.11086168040084983,-0.2364111163692964
28.5275698750047,0.09173743426799774,0.0643497109413147,-0.04831510782241821,0.14961250126361847,-1.064866304397583,-0.8003273010253906,-0.21623579257854314,-0.10854791338917945,-0.24411205451628387
28.53762487500353,0.10522706806659698,0.04368233680725098,-0.04408460855484009,0.19303463399410248,-1.0658535957336426,-0.8027716279029846,-0.22750991547949534,-0.10513082885716685,-0.25150069745553644
28.547680875002698,0.09962528944015503,0.019862651824951172,-0.005802631378173828,0.153136745095253,-1.0610889196395874,-0.7847079634666443,-0.2386402043972844,-0.10166403247790487,-0.2587177379801255
28.557735875001526,0.08006411790847778,0.0049645304679870605,0.03010249137878418,0.04188820719718933,-1.071759581565857,-0.7861692905426025,-0.24969942709471485,-0.09893086369603747,-0.2659817956913044
28.567791875000694,0.07470495998859406,-0.02584540843963623,0.009659290313720703,-0.10250332206487656,-1.1023670434951782,-0.7725751996040344,-0.2611354889180533,-0.09734910655676926,-0.2735810630356529
28.57784787499986,0.08599241077899933,-0.05394482612609863,-0.025362372398376465,-0.18739700317382812,-1.1436476707458496,-0.7606561779975891,-0.2729526542606698,-0.09688722376311015,-0.2813238013288001
28.58790287499869,0.0797223448753357,-0.05790984630584717,-0.02506124973297119,-0.1758199781179428,-1.1960463523864746,-0.7671343684196472,-0.28533733151214213,-0.09664688905920575,-0.2891870694619819
28.597958875005133,0.0662200003862381,-0.011289596557617188,-0.04488086700439453,-0.09159901738166809,-1.2307640314102173,-0.7845597267150879,-0.2981117350179709,-0.0958301783231291,-0.29697077018629364
28.608013875003962,0.06485815346240997,0.02940046787261963,-0.0663294792175293,-0.05090857297182083,-1.2538115978240967,-0.8205291628837585,-0.3112809977944331,-0.09411491315478088,-0.30487794392326145
28.61806987500313,0.07217183709144592,0.019507527351379395,-0.04322934150695801,-0.032399293035268784,-1.280751347541809,-0.84574294090271,-0.3247820555318252,-0.09189544063666887,-0.31302743705999253
28.62812487500196,0.08185122907161713,0.011865675449371338,-0.0277288556098938,-0.026807721704244614,-1.2865327596664429,-0.8532727956771851,-0.3383277854907709,-0.0894337526827566,-0.3211868013473567
28.638180875001126,0.07769179344177246,0.006211459636688232,-0.00757068395614624,-0.00985372718423605,-1.2711563110351562,-0.8482193350791931,-0.35171301309293856,-0.08682435041402631,-0.32924653975411067
28.648235874999955,0.07837671041488647,-0.008908987045288086,0.0050141215324401855,0.04593656584620476,-1.2403606176376343,-0.8143660426139832,-0.3648768607919764,-0.08382120534286214,-0.33696254716997975
28.658291874999122,0.0716812014579773,-0.023642241954803467,0.015877485275268555,0.17405179142951965,-1.2066271305084229,-0.7895271182060242,-0.37753435806761665,-0.08004716490157726,-0.34398986179022994
28.668346875005227,0.06250984966754913,0.011271059513092041,0.004508674144744873,0.3636725842952728,-1.173594355583191,-0.7550556659698486,-0.38990604135916845,-0.07470727376060027,-0.3501559513529345
28.678402875004394,0.04427023231983185,0.03082585334777832,0.026098310947418213,0.4827038645744324,-1.1560089588165283,-0.7539175152778625,-0.4018003994771607,-0.06785706789653694,-0.35535167681922697
28.688457875003223,0.031652823090553284,-0.031580448150634766,0.02620333433151245,0.38664868474006653,-1.1549007892608643,-0.762694776058197,-0.4135609029246208,-0.06084246437905561,-0.3605078585107101
28.69851387500239,0.04031111299991608,-0.019316434860229492,0.020307540893554688,0.23019921779632568,-1.1647928953170776,-0.7760066986083984,-0.4254830888064941,-0.05488706680581195,-0.36624344883053866
28.70856887500122,0.03144387900829315,-0.020076334476470947,0.08241194486618042,-0.09478738903999329,-1.188000202178955,-0.8215241432189941,-0.43763431780946743,-0.05086736405916271,-0.37322454787612974
28.718624875000387,0.01830822229385376,-0.05343317985534668,0.09282660484313965,-0.4798702299594879,-1.2111448049545288,-0.8319877982139587,-0.4499269998116126,-0.05000135991457345,-0.3819126040059703
28.728680874999554,0.02943006157875061,-0.07461172342300415,0.05787628889083862,-0.6976233124732971,-1.230238437652588,-0.806641697883606,-0.46265339659568966,-0.05188622537603405,-0.39198160521127906
28.738735874998383,0.037594690918922424,-0.07577532529830933,0.016954541206359863,-0.6728386878967285,-1.2410417795181274,-0.772145688533783,-0.4756784292628002,-0.0545411114035758,-0.4022208734001437
28.748791875004827,0.025916218757629395,-0.07286590337753296,-0.0218350887298584,-0.5186768174171448,-1.2153273820877075,-0.7396630644798279,-0.48848996224032204,-0.056438308434004915,-0.41170015810425253
28.758846875003655,0.012052342295646667,-0.08634406328201294,-0.011388897895812988,-0.36173227429389954,-1.1821458339691162,-0.7262074947357178,-0.5010174225942184,-0.056887660325714046,-0.42027518436405836
28.768902875002823,-0.004859894514083862,-0.09669297933578491,0.026364803314208984,-0.20750728249549866,-1.1428653001785278,-0.7313031554222107,-0.5132157035629127,-0.0558090091756147,-0.42808023759924396
28.77895787500165,-0.003202006220817566,-0.018532216548919678,0.03711903095245361,-0.015439573675394058,-1.1118062734603882,-0.7206368446350098,-0.525042198032754,-0.05312892827056699,-0.4350251781312478
28.78901387500082,0.010427519679069519,0.04943317174911499,0.04010963439941406,0.07474544644355774,-1.0790538787841797,-0.7237066626548767,-0.5363551939427758,-0.04910182272039716,-0.4410209193815213
28.799068874999648,0.012125194072723389,0.0053288936614990234,0.05592846870422363,0.02540590427815914,-1.0523110628128052,-0.7152285575866699,-0.547379309399533,-0.04487641053252525,-0.4469178720182872
28.809124874998815,0.0022677481174468994,-0.04162955284118652,0.09400230646133423,-0.087217316031456,-1.016537070274353,-0.7095983624458313,-0.5579957261475762,-0.04148505704474095,-0.4531471005299151
28.81917987500492,-0.020017817616462708,-0.03601419925689697,0.11090463399887085,-0.17480388283729553,-0.9751245975494385,-0.6846892833709717,-0.5682710557685732,-0.03890359058613622,-0.4598033853101387
28.829235875004088,-0.023564115166664124,-0.029439926147460938,0.1085810661315918,-0.17381532490253448,-0.931902289390564,-0.6377766132354736,-0.5780719818503633,-0.0368680619593086,-0.466363461765926
28.839290875002916,-0.017659679055213928,-0.06933259963989258,0.09509891271591187,-0.027130629867315292,-0.8945379257202148,-0.5897043943405151,-0.5872729150698855,-0.03454862794695529,-0.4720194389884924
28.849346875002084,-0.006891608238220215,-0.07867228984832764,0.046961963176727295,0.18657900393009186,-0.8553441762924194,-0.5522627234458923,-0.5959579229979737,-0.030857947313306565,-0.47617347974430857
28.859401875000913,0.01099143922328949,-0.019350826740264893,0.028992533683776855,0.32002413272857666,-0.8211797475814819,-0.5523738265037537,-0.6044190468025137,-0.025632714325539888,-0.47923930514590546
28.86945787500008,-0.0006909370422363281,-0.019874095916748047,0.07351446151733398,0.27316340804100037,-0.7836611866950989,-0.5855398178100586,-0.6125467073521977,-0.019888700070087875,-0.48215322360960694
28.879513874999247,-0.026755988597869873,-0.03890275955200195,0.13100522756576538,0.1672041416168213,-0.7451968789100647,-0.6008607149124146,-0.6203490504685343,-0.014609594869923009,-0.4857715900866477
28.889568874998076,-0.0160486102104187,-0.023017406463623047,0.11881625652313232,0.09143427759408951,-0.7098284959793091,-0.5760427117347717,-0.6276510269969464,-0.010129905072361913,-0.48978865866380633
28.89962487500452,-0.003899097442626953,-0.04123187065124512,0.08423197269439697,0.09510411322116852,-0.6609339714050293,-0.5290377140045166,-0.6345201557502059,-0.006184485804306487,-0.4937221684163195
28.90967987500335,-0.010477691888809204,-0.0696670413017273,0.08922708034515381,0.16056115925312042,-0.6045764088630676,-0.4850071370601654,-0.6409617186093138,-0.002130073053619122,-0.4971083628592275
28.919735875002516,-0.01998366415500641,-0.08662712574005127,0.109840989112854,0.2596774995326996,-0.5487362742424011,-0.43119385838508606,-0.6468539101536778,0.0023931241228760825,-0.4995709769857796
28.929790875001345,-0.00313645601272583,-0.10362231731414795,0.08819425106048584,0.30629321932792664,-0.5001450777053833,-0.386189341545105,-0.6520147603797802,0.007060580491136746,-0.5010370255132268
28.939846875000512,0.005759105086326599,-0.09410804510116577,0.10116463899612427,0.25712892413139343,-0.4603058993816376,-0.3607875108718872,-0.6567944857641596,0.011577574837962403,-0.5022505994819215
28.94990187499934,-0.012951478362083435,-0.078823983669281,0.1287531852722168,0.12843486666679382,-0.430984765291214,-0.3452863097190857,-0.6612744376573482,0.015337063263608374,-0.5038255488680423
28.95995787499851,-0.01789449155330658,-0.07106351852416992,0.14705848693847656,-0.19049425423145294,-0.40767398476600647,-0.3748193681240082,-0.6653453122645777,0.017375808908329553,-0.5066847545269136
28.970012875004613,-0.009130656719207764,-0.04841846227645874,0.1808110475540161,-0.6904817223548889,-0.4135819375514984,-0.41307806968688965,-0.6693749945356171,0.016292099108239314,-0.5125985480309622
28.98006887500378,-0.011480972170829773,-0.04727447032928467,0.18512475490570068,-1.0184872150421143,-0.4285326302051544,-0.4096177816390991,-0.6735335695731735,0.012002882528859877,-0.5213372563672365
28.99012387500261,-0.031601279973983765,-0.06443518400192261,0.1237906813621521,-1.0189907550811768,-0.4465624988079071,-0.39736562967300415,-0.6778159600738394,0.006400016431135943,-0.5309991999513123
29.000179875001777,-0.029979422688484192,-0.05265915393829346,0.014309227466583252,-0.7971470355987549,-0.46141162514686584,-0.3970603346824646,-0.682231047916168,0.0016150638979124405,-0.5398297815848705
29.010234875000606,-0.017793238162994385,-0.03996872901916504,-0.045211970806121826,-0.43323537707328796,-0.4609394669532776,-0.41787266731262207,-0.6867545657035117,-0.0007689416348551061,-0.546916862613434
29.020290874999773,-0.027081340551376343,-0.028393208980560303,-0.04408782720565796,-0.07772070169448853,-0.4394075274467468,-0.45895665884017944,-0.6912594244515663,7.459899101732984e-05,-0.5517891414804013
29.030345874998602,-0.011691033840179443,0.0010733604431152344,-0.007405698299407959,0.07716475427150726,-0.42183491587638855,-0.5026354193687439,-0.6955591218744341,0.003302546296008685,-0.5554062110967221
29.040401875005045,0.010504558682441711,0.02807825803756714,0.036547064781188965,-0.013226754032075405,-0.4008582830429077,-0.5163112878799438,-0.699657843296105,0.006906836499027424,-0.5590511360583693
29.050457875004213,-0.01731625199317932,0.033557116985321045,0.11717146635055542,-0.22510437667369843,-0.388773649930954,-0.5204482078552246,-0.70353910597784,0.009306849409445697,-0.5638093631701743
29.06051287500304,-0.015749752521514893,-0.022759616374969482,0.10908526182174683,-0.38017538189888,-0.3833935260772705,-0.48764458298683167,-0.7072972020153248,0.010170998168278171,-0.5696580714977062
29.07056887500221,-0.01366288959980011,-0.02880960702896118,0.03621488809585571,-0.3744455873966217,-0.38060519099235535,-0.44353967905044556,-0.7111766285222708,0.010331255246926761,-0.5757770818991874
29.080623875001038,-0.027570635080337524,-0.034800708293914795,-0.006938278675079346,-0.27826228737831116,-0.3796098232269287,-0.42438000440597534,-0.7149880681212785,0.01073408843892095,-0.581240520483765
29.090679875000205,-0.022297292947769165,-0.030380308628082275,-0.014852821826934814,-0.31003114581108093,-0.3787783980369568,-0.4401232600212097,-0.7187035167831184,0.011374355620759146,-0.5864146226472937
29.100734874999034,-0.0073594748973846436,-0.005952894687652588,0.010983526706695557,-0.41617703437805176,-0.3791617453098297,-0.407549113035202,-0.7225476176448807,0.011551999948637147,-0.5920682734953062
29.1107908749982,0.009226754307746887,0.0032353997230529785,0.01703578233718872,-0.4951546788215637,-0.3681277334690094,-0.3675982356071472,-0.7262729267324551,0.01070942909180989,-0.5980603110172747
29.120845875004306,0.019608616828918457,-0.04244774580001831,-0.002475559711456299,-0.47602152824401855,-0.37521669268608093,-0.32624107599258423,-0.7299964209903208,0.00934150492687633,-0.6039900152962213
29.130901875003474,0.009524956345558167,-0.06184321641921997,-0.02416294813156128,-0.2976193130016327,-0.3518298864364624,-0.2812746465206146,-0.7336464114326611,0.008394072022471107,-0.608996463985815
29.140956875002303,0.03308705985546112,-0.06611126661300659,-0.05940014123916626,-0.009697044268250465,-0.3022151589393616,-0.24121646583080292,-0.7369928240627355,0.009049426285691047,-0.6120015691719486
29.15101287500147,0.035551756620407104,-0.06146878004074097,0.0013023018836975098,0.13370725512504578,-0.2553161084651947,-0.2200922667980194,-0.7397860254098072,0.011156924535187716,-0.6131935275192764
29.1610678750003,0.032795876264572144,-0.057741522789001465,0.06897038221359253,0.17269380390644073,-0.20380578935146332,-0.16116103529930115,-0.7420337284563939,0.013535512461219427,-0.6135675526679379
29.171123874999466,0.029485180974006653,-0.03499460220336914,0.0555155873298645,0.11455167084932327,-0.1643603891134262,-0.12416493147611618,-0.7437772556398341,0.015497146563397632,-0.6135326662638417
29.181178874998295,0.0076553672552108765,-0.04398906230926514,0.06588023900985718,-0.057419825345277786,-0.1465771198272705,-0.11610141396522522,-0.7453041626525244,0.016521719230798478,-0.6142112004248559
29.19123487500474,-0.010113224387168884,-0.026772260665893555,0.07622379064559937,-0.2798507809638977,-0.13580889999866486,-0.109898641705513,-0.7466507890637568,0.01600120928269654,-0.6161412800571997
29.201290875003906,-0.018917247653007507,-0.02819162607192993,0.06680697202682495,-0.4927808940410614,-0.12694616615772247,-0.1080155223608017,-0.7479235646305278,0.013861136194370417,-0.6196502611214952
29.211345875002735,-0.02578766644001007,-0.01307147741317749,0.053915321826934814,-0.5454411506652832,-0.12942743301391602,-0.10988106578588486,-0.7490942487388821,0.010629232809967594,-0.6240503576493382
29.221401875001902,-0.024766892194747925,-0.0016239285469055176,0.015999972820281982,-0.411757230758667,-0.12925858795642853,-0.11053215712308884,-0.750290266304705,0.007648273080868251,-0.6282302416110985
29.23145687500073,-0.02924273908138275,-0.019301891326904297,-0.046341896057128906,-0.03834608942270279,-0.1288710981607437,-0.11583477258682251,-0.7516225646777113,0.006729098126976489,-0.630693265942709
29.2415128749999,-0.005747020244598389,0.015199124813079834,-0.09698909521102905,0.3599599003791809,-0.11453556269407272,-0.11274668574333191,-0.7527585899440644,0.008569374064475936,-0.6304048990842104
29.251567874998727,0.007384628057479858,0.037353336811065674,-0.08909612894058228,0.6724310517311096,-0.06851507723331451,-0.09518127143383026,-0.7536713528452967,0.01313398220963263,-0.6274982661381859
29.26162387500517,0.008470654487609863,0.04174947738647461,-0.04446226358413696,0.6516555547714233,-0.029310815036296844,-0.08901363611221313,-0.754193735989917,0.018755461708277257,-0.6234389377994883
29.271678875004,-0.01170186698436737,0.02637791633605957,0.04879695177078247,0.32793155312538147,-0.013903362676501274,-0.07472337782382965,-0.7545044107597647,0.02303369347182909,-0.6206134253480566
29.281734875003167,-0.017797932028770447,0.029751121997833252,0.11611711978912354,-0.04613250494003296,-0.003155643818899989,-0.03395107015967369,-0.7546009747077761,0.02433964687334126,-0.6201543145331019
29.291789875001996,-0.01924300193786621,-0.023717641830444336,0.09474068880081177,-0.18444164097309113,-0.005554619245231152,-0.005881885532289743,-0.7545500870684098,0.02342880429032376,-0.621102999209134
29.301845875001163,-0.011852085590362549,-0.07183229923248291,0.02681499719619751,-0.1368035525083542,0.002323543420061469,0.03369034454226494,-0.7545133480130268,0.022017830304249954,-0.6221183114271468
29.311900874999992,-0.0008327960968017578,-0.054141998291015625,0.009669840335845947,0.0026424904353916645,0.012080300599336624,0.043409015983343124,-0.7544758805838168,0.02126682406726849,-0.6223276183421104
29.32195687499916,0.01218123733997345,-0.055735647678375244,0.011207163333892822,0.14011749625205994,0.025124596431851387,0.035094231367111206,-0.754225093167791,0.02144017953482685,-0.621458332994971
29.332011875005264,0.01162119209766388,-0.027514517307281494,0.0029537081718444824,0.16598664224147797,0.042328085750341415,0.039300695061683655,-0.7538631171241277,0.022293548192518234,-0.6200389394595056
29.34206787500443,0.004088148474693298,-0.015321552753448486,0.014550745487213135,0.09070972353219986,0.04006439819931984,0.037225451320409775,-0.7534020337036719,0.022923892702692395,-0.6188236066948748
29.3521238750036,-0.009336888790130615,-0.006082117557525635,0.03072643280029297,-0.024134308099746704,0.020940503105521202,0.02871425449848175,-0.7529756216775721,0.02281302740244907,-0.6182776508376279
29.362178875002428,-0.016428738832473755,-0.011666595935821533,0.023370802402496338,-0.12956485152244568,0.009533386677503586,0.01986030861735344,-0.7527849734078514,0.02200649923771919,-0.6186418725409049
29.372234875001595,-0.017656639218330383,-0.013086855411529541,0.0058217644691467285,-0.16375797986984253,0.010081730782985687,0.018289310857653618,-0.752680808454171,0.020777158671548238,-0.619542893437421
29.382289875000424,-0.009744510054588318,-0.004636526107788086,0.0062522292137146,-0.12445154786109924,0.0298041719943285,0.04825357347726822,-0.7524113482231072,0.01934626316653809,-0.6204039182903794
29.39234587499959,0.0020072758197784424,0.0035736560821533203,0.008481740951538086,-0.0003240046789869666,0.06454004347324371,0.08424033969640732,-0.7517644835069172,0.018220255009423553,-0.6203357374445544
29.40240087499842,0.011460602283477783,-0.024413764476776123,0.03136187791824341,0.14888207614421844,0.10436122864484787,0.11880742013454437,-0.7508938979157028,0.01794813733589774,-0.6191173343015117
29.412456875004864,0.020901620388031006,-0.035580575466156006,0.0505792498588562,0.3239623010158539,0.166097030043602,0.16308754682540894,-0.7495704743566876,0.01865636805578465,-0.6164681760470029
29.422511875003693,0.03884761035442352,-0.028891026973724365,0.05026167631149292,0.42856886982917786,0.22847065329551697,0.19934657216072083,-0.7476039366042782,0.0201001278694609,-0.6125047255606194
29.43256787500286,0.02606150507926941,-0.055616676807403564,0.07951408624649048,0.40583211183547974,0.2672489285469055,0.20646387338638306,-0.7451418869136162,0.02177387070356976,-0.608164417861332
29.44262287500169,0.002504289150238037,-0.048613548278808594,0.10093957185745239,0.2404005527496338,0.2773739993572235,0.18850809335708618,-0.7424621501447372,0.022853095291853986,-0.6045601917761574
29.452678875000856,-0.012223228812217712,-0.043090760707855225,0.10283279418945312,0.00880593340843916,0.259515643119812,0.170328289270401,-0.7397694042246651,0.022530835605547563,-0.6025233560616485
29.462733874999685,-0.015409529209136963,-0.024392306804656982,0.08609920740127563,-0.1419055163860321,0.23552843928337097,0.15108613669872284,-0.7373383172027527,0.020902341731491646,-0.6019318005525571
29.472789874998853,-0.0045506954193115234,-0.041200220584869385,0.04645872116088867,-0.15167132019996643,0.21981792151927948,0.14105267822742462,-0.7350766884813654,0.018675388087310636,-0.60189077862017
29.482844875004957,0.002005636692047119,-0.036393046379089355,0.00583803653717041,-0.08840836584568024,0.21290834248065948,0.14774297177791595,-0.7329535459269126,0.016633751313375515,-0.601763742381147
29.492900875004125,0.0014696866273880005,-0.02397775650024414,-0.0012009739875793457,-0.029558900743722916,0.21836435794830322,0.16410329937934875,-0.7307739353192981,0.014868902232466716,-0.601068616562206
29.502956875003292,-0.004483714699745178,-0.04678994417190552,0.01879674196243286,-0.010508687235414982,0.23501044511795044,0.19028866291046143,-0.7284502724398686,0.013488032993457666,-0.5998329953083547
29.51301187500212,-0.006405100226402283,-0.05670446157455444,0.03791314363479614,-0.01878073252737522,0.2571852505207062,0.22857347130775452,-0.7260530491385047,0.012001046182363322,-0.5983718463865318
29.52306787500129,0.000422745943069458,-0.07213979959487915,0.053363263607025146,-0.019612835720181465,0.30259469151496887,0.27409201860427856,-0.7232834593123427,0.010178115124933421,-0.5966285093846201
29.533122875000117,0.002012595534324646,-0.06882429122924805,0.05646967887878418,-0.034541718661785126,0.34658825397491455,0.30919942259788513,-0.7199101595866453,0.007948446909645456,-0.5945274677657411
29.543178874999285,-0.00460931658744812,-0.07121533155441284,0.08917862176895142,-0.06906236708164215,0.3711368441581726,0.3233872056007385,-0.7162249248482071,0.005380403500359463,-0.5924482563557053
29.553233874998114,-0.003268495202064514,-0.057552874088287354,0.08569800853729248,-0.07483796775341034,0.3859517574310303,0.3360300362110138,-0.7124550444192727,0.0026681196204089265,-0.5904500010427595
29.563289875004557,-0.0018736273050308228,-0.046804726123809814,0.055372536182403564,-0.027698015794157982,0.39834198355674744,0.34538236260414124,-0.7085792867987738,6.061781302809657e-05,-0.5882521333470649
29.573344875003386,-0.008918941020965576,-0.038944900035858154,0.03589761257171631,0.0348186232149601,0.4024003744125366,0.33045533299446106,-0.7046090763826662,-0.0020774468225846325,-0.5856595931599288
29.583400875002553,-0.015448838472366333,-0.016692161560058594,0.020165741443634033,0.08521668612957001,0.39591196179389954,0.3066857159137726,-0.7006248054667117,-0.0036482675816758943,-0.5828410177583392
29.593455875001382,-0.024515435099601746,-0.0032185912132263184,0.020522773265838623,0.09026390314102173,0.38610169291496277,0.2761547267436981,-0.6966799616944179,-0.004836515123367042,-0.5800236547180309
29.60351187500055,-0.03169319033622742,0.0035431981086730957,0.023405909538269043,0.0631207525730133,0.38589009642601013,0.26767411828041077,-0.6926673465457438,-0.006105891903145644,-0.5773513164119068
29.61356687499938,-0.036447763442993164,-0.0032216310501098633,0.03226578235626221,-0.009988348931074142,0.3917221426963806,0.2685721516609192,-0.6885901574597639,-0.007750766325986972,-0.5750377052952383
29.623622874998546,-0.026724040508270264,-0.015446066856384277,0.042129337787628174,-0.08107095956802368,0.40315619111061096,0.2957240641117096,-0.6843944454258658,-0.010082385087086754,-0.5730680908036908
29.63367787500465,-0.02070796489715576,-0.03157186508178711,0.03472107648849487,-0.09922226518392563,0.4302389323711395,0.34249210357666016,-0.6801181180086961,-0.012923436827410617,-0.5711454406407352
29.643733875003818,-0.017881125211715698,-0.04471498727798462,0.022927820682525635,-0.07346923649311066,0.4704268276691437,0.4010813534259796,-0.6755294199084599,-0.01600294267463931,-0.5687764022877324
29.653788875002647,-0.015439614653587341,-0.058616816997528076,0.033848583698272705,-0.04694095253944397,0.5160701870918274,0.45347025990486145,-0.6703580434923073,-0.01931604731804594,-0.5657246206215827
29.663844875001814,-0.004295468330383301,-0.05512040853500366,0.04536998271942139,0.013647115789353848,0.5754262208938599,0.5076819658279419,-0.6647199343301531,-0.02250774567142018,-0.5620174112915629
29.67390087500098,0.010146096348762512,-0.028925716876983643,0.04679834842681885,0.06974020600318909,0.6058059930801392,0.5256702899932861,-0.6586746874852678,-0.02534866951377566,-0.5576185614849797
29.68395587499981,-0.007778719067573547,-0.06775504350662231,0.07555747032165527,0.13252495229244232,0.6149715185165405,0.49075189232826233,-0.6525344245699073,-0.027559094761208998,-0.5529781042331073
29.694011874998978,-0.013190135359764099,-0.048539042472839355,0.07114267349243164,0.18462462723255157,0.6297594904899597,0.4663139283657074,-0.6461739696957711,-0.029159047838829957,-0.5481999335690909
29.704066875005083,0.0013305991888046265,-0.006619095802307129,0.05738037824630737,0.17458593845367432,0.645498514175415,0.46257469058036804,-0.6396715750128297,-0.03045214700006604,-0.5434011444540582
29.71412287500425,-0.00037957727909088135,-0.032323360443115234,0.08434432744979858,0.1420903205871582,0.6801494359970093,0.4817694425582886,-0.63294775325079,-0.0319250928927652,-0.5386697263733431
29.72417787500308,-2.5093555450439453e-05,-0.07447385787963867,0.1075393557548523,0.11109000444412231,0.7390959858894348,0.5353358387947083,-0.6256492349488334,-0.03391473448969781,-0.533814057640413
29.734233875002246,0.017122268676757812,-0.09289073944091797,0.10339921712875366,0.12561090290546417,0.8054531812667847,0.6031191349029541,-0.6176119572073423,-0.0363748981841482,-0.5284405698650996
29.744288875001075,0.031295329332351685,-0.0934564471244812,0.08167999982833862,0.16214528679847717,0.8652089238166809,0.6614280343055725,-0.6090276644239407,-0.03882902309978637,-0.5224086694754563
29.754344875000243,0.048868656158447266,-0.045556724071502686,0.036727845668792725,0.1895822435617447,0.883884608745575,0.6842241287231445,-0.6001660065715919,-0.04107376963379881,-0.5159293900553715
29.76439987499907,0.035415470600128174,-0.02641230821609497,0.030655860900878906,0.2015683799982071,0.8634598851203918,0.6618791818618774,-0.5911483904277134,-0.04320758980143142,-0.5092040835491514
29.77445587499824,0.018760234117507935,-0.044793784618377686,0.03846019506454468,0.177442267537117,0.8455032110214233,0.6450173854827881,-0.5823142650683836,-0.04522445839121343,-0.5027025817294227
29.784510875004344,0.015021979808807373,-0.037064969539642334,0.04193401336669922,0.11253299564123154,0.82209712266922,0.6241926550865173,-0.5736039028593527,-0.047509564110250674,-0.49653414261420636
29.79456687500351,0.005406081676483154,-0.0521816611289978,0.053444862365722656,0.04245483875274658,0.8139558434486389,0.6485733389854431,-0.5651164301423964,-0.050291057994120106,-0.4907554636797599
29.80462187500234,0.016067296266555786,-0.05715739727020264,0.04692786931991577,-0.04824652150273323,0.8324692249298096,0.6779441237449646,-0.5566410450331397,-0.05377994337662879,-0.48515576833873625
29.814677875001507,0.01624155044555664,-0.05264759063720703,0.025243937969207764,-0.12406405806541443,0.8310132622718811,0.6973316669464111,-0.548024872979988,-0.058154724550886515,-0.4797408193157772
29.82473462499911,0.002299368381500244,-0.007756590843200684,-0.020821213722229004,-0.1808636337518692,0.7933139204978943,0.6681227684020996,-0.5395620426534543,-0.06307844415219034,-0.4746567442215523
29.834789625005214,-0.019975632429122925,0.004238545894622803,-0.03142446279525757,-0.1773163080215454,0.7647198438644409,0.6354863047599792,-0.5313519054392383,-0.06811767105175985,-0.46993158526512396
29.844845625004382,-0.013131827116012573,0.032873451709747314,-0.04821819067001343,-0.12495692074298859,0.7615087628364563,0.6343527436256409,-0.5233572568338097,-0.07269088639717101,-0.46519005711947886
29.85490062500321,0.027645468711853027,0.04684239625930786,-0.041744768619537354,-0.04169932007789612,0.7896099090576172,0.66557776927948,-0.5152318157237361,-0.07662584790727442,-0.45994437969186414
29.864956625002378,0.05794858932495117,0.011355042457580566,0.014466643333435059,0.023910583928227425,0.8403606414794922,0.7129532098770142,-0.5065948216261341,-0.08008767071488553,-0.4539442453437813
29.875011625001207,0.06669795513153076,-0.05406796932220459,0.07721138000488281,0.1264667958021164,0.9213505983352661,0.7754490971565247,-0.4971282978330929,-0.08308944692452787,-0.44699583618243793
29.885067625000374,0.06592419743537903,-0.042747318744659424,0.06820487976074219,0.2404196858406067,0.9901010394096375,0.8169125318527222,-0.4870061372578653,-0.08512748950323182,-0.4391377209784144
29.895122624999203,0.04923582077026367,-0.010246813297271729,0.02822202444076538,0.3218788504600525,1.014068365097046,0.818037211894989,-0.476242008826719,-0.08641435928895826,-0.430521209574729
29.90517862499837,0.02619767189025879,0.014773130416870117,-0.0021358728408813477,0.37386131286621094,0.9978618621826172,0.7774257659912109,-0.4654406205028201,-0.0868730412305301,-0.42179667351780653
29.915233625004475,0.019277125597000122,0.06005048751831055,-0.03283435106277466,0.4010993242263794,0.9529452919960022,0.7341464757919312,-0.4548810375026524,-0.08676602301383146,-0.4132331331434154
29.925289625003643,0.0057228803634643555,0.04757899045944214,-0.030240178108215332,0.4163518249988556,0.9181373715400696,0.7060174345970154,-0.44464254479423343,-0.0862757731666331,-0.4048309473911427
29.93534462500247,0.004864752292633057,0.01828312873840332,-0.01253211498260498,0.3806329667568207,0.9071478247642517,0.7101139426231384,-0.4346976838560181,-0.08568772765702344,-0.3966027741341018
29.94540062500164,0.031812697649002075,-0.01743263006210327,0.016696572303771973,0.22861450910568237,0.9209786653518677,0.7234352231025696,-0.42492864284415277,-0.08577326525483897,-0.38874164958986007
29.955455625000468,0.028880804777145386,-0.04690206050872803,0.06489747762680054,0.012608971446752548,0.8976467251777649,0.712727963924408,-0.41525636767847607,-0.08761673289879543,-0.38169903410016454
29.965511624999635,-0.0016180574893951416,-0.07339316606521606,0.08325666189193726,-0.10385288298130035,0.8356519341468811,0.6379486918449402,-0.4061739697271552,-0.09068941744951974,-0.37573659152357824
29.975566624998464,-0.010732829570770264,-0.006843090057373047,-0.01128166913986206,-0.12645167112350464,0.7621310949325562,0.5685136914253235,-0.397684048472214,-0.09416493101414694,-0.3706139059105316
29.985622625004908,0.0005058348178863525,0.07397884130477905,-0.08949768543243408,-0.11107941716909409,0.694333553314209,0.4876823127269745,-0.38997357542165384,-0.09732703799471559,-0.36617317927743265
29.995678625004075,-0.01904916763305664,0.06684613227844238,-0.08121240139007568,-0.07313256710767746,0.6426568031311035,0.4340933859348297,-0.3829029678880387,-0.09996643661836116,-0.3622455312901287
30.005733625002904,-0.020858347415924072,0.053268373012542725,-0.07107961177825928,-0.024601513519883156,0.6294424533843994,0.4151695966720581,-0.3762901265911286,-0.10192821801458919,-0.35854615517736665
30.01578962500207,0.00048804283142089844,0.037492334842681885,-0.04557853937149048,-0.004569748882204294,0.6508135199546814,0.4443192183971405,-0.369675338348752,-0.10351361960684098,-0.3546961071579068
30.0258446250009,0.021754801273345947,-3.075599670410156e-05,0.0072054266929626465,-0.0019362377934157848,0.7135123014450073,0.5311456918716431,-0.3625418538103079,-0.10520560082868442,-0.35024122343616887
30.035900625000068,0.04569190740585327,-0.0346144437789917,0.0387306809425354,-0.002138637937605381,0.8025740385055542,0.6266184449195862,-0.35440148308490216,-0.10717294037382549,-0.34477468666238026
30.045955624998896,0.07124891877174377,0.00023990869522094727,0.022744953632354736,0.006060480140149593,0.8373457193374634,0.6818699240684509,-0.3454628515690495,-0.10947782684653559,-0.3385212071385534
30.056011624998064,0.06322994828224182,0.0012483596801757812,0.023470938205718994,0.030586061999201775,0.8569329977035522,0.6909047365188599,-0.33626306521688404,-0.11158530477993481,-0.33194348572730414
30.06606662500417,0.034650057554244995,0.010682225227355957,0.01519542932510376,0.05678277835249901,0.8583205342292786,0.6680464148521423,-0.3270208480799876,-0.11341760847456073,-0.32538398518001355
30.076122625003336,-0.0039261579513549805,-0.03981250524520874,0.04641467332839966,0.21839964389801025,0.8262704610824585,0.616741955280304,-0.31796856131229984,-0.11415567475138637,-0.318892455942433
30.086177625002165,0.0037456750869750977,0.018252432346343994,-0.013533711433410645,0.5193962454795837,0.8198540806770325,0.5984470248222351,-0.30902089231580543,-0.11250577536749018,-0.31197333501136015
30.096233625001332,0.03921794891357422,0.10029798746109009,-0.06955116987228394,0.6957933902740479,0.8257519006729126,0.5728482007980347,-0.30003474906255284,-0.10824936903511578,-0.3044866758399674
30.10628862500016,0.040057241916656494,0.023071229457855225,-0.0005317926406860352,0.5926806330680847,0.8502157330513,0.5823377966880798,-0.29093064521092976,-0.10357059451799921,-0.29704509827029224
30.11634462499933,0.03754270076751709,-0.0485692024230957,0.09032732248306274,0.34485888481140137,0.8892310261726379,0.6137931942939758,-0.2816280095015765,-0.10060905911079951,-0.2899700984637817
30.126399624998157,0.023447871208190918,-0.08705246448516846,0.15338510274887085,0.006259818095713854,0.9395609498023987,0.6775526404380798,-0.2718256682285707,-0.1006494132718229,-0.28327868242276216
30.1364556250046,0.03051738440990448,-0.11387211084365845,0.14876484870910645,-0.21955439448356628,0.9738035798072815,0.7606914639472961,-0.26154644182459696,-0.10371275963113868,-0.2766047453469921
30.14651062500343,0.057436197996139526,-0.057680726051330566,0.034782469272613525,-0.24412468075752258,0.9539090991020203,0.7919297814369202,-0.2511930369367334,-0.10802087641262414,-0.26964529295478384
30.156566625002597,0.060993388295173645,0.005594909191131592,-0.06500792503356934,-0.1535942554473877,0.8911471962928772,0.7431414723396301,-0.24120538535828648,-0.11184803546669365,-0.2626192426475923
30.166622625001764,0.02650485932826996,0.059340059757232666,-0.1005820631980896,-0.033614229410886765,0.8120931386947632,0.6404638290405273,-0.2318075500840557,-0.11449457349867993,-0.2559963739250526
30.176677625000593,-0.01607590913772583,0.07440227270126343,-0.08571726083755493,0.07246267050504684,0.7358151078224182,0.5355786681175232,-0.22333256482317812,-0.11562529663587755,-0.2501404863735879
30.18673362499976,-0.03406478464603424,0.07322251796722412,-0.06142294406890869,0.11967479437589645,0.6760874390602112,0.458138108253479,-0.21573206586284868,-0.11570088718345671,-0.24506329762988727
30.19678862499859,-0.02345535159111023,0.06420135498046875,-0.04796099662780762,0.09607039391994476,0.6378750801086426,0.4122105538845062,-0.2085593800447014,-0.11553141090705327,-0.24051678612727626
30.206844625005033,-0.008043542504310608,0.035131633281707764,-0.01609361171722412,0.028122195973992348,0.6250462532043457,0.4151424169540405,-0.20179552179065605,-0.11576441891118189,-0.2363357677614008
30.21689962500386,0.011918127536773682,0.02438443899154663,0.009833097457885742,-0.0837838351726532,0.6481901407241821,0.431247353553772,-0.19489681378515356,-0.11685669131053372,-0.2321754159833401
30.22695562500303,0.01792396605014801,-0.00804680585861206,0.049498021602630615,-0.22137801349163055,0.6609621644020081,0.4483600854873657,-0.18797756713990754,-0.11914868881188226,-0.2281680843155406
30.237010625001858,0.018810823559761047,-0.02241981029510498,0.05262434482574463,-0.30268216133117676,0.6711838841438293,0.4830823838710785,-0.18082358322651285,-0.12267681503837516,-0.22408506576325363
30.247066625001025,0.025349631905555725,0.010981082916259766,-0.00678861141204834,-0.2812786102294922,0.6813837885856628,0.5065144896507263,-0.1734202052555121,-0.12650530550838976,-0.21963216642935482
30.257121624999854,0.010817185044288635,0.0217781662940979,-0.044209301471710205,-0.2324405163526535,0.6875759363174438,0.5085363388061523,-0.16606271491656613,-0.12985488396697586,-0.21504099848466618
30.26717762499902,-0.002623617649078369,0.027241826057434082,-0.03532266616821289,-0.18436317145824432,0.6969089508056641,0.49232956767082214,-0.15853720056171453,-0.1327132228642116,-0.2103781033269611
30.277232625005126,-0.006267383694648743,0.03794991970062256,-0.012889385223388672,-0.13622787594795227,0.7037591338157654,0.48079487681388855,-0.15085382998427108,-0.13510613549410525,-0.2057239999394552
30.287288625004294,0.0014399737119674683,0.03299432992935181,0.0018733739852905273,-0.10663224011659622,0.7115070819854736,0.48332512378692627,-0.14318346316649333,-0.13701072429023683,-0.20111140993713522
30.297343625003123,0.021243378520011902,0.02080899477005005,-0.004890263080596924,-0.05561992898583412,0.7306357622146606,0.5028432011604309,-0.13529424709825555,-0.13852267844326807,-0.19628741808215455
30.30739962500229,0.04167504608631134,0.010353684425354004,-0.009520530700683594,0.02477380447089672,0.7435446977615356,0.5253416299819946,-0.12714284481953747,-0.13935844121973165,-0.19109052078601302
30.317455625001458,0.04284311830997467,0.01007777452468872,0.001765608787536621,0.06604453921318054,0.7365613579750061,0.5131555795669556,-0.11894250332756146,-0.13959156670854947,-0.18579476161491118
30.327510625000286,0.06041945517063141,0.023796677589416504,-0.00372391939163208,0.1668356955051422,0.7106418013572693,0.5001401901245117,-0.11103465311130338,-0.1389750426622143,-0.1805934835377533
30.337566624999454,0.06194072961807251,0.04509323835372925,-0.008818626403808594,0.25579699873924255,0.6774641275405884,0.4662104547023773,-0.10342530982609267,-0.13734424887348332,-0.17551398684942834
30.347621624998283,0.03486719727516174,0.038914501667022705,-0.018276512622833252,0.2847942113876343,0.6230640411376953,0.3983387351036072,-0.0962451762118578,-0.13505689376255473,-0.17086780635173457
30.357677625004726,0.008815720677375793,0.023516178131103516,-0.0362163782119751,0.32930999994277954,0.5609551668167114,0.3446289002895355,-0.08978853148077617,-0.13236025185421452,-0.16687497100389692
30.367732625003555,0.012872621417045593,0.04874241352081299,-0.08632037043571472,0.4176538586616516,0.506102979183197,0.29573556780815125,-0.08411950572925625,-0.12887660605746032,-0.1633847911502827
30.377788625002722,0.019032105803489685,0.07184332609176636,-0.1059921383857727,0.4940386414527893,0.45814475417137146,0.2549383342266083,-0.0789933076837055,-0.12448975615429855,-0.16026670205092236
30.38784362500155,0.018940463662147522,0.04848122596740723,-0.08718860149383545,0.4580654501914978,0.4370618164539337,0.2287134975194931,-0.07405948348358897,-0.11985379787139168,-0.1574263781478103
30.39789962500072,0.011370092630386353,0.004055023193359375,-0.041732728481292725,0.2657063901424408,0.4523981511592865,0.2145223170518875,-0.06931980772697756,-0.11629769636826144,-0.15492695713820298
30.407954624999547,0.0061069875955581665,-0.0257413387298584,0.0220625102519989,-0.0251139048486948,0.4573391079902649,0.20591290295124054,-0.06446360044159014,-0.11526282740006477,-0.15273416666293943
30.418010624998715,-0.003331482410430908,-0.02389836311340332,0.07858043909072876,-0.19248665869235992,0.451876699924469,0.21063175797462463,-0.05963765889933268,-0.11657509172712555,-0.15069657758933944
30.42806562500482,0.0010517686605453491,0.019575834274291992,0.016882658004760742,-0.2092745155096054,0.4160931408405304,0.23276522755622864,-0.055027734983810896,-0.11883213631808914,-0.14859276851132913
30.438121625003987,0.01316043734550476,0.027949750423431396,-0.08191424608230591,-0.13398881256580353,0.36403688788414,0.23174098134040833,-0.05086775835280986,-0.12067538132477841,-0.14634027770583402
30.448176625002816,0.020477518439292908,-0.00029546022415161133,-0.13608837127685547,-0.07391642034053802,0.28574952483177185,0.19312994182109833,-0.04768278514760085,-0.12172224583579129,-0.14441642257712284
30.458232625001983,0.016182631254196167,0.01598489284515381,-0.13683199882507324,-0.030072001740336418,0.21509186923503876,0.15042774379253387,-0.045019076569830424,-0.122298177497568,-0.14272471461524697
30.468287625000812,0.010434150695800781,0.042196452617645264,-0.1274701952934265,-0.023658044636249542,0.16375252604484558,0.12817485630512238,-0.043094208323723224,-0.12258378556929482,-0.14141788536247513
30.47834362499998,0.013756558299064636,0.029413044452667236,-0.11396235227584839,-0.056658871471881866,0.1353653520345688,0.13224735856056213,-0.041547032490272646,-0.12298158966700892,-0.14016794081524564
30.488399624999147,0.021974176168441772,-0.012789368629455566,-0.06897923350334167,-0.1421097218990326,0.09839921444654465,0.13827192783355713,-0.040375327413985,-0.12397709758886113,-0.13891265888744425
30.49845462500525,0.027951836585998535,-0.036085546016693115,-0.028293132781982422,-0.25001993775367737,0.09180708974599838,0.14978690445423126,-0.039459254730286004,-0.1259693076954064,-0.13764370715662916
30.50851062500442,0.03520174324512482,-0.013764739036560059,-0.011748641729354858,-0.2994895875453949,0.08042792975902557,0.16667768359184265,-0.03853347889402662,-0.1288107313195004,-0.13621809634010487
30.518565625003248,0.03979986906051636,0.016721487045288086,-0.036773622035980225,-0.29874148964881897,0.06507906317710876,0.169244185090065,-0.03765751893372734,-0.13191346233931706,-0.13464155609094533
30.528621625002415,0.033248573541641235,0.023312270641326904,-0.051164448261260986,-0.2600979208946228,0.04242822155356407,0.15458498895168304,-0.036842873051062965,-0.1348571483177059,-0.13307594157071953
30.538676625001244,0.024554714560508728,0.020823299884796143,-0.06018596887588501,-0.1638302505016327,0.021580195054411888,0.1325920820236206,-0.03658799267735453,-0.13700253395313838,-0.13182011304207614
30.54873262500041,0.019767016172409058,0.0466044545173645,-0.06176307797431946,-0.017412621527910233,-0.007309642620384693,0.10635560005903244,-0.03662965867217679,-0.13791637500038825,-0.13078050217597714
30.55878762499924,0.023527204990386963,0.0587543249130249,-0.061430007219314575,0.07310768961906433,-0.02145768515765667,0.08364229649305344,-0.036718452292624715,-0.1376064002337106,-0.12982875259527563
30.568843624998408,0.02826175093650818,0.046642005443573,-0.04331815242767334,0.08049556612968445,-0.03144480660557747,0.07029485702514648,-0.03706199121524576,-0.1367757935735733,-0.12912673973400182
30.578898625004513,0.032782331109046936,0.020096898078918457,-0.010232806205749512,0.059644877910614014,-0.032152675092220306,0.0728301852941513,-0.0373728121565007,-0.13607576765697957,-0.12842802634041162
30.58895462500368,0.030895575881004333,0.0017913579940795898,0.02002081274986267,0.04602675884962082,-0.023009376600384712,0.08224309980869293,-0.03775415579244503,-0.13553063385104658,-0.127739604244336
30.59900962500251,0.026293709874153137,-0.008765339851379395,0.031477391719818115,0.034638550132513046,-0.0039744325913488865,0.09786174446344376,-0.037731527441195324,-0.13512790859546514,-0.1267593690785151
30.609065625001676,0.029903888702392578,-0.012019813060760498,0.03433850407600403,0.04176619276404381,0.018455108627676964,0.11830626428127289,-0.037491726051653164,-0.1347347102232408,-0.12560079158930676
30.619120625000505,0.028122276067733765,-0.01586073637008667,0.04347425699234009,0.05093732103705406,0.045172471553087234,0.1337621808052063,-0.036976713983661966,-0.13424835435651886,-0.12427161999724633
30.629176624999673,0.018360763788223267,-0.025430738925933838,0.0655331015586853,0.04356679692864418,0.05829879641532898,0.14298900961875916,-0.0361297756946902,-0.13374183446703797,-0.1227517717397505
30.6392316249985,0.020697101950645447,-0.014458060264587402,0.042749226093292236,0.04562249407172203,0.060149163007736206,0.1445951610803604,-0.035371475783956705,-0.13322538933030653,-0.12126028874025581
30.649287625004945,0.02977237105369568,0.0029451847076416016,-0.004267603158950806,0.060163263231515884,0.038840409368276596,0.12556958198547363,-0.03470632543332176,-0.13263252401089984,-0.11981049511119796
30.659343625004112,0.020576685667037964,0.005160689353942871,-0.005396664142608643,0.075859934091568,0.018387597054243088,0.09887831658124924,-0.034213539885631625,-0.13198905091343188,-0.11856165711619764
30.66939862500294,0.003498062491416931,0.009893178939819336,0.004970639944076538,0.06603535264730453,-0.0028151588048785925,0.06742894649505615,-0.034142136949686284,-0.13128384085870903,-0.11768982070826578
30.67945462500211,-0.0004200190305709839,0.024515748023986816,-0.011769473552703857,0.050295811146497726,-0.038733746856451035,0.04534734785556793,-0.034299424877272146,-0.13081589246658798,-0.11707120192409083
30.689509625000937,0.001779109239578247,0.006974518299102783,-0.03846186399459839,0.0022970340214669704,-0.07173483818769455,0.027745341882109642,-0.03494842362187508,-0.13062101697859713,-0.11669951282650992
30.699565625000105,-0.00648556649684906,-0.005888819694519043,-0.03437107801437378,-0.031108060851693153,-0.1015409380197525,0.019161975011229515,-0.03586567435777584,-0.13090585946242936,-0.11645439004857054
30.709620624998934,-0.016900524497032166,-0.007783293724060059,-0.026870816946029663,-0.054167263209819794,-0.10795076191425323,0.01848374679684639,-0.03701775955842684,-0.13153583751387277,-0.11629563485926656
30.7196766249981,-0.022232457995414734,-0.0010862350463867188,-0.02559685707092285,-0.06380604207515717,-0.11340252310037613,0.025846589356660843,-0.03800610395342778,-0.13233495863077482,-0.11599364599619559
30.729731625004206,-0.021348372101783752,-0.00403064489364624,-0.020334362983703613,-0.05481885001063347,-0.10819178074598312,0.04401898756623268,-0.039118700315171735,-0.13291884958197314,-0.11560566003846857
30.739787625003373,-0.01970374584197998,-0.007471144199371338,-0.007839679718017578,-0.0370853915810585,-0.09092970192432404,0.05898089334368706,-0.04032484973574148,-0.13330268580725596,-0.11519098964244211
30.749842625002202,-0.02105674147605896,-0.011244475841522217,0.006954312324523926,-0.021067677065730095,-0.07481637597084045,0.06515519320964813,-0.041328879677716125,-0.1335300407208965,-0.11470795611922674
30.75989862500137,-0.019037306308746338,-0.0055838823318481445,0.019460320472717285,-0.014755718410015106,-0.04994805157184601,0.07730453461408615,-0.041936671631417656,-0.13362476933172052,-0.11404574449762878
30.7699536250002,-0.016534656286239624,-0.0004425644874572754,0.020054608583450317,-0.014759713783860207,-0.03034345619380474,0.07809863239526749,-0.042320185139857115,-0.13360889745436413,-0.11333980777531347
30.780009624999366,-0.016632094979286194,0.004462480545043945,0.025897324085235596,-0.008686108514666557,-0.004530234262347221,0.07954366505146027,-0.04247196815373471,-0.13359731318870155,-0.1126568148659175
30.790064624998195,-0.01576240360736847,0.004328787326812744,0.029388070106506348,0.006864577531814575,0.01055084727704525,0.07540854811668396,-0.042365616454932344,-0.1334719596691452,-0.1120583597235168
30.800120625004638,-0.017148375511169434,0.007887482643127441,0.017794102430343628,0.009524809196591377,0.018034862354397774,0.054804738610982895,-0.041997812076403095,-0.13324173071709797,-0.11153962083312344
30.810175625003467,-0.02535143494606018,0.02961266040802002,0.0029326677322387695,0.009519881568849087,-0.0020737347658723593,0.018418580293655396,-0.04186574118076404,-0.13302424189994083,-0.11136775041017347
30.820231500001682,-0.03302764892578125,0.039583563804626465,0.0011966824531555176,0.010943607427179813,-0.023382484912872314,-0.019899247214198112,-0.0420873461028355,-0.13285646577504742,-0.1116106392892277
30.83028750000085,-0.030587345361709595,0.04232138395309448,-0.009699881076812744,0.006951795890927315,-0.058059241622686386,-0.06092013046145439,-0.04273254106399597,-0.13276550658460018,-0.11229739287094335
30.84034249999968,-0.026750177145004272,0.04713606834411621,-0.016457438468933105,0.0051389820873737335,-0.08436008542776108,-0.08921408653259277,-0.04357392320949832,-0.13281540561764307,-0.1132365856045014
30.850398499998846,-0.020794615149497986,0.04403442144393921,-0.018122732639312744,0.021821599453687668,-0.09953251481056213,-0.1045050248503685,-0.044785995920947765,-0.13272124123664145,-0.11441279915341646
30.86045350000495,-0.01935526728630066,0.0372501015663147,-0.0020412206649780273,0.055806998163461685,-0.09084102511405945,-0.11210381984710693,-0.04599109835654932,-0.1323747232765564,-0.11560904148355239
30.87050950000412,-0.021336838603019714,0.028137147426605225,0.028177082538604736,0.08369047194719315,-0.0791340321302414,-0.11034954339265823,-0.047201028991472854,-0.13162167027463073,-0.11685375852932768
30.880564500002947,-0.016284093260765076,0.0060672760009765625,0.039066195487976074,0.06173377111554146,-0.06032438948750496,-0.10316673666238785,-0.04816990773473718,-0.13083362799613665,-0.11801966589883171
30.890620500002115,-0.0034279972314834595,-0.003041684627532959,0.029002100229263306,0.03619237244129181,-0.037689387798309326,-0.09138352423906326,-0.04887451387656435,-0.13023998477766957,-0.11907845089289464
30.900675500000943,0.006507799029350281,0.003950297832489014,0.027918100357055664,0.03042529709637165,-0.013354485854506493,-0.06968355923891068,-0.049296415773028374,-0.12979825957157357,-0.11997226443116625
30.91073150000011,0.010577648878097534,-0.014886856079101562,0.02101987600326538,0.01257585920393467,0.010977352038025856,-0.059333473443984985,-0.04943497645591633,-0.12944855895546942,-0.12069737219799827
30.92078649999894,0.006935194134712219,-0.03530853986740112,0.027164876461029053,0.012631786055862904,0.025300897657871246,-0.05033757910132408,-0.04930529465616309,-0.1292079287086094,-0.12127951672306812
30.930842499998107,0.0038488954305648804,-0.03495413064956665,0.024935424327850342,0.027668792754411697,0.04350333660840988,-0.03024035505950451,-0.049061303247837335,-0.12885201891459458,-0.12173672458619644
30.940897500004212,0.00766029953956604,-0.031272053718566895,0.007759511470794678,0.06239854171872139,0.04916388541460037,-0.0058524576015770435,-0.048661490769316695,-0.12831593643284323,-0.12197031756976863
30.95095350000338,0.014522537589073181,-0.03935354948043823,-0.012185931205749512,0.0887397825717926,0.0476410910487175,0.011455053463578224,-0.04819995932225102,-0.12757630115432825,-0.1219597166465665
30.961008500002208,0.006133243441581726,-0.048363447189331055,-0.0012668371200561523,0.10226783901453018,0.03291087970137596,0.024641694501042366,-0.04777834875431891,-0.1267094242226661,-0.12175401724300473
30.971064500001376,-0.003221482038497925,-0.04069274663925171,-0.0026552677154541016,0.05923940986394882,0.028671393170952797,0.029251467436552048,-0.04745146293210269,-0.1259558110891031,-0.12146427612825453
30.981119500000204,-0.001694709062576294,-0.04876798391342163,-0.0006386637687683105,-0.024335110560059547,0.003980162553489208,0.030632583424448967,-0.04749873398435293,-0.12581897039395343,-0.12126494036637626
30.991175499999372,0.004124954342842102,-0.050186336040496826,-0.005734503269195557,-0.057184889912605286,-0.025632455945014954,0.03979393467307091,-0.04750703938518121,-0.1264120485064101,-0.12088161175441155
31.00123149999854,0.005176559090614319,-0.03672879934310913,-0.019740700721740723,-0.04573436453938484,-0.04452545568346977,0.042662158608436584,-0.04784000461856405,-0.12710145966925782,-0.12049586660159109
31.011286500004644,-0.00545307993888855,-0.02277463674545288,-0.023357510566711426,-0.04432990029454231,-0.06782519072294235,0.03287925198674202,-0.048655896663617644,-0.127687855230886,-0.1202820246959106
31.02134250000381,-0.011744514107704163,-0.02184128761291504,-0.018023252487182617,-0.055063504725694656,-0.0866561308503151,0.025263410061597824,-0.049539306801253,-0.12828245266791066,-0.12009337856113156
31.03139750000264,-0.007467195391654968,-0.01250159740447998,-0.014508455991744995,-0.05762413516640663,-0.09133131057024002,0.026158658787608147,-0.05052239415630328,-0.12887566472345707,-0.11990143131034985
31.041453500001808,-0.007213428616523743,-0.009160280227661133,-0.00861474871635437,-0.06351291388273239,-0.09112410992383957,0.030431434512138367,-0.05134670622044957,-0.12956611078065888,-0.11963741322865169
31.051508500000637,-0.008834406733512878,-0.015958070755004883,0.0032577216625213623,-0.06426575034856796,-0.07955840229988098,0.03938591480255127,-0.052087392400504876,-0.13030043675733785,-0.11931821864320954
31.061564499999804,-0.007090538740158081,-0.00567317008972168,0.012936443090438843,-0.05594390258193016,-0.06332644075155258,0.043745242059230804,-0.052687586025826814,-0.1309778006646356,-0.11894888614694703
31.071619499998633,-0.005376994609832764,0.0016999244689941406,0.020591706037521362,-0.05062530189752579,-0.04074949026107788,0.052079442888498306,-0.053035014584557984,-0.1315882920823856,-0.11846073269489893
31.081675500005076,-0.007869377732276917,0.003975629806518555,0.03171950578689575,-0.06671558320522308,-0.012928780168294907,0.054906390607357025,-0.053190126672538154,-0.13220051256110865,-0.11796181683634253
31.091730500003905,-0.008405357599258423,0.00920712947845459,0.04528731107711792,-0.07806678116321564,0.005264605395495892,0.05096230283379555,-0.05315120732976742,-0.13289655688096338,-0.11753653976602031
31.101786500003072,-0.009273067116737366,0.012203454971313477,0.03760582208633423,-0.057590000331401825,0.029264481738209724,0.050580140203237534,-0.05292619046667701,-0.1335400669565768,-0.11718270760767113
31.1118415000019,-0.011061087250709534,0.021949708461761475,0.026066243648529053,-0.012714938260614872,0.04553905501961708,0.04757550731301308,-0.05257561995576881,-0.13379881841058144,-0.11683880129990264
31.12189750000107,-0.012687653303146362,0.0300789475440979,0.016482770442962646,0.022781269624829292,0.05286834016442299,0.036265064030885696,-0.051904732171962,-0.13372056065730364,-0.11645311861319474
31.131952499999898,-0.016928449273109436,0.02460014820098877,0.01712784171104431,0.03809582069516182,0.03925466537475586,0.016907155513763428,-0.05127065192459605,-0.13348104268992395,-0.11620838571959988
31.142008499999065,-0.01783682405948639,0.015114128589630127,0.004991888999938965,0.04127510264515877,0.034714773297309875,0.006953858770430088,-0.05077344984644914,-0.13319903724582374,-0.116074574061128
31.15206350000517,-0.01552647352218628,0.011837661266326904,-0.004971146583557129,0.03254348412156105,0.03088008612394333,0.0007962040835991502,-0.050237128323701336,-0.13297305956130395,-0.11595575149054044
31.162119500004337,-0.0187302827835083,-0.0017479658126831055,0.011626482009887695,-0.00013642944395542145,0.02029961533844471,-0.01079600304365158,-0.04983281619460077,-0.13302281641797148,-0.11596389913494337
31.172175500003505,-0.022738546133041382,-0.010744154453277588,0.010669112205505371,-0.02497360110282898,0.011580690741539001,-0.010823327116668224,-0.04947679513671012,-0.1334815864473265,-0.11598756341589432
31.182230500002333,-0.014262646436691284,-0.0064337849617004395,-0.00723382830619812,-0.02755953185260296,0.006029598880559206,-0.01612035371363163,-0.049277046077285856,-0.13396444317470782,-0.11609732468885124
31.1922865000015,-0.01070946455001831,-0.002483367919921875,-0.009820133447647095,-0.031139442697167397,0.006643989589065313,-0.016337882727384567,-0.04916182929110683,-0.13433981494629743,-0.11625321048328041
31.20234150000033,-0.010381564497947693,-0.005779743194580078,0.000581204891204834,-0.04076303914189339,0.007067165803164244,-0.01701698824763298,-0.04899460008056135,-0.13472560817722284,-0.11639251231674898
31.212397499999497,-0.007399559020996094,-0.001067817211151123,-0.0005740225315093994,-0.03953230381011963,0.00513637438416481,-0.01638912223279476,-0.04887588721992416,-0.13514122766388847,-0.11659134202314375
31.222452499998326,0.0032570958137512207,0.008542001247406006,-0.014678657054901123,-0.030009107664227486,0.005378721747547388,-0.012781336903572083,-0.048739401211086324,-0.13546566700530674,-0.1167759837768119
31.23250850000477,0.009352341294288635,0.00994873046875,-0.01672416925430298,-0.018502652645111084,0.00465594045817852,-0.010509979911148548,-0.04855953052676947,-0.13567075021241898,-0.116899510813801
31.242563500003598,0.00651434063911438,-0.0003857612609863281,-0.003016263246536255,-0.010651654563844204,0.006258896552026272,-0.008803426288068295,-0.048578422827540664,-0.13585315921418714,-0.11717018810227099
31.252619500002766,0.006473451852798462,-0.002268671989440918,0.004418671131134033,0.0005503111751750112,0.005574997514486313,-0.012606899254024029,-0.04866616580437257,-0.13594700544418706,-0.11754599525692791
31.262674500001594,0.014173805713653564,0.010531187057495117,-0.007093310356140137,0.016275744885206223,0.0017280608881264925,-0.014817322604358196,-0.0488330097730089,-0.1357645903630133,-0.1179061820809053
31.272730500000762,0.02236822247505188,0.01722508668899536,-0.015131354331970215,0.025004476308822632,-0.005672197788953781,-0.011815754696726799,-0.04885897553436799,-0.13542811841348548,-0.11810687487273128
31.28278549999959,0.012462660670280457,-0.0014048218727111816,0.004129946231842041,-0.011143140494823456,-0.00437417346984148,-0.021071039140224457,-0.04899231431931514,-0.1353316430935361,-0.11837211759151076
31.292841499998758,0.007116034626960754,-0.007551670074462891,0.012241184711456299,-0.03889647498726845,-0.015876632183790207,-0.021971186622977257,-0.04912217723864417,-0.13559015032236144,-0.1186480004849163
31.302896500004863,0.013210505247116089,0.00787883996963501,-0.0010301768779754639,-0.030388740822672844,-0.022923089563846588,-0.027924949303269386,-0.04920816157216413,-0.1358493231745579,-0.11879653825548445
31.31295250000403,0.0188409686088562,0.01055973768234253,-0.008524954319000244,-0.02008252963423729,-0.02796724997460842,-0.02594560943543911,-0.049517609987778405,-0.13593387621609385,-0.1189983523083631
31.32300750000286,0.017396509647369385,0.004856467247009277,-0.0011072158813476562,-0.00406601233407855,-0.033841121941804886,-0.019601160660386086,-0.049886130868380556,-0.13603411467347729,-0.11920430590123593
31.333063500002027,0.01120862364768982,0.0006868243217468262,0.005670368671417236,0.003832257818430662,-0.027708258479833603,-0.011421339586377144,-0.05028078347792204,-0.13605629823634993,-0.11933870354576502
31.343119500001194,0.005220353603363037,-0.0015192031860351562,0.012489736080169678,0.01803196594119072,-0.02312442660331726,-3.7658337532775477e-05,-0.050679075990066894,-0.13581519287690272,-0.1193293751084369
31.353174500000023,0.0065957605838775635,-0.013141870498657227,0.011763125658035278,0.015641113743185997,-0.012344615533947945,0.013883882202208042,-0.05105541832287031,-0.13543046853833657,-0.11914294620873613
31.36323049999919,0.007895141839981079,-0.02249133586883545,0.0074683427810668945,-0.003605817910283804,-8.155708201229572e-05,0.021348990499973297,-0.05115037133188269,-0.13540146860288002,-0.11889174627106432
31.373285500005295,0.004901811480522156,-0.012410640716552734,0.01156964898109436,-0.017806902527809143,-0.0034425994381308556,0.011727388016879559,-0.05112383822834759,-0.13563139625251183,-0.11866706814133779
31.383341500004462,0.0022926628589630127,-0.005083620548248291,0.01202443242073059,-0.025709567591547966,-0.008508730679750443,0.002062510699033737,-0.05124290535744185,-0.13582292322111997,-0.11855454379063345
31.39339650000329,0.0039992183446884155,0.003008723258972168,-0.0016220808029174805,-0.0224919356405735,-0.0122294332832098,-0.01037684828042984,-0.0513832679369077,-0.13597518521886645,-0.11846551659866068
31.40345250000246,0.002605050802230835,0.004650413990020752,-0.004607111215591431,-0.03350197523832321,-0.018871624022722244,-0.024064963683485985,-0.05148665511502829,-0.13624815577475816,-0.1184769688565504
31.413507500001288,0.00030262768268585205,0.0033301115036010742,-0.001015305519104004,-0.03194256126880646,-0.02253946103155613,-0.025304531678557396,-0.051816122652039366,-0.1366046424951981,-0.11870486753832993
31.423563500000455,0.004768922924995422,0.009021461009979248,-0.009467720985412598,-0.008785577490925789,-0.022040918469429016,-0.01594911329448223,-0.05218027944637909,-0.13686824149258867,-0.11895700421746655
31.433618499999284,0.006672024726867676,0.002213716506958008,-0.011061012744903564,0.0025476375594735146,-0.02052997425198555,-0.012416190467774868,-0.05228140276598033,-0.13702932893238662,-0.11901401232977231
31.44367449999845,0.004279464483261108,-0.0035591721534729004,-0.00821775197982788,0.008198599331080914,-0.02101733162999153,-0.008887502364814281,-0.052426783776307835,-0.13713052999170774,-0.1190493294252284
31.453729500004556,0.0007996708154678345,-0.0035316944122314453,-0.002744346857070923,0.01852407492697239,-0.021970342844724655,-5.1959563279524446e-05,-0.052516743008416,-0.1371504842497641,-0.11899635570286517
31.463785500003723,0.002396121621131897,-0.002715468406677246,0.0016612410545349121,0.01978348381817341,-0.018723949790000916,0.004877551458775997,-0.0526557968296834,-0.13703221948999283,-0.11894050736317584
31.47384150000289,0.0050957053899765015,-0.005658268928527832,0.0033185184001922607,-0.0018056099070236087,-0.016792360693216324,0.001024969620630145,-0.05272044416449475,-0.13693560306919117,-0.11881740828169375
31.48389650000172,0.008749574422836304,-0.004263937473297119,0.008593827486038208,-0.012431089766323566,-0.020154600962996483,5.0252634537173435e-05,-0.052817576144822465,-0.1370075297794188,-0.11876261587533012
31.493952500000887,0.010733470320701599,0.004069983959197998,0.012097001075744629,-0.0006151769193820655,-0.01844911277294159,-0.0004432311106938869,-0.052843176987578046,-0.1371178907226298,-0.11868109909746989
31.504007499999716,0.01038043200969696,0.0039896368980407715,0.012506574392318726,0.01035251934081316,-0.019728494808077812,-0.006359177175909281,-0.05302225283321283,-0.13698695629288993,-0.11866671415881347
31.514063499998883,0.011486679315567017,0.008797407150268555,0.0047380030155181885,0.027465593069791794,-0.012303736060857773,-0.0010009236866608262,-0.05326104521568796,-0.13669658178822905,-0.11867003740987153
31.524118500004988,0.009853944182395935,0.006332278251647949,0.005441009998321533,0.03425692021846771,-0.013201486319303513,0.007651953026652336,-0.05337597047385485,-0.1363266879585568,-0.11859493562701226
31.534174500004156,0.005760565400123596,-0.006010890007019043,0.002502739429473877,0.03677023574709892,-0.01379350759088993,0.007831876166164875,-0.05348671204824387,-0.13598806399253074,-0.11849783842496414
31.544229500002984,0.0002928823232650757,-0.005254089832305908,-0.005496889352798462,0.04386542737483978,-0.021937187761068344,0.008358116261661053,-0.05368514629352453,-0.135604798954636,-0.11839342479263579
31.554285500002152,-0.005151435732841492,-0.0024775266647338867,-0.008046180009841919,0.02629748545587063,-0.030098045244812965,0.0014146965695545077,-0.05394899479823071,-0.13529158784355144,-0.11830247448773787
31.56434050000098,-0.007331863045692444,-0.00047600269317626953,-0.0014324188232421875,-0.011428321711719036,-0.03522356599569321,-0.0011693686246871948,-0.05441642024757607,-0.13525831681722492,-0.11831531456647763
31.574396500000148,-0.0073694586753845215,-0.00636821985244751,0.007652580738067627,-0.044198472052812576,-0.0459892600774765,-0.007239857688546181,-0.05482511409311865,-0.13565413050661101,-0.11829266989668702
31.584451499998977,-0.0063343346118927,-0.013341069221496582,0.014426112174987793,-0.05272005498409271,-0.050592534244060516,-0.010325396433472633,-0.055369082125019245,-0.1362395784312075,-0.11835723093165472
31.594507499998144,-0.007094874978065491,-0.0028423070907592773,0.01635703444480896,-0.038747161626815796,-0.04555036872625351,-0.016489654779434204,-0.05585341580894848,-0.136703000816419,-0.11840646179818427
31.60456250000425,-0.005977034568786621,0.003309905529022217,0.012868821620941162,-0.04350676387548447,-0.03881869837641716,-0.023293498903512955,-0.05641700029830714,-0.13709232740750998,-0.11861407686197206
31.614618500003417,0.0011178702116012573,0.009328842163085938,0.01085972785949707,-0.04289805144071579,-0.029930666089057922,-0.0220524650067091,-0.05696659781353595,-0.13750188743574554,-0.11892872938183617
31.624673500002245,-0.0009480863809585571,0.0038024187088012695,0.013098806142807007,-0.025881251320242882,-0.024050407111644745,-0.020771751180291176,-0.05734316788575223,-0.1378033102357644,-0.11922349592760545
31.634729500001413,-0.006251990795135498,0.00164031982421875,0.0067619383335113525,0.014688767492771149,-0.013619204051792622,-0.011341099627315998,-0.057453002250823906,-0.13779581592691417,-0.11938953706299206
31.64478550000058,-0.0072269439697265625,0.0011016130447387695,0.00392913818359375,0.02228223718702793,-0.00023468886502087116,-0.007341564167290926,-0.05734375376219289,-0.13759917950721456,-0.11944019051812546
31.65484049999941,-0.006927758455276489,-0.008448660373687744,0.01317712664604187,-0.005830356385558844,0.007532953284680843,-0.0012565073557198048,-0.05741411802837735,-0.1375228319945915,-0.11960169903273853
31.664896499998576,-0.005277156829833984,-0.013447403907775879,0.015862345695495605,-0.03020307421684265,0.011351926252245903,0.0029744566418230534,-0.0573301866199068,-0.137830246742167,-0.1196604276857994
31.67495150000468,-0.0014669150114059448,-0.009577691555023193,0.008029311895370483,-0.031671494245529175,0.011713983491063118,0.011732235550880432,-0.05727429739693483,-0.13822765943575108,-0.11968060596524056
31.68500750000385,-0.0015873163938522339,-0.0046732425689697266,0.004299432039260864,-0.024168573319911957,0.01022154651582241,0.006588339805603027,-0.057212899175387494,-0.13853901138920713,-0.11966627567074592
31.695062500002678,-0.005833789706230164,-0.0036491751670837402,0.007131069898605347,-0.026542026549577713,0.010460300371050835,0.004122918471693993,-0.05734347483676924,-0.13874757498574997,-0.11970871094215674
31.705118500001845,-0.006969913840293884,0.00045555830001831055,0.005124330520629883,-0.02122449316084385,0.001440173014998436,-0.00016610254533588886,-0.057406571893493526,-0.1390101726444041,-0.11976571151178572
31.715173500000674,-0.0051990896463394165,0.0070337653160095215,-0.006423592567443848,-0.009332679212093353,-0.007542935200035572,-0.0020147094037383795,-0.057692127656693744,-0.13911182891512067,-0.11995876335955656
31.72522949999984,-0.0053011029958724976,0.0008092522621154785,-0.014759361743927002,-0.011886917054653168,-0.019998006522655487,-0.0097253592684865,-0.05803441466443361,-0.13917205096154245,-0.12016762095443702
31.73528449999867,-0.009410396218299866,-0.0029776692390441895,-0.012855887413024902,-0.010445880703628063,-0.02574271149933338,-0.01322102453559637,-0.058272638317197145,-0.13936580878403101,-0.12035121076273758
31.745340500005113,-0.010098546743392944,0.0009565949440002441,-0.010948985815048218,-0.005857520736753941,-0.02453763224184513,-0.013541135936975479,-0.058466204932884805,-0.13958597368926154,-0.12048219597245972
31.755395500003942,-0.007726430892944336,-0.003556668758392334,-0.0011168122291564941,-0.003061734139919281,-0.02187979593873024,-0.010921385139226913,-0.058671485258039204,-0.13972408286889795,-0.1206077008078522
31.76545150000311,-0.007178768515586853,-0.00517040491104126,0.003574371337890625,-0.003516868222504854,-0.01641525700688362,-0.002405128674581647,-0.05897192040952603,-0.13976511277618248,-0.12073577041769902
31.77550650000194,-0.007455170154571533,-0.008126556873321533,0.008142054080963135,-0.016872355714440346,-0.011402654461562634,0.0013589831069111824,-0.05918022199241296,-0.13988523795796226,-0.12083552910309056
31.785562500001106,-0.0025038421154022217,-0.011500537395477295,0.013451159000396729,-0.022747023031115532,-0.00039767450653016567,0.009394805878400803,-0.05931868306313015,-0.14008558113638717,-0.12087874592555276
31.795617499999935,-0.0008501708507537842,-0.011679589748382568,0.013341367244720459,-0.008328667841851711,0.005817611236125231,0.01748538203537464,-0.05911692818655851,-0.14021506638890108,-0.12069964804850461
31.805673499999102,0.00032435357570648193,-0.013895392417907715,0.010895073413848877,0.008481471799314022,0.02512473054230213,0.027724703773856163,-0.058904857052621336,-0.14011576319720526,-0.12049562384823317
31.81572949999827,-0.0012457668781280518,-0.01408851146697998,0.02161392569541931,-0.009968375787138939,0.03357360512018204,0.022384800016880035,-0.05850974121254128,-0.14004800048386012,-0.1202645200932959
31.825784375003423,0.0038372576236724854,-0.011554479598999023,0.028066009283065796,-0.030396953225135803,0.036869000643491745,0.021313143894076347,-0.05801332380610367,-0.14023095842138666,-0.12009409990316641
31.83584037500259,0.01281970739364624,0.0001035928726196289,0.018846124410629272,-0.024777503684163094,0.04431173950433731,0.022654365748167038,-0.057584657170324974,-0.14052404086091463,-0.11995837981184337
31.84589537500142,0.009183794260025024,0.0008646249771118164,0.011841654777526855,-0.01513100229203701,0.047881439328193665,0.02056271955370903,-0.05714730897786726,-0.1407433584616162,-0.11983143845486434
31.855951375000586,0.0023420006036758423,-0.005036711692810059,0.011928558349609375,-0.02020530216395855,0.05050811544060707,0.02264978364109993,-0.056713992523111045,-0.14096605456309347,-0.11972184691245912
31.866006374999415,0.001610100269317627,-0.009061574935913086,0.01586213707923889,-0.03905621916055679,0.04664812982082367,0.017827065661549568,-0.056134077741924554,-0.14138736804338398,-0.11953387615709833
31.876062374998583,-0.0018806159496307373,-0.007048189640045166,0.01445305347442627,-0.05030039697885513,0.03832029178738594,0.021894272416830063,-0.05574921127224059,-0.1419596782522508,-0.11941126718143218
31.886117375004687,0.005354598164558411,-0.0029454827308654785,-0.0031151771545410156,-0.04845695570111275,0.028317460790276527,0.019203146919608116,-0.05534895190784383,-0.1425739902870669,-0.11919686722651177
31.896173375003855,0.003689303994178772,-0.003748595714569092,-0.016238749027252197,-0.05163086578249931,0.011493072845041752,0.01176959928125143,-0.05510517652420374,-0.1432508344933186,-0.11908138342635341
31.906228375002684,-0.0008292943239212036,0.0036742687225341797,-0.016523152589797974,-0.04644995182752609,0.0049930959939956665,0.010759728029370308,-0.05505644939188241,-0.14394350721165663,-0.1190043636033979
31.91628437500185,-0.005869820713996887,0.0037291646003723145,-0.009692490100860596,-0.03788074478507042,-0.002436723792925477,0.00939887948334217,-0.05528985814826983,-0.1443983398450774,-0.11896305337740926
31.92633937500068,-0.00650063157081604,0.0029085278511047363,-0.007454276084899902,-0.023836033418774605,-0.004716123454272747,0.012231684289872646,-0.05536186031411949,-0.144749708648997,-0.11884609852231383
31.936395374999847,-0.0037871599197387695,0.0032154321670532227,-0.008867323398590088,-0.022410353645682335,-0.001560543547384441,0.018823379650712013,-0.0553536028232956,-0.14505477805182007,-0.11868625426839402
31.946450374998676,-0.003385797142982483,-0.001288771629333496,-0.004065752029418945,-0.027386469766497612,0.010191986337304115,0.020876144990324974,-0.05510578955864557,-0.1454698901733344,-0.11841053904154919
31.95650637500512,-0.0028580278158187866,-0.005145370960235596,0.0026558637619018555,-0.018160657957196236,0.013474598526954651,0.030398225411772728,-0.05465556675720107,-0.1458856500304496,-0.11802990345834138
31.96656137500395,-0.006088748574256897,-0.0009444952011108398,0.004366457462310791,-0.008281663060188293,0.021569276228547096,0.035362355411052704,-0.05411266693116117,-0.14608076562122874,-0.11751516364298482
31.976617375003116,-0.004883021116256714,-0.0027097463607788086,0.00481724739074707,-0.03259499371051788,0.024337099865078926,0.02941940538585186,-0.0536513407118015,-0.14626393825217068,-0.11709008601517017
31.986673375002283,-0.0016993880271911621,-0.0052751898765563965,0.007625699043273926,-0.052224088460206985,0.022844931110739708,0.02671443298459053,-0.05328909409353999,-0.1466279858416829,-0.11678846952259421
31.996728375001112,0.0024352818727493286,0.004925191402435303,0.004150390625,-0.04075203090906143,0.013331187888979912,0.021339615806937218,-0.05304929599021443,-0.14704683026458826,-0.11661158780346921
32.00678437500028,-0.0008605718612670898,0.009601116180419922,-0.0006618499755859375,-0.03446537256240845,0.013396700844168663,0.011743713170289993,-0.05286282839901941,-0.1473722763040295,-0.11649306433560615
32.01683937499911,-0.004039794206619263,0.00855708122253418,-0.0020924806594848633,-0.02933630347251892,0.004143547732383013,0.005072015803307295,-0.05276346664835741,-0.1476276978024531,-0.11646263194031704
32.026895374998276,0.0001437067985534668,0.008715152740478516,-0.001636803150177002,-0.0215151309967041,0.0019261999987065792,0.002078356221318245,-0.052646086396899154,-0.14787637670372816,-0.11643089991182959
32.03695037500438,0.0007819831371307373,0.0034652352333068848,0.007734119892120361,-0.008791214786469936,0.0005936874076724052,0.005100111942738295,-0.05256433912631565,-0.14807521112002633,-0.11641021465732361
32.04700637500355,-0.005419626832008362,0.0031221508979797363,0.014924168586730957,-0.003963968716561794,0.008185559883713722,0.009548656642436981,-0.05242586683132213,-0.1481607313044519,-0.11633208772149656
32.05706137500238,-0.0022487491369247437,-0.007793903350830078,0.007803171873092651,-0.021689968183636665,0.011164039373397827,0.013997146859765053,-0.05219877018647941,-0.14833954139892058,-0.11619755540501542
32.067117375001544,0.003153681755065918,-0.010212540626525879,0.00497668981552124,-0.0298959668725729,0.016680510714650154,0.017252063378691673,-0.05196278743201315,-0.14869352319960488,-0.11602033932418183
32.07717237500037,0.0015290230512619019,0.0014072060585021973,0.0058348774909973145,-0.021825479343533516,0.014958911575376987,0.01688004657626152,-0.05170261045885087,-0.14897325184826193,-0.11580057907170721
32.08722837499954,-0.004962936043739319,0.001103520393371582,0.0061241984367370605,-0.012423721142113209,0.01842741295695305,0.014867761172354221,-0.05156883997320431,-0.14909909212848546,-0.11567589385315204
32.09728337499837,-0.004189595580101013,-0.000852048397064209,0.0015268325805664062,-0.019240571185946465,0.011679627932608128,0.005463633220642805,-0.05149449781828679,-0.149177484097631,-0.11563390083776326
32.10733937500481,-0.001194089651107788,0.0018997788429260254,-0.0014382600784301758,-0.030811205506324768,0.010995196178555489,0.002555461600422859,-0.051225089127683095,-0.14943184020508368,-0.11552182212134093
32.11739437500364,0.000646740198135376,0.007950186729431152,0.0004444122314453125,-0.022164588794112206,0.007937220856547356,0.00021078792633488774,-0.05111257816147279,-0.14974217532320402,-0.11550303225348281
32.12745037500281,-0.0022684037685394287,0.007049560546875,0.0020945072174072266,-0.005568567663431168,0.007569971028715372,-0.0010989547008648515,-0.05105069632318332,-0.1499348137505869,-0.11556183293344624
32.13750537500164,-0.00021138787269592285,0.0076937079429626465,-0.0026824474334716797,-0.0018193696159869432,0.004118514247238636,-0.006456009577959776,-0.051019915704671966,-0.1499966106087214,-0.11564564634965006
32.147561375000805,0.00139637291431427,0.005346715450286865,-0.007117092609405518,-0.010769722051918507,0.0016678732354193926,-0.015504898503422737,-0.05090576004812123,-0.15014405677321455,-0.11568075344272981
32.157616374999634,0.0009144842624664307,0.0074079036712646484,-0.00567173957824707,-0.009949468076229095,-0.00446298997849226,-0.014705737121403217,-0.05103476819872205,-0.15024139145020826,-0.11588021780931608
32.1676723749988,0.0010462850332260132,0.006875038146972656,-0.005759716033935547,-0.008578739129006863,-0.01120771188288927,-0.019131110981106758,-0.05106877534105913,-0.15035322390493078,-0.11604920526752589
32.177728375005245,0.0014302879571914673,0.005118429660797119,-0.007083237171173096,-0.0053075337782502174,-0.01830144040286541,-0.01724807173013687,-0.05112823544274022,-0.15044035469047193,-0.11618940955332359
32.187783375004074,0.0009937286376953125,0.0028342604637145996,-0.015555322170257568,-0.005088355392217636,-0.020905746147036552,-0.01833117939531803,-0.051236796022171946,-0.15048846601016894,-0.11630773901595538
32.19783937500324,-0.000572502613067627,0.0013000965118408203,-0.00960320234298706,-0.0060355085879564285,-0.02736164815723896,-0.021334823220968246,-0.05132598397632431,-0.15055439208633017,-0.11639900845588488
32.20789437500207,0.0024287253618240356,0.002608180046081543,-0.0017243027687072754,-0.011393256485462189,-0.03176917880773544,-0.022092226892709732,-0.051493677280774516,-0.1506675005172256,-0.11654092515258459
32.21795037500124,0.001162603497505188,0.0009217262268066406,0.004358768463134766,-0.017250124365091324,-0.032895561307668686,-0.01767422817647457,-0.051787023676586955,-0.1507618538011288,-0.11670566272629421
32.228005375000066,0.0014795809984207153,-0.006398916244506836,0.006765425205230713,-0.024047043174505234,-0.02810347080230713,-0.013778824359178543,-0.05193750694865853,-0.15096444457964156,-0.11675997066290189
32.23806137499923,0.005066573619842529,-0.005115807056427002,0.007477492094039917,-0.018212946131825447,-0.021092699840664864,-0.008629228919744492,-0.051837585762586846,-0.15123185182524004,-0.11666921328520241
32.24811637499806,0.007600903511047363,0.00037997961044311523,0.010687559843063354,-0.00699304835870862,-0.015280883759260178,-0.003928749356418848,-0.051840026205919806,-0.15135182482367202,-0.11662743067482004
32.258172375004506,0.006341263651847839,0.0034035444259643555,0.008460968732833862,0.008597185835242271,-0.00888183992356062,-0.0026825498789548874,-0.051744269394536614,-0.15133922563326704,-0.11653169656838977
32.268227375003335,0.007423132658004761,-8.71419906616211e-05,0.002291172742843628,0.015055883675813675,-0.007632284425199032,0.002182512544095516,-0.05164949757476779,-0.1511708757369848,-0.11643665586421961
32.2782833750025,0.005938678979873657,-0.0038820505142211914,0.0047876834869384766,0.01922697201371193,-0.0028959857299923897,-0.0004988911678083241,-0.051575618365244554,-0.15096181491029476,-0.1163647619461221
32.28833837500133,0.0011674761772155762,-0.007006704807281494,0.011037111282348633,0.011265983805060387,0.0010103390086442232,-0.0022137004416435957,-0.0513646086099943,-0.15084242226285868,-0.11623256673246933
32.2983943750005,0.0006415247917175293,-0.008612215518951416,0.005788326263427734,0.009746117517352104,0.0054737962782382965,0.002764439908787608,-0.051166097419813636,-0.15082000536048118,-0.11613236340011458
32.30844937499933,-0.00033949315547943115,-0.007145524024963379,0.002195000648498535,0.011983439326286316,0.002928347559645772,0.0005111392820253968,-0.05108867146101512,-0.15077611790578282,-0.11610000149125878
32.318505374998495,-0.0060113221406936646,-0.01103287935256958,0.012006491422653198,0.013008312322199345,0.002996524330228567,0.0016078823246061802,-0.051094891767833175,-0.1507025000942596,-0.11607116299089647
32.32856137500494,-0.007711097598075867,-0.008227288722991943,0.008500277996063232,0.007086773868650198,-0.003084803931415081,0.0027445193845778704,-0.051233520841689216,-0.1506278928435197,-0.11608600980534498
32.33861637500377,-0.0006235688924789429,-0.004860520362854004,-0.004297465085983276,-0.0009863771265372634,-0.012786833569407463,-0.002069224137812853,-0.05133757784329327,-0.15063397227444814,-0.11605025694760253
32.348672375002934,-0.00038324296474456787,-0.008696675300598145,-0.0014034807682037354,-0.016328316181898117,-0.017805825918912888,-0.008035770617425442,-0.05157943700073998,-0.150724720878417,-0.1160980252044859
32.35872737500176,-0.00397297739982605,-0.005442023277282715,0.002438068389892578,-0.029333019629120827,-0.0183417871594429,-0.011454656720161438,-0.051848234944915285,-0.1509690635620489,-0.11620147819114067
32.36878337500093,-0.004512861371040344,-0.003657042980194092,0.009339392185211182,-0.033957596868276596,-0.017024854198098183,-0.010452508926391602,-0.052045577375943904,-0.15138441403327194,-0.11632267227262504
32.37883837499976,0.0008300989866256714,0.00014716386795043945,0.008170008659362793,-0.015792664140462875,-0.010762830264866352,-0.0022017962764948606,-0.052173906053494895,-0.15170724594113066,-0.11639412137847349
32.38889437499893,0.003209024667739868,-0.00016760826110839844,0.004864990711212158,-0.010148627683520317,-0.007704722695052624,0.0005969196208752692,-0.05242003567769639,-0.15181876873444275,-0.11651548424558465
32.39894937500503,0.000999167561531067,-0.005674839019775391,0.015707671642303467,-0.014708402566611767,0.002647517016157508,-0.003099174937233329,-0.05253273618269975,-0.1520141557993638,-0.11663989071889609
32.4090053750042,5.054473876953125e-05,-0.0013725757598876953,0.01705324649810791,-0.008239851333200932,0.004482967779040337,0.002261501969769597,-0.05237821932102615,-0.15222990686684565,-0.11664726767462791
32.41906037500303,0.002387627959251404,0.005047202110290527,0.009693443775177002,-0.004849869292229414,0.012700017541646957,0.005970939062535763,-0.05236365934939725,-0.15223904116280554,-0.11667611281483257
32.429116375002195,-0.0012126117944717407,-0.0010622739791870117,0.009934782981872559,-0.0034378613345324993,0.01437434647232294,0.0034736928064376116,-0.05213532956846396,-0.15229989323751358,-0.11658885109309548
32.439171375001024,-0.003389492630958557,-0.002506852149963379,0.008214831352233887,-0.004511736333370209,0.01788759045302868,0.004610489588230848,-0.05172517467175542,-0.1524338904934317,-0.11646102998099148
32.44922737500019,-0.0005879104137420654,0.011457979679107666,-0.0006111264228820801,0.014106689020991325,0.011561516672372818,0.005833413451910019,-0.051363608092844903,-0.1524959300666231,-0.11634388722170937
32.45928237499902,-0.004080235958099365,0.006403684616088867,-0.001241445541381836,0.013375917449593544,0.00868956372141838,-0.0014773898292332888,-0.05130618825293644,-0.15237099589664344,-0.11632556243490906
32.46933837499819,-0.010160312056541443,-0.0036541223526000977,-0.0003758668899536133,-0.006059033330529928,0.010320750065147877,-0.003926965408027172,-0.051149326638520815,-0.15237879437549323,-0.1162996789406598
32.47939337500429,-0.008344337344169617,0.0006675124168395996,0.0029127299785614014,-0.005739542655646801,0.002023938111960888,-0.0075525930151343346,-0.05093556320955805,-0.15258557108095575,-0.11627699480250969
32.48944937500346,-0.008063316345214844,0.0025184154510498047,-0.0012033581733703613,1.7146463505923748e-05,0.0023070317693054676,-0.010215753689408302,-0.05087591001175868,-0.15272175800192542,-0.11634189241062239
32.49950437500229,-0.006209537386894226,-0.0020222067832946777,-0.00588071346282959,0.0034283450804650784,0.0019316594116389751,-0.01106351800262928,-0.050818409684691736,-0.15274515189057744,-0.11638703401364059
32.509560375001456,-0.004412367939949036,-0.0015593767166137695,-0.0030554234981536865,0.006833995692431927,-0.00041165598668158054,-0.009665092453360558,-0.05092501517392573,-0.15271394678046016,-0.11654098707699602
32.51961637500062,-0.002152383327484131,-0.0013628005981445312,0.002856820821762085,0.011887254193425179,0.009222861379384995,-0.0025833207182586193,-0.05063344031589957,-0.1527057903603138,-0.11648403349110276
32.52967137499945,-0.0010086596012115479,-0.0071485042572021484,0.01030576229095459,0.007970010861754417,0.018241923302412033,0.0011549585033208132,-0.05044158688894171,-0.1525873077707757,-0.11645699865616548
32.53972737499862,-0.0011123716831207275,-0.0096665620803833,0.016220539808273315,-0.001886037178337574,0.024737507104873657,0.0062043918296694756,-0.05029729973880615,-0.15252093234689576,-0.11646258905414161
32.549782375004725,0.003115326166152954,0.001843571662902832,0.009556174278259277,0.011670251376926899,0.03197917342185974,0.009797262027859688,-0.04999684879333917,-0.15248253702532202,-0.11643238569360548
32.55983837500389,0.00544382631778717,0.0018411874771118164,0.011173129081726074,0.016727637499570847,0.03373459726572037,0.010481295175850391,-0.04979992788307819,-0.1523142141464472,-0.11644489496603957
32.56989337500272,0.002291947603225708,-0.007239341735839844,0.013546347618103027,0.01343916729092598,0.03670961409807205,0.014425702393054962,-0.04939358871491849,-0.15217096143806294,-0.11634165438473414
32.57994937500189,0.0025220513343811035,-0.007298469543457031,0.010016977787017822,0.012208475731313229,0.04364088922739029,0.01652057282626629,-0.04873999025301237,-0.15206938544838333,-0.1160996538138444
32.59000437500072,0.002613469958305359,-0.009895145893096924,0.009203076362609863,-0.014337913133203983,0.04239426180720329,0.014008944854140282,-0.04829140116240109,-0.15206110564911068,-0.11597232709951105
32.600060374999885,-0.0006161332130432129,-0.014705955982208252,0.016467779874801636,-0.03433811664581299,0.04180264100432396,0.01608293503522873,-0.04785372499325296,-0.15236855544309158,-0.11583727903482974
32.61011537499871,0.0012732893228530884,-0.007698118686676025,0.007373332977294922,-0.019462767988443375,0.028964076191186905,0.017693614587187767,-0.04750871756243288,-0.15272733504651212,-0.1156957332200691
32.62017137500516,0.005606070160865784,-0.0028890371322631836,-0.00688016414642334,-0.0011585947358980775,0.022872360423207283,0.01606610417366028,-0.04720050735944787,-0.15293421976695923,-0.11553591961806237
32.630226375003986,0.001348644495010376,-0.004374802112579346,-0.005104660987854004,-0.004082479514181614,0.021667545661330223,0.013897225260734558,-0.04683898936059607,-0.15303758277821117,-0.11529257762879024
32.64028237500315,-0.0014528483152389526,-0.007257699966430664,-0.0013821721076965332,-0.011954517103731632,0.022083798423409462,0.016920872032642365,-0.0465259224980656,-0.15320831621687364,-0.1150687253519862
32.65033737500198,0.0017583370208740234,-0.0076315999031066895,-0.0022455453872680664,-0.003007361199706793,0.02134423889219761,0.025102902203798294,-0.04641971745216716,-0.15335524562703765,-0.11492382913695981
32.66039337500115,-0.0004944652318954468,-0.009113073348999023,0.0022762417793273926,0.008335752412676811,0.01786668412387371,0.023624476045370102,-0.046141748005371214,-0.15342030163164933,-0.11464658929825007
32.67044837499998,-0.0014507025480270386,-0.0061547160148620605,-0.0022956132888793945,-0.00016212882474064827,0.015004051849246025,0.023334190249443054,-0.04589219637668414,-0.153477127737072,-0.11438406146698665
32.680504374999146,-0.004178732633590698,-0.001992940902709961,-0.00426328182220459,-0.008894589729607105,0.010659237392246723,0.02248743735253811,-0.045617556159302804,-0.15369118406192683,-0.11411253980230994
32.69056037499831,-0.002977430820465088,0.002118408679962158,0.00019758939743041992,0.0006379290716722608,0.0042902883142232895,0.020052243024110794,-0.04532936197695865,-0.15384878100031832,-0.11380619993900819
32.70061537500442,-0.004525110125541687,0.003351569175720215,0.0009979009628295898,0.0063942186534404755,0.004378838464617729,0.01625705324113369,-0.045098736737944456,-0.1538274631676961,-0.11350425590379655
32.710671375003585,-0.006179437041282654,0.004164636135101318,0.0013278424739837646,0.0008982532890513539,0.004282964393496513,0.014037040993571281,-0.044851573032895525,-0.15382450383764706,-0.11326150147372466
32.720726375002414,-0.0060655176639556885,0.003082573413848877,0.002837657928466797,-0.006775512360036373,0.004800283350050449,0.01319684088230133,-0.044775821070503825,-0.15388108524994504,-0.11314638303089225
32.73078237500158,-0.005404353141784668,0.0027982592582702637,0.004293680191040039,-0.0037490958347916603,0.005749966483563185,0.013123604469001293,-0.0447294488094683,-0.15393990200710286,-0.11304511803268809
32.74083737500041,-0.0067392438650131226,0.001404404640197754,0.00989118218421936,-0.0008712842245586216,0.010628610849380493,0.008925076574087143,-0.04445303606971146,-0.15404850080188667,-0.11285709208385138
32.75089337499958,-0.004519850015640259,0.005015015602111816,0.005280405282974243,-0.00021268450655043125,0.014223079197108746,0.0070555382408201694,-0.044157886322737684,-0.15410723898167084,-0.11270608243024949
32.76094837499841,-0.0023005157709121704,0.007322788238525391,0.00497126579284668,-0.0004143302794545889,0.014689799398183823,0.00505803432315588,-0.04368474334831129,-0.15417539911140646,-0.11250867193317377
32.77100437500485,-0.0038217753171920776,0.006953597068786621,0.006673455238342285,-0.000569059862755239,0.016249079257249832,-0.002955417614430189,-0.0433957041895137,-0.15420079780836587,-0.11244111111205513
32.78105937500368,-0.008117258548736572,0.006381034851074219,0.004367798566818237,-0.004324693698436022,0.016529643908143044,-0.008258650079369545,-0.043146034412453446,-0.15422794075807744,-0.11248223717225844
32.791115375002846,-0.00777454674243927,0.007235884666442871,-0.0004221200942993164,-0.001936903689056635,0.011445136740803719,-0.010512216947972775,-0.04281586114176444,-0.15430772206105783,-0.11251462528957072
32.801170375001675,-0.007461756467819214,0.00782632827758789,-0.005044221878051758,0.01008580345660448,0.011801334097981453,-0.013057000003755093,-0.042438997702489205,-0.15432705637891592,-0.11251981179788893
32.81122637500084,-0.00877062976360321,0.0015263557434082031,-0.0015097856521606445,0.010602722875773907,0.008407402783632278,-0.014722540974617004,-0.04227414626235229,-0.15424727330310517,-0.11263205318635071
32.82128137499967,-0.005842909216880798,-0.0020322203636169434,-0.0017240047454833984,0.0005773423472419381,0.009104883298277855,-0.014323227107524872,-0.04227094850812186,-0.15421182353552437,-0.11282828255637344
32.83133749999979,-0.001922607421875,-0.004790067672729492,-0.002795487642288208,-0.006811864208430052,0.006869159638881683,-0.013824949972331524,-0.042133145549211964,-0.15428576969485197,-0.11295625320765014
32.84139249999862,0.0015330314636230469,-0.004891574382781982,-0.0006809532642364502,0.003208367619663477,0.007539743557572365,-0.011046900413930416,-0.04184289935972693,-0.15436556794306405,-0.11294335976732096
32.85144850000506,0.0016874819993972778,-0.0031327009201049805,0.0012935400009155273,0.0035761501640081406,0.005113338120281696,-0.01462539006024599,-0.041722516492265306,-0.15433360642532665,-0.11302969222641397
32.86150450000423,0.005285769701004028,-0.004023313522338867,0.0022277235984802246,-0.00043035350972786546,0.008153736591339111,-0.010940080508589745,-0.04172613989796703,-0.15429181221357297,-0.11322854899566495
32.87155950000306,0.010905727744102478,-0.0024738311767578125,0.0022735595703125,0.006470163352787495,0.007857060059905052,-0.008787713944911957,-0.04162909492877705,-0.154261192400687,-0.11333083759995895
32.881615500002226,0.011734336614608765,-0.0060768723487854,-0.0010986626148223877,0.008593413047492504,0.005875134840607643,-0.002060302533209324,-0.04141505148884463,-0.1541697757381953,-0.11331651049051757
32.891670500001055,0.006295725703239441,-0.009767711162567139,0.0023933053016662598,0.00919848307967186,0.00900967512279749,0.005494286306202412,-0.041386822470872636,-0.15405260438380225,-0.11337346707855217
32.90172650000022,0.006882399320602417,-0.010379374027252197,0.006266981363296509,0.007803785149008036,0.010998791083693504,0.007977311499416828,-0.04117542179257707,-0.1539992617993353,-0.11328055397737297
32.91178149999905,0.00839298963546753,-0.008192598819732666,0.0042247772216796875,0.005305740050971508,0.0036492650397121906,0.007724311202764511,-0.04100699511108303,-0.15396605875081285,-0.11317074127528909
32.92183749999822,0.01169818639755249,-0.0036571621894836426,0.004828453063964844,0.005117632448673248,0.0007871659472584724,0.00747684994712472,-0.04076283494394848,-0.15399884693121527,-0.1129820734259157
32.931892500004324,0.008431553840637207,-0.00015419721603393555,0.0054146647453308105,0.008099307306110859,0.000503006624057889,0.00884278491139412,-0.04062431525598291,-0.15398994599131535,-0.11283776326001035
32.94194850000349,0.00324094295501709,-0.0008932948112487793,0.008343935012817383,-0.0014004986733198166,-0.0014675994170829654,0.0006842181319370866,-0.04057198943465133,-0.15402174198137028,-0.11274037956562476
32.95200350000232,0.005301758646965027,0.0018491744995117188,0.005474448204040527,0.0033484501764178276,-0.003105709794908762,0.0029116859659552574,-0.04056020933664499,-0.15406216193267444,-0.11263567938680577
32.96205950000149,0.004924148321151733,0.001483917236328125,-0.0014508366584777832,0.0068783811293542385,-0.004078029654920101,0.00547961238771677,-0.04054832396134741,-0.1540263514361647,-0.11251457746695671
32.972114500000316,0.0020553618669509888,-0.005909919738769531,-0.002691328525543213,0.001519834971986711,-0.0024329950101673603,0.010519112460315228,-0.040576620309745313,-0.15402498167938897,-0.11241224306765615
32.982170499999484,-0.0016724318265914917,-0.00849926471710205,0.0004709959030151367,0.001784242340363562,0.002818359062075615,0.016724463552236557,-0.040524920546671936,-0.15408797192436602,-0.11223022954140703
32.99222549999831,-0.004885032773017883,-0.007008016109466553,0.006275564432144165,-0.00014441879466176033,0.009403024800121784,0.01944408379495144,-0.040363856432919135,-0.15413937360469376,-0.11196739816677406
33.002281500004756,-0.005769684910774231,-0.00701904296875,0.0038522183895111084,-0.009124819189310074,0.009701964445412159,0.019464563578367233,-0.04024515327027063,-0.15423841423905785,-0.111705393304491
33.012336500003585,-0.002857416868209839,0.0012763738632202148,-0.001891016960144043,-0.006667254958301783,0.007113371975719929,0.016040271148085594,-0.04030612140562226,-0.154320898793517,-0.11157143442664318
33.02239250000275,-0.001878485083580017,0.008779406547546387,-0.0042057037353515625,-0.0025331410579383373,0.006178336217999458,0.007592617534101009,-0.04031460455111845,-0.1543858685306945,-0.11148033463062156
33.03244850000192,-0.004673659801483154,0.006565451622009277,0.003395169973373413,-0.014029208570718765,-0.00027929688803851604,-0.003777482081204653,-0.04024815543144784,-0.15450879055011704,-0.11141204682630552
33.04250350000075,-0.003682076930999756,0.008268475532531738,0.0034342408180236816,-0.011766497977077961,-0.0056120106019079685,-0.007880667224526405,-0.04006449508503501,-0.1546889620885277,-0.11133524783901219
33.052559499999916,-0.0013627558946609497,0.0163610577583313,-0.00436323881149292,0.0009223992237821221,-0.006718820426613092,-0.013479962944984436,-0.04004114174142063,-0.15476746450171391,-0.11139258255482948
33.062614499998745,-0.005690664052963257,0.013434052467346191,-0.0037686824798583984,0.0036801472306251526,-0.0074241585098207,-0.014998896978795528,-0.04006785792290538,-0.1547794399041765,-0.11151442415352827
33.07267050000519,-0.008515939116477966,0.0033266544342041016,0.002699226140975952,0.00401171064004302,-0.009234042838215828,-0.013223367743194103,-0.04022038609259512,-0.15476158864874504,-0.11172856029914051
33.08272550000402,-0.008363664150238037,0.0005093812942504883,0.00029784440994262695,0.00925773847848177,-0.004429300781339407,-0.008011429570615292,-0.04043703380103191,-0.15469616644768028,-0.11196142276150117
33.092781500003184,-0.00725632905960083,0.004452526569366455,0.001299142837524414,0.005939705763012171,-0.0010872998973354697,-0.009143006056547165,-0.04051406453871525,-0.1545931774923704,-0.11207626422799169
33.10283650000201,-0.007980212569236755,0.00239717960357666,0.005658268928527832,-0.007869627326726913,0.005896972492337227,-0.012920726090669632,-0.040404398078537275,-0.1545717544576863,-0.11214262933160346
33.11289250000118,-0.00724714994430542,0.004515469074249268,0.008570671081542969,-0.0036724857054650784,0.006513228639960289,-0.019020430743694305,-0.04051496650787808,-0.15460047029231902,-0.11240617450234361
33.12294750000001,0.0005079507827758789,0.012288689613342285,0.005035459995269775,0.01917392946779728,0.004575112834572792,-0.023736968636512756,-0.04082711732417562,-0.15442585916993454,-0.11280883953533079
33.13300349999918,-0.001367419958114624,0.015388786792755127,-0.0011263489723205566,0.025542613118886948,0.006583402864634991,-0.03313526511192322,-0.04086782760468633,-0.15410393512588708,-0.11310595099741252
33.14305850000528,-0.005038842558860779,0.010298192501068115,-0.001031249761581421,0.016396917402744293,0.0048383669927716255,-0.03245432302355766,-0.040882311585288184,-0.153823771167173,-0.11346240774253952
33.15311450000445,-0.00026778876781463623,0.0037615299224853516,-0.0018677115440368652,0.013520438224077225,-0.0008259107125923038,-0.0322955958545208,-0.04105490824971409,-0.15363137355878076,-0.11391325851259253
33.16316950000328,0.002746492624282837,-0.0030251145362854004,-0.005914628505706787,0.020030269399285316,-0.004107457585632801,-0.02497302182018757,-0.041312069829430274,-0.15340707039551862,-0.1143393817749857
33.173225500002445,0.002102762460708618,-0.00639498233795166,-0.005848675966262817,0.018873391672968864,-0.0040209051221609116,-0.01913830265402794,-0.04142076231848096,-0.15319217806583602,-0.114605539880718
33.183280500001274,0.0003356635570526123,-0.012850403785705566,0.001000732183456421,0.004469951614737511,-0.0069868676364421844,-0.010200627148151398,-0.0416348737985035,-0.15304944787036906,-0.11483739871402887
33.19333650000044,0.0004028528928756714,-0.01129215955734253,0.0073937177658081055,0.005798602942377329,0.0011339096818119287,-0.0036737520713359118,-0.04173743330379723,-0.1530237984214078,-0.11496624066364546
33.20339149999927,0.005765959620475769,-0.010043084621429443,0.005464524030685425,0.010955769568681717,0.0033332810271531343,-0.00034738396061584353,-0.041877498387813315,-0.15288779413842427,-0.11504518754525615
33.21344749999844,0.003539055585861206,-0.008271336555480957,0.005228102207183838,0.004049926530569792,0.006394584663212299,-0.003868615487590432,-0.04188150643943947,-0.15275070984900305,-0.11507657288648773
33.22350350000488,0.0021706968545913696,-0.0050144195556640625,0.004555940628051758,-0.005205800756812096,0.002851781900972128,-0.009900142438709736,-0.04191732094256608,-0.15270598199468724,-0.11520059999837283
33.23355850000371,0.003966525197029114,-0.005029916763305664,0.0013217926025390625,-0.0005676394212059677,-0.00046358746476471424,-0.010323585011065006,-0.04201779643992034,-0.15269742647949705,-0.11535058733063625
33.24361450000288,0.0015563517808914185,-0.004295825958251953,0.00327455997467041,0.006578597705811262,-0.0025062321219593287,-0.011910509318113327,-0.04198438673296221,-0.15266986708854657,-0.11541618287812884
33.253669500001706,-0.0009041279554367065,-0.004759371280670166,-0.00031197071075439453,0.011448188684880733,-0.0009067376377061009,-0.005404939875006676,-0.04204057574181349,-0.152583892587081,-0.11550636603077141
33.263725500000874,0.000824660062789917,-0.009490430355072021,-0.003992676734924316,0.0073299650102853775,-0.00039647589437663555,-0.0012600492918863893,-0.04214925686793294,-0.1525058671665798,-0.11560105632511741
33.2737804999997,-0.0001303255558013916,-0.012411177158355713,0.0014201700687408447,0.010127082467079163,0.004086689557880163,0.00704581756144762,-0.04208142762757916,-0.15249182881315543,-0.11553693412489488
33.28383649999887,0.00017215311527252197,-0.013100862503051758,0.009419798851013184,-7.459940388798714e-05,0.011858591809868813,0.011926219798624516,-0.04198988699550384,-0.1525103295025694,-0.11541772175754719
33.293891500004975,-0.0012862235307693481,-0.007830619812011719,0.010574162006378174,0.003078583162277937,0.014820292592048645,0.020913057029247284,-0.041690524316542195,-0.15261062127274738,-0.11516509371870773
33.30394750000414,-0.0009575337171554565,-0.007059335708618164,0.008786559104919434,0.010688566602766514,0.016440294682979584,0.021580178290605545,-0.041460299506035934,-0.15258138493400614,-0.1149302394629133
33.31400250000297,-0.0031041204929351807,-0.006828665733337402,0.010773241519927979,0.009242470376193523,0.022591397166252136,0.01937774382531643,-0.041111461066867035,-0.15253927158057995,-0.11462679090691602
33.32405850000214,-0.0035093724727630615,-0.005348920822143555,0.013793349266052246,-0.006126721855252981,0.0200350284576416,0.017981449142098427,-0.040868497844218574,-0.1525657302371115,-0.1144358996974087
33.33411350000097,-0.00037880241870880127,-7.903575897216797e-05,0.008381098508834839,0.002132273279130459,0.018375612795352936,0.014928667806088924,-0.04064136020148606,-0.15261755122522871,-0.11428357957965098
33.344169500000135,0.0015742629766464233,0.005058646202087402,0.0002402663230895996,0.009110420942306519,0.020558474585413933,0.01407973188906908,-0.040336021884893394,-0.1525769116137432,-0.11408250524091168
33.35422449999896,-0.003728151321411133,0.0019333958625793457,0.0031748712062835693,6.819027476012707e-05,0.019083881750702858,0.011983557604253292,-0.03988776887010577,-0.15262958368825083,-0.11384927845416748
33.36428049999813,-0.0049626827239990234,0.0012682676315307617,0.0014405250549316406,0.007251224014908075,0.01557130552828312,0.009102310054004192,-0.039602633325543216,-0.15271301585272437,-0.11369906161676253
33.374336500004574,-0.004049777984619141,0.003920614719390869,-0.010974645614624023,0.014790366403758526,0.01503494381904602,0.00864051841199398,-0.039306592155181536,-0.15269033502857698,-0.11353453075988072
33.3843915000034,-0.00730423629283905,-0.003448963165283203,-0.0030384063720703125,0.0029841740615665913,0.010983610525727272,0.010540870018303394,-0.03909971417802726,-0.15266786067438076,-0.11338299366183659
33.39444750000257,-0.009025275707244873,-0.0036011338233947754,0.0033513307571411133,-0.00850177276879549,0.005618140567094088,0.0084415003657341,-0.03894906193318586,-0.15278232257524094,-0.11327525903257271
33.4045025000014,-0.00519619882106781,0.0002849102020263672,-0.0015753507614135742,-0.007952496409416199,0.007552527356892824,0.011327594518661499,-0.03870069026944879,-0.1530050958667468,-0.11311383382058783
33.41455850000057,-0.0013407617807388306,0.0035057663917541504,-0.007343024015426636,0.00330761494114995,0.010184263810515404,0.011197632178664207,-0.038523566782361705,-0.15308561389978198,-0.11294773550288595
33.424613499999396,-0.0019801557064056396,0.00450444221496582,-0.0012049674987792969,0.0056804027408361435,0.010506239719688892,0.00530767859891057,-0.03842299630540156,-0.1530154991385863,-0.11285865166330286
33.43466949999856,-0.005950406193733215,0.0068312883377075195,0.0030487775802612305,0.005161086097359657,0.006162623874843121,-0.003183277789503336,-0.0382476131777627,-0.1529909717846998,-0.11280964820533526
33.44472450000467,-0.0036606788635253906,0.010308027267456055,-0.0004891753196716309,0.0069312890991568565,0.002616890938952565,-0.004496429115533829,-0.0382680748620709,-0.15291104344606976,-0.11290291603814569
33.454780500003835,-0.001812666654586792,0.007692873477935791,-0.0036720335483551025,0.007080426439642906,-1.2980541214346886e-05,-0.010379085317254066,-0.03825473551495711,-0.15276233654187882,-0.1129930276272837
33.464835500002664,-0.0008431822061538696,0.008618414402008057,-0.0006799101829528809,0.005671392660588026,0.0016247299499809742,-0.012716568075120449,-0.03810138370696486,-0.1527086717829159,-0.11308480942615073
33.47489150000183,0.0014730989933013916,0.0083540678024292,0.003004789352416992,7.049832493066788e-05,0.006322013679891825,-0.012666234746575356,-0.03813020063735969,-0.15269266355512012,-0.11329812592062383
33.48494650000066,0.002298519015312195,-0.0009554028511047363,0.004002302885055542,0.0038614636287093163,0.007444935850799084,-0.00830480270087719,-0.03798649460463739,-0.15268603032765213,-0.11337262315637282
33.49500249999983,-0.00037251412868499756,-0.0037270784378051758,0.008694499731063843,0.009704438969492912,0.012041019275784492,-0.003913516644388437,-0.03793372941702743,-0.1525633804582684,-0.11345640228014214
33.50505749999866,-0.0009098351001739502,-0.0022353529930114746,0.004799544811248779,0.012211139313876629,0.01861356757581234,-0.0010892607970163226,-0.03778433617638043,-0.1524247395368419,-0.11346763180813761
33.5151135000051,-0.0013850629329681396,-0.004396677017211914,0.0017092227935791016,0.004534577485173941,0.01187417097389698,0.001402925350703299,-0.03762189712477895,-0.152330217492946,-0.11349140412669897
33.52516850000393,-0.0016265064477920532,-0.005914747714996338,0.006492704153060913,0.005649110767990351,0.014412163756787777,0.0026879538781940937,-0.037529423571601675,-0.1522361658385169,-0.11352488784665564
33.535224500003096,-0.0002725571393966675,-0.003191649913787842,-0.0036789774894714355,0.01234243344515562,0.010087722912430763,-0.003971812780946493,-0.037569231109841915,-0.15205641093113237,-0.11360289617718658
33.545279500001925,-0.00048305094242095947,-0.0029515624046325684,-0.003940880298614502,0.018653327599167824,9.314622730016708e-05,-0.004956224001944065,-0.03758507079130859,-0.15185648256179096,-0.11367515077884899
33.55533550000109,0.0023572593927383423,-0.003178536891937256,-0.011149466037750244,0.01725383661687374,-0.004452869761735201,-0.007680105045437813,-0.037602878796272395,-0.15166056717711865,-0.11369720535883418
33.56539150000026,-0.0019398778676986694,-0.005639612674713135,-0.00797000527381897,0.00046202761586755514,-0.015406318008899689,-0.00704800384119153,-0.037685503368003546,-0.15159708879068992,-0.11374613484196408
33.57544649999909,-0.0027274340391159058,-0.010858714580535889,-0.00476229190826416,-0.009991944767534733,-0.0127998823300004,-0.004605352412909269,-0.03761768234718257,-0.15177276827241734,-0.11370523360227096
33.585502499998256,-0.004386797547340393,-0.007237911224365234,-0.0008990764617919922,-0.011907422915101051,-0.011746736243367195,-0.004096076358109713,-0.037715928026854466,-0.15192588355946343,-0.11373446135874311
33.59555750000436,-0.0022512227296829224,-0.003943502902984619,0.009681880474090576,-0.009443732909858227,-0.004448076244443655,-0.0009301102836616337,-0.03770243122312324,-0.15212026072467166,-0.1137164771465403
33.60561350000353,0.003341764211654663,-0.0017688274383544922,0.008889317512512207,-0.008366351015865803,-0.0011714557185769081,-0.0005178262945264578,-0.037614754293498594,-0.15228595714648915,-0.11366700677702253
33.61566850000236,0.0033861249685287476,-0.003943800926208496,0.007490396499633789,-7.326784543693066e-05,0.004004930146038532,-0.0010017226450145245,-0.037534725930706954,-0.1523365262791581,-0.11365742211431938
33.625724500001525,0.004522085189819336,0.004688560962677002,0.006347298622131348,0.016679080203175545,0.011461514979600906,0.00024964340263977647,-0.037154814428721414,-0.15230364980068178,-0.1135081143247093
33.63577950000035,0.0031861066818237305,0.00499415397644043,0.008832335472106934,0.014811938628554344,0.018376678228378296,-0.0017397378105670214,-0.036845720940394254,-0.15213054067616882,-0.11340925496834474
33.64583549999952,0.0009111315011978149,-0.0036220550537109375,0.008921533823013306,0.005965094547718763,0.013396566733717918,0.001191070768982172,-0.03669897506369205,-0.15200756038323063,-0.11342470782279349
33.65589049999835,-0.0009545087814331055,-0.005022585391998291,0.004064321517944336,0.007480965927243233,0.010259097442030907,-0.00014290651597548276,-0.03654351910494775,-0.15196208059896546,-0.11340166715278252
33.66594650000479,-0.0012523382902145386,-0.0036545395851135254,-0.002789914608001709,0.008693414740264416,0.0017391128931194544,0.0011186329647898674,-0.036521661966733315,-0.15189871347736852,-0.11344616379468063
33.67600150000362,-0.0012239515781402588,1.913309097290039e-05,-0.007054626941680908,0.010481727309525013,-6.411341018974781e-05,0.000766030338127166,-0.03650503312390971,-0.15185762899849994,-0.1134502532329145
33.68605750000279,0.00036175549030303955,0.0010328888893127441,-0.0021052956581115723,-0.00809621810913086,-0.005696432664990425,-0.0020450425799936056,-0.03646376704573059,-0.15189754201974323,-0.11339433571379999
33.69611250000162,-0.00042082369327545166,-0.005772709846496582,-3.415346145629883e-05,-0.027277104556560516,-0.00873350165784359,-0.007095194887369871,-0.036579879314462986,-0.15212641728846443,-0.11344338475431535
33.706168500000786,0.0023950785398483276,-4.094839096069336e-05,-0.002870321273803711,-0.01766970567405224,-0.007304849103093147,-0.002867187140509486,-0.03659847102465289,-0.15240884011580083,-0.11342175705995541
33.716223499999614,0.003198489546775818,0.006512463092803955,-0.0074169933795928955,-0.0007165545248426497,-0.002118342788890004,0.0004630957846529782,-0.036747493590380965,-0.15249761378428486,-0.11346616049189685
33.72627949999878,0.00015038251876831055,0.0013365745544433594,-0.007255375385284424,0.008275431580841541,0.00024121813476085663,0.003098293673247099,-0.03682263596261388,-0.15248615140246163,-0.11347692207275076
33.73633450000489,-0.0014177411794662476,-0.0013027787208557129,-0.004359781742095947,0.01335407979786396,-0.0024064965546131134,0.0024700539652258158,-0.03674340724305434,-0.15241961779207203,-0.11341883344647441
33.746390500004054,-0.0039040744304656982,0.0003388524055480957,-0.0031562447547912598,0.006053999997675419,-0.002450172556564212,-0.0014133674558252096,-0.0369045814150992,-0.15227292614215746,-0.11350214643391335
33.75644650000322,-0.00418497622013092,0.001253664493560791,-0.0041234493255615234,0.00786228571087122,-0.007434012368321419,0.0016322234878316522,-0.037089512480113385,-0.15214313529161216,-0.1135742325444994
33.76650150000205,-0.0014789402484893799,-0.00020611286163330078,-0.007515370845794678,0.009674922563135624,-0.013433581218123436,-0.0016389372758567333,-0.03724449541971633,-0.15201904253390291,-0.11359252659724767
33.77655750000122,-0.001866072416305542,0.0018532276153564453,-0.0018035173416137695,0.010546042583882809,-0.010189052671194077,-0.0073644667863845825,-0.03731334036501889,-0.1519413537398929,-0.11362092279220334
33.78661250000005,-0.004840537905693054,0.006098151206970215,0.008164644241333008,0.007033821195363998,-0.007898068055510521,-0.010904367081820965,-0.037513836980212704,-0.15179561380658405,-0.1137424549398621
33.796668499999214,-0.0018955022096633911,0.003640472888946533,0.012646079063415527,-0.003810570575296879,-0.0066525074653327465,-0.006300294306129217,-0.037573342030106587,-0.15173211427047736,-0.11380613534387483
33.80672349999804,0.0019213855266571045,0.0015311241149902344,0.00941401720046997,-0.005074596032500267,-0.0035597786772996187,-0.005031831096857786,-0.037737031738372756,-0.1517056485375645,-0.11391313458398175
33.816779500004486,0.002353385090827942,-0.0059784650802612305,0.006562411785125732,-0.011387086473405361,0.0009193918667733669,-0.0014855656772851944,-0.03775033541039106,-0.15177268078610565,-0.11396153830311595
33.826834874998895,0.0008580833673477173,-0.0032498836517333984,0.0048645734786987305,-0.0011182036250829697,-0.0011293778661638498,-0.0039930385537445545,-0.03784148977863853,-0.15179076526179336,-0.11404522691540137
33.83689087499806,-0.004664435982704163,-0.0002364516258239746,0.0006934106349945068,0.003819563426077366,0.0005588000640273094,-0.0039560203440487385,-0.037894045150987876,-0.15172996914682993,-0.1141400654632442
33.84694587500417,-0.00431060791015625,-0.003760397434234619,0.0027990341186523438,-0.0019251856720075011,-0.002770018298178911,-0.00428553344681859,-0.03778331896565337,-0.15170360900135793,-0.11413269779843523
33.857001875003334,-0.0038311034440994263,-0.003731071949005127,0.007338106632232666,-0.010843313299119473,0.0029672295786440372,-0.006070650182664394,-0.03791182450351447,-0.15173522701998507,-0.11426098719248547
33.86705687500216,-0.0032511502504348755,-0.005788624286651611,0.002972245216369629,-0.0025661643594503403,0.001746836118400097,-0.00010200033284490928,-0.038045986905334,-0.15177598372662107,-0.11438568448576138
33.87711287500133,-0.002445012331008911,-0.007173299789428711,0.0033002495765686035,0.007008166052401066,0.00847131758928299,0.0033233575522899628,-0.03797349685363946,-0.15180321770091582,-0.11434454332246069
33.88716787500016,-0.003365620970726013,-0.010155916213989258,0.004188716411590576,-0.0038725780323147774,0.011895211413502693,0.010482173413038254,-0.037869911338840004,-0.15182520399677138,-0.11426674702019728
33.89722387499933,0.0005903095006942749,-0.010172605514526367,0.0013217926025390625,-0.009526735171675682,0.012525048106908798,0.012612169608473778,-0.03758035667807468,-0.1519863992627554,-0.11405252168485618
33.907278874998156,0.0008868128061294556,-0.0056351423263549805,-0.002822279930114746,-0.009058240801095963,0.011631425470113754,0.01283467747271061,-0.037311819087933476,-0.15215492125199953,-0.11385282152191338
33.9173348750046,-0.0010108202695846558,-0.0017394423484802246,-0.0025603175163269043,-0.010935502126812935,0.009948574006557465,0.009967518039047718,-0.03710175776305684,-0.15225880936619915,-0.1137196475825432
33.927390875003766,-0.0006725341081619263,0.00018161535263061523,-0.0030231475830078125,-0.00917790550738573,0.002955112373456359,0.007839012891054153,-0.03701456837867019,-0.15237718612226156,-0.11366245349206992
33.937445875002595,-0.0012092739343643188,0.003995835781097412,-0.008714944124221802,-0.004666510969400406,-0.0017256595892831683,0.004269312135875225,-0.036968652714418654,-0.1524975739970555,-0.11360514116826598
33.94750187500176,-0.0021601617336273193,0.001773834228515625,-0.0097275972366333,-0.002775976900011301,-0.003994805738329887,0.006897932384163141,-0.03695915477595748,-0.15256073222167804,-0.11356323849829397
33.95755687500059,-0.0022573769092559814,0.002035677433013916,-0.002211630344390869,-0.004435925278812647,-0.0017071506008505821,0.005343977827578783,-0.03685757586248612,-0.15264836706750862,-0.11345447506089419
33.96761287499976,-0.0033036917448043823,-0.0040427446365356445,0.006966620683670044,-0.010399142280220985,-0.0043009365908801556,0.011747149750590324,-0.03671784896754498,-0.15280076859212588,-0.11330708021586518
33.97766787499859,-0.0025290250778198242,-0.004905879497528076,0.0074201226234436035,-0.006780971772968769,1.5248777344822884e-05,0.015712330117821693,-0.0366224483327542,-0.15295589631433795,-0.11313918362192955
33.98772387500503,-0.0052169859409332275,-0.002945125102996826,0.008238434791564941,2.1718093194067478e-05,0.008076903410255909,0.02042948082089424,-0.036424309000055416,-0.15302999290894304,-0.11288034171478774
33.99777887500386,-0.00472085177898407,-0.006875276565551758,0.007829248905181885,-0.006331519223749638,0.01268337294459343,0.022132571786642075,-0.03616183134179993,-0.15307390514998623,-0.11261370356452274
34.00783487500303,-0.002762049436569214,-0.005117058753967285,0.009748280048370361,-0.014206308871507645,0.014234663918614388,0.019973227754235268,-0.03597690233392063,-0.15317831274342386,-0.11240553095535627
34.017889875001856,-0.00022050738334655762,0.003808319568634033,0.0034908056259155273,-0.004226911347359419,0.012527311220765114,0.013213858008384705,-0.03587159225660819,-0.15320590524426056,-0.11227479558008413
34.02794587500102,-0.0034034252166748047,0.007303357124328613,-0.0011706054210662842,0.0003730779280886054,0.01268736831843853,0.004147978965193033,-0.035866709683414925,-0.15314383794881237,-0.11227680906517729
34.03800087499985,-0.006671324372291565,0.005370497703552246,-0.0029871761798858643,-0.002629902446642518,0.008284630253911018,0.0035229346249252558,-0.03592340567375664,-0.15309453638912537,-0.11233676993155836
34.04805687499902,-0.007021993398666382,0.002919018268585205,-0.0010928511619567871,-0.007476234342902899,-0.0007011415436863899,-0.0009274204494431615,-0.03592624220254298,-0.1531816732296931,-0.11237513325252078
34.058111875005125,-0.007517263293266296,0.0011851191520690918,-0.005604416131973267,-0.00985017605125904,-0.007767040282487869,0.003930451814085245,-0.036025286654283895,-0.15329575948809462,-0.1124249846031621
34.06816787500429,-0.002766162157058716,-0.002415895462036133,-0.012350678443908691,-0.012727810069918633,-0.00981820747256279,0.007574135437607765,-0.036353368029600236,-0.1533967195078287,-0.11254552707697865
34.07822287500312,-0.0007577389478683472,-0.005306541919708252,-0.009963035583496094,-0.009900065138936043,-0.008682634681463242,0.009854866191744804,-0.036671965528543154,-0.15350759832135705,-0.11261519726660618
34.08827887500229,-0.0008126050233840942,-0.002438962459564209,-0.0037828683853149414,-0.012595894746482372,-0.0072519853711128235,0.013644118793308735,-0.03688418279467468,-0.1536348535600938,-0.11260726327859229
34.098334875001456,-0.002823248505592346,-0.0025140047073364258,-0.0009055733680725098,-0.01959947682917118,0.0004562682006508112,0.016755755990743637,-0.03702648248746659,-0.15376983180832263,-0.11252518028508778
34.108389875000285,-0.0008125603199005127,0.0029894113540649414,0.007505178451538086,-0.018676912412047386,0.002654574578627944,0.016878342255949974,-0.03717397068962318,-0.15391005170289496,-0.11247199666717693
34.11844587499945,0.0037401020526885986,0.005378603935241699,0.006781905889511108,-0.0033134031109511852,0.010291455313563347,0.017801659181714058,-0.03726447535643848,-0.15394890429587044,-0.11242785818820561
34.12850087499828,0.004322215914726257,0.008031606674194336,0.0022935867309570312,0.004270791541785002,0.012468457221984863,0.011505015194416046,-0.03716897366145068,-0.1539209079191716,-0.1123439224314609
34.138556875004724,0.0024144649505615234,0.005865871906280518,0.004702180624008179,-0.001886969432234764,0.020159931853413582,0.010257590562105179,-0.03692231235212039,-0.15387667460426505,-0.11224144257860269
34.14861187500355,0.0031039267778396606,0.0011202096939086914,0.010545700788497925,-0.015676062554121017,0.017255889251828194,0.008171881549060345,-0.03673188456396375,-0.1539068807125535,-0.11217567275057144
34.15866787500272,0.004158630967140198,-0.0010614395141601562,0.00813513994216919,-0.010252535343170166,0.01788146421313286,0.012036660686135292,-0.03657882999880975,-0.15399886334807766,-0.112114489601729
34.16872287500155,-0.00035099685192108154,-0.002145707607269287,0.005774706602096558,-0.01283140666782856,0.018065089359879494,0.008826673962175846,-0.03652665486565737,-0.1540607985259981,-0.11211265571223678
34.17877887500072,-0.0011509954929351807,-0.0020566582679748535,0.0005579888820648193,-0.013140067458152771,0.01671619713306427,0.00899605080485344,-0.036599505429375186,-0.15414915577765007,-0.11218160959114767
34.188833874999546,-0.002803504467010498,-0.0018940567970275879,-0.0018718838691711426,0.008375921286642551,0.00997800100594759,0.007436955813318491,-0.03664666919844891,-0.15415986979968355,-0.11220266992828154
34.19888987499871,-0.002542048692703247,0.0052994489669799805,-0.00591355562210083,0.031227974221110344,0.004867395386099815,0.0040552737191319466,-0.036532708106853426,-0.15396865756107625,-0.11210289227206859
34.20894487500482,-0.001256704330444336,-0.0016306638717651367,-0.012975215911865234,0.010420163162052631,0.0014020900707691908,0.001193174859508872,-0.03655192468493022,-0.15372484080496762,-0.11207542351216813
34.219000875003985,0.003159239888191223,-0.007424652576446533,-0.008162617683410645,-0.008500530384480953,-0.004184689372777939,0.0020565716549754143,-0.03665284208466887,-0.15372853735154568,-0.1120867855639726
34.229055875002814,0.0037669837474823,-0.0056375861167907715,-0.0022721588611602783,-0.004437567666172981,-0.011015830561518669,0.003586317878216505,-0.036866579210135815,-0.1538192749242419,-0.11210235033502133
34.23911187500198,0.0018489807844161987,-0.0030657052993774414,-0.0011225640773773193,0.0034762821160256863,-0.007661312818527222,0.008340592496097088,-0.037156338847991424,-0.15383115450014775,-0.11211418401288008
34.24916687500081,0.0020265430212020874,-0.004197835922241211,0.0036759674549102783,-0.0005004834965802729,-0.002414752496406436,0.013170049525797367,-0.037305634677619805,-0.15382136219896828,-0.1120545665961888
34.25922287499998,0.0032468587160110474,-0.0024971365928649902,0.009645640850067139,-0.008528582751750946,0.0004412212874740362,0.015013223513960838,-0.037270499350024036,-0.15389810902947332,-0.11192020055171432
34.26927787499881,0.0027707070112228394,-0.002805471420288086,0.009375333786010742,-0.004076221026480198,0.006184327881783247,0.018373867496848106,-0.03732659049196982,-0.1539330534401292,-0.11183095468467946
34.27933387500525,-0.0002215057611465454,0.002091348171234131,0.011460542678833008,-0.0034069684334099293,0.011773504316806793,0.013959409669041634,-0.037299476373259276,-0.1538915932677455,-0.1117123575652533
34.28938987500442,-0.0010575056076049805,0.003976345062255859,0.008893221616744995,-0.0088574830442667,0.010777749121189117,0.009889461100101471,-0.03717812546165112,-0.15389022965075141,-0.11161631829302654
34.299444875003246,-0.0010971128940582275,0.007195413112640381,0.0034409165382385254,-0.00894563365727663,0.008803014643490314,0.0073626539669930935,-0.036959198830782594,-0.15398657601419258,-0.11147388563400165
34.30950087500241,-0.0048591941595077515,0.007094323635101318,0.0028106868267059326,-0.006951458286494017,0.008184362202882767,0.004498157650232315,-0.03676606387758915,-0.15411249732994725,-0.11136392124019182
34.31955587500124,-0.002605065703392029,0.0049620866775512695,-0.0011802911758422852,-0.00875894632190466,0.008424313738942146,0.00366272428072989,-0.036667323058562254,-0.1542012660074806,-0.11132545695891112
34.32961187500041,-0.002596616744995117,0.00347292423248291,-0.0031510591506958008,0.0028154184110462666,0.0036652444396167994,-0.00022415946295950562,-0.03640972615814246,-0.15430427578210915,-0.11119825674374252
34.33966687499924,-0.0035191476345062256,0.004318416118621826,-0.0057631731033325195,0.004786956589668989,0.008006463758647442,0.0021404612343758345,-0.036188289456985843,-0.15434450595300916,-0.1110715339967475
34.349722874998406,-0.004234239459037781,-0.0007135272026062012,-0.00019437074661254883,-0.007579165510833263,0.011260845698416233,0.0035924166440963745,-0.036132188682427846,-0.15439533279860687,-0.11104501191047299
34.35977787500451,-0.0030740946531295776,-0.004144549369812012,0.007113665342330933,-0.011273502372205257,0.011675233952701092,0.0063030351884663105,-0.0360509878607101,-0.15454344918220383,-0.11100630461757574
34.36983387500368,-0.0005764216184616089,0.0006594657897949219,0.002906978130340576,-0.0033351522870361805,0.017378393560647964,0.011224876157939434,-0.03596112511153752,-0.1546324752112686,-0.11093837055932336
34.37988887500251,-0.001573517918586731,0.0029654502868652344,0.005643516778945923,0.00014373520389199257,0.019003720954060555,0.010770007967948914,-0.036021887461189825,-0.15459314691781104,-0.11096427508341938
34.389944875001675,-0.0019247233867645264,4.708766937255859e-06,0.013340651988983154,0.02462577447295189,0.02952759899199009,0.01390947587788105,-0.036034132183942885,-0.15441931613575158,-0.11099843330234736
34.3999998750005,-0.0007215291261672974,0.006433963775634766,-0.002164125442504883,0.1858104020357132,0.04060635343194008,0.025068920105695724,-0.03574885295393719,-0.15349690003408895,-0.11084385597611579
34.41005587499967,-0.0036113113164901733,0.016252577304840088,-0.034129589796066284,0.9119671583175659,0.05644909664988518,0.06568865478038788,-0.03518590238620461,-0.14859426121162628,-0.1102876284949719
34.4201108749985,0.019316181540489197,0.0759384036064148,-0.13744118809700012,2.3179526329040527,0.07633465528488159,0.14700719714164734,-0.034265718624009546,-0.13281897180447264,-0.10860882120249354
34.43016687500494,0.042139723896980286,0.198123037815094,-0.16863876581192017,3.722115993499756,0.1405160278081894,0.16494925320148468,-0.032782268814849,-0.10231987775033209,-0.10592631595093768
34.44022187500377,0.03836716711521149,0.2656291723251343,-0.07459455728530884,4.735957145690918,0.17843545973300934,0.12465775012969971,-0.031045893826977665,-0.05943270808614312,-0.1031771068108786
34.45027787500294,0.018876314163208008,0.25999313592910767,0.03402933478355408,5.302632808685303,0.1955847591161728,0.08034117519855499,-0.02918287494082774,-0.00869203059103815,-0.10061883680043503
34.46033387500211,-0.018862366676330566,0.23400592803955078,0.12369635701179504,5.332869052886963,0.2219705581665039,-0.02739087864756584,-0.027337335104119415,0.045144877966083276,-0.09889617469253364
34.470388875000936,-0.0845784991979599,0.16105395555496216,0.1874142587184906,4.940586566925049,0.20877590775489807,-0.14056308567523956,-0.025465601271308008,0.09704526402514635,-0.09852323729975206
34.4804448750001,-0.09785683453083038,0.08686435222625732,0.15816032886505127,4.45672082901001,0.17703582346439362,-0.1697089821100235,-0.023639821079750423,0.14437431143786728,-0.09898526951372896
34.49049987499893,-0.08169171214103699,0.0412294864654541,0.09023714065551758,4.091418266296387,0.08057613670825958,-0.20739926397800446,-0.02235772434861397,0.1872375850366202,-0.09995438057897157
34.5005558749981,-0.07461383938789368,0.023802757263183594,-0.002738460898399353,4.028586387634277,-0.015638811513781548,-0.23683224618434906,-0.021907729560041354,0.22794901371231235,-0.10136806738938828
34.510610875004204,-0.06712901592254639,0.06601977348327637,-0.052368760108947754,4.13599157333374,-0.08612696081399918,-0.2829212248325348,-0.022202706710386332,0.2690666842323816,-0.1031192588941002
34.52066687500337,-0.09119217097759247,0.10483801364898682,-0.04308485984802246,4.177550792694092,-0.10750868171453476,-0.3466067314147949,-0.022562397624507093,0.31101275554257324,-0.10545637623624374
34.5307218750022,-0.10830767452716827,0.09921544790267944,-0.009792802855372429,4.012490272521973,-0.1254570484161377,-0.4015772044658661,-0.022767290768879477,0.3523954761948712,-0.10846691927220882
34.54077787500137,-0.09159447252750397,0.05571913719177246,0.023510219529271126,3.7147154808044434,-0.17897194623947144,-0.4416090250015259,-0.023027655696654145,0.39135792215166926,-0.11205997372424863
34.5508328750002,-0.06301112473011017,0.014546096324920654,0.020485222339630127,3.5830657482147217,-0.2884366512298584,-0.4860544502735138,-0.023895233824182894,0.4280645826440036,-0.11623087879614998
34.560888874999364,-0.02870096266269684,0.060520827770233154,0.029437296092510223,3.6880877017974854,-0.36593490839004517,-0.47788602113723755,-0.025702515431159936,0.46462058249819815,-0.12058325568541028
34.57094387499819,-0.025149166584014893,0.094032883644104,0.005280919373035431,4.109222412109375,-0.40175336599349976,-0.5142731070518494,-0.027932975122803398,0.5038610635939165,-0.12494560613361153
34.580999875004636,-0.029863551259040833,0.10724610090255737,-0.025110602378845215,4.631558895111084,-0.4298124313354492,-0.5654470920562744,-0.03030033812096337,0.5481064897801047,-0.1296539092728468
34.591054875003465,-0.015257298946380615,0.13590776920318604,-0.029926717281341553,4.980546951293945,-0.3774280548095703,-0.649011492729187,-0.03179302828745993,0.5968347438026487,-0.13496676720806688
34.60111087500263,-0.028166472911834717,0.11948227882385254,0.00011390447616577148,5.100384712219238,-0.39180752635002136,-0.7481260895729065,-0.03223263867261029,0.6478176297842263,-0.141469295953939
34.61116587500146,-0.03533300757408142,0.10757637023925781,0.021582961082458496,5.071767807006836,-0.3148594796657562,-0.8351026177406311,-0.031093849284622686,0.6993866455244264,-0.14946257024245307
34.62122187500063,-0.04003626108169556,0.1287294626235962,0.1078680157661438,4.934582233428955,-0.21608255803585052,-0.925748348236084,-0.02773480479896632,0.750148644189431,-0.15910531070834363
34.631277874999796,-0.05442875623703003,0.10926610231399536,0.1373283863067627,4.662841796875,-0.10993587970733643,-0.9920018315315247,-0.021435113965691498,0.7987439430191313,-0.17079237645893647
34.641332874998625,-0.027029961347579956,0.09681236743927002,0.1666058897972107,4.324079990386963,0.006273011676967144,-1.0461612939834595,-0.012000877737910816,0.8441863701543278,-0.18460250494284058
34.65138887500507,-0.01717531681060791,0.06309890747070312,0.21989089250564575,3.9181039333343506,0.1233997642993927,-1.0780850648880005,0.0008581148849787894,0.8857232638823294,-0.2006905976372246
34.6614438750039,-0.016499191522598267,0.031261146068573,0.2511773109436035,3.748624563217163,0.12283225357532501,-1.1095407009124756,0.016130231014402703,0.9239455070240397,-0.21882760477054045
34.671499875003065,0.03243574500083923,0.08484101295471191,0.22841113805770874,4.040053367614746,0.2562350332736969,-1.1022955179214478,0.03422993222543453,0.9627060680431704,-0.23926253102868797
34.68155487500189,-0.0005702078342437744,0.1456858515739441,0.2055368423461914,4.481346607208252,0.36617085337638855,-1.146755337715149,0.05663585579717067,1.0049091281239813,-0.26272090526543684
34.69161087500106,0.01717957854270935,0.1971535086631775,0.15476304292678833,5.132347106933594,0.4255315363407135,-1.2567782402038574,0.08576494181447,1.0523868619699281,-0.2923324859835062
34.70166587499989,0.04426717758178711,0.2277500033378601,0.1375097632408142,5.605281829833984,0.6140908002853394,-1.3246582746505737,0.1255442920990061,1.1050327443531567,-0.3316589707566845
34.71172187499906,0.0141964852809906,0.14842462539672852,0.1937180757522583,5.6731276512146,0.7268900871276855,-1.3466527462005615,0.17861485810624972,1.1593791984289623,-0.38297142357993236
34.72177687500516,0.035021960735321045,0.05199927091598511,0.23981356620788574,5.3482346534729,0.8114653825759888,-1.3417068719863892,0.24775054908641725,1.2109919279626222,-0.4491881463589595
34.73183287500433,0.036609798669815063,-0.019835352897644043,0.2904632091522217,4.8533854484558105,0.8598330616950989,-1.3262662887573242,0.33461698812219043,1.256398622229829,-0.5324885014463466
34.74188787500316,0.04043745994567871,-0.011742949485778809,0.30990099906921387,4.363860607147217,0.9078086018562317,-1.3037109375,0.4410056465940677,1.2942632065522912,-0.6345111583150982
34.751943875002326,0.03710809350013733,0.015294253826141357,0.30238091945648193,3.9687066078186035,0.9889338612556458,-1.25626802444458,0.568860179578146,1.3246406923853202,-0.7569052445337341
34.761998875001154,0.02915540337562561,-0.0016542375087738037,0.2880846858024597,3.5793802738189697,1.044183611869812,-1.221293568611145,0.7163553748297875,1.3475105044115108,-0.8979296539913618
34.77205487500032,0.0318547785282135,-0.038648515939712524,0.2734758257865906,3.171210527420044,1.0692634582519531,-1.2171449661254883,0.8772985777793834,1.3623190369886928,-1.0517009718936954
34.78210987499915,0.0461958646774292,-0.038176774978637695,0.269972562789917,2.795363426208496,1.0667699575424194,-1.2143609523773193,1.0401686469067384,1.3692704230796533,-1.2069861411230265
34.79216587499832,0.053026944398880005,-0.00904497504234314,0.24668669700622559,2.5159072875976562,1.0955960750579834,-1.2209450006484985,1.1950564175041243,1.3695182235760355,-1.3537908230490316
34.80222187500476,0.046765923500061035,0.026741355657577515,0.2155311107635498,2.2923951148986816,1.13080894947052,-1.2305608987808228,1.33597268179556,1.3645905618119378,-1.4860583126034508
34.81227687500359,0.04232257604598999,0.032434165477752686,0.17780476808547974,2.079902172088623,1.15144681930542,-1.2542082071304321,1.4586846280159795,1.355716973088114,-1.5996596859681547
34.82233287500276,0.04357996582984924,0.023049473762512207,0.12775230407714844,1.8582713603973389,1.1484001874923706,-1.2857800722122192,1.561577193956798,1.343882082087891,-1.6931421988343962
34.83238787500159,0.044403284788131714,0.014332175254821777,0.09428459405899048,1.6175800561904907,1.1243098974227905,-1.3135665655136108,1.644247899423971,1.3299726433885422,-1.766269688667659
34.842443875000754,0.04056441783905029,0.008056610822677612,0.06855010986328125,1.428494930267334,1.082278847694397,-1.3328737020492554,1.7094035973639252,1.3149536787727762,-1.8219660378492955
34.85249887499958,0.0409906804561615,0.018524929881095886,0.042088985443115234,1.3473851680755615,1.0607655048370361,-1.3395140171051025,1.7620753495728254,1.2990879845435352,-1.865285361490724
34.86255487499875,0.029173821210861206,0.040424346923828125,0.02367919683456421,1.329135775566101,1.065564513206482,-1.3331860303878784,1.8077738563064665,1.2826684210962398,-1.9015871824599997
34.872609875004855,0.024774372577667236,0.03804071247577667,0.023014962673187256,1.2858226299285889,1.0477100610733032,-1.3343228101730347,1.8481167236490506,1.265900436006392,-1.9325222346149151
34.88266587500402,0.031343162059783936,0.03076520562171936,0.03788989782333374,1.2008626461029053,1.0407222509384155,-1.3320904970169067,1.882578496179125,1.2488760279814342,-1.9575864907381788
34.89272087500285,0.02193644642829895,0.013725608587265015,0.046912431716918945,1.0394032001495361,1.0104434490203857,-1.327775239944458,1.9107314223787746,1.2320863436945997,-1.9763172770773156
34.90277687500202,0.021308153867721558,-0.00631357729434967,0.055859923362731934,0.8554558157920837,0.9641462564468384,-1.324562668800354,1.9318721623108874,1.2158352530941328,-1.9881206761243415
34.91283187500085,0.019139766693115234,-0.005209073424339294,0.03557729721069336,0.7201460003852844,0.9262071251869202,-1.3109209537506104,1.947426459335947,1.2002305971693787,-1.9944950889510973
34.922887875000015,0.01177804172039032,-0.011669188737869263,0.0107535719871521,0.6323554515838623,0.8884573578834534,-1.289119005203247,1.959279611897298,1.1851037775730924,-1.9973560727941737
34.932942874998844,0.008691519498825073,-0.028888732194900513,-0.0013723969459533691,0.589863121509552,0.8543837070465088,-1.2633291482925415,1.969271673616891,1.1706245569887037,-1.9986398255588744
34.94299887500529,0.00585995614528656,-0.026916541159152985,-0.00904989242553711,0.5930213928222656,0.8461169600486755,-1.2188050746917725,1.9786285689320393,1.1565502220131512,-1.9994990522560783
34.953053875004116,0.0010591298341751099,-0.014733225107192993,-0.010929226875305176,0.631477415561676,0.8427361845970154,-1.1825611591339111,1.988346736780299,1.1426774828212534,-2.0007973998627637
34.96310987500328,-0.002926841378211975,-0.01490166038274765,-0.005982756614685059,0.6493858098983765,0.8461288213729858,-1.1319615840911865,1.9986711984128367,1.1289968640704273,-2.0027303188725907
34.97316587500245,-0.008573547005653381,-0.03364819288253784,0.007136285305023193,0.6186376214027405,0.8316001892089844,-1.1000661849975586,2.0087629371171825,1.1157365834580633,-2.004509947295278
34.98322087500128,-0.0007713735103607178,-0.03840555250644684,0.001596987247467041,0.6091898083686829,0.815554141998291,-1.0625382661819458,2.017957650001674,1.1026630507429047,-2.0054330756973737
34.99327687500045,0.010836049914360046,-0.034101761877536774,-0.02138209342956543,0.6158013939857483,0.7897743582725525,-1.0489387512207031,2.0269861677133534,1.0898388648469703,-2.00642982671739
35.003331874999276,0.01979425549507141,-0.03343653678894043,-0.016985058784484863,0.5884043574333191,0.7518980503082275,-1.051710844039917,2.0355774126729536,1.0772841195531575,-2.007359983541016
35.01338787499844,0.026560992002487183,-0.021650221198797226,-0.014945924282073975,0.5381363034248352,0.7168316841125488,-1.0449632406234741,2.0429576488646477,1.0649379272604804,-2.007308578472599
35.02344287500455,0.028084009885787964,-0.01504414901137352,-0.014276623725891113,0.48909711837768555,0.6829065084457397,-1.036438226699829,2.0491195338815635,1.05289556405943,-2.0062468917166814
35.033498875003716,0.03047148883342743,-0.0036778785288333893,-0.012113869190216064,0.478138267993927,0.6599714756011963,-1.0333189964294434,2.0544118505231004,1.041077993632163,-2.004559087360939
35.043553875002544,0.02363942563533783,0.017878714948892593,-0.02765411138534546,0.5171293616294861,0.6483051776885986,-1.030343770980835,2.0596345872958417,1.0291244078276085,-2.002975069040527
35.05360987500171,0.015604794025421143,0.031199447810649872,-0.0461086630821228,0.5875752568244934,0.6580372452735901,-1.0414328575134277,2.065790075155096,1.0169933171322587,-2.002436545285753
35.06366487500054,0.003440484404563904,0.035060152411460876,-0.031091630458831787,0.6318202018737793,0.6696113348007202,-1.0590113401412964,2.0726448366561856,1.0044882441131588,-2.002627831374254
35.07372087499971,0.001830562949180603,0.02125951275229454,-0.021745264530181885,0.6439652442932129,0.670464038848877,-1.0789209604263306,2.0795787647991744,0.9915528746603717,-2.002811612703571
35.08377587499854,0.007485181093215942,0.002122362144291401,-0.027391374111175537,0.6346055269241333,0.6657022833824158,-1.096025824546814,2.0861003062097216,0.9783702193929322,-2.002543085301512
35.09383187500498,0.016796782612800598,-0.00851590745151043,-0.029807448387145996,0.6458000540733337,0.6515395045280457,-1.0819227695465088,2.092355039871716,0.9651551465985048,-2.0021005277431643
35.10388687500381,0.020558610558509827,-0.02357282117009163,-0.014137685298919678,0.6440202593803406,0.6467759013175964,-1.0567023754119873,2.0987339056966734,0.952143723721827,-2.0018931839581238
35.11394287500298,0.03100132942199707,-0.02645725943148136,0.005328953266143799,0.6395824551582336,0.6328282952308655,-1.0434043407440186,2.1048485148889786,0.9392599087617709,-2.001527174741966
35.123997875001805,0.03339419513940811,-0.007477648556232452,0.015974581241607666,0.6242114901542664,0.6361452341079712,-1.0257636308670044,2.110706522051278,0.9263997989435239,-2.0008841523333523
35.13405387500097,0.02666199952363968,0.004614617675542831,0.02577817440032959,0.5991361737251282,0.6436032652854919,-1.025027871131897,2.1165255554453264,0.9138897341156959,-2.0001325735374595
35.14410987500014,0.019421808421611786,0.021858397871255875,0.03777211904525757,0.5801388025283813,0.6599819660186768,-1.0303843021392822,2.1221440176283557,0.9015175768302618,-1.9989832086693733
35.15416487499897,0.009304523468017578,0.02902286872267723,0.039356350898742676,0.5651934742927551,0.6767250299453735,-1.0330283641815186,2.127699644706084,0.8892043041248896,-1.9975382211842934
35.164220874998136,0.002654828131198883,0.03318071737885475,0.03785574436187744,0.5562508702278137,0.684322714805603,-1.0354102849960327,2.1331167054297926,0.8768862067574796,-1.995692107890294
35.17427587500424,0.006519310176372528,0.02188129723072052,0.026774704456329346,0.5716137886047363,0.6837509870529175,-1.0411955118179321,2.1384748847879433,0.8645211264592813,-1.9937720752534729
35.18433187500341,0.01337386667728424,0.02710912376642227,-0.0032101869583129883,0.607576310634613,0.6788324117660522,-1.040781855583191,2.1439108008031074,0.8518998319571626,-1.991983513668028
35.19438687500224,0.01739376038312912,0.021623320877552032,-0.009807407855987549,0.6016585230827332,0.6605717539787292,-1.0441327095031738,2.1495149744178725,0.8392346180736102,-1.9904997806668538
35.204442875001405,0.03121381625533104,0.017389751970767975,0.008451640605926514,0.5426681637763977,0.6426742672920227,-1.0468275547027588,2.154459170890331,0.8266854111816343,-1.9883899348018816
35.214497875000234,0.03860190510749817,0.037926219403743744,0.020435452461242676,0.48620498180389404,0.6168919205665588,-1.0123556852340698,2.158927231528125,0.8148225621739216,-1.9858924088192074
35.2245538749994,0.03258952125906944,0.027329467236995697,0.017998218536376953,0.4121110439300537,0.5835853815078735,-0.9699158668518066,2.162593386436987,0.8034513096768757,-1.9826786088106396
35.23460887499823,0.036490947008132935,0.013590902090072632,0.015968263149261475,0.32674506306648254,0.5380043983459473,-0.9334173202514648,2.1653526857675316,0.7928221719332682,-1.978720683048599
35.24466487500467,0.030273623764514923,0.008300743997097015,0.005984842777252197,0.28423646092414856,0.5038672089576721,-0.8899337649345398,2.1676687506623473,0.7832122116981193,-1.9746310452528872
35.2547198750035,0.021431932225823402,0.0005372613668441772,-0.012620687484741211,0.27221283316612244,0.4680285155773163,-0.8459399938583374,2.1695760880303885,0.7739550830429685,-1.9704958112021442
35.26477587500267,0.019268563017249107,-0.005823835730552673,-0.013974964618682861,0.27325573563575745,0.4391004741191864,-0.7985213994979858,2.1712805114145395,0.7649612044292401,-1.9665093738467958
35.2748308750015,0.018704699352383614,-0.006738066673278809,-0.01374828815460205,0.2655666172504425,0.4136998951435089,-0.7325193881988525,2.173159008775095,0.7565785249980935,-1.9631096407095807
35.284886875000666,0.023610148578882217,-0.019643910229206085,-0.013285934925079346,0.22466978430747986,0.36982354521751404,-0.6678498387336731,2.174848832391661,0.7488149445678479,-1.959897016755714
35.294941874999495,0.034025054425001144,-0.032020069658756256,-0.006049990653991699,0.15782737731933594,0.32003679871559143,-0.6071413159370422,2.1758529442792978,0.7417090899114668,-1.95640100147677
35.30499787499866,0.0361243337392807,-0.027479544281959534,-0.007665455341339111,0.11392276734113693,0.2691349983215332,-0.536253035068512,2.1763793214376332,0.7356164151186804,-1.9528785994414422
35.315053875005106,0.032425932586193085,-0.017777077853679657,-0.016827404499053955,0.08831945061683655,0.2284119427204132,-0.47136425971984863,2.176594250865772,0.7303224064484111,-1.9495849283005235
35.325108875003934,0.02708372287452221,-0.01626627892255783,-0.01291811466217041,0.08031318336725235,0.19464519619941711,-0.413723886013031,2.176608279363587,0.7255716466762971,-1.9465405386320767
35.3351648750031,0.023233449086546898,-0.022890694439411163,-0.0012333393096923828,0.05701225623488426,0.17384417355060577,-0.3538994789123535,2.1765609488903843,0.7213442165529222,-1.9437839859265076
35.34521987500193,0.018910598009824753,-0.03977152705192566,0.009954214096069336,0.01433323509991169,0.14402848482131958,-0.30857059359550476,2.1762775220163677,0.7177750911313846,-1.9410575035267088
35.3552758750011,0.028622310608625412,-0.042632997035980225,0.004596590995788574,-0.017431972548365593,0.10979007929563522,-0.2623320519924164,2.175649543975882,0.7148249849690269,-1.938293044127174
35.36533087499993,0.02893669530749321,-0.03848037123680115,-0.0026783347129821777,-0.021888507530093193,0.09634272009134293,-0.21603724360466003,2.174785725018563,0.712221555265064,-1.935557412402449
35.375386874999094,0.03192398324608803,-0.034175872802734375,0.002509772777557373,-0.04403690993785858,0.07800272107124329,-0.1710985153913498,2.1740501817902085,0.7102443685237713,-1.9332260093047806
35.3854418750052,0.03686343878507614,-0.0344451442360878,-0.005158603191375732,-0.06321539729833603,0.0650392547249794,-0.1282581090927124,2.173275134769398,0.7087572648969196,-1.9310306362173204
35.39549787500437,0.02722340077161789,-0.033925607800483704,-0.0036950111389160156,-0.08082910627126694,0.05665562301874161,-0.10445950925350189,2.172333621882052,0.7075472148641183,-1.9287650819775601
35.405552875003195,0.01767565868794918,-0.0255909264087677,-0.0009963512420654297,-0.09141916036605835,0.052070993930101395,-0.08778811991214752,2.171302215683777,0.7065191259527658,-1.926453180319992
35.41560887500236,0.004240122623741627,-0.027183063328266144,-0.006882846355438232,-0.09357023984193802,0.04725080356001854,-0.08652155101299286,2.170387175449833,0.7058465241652255,-1.92437354130847
35.42566387500119,0.0027163028717041016,-0.025576695799827576,-0.01842021942138672,-0.08347898721694946,0.04443477839231491,-0.08272495120763779,2.1694189509394533,0.7050842928652639,-1.9222836880387175
35.43571987500036,0.0038445638492703438,-0.02313307672739029,-0.018905580043792725,-0.07671726495027542,0.047808337956666946,-0.08473251760005951,2.168533120389676,0.7042858346765798,-1.920309280167995
35.44577487499919,0.007124652154743671,-0.020476505160331726,-0.01349550485610962,-0.09769897907972336,0.043047670274972916,-0.08654160797595978,2.1677355564816456,0.7037061367305952,-1.918431936791881
35.455830874998355,0.01343010738492012,-0.020540989935398102,-0.01252281665802002,-0.13922490179538727,0.03593529760837555,-0.08285827189683914,2.1665631054243355,0.7031643416731103,-1.9160772792989509
35.46588587500446,0.019825421273708344,-0.023727141320705414,-0.010719716548919678,-0.16747704148292542,0.01824631728231907,-0.07257447391748428,2.1651513762287617,0.7030383918027283,-1.913518390870938
35.47594187500363,0.023603666573762894,-0.020956046879291534,-0.021623611450195312,-0.15765953063964844,0.006464625708758831,-0.06576058268547058,2.163757144151572,0.7028526749148117,-1.9110663323580115
35.485997875002795,0.021752245724201202,-0.012614704668521881,-0.02877718210220337,-0.12332631647586823,0.0046845693141222,-0.061101652681827545,2.1623219645028597,0.7025088715614215,-1.908772152748999
35.496052875001624,0.016076914966106415,-0.009826742112636566,-0.03332799673080444,-0.0888184905052185,0.006460630800575018,-0.056453634053468704,2.1611549115927646,0.7020435498204087,-1.9069546495808931
35.50610887500079,0.0131209222599864,-0.018828831613063812,-0.03458225727081299,-0.05308446288108826,0.008518988266587257,-0.04618821293115616,2.1601163406425705,0.7012695709486357,-1.9053406334703424
35.51616387499962,0.010386313311755657,-0.029164202511310577,-0.022885680198669434,-0.014834947884082794,0.016250012442469597,-0.029718881472945213,2.15951997669122,0.7005629084797389,-1.90432736647432
35.52621987499879,0.010469391942024231,-0.039023324847221375,-0.011652112007141113,0.017396491020917892,0.02620197832584381,-0.00337329413741827,2.1595052185298576,0.7000346684310303,-1.904020685849403
35.53627487500489,0.014020969159901142,-0.045988067984580994,0.007329046726226807,0.017955178394913673,0.034142062067985535,0.019323522225022316,2.1598778730855934,0.6996477287139584,-1.9041126639089478
35.54633087500406,0.02117944322526455,-0.04075084626674652,0.02049809694290161,0.012498361058533192,0.03361368924379349,0.044228870421648026,2.160326577999241,0.6993714513977102,-1.904266324506113
35.55638587500289,0.020367462188005447,-0.03378170728683472,0.022431373596191406,-0.002523775678128004,0.02722463198006153,0.06970836967229843,2.1607839215779445,0.6993072013049468,-1.904444206998029
35.566441875002056,0.02186419814825058,-0.026069752871990204,0.019238054752349854,-0.03255517780780792,0.014198578894138336,0.08546416461467743,2.161045924000339,0.699617975211868,-1.9044781935015436
35.576496875000885,0.02738778479397297,-0.014227516949176788,0.006816387176513672,-0.06678310036659241,-0.009695835411548615,0.08750776946544647,2.1610303921707477,0.7003344665395699,-1.9043703323348475
35.58655287500005,0.026814647018909454,0.0003487318754196167,-0.009252488613128662,-0.09044395387172699,-0.02849269099533558,0.09308069944381714,2.160664651841555,0.7013450905866541,-1.9040854954301263
35.59660787499888,0.01857088692486286,0.012042194604873657,-0.0223349928855896,-0.09706372767686844,-0.045880869030952454,0.09032046794891357,2.159888656643091,0.7021689807813515,-1.9035005632330269
35.60666387499805,0.011602473445236683,0.013765722513198853,-0.023635566234588623,-0.10618133097887039,-0.06172721087932587,0.09332077950239182,2.1589294251071016,0.7029724516693021,-1.9028883387826643
35.61671887500415,0.006741761229932308,0.013312533497810364,-0.018253087997436523,-0.10431499034166336,-0.0698368027806282,0.09076852351427078,2.1578789232903968,0.7037726129469748,-1.9022811915905413
35.62677487500332,0.003386152908205986,0.008874170482158661,-0.00403672456741333,-0.10726923495531082,-0.0717066079378128,0.08748351037502289,2.1568216394783675,0.7045597939142506,-1.9016583727389484
35.63682987500215,0.0015232441946864128,0.010374367237091064,0.004826545715332031,-0.10372438281774521,-0.07026876509189606,0.08602345734834671,2.155717479982302,0.7053434281963556,-1.9009646863878655
35.64688587500132,-0.004602082073688507,0.010263092815876007,0.008357703685760498,-0.0871584564447403,-0.05938549339771271,0.08105400204658508,2.154726948599518,0.7061153477220052,-1.9003416492853806
35.656940875000146,-0.01218235120177269,0.011550746858119965,0.014617443084716797,-0.06215173006057739,-0.03562796860933304,0.07241491228342056,2.153988856939943,0.7067172300255685,-1.8998301207375854
35.66699687499931,-0.018375474959611893,0.012840792536735535,0.024230360984802246,-0.036179520189762115,-0.0075475964695215225,0.0628802627325058,2.1536243221442057,0.7072100608354958,-1.899493421305325
35.67705287499848,-0.0239874180406332,0.018663860857486725,0.03677636384963989,-0.0031020808964967728,0.02340605854988098,0.05971642956137657,2.1536642218398656,0.7074497747611934,-1.899351608897081
35.687107875004585,-0.023431889712810516,0.012684181332588196,0.04542970657348633,-0.0066241114400327206,0.042322494089603424,0.04044872522354126,2.153921323925986,0.7074350274383232,-1.8992460212106286
35.69716387500375,-0.015773853287100792,0.018750213086605072,0.037295401096343994,-0.029766714200377464,0.05233384668827057,0.02975006401538849,2.1540777446059733,0.7072630998963071,-1.8987543182591715
35.70721887500258,-0.010360632091760635,0.024222098290920258,0.022269070148468018,-0.05583586543798447,0.04724108427762985,0.017467565834522247,2.154077801247486,0.7072246238084589,-1.8980177946583618
35.71727487500175,-0.006688762456178665,0.025766685605049133,0.009429633617401123,-0.0657525435090065,0.0404706634581089,0.004985090345144272,2.153814603934588,0.7072590921488022,-1.8969988284274972
35.72732987500058,-0.008716579526662827,0.0342145711183548,-0.0017585158348083496,-0.06872090697288513,0.04585930332541466,0.005810936447232962,2.1534236797465214,0.7072198271557297,-1.895856455888141
35.737385874999745,-0.01338297687470913,0.02578599750995636,-0.003655731678009033,-0.09573472291231155,0.03555459901690483,0.0037381714209914207,2.152885623786811,0.707301929777543,-1.8945772378175811
35.747440874998574,-0.010285804979503155,0.014997079968452454,-0.0011197924613952637,-0.11746984720230103,0.025361884385347366,-0.004725620616227388,2.1519920041929548,0.7074876902373187,-1.892986901946601
35.75749687500502,-0.01117224246263504,0.017699331045150757,-0.0063288211822509766,-0.10143841058015823,0.018558839336037636,-0.011595937423408031,2.150854022663257,0.7075804471519958,-1.8912039904322444
35.767551875003846,-0.013801484368741512,0.01763894408941269,-0.015534818172454834,-0.06712118536233902,0.022703783586621284,-0.023280823603272438,2.149909486236213,0.7074081809370505,-1.889724831117288
35.777607875003014,-0.012187464162707329,0.01416807621717453,-0.021485865116119385,-0.03581377863883972,0.024930983781814575,-0.02981632761657238,2.1493326732834115,0.7071945400382423,-1.8886534864671987
35.78766287500184,-0.008080864325165749,0.006639711558818817,-0.018812716007232666,-0.033236369490623474,0.02050640806555748,-0.027679938822984695,2.148797161649171,0.7067721264360409,-1.8876261497269107
35.79771887500101,-0.0027929795905947685,-0.006649628281593323,-0.008978128433227539,-0.043760474771261215,0.01130092702805996,-0.023888448253273964,2.1481823337294834,0.7063958008754107,-1.886553703225066
35.80777387499984,0.001856992021203041,-0.012045949697494507,-0.003966212272644043,-0.05221015214920044,0.008032429032027721,-0.01285976730287075,2.1473487627030727,0.7060719707973889,-1.8852710726632058
35.817829874999006,0.001340712420642376,-0.013565674424171448,-0.005146384239196777,-0.061719898134469986,0.008547617122530937,-0.0013785331975668669,2.146485699564447,0.7058555016066622,-1.884032422983759
35.82788499999879,0.002018931321799755,-0.021224908530712128,-0.0006007552146911621,-0.07506473362445831,0.0037517971359193325,0.005418919026851654,2.1456369119324368,0.7057525591826985,-1.8828087154493431
35.83794000000489,0.00180862657725811,-0.018252909183502197,0.003180086612701416,-0.08675587177276611,0.004834238439798355,0.0031154179014265537,2.1446889891572956,0.7057990629805788,-1.8814413218696209
35.84799600000406,-0.002300611697137356,-0.005188174545764923,0.002106189727783203,-0.07144003361463547,0.011348331347107887,0.0021785178687423468,2.143809587781248,0.7059278796301851,-1.8801764418206859
35.85805100000289,-0.00540380273014307,0.001913897693157196,-0.006692826747894287,-0.04948333650827408,0.020099744200706482,-0.006354516372084618,2.1431322497172576,0.7058380538182504,-1.879070138398384
35.868107000002055,-0.005466627888381481,0.0017770752310752869,-0.009864211082458496,-0.03457309678196907,0.02375439926981926,-0.014916579239070415,2.14267784450028,0.7055867025098841,-1.8781544720882426
35.878162000000884,-0.006507417187094688,0.002875290811061859,-0.010769665241241455,-0.013214902020990849,0.029218409210443497,-0.023554010316729546,2.1423797057199216,0.704970007605253,-1.8773658666597068
35.88821800000005,-0.007182516157627106,0.0005336329340934753,-0.010666370391845703,-0.012865494936704636,0.029728136956691742,-0.026686154305934906,2.1423265486351086,0.7043730662411458,-1.8768442701331833
35.89827299999888,-0.0036968309432268143,-0.0074688345193862915,-0.006194949150085449,-0.022485854104161263,0.02456786297261715,-0.02752704545855522,2.1421178026136865,0.7036670265931153,-1.8761640834969058
35.90832899999805,-0.0007207579910755157,-0.00913352519273758,-0.0008170008659362793,-0.03225965425372124,0.019671374931931496,-0.018878163769841194,2.1419162239837464,0.7031809808860557,-1.875553983643929
35.91838400000415,0.0006948597729206085,-0.00912473350763321,-0.00798732042312622,-0.03750186413526535,0.014781679026782513,-0.012036530300974846,2.1415756643584767,0.7027761033987525,-1.8748375817423617
35.92844000000332,0.0001884903758764267,-0.00610804557800293,-0.011826634407043457,-0.025912854820489883,0.009068931452929974,-0.015139645896852016,2.141187933200289,0.7024934575641766,-1.8741531807048721
35.93849500000215,0.00046357326209545135,0.0012138336896896362,-0.01050490140914917,-0.0011324514634907246,0.012286694720387459,-0.015798432752490044,2.1408520806718974,0.7020601608759233,-1.8735866026956098
35.948551000001316,-0.006183722987771034,0.0018875673413276672,-0.003092646598815918,0.007628816179931164,0.021423734724521637,-0.024661432951688766,2.140787163948867,0.7017083787087087,-1.8733291754459316
35.958606000000145,-0.0073320697993040085,0.0013966336846351624,-0.0009173750877380371,0.0045133610256016254,0.023164376616477966,-0.03404944762587547,2.140701799294661,0.7011637809408582,-1.8729554387968037
35.96866199999931,-0.007980579510331154,-0.000876106321811676,2.0265579223632812e-06,0.012043449096381664,0.029909899458289146,-0.03913235664367676,2.1406804815178506,0.7005578163561095,-1.8726086484290005
35.97871699999814,-0.007915854454040527,-0.0006728619337081909,-0.0005066990852355957,0.01729782111942768,0.03622518479824066,-0.048020362854003906,2.1408702785919393,0.6999769986395573,-1.8724298934599508
35.988773000004585,-0.006635293364524841,0.0009832531213760376,-0.0035559535026550293,0.027075350284576416,0.04100795462727547,-0.04923955723643303,2.14115983711382,0.6993154901641907,-1.8723088103447376
35.99882900000375,-0.0029230378568172455,0.003669135272502899,-0.002903878688812256,0.031129613518714905,0.04567261412739754,-0.04890897870063782,2.141470482868586,0.6984802813952431,-1.8721534739194439
36.00888400000258,0.00046666525304317474,0.0005178898572921753,0.0032765865325927734,0.016863593831658363,0.04598233848810196,-0.048120152205228806,2.141718380588566,0.6976313346539504,-1.871880854469397
36.01894000000175,0.003451194614171982,0.0024262070655822754,0.00872647762298584,-0.0019740548450499773,0.044787514954805374,-0.04604978486895561,2.1418613318563686,0.6969954835412189,-1.871441954394186
36.02899500000058,0.004298631101846695,0.005092330276966095,0.007126271724700928,-0.017121583223342896,0.03885798528790474,-0.04584578424692154,2.1420086960675606,0.6967859405431996,-1.8710800346106904
36.039050999999745,0.004811247810721397,0.008020207285881042,-0.0009644627571105957,-0.025717511773109436,0.03695422410964966,-0.04828649386763573,2.141993355970718,0.6965640411696091,-1.8705245244098572
36.049105999998574,0.0062236543744802475,0.005823023617267609,-0.003102421760559082,-0.022637033835053444,0.034714508801698685,-0.04215722903609276,2.1418539033452357,0.6962339992316363,-1.8698623644913959
36.05916200000502,0.0051989369094371796,0.0008040592074394226,0.0014269351959228516,-0.02781808003783226,0.027759261429309845,-0.03679220750927925,2.1418112834024323,0.6960933886947636,-1.86937721202711
36.069217000003846,0.006968514993786812,-0.005954556167125702,0.0018285512924194336,-0.03407038375735283,0.017123928293585777,-0.029173972085118294,2.1416384829165422,0.6959973554831038,-1.8688107485554148
36.07927300000301,0.010706396773457527,-0.010560721158981323,-0.0014439821243286133,-0.029797563329339027,0.006165952421724796,-0.019446855410933495,2.141380260411685,0.6959611358380305,-1.8682704553694147
36.08932800000184,0.012002794072031975,-0.001979231834411621,-0.010731637477874756,-0.02499268762767315,-0.0013894354924559593,-0.0007141811074689031,2.1410143214391146,0.6957865349281349,-1.8677195727616014
36.09938400000101,0.009304177016019821,-0.005324132740497589,-0.012756764888763428,-0.028871804475784302,-0.007687944918870926,0.017030488699674606,2.1407667040505243,0.6958531569001671,-1.8673938071696312
36.10943899999984,0.00947757437825203,-0.007875204086303711,-0.005050301551818848,-0.042428094893693924,-0.02228473126888275,0.026846634224057198,2.1403055201879604,0.6959825594787786,-1.866931619122045
36.119494999999006,0.005187060683965683,0.0019204691052436829,-0.0017281174659729004,-0.05019191652536392,-0.02516227588057518,0.037377141416072845,2.139825387558187,0.6964001119227273,-1.8665154764411145
36.12955000000511,-0.00154213048517704,0.005383811891078949,0.0061463117599487305,-0.06054176017642021,-0.020304404199123383,0.04367471858859062,2.139444950413393,0.6970948115312326,-1.8662031476271537
36.13960600000428,-0.005605123937129974,0.006573207676410675,0.015294492244720459,-0.07829630374908447,-0.021011872217059135,0.03936708718538284,2.138931359376915,0.6977204938325499,-1.865671165795469
36.14966100000311,-0.004471518099308014,0.012338817119598389,0.019185245037078857,-0.08811404556035995,-0.015401391312479973,0.03280026465654373,2.1383063592537246,0.6983107911113349,-1.8649448128145225
36.159717000002274,-0.008542248979210854,0.019637130200862885,0.014225482940673828,-0.08846389502286911,-0.01388285681605339,0.02146185375750065,2.137599019840024,0.6986753287107182,-1.8640020118826621
36.16977300000144,-0.008037393912672997,0.018897555768489838,0.011162042617797852,-0.09102186560630798,-0.012112919241189957,0.00624961219727993,2.1368072793825252,0.6989952294010933,-1.862912123311363
36.17982800000027,-0.007422350347042084,0.015395201742649078,0.007283985614776611,-0.08105596154928207,-0.007053712382912636,-0.009853670373558998,2.136081696859619,0.6992507826329235,-1.8618631977987306
36.18988399999944,-0.013389993458986282,0.005903564393520355,0.009425342082977295,-0.0789392814040184,0.0009256503544747829,-0.017788026481866837,2.1353856615084092,0.6992967274698688,-1.860776466892801
36.19993899999827,-0.012918224558234215,0.00633501261472702,0.010083377361297607,-0.0642499029636383,0.011256851255893707,-0.022244347259402275,2.1348039498273996,0.699396600094621,-1.8597638456819847
36.20999500000471,-0.010214252397418022,0.0016802400350570679,0.0025680065155029297,-0.05664098635315895,0.019925706088542938,-0.017110571265220642,2.134422031930314,0.6995086401440396,-1.8589400983980082
36.22005000000354,-0.0032552890479564667,-0.004351608455181122,0.0016863346099853516,-0.05246816575527191,0.02469995617866516,-0.025591781362891197,2.1341908763829878,0.6997475790937133,-1.858280923601174
36.230106000002706,-0.002477545291185379,-0.0013964548707008362,0.0025075674057006836,-0.03812810778617859,0.03376135975122452,-0.025051958858966827,2.1340075623052344,0.6998293064889007,-1.8575904811182775
36.240161000001535,-0.0019744951277971268,0.0012992024421691895,0.002133667469024658,-0.03276867792010307,0.04298335686326027,-0.030972803011536598,2.133824468868242,0.6997002681212764,-1.8568040965965624
36.2502170000007,0.0019042640924453735,-0.0001612827181816101,-0.00032913684844970703,-0.04446474835276604,0.039649076759815216,-0.031618088483810425,2.13368841485526,0.6996681698144627,-1.8560389320252457
36.26027199999953,0.008318554610013962,-0.005781412124633789,-0.01117640733718872,-0.0570988692343235,0.025566281750798225,-0.037674542516469955,2.1333259357990046,0.6995597927414399,-1.8550601727746485
36.2703279999987,0.01337958313524723,0.0018183961510658264,-0.022983253002166748,-0.04927903041243553,0.014567693695425987,-0.03666973114013672,2.132763642690636,0.6993406538247463,-1.8540273004744208
36.280383000004804,0.009721651673316956,0.0036033838987350464,-0.03314816951751709,-0.03684277832508087,0.004430636763572693,-0.033371247351169586,2.132134165706156,0.6989641836288804,-1.8530567401401483
36.29043900000397,0.009507093578577042,-0.0011352598667144775,-0.03323763608932495,-0.012111599557101727,-0.0021809269674122334,-0.021671714261174202,2.131669595814877,0.6986847577554199,-1.8524530719153556
36.3004940000028,0.00651986338198185,-0.010274335741996765,-0.01913350820541382,-0.009914579801261425,-0.00733760604634881,-0.01705848053097725,2.131388302677569,0.6983896948890547,-1.8521308771340343
36.31055000000197,0.011144572868943214,-0.009699955582618713,-0.01189190149307251,-0.011077315546572208,-0.013545967638492584,-0.014196114614605904,2.1310871433542222,0.698253550294954,-1.851876765106984
36.320605000000796,0.006644491106271744,-0.00530579686164856,-0.010602593421936035,-0.001636942964978516,-0.007804990746080875,-0.005202513188123703,2.1307391386574346,0.6979998223535928,-1.8515620853568568
36.330660999999964,0.006175542250275612,-0.005490757524967194,-0.002563953399658203,0.01126234419643879,-0.0016456317389383912,-0.0015401339624077082,2.1306230558466135,0.697780359417905,-1.851481162151174
36.34071699999913,0.005451405420899391,-0.007077373564243317,0.01244133710861206,0.006516857538372278,0.006772886961698532,-0.0034807794727385044,2.130622267187589,0.697444146017371,-1.8514055531698814
36.350772000005236,0.0041396841406822205,-0.0008673518896102905,0.02335941791534424,0.004852115176618099,0.017752833664417267,-0.00443179439753294,2.130676392830685,0.6971131774424932,-1.8512170200398896
36.3608280000044,0.0006599053740501404,-0.003117308020591736,0.02571892738342285,-0.001431568874977529,0.026508640497922897,-0.0055688307620584965,2.1308472149401756,0.6969423733242468,-1.8510735344264853
36.37088300000323,-0.0012758690863847733,0.00023340433835983276,0.024537980556488037,-0.003496051300317049,0.036130111664533615,-0.012840059585869312,2.1310986820247098,0.6967832132572543,-1.8508938093006122
36.3809390000024,-0.0003574490547180176,-1.8008053302764893e-05,0.016703426837921143,-0.009859984740614891,0.038066890090703964,-0.019042694941163063,2.1313585104246986,0.6965886217467141,-1.8506849192784458
36.39099400000123,-0.0005362816154956818,-5.129724740982056e-05,0.007390260696411133,-0.014509597793221474,0.04055135324597359,-0.025358915328979492,2.131602273912043,0.6963613503985233,-1.8503879444905618
36.401050000000396,0.0009030960500240326,0.004102587699890137,0.001263260841369629,0.000934028415940702,0.04610631242394447,-0.03050672449171543,2.1317671591667073,0.6959053787600442,-1.8499695824863864
36.411104999999225,4.957057535648346e-05,0.004487946629524231,-0.0031664371490478516,0.015257573686540127,0.05107869952917099,-0.0358482263982296,2.132104532263457,0.6953650575257306,-1.849718608082681
36.42116099999839,0.0007171444594860077,0.0023262277245521545,-0.006920456886291504,0.027409134432673454,0.059174176305532455,-0.03819894790649414,2.13257754504474,0.6947011841705681,-1.8495822752153885
36.4312160000045,-0.0009025577455759048,-0.0007460489869117737,-0.007339954376220703,0.036736324429512024,0.06788910180330276,-0.042913541197776794,2.1331311127014354,0.6939298384656807,-1.8494862789834807
36.441272000003664,-0.0018151365220546722,-0.004415236413478851,-0.0006856918334960938,0.036537785083055496,0.07352501899003983,-0.04231856390833855,2.133795776818167,0.6931237341546869,-1.8494532661610341
36.45132700000249,-0.004045814275741577,-0.008380711078643799,0.0023845434188842773,0.03164076432585716,0.08190598338842392,-0.043030694127082825,2.134529183858959,0.6924663890319118,-1.8494565227843947
36.46138300000166,-0.0056509170681238174,-0.01668783277273178,0.00538325309753418,0.014602436684072018,0.083429716527462,-0.038615621626377106,2.1352485891701014,0.6918539752742925,-1.8493202392130943
36.47143800000049,-0.002870328724384308,-0.01947217434644699,0.011274576187133789,0.0029082298278808594,0.08741939812898636,-0.03943054750561714,2.1358552731097884,0.6912718505270593,-1.8489754362053439
36.48149399999966,-0.002067655324935913,-0.017851896584033966,0.008777081966400146,0.004409541841596365,0.0890686884522438,-0.03165166825056076,2.1364778944831904,0.6907906669056194,-1.8485855533616187
36.491548999998486,0.002281511202454567,-0.008835561573505402,-0.00030541419982910156,0.02365700528025627,0.0938677042722702,-0.03465411812067032,2.13718406869818,0.6902594521745322,-1.8483352249084506
36.50160500000493,0.00556332990527153,-0.0020915716886520386,-0.010269641876220703,0.03382202610373497,0.09347888082265854,-0.03196911886334419,2.1379992300434036,0.689595110186104,-1.848215205293343
36.51166000000376,0.005385700613260269,0.0002727583050727844,-0.01119232177734375,0.04060269892215729,0.09368021786212921,-0.0300843995064497,2.1389661195900347,0.6890448633942664,-1.8483207318621973
36.521716000002925,0.004511494189500809,-0.00032485276460647583,-0.004098296165466309,0.050376590341329575,0.09565681964159012,-0.018916860222816467,2.1399845355535514,0.68835548929155,-1.8485009490897653
36.53177200000209,0.0016269199550151825,-0.0012234002351760864,0.0026398897171020508,0.04661913588643074,0.09539875388145447,-0.01343287993222475,2.1409693230267615,0.6875258968177407,-1.8486717233153367
36.54182700000092,0.003791697323322296,-0.004405766725540161,0.008034884929656982,0.048888370394706726,0.09368594735860825,-0.011303494684398174,2.1420487643719404,0.6869071184333942,-1.8490117617701967
36.55188300000009,0.003533691167831421,-0.0027388110756874084,0.0040659308433532715,0.06417758017778397,0.09826125204563141,-0.006120451260358095,2.1432803751901113,0.6862996295542458,-1.8495397518988341
36.56193799999892,0.007331050932407379,0.0020493417978286743,0.005088090896606445,0.08090192079544067,0.09984836727380753,-0.0013337123673409224,2.1447652980220755,0.685795955320378,-1.8503898430586554
36.571993999998085,0.013610370457172394,0.005806870758533478,0.007525324821472168,0.07885447889566422,0.09670450538396835,0.0037177714984863997,2.1462169863405953,0.685159392744801,-1.8511709293793264
36.58204900000419,0.016931958496570587,0.010978594422340393,0.009301483631134033,0.05908637121319771,0.09180855005979538,0.0037786513566970825,2.147527844800178,0.6845841557445729,-1.8517613670595139
36.59210500000336,0.015385270118713379,0.007420666515827179,0.015174388885498047,0.021681472659111023,0.08566011488437653,0.006221036426723003,2.148563900551691,0.6841710593888662,-1.8520370843470535
36.602160000002186,0.014522384852170944,0.006440989673137665,0.024310708045959473,-0.008695296943187714,0.08008971065282822,0.010009408928453922,2.149348731553529,0.684088609136685,-1.8520148229239946
36.612216000001354,0.006922099739313126,0.00949772447347641,0.021106362342834473,-0.029709234833717346,0.07982552796602249,0.010062139481306076,2.1499102322006927,0.6841199286475296,-1.8517017693904518
36.62227100000018,0.0033960342407226562,0.013106733560562134,0.014719724655151367,-0.03742561116814613,0.07689165323972702,0.01111944206058979,2.1503429262500737,0.6841074829721435,-1.8511984619590607
36.63232699999935,0.004092790186405182,0.015727795660495758,0.004444718360900879,-0.030945342034101486,0.06934452056884766,0.010511176660656929,2.1507479442904978,0.6841666550534736,-1.8507333567876785
36.64238199999818,0.0031380169093608856,0.019151106476783752,0.00457608699798584,-0.027805697172880173,0.06894411146640778,0.010420707985758781,2.151148333862417,0.6842499740615314,-1.8502999492416723
36.65243800000462,0.0013455897569656372,0.015232719480991364,-6.175041198730469e-05,-0.020110759884119034,0.0686437115073204,0.01877877302467823,2.1517084081645246,0.6843793355326749,-1.8500134769865733
36.66249300000345,0.00157228484749794,0.006175003945827484,0.00244981050491333,-0.04187748581171036,0.05425918102264404,0.017376618459820747,2.152221696453902,0.6846992318231915,-1.8497626567269818
36.67254900000262,0.005446810275316238,0.006807111203670502,0.003423452377319336,-0.0585789680480957,0.04687955975532532,0.015014927834272385,2.1523865971001106,0.6849435581681205,-1.849132851429729
36.68260400000145,-0.0016033165156841278,0.00949946790933609,0.004862725734710693,-0.06390377879142761,0.048004478216171265,0.01716276817023754,2.152391747425279,0.6851486097529663,-1.84833564008852
36.692660000000615,-0.004178296774625778,0.010064862668514252,0.005250096321105957,-0.059217680245637894,0.050235409289598465,0.013150181621313095,2.152405318600294,0.6854141274874942,-1.8475526058024183
36.70271499999944,-0.005018472671508789,0.008684419095516205,0.004182934761047363,-0.056451812386512756,0.06049017235636711,0.01432064175605774,2.152525075431832,0.6857387765374434,-1.8468716591093195
36.71277099999861,-0.0073863305151462555,0.0039036646485328674,-0.0014168620109558105,-0.06496594101190567,0.06288249790668488,0.009338400326669216,2.1525697248801055,0.6858946844008638,-1.8459964694099378
36.722827000005054,-0.004101648926734924,-0.0011605098843574524,-0.005209147930145264,-0.07074011862277985,0.05670768767595291,0.007255488075315952,2.152550104854723,0.6861536876203945,-1.8450489772672982
36.73288200000388,-0.001304764300584793,-0.0009648650884628296,-0.014572322368621826,-0.05947946757078171,0.05425624921917915,0.010861408896744251,2.152559438794637,0.6864737624532237,-1.8442103427879804
36.74293800000305,0.0005224086344242096,-0.004871450364589691,-0.02070838212966919,-0.04770394787192345,0.04238121211528778,0.00978357344865799,2.152622357453181,0.6867363621944453,-1.8435837553046828
36.75299300000188,0.0051623135805130005,-0.004482477903366089,-0.027365386486053467,-0.038065437227487564,0.031044935807585716,0.009089820086956024,2.1526573126895663,0.6869458351329314,-1.8430660258171483
36.76304900000105,0.002842240035533905,-7.13840126991272e-05,-0.028268635272979736,-0.03694326803088188,0.02452205680310726,0.012178128585219383,2.1526507079553006,0.6871716800788865,-1.842666295294213
36.773103999999876,0.004373814910650253,-0.007045082747936249,-0.01826566457748413,-0.05247215926647186,0.012151140719652176,0.012737658806145191,2.152459321445199,0.6874368734074868,-1.842156010551174
36.78315999999904,0.002145100384950638,-0.0017169788479804993,-0.013685464859008789,-0.050168972462415695,0.005476460326462984,0.011581581085920334,2.152122692219927,0.68775282213122,-1.8415742424224844
36.79321500000515,-0.003515377640724182,0.006979756057262421,-0.013031005859375,-0.04321412742137909,0.007935889065265656,0.019608082249760628,2.1518367328091372,0.6880602978576932,-1.8411183718685775
36.803271000004315,-0.006439507007598877,0.004504624754190445,-0.008902251720428467,-0.05194787308573723,0.010765498504042625,0.018431710079312325,2.1516347831120113,0.6883679485828962,-1.8407047323521557
36.813326000003144,-0.005007743835449219,-0.0006416067481040955,-0.0002804398536682129,-0.06493930518627167,0.010442189872264862,0.018438633531332016,2.151366156186699,0.688761861670685,-1.8401715278530333
36.82338200000231,-0.003086123615503311,-0.00276382640004158,0.0033875703811645508,-0.073801189661026,0.011043133214116096,0.019707655534148216,2.1510149762029744,0.6891695441930643,-1.8394920617566834
36.8334371666715,-0.00603673979640007,-0.003994058817625046,0.0003699660301208496,-0.06920750439167023,0.017155885696411133,0.023489877581596375,2.150656377070982,0.6894874357475773,-1.8387089163822594
36.84349316667067,-0.0024554505944252014,-0.005735579878091812,-0.0021888017654418945,-0.07630900293588638,0.013562481850385666,0.023183561861515045,2.150326537442828,0.6899014020183201,-1.8379408282871472
36.8535481666695,0.0005022473633289337,-0.0059046149253845215,-0.00819861888885498,-0.06474529206752777,0.01117868721485138,0.023860802873969078,2.1500027304415052,0.6902743699366666,-1.8372345676705073
36.863604166668665,0.0004740990698337555,-0.0016153119504451752,-0.016520142555236816,-0.04431689530611038,0.010895060375332832,0.01693861000239849,2.1497283461699084,0.6905210734634322,-1.8366432088967608
36.873659166667494,0.0012234188616275787,0.0044779106974601746,-0.019691050052642822,-0.03147406876087189,0.008481703698635101,0.0120538379997015,2.149533273956321,0.690711812888553,-1.836221120008373
36.88371516666666,0.0005076266825199127,0.00824364647269249,-0.015526056289672852,-0.025025222450494766,0.007502459455281496,0.010134764015674591,2.1494101095141476,0.6909379592088385,-1.8359741917580499
36.89377116666583,-0.004541963338851929,0.0065907202661037445,-0.008770465850830078,-0.02806255780160427,0.006223610136657953,0.005339477211236954,2.1493302953933116,0.6911350206877243,-1.8357714035463915
36.903826166671934,-0.006389643996953964,0.0017227865755558014,-0.0016753673553466797,-0.03719933331012726,0.004349809605628252,0.0032776575535535812,2.1491014705578766,0.691186370068837,-1.835373479191607
36.9138821666711,-0.007003173232078552,-0.003946281969547272,0.003849327564239502,-0.03722063824534416,0.011807460337877274,0.012786207720637321,2.1488202671324848,0.6911799241256256,-1.8348745772504795
36.92393716666993,-0.007148619741201401,-0.01049046590924263,0.010241448879241943,-0.04689137637615204,0.016611535102128983,0.02114320732653141,2.1486763249579544,0.691341090593878,-1.8344711207126216
36.9339931666691,-0.0021744221448898315,-0.022533707320690155,0.014322519302368164,-0.062206946313381195,0.008704876527190208,0.03095509298145771,2.1484317136906648,0.6915934746008927,-1.8339210644206814
36.944048166667926,0.0016075372695922852,-0.022680021822452545,0.007652580738067627,-0.05044940114021301,0.004030097275972366,0.05103391408920288,2.148266655561302,0.6922206084313488,-1.833577499826564
36.95410416666709,0.004936277866363525,-0.014558441936969757,-0.0068825483322143555,-0.028821958228945732,-0.0028605659026652575,0.06449241191148758,2.1481055380337986,0.6926465942222509,-1.833330789394255
36.96415916666592,0.00794726237654686,-0.011174056679010391,-0.012948989868164062,-0.029410960152745247,-0.01450736727565527,0.08077722042798996,2.148061862933202,0.6933073620324659,-1.8334113573701203
36.97421516666509,0.005690738558769226,-0.008150111883878708,-0.010746657848358154,-0.055164795368909836,-0.026529408991336823,0.0967324823141098,2.1477962566005284,0.6940484947407422,-1.8334006808902668
36.984270166671195,0.0006115064024925232,-0.007018338888883591,-0.009317100048065186,-0.0805911049246788,-0.04183659330010414,0.10644926130771637,2.147250856548565,0.6950049471060472,-1.8331846355930588
36.99432616667036,-0.005227621644735336,-0.004031088203191757,-0.006451964378356934,-0.1014937236905098,-0.05231639742851257,0.10989405959844589,2.146550720696247,0.6962836210735641,-1.8329036162238082
37.00438116666919,-0.008476797491312027,-0.0010712966322898865,0.0006447434425354004,-0.10692749917507172,-0.0507039874792099,0.10822955518960953,2.1457322600200626,0.6975592719302851,-1.8324861173547295
37.01443716666836,-0.01329142227768898,-7.551535964012146e-05,0.005615592002868652,-0.11264770478010178,-0.04410547390580177,0.10382122546434402,2.1450264554645164,0.6989071643380962,-1.8321524172059764
37.02449216666719,-0.014887265861034393,0.0025933831930160522,0.009561896324157715,-0.11314380913972855,-0.043837424367666245,0.0978698879480362,2.1442987224744323,0.7001707606759594,-1.83167672007302
37.034548166666355,-0.00901661068201065,0.0036881305277347565,0.004852712154388428,-0.09504469484090805,-0.040898360311985016,0.08738502860069275,2.143518790674499,0.7012432119015846,-1.8310977865583364
37.04460316666518,-0.0032636262476444244,0.018332045525312424,-0.00935143232345581,-0.05267447233200073,-0.03938981518149376,0.06912476569414139,2.1430655892562442,0.7022215785392171,-1.8309314206612868
37.05465916667163,-0.001935027539730072,0.0350395031273365,-0.021851062774658203,-0.019576972350478172,-0.030106566846370697,0.05519536882638931,2.142718125749763,0.7026564639321751,-1.8308668702362112
37.064715166670794,-0.0005977489054203033,0.0346536748111248,-0.020035505294799805,-0.009690208360552788,-0.027186013758182526,0.03942783176898956,2.142638468594879,0.7030968100041699,-1.8311482134004324
37.07477016666962,-0.004996776580810547,0.024290375411510468,-0.008098363876342773,-0.019619537517428398,-0.03154933452606201,0.017589911818504333,2.1423402801441127,0.7033325145137558,-1.8311844551923186
37.08482616666879,-0.008846137672662735,0.027038663625717163,0.0013418793678283691,-0.027487004175782204,-0.02501380443572998,-0.005167838651686907,2.141860558643496,0.7034548841852899,-1.8309558820768572
37.09488116666762,-0.012248482555150986,0.02925126627087593,0.007028758525848389,-0.02975495159626007,-0.020603077486157417,-0.026501622051000595,2.1412952762668866,0.7034332651240535,-1.8304997571858623
37.10493716666679,-0.008266258984804153,0.025561824440956116,0.006454169750213623,-0.013484724797308445,-0.008632168173789978,-0.04452003911137581,2.140723973220722,0.703196107988496,-1.8299545403930775
37.114992166665616,-0.007269110530614853,0.021795708686113358,0.005910694599151611,0.0008657182333990932,-0.001662942231632769,-0.054837923496961594,2.140383900818082,0.7028021069130206,-1.8295445639781167
37.12504816666478,-0.0013050176203250885,0.018510371446609497,0.0070996880531311035,0.012768450193107128,0.009629126638174057,-0.056846585124731064,2.1401998772787665,0.7024129300502455,-1.8291965323690833
37.13510316667089,0.003111783415079117,0.0038000717759132385,0.013799607753753662,0.0014010135782882571,0.009245897643268108,-0.047342296689748764,2.139957196004218,0.7020102425658764,-1.828682736574133
37.145159166670055,0.007891383022069931,-0.00927937775850296,0.013152480125427246,-0.01788315735757351,0.0055162739008665085,-0.04377938434481621,2.139510386714376,0.7015379590744093,-1.827906486672503
37.155214166668884,0.007928483188152313,-0.008624769747257233,0.008466839790344238,-0.016643723472952843,0.003947406075894833,-0.04011327773332596,2.139057865858531,0.7012552508560621,-1.8271832926155942
37.16527016666805,0.004715181887149811,-0.003620915114879608,0.0017480254173278809,-0.004140092525631189,0.008121911436319351,-0.03928450122475624,2.1387539124698804,0.7011032764238895,-1.8266751487146338
37.17532516666688,0.0015193074941635132,-0.005026381462812424,-0.0011442899703979492,-0.0019206140423193574,0.011524898931384087,-0.031369052827358246,2.1385418615589833,0.7009845890877313,-1.8262835103330388
37.18538116666605,0.002332255244255066,-0.004778072237968445,0.001958906650543213,-0.012639126740396023,0.012907345779240131,-0.027353914454579353,2.138352346798194,0.7008601993202758,-1.8258735315448584
37.19543616666488,0.002244066447019577,-0.005579538643360138,0.005217909812927246,-0.017745472490787506,0.01166231743991375,-0.028991492465138435,2.138076359757426,0.7007093041905504,-1.8253332929988508
37.20549216667132,0.0019162297248840332,-0.009319551289081573,0.003928244113922119,-0.015034019015729427,0.007531754206866026,-0.02329813502728939,2.137766212954428,0.7004337213331131,-1.8247323227029253
37.21554716667015,0.001348733901977539,-0.01117032766342163,0.0028961896896362305,-0.020653024315834045,0.0039588576182723045,-0.016600551083683968,2.137598940112264,0.7003522936697489,-1.8243651133116094
37.225603166669316,0.0034806616604328156,-0.013759862631559372,0.0011464953422546387,-0.02268865518271923,-0.0015211288118734956,-0.014558969996869564,2.1373693490763124,0.7001345929116822,-1.8239325281568808
37.235658166668145,0.0052693672478199005,-0.012439671903848648,-0.0023556947708129883,-0.019354909658432007,-0.0053169322200119495,-0.004911403171718121,2.1370960031848973,0.6999284274166563,-1.8235139954977277
37.24571416666731,0.004506375640630722,-0.007923558354377747,-0.009564757347106934,-0.011613143607974052,-0.009402088820934296,0.00345925847068429,2.1369707037410812,0.7000376340760338,-1.8233878342236913
37.25577016666648,0.004056550562381744,-0.007249079644680023,-0.012394309043884277,-0.013294397853314877,-0.010770419612526894,0.005681134294718504,2.136736277631346,0.6999506052493538,-1.8231894187654174
37.26582516666531,0.002419017255306244,-0.0032095275819301605,-0.011180579662322998,-0.009544135071337223,-0.010278800502419472,0.011743499897420406,2.1365826742886735,0.7000046434293901,-1.8231087220620503
37.27588116667175,0.00020087510347366333,0.00378529354929924,-0.00815427303314209,0.0024033384397625923,-0.012392817996442318,0.003963341936469078,2.1364261793505555,0.6999182385278475,-1.8230535675822437
37.28593616667058,-0.0031227245926856995,0.0032716281712055206,-0.002067387104034424,0.006003621965646744,-0.007009104825556278,-0.0017660498851910233,2.1363913281825373,0.6997917861823241,-1.8231278092751841
37.29599216666975,-0.002152964472770691,0.0024175122380256653,0.0019121170043945312,0.002207019366323948,-0.004707867279648781,-0.009756864048540592,2.1363250409558536,0.6995399746075411,-1.823101079926065
37.30604716666858,-0.0008568912744522095,0.00030900537967681885,0.00590592622756958,0.005012481939047575,-0.004378700628876686,-0.015102041885256767,2.136283459314717,0.6992941890177232,-1.823074071909246
37.316103166667745,0.0006845556199550629,0.0034896396100521088,0.0006795525550842285,0.02142820693552494,-0.005104945041239262,-0.01753217540681362,2.1363532561869114,0.6990990187506809,-1.8232142963116529
37.32615816666657,0.0026328153908252716,0.002476576715707779,0.0033229589462280273,0.027247745543718338,-0.004453268833458424,-0.018459169194102287,2.1363311558829765,0.6985742376529748,-1.8232269261379785
37.33621416666574,0.003827497363090515,-0.0009601637721061707,0.005159854888916016,0.01763533242046833,-0.008378235623240471,-0.014880946837365627,2.1362757436530715,0.6980862655637237,-1.823224633731601
37.346269166671846,0.004170548170804977,-0.0027845092117786407,0.004365086555480957,0.0021794112399220467,-0.011258178390562534,-0.014651115983724594,2.136143872742934,0.6977835638183769,-1.823146540694494
37.35632516667101,0.000700637698173523,-0.0008423961699008942,0.0018691420555114746,-0.0003511245595291257,-0.012937034480273724,-0.014562965370714664,2.1358786736254807,0.6975525270489864,-1.8229346084767735
37.36638016666984,0.0012492872774600983,0.0060253143310546875,0.0002550482749938965,0.012363649904727936,-0.006695783697068691,-0.013295433484017849,2.1356654481060766,0.6972921303314986,-1.8227881751044552
37.37643616666901,-0.0024047642946243286,0.008987318724393845,0.0011063218116760254,0.008497272618114948,0.0008540113922208548,-0.011934824287891388,2.135604600608594,0.6970471619418942,-1.822745844137618
37.38649116666784,-0.002856884151697159,0.00018813088536262512,0.004217743873596191,-0.0037801661528646946,0.000527774216607213,-0.01336962915956974,2.1354444825066974,0.6966893265266366,-1.8225098630283125
37.396547166667006,-0.0021265484392642975,-0.005822904407978058,0.007806241512298584,-0.0035061268135905266,-0.0014610744547098875,-0.010903275571763515,2.1353098075820185,0.6965438357408795,-1.822311264135781
37.406602166665834,-0.001988578587770462,-0.008308947086334229,0.011867880821228027,-0.007213824428617954,-0.0013536158949136734,-0.012958782725036144,2.1352284719215806,0.6965034989515413,-1.8221682757044155
37.416658166665,0.0002632737159729004,-0.0071760304272174835,0.006669759750366211,-0.016823308542370796,-0.005549426190555096,-0.010481243953108788,2.1351058437990176,0.6964815489959962,-1.8219740894959753
37.42671316667111,0.0030800364911556244,-0.007738415151834488,-0.0006152987480163574,-0.01571192778646946,-0.007862514816224575,-0.007239191792905331,2.1349372311531534,0.6965199211809109,-1.8217766595155724
37.436769166670274,0.0018903985619544983,-0.0036347731947898865,-0.0007137060165405273,-0.008832981809973717,-0.008772250264883041,-0.0012058006832376122,2.1347330553394626,0.6964814091048626,-1.8215631124795975
37.44682516666944,0.0005780979990959167,5.042925477027893e-05,-0.0015124082565307617,-0.0115730632096529,-0.009570000693202019,0.0003823221486527473,2.134513644131367,0.69648239964519,-1.821346399507389
37.45688016666827,-0.0010232701897621155,-0.0033693425357341766,-0.001267552375793457,-0.026203671470284462,-0.009984121657907963,0.001302444259636104,2.1342576434302463,0.6966632897662328,-1.8211114568405244
37.46693616666744,-0.000845685601234436,0.00018554553389549255,0.0016346573829650879,-0.024192053824663162,-0.012639693915843964,0.0031855388078838587,2.1338825225346523,0.6967199199319585,-1.8207631750362738
37.47699116666627,-0.0026329979300498962,0.00448787584900856,0.001280665397644043,-0.013524760492146015,-0.0069232177920639515,0.0013474250445142388,2.1335241895775843,0.6965562561700405,-1.8203885901134442
37.487047166665434,-0.003924243152141571,0.002426791936159134,0.0017872452735900879,0.0019377736607566476,-0.003137667663395405,-0.001213017851114273,2.1333141206150583,0.6962869393739709,-1.8201869755042013
37.49710216667154,-0.004310294985771179,-0.0008917301893234253,0.003356337547302246,0.0030997111462056637,-0.0008284407667815685,-0.0044642044231295586,2.133206679652083,0.6959738831769237,-1.8200581809134866
37.507158166670706,-0.00010421872138977051,-0.0023317113518714905,0.004315614700317383,-0.005144858732819557,0.0017522952985018492,-0.0008908553281798959,2.13319517378781,0.6958662146684048,-1.820015598664565
37.517213166669535,0.002046409994363785,-0.005540713667869568,0.0028682351112365723,-0.013589476235210896,0.0022641548421233892,0.004528943914920092,2.1331917797388367,0.6959524729223611,-1.819981008285975
37.5272691666687,0.0040867142379283905,-0.004563439637422562,0.0006317496299743652,-0.01908055879175663,-0.00017636572010815144,0.009179036132991314,2.1330759291413304,0.6960097052694973,-1.8197954292915728
37.53732416666753,0.00245797261595726,-4.079192876815796e-06,0.005414128303527832,-0.01727493666112423,0.006194448098540306,0.014010542072355747,2.132979295563952,0.6960971112945414,-1.8196267071519852
37.5473801666667,0.0006893277168273926,0.0009561814367771149,-0.0006679892539978027,-0.022607959806919098,0.004148741252720356,0.014519180171191692,2.13285612717576,0.6961247091694891,-1.8193708344594746
37.55743516666553,-0.0001658312976360321,-0.0015240386128425598,-0.0025663375854492188,-0.019638802856206894,0.005696037318557501,0.013975895941257477,2.1327958576000605,0.6963970397599262,-1.8192166770076046
37.56749116667197,-5.8259814977645874e-05,0.006497517228126526,-0.003886997699737549,-0.01652827486395836,0.005527060013264418,0.009155813604593277,2.132735226402602,0.696578159038048,-1.819069302929784
37.5775461666708,-0.0001385137438774109,0.008287958800792694,-0.004418849945068359,-0.006806138437241316,0.007781425956636667,0.006554171442985535,2.1327493419458508,0.69670182746193,-1.8190082670541599
37.58760216666997,0.0003957115113735199,0.004271600395441055,-0.0035974979400634766,-0.000964406062848866,0.008630441501736641,0.004789454396814108,2.1327286129963055,0.696552119656489,-1.8188695170225486
37.597657166668796,0.0028423741459846497,0.004092883318662643,-0.0026436448097229004,0.0060522244311869144,0.009122593328356743,-0.0004375319695100188,2.1328774764407035,0.6965185863587254,-1.8189428466994138
37.60771316666796,0.0029492489993572235,0.00619245320558548,-0.002498924732208252,0.002382388338446617,0.0027429917827248573,-0.003277047537267208,2.132965446148705,0.6963505920131329,-1.8189466192553265
37.61776916666713,0.005534213036298752,0.005240045487880707,0.0007476210594177246,0.001443091663531959,0.005485781002789736,-0.0036714617162942886,2.1328715370103426,0.6960216172145239,-1.8187392802428717
37.62782416666596,0.0012048520147800446,0.004374779760837555,0.0035080313682556152,-0.004956529010087252,0.004719190299510956,-0.0047692968510091305,2.132785729452357,0.6957983754703104,-1.8185350461529246
37.63788016666513,-0.00048785656690597534,0.002321206033229828,0.004898190498352051,-0.014248297549784184,0.00931820273399353,-0.009814920835196972,2.1326976846750467,0.6957051705046422,-1.8183153884548404
37.64793516667123,-0.0018335804343223572,0.007550332695245743,0.0028427839279174805,-0.01693582721054554,0.009813949465751648,-0.014582432806491852,2.1326451940995783,0.6958069918802402,-1.8180862792641244
37.6579911666704,-0.0030109435319900513,0.012791629880666733,-0.0012884736061096191,-0.01657629944384098,0.013695774599909782,-0.01793668419122696,2.1325894601076247,0.6958796473549844,-1.8178081924721314
37.66804616666923,-0.003061894327402115,0.008985605090856552,-0.006902039051055908,-0.01663306914269924,0.013478327542543411,-0.027528565376996994,2.1325121502442173,0.6958169434033882,-1.8174774886001726
37.678102166668396,0.0011428408324718475,0.005299564450979233,-0.009571433067321777,-0.00877008680254221,0.009945111349225044,-0.032826390117406845,2.1323741443842468,0.6956100300013441,-1.8170601404384417
37.688157166667224,0.0006892979145050049,0.004756279289722443,-0.008367180824279785,-0.005394663196057081,0.014655311591923237,-0.030775729566812515,2.1322023432937955,0.6952441603107881,-1.8165934109489092
37.69821316666639,-0.0025251656770706177,-0.0018909797072410583,-0.0019028186798095703,-0.005769103765487671,0.013437447138130665,-0.027844388037919998,2.1320439338621218,0.6947306397644087,-1.8160863721240494
37.70826816666522,-0.0011050179600715637,-0.008386261761188507,0.0010831356048583984,-0.007832520641386509,0.01548461988568306,-0.02398376353085041,2.1319139119241775,0.6942936824909849,-1.8156351220319131
37.718324166671664,-0.0007375068962574005,-0.006178513169288635,0.0019930005073547363,-0.0012446593027561903,0.019180288538336754,-0.021860692650079727,2.1318696770960948,0.6939821559786812,-1.815307609421993
37.72837916667049,-0.004277188330888748,-0.006283007562160492,0.0019091367721557617,-0.0014510987093672156,0.021810024976730347,-0.020078372210264206,2.131899404383612,0.6937384487139825,-1.8150408133925349
37.73843516666966,-0.003557119518518448,-0.005994010716676712,0.00043696165084838867,0.002197165507823229,0.024673722684383392,-0.018763303756713867,2.131962011739318,0.6935687073497532,-1.8148006489079898
37.74849016666849,-0.004666481167078018,0.0005313977599143982,-0.004367470741271973,0.014521565288305283,0.02814089134335518,-0.022835223004221916,2.1320281320226493,0.6931552079538363,-1.814534855448017
37.75854616666766,-0.0036750920116901398,0.0071396976709365845,-0.009625017642974854,0.030176958069205284,0.032099414616823196,-0.02557455003261566,2.1322727517289235,0.6926279920706815,-1.8144464569445018
37.768601166666485,-0.00517914816737175,0.008148599416017532,-0.00806570053100586,0.03466935455799103,0.03367840498685837,-0.03369958698749542,2.132557293805348,0.6920167217113329,-1.8144111246696781
37.77865716666565,-0.0042042918503284454,0.005307823419570923,-0.0033646821975708008,0.033158544450998306,0.03230234980583191,-0.037697259336709976,2.1327380723758407,0.6911396466006717,-1.814243016810193
37.78871216667176,-0.004870917648077011,0.0034509338438510895,0.0005260109901428223,0.028255486860871315,0.03220541030168533,-0.04507607966661453,2.132977349852499,0.6903162747321102,-1.8141480520521474
37.798768166670925,-0.005900111049413681,0.004738181829452515,0.002038121223449707,0.02677343785762787,0.036434777081012726,-0.04619354382157326,2.133260610248648,0.6896695680424658,-1.8140927615255722
37.80882416667009,-0.005322635173797607,0.004250127822160721,0.007837414741516113,0.02346845343708992,0.04200797528028488,-0.04795634001493454,2.133543240471377,0.6890099701927986,-1.813997545481813
37.81887916666892,-0.005116220563650131,0.0029000043869018555,0.008645236492156982,0.020572267472743988,0.04603707045316696,-0.051654938608407974,2.1338893969237245,0.688417561057275,-1.8138948053395456
37.82893424999929,-0.003253452479839325,0.004543956369161606,0.006494760513305664,0.01569819450378418,0.04713628813624382,-0.05359742417931557,2.134114649279274,0.6876844922231421,-1.8135811883153197
37.83898924999812,-0.00331898033618927,0.007601723074913025,0.007247328758239746,0.01295993197709322,0.04551522433757782,-0.05419796332716942,2.1343159108765293,0.6870769810428247,-1.8132381986939579
37.849045250004565,-0.00248907133936882,0.006552353501319885,0.0046454668045043945,0.007125167176127434,0.04692630097270012,-0.057052209973335266,2.13455804246234,0.686660077937252,-1.812962653610422
37.859100250003394,0.0002714581787586212,0.006428882479667664,-0.00013589859008789062,-0.00019639474339783192,0.04408550634980202,-0.06156759709119797,2.1346620232727465,0.6860839973260641,-1.812496531858719
37.86915625000256,-0.001659732311964035,0.007048349827528,-0.004257142543792725,-0.004682356491684914,0.03805623948574066,-0.05817965790629387,2.134632349923637,0.6854163799816512,-1.8118894542950714
37.87921125000139,0.0015672631561756134,0.006487641483545303,-0.0075206756591796875,-0.0017499496461823583,0.03670495003461838,-0.05868912115693092,2.1345483608379587,0.6847704237495299,-1.8112686401788596
37.88926725000056,0.0012661367654800415,0.0014369562268257141,-0.005093097686767578,0.00478313909843564,0.028444625437259674,-0.053511135280132294,2.1345134689067153,0.6841950336052024,-1.8107841555049737
37.899322249999386,0.0037381164729595184,0.0018285289406776428,-0.003233969211578369,0.018512798473238945,0.026269089430570602,-0.04525294154882431,2.134593047234008,0.6836746224408685,-1.8105131195458242
37.909378249998554,0.002480190247297287,0.00400378555059433,-0.005635619163513184,0.019170202314853668,0.026430344209074974,-0.04131265729665756,2.134841300612108,0.6833325784599231,-1.8105043755652812
37.91943325000466,0.0006974339485168457,-0.003087356686592102,-0.0028110146522521973,-0.0004815305001102388,0.01647012121975422,-0.033217981457710266,2.1350676504855617,0.6832668847824773,-1.8105308491741685
37.929489250003826,0.005112167447805405,-0.002736814320087433,-0.0007839202880859375,-0.006747548934072256,0.011350594460964203,-0.0322394035756588,2.134935185006398,0.682947052102427,-1.8101411743409337
37.939544250002655,0.0017162933945655823,0.0032071880996227264,-0.002281785011291504,-0.0002334571909159422,0.011772705242037773,-0.031445782631635666,2.1348388594630032,0.6826860666261386,-1.809829926073747
37.94960025000182,-0.0010232292115688324,0.0034918971359729767,0.001713573932647705,-0.003912791609764099,0.006453041452914476,-0.030720869079232216,2.134679896260291,0.6822996635340779,-1.8094532812300905
37.95965525000065,0.000289328396320343,-0.001145821064710617,0.00606226921081543,-0.0023641635198146105,0.006193116772919893,-0.03617449104785919,2.1344466556498976,0.6818586845916838,-1.8090017231016127
37.96971124999982,-0.0011550821363925934,-0.003107428550720215,0.011935591697692871,0.0007953663589432836,0.0056390464305877686,-0.030243655666708946,2.1342853461431255,0.6815015812108972,-1.8086871208222526
37.97976624999865,-0.004323188215494156,-0.0018210560083389282,0.013591468334197998,0.004328581970185041,0.016511134803295135,-0.029168272390961647,2.1342581441064166,0.6811766305847126,-1.8084602783885122
37.98982225000509,-0.00039611756801605225,0.0008438676595687866,0.00344771146774292,0.001908789505250752,0.022805383428931236,-0.020405113697052002,2.1344115872768286,0.6810466364817291,-1.8083590162423828
37.99987825000426,0.0031364038586616516,0.0026882030069828033,-0.001141369342803955,-0.007552090100944042,0.023626701906323433,-0.01968393102288246,2.1345710301536176,0.6809545113489681,-1.8082447125795347
38.00993325000309,0.006005633622407913,-0.0027254633605480194,0.010859847068786621,-0.020161891356110573,0.019443143159151077,-0.024019023403525352,2.134676504595769,0.6809335664320596,-1.8080318050392992
38.019989250002254,0.0020539574325084686,0.0008068010210990906,0.01684349775314331,-0.03141934052109718,0.017789319157600403,-0.025411590933799744,2.134591739282179,0.6809357167385194,-1.80759428696376
38.03004425000108,0.0006221793591976166,0.003934741020202637,0.010148465633392334,-0.03127450868487358,0.024333637207746506,-0.029547082260251045,2.134393214436049,0.6807864044103481,-1.8069693822598414
38.04010025000025,0.0033460482954978943,0.009465985000133514,0.00045567750930786133,-0.025328468531370163,0.029017871245741844,-0.033966064453125,2.134265018135924,0.6805034350829859,-1.8063502969979626
38.05015524999908,0.0028527863323688507,0.011516675353050232,-4.1425228118896484e-05,-0.012007469311356544,0.029239047318696976,-0.03286471217870712,2.134237791890933,0.6801950499374323,-1.8058685273960726
38.06021124999825,0.0041861459612846375,0.011596042662858963,0.0011183619499206543,0.0033706878311932087,0.03421809524297714,-0.03453318402171135,2.134271755850102,0.6797411768262647,-1.8054586367568666
38.07026625000435,0.004705570638179779,0.010910294950008392,-0.0010548830032348633,0.01078044530004263,0.035708531737327576,-0.035554055124521255,2.1344869841451732,0.6793786812992249,-1.8052684507613752
38.08032225000352,0.007022645324468613,0.005151201039552689,-0.0005924105644226074,0.004505504854023457,0.04059143736958504,-0.03568241745233536,2.134799000572766,0.6790672058230057,-1.8051260984998363
38.09037725000235,0.0071635618805885315,0.00012193992733955383,0.009819626808166504,-0.01111939363181591,0.042408376932144165,-0.03405157849192619,2.135102992074972,0.6788093800268598,-1.804906199496785
38.100433250001515,0.0030219554901123047,-0.0008874461054801941,0.015994369983673096,-0.01713760569691658,0.05008227750658989,-0.03757334128022194,2.135305484495869,0.6785743370147989,-1.804488341254441
38.110488250000344,0.0020719580352306366,0.00143369659781456,0.0160636305809021,-0.016828591004014015,0.05533589422702789,-0.04105366766452789,2.1355070459374295,0.6782981517363369,-1.8039801634996293
38.12054424999951,0.0009457580745220184,0.003321092575788498,0.011352479457855225,-0.013883400708436966,0.06221563741564751,-0.045764267444610596,2.1357277679356264,0.6779301379710742,-1.8033748980922832
38.13059924999834,0.00030022114515304565,0.004498343914747238,0.00882035493850708,-0.01680564321577549,0.06540730595588684,-0.047551486641168594,2.135999513400411,0.6775730389717074,-1.8027883203977566
38.140655250004784,0.004111800342798233,0.0064550600945949554,-0.0026224255561828613,-0.020991066470742226,0.06323869526386261,-0.05223811790347099,2.136248283198024,0.6772255388020695,-1.8021437236678857
38.15071025000361,0.008168291300535202,0.008881829679012299,-0.012429654598236084,-0.02057672291994095,0.05979296192526817,-0.0478292815387249,2.1364729012231485,0.6769557617392084,-1.8015056054757501
38.16076625000278,0.008507844060659409,0.007677771151065826,-0.014897644519805908,-0.010645795613527298,0.04883432015776634,-0.05072280764579773,2.1367019496817528,0.6766538787203216,-1.8009804684415318
38.17082125000161,0.009098336100578308,0.007036752998828888,-0.011658966541290283,-0.01498488336801529,0.04917120933532715,-0.05003480240702629,2.136956582462312,0.6763670335735212,-1.8005759192377404
38.180877250000776,0.007867828011512756,0.005123864859342575,-0.008979320526123047,-0.02678268775343895,0.04363583028316498,-0.04569917917251587,2.1371209482172695,0.676135471680469,-1.8000910219123987
38.190933249999944,0.006478942930698395,-0.0035388097167015076,-0.006429493427276611,-0.02471088245511055,0.03796609118580818,-0.04269270971417427,2.137085855542411,0.6757966121202394,-1.7994111265496295
38.20098824999877,0.004057064652442932,-0.0023438893258571625,-0.004627585411071777,-0.01056949608027935,0.03675461933016777,-0.04171213135123253,2.137044161716076,0.67539880784756,-1.7988022967695487
38.211044250005216,0.0020563602447509766,-0.00021928921341896057,-0.005796611309051514,0.009940128773450851,0.04451746866106987,-0.03917216882109642,2.137213530716691,0.6749751048889934,-1.7984421474641543
38.221099250004045,0.0015561655163764954,0.0012521892786026,-0.003631770610809326,0.015555404126644135,0.04168253391981125,-0.04235651344060898,2.137574014941227,0.6746187746682635,-1.7983126066929038
38.23115525000321,0.0018518716096878052,-0.004102911800146103,-0.0016155242919921875,0.0017655560513958335,0.03388133645057678,-0.03783696889877319,2.137927401217045,0.6744156322545701,-1.7982153756921506
38.24121025000204,0.00213652104139328,-0.005901813507080078,-0.0024895071983337402,-0.0036340029910206795,0.031432557851076126,-0.03987455368041992,2.13808178710526,0.6741712332699109,-1.7979120062254579
38.25126625000121,-0.000586584210395813,-0.005601018667221069,-0.004109561443328857,-0.006858114618808031,0.02790919691324234,-0.040445588529109955,2.138170129153261,0.6738591119258123,-1.7975301298911037
38.26132125000004,-0.0021961405873298645,0.0008993968367576599,-0.005559146404266357,-0.004391761031001806,0.02658986672759056,-0.03655364364385605,2.1382031517844906,0.6735171846916097,-1.79713432395944
38.271377249999205,-0.00503317266702652,-0.001144997775554657,-0.0018078088760375977,-0.006747415754944086,0.02610597014427185,-0.035270269960165024,2.1382964268590654,0.6731967314579179,-1.7968207054656553
38.28143224999803,-0.0070782676339149475,0.0018580369651317596,0.00015735626220703125,0.00712845241650939,0.028172584250569344,-0.04000350460410118,2.138397875953496,0.6728388402637394,-1.7965431798360316
38.29148825000448,-0.009492665529251099,0.005419611930847168,-0.002207815647125244,0.03043932281434536,0.03668444603681564,-0.04036710411310196,2.138773222020743,0.6725428737276491,-1.7965898116383157
38.301543250003306,-0.010480627417564392,0.007483489811420441,0.0019463896751403809,0.0410165973007679,0.043985769152641296,-0.04612592235207558,2.1392888514741766,0.6720739962789752,-1.7967568565251122
38.31159925000247,-0.008633717894554138,0.004862453788518906,0.0044318437576293945,0.037092920392751694,0.04664693400263786,-0.049795787781476974,2.1398492012367476,0.6715090458214698,-1.7969223810556476
38.3216542500013,-0.007929623126983643,0.0045744627714157104,0.004154860973358154,0.039140090346336365,0.04772711172699928,-0.04908419027924538,2.140274230780374,0.6706679327878986,-1.7968700293405366
38.33171025000047,-0.0051416680216789246,0.0067722611129283905,0.008653759956359863,0.03603098541498184,0.05061783641576767,-0.05026671290397644,2.140738975071658,0.6699279340151468,-1.7968642866325195
38.3417652499993,-0.0017979517579078674,0.006627339869737625,0.007675349712371826,0.038808394223451614,0.051611196249723434,-0.0520520955324173,2.141258155084387,0.6693575017339607,-1.7969208659980163
38.351821249998466,-0.0033240020275115967,0.014185693114995956,0.007899045944213867,0.04418616369366646,0.05691368505358696,-0.05959760397672653,2.1417310603771007,0.6685712433568138,-1.796889706350906
38.36187625000457,-0.003501713275909424,0.019498087465763092,0.005568563938140869,0.0429145023226738,0.06528639793395996,-0.06656576693058014,2.142274822666546,0.6677615087197333,-1.796860031499796
38.37193225000374,-0.007257670164108276,0.017056364566087723,0.005003571510314941,0.047593988478183746,0.07349971681833267,-0.06503170728683472,2.142881503511852,0.6669738277827943,-1.7968198937618685
38.381988250002905,-0.008130989968776703,-0.0024693720042705536,0.005764961242675781,0.03389415517449379,0.07334445416927338,-0.062256693840026855,2.1434575888462715,0.6661328749450344,-1.796684824521507
38.392043250001734,-0.0021860748529434204,-0.009566690772771835,0.011064469814300537,0.029539618641138077,0.06619732826948166,-0.045365165919065475,2.1440101737895447,0.6654948520492041,-1.796569672203445
38.4020992500009,-0.0018545463681221008,-0.0051918551325798035,0.016457200050354004,0.07189612835645676,0.07899674773216248,0.027091192081570625,2.145043838881625,0.6648374919710904,-1.7969022253745541
38.41215424999973,0.0257251113653183,-0.004072666168212891,0.11015939712524414,0.024622490629553795,0.12234941869974136,-0.0205314289778471,2.1460514656799616,0.6645044014242687,-1.7971205455446533
38.4222102499989,-0.02021322399377823,-0.017478924244642258,0.048454344272613525,0.08424694091081619,0.17422087490558624,0.011362056247889996,2.1478933330589878,0.6641867054732669,-1.797660610144403
38.432265250005,0.014741234481334686,0.028446316719055176,-0.05093187093734741,-0.01132645457983017,0.08633042871952057,0.014651007018983364,2.1496464329981237,0.6640241051525244,-1.7982056186869515
38.44232125000417,0.06216704845428467,-0.022752199321985245,-0.07461261749267578,-0.13448460400104523,-0.028334368020296097,0.013964178040623665,2.149344212145176,0.664388488179381,-1.7973014208814773
38.452376250003,0.02562224119901657,-0.018207963556051254,-0.07031404972076416,-0.17360235750675201,-0.0837201252579689,0.05087953060865402,2.1477593277774205,0.6654241710878712,-1.7957608736267148
38.462432250002166,0.0024214163422584534,-0.017393968999385834,-0.06870251893997192,-0.24317318201065063,-0.153080552816391,0.07359629124403,2.145481060039497,0.6671154614888335,-1.793999791391833
38.472487250000995,0.025103069841861725,-0.020366590470075607,-0.050836384296417236,-0.23464103043079376,-0.18824388086795807,0.041415985673666,2.1421427802181316,0.6690235408785079,-1.7916729440700208
38.48254325000016,-0.031319670379161835,0.009470060467720032,-0.05683320760726929,-0.02450324222445488,-0.08757559210062027,0.11490592360496521,2.140423853503951,0.6703731189650692,-1.7909322369753204
38.49259824999899,-0.026665352284908295,0.009650979191064835,-0.02913188934326172,0.003292390611022711,-0.07677740603685379,0.08169808238744736,2.1401687705823167,0.6712806503140067,-1.7917365960952965
38.50265424999816,0.011122547090053558,-0.04247361794114113,-0.0008335709571838379,-0.08583082258701324,-0.11901140958070755,0.07698162645101547,2.1392697381275245,0.6722172834024598,-1.791876078525371
