t,timestamp,ax,ay,az,gx,gy,gz,roll,pitch,yaw
0.0,31869.90872779167,-0.008149564266204834,-0.005411922931671143,0.01188439130783081,-0.037425123155117035,0.04827680066227913,0.010050141252577305,2.8265357807938423e-17,2.2086768104572383e-17,-1.2556464279510157e-17
0.010053999998490326,31869.918781791668,0.009708940982818604,0.006654620170593262,-0.002300739288330078,0.008923865854740143,-0.014741180464625359,-0.017621513456106186,0.00013305138474236795,-0.00016001933284095167,-7.166916014238382e-06
0.02010800000061863,31869.92883579167,0.0005914568901062012,0.006439119577407837,-0.005964398384094238,0.029321815818548203,-0.025842035189270973,-0.02066790498793125,-0.00011349935799517312,6.684827677658592e-05,-0.00019102588007516194
0.030161999999108957,31869.93888979167,0.0012781023979187012,0.004514187574386597,-0.0021169185638427734,0.03478506579995155,-0.022976873442530632,-0.02212185598909855,-0.0004227488095526162,0.0004306011722262569,-0.0004087091770668158
0.04021599999759928,31869.948943791667,-0.003739476203918457,0.0017539560794830322,0.0015763640403747559,0.02370205707848072,-0.029555147513747215,-0.026669735088944435,-0.0006980498965299998,0.0007117461506529846,-0.0006412360377391991
0.05026999999972759,31869.95899779167,-0.00970458984375,0.0017476081848144531,0.0034584999084472656,0.01653127372264862,-0.02575201913714409,-0.033844105899333954,-0.0009819415137449577,0.000937737732251685,-0.0009873471591185662
0.06032499999855645,31869.96905279167,-0.005124509334564209,0.0012890994548797607,0.003982067108154297,-0.006558864843100309,-0.005241685546934605,-0.012108982540667057,-0.0011204467696656767,0.0010342294085772966,-0.0013005665365602589
0.07037900000068475,31869.97910679167,-0.0005217790603637695,0.0009711682796478271,0.0002837181091308594,-0.03367770090699196,0.030244270339608192,0.03244610130786896,-0.000912830339862458,0.0008031815798214694,-0.0012656008356711405
0.08043299999917508,31869.98916079167,-0.0038747191429138184,0.005025118589401245,-0.005546927452087402,-0.04954055696725845,0.05239404737949371,0.04099244996905327,-0.0005239679893394386,0.00041661339798241165,-0.0008664478827821509
0.09048699999766541,31869.999214791667,-0.007333815097808838,0.0006371438503265381,-0.0020439624786376953,-0.05759843438863754,0.03988078236579895,0.035083986818790436,-8.33611126584658e-06,-0.0001504396098169725,-0.0004934964137128167
0.10054099999979371,31870.00926879167,-0.005984485149383545,0.0010616481304168701,-0.0024428963661193848,-0.06506434082984924,0.01720583252608776,0.031189115718007088,0.00029626898341839644,-0.0008203763654808611,-0.0001346637374661814
0.11059499999828404,31870.019322791668,-0.0008113384246826172,0.0032210946083068848,-0.006846964359283447,-0.021864762529730797,0.049598127603530884,0.06402892619371414,0.0005529794959000026,-0.0013419106094663801,0.0002796603589134021
0.12064900000041234,31870.02937679167,0.035299479961395264,0.002824127674102783,-0.027708709239959717,-0.00961182452738285,0.17102788388729095,-0.16168728470802307,0.0013020626338379085,-0.0014630121573044452,0.0007138306656615378
0.13070299999890267,31870.03943079167,-0.011035263538360596,0.022166848182678223,-0.00672072172164917,0.007882659323513508,0.3119242787361145,-0.34831973910331726,0.0020546724835835053,-0.0017347923569768098,0.0012487977055596962
0.140756999997393,31870.049484791667,-0.17379266023635864,0.04809674620628357,0.0034798383712768555,-0.06550313532352448,0.12378580868244171,-0.21454571187496185,0.0025896659700757295,-0.002110409357388486,0.0021929726097253605
0.1508109999995213,31870.05953879167,-0.1337500810623169,0.02160242199897766,0.015469551086425781,-0.06884860247373581,-0.007993529550731182,-0.013608023524284363,0.002814820220441557,-0.002423987100215359,0.002374325948857957
0.16086499999801163,31870.069592791668,0.01658862829208374,-0.00470772385597229,-0.008205771446228027,-0.0113637400791049,-0.03479158878326416,0.0007365610217675567,0.0025970441471175492,-0.0025736643794397667,0.002498125611786922
0.17091900000013993,31870.07964679167,0.011039316654205322,-0.0035918354988098145,0.0037412643432617188,0.01751948520541191,-0.01165617536753416,-0.009215299040079117,0.0023480880005834976,-0.0025843170594309567,0.0024367054549407387
0.18097299999863026,31870.08970079167,0.0046446919441223145,-0.005191773176193237,0.015296876430511475,0.007311055902391672,-0.003336725989356637,-0.023717274889349937,0.002361481488470808,-0.002508917625535061,0.002219105888101482
0.19102699999712058,31870.099754791667,0.0027382969856262207,0.001110464334487915,0.007238447666168213,0.0005801821826025844,-0.0035748127847909927,-0.010744006372988224,0.0023674339650025466,-0.0024965613223878287,0.002062768973448619
0.2010809999992489,31870.10980879167,-0.002759397029876709,0.0011292099952697754,-0.003399074077606201,0.017865963280200958,-0.007342386990785599,0.007227270398288965,0.0022735816887144706,-0.002421849153698506,0.0020583475912391404
0.21113499999773921,31870.119862791667,-0.00440061092376709,0.003860950469970703,-0.00643235445022583,0.01871391199529171,-0.003909305669367313,0.019540395587682724,0.0022067488392023145,-0.002221381442529108,0.0021814924522589527
0.22118899999986752,31870.12991679167,-0.0015962719917297363,0.002675265073776245,0.002873241901397705,0.008292696438729763,0.011774316430091858,0.03455023840069771,0.0022065476945633674,-0.002116791499657664,0.002540093129788485
0.23124399999869638,31870.13997179167,0.001300036907196045,0.007182180881500244,0.0034826993942260742,-0.004496690351516008,0.019041551277041435,0.046852655708789825,0.002311881246316032,-0.002102253671905295,0.0029768550223786866
0.2412979999971867,31870.150025791667,-0.0036908984184265137,0.004766881465911865,-0.00142669677734375,-0.02345200628042221,0.022180086001753807,0.044676586985588074,0.0025475774624129487,-0.0022514031946568747,0.0034613739949104446
0.251351999999315,31870.16007979167,-0.007574558258056641,0.003292679786682129,-0.00499039888381958,-0.010391064919531345,0.01931612193584442,0.005391393788158894,0.0027623671948505224,-0.002435347888082499,0.0037037105810694628
0.26140599999780534,31870.170133791667,-0.006978809833526611,-0.003065556287765503,-0.0017525553703308105,-0.0029667047783732414,0.021369952708482742,-0.018690241500735283,0.002952040089687862,-0.002478664779278592,0.003630176448248389
0.27145999999993364,31870.18018779167,-0.003154158592224121,-0.000502854585647583,0.003991484642028809,-0.01587793231010437,0.019597217440605164,-0.010196859948337078,0.0031558298626222347,-0.0025777305730747915,0.0034629316403383737
0.28151399999842397,31870.190241791668,-0.002534925937652588,-0.005409181118011475,0.0002607107162475586,0.01358328852802515,0.008129913359880447,-0.005507033783942461,0.003299136453230486,-0.0026292590979179395,0.003377703396066539
0.2915680000005523,31870.20029579167,0.0006391406059265137,-0.0027294158935546875,-0.004004776477813721,0.03416992351412773,-0.009361594915390015,-0.03424198180437088,0.0032721335961960955,-0.00238080674114948,0.0031739888916693985
0.3016219999990426,31870.21034979167,0.005931437015533447,-0.00506746768951416,0.004205942153930664,0.044129081070423126,-0.01680486463010311,-0.058889273554086685,0.0031195095961818664,-0.001994956956589985,0.0026931964458495974
0.3116759999975329,31870.220403791667,0.014110028743743896,-0.011114716529846191,0.014714360237121582,0.039675164967775345,-0.002670536283403635,-0.05496124178171158,0.0030345546309139006,-0.0015685401450408574,0.002109995719902245
0.32172999999966123,31870.23045779167,0.014030694961547852,-0.005214005708694458,0.013963103294372559,0.016133619472384453,-0.0022729262709617615,-0.024542616680264473,0.003004779440329865,-0.001302417520423918,0.001729259241372814
0.33178399999815156,31870.240511791668,0.0029124021530151367,0.0022964775562286377,0.005582749843597412,-0.0094495490193367,0.00974205881357193,0.011752141639590263,0.0030181309233748713,-0.0013101256582488314,0.0016927556114229134
0.34183800000027986,31870.25056579167,-0.0036979317665100098,0.0011983215808868408,-0.002134263515472412,-0.01212496031075716,0.03952019289135933,0.03682633489370346,0.003256031774129573,-0.0014221394219505682,0.0019424221475224657
0.3518919999987702,31870.26061979167,-0.0042313337326049805,0.00731930136680603,-0.0018780231475830078,0.003263317048549652,0.06072428077459335,0.024202579632401466,0.0037682847983352918,-0.0014716848677298585,0.002274219341784216
0.3619459999972605,31870.270673791667,-0.005065619945526123,0.007953763008117676,-0.002157449722290039,0.032765548676252365,0.053572893142700195,-0.0012202231446281075,0.004353717158551677,-0.0012837002418625105,0.0023479195768716424
0.3719999999993888,31870.28072779167,0.004090785980224609,0.0014097988605499268,0.0026223063468933105,0.019922100007534027,0.016100620850920677,0.006299212574958801,0.004702536541095502,-0.0009750935559846422,0.0023578492501826398
0.3820549999982177,31870.290782791668,0.0016213655471801758,0.002644777297973633,0.0049634575843811035,-0.0028386064805090427,-0.007780742831528187,-0.002712125889956951,0.004728411029097182,-0.0009206574524027898,0.0023646746861374244
0.392109000000346,31870.30083679167,-0.0038436055183410645,-0.0007480978965759277,-0.0023649930953979492,-0.01395299844443798,-0.007384597789496183,-0.005103937350213528,0.004626900425033293,-0.0009187372103390698,0.002255067832845527
0.4021629999988363,31870.31089079167,-0.006594538688659668,0.004782497882843018,-0.0068176984786987305,-0.014969793148338795,0.005894190166145563,0.0013670111075043678,0.004636964740052633,-0.0010445595437525727,0.0021933929119649915
0.41221699999732664,31870.320944791667,-0.011850059032440186,0.004516005516052246,-0.013931572437286377,0.010046077892184258,-0.0033448487520217896,-0.002658143872395158,0.004646514311199793,-0.0010574775510706084,0.002192029215052296
0.42227099999945494,31870.33099879167,-0.0024817585945129395,-0.0024713873863220215,-0.008186876773834229,0.007858823984861374,-0.02566373720765114,-0.003268274012953043,0.004473128246478717,-0.0009471496815425615,0.002154011669083864
0.43232499999794527,31870.341052791668,0.0034582018852233887,-0.0032422244548797607,0.0053675174713134766,-0.021538924425840378,-0.015436931513249874,0.01286291889846325,0.00423022006625508,-0.0010265889522854958,0.002232797655471165
0.4423790000000736,31870.35110679167,-0.0003408193588256836,0.001248478889465332,0.003407120704650879,-0.03186266869306564,0.01905020698904991,0.024566181004047394,0.004246855561560075,-0.001353717954415953,0.0024577136024517407
0.4524329999985639,31870.36116079167,-0.005819439888000488,0.0019616782665252686,-0.007602989673614502,-0.02868112176656723,0.033571757376194,0.020703503862023354,0.004526173576737802,-0.0016482997771703441,0.0027040883585788436
0.4624870000006922,31870.37121479167,-0.003759145736694336,0.0013242363929748535,0.00019299983978271484,-0.012369261123239994,0.026449132710695267,0.011445024982094765,0.004822143636441122,-0.001869163904397924,0.002842717061577205
0.47254099999918253,31870.38126879167,0.0023006200790405273,-0.002209782600402832,0.006991982460021973,0.00896607618778944,0.007517386227846146,0.0021202063653618097,0.004995031772756501,-0.0018821755149865263,0.002916376552323844
0.482596249999915,31870.39132404167,0.0044182538986206055,-0.004507213830947876,0.0066492557525634766,0.013145907782018185,0.0030371504835784435,-0.010311429388821125,0.005027567462676325,-0.0017548115865868496,0.002886269990849409
0.49265024999840534,31870.401378041668,0.0056188106536865234,-0.004674404859542847,0.008018672466278076,-0.0018559000454843044,0.017467888072133064,-0.0167220588773489,0.005135365991261685,-0.0017306023421009094,0.0027891191984425337
0.5027042500005336,31870.41143204167,0.007688045501708984,-0.004767060279846191,0.010722100734710693,-0.014840408228337765,0.02014569751918316,-0.011296132579445839,0.005351389557299096,-0.0018381725344576458,0.0026380160161464687
0.512758249999024,31870.42148604167,0.011533498764038086,-0.0047158002853393555,0.006986856460571289,0.0023059993982315063,0.012164203450083733,-0.016540855169296265,0.005495186389584403,-0.0018800175665459587,0.002468652205732052
0.5228122499975143,31870.431540041667,0.010140419006347656,-0.001922518014907837,0.00390017032623291,0.003933989442884922,0.02278941683471203,0.002455205423757434,0.005644395750383527,-0.0018307159515053117,0.0023954589328005448
0.5328672499999811,31870.44159504167,0.008440911769866943,0.0028419196605682373,0.002299487590789795,-0.025392429903149605,0.04641525074839592,0.018639368936419487,0.005973274370154864,-0.0019791102873337693,0.00253248513879927
0.5429212499984715,31870.451649041668,0.0010546445846557617,0.006155252456665039,0.000746309757232666,-0.027085933834314346,0.05688067525625229,0.026577185839414597,0.0065032955786350315,-0.002253219325999999,0.0027888978270120125
0.5529752500005998,31870.46170304167,-0.009301364421844482,0.006857097148895264,-0.006504535675048828,-0.00803208164870739,0.039581313729286194,0.014372184872627258,0.007020507962816327,-0.002398372822409626,0.0030068353784558745
0.5630292499990901,31870.47175704167,-0.014219701290130615,0.010416984558105469,-0.007870197296142578,0.02114311419427395,-0.02007775753736496,-0.016355101019144058,0.0071031845057290405,-0.0023007943098098,0.0029750345858588654
0.5730832499975804,31870.481811041667,-0.008606255054473877,0.004355281591415405,-0.0008029937744140625,0.024020927026867867,-0.05342718958854675,-0.021770905703306198,0.00670266429600744,-0.0020264527722408682,0.002721779455867826
0.5831372499997087,31870.49186504167,-0.007285594940185547,0.0010154545307159424,-0.0033034086227416992,0.027560800313949585,-0.03830016776919365,-0.022652678191661835,0.006210562089275789,-0.0017447161916776368,0.002466466152485521
0.593191249998199,31870.501919041668,-0.006989717483520508,-0.0012469887733459473,-0.008417904376983643,0.02481774426996708,-0.017828715965151787,-0.00029410887509584427,0.005945728853182798,-0.0014383168541032062,0.00231636861435789
0.6032452500003274,31870.51197304167,0.0007112622261047363,-0.003313690423965454,0.0031781792640686035,-0.007827816531062126,-0.012972441501915455,0.03624153137207031,0.00579892298537377,-0.0013393708242863565,0.0024715445338326326
0.6132992499988177,31870.52202704167,0.0011160969734191895,-0.0043624043464660645,0.0065642595291137695,-0.02307894080877304,-0.006613079458475113,0.030647560954093933,0.005712200808169588,-0.0015218154949836657,0.002838364684013867
0.623353249997308,31870.532081041667,0.0016278624534606934,-0.0067577064037323,0.002607107162475586,0.00970474909991026,0.004966876935213804,-0.033703677356243134,0.005723543799199221,-0.0016284363339517734,0.0028057539197393734
0.6334072499994363,31870.54213504167,0.00806891918182373,-0.005325496196746826,0.005422711372375488,0.011354710906744003,0.010347926989197731,-0.041279491037130356,0.00578933692370058,-0.0015228952410771158,0.0024326703488775055
0.6434612499979266,31870.552189041668,0.008247971534729004,0.002397298812866211,0.009398043155670166,0.0077743567526340485,0.011372977867722511,-0.017072688788175583,0.005862631193441381,-0.0014730726683914184,0.0021906295973406847
0.653515250000055,31870.56224304167,-0.0003250241279602051,-0.0005194246768951416,-0.0009731054306030273,-0.002898838371038437,0.026416508480906487,0.002880911808460951,0.0060411743760338385,-0.0014702321192310566,0.00217302037776975
0.6635692499985453,31870.57229704167,-0.003530263900756836,0.0027035772800445557,-0.0014621615409851074,0.00043543928768485785,0.030151857063174248,0.003127786796540022,0.006328793689602032,-0.001504385936107647,0.0022303054031703926
0.6736232500006736,31870.58235104167,-0.0004858970642089844,0.0027235448360443115,-0.0002760887145996094,0.01719355769455433,0.01265915110707283,-0.017301108688116074,0.006570714928234891,-0.0014280182705374508,0.0021775041130120284
0.6836782499995024,31870.59240604167,0.0003606081008911133,0.007322818040847778,0.006585836410522461,0.018137913197278976,-0.0004356114659458399,-0.03708093985915184,0.006625945866021515,-0.0012432692522373228,0.001868198180097539
0.6937322499979928,31870.602460041668,0.003260374069213867,0.004796624183654785,0.0037068724632263184,0.009892989881336689,-0.008864915929734707,-0.02872455306351185,0.006544167580683968,-0.0010688345502543103,0.0015241025411794108
0.7037862500001211,31870.61251404167,-0.0029091238975524902,0.005545914173126221,0.00035703182220458984,-0.0016422257758677006,-0.014793379232287407,-0.013310441747307777,0.006399563886498163,-0.0010186029652032957,0.0012828136982950189
0.7138402499986114,31870.62256804167,-0.009070634841918945,0.0032286345958709717,-0.002322673797607422,-0.013075442984700203,-0.00972351897507906,0.009931656531989574,0.0062733033080773215,-0.0010723788416351012,0.001250953932973723
0.7238942500007397,31870.63262204167,-0.009516358375549316,-0.0019535720348358154,0.0009036660194396973,-0.0007724373135715723,-0.0015731807798147202,0.013552490621805191,0.006188257212255834,-0.0011371355162675648,0.0013946054699248396
0.73394824999923,31870.64267604167,-0.00682145357131958,0.002543628215789795,0.00041961669921875,0.010847466997802258,-0.0014589312486350536,0.006391517352312803,0.00617295351908231,-0.0010671046404554098,0.0014934441546785423
0.7440022499977204,31870.652730041667,-0.0046266913414001465,-0.0019889771938323975,0.0010251402854919434,0.010036800988018513,-0.0065879132598638535,-0.006655841134488583,0.00610949878865254,-0.0009774378409027544,0.001534109503066199
0.7540562499998487,31870.66278404167,0.0009375810623168945,-0.0037548840045928955,0.006470918655395508,0.019829200580716133,-0.009511664509773254,-0.030953004956245422,0.006025722452551763,-0.0008241215521686744,0.0013414262289471307
0.764110249998339,31870.672838041668,0.0050383806228637695,-0.004209071397781372,0.0047002434730529785,0.017680827528238297,0.0031428781803697348,-0.026562251150608063,0.006005884764538072,-0.0006516898440026818,0.0010722805152472124
0.7741642500004673,31870.68289204167,0.009335756301879883,-0.003663361072540283,0.0004748106002807617,0.010939212515950203,0.012912684120237827,-0.008292593993246555,0.0060880600074312095,-0.0005089087381077661,0.0009052465204693115
0.7842182499989576,31870.69294604167,0.007136523723602295,0.0017548799514770508,0.002393484115600586,0.007084020879119635,0.009916628710925579,-0.010114195756614208,0.006200915558800198,-0.0004451930008052634,0.0008213402420496396
0.7942722499974479,31870.703000041667,0.0049288272857666016,-0.0049124062061309814,0.0012913942337036133,0.0038365181535482407,0.011271245777606964,-0.007266397587954998,0.006294533004944839,-0.00040873149365167234,0.0007596237203907879
0.8043262499995762,31870.71305404167,0.0032851099967956543,0.0007539093494415283,-0.0006982684135437012,0.00900598056614399,0.016095561906695366,-0.01175622083246708,0.006407484915252693,-0.0003735957354816014,0.0006896092989524583
0.8143802499980666,31870.723108041668,0.0012549161911010742,0.0006546974182128906,-0.007237792015075684,0.02924223057925701,0.014443468302488327,-0.011486309580504894,0.006550186058272653,-0.0001920850987419019,0.0006148290587591473
0.8244352500005334,31870.73316304167,0.00022941827774047852,0.0011366605758666992,-0.005980372428894043,0.03381194919347763,-0.007448779884725809,-0.02179007977247238,0.006580414616617667,0.0001336494923430976,0.0004145261982258547
0.8344892499990237,31870.74321704167,-0.0005249381065368652,-0.0013628005981445312,0.0050373077392578125,0.02435297705233097,-0.03809577226638794,-0.022530945017933846,0.006343288938187233,0.0004348967622714581,0.0001756065244716085
0.8445432499975141,31870.753271041667,-0.00344240665435791,-0.001032322645187378,0.007395505905151367,0.013109379447996616,-0.05770329758524895,-0.030425352975726128,0.005843871071243519,0.0006246144022192709,-0.00011144164547910962
0.8545972499996424,31870.76332504167,-0.006605088710784912,-0.0017184913158416748,0.0002422332763671875,-0.0034633397590368986,-0.04450373351573944,-0.00793791376054287,0.005342355961382923,0.0006905182483948188,-0.00033607330767539167
0.8646512499981327,31870.773379041668,-0.0037561655044555664,0.0027320384979248047,-0.0013279318809509277,-0.01611042581498623,-0.003726213239133358,0.0016422754852101207,0.005104385895544861,0.0005593803629890378,-0.0003359620793742803
0.874705250000261,31870.78343304167,-0.005944311618804932,0.0015922188758850098,-0.0066446661949157715,0.004904445726424456,0.030207917094230652,-0.013331799767911434,0.0052532215397020215,0.0005126422121303952,-0.00041278268792806314
0.8847592499987513,31870.79348704167,-0.005541324615478516,-7.891654968261719e-05,-0.002706587314605713,0.0060352240689098835,0.05149749293923378,-0.00699001457542181,0.0056973272657536165,0.0005551147241433011,-0.00052706826142171
0.8948132499972417,31870.803541041667,0.001086115837097168,-0.0004153251647949219,-0.00010514259338378906,0.0055428496561944485,0.04889864847064018,0.006269517820328474,0.006225358924571443,0.000600346614614671,-0.0005298855585207064
0.90486724999937,31870.81359504167,0.0020946264266967773,-0.0018692314624786377,0.0007976889610290527,-0.00902544055134058,0.03556926175951958,0.029697878286242485,0.006666340976051735,0.0005709013133612614,-0.0003595977845008683
0.9149212499978603,31870.823649041668,0.0065305233001708984,0.00019827485084533691,0.006419062614440918,-0.03886079043149948,0.03818648308515549,0.03984907642006874,0.007027137656348363,0.0003254591519653315,-1.061461709207549e-05
0.9249752499999886,31870.83370304167,0.0028250813484191895,0.005238920450210571,0.004184544086456299,-0.0514514185488224,0.03975215554237366,0.044568199664354324,0.007390460013222872,-0.00012028427075126101,0.00045851313929164334
0.9350292499984789,31870.843757041668,0.002381622791290283,0.002926766872406006,-0.0013772249221801758,-0.036597322672605515,0.01777295395731926,0.02057681791484356,0.007664535184206066,-0.0005554361693017109,0.0007664575974068833
0.9450832500006072,31870.85381104167,0.004077136516571045,-9.238719940185547e-07,0.004165351390838623,-0.01427870336920023,-0.011332201771438122,0.002789565362036228,0.007693352845929648,-0.0008219498867575575,0.0009112199295397783
0.9551382499994361,31870.86386604167,0.0022653937339782715,0.0023249387741088867,0.002590656280517578,-0.0015648166881874204,-0.030126793310046196,-0.005753935314714909,0.0074397210755508736,-0.000898552841343473,0.0008741942556729966
0.9651922499979264,31870.873920041668,-0.0024454593658447266,0.005073130130767822,-0.003176450729370117,-0.027092013508081436,-0.012177888303995132,-0.009602735750377178,0.007201605206012827,-0.0010287629858373505,0.0007925364861296741
0.9752462500000547,31870.88397404167,-0.009976327419281006,0.0025116801261901855,-0.0021652579307556152,-0.043178483843803406,0.017289724200963974,0.0028937747702002525,0.007225586273612768,-0.001370911918466737,0.0007432415648569075
0.985300249998545,31870.89402804167,-0.009892106056213379,0.002384573221206665,0.002919793128967285,-0.06849981844425201,0.0024335451889783144,0.03443731740117073,0.0073770676671010525,-0.0019023529880269532,0.0009040990873961489
0.9953542500006733,31870.90408204167,0.007281124591827393,-0.0036068856716156006,0.009748101234436035,-0.017098013311624527,-0.01743483543395996,-0.008877050131559372,0.007287598418976508,-0.0023416210792159614,0.0010666403932196966
1.0054082499991637,31870.91413604167,-0.0002211928367614746,-0.005633652210235596,0.0007866621017456055,-0.04389926791191101,0.0017175544053316116,0.03868913650512695,0.007157580886034752,-0.0025774425979127416,0.0011678534687066513
1.015462249997654,31870.924190041667,0.0018034577369689941,-0.01082107424736023,0.009295284748077393,-0.05120782554149628,0.03186760097742081,0.056127700954675674,0.00737329965279919,-0.003099436156822404,0.0016883939640452215
1.0255162499997823,31870.93424404167,-0.012177884578704834,0.0025925934314727783,-0.0204390287399292,-0.02522309683263302,0.06416402012109756,0.019726019352674484,0.007852675789523256,-0.003482089909532829,0.0021039848202672913
1.0355702499982726,31870.944298041668,0.005737245082855225,-0.003505229949951172,-0.010500431060791016,-0.029333818703889847,0.1550099104642868,0.0049474178813397884,0.008812488407291782,-0.003703632363380864,0.0021901879227049577
1.045624250000401,31870.95435204167,-0.0020525455474853516,0.0042632222175598145,-0.004546046257019043,-0.06981147080659866,0.29630497097969055,0.01657691039144993,0.011118072099312674,-0.004104486456074068,0.002275191497818522
1.0556782499988913,31870.96440604167,-0.011326372623443604,-0.010031193494796753,-0.012672483921051025,-0.3662189841270447,0.42801615595817566,0.17098821699619293,0.014844348345106362,-0.006142905142690843,0.0031768486288297907
1.0657322499973816,31870.974460041667,0.02280968427658081,-0.05938076972961426,0.053767502307891846,-0.5956404209136963,0.5340994000434875,0.32788407802581787,0.01961288594569582,-0.01083708823195907,0.005813867989423272
1.07578624999951,31870.98451404167,0.03132331371307373,-0.02183765172958374,0.03728353977203369,-0.8652965426445007,0.7565929293632507,0.3585937023162842,0.02595810638712626,-0.018152924055303648,0.009517206312528542
1.0858412499983388,31870.994569041668,-0.02280980348587036,0.0098324716091156,-0.0031075477600097656,-0.740430474281311,0.9079632759094238,0.23931071162223816,0.034479113758623565,-0.026297832039152355,0.01278365599166472
1.095895250000467,31871.00462304167,-0.03189265727996826,-0.0008590519428253174,-0.06968265771865845,-0.6813501715660095,0.8882837891578674,0.19816580414772034,0.043717549928977736,-0.033074887114478334,0.015171093848494271
1.1059492499989574,31871.01467704167,-0.024088919162750244,-0.006723463535308838,0.02200949192047119,-1.1267659664154053,0.5075086951255798,0.3581314980983734,0.05102044414297577,-0.04178476736270024,0.01818519201977532
1.1160032499974477,31871.024731041667,0.07261919975280762,-0.0032803118228912354,0.11926192045211792,-1.4624630212783813,0.25470268726348877,0.6259984374046326,0.0549943182486793,-0.05465470925552939,0.023814314155887254
1.126057249999576,31871.03478504167,0.05996650457382202,-0.02378988265991211,0.0569879412651062,-1.6008027791976929,0.05217726528644562,0.7113474011421204,0.0568768242724513,-0.06973402390326086,0.03155799834948848
1.1361112499980663,31871.044839041668,0.035245656967163086,-0.06169021129608154,0.039912521839141846,-1.5607362985610962,0.05230017006397247,0.7995598316192627,0.058004165053896,-0.08526186605868848,0.04001805107232662
1.1461652500001946,31871.05489304167,0.03981435298919678,-0.021089494228363037,0.05168253183364868,-1.4830013513565063,0.10818687826395035,0.996420681476593,0.05969392016152168,-0.09994611466058581,0.04991943409726635
1.156219249998685,31871.06494704167,0.0412105917930603,0.018702715635299683,0.02930474281311035,-1.2448639869689941,0.2390800416469574,1.0946235656738281,0.062713403801867,-0.113142639260172,0.061562742110705594
1.1662732499971753,31871.075001041667,-0.025461912155151367,0.014052063226699829,-0.05190634727478027,-0.7532019019126892,0.2667910158634186,0.8963826298713684,0.06643943273522487,-0.1228247166213823,0.07237655474679343
1.1763272499993036,31871.08505504167,-0.07353335618972778,-0.007085323333740234,-0.09261524677276611,-0.025559987872838974,0.2041434943675995,0.4750508666038513,0.06986606217018146,-0.12628227161702144,0.07962814212171823
1.186381249997794,31871.095109041667,-0.0956612229347229,-0.015552669763565063,-0.0776013731956482,0.5459405779838562,0.07141394168138504,0.16636253893375397,0.0716050421431241,-0.12329914345474516,0.0824978176775161
1.1964352499999222,31871.10516304167,-0.06668651103973389,0.006259262561798096,-0.02210313081741333,1.038159728050232,0.050754204392433167,-0.007631890010088682,0.0720099744789974,-0.1153651789719177,0.08270102274502646
1.2064892499984126,31871.115217041668,-0.0526200532913208,0.03269264101982117,0.010366678237915039,1.6239830255508423,0.2393832504749298,-0.1443932056427002,0.07317377060658882,-0.10212274257731108,0.08094076158766181
1.2165442499972414,31871.125272041667,-0.022982001304626465,0.007624924182891846,0.05682152509689331,1.6024720668792725,0.3268245458602905,-0.32441848516464233,0.07581251004391992,-0.0854172531468464,0.07729707270123685
1.2265982499993697,31871.13532604167,0.04738175868988037,-0.013560742139816284,0.055691540241241455,1.174597978591919,0.21671560406684875,-0.37864950299263,0.07793530559118668,-0.07209573538658992,0.07263443888896166
1.23665224999786,31871.145380041668,0.02536797523498535,-0.02054855227470398,-0.047439754009246826,1.0500051975250244,0.19265209138393402,-0.40245896577835083,0.07966757005774945,-0.061144602026938846,0.0678114505881181
1.2467062499999884,31871.15543404167,0.01103055477142334,-0.024069517850875854,0.004779338836669922,0.6827219724655151,0.16326357424259186,-0.46949633955955505,0.08140660960020418,-0.05253180909937883,0.06264874969759629
1.2567602499984787,31871.165488041668,0.031644463539123535,-0.015201866626739502,0.08101111650466919,0.07316774874925613,-0.09460937976837158,-0.3177115321159363,0.08148599700310276,-0.04906321117508703,0.05832242400421048
1.266814250000607,31871.17554204167,0.053143084049224854,0.017605215311050415,0.02601802349090576,-0.4875997006893158,-0.32975825667381287,-0.07275421917438507,0.07922694743399462,-0.051646516253972,0.05655306075891416
1.2768682499990973,31871.18559604167,0.018986821174621582,0.016092956066131592,-0.004723787307739258,-0.6472642421722412,-0.34720927476882935,0.025002937763929367,0.07587153913281461,-0.0574834796165386,0.056839096976330085
1.2869222499975876,31871.195650041667,-0.008890032768249512,0.0055911242961883545,-0.008916378021240234,-0.7671786546707153,-0.2550079822540283,0.14921222627162933,0.07276338061118161,-0.06447623452786713,0.05817435848596435
1.296976249999716,31871.20570404167,-0.004802703857421875,0.013835340738296509,-0.014506697654724121,-0.8827620148658752,-0.1631331741809845,0.2939602732658386,0.07093859860322191,-0.07269160921858597,0.0610405967528808
1.3070302499982063,31871.215758041668,-0.018117427825927734,0.02724778652191162,-0.016629695892333984,-0.8138495087623596,-0.16589593887329102,0.34632042050361633,0.069655366293695,-0.08100509681175042,0.06495314029797541
1.3170842500003346,31871.22581204167,-0.012139379978179932,0.0221979022026062,-0.02169632911682129,-0.6287063956260681,-0.21913400292396545,0.25893962383270264,0.06805984494304425,-0.08804947846802838,0.0685329349571746
1.327138249998825,31871.23586604167,-0.01502448320388794,-0.0006885528564453125,-0.04808688163757324,-0.4425434470176697,-0.1419057846069336,0.17915503680706024,0.06625739286112027,-0.09330006485924251,0.07118815885459369
1.3371932499976538,31871.245921041667,-0.0382767915725708,0.003401130437850952,-0.05234473943710327,-0.26385951042175293,0.008286241441965103,-0.0010873047867789865,0.06575694254551309,-0.09668306446129607,0.0723005864898158
1.347247249999782,31871.25597504167,-0.024087071418762207,-0.007167309522628784,-0.010215342044830322,-0.2411869466304779,-0.02163730375468731,-0.0453900545835495,0.06572272308864792,-0.09916561938202617,0.07208481971573504
1.3573012499982724,31871.266029041668,0.013431191444396973,-0.014703333377838135,0.00294417142868042,-0.3192216455936432,-0.09801516681909561,0.03740037977695465,0.06510258572813095,-0.101931899682837,0.07221104574069885
1.3673552500004007,31871.27608304167,0.028526902198791504,-0.004737347364425659,0.007902562618255615,-0.44367489218711853,-0.22408734261989594,0.10719810426235199,0.06356313579289813,-0.10557693545012706,0.0731604384663921
1.377409249998891,31871.28613704167,0.018243014812469482,-0.022324442863464355,0.02253437042236328,-0.6946713924407959,-0.32644274830818176,0.20468571782112122,0.06098137167366135,-0.1111890017246746,0.07507801991722968
1.3874632499973814,31871.296191041667,0.01726764440536499,-0.025723129510879517,0.025202155113220215,-0.9264566898345947,-0.42411577701568604,0.2513062059879303,0.05742614119651639,-0.11914433901043565,0.07787890848594314
1.3975172499995097,31871.30624504167,0.005739927291870117,0.004334777593612671,0.024776339530944824,-0.9342566728591919,-0.44152432680130005,0.2790103852748871,0.05350746321074526,-0.12831974407358204,0.08110871343152289
1.407571249998,31871.316299041668,-0.024704694747924805,0.007257670164108276,0.0008147954940795898,-1.0283206701278687,-0.4397716820240021,0.2961779236793518,0.049615658695704605,-0.13810861861589774,0.08446804482620159
1.4176252500001283,31871.32635304167,-0.018692433834075928,0.005394339561462402,-0.015143811702728271,-1.0152369737625122,-0.5578956604003906,0.42827239632606506,0.04515394953908035,-0.14833926209825932,0.08856784284315684
1.4276792499986186,31871.33640704167,-0.00766599178314209,-0.010705947875976562,-0.055386245250701904,-0.883811891078949,-0.5652201771736145,0.2760162949562073,0.03991882191266572,-0.1577956131721557,0.09274328355133567
1.437733250000747,31871.34646104167,-0.030402839183807373,0.0030722320079803467,-0.04888808727264404,-0.6917237639427185,-0.5336525440216064,0.15918420255184174,0.03475247031733661,-0.16575370406226783,0.09499237255886765
1.4477872499992372,31871.35651504167,-0.02710205316543579,-0.000596851110458374,-0.027915894985198975,-0.5748053789138794,-0.44161659479141235,0.2180086374282837,0.030254894581612464,-0.17195800512486664,0.09715957776283635
1.4578412499977276,31871.366569041667,-0.016090214252471924,-0.00480121374130249,-0.0013445615768432617,-0.6354551315307617,-0.3834688663482666,0.14988715946674347,0.026486034994091932,-0.17801872495696017,0.0992773051248778
1.4678962500001944,31871.37662404167,0.009318649768829346,-0.02747565507888794,0.026772141456604004,-0.5658536553382874,-0.40475019812583923,0.13464802503585815,0.02281336546944728,-0.18407018924564542,0.10085281107951452
1.4779502499986847,31871.38667804167,0.020243465900421143,-0.04287362098693848,0.01081472635269165,-0.500908374786377,-0.4786977767944336,0.17526690661907196,0.018729490856141555,-0.18925212013390766,0.10253113150434041
1.4880038333321863,31871.396731625002,0.02797490358352661,-0.03960976004600525,0.013450145721435547,-0.6575352549552917,-0.5324116349220276,0.28893569111824036,0.014079969502090296,-0.1949134504102577,0.104920320351679
1.4980578333306767,31871.406785625,0.02459084987640381,-0.040050506591796875,0.04200422763824463,-0.932155966758728,-0.5632308125495911,0.339256227016449,0.009138754908316407,-0.20285056483864036,0.10840861473376653
1.508111833332805,31871.416839625002,0.04035985469818115,-0.03876309096813202,0.044693589210510254,-1.114384651184082,-0.5391989946365356,0.2580018639564514,0.0042601381077466876,-0.21318702222335018,0.1112967586461498
1.5181658333312953,31871.426893625,0.01831996440887451,-0.01781494915485382,0.016879141330718994,-1.272416114807129,-0.44102445244789124,0.26454421877861023,-0.00010720845258803132,-0.2252633696449573,0.11376014707689425
1.5282198333334236,31871.436947625003,-0.014588475227355957,-0.013347849249839783,-0.004869997501373291,-1.398632287979126,-0.4056829810142517,0.2413685917854309,-0.0035951090301441844,-0.23874839778623844,0.1160695365899319
1.538273833331914,31871.447001625,-0.012407124042510986,-0.005563914775848389,0.01357942819595337,-1.4756083488464355,-0.3460397720336914,0.2620401680469513,-0.0068018480516679304,-0.2533621911614309,0.11865469742996809
1.5483278333340422,31871.457055625004,-0.025551676750183105,-0.006059274077415466,0.039473652839660645,-1.4210327863693237,-0.3959479331970215,0.34222739934921265,-0.009751733726666913,-0.26794352666670296,0.12176466373378735
1.5583818333325326,31871.467109625002,-0.010966956615447998,0.0025461316108703613,0.047972798347473145,-1.2802979946136475,-0.36407986283302307,0.3206026256084442,-0.012567444588546977,-0.28173968886661577,0.12493646668269053
1.5684358333310229,31871.477163625,0.00641554594039917,-0.04492288827896118,0.04386460781097412,-0.9580034613609314,-0.3231407105922699,0.31513941287994385,-0.015075249423557183,-0.29299018611699884,0.12819055788088357
1.5784908333334897,31871.487218625003,-0.000912010669708252,-0.042217254638671875,0.06960105895996094,-0.7915471792221069,-0.3886854648590088,0.4666673243045807,-0.017394603822460775,-0.30161387956463226,0.1320700217912789
1.58854483333198,31871.497272625,-0.019967854022979736,0.03986985981464386,0.07401049137115479,-1.1162594556808472,-0.45982277393341064,0.580996572971344,-0.020006042451016993,-0.3110714044563817,0.1374067559786787
1.5985988333304704,31871.507326625,-0.029906809329986572,0.048207610845565796,0.08838027715682983,-1.6744128465652466,-0.5851671099662781,0.8902082443237305,-0.022915108552648285,-0.32522242563024817,0.14477139168308129
1.6086528333325987,31871.517380625002,-0.024410247802734375,0.049151040613651276,0.09709668159484863,-2.386131525039673,-0.6180683374404907,1.2437061071395874,-0.025450871468519206,-0.345772177731246,0.15562033733505862
1.618706833331089,31871.527434625,-0.023741185665130615,0.01886214315891266,0.13707804679870605,-3.2079849243164062,-0.43192312121391296,1.4535019397735596,-0.026020887905510964,-0.3744112606428675,0.16939164475572316
1.6287608333332173,31871.537488625003,-0.007744252681732178,0.02459484338760376,0.09310150146484375,-3.462472677230835,-0.23054231703281403,1.329730749130249,-0.02389166373748786,-0.408702593398658,0.18380049575737722
1.6388148333317076,31871.547542625,-0.04162180423736572,0.02096721902489662,-0.037351012229919434,-3.332740068435669,0.04457327350974083,1.1034986972808838,-0.019656780672401338,-0.4432334229875106,0.19647436842657645
1.648868833333836,31871.557596625003,-0.03001922369003296,-0.014948706142604351,-0.06877505779266357,-3.169778347015381,0.2298440784215927,0.8864023089408875,-0.013621444175466126,-0.4759715086968439,0.207066298033083
1.6589228333323263,31871.567650625002,0.050722718238830566,-0.09784452617168427,-0.03648620843887329,-3.149329423904419,0.4078613519668579,0.5775279998779297,-0.006652828161813479,-0.5078300735391599,0.21512632310484325
1.6689768333308166,31871.577704625,0.05689209699630737,-0.11985056102275848,-0.014803886413574219,-2.956657886505127,0.42186158895492554,0.1360992044210434,-0.00029799121816972475,-0.5386757596807352,0.21926026968887996
1.679030833332945,31871.587758625003,0.0015922188758850098,-0.04165679216384888,-0.05776023864746094,-2.6734087467193604,0.36227959394454956,-0.3375571072101593,0.0028949149829835628,-0.5669644800353455,0.21791604499017284
1.6890848333314352,31871.597812625,-0.07324892282485962,0.07193933427333832,-0.07307565212249756,-2.5732738971710205,0.3328407406806946,-0.36300069093704224,0.0037978979427484116,-0.5932575249838528,0.21344119951547572
1.699139833333902,31871.607867625004,-0.058232009410858154,0.12165079265832901,-0.08327662944793701,-2.9320132732391357,0.37931835651397705,-0.11959978193044662,0.006024297572390621,-0.620538114197753,0.21067820220719677
1.7091938333323924,31871.617921625002,-0.0636562705039978,0.009981334209442139,0.024707436561584473,-3.585501194000244,0.07524476945400238,0.051937349140644073,0.008289094787666961,-0.6535221389549931,0.2106053715170746
1.7192478333308827,31871.627975625,-0.050214171409606934,-0.07857008278369904,0.10945940017700195,-3.765645980834961,-0.25562795996665955,0.05702372267842293,0.008147502772117328,-0.6909097359477671,0.2117856335174193
1.729301833333011,31871.638029625003,-0.052217960357666016,0.10860238969326019,-0.012571632862091064,-3.5989043712615967,-0.4166205823421478,0.1945357769727707,0.005631706731891507,-0.7279752359850278,0.21344588198827097
1.7393558333315013,31871.648083625,-0.040422260761260986,0.19897161424160004,-0.03531980514526367,-3.659085512161255,-0.3596903085708618,0.4144339859485626,0.004833017465257034,-0.7641754297800543,0.21806209824906003
1.7494098333336296,31871.658137625003,-0.0689435601234436,0.02239885926246643,0.04011261463165283,-3.8560993671417236,-0.22317588329315186,0.43919873237609863,0.0065876819424024015,-0.8018717033029272,0.22460672777508126
1.75946383333212,31871.668191625,-0.04670804738998413,-0.0694786012172699,0.029169023036956787,-4.224793434143066,-0.29388588666915894,0.422319620847702,0.008936806720676616,-0.8424384390229773,0.231249079083903
1.7695178333306103,31871.678245625,-0.017361879348754883,-0.1150309145450592,0.03538346290588379,-4.502157688140869,-0.4070638418197632,0.47030124068260193,0.011447589500691021,-0.8863540178518858,0.2389573123621779
1.7795718333327386,31871.688299625002,0.02149033546447754,-0.15181434154510498,-0.045352399349212646,-4.161231994628906,-0.4937691390514374,0.37491247057914734,0.012876619810694228,-0.9304004546090119,0.2469609381900455
1.789625833331229,31871.698353625,0.04957592487335205,-0.054013848304748535,-0.12853467464447021,-3.4719090461730957,-0.32902705669403076,0.04125061631202698,0.01242264412046058,-0.9686754370922039,0.2513337389035155
1.7996798333333572,31871.708407625003,0.07176810503005981,-0.01964855194091797,-0.17673838138580322,-2.815533399581909,-0.12337418645620346,-0.11861907690763474,0.009889166556769852,-1.000214128924648,0.2511298536406691
1.809734833332186,31871.718462625002,0.06068217754364014,-0.12772074341773987,-0.14517390727996826,-2.831761360168457,-0.11884202063083649,-0.26618748903274536,0.005813388030526745,-1.0282500759244406,0.2477281865049218
1.8197888333306764,31871.728516625,0.05234575271606445,-0.14390629529953003,-0.037202417850494385,-3.2231991291046143,-0.1129099652171135,-0.45349040627479553,-0.0019057624868171518,-1.0589034429253985,0.24059548021119492
1.8298428333328047,31871.738570625002,0.04781210422515869,0.07652667164802551,0.03583228588104248,-3.89605450630188,0.23650769889354706,-0.6188615560531616,-0.011889813955306493,-1.094358109228082,0.22863327058996652
1.839896833331295,31871.748624625,0.04722452163696289,0.22561144828796387,0.004679620265960693,-5.335020542144775,0.5433045029640198,-1.0023795366287231,-0.025638534171320823,-1.1403129706094763,0.20881429701699866
1.8499508333334234,31871.758678625003,0.04064381122589111,0.17964810132980347,0.0006390810012817383,-6.377575397491455,0.5436304807662964,-1.6206337213516235,-0.05816212997228611,-1.1998889741798455,0.16768992750337816
1.8600048333319137,31871.768732625,0.051605165004730225,0.013520359992980957,-0.05098286271095276,-6.554522514343262,0.5619062781333923,-2.14556622505188,-0.12362632937431337,-1.2636300958238091,0.09242537915211302
1.870058833334042,31871.778786625004,0.08076411485671997,-0.07457393407821655,-0.08656573295593262,-6.175208568572998,0.5712843537330627,-2.2336885929107666,-0.23464901084494882,-1.3230888306267443,-0.029068550255903897
1.8801128333325323,31871.788840625002,0.10034698247909546,-0.07626131176948547,-0.04610484838485718,-5.3051228523254395,0.32383087277412415,-1.8425856828689575,-0.3971085648180158,-1.372019770458995,-0.2003095852023187
1.8901668333310226,31871.798894625,0.08487653732299805,-0.08521944284439087,-0.09010055661201477,-4.0739850997924805,-0.3722938597202301,-1.0135475397109985,-0.5889610439897922,-1.4071608579620405,-0.3953979132793566
1.900220833333151,31871.808948625003,-0.010715126991271973,-0.22154831886291504,-0.15054571628570557,-2.3964638710021973,-1.0168452262878418,-0.5207198262214661,-0.768754518370745,-1.428260791246574,-0.5698219747482192
1.9102748333316413,31871.819002625,-0.012917041778564453,-0.23082399368286133,-0.1806448996067047,-0.89198237657547,-0.9358593821525574,-0.412839412689209,-0.8817650449154827,-1.43580425152504,-0.673819460255003
1.9203298333304701,31871.829057625,-0.022899866104125977,0.06183499097824097,-0.038505733013153076,-0.7227585315704346,-0.45690885186195374,-0.5932896137237549,-0.9589897794053658,-1.4363151222478014,-0.7445158321971216
1.9303838333325984,31871.839111625002,-0.022888660430908203,0.20554769039154053,0.07705256342887878,-0.7753783464431763,-0.10329807549715042,-0.2294570952653885,-1.0250879212375785,-1.4369310255518706,-0.8086163486222968
1.9404378333310888,31871.849165625,-0.08072340488433838,0.13210725784301758,0.0550265908241272,-0.8216992616653442,0.20072080194950104,0.1802455484867096,-1.0763084329666763,-1.4405856916668145,-0.8607877431841163
1.950491833333217,31871.859219625003,-0.03728008270263672,0.019071638584136963,0.08560493588447571,-1.4367785453796387,-0.289627343416214,0.07176727056503296,-1.150761838194071,-1.446853730816899,-0.93593281028745
1.9605458333317074,31871.869273625,-0.002763092517852783,-0.06018412113189697,0.07666385173797607,-2.2401788234710693,-1.0027453899383545,0.00362910027615726,-1.2998814930854332,-1.4533897287326285,-1.079500111197191
1.9705998333338357,31871.879327625003,0.11318588256835938,-0.16484731435775757,0.1118326187133789,-2.823145866394043,-1.227622628211975,0.19625820219516754,-1.5336714165958183,-1.4581937686803261,-1.3029172607275639
1.980653833332326,31871.889381625002,0.19039827585220337,-0.20954835414886475,0.023783862590789795,-2.8522274494171143,-0.9567254781723022,0.5868433117866516,-1.7997491399878003,-1.459374131973508,-1.5599395260840283
1.9907078333308164,31871.899435625,0.20584356784820557,-0.13471180200576782,-0.05002275109291077,-2.8080461025238037,-1.1514126062393188,0.7290787696838379,-2.070985177925975,-1.4554839606899164,-1.82198787584684
2.0007618333329447,31871.909489625003,0.12270820140838623,-0.071658194065094,-0.17921864986419678,-2.331972122192383,-0.9354825019836426,0.7234072685241699,-2.293749373671778,-1.4464065289158536,-2.0356247531328573
2.010815833331435,31871.919543625,0.08065438270568848,0.012790024280548096,-0.19834893941879272,-1.7013745307922363,-0.8030621409416199,0.727290153503418,-2.4511414748280225,-1.4369498425134484,-2.185693407689097
2.0208698333335633,31871.929597625003,0.00420224666595459,0.04702901840209961,-0.09871405363082886,-1.345524787902832,-0.6392337679862976,0.7088813781738281,-2.5655825624184967,-1.4290934199305259,-2.294007825234229
2.030924833332392,31871.939652625002,-0.06878542900085449,0.13924801349639893,0.029431402683258057,-1.162396788597107,-0.5457882881164551,0.6901422739028931,-2.6558247763152796,-1.421746368520203,-2.37930018864943
2.0409788333308825,31871.949706625,-0.09550201892852783,0.10558515787124634,0.04569566249847412,-1.1951751708984375,-0.6181262731552124,0.6954649686813354,-2.735022942537387,-1.4142294312599046,-2.453579190632307
2.051032833333011,31871.959760625003,-0.06596130132675171,0.001104891300201416,0.06703720986843109,-1.235648512840271,-0.6749765276908875,0.7277733683586121,-2.8095399720407226,-1.4053558449778558,-2.5223355863904833
2.061086833331501,31871.969814625,0.025926530361175537,-0.06993567943572998,0.08505000174045563,-1.531567096710205,-0.2892759144306183,0.5328047275543213,-2.8740270487038533,-1.394309354026502,-2.5827800989454626
2.0711408333336294,31871.979868625003,0.0768195390701294,-0.06973141431808472,0.1020825058221817,-2.3257663249969482,-0.36863598227500916,0.31746047735214233,-2.922808847453794,-1.3765955205844538,-2.629429819623936
2.0811948333321197,31871.989922625,0.08105361461639404,-0.027781784534454346,0.08538181334733963,-2.6059560775756836,-0.5676234364509583,0.3589499592781067,-2.966814194132466,-1.3522362653914304,-2.669442808274295
2.09124883333061,31871.999976625,0.0391993522644043,-0.01139158010482788,-0.037713244557380676,-2.4350297451019287,-0.5587910413742065,0.5607179999351501,-3.008407018398919,-1.327720213838483,-2.706060416891427
2.1013028333327384,31872.010030625002,-0.017503678798675537,0.07546770572662354,0.023925356566905975,-2.190589189529419,-0.3137630224227905,0.7580307126045227,-3.0484823181643166,-1.3055891844161727,-2.7430767471436956
2.1113568333312287,31872.020084625,-0.07119214534759521,0.14207392930984497,0.07156403362751007,-2.0002448558807373,-0.1781356930732727,0.7694529891014099,-3.0837510468537666,-1.2849405063115973,-2.777172263753191
2.121410833333357,31872.030138625003,-0.08876156806945801,0.13771742582321167,0.0032561346888542175,-1.6014741659164429,-0.16811102628707886,0.8602821826934814,-3.1146952460572717,-1.267092939901484,-2.8076676493582564
2.1314648333318473,31872.040192625,-0.08602946996688843,0.09051674604415894,-0.032368723303079605,-1.0315728187561035,-0.11446777731180191,0.8886831998825073,3.1390154636127408,-1.253970478648102,-2.8371449607998205
2.141519833330676,31872.050247625,-0.10253959894180298,0.043639302253723145,-0.020280595868825912,-0.6426787972450256,-0.15994618833065033,0.8355399966239929,3.1119670158316035,-1.245512749737048,-2.864292540460121
2.1515738333328045,31872.060301625002,-0.10536187887191772,-0.016464710235595703,-0.024823486804962158,-0.4227725565433502,-0.12386034429073334,0.7222523093223572,3.087886498951832,-1.239879702436686,-2.888035523476252
2.161627833331295,31872.070355625,-0.035954058170318604,-0.04766201972961426,0.030772807076573372,-0.5003676414489746,0.2071206420660019,0.46135497093200684,3.0717449570054707,-1.2348741790234974,-2.9055580011834707
2.171681833333423,31872.080409625003,0.01692783832550049,-0.0055596232414245605,0.015233935788273811,-0.32812872529029846,0.3782540559768677,0.2554590702056885,3.065464515406792,-1.2302192215139534,-2.9153178052741375
2.1817358333319135,31872.090463625,0.01730555295944214,0.007564961910247803,-0.10028964281082153,-0.036614056676626205,0.584452748298645,0.070429727435112,3.065915073918088,-1.228468194977616,-2.9199572947040364
2.1917898333340418,31872.100517625004,-0.018182098865509033,0.08336710929870605,-0.08960312604904175,0.14623938500881195,0.737694501876831,-0.19451697170734406,3.074512313660006,-1.229085275110801,-2.9180372770498986
2.201843833332532,31872.110571625002,-0.027011990547180176,0.11941766738891602,0.0021215714514255524,0.03626716509461403,0.3082110285758972,-0.25863519310951233,3.0866869157571823,-1.2302848809697,-2.9106950785754973
2.2118978333310224,31872.120625625,-0.051348984241485596,0.03233140707015991,0.13431739807128906,-0.09715081751346588,0.2534484565258026,-0.19160927832126617,3.0956891477130446,-1.2301817841104714,-2.9040634199975868
2.2219518333331507,31872.130679625003,-0.04184412956237793,0.008385837078094482,0.10344219207763672,-0.259039044380188,0.06510597467422485,-0.15680140256881714,3.1027460534811793,-1.2286199322588855,-2.898484953579167
2.232005833331641,31872.140733625,-0.008722424507141113,-0.031983256340026855,0.0696306824684143,-0.4315554201602936,0.19849786162376404,-0.03537377342581749,3.1070221490530714,-1.2251202785816477,-2.8949746197893083
2.24206083333047,31872.150788625,0.03750735521316528,-0.09294939041137695,0.08170074224472046,-0.6091320514678955,0.2632666230201721,-0.018172388896346092,3.110409567728358,-1.219830816341619,-2.894189368279519
2.252114833332598,31872.160842625002,0.030640065670013428,-0.04221510887145996,-0.033699508756399155,-0.5473688244819641,0.2678810656070709,-0.0974578857421875,3.1149848940947695,-1.213849804395055,-2.8921907597623546
2.2621688333310885,31872.170896625,-0.004592537879943848,0.004318833351135254,-0.059821125119924545,-0.44755327701568604,0.3293348252773285,-0.09284965693950653,3.120838812683393,-1.2085768479654413,-2.888789870066735
2.272222833333217,31872.180950625003,0.013794302940368652,0.0009368062019348145,-0.021372437477111816,-0.22986993193626404,0.5638746023178101,-0.03219856694340706,3.1270892697193013,-1.205171143351799,-2.8869323799506366
2.282276833331707,31872.191004625,-0.0006425380706787109,0.0371820330619812,-0.04419189691543579,0.032573580741882324,0.6579800844192505,0.03523469716310501,3.1332939493628094,-1.2039923511354613,-2.8867715021299483
2.2923308333338355,31872.201058625003,-0.004692673683166504,0.03118652105331421,-0.06597685813903809,0.3654133081436157,0.6259832382202148,0.05202805995941162,3.1385283821670673,-1.2060840692233448,-2.8882923535303133
2.302384833332326,31872.211112625002,-0.021514832973480225,0.01929408311843872,-0.07850855588912964,0.6586014628410339,0.5411393642425537,0.00789822731167078,-3.139709410293456,-1.2112626706061687,-2.8891566010151277
2.312438833330816,31872.221166625,-0.01702260971069336,0.0031108856201171875,-0.08709430694580078,0.9282127022743225,0.5370991230010986,-0.05482134968042374,-3.133645541190083,-1.2192504501929458,-2.888500837587176
2.3224928333329444,31872.231220625003,-0.008517622947692871,-0.005175769329071045,-0.0722731277346611,1.0379880666732788,0.18550948798656464,-0.15967817604541779,-3.126426669362083,-1.2292766776173731,-2.8849764046345006
2.3325468333314348,31872.241274625,-0.018355846405029297,-0.003815889358520508,0.002077341079711914,0.8365257382392883,-0.23600339889526367,-0.24716541171073914,-3.120550610044017,-1.2388284987010112,-2.8782053645970143
2.342600833333563,31872.251328625003,-0.008610069751739502,-0.0048272013664245605,0.05768746882677078,0.6001912951469421,-0.32104480266571045,-0.27729249000549316,-3.115066901242421,-1.2459150174537308,-2.8691468883869513
2.352655833332392,31872.261383625002,0.026861488819122314,-0.004051089286804199,0.050049252808094025,0.3311243951320648,-0.15970143675804138,-0.10138136148452759,-3.1110351806174767,-1.250537132994047,-2.86241551069153
2.3627098333308822,31872.271437625,0.08458888530731201,-0.07708656787872314,0.049068041145801544,0.10676290094852448,-0.19109117984771729,-0.033238716423511505,-3.1109090680615994,-1.2527165962908138,-2.8606207347088377
2.3727638333330106,31872.281491625003,0.07007896900177002,-0.07253658771514893,0.0026131942868232727,0.10330025851726532,-0.133768230676651,-0.049489058554172516,-3.1112610073371263,-1.2535496286791181,-2.8591638748738686
2.382817833331501,31872.291545625,0.0351635217666626,-0.012234032154083252,-0.039610207080841064,0.24651849269866943,-0.23637184500694275,-0.11677728593349457,-3.110334905330548,-1.2552669917591277,-2.856274300809141
2.392871833333629,31872.301599625003,-0.013234376907348633,0.014166831970214844,-0.025130629539489746,0.4069230854511261,-0.1482451856136322,-0.13540664315223694,-3.1082022323456076,-1.258523742817025,-2.851855867022051
2.4029258333321195,31872.311653625,-0.0061838626861572266,0.047364234924316406,-0.004651427268981934,0.6722298860549927,0.03560468181967735,-0.1448339819908142,-3.1037181910576668,-1.2637331992947005,-2.8464813960586435
2.41297983333061,31872.321707625,-0.0018510818481445312,0.049175143241882324,-0.024818062782287598,1.0289055109024048,0.07534170895814896,-0.13680322468280792,-3.097438382618146,-1.272200520454031,-2.840531128616951
2.423033833332738,31872.331761625002,-0.008098483085632324,0.06181299686431885,-0.03546660393476486,1.3094617128372192,0.12950961291790009,-0.23457254469394684,-3.0888356593505613,-1.284093287470137,-2.8325858822302905
2.4330878333312285,31872.341815625,-0.009887516498565674,0.16296738386154175,-0.03721325099468231,1.3766069412231445,0.03885187208652496,-0.5481097102165222,-3.0710992996623214,-1.2972721510463132,-2.8152649497547264
2.4431418333333568,31872.351869625003,-0.01866614818572998,0.16495001316070557,-0.06388276815414429,1.4813884496688843,-0.3410930633544922,-0.6661955118179321,-3.045462110951651,-1.311149766205044,-2.787217984396587
2.453195833331847,31872.361923625,-0.027661442756652832,0.0017875432968139648,-0.07551515102386475,1.8784959316253662,-0.7471042275428772,-0.4721136689186096,-3.0206099712219734,-1.3272712341566895,-2.755987680077983
2.463250833330676,31872.371978625,0.06828838586807251,-0.09093648195266724,-0.011709332466125488,1.9505882263183594,-1.5973801612854004,0.22129224240779877,-3.015941988520398,-1.3465700148945958,-2.7391871667353747
2.4733048333328043,31872.382032625002,0.15586459636688232,-0.14329898357391357,0.10819141566753387,1.8757613897323608,-1.7625869512557983,0.2643811106681824,-3.03592302605097,-1.3659325285317492,-2.7422399998274605
2.4833582083338115,31872.392086000003,0.004831850528717041,-0.048780083656311035,-0.04475390911102295,2.100541591644287,-1.798715591430664,0.10419631749391556,-3.053177778703506,-1.385729228419387,-2.7415320781960304
2.493412208332302,31872.402140000002,0.06014221906661987,-0.033844590187072754,-0.1135169267654419,2.3018574714660645,-2.0697295665740967,-0.03901942819356918,-3.0647313009250263,-1.4079317068155899,-2.7335702684038163
2.503466208330792,31872.412194,0.007465481758117676,0.04045599699020386,-0.08898715674877167,2.429464101791382,-2.000410556793213,-0.4778624176979065,-3.0561267174538496,-1.4315015041649723,-2.7039531675395376
2.5135202083329204,31872.422248000003,-0.06774818897247314,0.15222758054733276,-0.01484459638595581,2.4019346237182617,-1.66058349609375,-0.8834602236747742,-2.999836866085993,-1.4550612794360553,-2.6287204931517096
2.5235742083314108,31872.432302,-0.07334458827972412,0.27072882652282715,-0.007272303104400635,2.430845022201538,-1.2245615720748901,-1.1393028497695923,-2.869867929453174,-1.4768605943597177,-2.483396694365597
2.533628208333539,31872.442356000003,-0.030691444873809814,0.3309105634689331,-0.005736187100410461,2.650895118713379,-0.661498486995697,-0.9296318888664246,-2.65159516311054,-1.4966206486288758,-2.2548341154948615
2.5436822083320294,31872.45241,-0.015945911407470703,0.26540011167526245,-0.013487830758094788,2.969418525695801,-0.28956928849220276,-0.5599341988563538,-2.2915333370536115,-1.5145623493037066,-1.8896704440102614
2.5537362083305197,31872.462464,0.02978801727294922,0.12225741147994995,-0.04560782015323639,3.5898265838623047,0.47404181957244873,-0.2628359794616699,-1.66023477535725,-1.5245605178204242,-1.2591005490480212
2.5637912083329866,31872.472519000003,0.02379429340362549,-0.13605844974517822,0.017800748348236084,3.7691650390625,0.08331574499607086,-0.16524305939674377,-0.9673802842732419,-1.5121841190319592,-0.5685335410026021
2.573845208331477,31872.482573,0.08241498470306396,-0.26863694190979004,0.14875781536102295,3.656074047088623,-0.25253763794898987,-0.0667540431022644,-0.612247540732636,-1.4845111959745463,-0.21129530746103345
2.583899208333605,31872.492627000003,0.11347872018814087,-0.19391560554504395,0.19098502397537231,3.3615338802337646,-0.2750583589076996,-0.03188591077923775,-0.44634944621690575,-1.4547253466198602,-0.041823047640421926
2.5939532083320955,31872.502681,0.06319624185562134,-0.08866310119628906,0.08103027939796448,3.6493372917175293,-0.30081725120544434,-0.05399121344089508,-0.3491183545709108,-1.4219370802405087,0.05885086163528221
2.604007208330586,31872.512735,-0.028980731964111328,-0.031166493892669678,0.03316661715507507,3.9309732913970947,-0.03776087984442711,-0.3402998447418213,-0.29062861316259736,-1.3852575107526839,0.12027976687636822
2.614061208332714,31872.522789000002,-0.08495008945465088,0.07309848070144653,0.03337642550468445,3.9909794330596924,-0.018712885677814484,-0.8245115280151367,-0.26390744144895234,-1.3446094095869223,0.14698377584018701
2.6241152083312045,31872.532843,-0.16944855451583862,0.16603600978851318,0.07283434271812439,4.1465983390808105,0.6212427020072937,-0.7878866195678711,-0.25020199367261514,-1.303190600092443,0.15823165991120539
2.634169208333333,31872.542897000003,-0.10047626495361328,0.14740872383117676,0.05433782935142517,4.441927909851074,0.732172966003418,-1.246153473854065,-0.24145322869558192,-1.2591880695260231,0.16034302118569435
2.644223208331823,31872.552951,-0.10549545288085938,-0.03528237342834473,0.05870676040649414,4.265925407409668,0.22117267549037933,-1.9510838985443115,-0.2485397703221033,-1.2119568770181826,0.14632427080770613
2.6542772083339514,31872.563005000004,-0.005770683288574219,-0.11207970976829529,0.25325000286102295,4.36623477935791,0.6424844861030579,-2.2545862197875977,-0.2696623470807077,-1.1650309677024497,0.12054381664275679
2.6643322083327803,31872.573060000002,0.09270596504211426,-0.021936148405075073,-0.09223908185958862,4.904506683349609,2.0418059825897217,-1.6681771278381348,-0.2707496575316166,-1.1146562457134412,0.10363517107952357
2.6743862083312706,31872.583114,0.0827910304069519,0.11626654863357544,-0.13191282749176025,5.463037490844727,2.2119035720825195,-0.8268336653709412,-0.246058405872963,-1.0609533359032088,0.10681053390441379
2.684440208333399,31872.593168000003,-0.035261452198028564,0.05212560296058655,0.09178954362869263,5.823798656463623,2.222395658493042,-0.8521823883056641,-0.21474860744419988,-1.0037651722278356,0.1171498482943607
2.6944942083318892,31872.603222,0.0035499930381774902,0.057412683963775635,0.11687326431274414,5.799091815948486,2.247642993927002,-1.0239146947860718,-0.188871036989294,-0.9444411354662313,0.12114017725210341
2.7045482083340175,31872.613276000004,0.0036641359329223633,0.08866991102695465,0.077850341796875,5.668542861938477,2.2922000885009766,-0.614422082901001,-0.16377415194396153,-0.8859312426859846,0.12388763230728904
2.714602208332508,31872.623330000002,-0.05173826217651367,0.04990655183792114,0.04324716329574585,5.639219284057617,2.3500988483428955,-0.020738769322633743,-0.1343172874960519,-0.8292878939510938,0.13225472868836183
2.724656208330998,31872.633384,-0.018509507179260254,0.06025181710720062,-0.012574613094329834,5.388121604919434,2.636767864227295,0.07914838194847107,-0.101612677138292,-0.7739082540513251,0.14250445186399893
2.7347102083331265,31872.643438000003,0.0627526044845581,0.05968582630157471,0.04470616579055786,4.841722011566162,2.7655880451202393,-0.12744474411010742,-0.0700473762246047,-0.7226200945268499,0.14833661251700073
2.744764208331617,31872.653492,0.06392884254455566,0.043220154941082,0.07555675506591797,4.440934181213379,2.5430126190185547,-0.1791718751192093,-0.042905657667866186,-0.6761440283317457,0.14932661535062727
2.754818208333745,31872.663546000003,0.021557986736297607,0.03728930652141571,0.05067706108093262,4.109175682067871,2.2179954051971436,-0.09266574680805206,-0.018691879314284558,-0.6329031781550162,0.14941949765544152
2.764873208332574,31872.673601000002,-0.023765265941619873,0.03954422473907471,0.03986465930938721,3.5939762592315674,1.8118245601654053,-0.07458098977804184,0.0015049071591216,-0.5942629251512395,0.14882312876114684
2.7749272083310643,31872.683655,-0.041623055934906006,0.0438106507062912,0.04112875461578369,3.249236583709717,1.2755757570266724,-0.013522429391741753,0.01653419900668222,-0.5599634908724932,0.14791719622814803
2.7849812083331926,31872.693709000003,-0.02926766872406006,0.021860182285308838,0.03195202350616455,2.827491044998169,0.8771112561225891,0.22591912746429443,0.027478432782228963,-0.5292628763859109,0.14815613469458563
2.795035208331683,31872.703763,-0.018642663955688477,0.019509995356202126,0.06836056709289551,2.5384371280670166,0.7729214429855347,0.4964084029197693,0.03718121587178353,-0.5023079991536874,0.1514458069387317
2.8050892083338113,31872.713817000003,-0.025824785232543945,0.013523731380701065,0.021153271198272705,2.409203290939331,0.9823981523513794,0.5830978155136108,0.04844600962673575,-0.47724166882395685,0.15647932422988675
2.8151432083323016,31872.723871000002,-0.007011473178863525,-0.009365823119878769,0.023126304149627686,2.3097496032714844,0.9664157032966614,0.5183709859848022,0.060667491985520045,-0.4534428956176407,0.16140550846949883
2.825197208330792,31872.733925,0.036803483963012695,0.008097171783447266,0.01667618751525879,2.663029909133911,0.9180281758308411,0.010176055133342743,0.0704795929354771,-0.428808890897015,0.16282870665001106
2.83525120833292,31872.743979000003,0.04660266637802124,0.043667785823345184,0.031064987182617188,3.29441499710083,1.108353614807129,-0.5914765000343323,0.07834687030502976,-0.3991195840194322,0.15723240856544426
2.8453052083314105,31872.754033,0.004261374473571777,0.07190897315740585,0.07690733671188354,3.911271810531616,1.3306430578231812,-0.9596078395843506,0.08611887301342888,-0.3635522412048649,0.14549997917542679
2.8553602083338774,31872.764088000004,-0.02123868465423584,0.08477549254894257,0.017624378204345703,3.946828842163086,1.2067885398864746,-1.0923168659210205,0.09419455371803154,-0.3245873481855075,0.1306325061861925
2.8654142083323677,31872.774142000002,-0.02147495746612549,0.07843095064163208,-0.010276973247528076,3.380478858947754,0.7509050965309143,-1.0404725074768066,0.09976721724445776,-0.2888680017970107,0.11547327884287148
2.875468208330858,31872.784196,-0.01110154390335083,0.05227968096733093,-0.0233423113822937,2.642237663269043,0.13707657158374786,-0.794272243976593,0.10039889999023345,-0.25971769798365046,0.10273471896084196
2.8855222083329863,31872.794250000003,-0.015076875686645508,0.022767692804336548,0.008815228939056396,2.2062811851501465,0.033995334059000015,-0.5182628631591797,0.09882822350406463,-0.23634697146895786,0.093572147723916
2.8955762083314767,31872.804304,-0.0105857253074646,0.012740343809127808,0.04460036754608154,1.9950637817382812,0.03608298301696777,-0.3605768084526062,0.09779186584255961,-0.21579938401115195,0.0869563931637818
2.905630208333605,31872.814358000003,0.005931735038757324,-0.009047061204910278,0.07852733135223389,1.8070886135101318,-0.1025213673710823,-0.14405369758605957,0.09656351128414013,-0.19698215561824592,0.0824732815336311
2.9156842083320953,31872.824412,0.022717654705047607,-0.022445708513259888,0.08622348308563232,1.5099260807037354,-0.09272253513336182,0.007827174849808216,0.09502340963383321,-0.18042464698643654,0.08017991481426424
2.9257382083305856,31872.834466,0.03040832281112671,-0.029643148183822632,0.06080883741378784,1.193099856376648,-0.1534789502620697,0.15643088519573212,0.09382049830827839,-0.16676703424517203,0.07973016011563337
2.935792208332714,31872.844520000002,0.01916605234146118,-0.0407184362411499,0.009234786033630371,0.7051576375961304,-0.38704484701156616,0.2556248605251312,0.09132736153518457,-0.15705625453202554,0.0809804139333441
2.9458462083312043,31872.854574,0.01248079538345337,0.004847437143325806,0.0045542120933532715,0.6560091376304626,-0.4781399965286255,-0.04771123826503754,0.08684766956360476,-0.15053899286825675,0.0818367967601939
2.955901208333671,31872.864629000003,0.03555905818939209,0.06063374876976013,-0.009861230850219727,1.2005102634429932,-0.2644878923892975,-0.39048534631729126,0.08257474055324733,-0.1417031766680574,0.07872312395534597
2.9659552083321614,31872.874683000002,0.0037150979042053223,0.03255510330200195,-0.040611088275909424,1.4926835298538208,-0.0879119262099266,-0.5458035469055176,0.08007973268043889,-0.1280946525988909,0.07269968829781955
2.9760092083306517,31872.884737,-0.00997382402420044,0.02115809917449951,-0.0256044864654541,1.1331841945648193,-0.13026098906993866,-0.4683729410171509,0.0783755347114043,-0.11503109456007198,0.0663756053638752
2.98606320833278,31872.894791000002,0.0029961466789245605,-0.025009214878082275,-0.002438068389892578,0.4279976785182953,-0.24690371751785278,-0.30629420280456543,0.07581010299975188,-0.10751427413721189,0.06186764967439375
2.9961172083312704,31872.904845,-0.013322412967681885,-0.028926372528076172,0.03098440170288086,0.03595295175909996,-0.2616424262523651,-0.20922330021858215,0.073022997540389,-0.1056069591487245,0.05916517548280742
3.0061712083333987,31872.914899000003,-0.012474536895751953,-0.010070174932479858,0.016481757164001465,-0.15467305481433868,-0.3213578462600708,-0.15151679515838623,0.0699223962368393,-0.10635951620361016,0.05741562299354275
3.016225208331889,31872.924953,0.00033599138259887695,-0.009513527154922485,0.008486449718475342,-0.30272454023361206,-0.3868548274040222,-0.10232579708099365,0.0662289050991822,-0.10876378700591441,0.056328113718086874
3.0262792083340173,31872.935007000004,-0.004037618637084961,-0.005949944257736206,0.0008828639984130859,-0.43014732003211975,-0.3978329002857208,-0.07397539168596268,0.06209321200685872,-0.11256922532000135,0.055654801306202685
3.0363332083325076,31872.945061000002,-0.002281010150909424,-0.008478701114654541,-0.022423148155212402,-0.3723604381084442,-0.23475797474384308,0.024300049990415573,0.05890405570287287,-0.11665828754780719,0.05557581816862099
3.046387208330998,31872.955115,-0.020958304405212402,-0.009917259216308594,-0.029757261276245117,-0.46761637926101685,-0.10178633034229279,0.19078022241592407,0.057359529645317736,-0.12070798136415942,0.056937572021094895
3.056442208333465,31872.965170000003,-0.018167614936828613,-0.010921508073806763,-0.011906266212463379,-0.5323019623756409,0.0019840034656226635,0.2909832298755646,0.05723597314056559,-0.1256663412955852,0.05968006112398232
3.066496208331955,31872.975224,-0.024635255336761475,-0.011484026908874512,-0.028704404830932617,-0.6082051992416382,0.09334374219179153,0.3560139536857605,0.05821686994562389,-0.13113257817342344,0.06333140432669762
3.0765502083340834,31872.985278000004,-0.023215532302856445,0.004131525754928589,-0.024680376052856445,-0.7064867615699768,0.07604172080755234,0.2814590334892273,0.05965831355073223,-0.13763042103339865,0.06706553840473972
3.0866042083325738,31872.995332000002,-0.010610401630401611,0.022976666688919067,-0.016540825366973877,-0.5674137473106384,0.059233177453279495,0.035661257803440094,0.060534652943636844,-0.1440741595566012,0.06910383204178372
3.096658208331064,31873.005386,-0.010233044624328613,0.018308550119400024,-0.01165783405303955,-0.346620112657547,0.08157017827033997,-0.22268107533454895,0.06114243398041457,-0.14868651162247787,0.06834242327044486
3.1067122083331924,31873.015440000003,-0.02454233169555664,0.013768047094345093,-0.026991546154022217,-0.2308504283428192,0.07219172269105911,-0.2777996361255646,0.06151313613824071,-0.1516671571077448,0.0658959418179059
3.1167662083316827,31873.025494,-0.02607351541519165,0.003859877586364746,-0.02681523561477661,-0.24974608421325684,0.10518855601549149,-0.2849403917789459,0.0619675571800527,-0.15414416239149079,0.0631629298845905
3.126820208333811,31873.035548000003,-0.0077912211418151855,-0.004614919424057007,-0.016954660415649414,-0.3210350573062897,0.14036796987056732,-0.3241390585899353,0.06272913648357976,-0.15727089457233046,0.060330717141293115
3.1368742083323014,31873.045602000002,0.0020411014556884766,0.014210700988769531,-0.012865424156188965,-0.23804375529289246,0.3088802993297577,-0.4139581620693207,0.06438531664229401,-0.1603926104518613,0.05678552323374345
3.1469282083307917,31873.055656,0.0022686123847961426,0.003916412591934204,0.0026904940605163574,-0.25047191977500916,0.31408464908599854,-0.2833511531352997,0.06707500730731282,-0.16288194133710146,0.05319165264736267
3.1569832083332585,31873.065711000003,-0.002088189125061035,-0.02483445405960083,0.014568090438842773,-0.4201182425022125,0.21058034896850586,-0.04021092504262924,0.06949881094693729,-0.16645751713281093,0.05184092884970047
3.167037208331749,31873.075765,0.01000523567199707,-0.0236855149269104,0.012341737747192383,-0.28865236043930054,0.228742316365242,0.03575920686125755,0.07176480445770218,-0.17016972357590035,0.05223026397101557
3.177091208333877,31873.085819000004,0.013342678546905518,-0.006502002477645874,0.014322519302368164,-0.1434890180826187,0.1692989617586136,0.011588622815907001,0.07391049764386966,-0.17218513310222772,0.052595858850441816
3.1871452083323675,31873.095873000002,0.01451653242111206,-0.006317347288131714,0.017535090446472168,-0.21093304455280304,0.04627876356244087,0.05632679909467697,0.07499340881345654,-0.17383291751454097,0.0529957134286355
3.197199208330858,31873.105927,0.012298643589019775,-0.01886346936225891,0.02339780330657959,-0.34645307064056396,0.058271508663892746,0.13398882746696472,0.07567888531340379,-0.17657493894124712,0.054221643976031575
3.207253208332986,31873.115981000003,0.0067389607429504395,-0.0073359012603759766,0.015585839748382568,-0.40738871693611145,0.09227275848388672,0.13222256302833557,0.0767555023815269,-0.18030482648275534,0.05595841011315404
3.2173072083314764,31873.126035,0.014433145523071289,0.0036587417125701904,0.003688335418701172,-0.32844164967536926,0.14397230744361877,0.04960727319121361,0.07813699673172378,-0.18399224258089955,0.05714520290035322
3.2273612083336047,31873.136089000003,0.011320352554321289,0.019457995891571045,0.006251990795135498,-0.20208673179149628,0.23489074409008026,-0.013756627216935158,0.0800634275553268,-0.18658367962273947,0.05754029008373307
3.237415208332095,31873.146143,-0.0019199848175048828,0.022676587104797363,0.01674830913543701,-0.1416902393102646,0.3310018479824066,-0.045099902898073196,0.08288849475093583,-0.18828436222912753,0.057361075416953344
3.247470208330924,31873.156198,0.006682157516479492,-0.0006757378578186035,0.010245025157928467,-0.2293836921453476,0.4472578763961792,-0.06302627921104431,0.0867293866705564,-0.1900499792086719,0.0569548284707233
3.2575242083330522,31873.166252000003,0.016662180423736572,-0.007328540086746216,0.02971827983856201,-0.5859870910644531,0.5351110100746155,0.03073137253522873,0.09163526862647561,-0.19398004006262864,0.05708171216030621
3.2675782083315426,31873.176306,0.02946394681930542,-0.0136260986328125,0.048912763595581055,-1.0875722169876099,0.7259942889213562,0.13894878327846527,0.09825230716493132,-0.20227757295305948,0.05879619995226524
3.277632208333671,31873.186360000003,0.03504312038421631,-0.007357984781265259,0.038642823696136475,-1.3651868104934692,0.9683787226676941,0.1704513132572174,0.10740871828081121,-0.21466097621343486,0.061766268244178885
3.287686208332161,31873.196414000002,0.014384150505065918,0.004465311765670776,0.006617367267608643,-1.2534189224243164,1.149757981300354,0.1458343118429184,0.11882748150463898,-0.22769764708972437,0.06496465743860808
3.2977402083306515,31873.206468,-0.014756917953491211,0.00788143277168274,-0.0006725788116455078,-1.1927098035812378,1.2198591232299805,0.18795806169509888,0.13155305759998706,-0.23962434615141484,0.06810572081251841
3.30779420833278,31873.216522000002,-0.022550225257873535,-0.012329727411270142,0.007254838943481445,-1.1712052822113037,1.3136118650436401,0.2739216685295105,0.14523226223218466,-0.2510744347662321,0.07220438444039862
3.31784820833127,31873.226576,-0.020770907402038574,-0.010160133242607117,-0.008288979530334473,-1.1380641460418701,1.4765124320983887,0.36985936760902405,0.16048669471939747,-0.2620342674005902,0.07730410856396894
3.3279022083333984,31873.236630000003,-0.023884177207946777,0.010791495442390442,-0.013425469398498535,-1.1267427206039429,1.7547008991241455,0.4791737198829651,0.17839799961095612,-0.27253642940263356,0.08363189637862183
3.3379562083318888,31873.246684,-0.028870701789855957,0.02092084288597107,-0.00876474380493164,-1.0604305267333984,2.1521947383880615,0.48590031266212463,0.19986297837936004,-0.2825273477211349,0.09092327599726141
3.3480112083307176,31873.256739,-0.021551907062530518,0.03353811800479889,0.005805611610412598,-0.7503597736358643,2.846304416656494,0.33498620986938477,0.22642692307682033,-0.2907485566934736,0.09720594745052871
3.358065208332846,31873.266793000003,-0.027421146631240845,0.013069108128547668,-0.02843320369720459,-0.11795192211866379,4.0614166259765625,0.1461515724658966,0.2616338363191703,-0.29453238812564403,0.10070785967568893
3.3681192083313363,31873.276847,-0.09063974022865295,0.03486400842666626,-0.06529366970062256,-0.3208884596824646,4.8642096519470215,0.2872360050678253,0.30724726295978705,-0.29540996813744436,0.10338421478900749
3.3781732083334646,31873.286901000003,-0.1491098701953888,0.06521071493625641,-0.004216134548187256,-0.9377679228782654,5.698855876922607,0.3839433789253235,0.36240540230268625,-0.3000928936911428,0.10885105220015241
3.388227208331955,31873.296955,-0.15661302208900452,0.05041782557964325,-0.02735114097595215,-1.4557266235351562,6.083084583282471,0.4478956460952759,0.42454611712868734,-0.3096179929515151,0.11774584308641801
3.398281208334083,31873.307009000004,-0.11896243691444397,0.041082412004470825,-0.00154876708984375,-1.7690616846084595,6.515111446380615,0.46067455410957336,0.4916906498304134,-0.32222736775128225,0.1295543267306628
3.4083352083325735,31873.317063000002,-0.09062473475933075,-0.0014701932668685913,0.059435367584228516,-2.0704498291015625,7.02431058883667,0.590923547744751,0.5643558850009389,-0.3362498006682691,0.14461904052052976
3.418389208331064,31873.327117,-0.08516290783882141,-0.021933048963546753,0.07893890142440796,-2.5055387020111084,7.229268550872803,0.8338469862937927,0.6432364382107216,-0.3510828654602875,0.16479005014225484
3.428443208333192,31873.337171000003,-0.04929546266794205,-0.04536246508359909,0.06342864036560059,-2.304521322250366,7.064634323120117,1.0964312553405762,0.7241340662770627,-0.36413423499731423,0.18960963418121488
3.438498208332021,31873.347226,-0.0569290891289711,-0.07682175189256668,-0.035929858684539795,-1.337180495262146,6.58121395111084,1.3677364587783813,0.801087391112608,-0.3692565358290978,0.21281517289343949
3.4485522083305113,31873.35728,-0.07123098522424698,-0.09855635464191437,-0.03304511308670044,-0.5785885453224182,6.401975154876709,1.7318814992904663,0.8725296106214706,-0.3635828901496306,0.23121548296556493
3.4586062083326397,31873.367334000002,-0.12380356341600418,-0.040166184306144714,-0.069973886013031,-0.5401724576950073,6.37746000289917,1.9286893606185913,0.9426652480229448,-0.35247501654981456,0.24796317349811794
3.46866020833113,31873.377388,-0.15679879486560822,0.03443454951047897,-0.07844686508178711,-0.5361589789390564,6.338395118713379,2.0123472213745117,1.0123678956784412,-0.3391623773303254,0.26457615833141157
3.4787142083332583,31873.387442000003,-0.11126723885536194,0.06575139611959457,-0.11440891027450562,-0.46478331089019775,6.231731414794922,1.9986867904663086,1.0804039891949013,-0.3238510025131347,0.2797559623628188
3.4887675833306275,31873.397495375,-0.08550378680229187,0.06038029119372368,-0.10080182552337646,-0.7144344449043274,5.929377555847168,1.891682744026184,1.1462350596340973,-0.30883587869430373,0.29451651515258664
3.498821583332756,31873.407549375002,-0.13052073121070862,0.06094846501946449,0.024319767951965332,-0.5618811249732971,5.353214263916016,1.5771722793579102,1.206939152437473,-0.29525800768756794,0.3081497818157102
3.508875583331246,31873.417603375,-0.09662690758705139,-0.022601842880249023,0.09660476446151733,-0.020708683878183365,4.838075160980225,1.0851954221725464,1.260366180211463,-0.2836510328730631,0.31577875484674606
3.5189295833333745,31873.427657375003,-0.05282515287399292,-0.12497402727603912,0.0875856876373291,0.0562920905649662,4.222532272338867,1.0330626964569092,1.3066093247682904,-0.27365661882087433,0.3182152920561009
3.5289845833322033,31873.437712375002,-0.04389524459838867,-0.09715662151575089,-0.04109674692153931,-0.14507471024990082,3.3016176223754883,1.1644201278686523,1.3454391106951016,-0.2630993176048793,0.3217102658596719
3.5390385833306937,31873.447766375,0.02846240997314453,-0.08317823708057404,-0.20200663805007935,0.1676560342311859,2.6360185146331787,1.3963418006896973,1.37550364285391,-0.25076884946181205,0.32444608132616165
3.549092583332822,31873.457820375002,-0.0006226897239685059,-0.05081430822610855,-0.09990948438644409,0.19379794597625732,2.381265640258789,1.4117587804794312,1.4008366665958976,-0.23616290458530484,0.32499186319287116
3.5591465833313123,31873.467874375,-0.04792982339859009,0.07772880792617798,-0.0173642635345459,-0.11333511024713516,2.018583059310913,1.0300532579421997,1.423662937872096,-0.2237316385916678,0.3264971634285578
3.5692005833334406,31873.477928375003,-0.07797527313232422,0.06346351653337479,0.0002516508102416992,-0.19228985905647278,1.542107343673706,0.733345627784729,1.4420560772453006,-0.215362292495891,0.32988509624142964
3.579254583331931,31873.487982375,-0.017171800136566162,0.0002582073211669922,0.017041146755218506,0.029552534222602844,1.3220559358596802,0.38120678067207336,1.4566320681069072,-0.20976248094134264,0.3312257395474397
3.589308583334059,31873.498036375004,0.024187326431274414,-0.021810121834278107,0.028989315032958984,0.2066020965576172,1.3074218034744263,0.13279731571674347,1.4694824805178417,-0.20714146085755641,0.3301787889066993
3.5993625833325495,31873.508090375002,0.056168317794799805,-0.0033645331859588623,0.048595130443573,0.027473891153931618,1.2293967008590698,-0.16665197908878326,1.4821591551344244,-0.20710024775081803,0.3287427013098167
3.60941658333104,31873.518144375,-0.03919428586959839,0.02401304990053177,0.08832287788391113,-0.17082330584526062,1.2294830083847046,-0.2951186001300812,1.4944851149417677,-0.20972077515469104,0.3294580815044411
3.6194715833335067,31873.528199375003,-0.07991814613342285,-0.005582548677921295,0.09004169702529907,-0.05432518944144249,1.2399636507034302,-0.2082662731409073,1.5069466901169013,-0.2126392330059121,0.3308391631985196
3.629525583331997,31873.538253375,-0.011559724807739258,-0.13408032059669495,0.033730268478393555,0.4793093502521515,1.3659658432006836,-0.024955566972494125,1.5194749251508393,-0.21341325226088276,0.3286543016583338
3.6395795833304874,31873.548307375,-0.023850739002227783,-0.06406579166650772,-0.07046139240264893,0.7069499492645264,1.6019279956817627,-0.14683833718299866,1.5331008100852135,-0.2139051925995812,0.3220550643462175
3.6496335833326157,31873.558361375002,-0.06951504945755005,0.05347711592912674,-0.05713152885437012,0.5661492347717285,1.6316156387329102,-0.45035040378570557,1.5476803471918,-0.21673043431606198,0.31526670873645707
3.659687583331106,31873.568415375,-0.02228677272796631,0.08032724261283875,0.0011563301086425781,0.3162277936935425,1.5048829317092896,-0.7872514724731445,1.5626501221001374,-0.22264756909298913,0.31089121765198646
3.6697415833332343,31873.578469375003,-0.09502142667770386,0.07271526008844376,-0.02797567844390869,0.1824345886707306,1.4923521280288696,-1.198697805404663,1.5770575668622018,-0.2327102683983275,0.308558783961147
3.6797955833317246,31873.588523375,-0.15257269144058228,0.034450821578502655,-0.015295028686523438,0.5069242119789124,1.4612923860549927,-1.5428394079208374,1.591156049485461,-0.24660345148866822,0.30530704480389603
3.689849583333853,31873.598577375004,-0.17184239625930786,-0.0024290233850479126,-0.013064980506896973,0.7455321550369263,1.5016039609909058,-1.7908681631088257,1.6046620849106603,-0.2632551429469635,0.2991605779316521
3.6999035833323433,31873.608631375002,-0.16776245832443237,-0.003882758319377899,-0.013074040412902832,0.7826848030090332,1.4908785820007324,-2.080321788787842,1.617813742661417,-0.2832528153035091,0.29201326307455144
3.709958583331172,31873.618686375,-0.13049805164337158,0.07651958614587784,0.06354933977127075,1.2323285341262817,1.3597630262374878,-1.8236533403396606,1.6290366309777187,-0.3038188685238409,0.28256864593813685
3.7200125833333004,31873.628740375003,0.03219890594482422,0.0723954364657402,0.048546016216278076,1.265351414680481,1.6769641637802124,-1.2196553945541382,1.6401164154759142,-0.3197372377837456,0.26988877641702025
3.7300665833317908,31873.638794375,0.05440342426300049,-0.02337518334388733,-0.04045593738555908,1.075377106666565,2.059852361679077,-0.8631285429000854,1.6554139988387384,-0.3308883761674506,0.25829538526209517
3.740120583333919,31873.648848375004,0.07347661256790161,0.037866123020648956,-0.028292953968048096,0.7667258381843567,2.1380600929260254,-0.8046367764472961,1.673683619724705,-0.33996424442929424,0.2491419119181282
3.7501745833324094,31873.658902375002,0.10046637058258057,0.05447091907262802,-0.055101990699768066,0.24998542666435242,1.825263261795044,-0.8939390778541565,1.6923217828318515,-0.3489834300207393,0.24464041135671066
3.7602285833308997,31873.668956375,0.06728649139404297,0.027625728398561478,-0.08719384670257568,-0.00236691627651453,1.4237903356552124,-0.9885257482528687,1.7086706754544092,-0.35846553297013317,0.24483819362206918
3.770282583333028,31873.679010375003,0.08218169212341309,-0.02916739135980606,-0.07948470115661621,-0.15388430655002594,1.3696386814117432,-1.0623077154159546,1.7232306824607855,-0.368703571889528,0.24731602945790215
3.7803365833315183,31873.689064375,-0.0023640990257263184,-0.006573665887117386,-0.014585733413696289,-0.2231890857219696,1.701572060585022,-1.0971004962921143,1.7400714471072398,-0.3790515300019709,0.25107314168136763
3.7903905833336466,31873.699118375003,-0.07130014896392822,-0.017571160569787025,0.011321544647216797,-0.3928065896034241,1.9436249732971191,-1.0695708990097046,1.7607393889401526,-0.38930957044235787,0.2564616704409307
3.800444583332137,31873.709172375,-0.05183476209640503,-0.004808785393834114,0.0022046566009521484,-0.5423417687416077,2.1901791095733643,-0.81020587682724,1.7844240541709617,-0.39783045627155,0.26353540146184073
3.810499583330966,31873.719227375,0.011916041374206543,-0.01948116347193718,-0.020495891571044922,-0.32988885045051575,2.081852674484253,-0.33417147397994995,1.8085931301060283,-0.40241131983738754,0.2698261865033462
3.820553583333094,31873.729281375003,0.05105704069137573,-0.07730688154697418,-0.05438476800918579,0.15641659498214722,2.1422078609466553,0.054722219705581665,1.8301427657211993,-0.4033896679828808,0.27116211392548695
3.8306075833315845,31873.739335375,0.042758941650390625,-0.0453241690993309,-0.061371803283691406,0.6794081926345825,2.229548931121826,0.17969945073127747,1.850040009575006,-0.40326768769640753,0.26627149472746836
3.8406615833337128,31873.749389375003,-0.03638577461242676,0.025995679199695587,-0.0370560884475708,0.8589034080505371,2.505180597305298,0.1021559089422226,1.8703120980785175,-0.4041609613549786,0.2573311490709894
3.850715583332203,31873.759443375002,-0.05862843990325928,0.02035057358443737,0.005978047847747803,0.6503231525421143,2.716209888458252,-0.050652436912059784,1.8933619406480802,-0.4062256726721472,0.24918357333778596
3.8607695833306934,31873.769497375,-0.03882569074630737,0.0052376799285411835,0.062104761600494385,0.21253645420074463,2.724400520324707,-0.010471991263329983,1.9191072566647662,-0.40792492927466595,0.24474074224639641
3.8708235833328217,31873.779551375002,-0.0142708420753479,0.031419798731803894,0.05289345979690552,-0.3758167326450348,2.7309341430664062,-0.0289091095328331,1.9466557063574237,-0.40786567895379006,0.2455806431038751
3.880877583331312,31873.789605375,0.01875537633895874,0.015859872102737427,0.04321274161338806,-0.863078773021698,2.5565457344055176,-0.05642755329608917,1.9761553182389038,-0.405753028289122,0.25217613907740666
3.890932583333779,31873.799660375003,0.046859800815582275,-0.03677792847156525,0.005452454090118408,-1.3532601594924927,1.9888547658920288,-0.06152830272912979,2.003782734003539,-0.4017071047842805,0.26343221944468675
3.900986583332269,31873.809714375002,0.0200498104095459,-0.04203873500227928,-0.0012756586074829102,-1.4546362161636353,1.561211347579956,-0.08796843141317368,2.027039594870638,-0.39621565941136055,0.2775470606379089
3.9110405833307595,31873.819768375,0.023401975631713867,-0.018236326053738594,-0.06263113021850586,-1.701378345489502,1.44779372215271,-0.05248154327273369,2.0479670398345324,-0.38976933855671986,0.29324706239092174
3.921094583332888,31873.829822375003,0.022244930267333984,0.016771947965025902,-0.05015549063682556,-1.9486896991729736,1.531711459159851,-0.0033326423726975918,2.069596913936255,-0.38139566413720727,0.31104793162903377
3.931148583331378,31873.839876375,0.022780120372772217,0.037778303027153015,-0.008580058813095093,-1.5423277616500854,1.738825798034668,0.23466171324253082,2.0922111079097934,-0.3716257587948192,0.32736500507447047
3.9412025833335065,31873.849930375003,0.04950016736984253,-0.006373897194862366,-0.0004468858242034912,-0.6862687468528748,1.9397639036178589,0.5571401119232178,2.1138748038851616,-0.3624203538723956,0.33579836643868727
3.951256583331997,31873.859984375,0.0622597336769104,-0.04170417785644531,-0.0014509260654449463,0.07122661173343658,1.6976344585418701,0.7127842307090759,2.131978145162684,-0.355437404727705,0.3345486606617211
3.961310583330487,31873.870038375,-0.012962639331817627,-0.014344344846904278,-0.005287140607833862,0.17165547609329224,1.453898549079895,0.6210266351699829,2.1460521228167204,-0.3503758101040744,0.3294819343547753
3.9713645833326154,31873.880092375002,-0.03744548559188843,-0.04716556891798973,-0.03980007767677307,0.11059784889221191,1.2040963172912598,0.5250056385993958,2.1577043944206458,-0.34639338686469096,0.3247761632880036
3.9814185833311058,31873.890146375,-0.006236910820007324,-0.07354992628097534,-0.0073076337575912476,-0.19986094534397125,1.0253784656524658,0.642505407333374,2.1679207043093967,-0.3412248875520449,0.32173794419972723
3.9914735833335726,31873.900201375003,-0.04053992033004761,-0.0743824690580368,-0.007460057735443115,-0.16494429111480713,0.9214580655097961,0.6308403611183167,2.176922235512517,-0.33467021686342435,0.3196096213344518
4.001527583332063,31873.910255375,-0.09444290399551392,-0.04025805741548538,0.0012218952178955078,-0.3007314205169678,0.976241409778595,0.6058743000030518,2.1858268959160903,-0.3281913887180107,0.31787142218209447
4.011581583330553,31873.920309375,-0.08160549402236938,-0.0056670475751161575,0.0430293083190918,-0.5541171431541443,1.0408843755722046,0.3379397988319397,2.1961945059037946,-0.32181611726866177,0.3184397911943545
4.021635583332682,31873.930363375002,-0.07240206003189087,0.005347700789570808,0.06618300080299377,-0.8319780826568604,1.136663556098938,0.049657683819532394,2.208626113138998,-0.31602063737321967,0.32333627828299283
4.031689583331172,31873.940417375,-0.04242408275604248,-0.013091625645756721,0.036833107471466064,-0.9696642756462097,1.0900967121124268,-0.1115938201546669,2.2224228177970797,-0.310826394798734,0.33139423905921506
4.0417435833333,31873.950471375003,-0.03862243890762329,-0.031108101829886436,-0.01445777714252472,-0.8626728653907776,0.819370448589325,-0.13440406322479248,2.2347062928689896,-0.3061346328182056,0.3399282370534469
4.0517975833317905,31873.960525375,-0.02262425422668457,-0.038327790796756744,-0.06030161678791046,-0.48926714062690735,0.47333675622940063,-0.07180227339267731,2.2429427382628178,-0.3026634566435513,0.34642063009870483
4.061851583333919,31873.970579375004,-0.021912693977355957,-0.028780872002243996,-0.062463030219078064,-0.15607480704784393,0.28119075298309326,-0.038399845361709595,2.2474475765727586,-0.30115428758735024,0.3490113199711625
4.071905583332409,31873.980633375002,-0.02848297357559204,0.008986739441752434,-0.017826855182647705,-0.2294914573431015,0.3338085412979126,-0.09381966292858124,2.25096694460991,-0.3004640246415225,0.35103390948126323
4.081960583331238,31873.990688375,-0.01815497875213623,0.023972472175955772,0.024073705077171326,-0.26531898975372314,0.5819715261459351,-0.13577324151992798,2.256292793578614,-0.29980728624199404,0.3538915673893633
4.092014583333366,31874.000742375003,-0.029876232147216797,0.020542096346616745,-0.002297043800354004,-0.16991360485553741,0.9504584074020386,-0.040636125952005386,2.2647320551919066,-0.298941884133145,0.3563205064083658
4.102068583331857,31874.010796375,-0.0453147292137146,0.03257296606898308,-0.030804812908172607,-0.310425728559494,1.2384324073791504,0.11097843199968338,2.276294856430036,-0.2968364938926504,0.35825842635130145
4.112122583333985,31874.020850375004,0.0017184615135192871,0.035915978252887726,-0.037285566329956055,-0.4067710340023041,1.2534288167953491,0.13840359449386597,2.2896051769903343,-0.29342368562980276,0.3603688138001403
4.122176583332475,31874.030904375002,0.019766926765441895,-0.004745300859212875,-0.057440996170043945,-0.3189927041530609,0.9991453886032104,0.13733753561973572,2.301643746892289,-0.2900008907118614,0.3621640811187104
4.132230583330966,31874.040958375,0.02741152048110962,-0.014807013794779778,-0.0348355770111084,-0.3091374933719635,0.5472570657730103,-0.00963759608566761,2.310089319661774,-0.2872789467379981,0.3642412450474117
4.142284583333094,31874.051012375003,0.03532290458679199,-0.023954477161169052,-0.008523166179656982,-0.16312304139137268,0.12997539341449738,-0.22685247659683228,2.3140664698936693,-0.2864969122731794,0.3668634954667803
4.152338583331584,31874.061066375,0.03008270263671875,-0.01718924567103386,0.011855050921440125,-0.12202336639165878,-0.06998352706432343,-0.36161479353904724,2.315123959098653,-0.2878393496368126,0.37005870031553145
4.1623925833337125,31874.071120375003,0.018146216869354248,-0.02137180045247078,0.013252481818199158,-0.1884916126728058,-0.1096222847700119,-0.3331621289253235,2.3151737421392844,-0.2894254994062881,0.3737586317309131
4.172447583332541,31874.081175375002,0.005747437477111816,-0.011159270070493221,0.01305168867111206,-0.21419838070869446,-0.11926053464412689,-0.27666112780570984,2.3151789460782055,-0.2902776672678216,0.3775181867512699
4.182501583331032,31874.091229375,0.010512948036193848,-0.016415927559137344,0.0020279884338378906,-0.1695651412010193,-0.23174606263637543,-0.2503424286842346,2.314435364292434,-0.2908584436273531,0.38086432664205344
4.19255558333316,31874.101283375003,-0.015095353126525879,-0.022600090131163597,-0.0057032108306884766,-0.06009026616811752,-0.41153937578201294,-0.2877007722854614,2.3125925223549526,-0.29232669331237665,0.384189677987526
4.20260958333165,31874.111337375,0.03787589073181152,-0.02246800810098648,-0.028367996215820312,0.10359959304332733,-0.6456466913223267,-0.2045624703168869,2.3077896764085497,-0.2942591834613438,0.3858068683809703
4.212663583333779,31874.121391375003,0.019629299640655518,0.0012544963974505663,-0.03609609603881836,0.27774083614349365,-0.8089807629585266,-0.0871841311454773,2.300370168967598,-0.2964878410591907,0.38529797770217294
4.222717583332269,31874.131445375002,0.018285751342773438,0.012878620997071266,-0.05013398826122284,0.39111295342445374,-0.9603782296180725,-0.08685736358165741,2.290809297204403,-0.299160312182398,0.3830483022281659
4.232771583330759,31874.141499375,-0.031980931758880615,-0.005576869938522577,-0.005565941333770752,0.42889201641082764,-1.1021047830581665,-0.08364500105381012,2.2796533950710067,-0.30262164677091347,0.380305248028863
4.242825583332888,31874.151553375003,-0.019541442394256592,-0.01613319292664528,0.032473862171173096,0.4152747392654419,-1.272950530052185,-0.1307065188884735,2.266908097587135,-0.3061518218878747,0.3776678920407883
4.2528805833317165,31874.161608375,-0.04558664560317993,-0.030270440503954887,0.037861570715904236,0.4856756329536438,-1.5019526481628418,-0.2050664871931076,2.2521830727902077,-0.3103119967588928,0.3751036713734222
4.262934583333845,31874.171662375004,-0.029802978038787842,-0.033783163875341415,0.04747968912124634,0.46852993965148926,-1.7008156776428223,-0.1930883824825287,2.235283245271918,-0.31500039296488436,0.37249249804376044
4.272988583332335,31874.181716375002,0.02700626850128174,-0.008039993233978748,0.02958962321281433,0.42804351449012756,-1.953441858291626,-0.03393643721938133,2.21596071488821,-0.3186290327606682,0.36953135377026236
4.283042583330825,31874.191770375,0.055960893630981445,-9.906594641506672e-05,-0.01924842596054077,0.5080557465553284,-2.234663486480713,0.07229012995958328,2.193654632505958,-0.3210346477596461,0.36547822638772254
4.293096583332954,31874.201824375003,0.03548938035964966,0.007069846615195274,-0.05430281162261963,0.8042270541191101,-2.510624885559082,0.10845132917165756,2.167831819250475,-0.3241667837414128,0.35929727468608313
4.303150583331444,31874.211878375,0.03847378492355347,-0.012918670661747456,-0.06896290183067322,1.005804419517517,-2.650022506713867,0.2166004329919815,2.1390763953847887,-0.32786409030399793,0.350264501280771
4.313204583333572,31874.221932375003,0.0350380539894104,-0.0037243086844682693,-0.037999123334884644,1.0323758125305176,-2.888502597808838,0.4160216450691223,2.1073571864155793,-0.33021612379179555,0.3393316918171801
4.323258583332063,31874.231986375,0.011104464530944824,0.008473590016365051,0.01597467064857483,1.050785779953003,-2.9256534576416016,0.35989898443222046,2.074419167431258,-0.3320533292621933,0.3275594284620093
4.333312583330553,31874.242040375,-0.0030437111854553223,0.03987448662519455,0.045273810625076294,1.0494720935821533,-3.084946632385254,0.24445924162864685,2.040511617460739,-0.33425776598467866,0.3161729275263722
4.34336758333302,31874.252095375003,-0.01931101083755493,0.02208033762872219,0.03792011737823486,1.0429065227508545,-3.3025901317596436,0.16182774305343628,2.004924144822974,-0.3370720762854386,0.30512634475993083
4.35342158333151,31874.262149375,-0.025328457355499268,-0.006247382611036301,0.013815522193908691,0.966594934463501,-3.4980685710906982,0.05262655019760132,1.9672902419504619,-0.34017154125387244,0.2948416341016926
4.3634755833336385,31874.272203375003,0.0019322633743286133,-0.04326169937849045,0.03657522797584534,0.9107745289802551,-3.802504777908325,-0.03330007568001747,1.927407255700437,-0.3435596931299831,0.2855400572290351
4.373529583332129,31874.282257375,0.04347836971282959,-0.04645713418722153,0.03853219747543335,1.0059139728546143,-3.395491600036621,0.1546521633863449,1.8882078408105476,-0.34608589113693655,0.27554083607721686
4.383583583330619,31874.292311375,0.054788947105407715,-0.022914711385965347,0.017825722694396973,0.8385733962059021,-3.216942071914673,0.24355807900428772,1.851663645933835,-0.34687466446735576,0.26561538369893306
4.3936375833327475,31874.302365375002,0.013139963150024414,-0.03322368487715721,0.019824326038360596,0.718867301940918,-2.964305877685547,0.44391295313835144,1.817329834041902,-0.34568166240257886,0.2566625908808254
4.403691583331238,31874.312419375,-0.03096628189086914,-0.04783511906862259,0.02066516876220703,0.6277163624763489,-2.5652048587799072,0.6838709712028503,1.7866526818061763,-0.3416262348817251,0.24843838348116012
4.413745583333366,31874.322473375003,-0.043139874935150146,0.023465238511562347,0.0070226192474365234,0.6578012108802795,-1.7174129486083984,0.7428730726242065,1.7619702350355346,-0.3357494041808274,0.2401030386079091
4.423799583331856,31874.332527375,-0.01328134536743164,0.06994712352752686,-0.06897962093353271,0.4441762864589691,-1.1519551277160645,0.624260663986206,1.7457109694520359,-0.3298930781284524,0.2330520048153394
4.433854583330685,31874.342582375,-0.020714402198791504,0.014083579182624817,-0.02080380916595459,0.32507798075675964,-1.3655805587768555,0.5043772459030151,1.7319233603453288,-0.3249457840545054,0.2280872546569651
4.443908583332814,31874.352636375002,0.015800774097442627,-0.017737828195095062,0.038522958755493164,-0.05210020765662193,-2.44926381111145,0.5512834787368774,1.711696893901392,-0.32007503946719157,0.2261748126380038
4.453962583331304,31874.362690375,0.022623002529144287,-0.04463896155357361,0.10782760381698608,-0.1963634192943573,-2.5339417457580566,0.18742655217647552,1.6866969208825056,-0.3160190171283118,0.22670819658529745
4.464016583333432,31874.372744375003,-0.02791619300842285,-0.002499595284461975,0.11002451181411743,-0.5471091866493225,-2.9494612216949463,-0.15165191888809204,1.660587996962235,-0.31549909261891573,0.2306739769589063
4.4740705833319225,31874.382798375,-0.016435861587524414,-0.01023140549659729,0.19311636686325073,-0.730867326259613,-3.4977591037750244,-0.4528033137321472,1.6303914619408169,-0.317760151228614,0.2379296007764568
4.484124583334051,31874.392852375004,-0.0382879376411438,-0.009951233863830566,0.19370126724243164,-0.6506955027580261,-3.4931390285491943,-0.8213586807250977,1.597144526348921,-0.3242132197762477,0.24563610577794073
4.494180333331315,31874.402908125,0.040553271770477295,0.013845689594745636,-0.007015049457550049,0.04841477423906326,-2.4388067722320557,-0.6597182750701904,1.5692074570933987,-0.3317255331684625,0.24889433880244213
4.504234333333443,31874.412962125003,0.06101202964782715,0.07755205035209656,-0.17368191480636597,0.3656896650791168,-2.5682637691497803,-0.5753924250602722,1.543054721150348,-0.33762814598239554,0.24644395574155314
4.514289333332272,31874.423017125002,0.027557075023651123,0.05399637669324875,-0.18796312808990479,0.5987350940704346,-2.8427016735076904,-0.8078778982162476,1.5143655886784457,-0.3443848972491653,0.2408925686017749
4.524343333330762,31874.433071125,0.04078567028045654,0.06279395520687103,-0.15500938892364502,0.7079992294311523,-3.2230515480041504,-1.058300495147705,1.4811354205611988,-0.3533739886247506,0.233287003788873
4.53439733333289,31874.443125125003,0.0362628698348999,0.06397593021392822,-0.06320106983184814,0.7923941016197205,-3.4758341312408447,-1.269008994102478,1.444304233133389,-0.36426238299674674,0.22391099235297104
4.544451333331381,31874.453179125,0.06707960367202759,0.03398476541042328,0.0041463375091552734,0.7498218417167664,-3.7271511554718018,-1.323225975036621,1.4040776962562684,-0.37606715366958277,0.21338846499408792
4.554505333333509,31874.463233125003,0.05838191509246826,-0.02694641798734665,0.08962410688400269,0.3399413526058197,-3.6816935539245605,-1.109748363494873,1.3634875515467897,-0.38724352856367966,0.20501600238543896
4.564559333331999,31874.473287125,0.10362899303436279,-0.0459560863673687,0.23958170413970947,-0.41198593378067017,-3.462951183319092,-0.7356058955192566,1.3265607770526986,-0.3963568554854965,0.2029873544790543
4.57461333333049,31874.483341125,0.12712180614471436,-0.03156391158699989,0.3450102210044861,-1.1669971942901611,-2.8530216217041016,-0.5654829740524292,1.2974177475242326,-0.4044659060965093,0.2095571163115919
4.584667333332618,31874.493395125002,0.040942370891571045,-0.021916143596172333,0.3341405391693115,-1.45467209815979,-2.6101016998291016,-0.5533328652381897,1.2750958246728628,-0.4136926286510583,0.22219029284450528
4.594721333331108,31874.503449125,-0.03450921177864075,0.05010566860437393,0.0914011001586914,-1.2444902658462524,-2.5044538974761963,-0.6363689303398132,1.2544506580364707,-0.42364736186906105,0.23453950096682358
4.604776333333575,31874.513504125003,-0.07779181003570557,0.056601881980895996,-0.12776833772659302,-0.53409743309021,-2.542006254196167,-0.7489780187606812,1.232292760526268,-0.43314109582311094,0.24180554743472224
4.6148303333320655,31874.523558125,-0.07892107963562012,0.06673175096511841,-0.2656174898147583,0.36840248107910156,-2.694506883621216,-0.9386047124862671,1.2047294177429975,-0.4413740665016496,0.2394299408507801
4.624884333330556,31874.533612125,-0.09275484085083008,0.015139114111661911,-0.32897084951400757,1.0439313650131226,-2.701561212539673,-0.9886151552200317,1.1722261042034186,-0.4478304384927313,0.22780495420677277
4.634938333332684,31874.543666125002,-0.0055612921714782715,0.02965640276670456,-0.1807442307472229,1.242916464805603,-2.646885395050049,-0.9148877859115601,1.1384059441405339,-0.45163663772458873,0.21166105664068754
4.6449923333311744,31874.553720125,0.021163642406463623,0.0133302491158247,0.005252957344055176,1.0821741819381714,-2.6336452960968018,-1.1659798622131348,1.1045480704539283,-0.4556673576953307,0.1947458407159003
4.655046333333303,31874.563774125003,-0.02994886040687561,-0.025238782167434692,0.14662474393844604,0.7836604118347168,-2.4351108074188232,-1.5881099700927734,1.0715971836666545,-0.463728660076824,0.17830448611118083
4.665100333331793,31874.573828125,-0.036396533250808716,-0.005547899752855301,0.2160029411315918,0.6013728976249695,-2.084681749343872,-1.85093355178833,1.041336813292336,-0.4754310755674452,0.162032638297261
4.675154333333921,31874.583882125004,-0.05167365074157715,-0.005722828209400177,0.24754130840301514,0.2099914699792862,-1.8342640399932861,-1.8429712057113647,1.0151697331983842,-0.48922825147074983,0.14704491753550164
4.685208333332412,31874.593936125002,-0.001079559326171875,-0.021628204733133316,0.2531353831291199,0.08591611683368683,-2.2348783016204834,-1.6989372968673706,0.9894349977499762,-0.5037307915498911,0.13502159663044755
4.695263333331241,31874.603991125,0.11133173108100891,0.017857147380709648,-0.017271578311920166,0.3394269645214081,-2.9541471004486084,-1.3067954778671265,0.9576357511525041,-0.5151453833108264,0.12319854145498069
4.705317333333369,31874.614045125003,0.21504247188568115,-0.010236874222755432,-0.2680906653404236,0.6160483956336975,-3.5477583408355713,-1.1054348945617676,0.9182795038392125,-0.5217995347892455,0.11084784988704485
4.715371333331859,31874.624099125,0.13343055546283722,-0.024587785825133324,-0.3422950506210327,0.7468970417976379,-3.480203151702881,-1.5588170289993286,0.8750040002996244,-0.5277995996356946,0.09507218448384025
4.7254253333339875,31874.634153125004,0.04659123718738556,0.02282591536641121,-0.15900462865829468,0.7569257020950317,-3.6382248401641846,-1.839495301246643,0.8292735361489814,-0.535939648360581,0.07524584137190835
4.735479333332478,31874.644207125002,0.09367303550243378,-0.0045283883810043335,0.026836156845092773,0.8167148232460022,-3.6947133541107178,-1.6422017812728882,0.7814237490270778,-0.5433716822871347,0.05421218070297661
4.745533333330968,31874.654261125,0.09325272589921951,-0.04074506834149361,0.16294199228286743,0.9433897137641907,-3.4628138542175293,-1.077817678451538,0.7354681691346838,-0.5463196926148575,0.035397133368135596
4.7555873333330965,31874.664315125003,0.07334063947200775,-0.01781628653407097,0.22354233264923096,0.7153794765472412,-3.4949827194213867,-0.5050408840179443,0.6937998474061289,-0.5451471248442751,0.022035069254080757
4.765641333331587,31874.674369125,0.06542566418647766,-0.01910276710987091,0.21563720703125,0.18886935710906982,-3.140793800354004,0.21162159740924835,0.6577339753343577,-0.5424661767397981,0.017226497246906496
4.775696333334054,31874.684424125004,0.12185859680175781,-0.024643205106258392,0.2523982524871826,-0.5684530735015869,-2.9537417888641357,0.606995701789856,0.6298731751918806,-0.5414094457901738,0.02299783133023496
4.785750333332544,31874.694478125002,-0.043886005878448486,0.04072597250342369,0.1338459849357605,-0.30688488483428955,-2.738374948501587,0.6832691431045532,0.6062259577350348,-0.5417412035376022,0.03249145370902571
4.795804333331034,31874.704532125,-0.0876728743314743,0.033285848796367645,-0.1921747326850891,0.34929484128952026,-2.940046548843384,0.8095541000366211,0.581689938952608,-0.5371312960903243,0.03964593454990155
4.805858333333163,31874.714586125003,-0.010522857308387756,-0.005959857255220413,-0.3496308922767639,0.6134577989578247,-3.473001718521118,0.8320844769477844,0.5520415831164329,-0.5284968630534341,0.0447009015047912
4.815912333331653,31874.724640125,0.053507521748542786,-0.007494784891605377,-0.23858344554901123,0.3768654763698578,-3.9186623096466064,0.8174299597740173,0.5170273645537905,-0.5195766893357473,0.04956445285648357
4.825966333333781,31874.734694125003,0.08234946429729462,0.038291312754154205,0.025954008102416992,-0.03316331282258034,-3.886298894882202,0.9151040315628052,0.4817577179478369,-0.5141361467813242,0.05762013160892333
4.8360203333322715,31874.744748125002,0.07484897971153259,-0.016422074288129807,0.08165442943572998,0.06349128484725952,-3.7289345264434814,1.0038334131240845,0.4482463579459173,-0.5095816213163549,0.06755676312955733
4.846074333330762,31874.754802125,0.055135250091552734,-0.057718485593795776,0.14902085065841675,-0.08846443146467209,-3.6287789344787598,1.2417680025100708,0.41690711600860636,-0.5048487291944966,0.07900397361892793
4.85612833333289,31874.764856125003,0.09808772802352905,-0.07632303237915039,0.23179161548614502,-0.5231669545173645,-3.4565272331237793,1.7279902696609497,0.38953031702363045,-0.5021590899496711,0.09593517828672855
4.866183333331719,31874.774911125,0.05165192484855652,-0.05462396889925003,0.1357172727584839,0.09650511294603348,-3.2132482528686523,2.1322691440582275,0.36644854115463615,-0.497377713398659,0.11804590282374434
4.876237333333847,31874.784965125004,-0.07028564810752869,0.00812264159321785,-0.12458157539367676,0.9622738361358643,-3.0492496490478516,1.6941850185394287,0.3437141632815481,-0.4854990666956181,0.1371275493148108
4.886291333332338,31874.795019125002,-0.1855849325656891,0.08988799899816513,-0.2748410105705261,1.1023528575897217,-2.4868311882019043,0.9053962230682373,0.3205547983541382,-0.470852564429112,0.14696585783310354
4.896345333330828,31874.805073125,-0.11643970012664795,0.08072911202907562,-0.18657636642456055,0.6534890532493591,-2.759934186935425,0.552876889705658,0.29696068410021403,-0.4601912760666294,0.15146296516909089
4.906399333332956,31874.815127125003,-0.01293867826461792,-0.020138654857873917,-0.12653309106826782,0.21439982950687408,-2.502528429031372,0.4310028851032257,0.2718644792989683,-0.45455123059680225,0.155347809248108
4.916453333331447,31874.825181125,0.06004148721694946,-0.06606374680995941,0.05346477031707764,0.19728174805641174,-2.3407061100006104,0.32057392597198486,0.24902545423316375,-0.45200652264375496,0.15893008728720687
4.926507333333575,31874.835235125003,0.06011134386062622,-0.049743909388780594,0.13660329580307007,0.2199748158454895,-1.7657636404037476,0.10503257811069489,0.22894025745890553,-0.44942901673986424,0.16083527491095886
4.936561333332065,31874.845289125,0.029153048992156982,-0.0036052316427230835,0.11014962196350098,0.007083266042172909,-1.4194798469543457,0.019430886954069138,0.21328972187356,-0.44781312052643585,0.1610674789092782
4.946616333330894,31874.855344125,0.04122185707092285,-0.0394258014857769,0.10924023389816284,-0.7351189851760864,-1.3228834867477417,-0.06807738542556763,0.1997376486113635,-0.4514126463745178,0.161519064466243
4.956670333333022,31874.865398125003,0.028306126594543457,-0.010914694517850876,0.02462613582611084,-1.20682692527771,-0.9811493158340454,-0.07459697127342224,0.18861296846836234,-0.4614607446451635,0.16292306749520316
4.966724333331513,31874.875452125,-0.03414201736450195,0.011168479919433594,-0.11593550443649292,-1.2573479413986206,-0.7127269506454468,-0.06566233187913895,0.18077875491846646,-0.4739138912903684,0.16489867090824037
4.976778333333641,31874.885506125003,-0.09564006328582764,-0.003388766199350357,-0.16762524843215942,-1.2758499383926392,-0.6176390647888184,-0.017965007573366165,0.17552798508446296,-0.4864692451610719,0.16692784621946855
4.986832333332131,31874.895560125,-0.06334048509597778,-0.010362843051552773,-0.0559045672416687,-1.305669903755188,-0.8234420418739319,0.18636788427829742,0.1698922202243319,-0.4992372030922387,0.17046206293110677
4.996886333330622,31874.905614125,-0.011201918125152588,0.025603575631976128,0.08684945106506348,-1.0568171739578247,-1.0272588729858398,0.2774962782859802,0.1627019495580671,-0.5104482411266678,0.17530587998405028
5.00694033333275,31874.915668125002,0.04966157674789429,-0.00875546783208847,0.09514075517654419,-1.179776668548584,-1.3456193208694458,0.2604486048221588,0.15347170495907142,-0.5206263014563978,0.1804158043124058
5.01699433333124,31874.925722125,0.06790655851364136,-0.0663129985332489,0.190446138381958,-0.9976321458816528,-1.4020909070968628,0.24270685017108917,0.14185085522070498,-0.5318432562912926,0.1854353162987326
5.027048333333369,31874.935776125003,0.09708303213119507,-0.08138611912727356,0.15984004735946655,-0.5658924579620361,-1.3390824794769287,-0.09894156455993652,0.12916511870316272,-0.5393539040232556,0.18819571823140357
5.0371033333321975,31874.945831125002,0.07326018810272217,0.042531851679086685,0.1544952392578125,-0.23090709745883942,-1.520087718963623,-0.47621437907218933,0.11355183905600971,-0.5438874310675386,0.1854326945664294
5.047157333330688,31874.955885125,-0.014932751655578613,0.13677167892456055,-0.13728511333465576,-0.06716185063123703,-1.7062122821807861,-0.6048029661178589,0.09392139930558606,-0.5458129801021742,0.1788550181371163
5.057211333332816,31874.965939125002,-0.16474175453186035,0.09565959870815277,-0.20802921056747437,0.07534776628017426,-1.7574161291122437,0.06274008750915527,0.07355636213934584,-0.5468744265131605,0.1747630159350529
5.0672653333313065,31874.975993125,-0.22587823867797852,0.031592149287462234,-0.29035210609436035,0.18392378091812134,-1.4052953720092773,0.22962148487567902,0.058189685164536244,-0.545423792767129,0.17638146022581117
5.077319333333435,31874.986047125003,-0.0744943618774414,0.010995768010616302,-0.16414082050323486,0.26528459787368774,-0.8695550560951233,0.44589105248451233,0.048832838455668624,-0.5430996262582243,0.1802273044192719
5.087373333331925,31874.996101125,0.003205716609954834,0.006829839199781418,-0.029300272464752197,0.24293667078018188,-0.3231332302093506,0.7540973424911499,0.04634259426740571,-0.5401269455926027,0.18714473987079733
5.097427333334053,31875.006155125004,0.038081228733062744,-0.04674667492508888,0.0003114938735961914,0.16041351854801178,-0.024168504402041435,0.8912933468818665,0.0497887359727416,-0.5372268793069456,0.19685248392207388
5.107481333332544,31875.016209125002,0.05651521682739258,-0.07228180766105652,0.09830307960510254,-0.5231661200523376,-0.32338449358940125,0.8812292218208313,0.0537304252965373,-0.538406906036377,0.2076509324878752
5.117535333331034,31875.026263125,0.04431968927383423,-0.03095514327287674,0.17634958028793335,-0.6557888984680176,-0.5522373914718628,0.26019033789634705,0.053071232549829,-0.5445858134892804,0.2149283114553058
5.127590333333501,31875.036318125003,0.05489915609359741,0.01186097040772438,0.017639875411987305,-0.34822893142700195,-0.5616298317909241,-0.2829003632068634,0.0474711382380426,-0.549976503542261,0.21493334782077234
5.137644333331991,31875.046372125,-0.013727426528930664,0.018119215965270996,-0.06150496006011963,-0.1214674711227417,-0.7501868009567261,-0.46914058923721313,0.038555064794226906,-0.5522405013804972,0.2102435035990526
5.1476983333304815,31875.056426125,-0.05213367938995361,0.0600414052605629,-0.07767820358276367,-0.07366932928562164,-0.8186295032501221,-0.3068099915981293,0.028112137886284878,-0.5533565242619964,0.20563391427419833
5.15775233333261,31875.066480125002,-0.009081542491912842,0.07946737855672836,-0.10119658708572388,-0.005690186284482479,-0.6318899989128113,-0.15005521476268768,0.019296787592416688,-0.553850197680169,0.20306076317920244
5.1678063333311,31875.076534125,0.06461173295974731,0.0582452118396759,-0.050468266010284424,0.1964312195777893,-0.2797439396381378,-0.17292962968349457,0.013645943598286853,-0.5529688906691856,0.2012064520154832
5.1778603333332285,31875.086588125003,0.08423739671707153,0.06105933338403702,-0.007647097110748291,0.5245986580848694,0.07723215222358704,-0.17447525262832642,0.01145759636129568,-0.549374258137173,0.19897619514703918
5.187914333331719,31875.096642125,0.049851417541503906,0.03342246636748314,-0.024051666259765625,0.7700939178466797,0.42678457498550415,-0.03116496652364731,0.01337971951828587,-0.5427855746547576,0.19767786843329424
5.197968333333847,31875.106696125004,0.015297889709472656,0.02880885824561119,-0.08977735042572021,0.8856360912322998,0.7854339480400085,-0.025649158284068108,0.01922458362849756,-0.5341840806893808,0.19732500379647286
5.208023333332676,31875.116751125002,0.00666731595993042,0.008392633870244026,-0.08928090333938599,0.9007226228713989,1.0115610361099243,-0.16307280957698822,0.02768150415957418,-0.5247706952617667,0.19601307988633815
5.218077333331166,31875.126805125,0.07711666822433472,0.04493230581283569,0.05279111862182617,1.2150437831878662,1.2706124782562256,-0.29339444637298584,0.03735513806105271,-0.5150247876470608,0.1932075892896614
5.228131333333295,31875.136859125003,0.104725182056427,0.0006568795070052147,0.04191011190414429,1.4019734859466553,1.5089715719223022,-0.7963603734970093,0.04778920721987341,-0.5017837501224279,0.18558852742165458
5.238185333331785,31875.146913125,0.05409365892410278,-0.18364614248275757,0.07987815141677856,0.8219466209411621,1.8656175136566162,-0.2441451996564865,0.06160072390838995,-0.4895810206279933,0.17836494798459823
5.248239333333913,31875.156967125004,-0.12374049425125122,-0.2924797236919403,0.12128603458404541,0.4254935681819916,2.1012258529663086,-0.04208584129810333,0.08038670036095838,-0.4847188150307009,0.17692195652943832
5.258293333332404,31875.167021125002,-0.024411261081695557,-0.11652565747499466,0.020096778869628906,1.2228610515594482,3.0954113006591797,-0.30724015831947327,0.10511881660764198,-0.47643204709921366,0.17409912318779322
5.268347333330894,31875.177075125,0.0961577296257019,-0.046956438571214676,0.12462776899337769,0.8823022246360779,3.9814558029174805,-0.4885716140270233,0.1376589928187878,-0.4660593749661126,0.16772689932858645
5.278401333333022,31875.187129125003,-0.04882097244262695,0.10980473458766937,0.03931450843811035,-0.7341211438179016,2.7822325229644775,-0.0838008001446724,0.17031814290990127,-0.46633682734791143,0.1642161837927999
5.288456333331851,31875.197184125,-0.15998399257659912,0.19257089495658875,-0.19470560550689697,1.077949047088623,2.9784765243530273,0.15158694982528687,0.1963413295262516,-0.4648269011567376,0.16558267847138983
5.298510333333979,31875.207238125004,-0.08942729234695435,-0.12228979170322418,-0.2589278817176819,1.60818350315094,2.6154885292053223,-0.3272570073604584,0.22190342751656603,-0.4498029876877518,0.1608334952434383
5.30856433333247,31875.217292125002,-0.14330053329467773,-0.01723572611808777,0.09446370601654053,1.2550915479660034,1.874921441078186,-0.5928002595901489,0.2412315050733562,-0.43690149085344704,0.1519869803210002
5.31861833333096,31875.227346125,-0.13629809021949768,0.08799441158771515,0.07190579175949097,0.7320699691772461,0.5367936491966248,-0.6104183197021484,0.2492590365343948,-0.428853782621376,0.14289743095446178
5.328672333333088,31875.237400125003,-0.09049376845359802,0.09500304609537125,0.07544994354248047,0.6918247938156128,0.19990241527557373,-0.7400250434875488,0.24867209957560127,-0.42395478612774945,0.13387033193951575
5.338726333331579,31875.247454125,-0.05385288596153259,-0.04494296759366989,0.002119302749633789,1.079582929611206,0.5529740452766418,-0.8658780455589294,0.24770853220176478,-0.4176344102203141,0.12291490446459022
5.348780333333707,31875.257508125003,-0.01584109663963318,-0.025013484060764313,-0.07602143287658691,1.4862784147262573,0.7591511607170105,-0.712365984916687,0.24979387636318134,-0.40681635530455534,0.1107658866889018
5.358834333332197,31875.267562125002,0.0019077658653259277,0.02034571021795273,0.0214197039604187,1.3406107425689697,0.48256590962409973,-0.3688124716281891,0.25247481072215205,-0.3942823879783932,0.10103681935650166
5.368888333330688,31875.277616125,-0.016376346349716187,0.051375240087509155,0.13334327936172485,1.0189319849014282,0.333482950925827,0.10165596008300781,0.2546660858960515,-0.38315936309086945,0.09655925933628509
5.378943333333154,31875.287671125003,-0.01726284623146057,0.057138293981552124,0.15256941318511963,0.9545009136199951,0.15222397446632385,0.30417439341545105,0.25707867165085235,-0.37309460043331666,0.09629490330638701
5.388997333331645,31875.297725125,-0.012625038623809814,0.027692049741744995,0.0934179425239563,0.927544355392456,-0.10970830917358398,0.16236159205436707,0.25731705556656004,-0.3633100815867657,0.09628075967366898
5.399051333333773,31875.307779125003,-0.011141002178192139,0.006862327456474304,0.022057831287384033,1.1716158390045166,-0.3421306312084198,0.10088662058115005,0.25459966674113466,-0.35301770761557144,0.09471130288469712
5.409105333332263,31875.317833125002,0.019920527935028076,0.002940341830253601,-0.10484403371810913,1.47263503074646,-0.5446973443031311,0.10548537224531174,0.24932881214059233,-0.33967496993040786,0.09227409969596456
5.419159333330754,31875.327887125,-0.005088925361633301,0.02912946045398712,-0.09636229276657104,1.4700915813446045,-0.6354907751083374,0.13666409254074097,0.24236414289127647,-0.32492419450931226,0.089658431685964
5.429213333332882,31875.337941125003,0.013844877481460571,0.05416493117809296,-0.086830735206604,1.3058406114578247,-0.6533741354942322,0.23866689205169678,0.23546407975327546,-0.31088285218048173,0.0879891688572898
5.439267333331372,31875.347995125,0.043821752071380615,0.045566901564598083,-0.04034268856048584,1.069431185722351,-0.8358709812164307,0.32741671800613403,0.22805228836746774,-0.29856575945637726,0.08802509263790426
5.449321333333501,31875.358049125003,0.031627357006073,-0.011830195784568787,0.062335073947906494,0.8512074947357178,-0.9236650466918945,0.370006263256073,0.21937587680825965,-0.2884080047883862,0.0893548629495157
5.4593763333323295,31875.368104125002,0.005780518054962158,-0.025827720761299133,0.09251528978347778,0.6138960123062134,-0.7982314229011536,0.5515523552894592,0.2116299047030976,-0.28022595709674236,0.09231966424703733
5.46943033333082,31875.378158125,0.013854265213012695,0.021948635578155518,0.057017982006073,0.1277737319469452,-0.6306144595146179,0.6876092553138733,0.2059520110867695,-0.27510491672032034,0.09801344997663868
5.479484333332948,31875.388212125003,-0.02792137861251831,-0.023334622383117676,-0.007687807083129883,0.037872739136219025,-0.40012630820274353,0.5667536854743958,0.20255959640505733,-0.27329672582385217,0.10427466835498642
5.489537708333955,31875.398265500004,-0.008692800998687744,-0.017636656761169434,-0.07082140445709229,0.1562097668647766,-0.4548284113407135,0.493069589138031,0.1997597792586634,-0.27125915196226963,0.1094711040155974
5.499591708332446,31875.408319500002,0.008959829807281494,0.004519104957580566,-0.08589518070220947,0.21003945171833038,-0.6234959959983826,0.4645135700702667,0.19551826518872786,-0.2684549419386889,0.11389518130092033
5.509645708330936,31875.4183735,0.027154862880706787,-0.002075091004371643,-0.057173728942871094,0.15866467356681824,-0.7332110404968262,0.41556069254875183,0.18973479876060476,-0.26576608755584097,0.1180421569345677
5.519699708333064,31875.428427500003,0.01954728364944458,-0.006827160716056824,0.024524211883544922,0.0656527429819107,-0.6729334592819214,0.3432871401309967,0.18353604966092896,-0.2639395881673014,0.12173058010335493
5.529753708331555,31875.4384815,0.016521096229553223,-0.020127728581428528,0.07217806577682495,0.04010504484176636,-0.5875429511070251,0.22163952887058258,0.17792712371181188,-0.2629225612010045,0.1245859674795978
5.539807708333683,31875.448535500003,0.03171581029891968,-0.005203753709793091,0.07370650768280029,0.06520941853523254,-0.4246986210346222,0.1374136060476303,0.17323273151607702,-0.2621354724650906,0.12632874728616517
5.549862708332512,31875.458590500002,0.012607932090759277,0.0013439655303955078,0.010412871837615967,0.05942796543240547,-0.22009272873401642,0.00946336705237627,0.170127653247259,-0.2614013384538232,0.12695733665718084
5.559916708331002,31875.4686445,-0.01204746961593628,-0.002219751477241516,-0.031000256538391113,-0.022649286314845085,-0.15533597767353058,0.09062162786722183,0.16851826771029635,-0.2611582784756525,0.12745372823640874
5.5699707083331305,31875.478698500003,-0.005618393421173096,0.02213098108768463,-0.03360563516616821,-0.008949185721576214,-0.21827180683612823,0.14275778830051422,0.1669414963736221,-0.26116370581897036,0.1286206724117483
5.580024708331621,31875.4887525,-0.012101054191589355,-0.0033860355615615845,-0.0332334041595459,0.03415562957525253,-0.20444107055664062,0.2037840634584427,0.16530081306853722,-0.26072653764410014,0.13038935944760127
5.590078708333749,31875.498806500003,-0.012361109256744385,-0.013730674982070923,-0.020916223526000977,0.040608201175928116,-0.225445955991745,0.25960418581962585,0.16367711260848325,-0.2599492005352068,0.1327082386552898
5.600132708332239,31875.508860500002,0.007420361042022705,0.004427328705787659,-0.009069740772247314,0.006503674201667309,-0.09724777936935425,0.3413810729980469,0.16273592058991626,-0.25919992724181945,0.13574809525635234
5.61018670833073,31875.5189145,0.009721934795379639,-0.00014472007751464844,0.01180732250213623,-0.04479094222187996,-0.043477755039930344,0.41945189237594604,0.16307088864434668,-0.25893346190293337,0.13970831544134413
5.620240708332858,31875.528968500003,0.04414999485015869,-0.015092507004737854,0.04132622480392456,-0.16722001135349274,-0.14789550006389618,0.33076411485671997,0.16311233603613795,-0.25929684254626073,0.14398662195750248
5.630295708331687,31875.5390235,0.02792036533355713,0.0012649297714233398,0.04788994789123535,-0.11902157962322235,-0.13920295238494873,0.2230655997991562,0.16242922552748454,-0.2603901298774095,0.14706005673984196
5.640349708333815,31875.549077500003,0.02353614568710327,0.015802860260009766,-0.007285177707672119,0.0030771177262067795,-0.10851574689149857,0.058981411159038544,0.1615976947835378,-0.2606122498267319,0.14851535209254835
5.6504037083323055,31875.559131500002,-0.011228621006011963,0.017349407076835632,-0.043088674545288086,0.05179538577795029,-0.035444192588329315,-0.04540411755442619,0.160809695851261,-0.26039962173544595,0.1485220484444768
5.660457708330796,31875.5691855,-0.006630241870880127,0.006321996450424194,-0.056283533573150635,0.03806212916970253,-0.0444311648607254,-0.13058683276176453,0.16022566839672986,-0.26002017847333686,0.1474994731221676
5.670511708332924,31875.579239500003,3.504753112792969e-05,0.002778187394142151,-0.025464653968811035,-0.013818642124533653,-0.13380923867225647,-0.1611977517604828,0.15891422466183422,-0.26023013899517594,0.14599542302863477
5.6805657083314145,31875.5892935,0.0062215328216552734,-0.0037399977445602417,-0.012898445129394531,-0.03973865509033203,-0.24081853032112122,-0.14671701192855835,0.1567967342701,-0.2605368091198789,0.14472942681658935
5.690619708333543,31875.599347500003,0.00045692920684814453,-0.007258519530296326,0.015528380870819092,-0.08514182269573212,-0.10551316291093826,-0.20078158378601074,0.1544445261781273,-0.26149318899209295,0.1429140868855183
5.700673708332033,31875.6094015,-0.004790186882019043,-0.0015849769115447998,0.02813619375228882,-0.12988309562206268,-0.043179482221603394,-0.1603603959083557,0.1533718219795295,-0.2627653841719126,0.14126053825023724
5.710728708330862,31875.6194565,0.0035097599029541016,0.008023858070373535,0.02270662784576416,-0.12053648382425308,-0.0608636699616909,-0.19164907932281494,0.15242347097865605,-0.2644178735959093,0.13969012017462173
5.72078270833299,31875.629510500003,-0.006388247013092041,-0.006660595536231995,-8.249282836914062e-05,-0.05700730159878731,-0.08342969417572021,-0.242585226893425,0.15122691624920215,-0.26559311276571756,0.13767853670277536
5.730836708331481,31875.6395645,-0.011330783367156982,-0.006721928715705872,-0.021938085556030273,0.020449671894311905,-0.16414344310760498,-0.33831334114074707,0.14926625029929336,-0.26625584458377116,0.13474901375489085
5.740890708333609,31875.649618500003,-0.009779095649719238,-0.011526674032211304,-0.00720667839050293,0.12205591797828674,-0.27963462471961975,-0.4350614547729492,0.14593746422422496,-0.2661424066404164,0.13065161516408602
5.750944708332099,31875.6596725,-0.0042122602462768555,-0.006716057658195496,0.01719224452972412,0.1437191516160965,-0.40859153866767883,-0.5602588057518005,0.1410759771904831,-0.26547365226298475,0.12528671365450172
5.76099870833059,31875.6697265,0.004796504974365234,-0.004777953028678894,0.022011637687683105,0.17029882967472076,-0.45501843094825745,-0.6813391447067261,0.13494940413915532,-0.26477457078849453,0.11867741916514135
5.771052708332718,31875.679780500002,0.0022128820419311523,-0.0028188377618789673,0.02022618055343628,0.17995783686637878,-0.45247510075569153,-0.7451087832450867,0.12838869798994018,-0.2639035689050001,0.11110862645462001
5.781106708331208,31875.6898345,-0.01423501968383789,0.007664099335670471,0.010314226150512695,0.15055547654628754,-0.4090203046798706,-0.8384901881217957,0.12187010346939298,-0.26333613110828946,0.10277645578872639
5.7911607083333365,31875.699888500003,-0.007551729679107666,0.023424074053764343,-0.008254766464233398,0.23465003073215485,-0.36541396379470825,-0.9326927661895752,0.11551400353557559,-0.26252120012275476,0.09343749611591366
5.801215708332165,31875.709943500002,-0.018087029457092285,0.015936553478240967,-0.012186408042907715,0.16232548654079437,-0.310545951128006,-1.1403738260269165,0.109368463199068,-0.26146322548139295,0.08251585023086272
5.811269708330656,31875.7199975,-0.010483622550964355,-0.000770270824432373,-0.031137824058532715,0.059942129999399185,-0.3844124376773834,-1.4458919763565063,0.1025063765126267,-0.26178394773879043,0.06904750490473309
5.821323708332784,31875.730051500002,0.00799781084060669,-9.992718696594238e-05,-0.028796017169952393,0.030960235744714737,-0.5371840000152588,-1.7824203968048096,0.09358444784400506,-0.26300251188438484,0.05226180646577249
5.831377708331274,31875.7401055,-0.012746632099151611,-0.013896018266677856,-0.02091461420059204,0.20596347749233246,-0.41865360736846924,-2.018115520477295,0.08326092319706895,-0.26356148635005716,0.032337930015431116
5.841431708333403,31875.750159500003,-0.05431723594665527,-0.012702256441116333,-0.03297126293182373,0.3478553593158722,-0.6083657741546631,-2.121128559112549,0.07315050023512623,-0.26230822187091374,0.010649502632711902
5.851485708331893,31875.7602135,-0.025312840938568115,0.025336652994155884,0.00715559720993042,0.5426868796348572,-0.8286722898483276,-2.440434217453003,0.05979619067094203,-0.2594892214170984,-0.013239319882899777
5.861539708334021,31875.770267500004,-0.024300336837768555,0.042299628257751465,-0.021329402923583984,0.7444468140602112,-0.9328098893165588,-2.911626100540161,0.043606762750528605,-0.2545067309860716,-0.04142204368539402
5.871593708332512,31875.780321500002,-0.023430943489074707,0.015133112668991089,-0.029656171798706055,1.0224385261535645,-0.8576126098632812,-3.1740636825561523,0.02673537041860098,-0.2466930168341847,-0.07346888436936216
5.8816487083313405,31875.7903765,-0.049945950508117676,0.02203369140625,-0.05314832925796509,0.923173189163208,-0.6470401883125305,-3.4200997352600098,0.010702320161104137,-0.2373778803426703,-0.1076611833689051
5.891702708333469,31875.800430500003,-0.02460843324661255,0.08244839310646057,-0.04095989465713501,0.758945643901825,-0.6090621948242188,-3.8841826915740967,-0.003973616885960631,-0.2291722021924404,-0.14534542727766397
5.901756708331959,31875.8104845,0.017186403274536133,0.05504539608955383,-0.01780557632446289,0.5532808303833008,-0.8881698846817017,-4.4551873207092285,-0.021215973366457218,-0.22206603944312614,-0.1884362935474915
5.911810708334087,31875.820538500004,0.04141813516616821,0.05872607231140137,-0.03919076919555664,0.33740365505218506,-1.140223741531372,-4.654942035675049,-0.041880932586109004,-0.21604987728318337,-0.23545905138911885
5.921864708332578,31875.830592500002,0.0027722716331481934,0.06313621997833252,-0.046804845333099365,0.093271903693676,-1.3046213388442993,-4.4705705642700195,-0.06406021829093152,-0.21153456000237417,-0.28239980450844077
5.931918708331068,31875.8406465,-0.05549037456512451,-0.0016369521617889404,0.046840667724609375,-0.09773106873035431,-1.3458549976348877,-4.106851577758789,-0.08668782618227623,-0.20841501444862728,-0.32627209557626663
5.941972708333196,31875.850700500003,-0.07249462604522705,0.03262287378311157,0.0446283221244812,-0.26291733980178833,-1.3462146520614624,-3.8882265090942383,-0.10842562363310188,-0.2062377606109528,-0.36724375185547636
5.952026708331687,31875.8607545,-0.029279261827468872,0.03435719013214111,-0.00919795036315918,-0.5093539953231812,-1.6890785694122314,-3.8099565505981445,-0.1316952461486377,-0.20539052370506478,-0.4068242743363613
5.9620817083305155,31875.8708095,-0.0024874210357666016,0.041900038719177246,-0.01548004150390625,-0.9677459597587585,-2.1111690998077393,-3.622529983520508,-0.15862573445052208,-0.20723359387769358,-0.4458615283981353
5.972135708332644,31875.880863500002,0.04441690444946289,0.0188443660736084,0.026568949222564697,-1.3084572553634644,-2.5116875171661377,-3.345440149307251,-0.18974451214098273,-0.21274180952328806,-0.4831030958312015
5.982189708331134,31875.8909175,0.03064817190170288,-0.02842193841934204,-0.01024174690246582,-1.3346924781799316,-2.638167381286621,-3.390946388244629,-0.22375055153327986,-0.21908306912507505,-0.5196347066649507
5.9922437083332625,31875.900971500003,-0.027887284755706787,0.05031317472457886,-0.08304476737976074,-1.1458858251571655,-2.494920015335083,-3.6503853797912598,-0.257875452261347,-0.22263195520097728,-0.5577535191883756
6.002297708331753,31875.9110255,-0.053199946880340576,0.022105097770690918,-0.09106332063674927,-1.2605217695236206,-2.6532163619995117,-3.717682123184204,-0.29263105327183,-0.22414418315757664,-0.5979111861482772
6.012351708333881,31875.921079500004,-0.05559489130973816,-0.04960274696350098,0.00039273500442504883,-1.6018751859664917,-2.8424630165100098,-3.7468674182891846,-0.3293755701431431,-0.22620952982363485,-0.6389809689665957
6.022405708332371,31875.931133500002,-0.05309465527534485,-0.01595550775527954,0.014025509357452393,-1.741585373878479,-2.882883071899414,-3.7070064544677734,-0.36801053979880033,-0.2296095481593768,-0.6811806785357217
6.032459708330862,31875.9411875,-0.06904906034469604,0.0502285361289978,-0.04836750030517578,-1.8174705505371094,-2.594724178314209,-3.9137513637542725,-0.4057203084017627,-0.23189628391188016,-0.7243689639074452
6.042514708333329,31875.951242500003,-0.07904642820358276,0.09520435333251953,-0.0669562816619873,-1.832846760749817,-2.559840440750122,-4.094131946563721,-0.4421157130556239,-0.23225581454547056,-0.7704341239964718
6.052568708331819,31875.9612965,-0.052492737770080566,0.05013209581375122,-0.035540103912353516,-1.623701572418213,-2.2544443607330322,-4.074006080627441,-0.47672705712884733,-0.22947786561105904,-0.8157862566012062
6.062622708333947,31875.971350500004,-0.13403227925300598,0.07376009225845337,0.05102807283401489,-1.962380290031433,-1.7679110765457153,-4.2652363777160645,-0.5071372231264637,-0.22536467490965884,-0.8621400978483459
6.072676708332438,31875.981404500002,-0.09365996718406677,0.02610766887664795,-0.008702516555786133,-1.9592164754867554,-1.0928668975830078,-4.134533405303955,-0.5322247366151599,-0.2213625795691317,-0.9095288214070462
6.082730708330928,31875.9914585,-0.08097401261329651,0.07578825950622559,0.009530842304229736,-2.1437134742736816,-0.4277346134185791,-4.171009540557861,-0.5501640074181146,-0.21756288337388152,-0.9567130969084596
6.092784708333056,31876.001512500003,-0.04155153036117554,0.04509162902832031,0.0008937716484069824,-1.8471862077713013,-0.14507921040058136,-3.8818089962005615,-0.563006317320768,-0.21339457955562927,-1.0035225424772958
6.1028387083315465,31876.0115665,-0.056687504053115845,0.07568293809890747,-0.00021845102310180664,-1.5724501609802246,0.4102335572242737,-3.6399049758911133,-0.5707277649733896,-0.20759226888526014,-1.045300129821873
6.112892708333675,31876.021620500003,-0.19388040900230408,0.09359514713287354,0.04742234945297241,-1.1744171380996704,1.0333492755889893,-3.5563766956329346,-0.5715936361697275,-0.199928414261708,-1.0845044497046654
6.122947708332504,31876.031675500002,-0.1208447515964508,0.011129438877105713,-0.032662034034729004,-0.487604022026062,1.4053335189819336,-3.0780725479125977,-0.565511940131125,-0.18891572819443772,-1.117283322731238
6.133001708330994,31876.0417295,-0.141210675239563,-0.06516581773757935,0.043546080589294434,-0.6009644269943237,1.490098476409912,-3.4022016525268555,-0.5560856313349887,-0.17611282289642816,-1.1476653303797035
6.143055708333122,31876.051783500003,-0.0437290221452713,-0.031238317489624023,-0.011649608612060547,-0.01455775834619999,1.4109549522399902,-3.324345350265503,-0.5465894920747841,-0.1610671727660706,-1.1781666376270812
6.153109708331613,31876.0618375,-0.07288362085819244,0.006298542022705078,0.017210006713867188,0.05639045313000679,1.305783987045288,-3.8133058547973633,-0.5371186642248724,-0.142257069844753,-1.2085448941062729
6.163163708333741,31876.071891500003,-0.037892043590545654,0.02647840976715088,-0.004636526107788086,0.4782726764678955,0.9737561345100403,-4.359189033508301,-0.5303209652882936,-0.11899424062482968,-1.2431350110259214
6.173217708332231,31876.081945500002,0.04848723113536835,0.12799066305160522,-0.024531662464141846,0.33658158779144287,0.9395252466201782,-4.5983099937438965,-0.5248067895244397,-0.0922758374134359,-1.2800680679334124
6.183271708330722,31876.0919995,-0.022978566586971283,0.20663893222808838,0.03261810541152954,0.26455363631248474,1.256641149520874,-4.454965591430664,-0.5168964157625745,-0.0672949480201865,-1.3182642533418005
6.19332570833285,31876.102053500003,-0.051046472042798996,0.130412757396698,-0.012477576732635498,0.6750437021255493,1.2562198638916016,-4.08920955657959,-0.5061131672800759,-0.042216623096143394,-1.353918620680146
6.203380708331679,31876.1121085,-0.04025581106543541,0.07473480701446533,-0.011452019214630127,0.8902381658554077,1.0727449655532837,-3.9725959300994873,-0.4949589298863154,-0.015764443658346592,-1.3853207488039374
6.213434708333807,31876.122162500003,-0.0907047688961029,0.027963638305664062,0.07786345481872559,0.7841324806213379,0.46297770738601685,-3.981934070587158,-0.4870201153962223,0.010515914864001172,-1.4174457225042982
6.223488708332297,31876.132216500002,-0.0007573999464511871,-0.04109889268875122,0.02756255865097046,0.8624829053878784,0.21471065282821655,-3.5666391849517822,-0.48343851701493123,0.03569945992371901,-1.4466444324983803
6.233542708330788,31876.1422705,-0.0068209171295166016,-0.0525093674659729,0.03677666187286377,0.6673182249069214,0.02327198162674904,-3.6621572971343994,-0.48078861792483485,0.05940307282895188,-1.4753836875761663
6.243596708332916,31876.152324500003,0.08247479051351547,-0.07482755184173584,0.03186202049255371,0.5531061291694641,-0.2034708857536316,-3.8948323726654053,-0.47957687295622603,0.08227103638499189,-1.5060447038316587
6.253650708331406,31876.1623785,0.08941055834293365,-0.019893884658813477,-0.0022679567337036133,0.611314058303833,-0.30544331669807434,-3.866279125213623,-0.4793274961792394,0.10575905127692532,-1.538611544904949
6.263704708333535,31876.172432500003,0.055492058396339417,0.05770981311798096,0.022503137588500977,0.6612739562988281,-0.20788134634494781,-3.7011985778808594,-0.4787000915206656,0.12861470246627835,-1.569344640190734
6.273758708332025,31876.1824865,0.016534030437469482,0.1128314733505249,0.03825795650482178,0.31061020493507385,0.01690542884171009,-3.651890516281128,-0.4755020291342298,0.15022555017917585,-1.5999816973693817
6.283812708330515,31876.1925405,0.03382335603237152,0.1749820113182068,0.03650200366973877,0.18889324367046356,0.17112070322036743,-3.575289487838745,-0.4696243223334236,0.16885095683743223,-1.6318514868199456
6.293867708332982,31876.202595500003,0.0374719500541687,0.11997795104980469,-0.025159180164337158,0.17918601632118225,0.18666797876358032,-3.339830160140991,-0.46236903496089293,0.18630266695505834,-1.6623441388337779
6.3039217083314725,31876.2126495,0.04614830017089844,0.06121218204498291,0.011483609676361084,0.11169111728668213,-0.10657083243131638,-3.0965323448181152,-0.4562667616107336,0.20170409427992123,-1.6917231553956282
6.313975708333601,31876.222703500003,0.08775144815444946,-0.024815917015075684,-0.006258130073547363,0.30518868565559387,-0.29052627086639404,-2.6223857402801514,-0.4531892051157659,0.21642605508306445,-1.7169105699702938
6.324029708332091,31876.2327575,0.1216842532157898,-0.08444535732269287,0.006764650344848633,0.1380643993616104,-0.5646116137504578,-2.2955095767974854,-0.4523837837305098,0.2293238502725375,-1.739021847649036
6.334083708330581,31876.2428115,0.16238290071487427,-0.09164309501647949,0.03690999746322632,0.07884608954191208,-0.8123894333839417,-1.7672199010849,-0.45526733859390855,0.2393220831525862,-1.7573331584579552
6.34413770833271,31876.252865500002,0.1956712305545807,-0.047365546226501465,0.02547633647918701,0.04853549972176552,-0.9682861566543579,-1.267662763595581,-0.4610724615495226,0.24655082531613673,-1.7709989427387982
6.3541917083312,31876.2629195,0.18066933751106262,-0.0036883950233459473,0.05241858959197998,-0.06364456564188004,-0.7903278470039368,-0.713404655456543,-0.46792397352978293,0.25093841207679196,-1.7804526351958427
6.364245708333328,31876.272973500003,0.2057296335697174,0.05286240577697754,0.05327200889587402,-0.15020142495632172,-0.5096971392631531,-0.17452473938465118,-0.4733735777537813,0.25197465837704947,-1.7847971680138157
6.374300708332157,31876.283028500002,0.10852262377738953,0.0984112024307251,0.028061747550964355,-0.23280228674411774,-0.23095232248306274,-0.006332533434033394,-0.47654595629243135,0.25064451554216255,-1.7864643263834643
6.3843547083306476,31876.2930825,0.011640965938568115,0.09400707483291626,0.018331825733184814,-0.25660988688468933,-0.07948848605155945,0.03723997622728348,-0.4777746443520429,0.24830459345557948,-1.7874655436749542
6.394408708332776,31876.303136500002,-0.004814505577087402,0.054849207401275635,-0.03291738033294678,-0.14344391226768494,-0.06678333878517151,-0.03592291846871376,-0.47829922403020664,0.24641850991872802,-1.7883702959699608
6.404462708331266,31876.3131905,-0.06355983018875122,-0.015410661697387695,-0.039922237396240234,0.10046398639678955,-0.19588620960712433,-0.35089582204818726,-0.4790477511420404,0.24691081090362377,-1.7900296279249388
6.4145167083333945,31876.323244500003,-0.19980347156524658,-0.17075377702713013,-0.045796751976013184,0.48218366503715515,-0.3956661522388458,-0.9864723086357117,-0.480625043839467,0.2524123470774809,-1.7947687907361098
6.424570708331885,31876.3332985,-0.270213782787323,-0.1808449625968933,-0.0800621509552002,1.1544348001480103,-0.8379173278808594,-1.7494670152664185,-0.484604936760846,0.26607622177651913,-1.8034396310056915
6.434624708334013,31876.343352500004,-0.23081856966018677,-0.014080822467803955,-0.1028587818145752,1.500097393989563,-1.211302399635315,-2.3056294918060303,-0.4917038170799634,0.2878278370223087,-1.8156397543038993
6.4446787083325034,31876.353406500002,-0.12746229767799377,0.04612773656845093,-0.04547429084777832,1.2026771306991577,-1.3391263484954834,-2.4225828647613525,-0.5001993910355462,0.31171365918229993,-1.8308312625335017
6.454733708331332,31876.3634615,-0.002056509256362915,-0.013009130954742432,0.1038048267364502,0.32687562704086304,-1.011733055114746,-2.2667744159698486,-0.5067235138265851,0.3298517139398113,-1.848757375469325
6.464787708333461,31876.373515500003,-0.018876641988754272,-0.036219239234924316,0.1283075213432312,-0.2049955129623413,-0.4897138178348541,-2.181939125061035,-0.5075562192259574,0.3408355941231123,-1.8691772809794645
6.474841708331951,31876.3835695,-0.11559984087944031,-0.08342254161834717,-0.04608398675918579,-0.24340522289276123,-0.3097293972969055,-2.268725872039795,-0.503751128114383,0.3494975252309571,-1.8912724261741878
6.484895708334079,31876.393623500004,-0.1221221387386322,-0.09880185127258301,-0.12942767143249512,-0.2645687758922577,-0.3424952030181885,-2.324191093444824,-0.49915651394720717,0.35833858367945143,-1.9140957960098972
6.494949958330835,31876.40367775,-0.13985329866409302,-0.08262884616851807,-0.06804704666137695,-0.1908295899629593,-0.1378035992383957,-2.2409937381744385,-0.4936679138988824,0.36729335057982676,-1.9370667407991804
6.5050039583329635,31876.413731750003,-0.2136852741241455,-0.09517043828964233,-0.004152238368988037,-0.10637365281581879,0.48246127367019653,-2.3789687156677246,-0.4837891177918702,0.37640100532036713,-1.9590615429362772
6.515057958331454,31876.42378575,-0.21358194947242737,0.00020122528076171875,0.005046188831329346,0.2186659574508667,0.407264769077301,-2.8644955158233643,-0.4690095507058598,0.38927699796835613,-1.9847475887016315
6.525111958333582,31876.433839750003,-0.012028872966766357,0.1483680009841919,-0.03011167049407959,0.39702773094177246,0.27366945147514343,-3.1553573608398438,-0.454557770469597,0.4054730111940531,-2.0121594874044866
6.535166958332411,31876.443894750002,0.182503342628479,0.21296054124832153,0.0663837194442749,0.5656745433807373,-0.18453434109687805,-2.6944761276245117,-0.4432679381127896,0.42284072418963775,-2.0393258963095433
6.545220958330901,31876.45394875,0.1578848659992218,0.16737765073776245,0.05570816993713379,0.6274369955062866,-0.20590713620185852,-2.5003936290740967,-0.43622847989435826,0.43889191770946917,-2.061545774759357
6.55527495833303,31876.464002750003,-0.012972444295883179,0.06349289417266846,0.04465693235397339,0.9068931341171265,-0.4107162058353424,-2.58388352394104,-0.429467364877361,0.45672166771450307,-2.083913369067913
6.56532895833152,31876.47405675,-0.04203179478645325,-0.002717316150665283,-0.004889488220214844,1.3193730115890503,-0.700912356376648,-2.92460560798645,-0.424207982596904,0.47849031709878914,-2.1075287532407057
6.575382958333648,31876.484110750003,-0.01670616865158081,-0.04201149940490723,0.016704857349395752,1.4283746480941772,-0.808043360710144,-2.856510639190674,-0.4209111112470463,0.5030519302536384,-2.130773690802521
6.585436958332139,31876.49416475,-0.04145413637161255,-0.07830041646957397,0.08459293842315674,1.574588656425476,-0.897537887096405,-2.9506914615631104,-0.41780289361451356,0.5282990342295046,-2.15440218143235
6.595490958330629,31876.50421875,-0.058083415031433105,-0.03737682104110718,0.001484692096710205,2.1347904205322266,-0.865253210067749,-3.1639647483825684,-0.41406628321683675,0.5579998773163691,-2.1789482511038503
6.605544958332757,31876.514272750002,0.06655734777450562,0.104042649269104,0.031199276447296143,2.2709572315216064,-0.83584064245224,-2.6750986576080322,-0.410895669389433,0.5906465011341482,-2.2004851701465413
6.615598958331248,31876.52432675,0.19774633646011353,0.1531396508216858,0.0823710560798645,1.8885676860809326,-0.7871697545051575,-2.178053617477417,-0.4095383144473749,0.6195878704405681,-2.2173756660178907
6.625653958333714,31876.534381750003,0.08293354511260986,0.04148739576339722,0.0085066556930542,1.4199188947677612,-0.5862603783607483,-2.0866401195526123,-0.4071708268886989,0.6433871371703388,-2.233263925345099
6.635707958332205,31876.544435750002,-0.10887032747268677,0.02576225996017456,-0.055986642837524414,0.8686010241508484,-0.31755536794662476,-2.124457597732544,-0.40002282383308546,0.6623554933275364,-2.2522764934969794
6.645761958330695,31876.55448975,-0.14081549644470215,0.03547483682632446,-0.06925308704376221,0.4237420856952667,-0.44542545080184937,-2.1623191833496094,-0.39014322812676716,0.6764631928772226,-2.274307340492756
6.655815958332823,31876.564543750002,-0.10195267200469971,-0.021981656551361084,-0.05089080333709717,-0.1847316175699234,-0.40380769968032837,-2.160207986831665,-0.37843908114695074,0.685936453247441,-2.2999204751882223
6.665869958331314,31876.57459775,0.030763864517211914,-0.15628772974014282,0.017464756965637207,-0.5239397883415222,-0.44679591059684753,-1.9664987325668335,-0.3653573399714389,0.6898001121385431,-2.3269052022315133
6.675923958333442,31876.584651750003,0.12183642387390137,-0.1537962555885315,-0.01846468448638916,-0.6896967887878418,-0.3924591839313507,-1.8828641176223755,-0.35301422182544495,0.6908543488349643,-2.3529314816144167
6.685977958331932,31876.59470575,0.010796725749969482,-0.15468406677246094,-0.010974764823913574,-0.9246355295181274,-0.39969897270202637,-2.123181104660034,-0.33911781544583686,0.6899207208600769,-2.3808015555501965
6.696032958330761,31876.60476075,-0.1119164228439331,-0.11204785108566284,0.012974262237548828,0.012104745954275131,-0.35410434007644653,-2.0075464248657227,-0.32485107328672824,0.6913768666676496,-2.4105092656378586
6.7060869583328895,31876.614814750003,0.19638592004776,-0.005544513463973999,-0.4471198320388794,0.7088143229484558,-0.9705209732055664,-2.261888027191162,-0.3138183710872712,0.7023937215294942,-2.433460825398694
6.71614095833138,31876.62486875,-0.23348647356033325,0.08055996894836426,0.11807560920715332,-0.15263037383556366,-1.2597243785858154,-2.7572097778320312,-0.30693840875353745,0.7130526422590516,-2.4653251949268227
6.726194958333508,31876.634922750003,-0.0620153546333313,0.0024518370628356934,0.2768298387527466,-0.2955273389816284,-1.1467374563217163,-2.496577501296997,-0.2947327835034381,0.7179855499302683,-2.500007232740781
6.736248958331998,31876.64497675,0.07547169923782349,0.005168557167053223,-0.0941430926322937,-0.0963234156370163,-1.3666268587112427,-2.594252347946167,-0.28615496940840046,0.7233345726484147,-2.5338902655330484
6.746302958330489,31876.65503075,-0.06885898113250732,-0.08365476131439209,-0.018007636070251465,-0.2991841733455658,-1.2192074060440063,-2.6580991744995117,-0.2758047320859706,0.7291756529695782,-2.5684625575800664
6.756356958332617,31876.665084750002,-0.01660388708114624,-0.03873726725578308,0.09069806337356567,-0.6705675721168518,-0.7966309189796448,-2.381970167160034,-0.26254933476601217,0.731089058862798,-2.60374441043023
6.766410958331107,31876.67513875,0.08884215354919434,0.19357824325561523,-0.08079636096954346,-0.49038851261138916,-0.6316644549369812,-1.5237090587615967,-0.25105145487671476,0.7300374107847701,-2.631194401623168
6.776464958333236,31876.685192750003,0.18649238348007202,0.13709881901741028,-0.13458788394927979,-0.3115535080432892,-0.5342137813568115,-1.0646978616714478,-0.24516316621687073,0.7293699593107417,-2.648985275955635
6.786519958332065,31876.69524775,0.0430946946144104,0.053277015686035156,-0.025081396102905273,-0.18426521122455597,-0.32149872183799744,-0.7931999564170837,-0.240849380945328,0.7293371785408166,-2.6617960819377364
6.796573958330555,31876.70530175,0.003997206687927246,0.14956825971603394,-0.04265260696411133,-0.061616260558366776,-0.2570161521434784,-0.638295590877533,-0.23694646873124992,0.7295684473758846,-2.6718440089842788
6.806627958332683,31876.715355750002,-0.030039668083190918,0.13951221108436584,-0.04731196165084839,0.3141191601753235,-0.23067094385623932,-0.4027818739414215,-0.2350239896286655,0.731904829830268,-2.678234615665999
6.8166819583311735,31876.72540975,-0.012819468975067139,0.13267114758491516,-0.020843327045440674,0.3038012683391571,-0.06550648808479309,-0.3016304671764374,-0.23428664091740306,0.7360392807227388,-2.6817799794471586
6.826735958333302,31876.735463750003,-0.01990985870361328,0.0665581226348877,0.06580889225006104,0.2250090390443802,0.09810467064380646,-0.23476895689964294,-0.23221904213665504,0.7391403374641486,-2.6844726358968356
6.836789958331792,31876.74551775,-0.0033912062644958496,0.02152201533317566,0.027514517307281494,0.3130722939968109,0.1635449379682541,-0.21248149871826172,-0.22952762317004427,0.7422766948842251,-2.6864254741807123
6.8468439583339205,31876.755571750004,-0.023107290267944336,-0.006948292255401611,0.03748142719268799,0.18803857266902924,0.24716685712337494,-0.34632521867752075,-0.2256697584806903,0.7454490259617331,-2.6892349345765076
6.856897958332411,31876.765625750002,-0.04642230272293091,-0.056619614362716675,0.06645745038986206,0.113307885825634,0.33400216698646545,-0.5669188499450684,-0.21891012903032123,0.748147947464394,-2.6947916149175333
6.86695295833124,31876.77568075,-0.042227983474731445,-0.06620544195175171,0.04589974880218506,-0.09131653606891632,0.3172343671321869,-0.6817888021469116,-0.20988898567308037,0.7497177219761536,-2.7031932851052503
6.877006958333368,31876.785734750003,-0.004565536975860596,-0.021924346685409546,0.059792518615722656,-0.2081393003463745,0.20289181172847748,-0.7859950661659241,-0.20018027964005072,0.7495615476818582,-2.713519411549428
6.887060958331858,31876.79578875,-0.010425925254821777,-0.03679957985877991,0.0032222867012023926,-0.1515355408191681,0.008659616112709045,-0.888261616230011,-0.1909827811479174,0.7492612024905493,-2.725318061817109
6.897114958333987,31876.805842750004,0.0031085610389709473,-0.06732475757598877,-0.013317584991455078,-0.15870743989944458,-0.16918227076530457,-0.9898446798324585,-0.1829494471310741,0.7495132732832026,-2.7384567384534697
6.907168958332477,31876.815896750002,0.02428191900253296,-0.04820433259010315,-0.001529693603515625,-0.1876804083585739,-0.15472371876239777,-1.015724539756775,-0.17523506804401787,0.7495609177434497,-2.7524246400762746
6.917222958330967,31876.82595075,0.037625908851623535,-0.022771388292312622,0.001779317855834961,0.022584950551390648,-0.1012735441327095,-1.0036513805389404,-0.166898396575462,0.750289451051088,-2.766372111638754
6.9272769583330955,31876.836004750003,0.04427725076675415,-0.06248435378074646,-0.01190650463104248,0.3555465042591095,-0.01427392940968275,-1.0145461559295654,-0.15839539840580208,0.7537998884581673,-2.7796580793110515
6.937330958331586,31876.84605875,0.032615721225738525,-0.04072403907775879,-0.027058124542236328,0.686480700969696,0.05344865843653679,-0.8273161053657532,-0.15012107410351183,0.7605011633445281,-2.7914094552766544
6.947385958334053,31876.856113750004,0.09909415245056152,0.08678802847862244,-0.044676363468170166,0.8807091116905212,0.023240556940436363,-0.4510984420776367,-0.14483353562237097,0.7693271689819507,-2.7987041570215587
6.957439958332543,31876.866167750002,0.09779131412506104,0.12948253750801086,-0.03490537405014038,1.0329194068908691,0.13736526668071747,0.0198200810700655,-0.1432115030974192,0.7791456576323686,-2.7998733944317338
6.967493958331033,31876.87622175,0.11738306283950806,0.14204081892967224,-0.06962025165557861,1.1131260395050049,0.26318204402923584,0.651161789894104,-0.14620958615349872,0.7895107922771223,-2.7928844665058064
6.977547958333162,31876.886275750003,0.11282289028167725,0.1669674515724182,-0.058283209800720215,1.0995149612426758,0.4405938386917114,1.306291937828064,-0.15425446544782326,0.7990515081812933,-2.776681459231253
6.987601958331652,31876.89632975,0.1142646074295044,0.17177951335906982,-0.060039639472961426,1.0781097412109375,0.5952454805374146,1.9903053045272827,-0.16761847097021704,0.8071508772693745,-2.750728449231978
6.99765595833378,31876.906383750003,0.12918561697006226,0.1605032980442047,-0.04844790697097778,1.1075371503829956,0.648941695690155,2.6537721157073975,-0.18760212532308307,0.813843752066541,-2.7144821900810947
7.007709958332271,31876.916437750002,0.12204337120056152,0.12146925926208496,-0.0320359468460083,1.1554837226867676,0.7024238109588623,3.2065584659576416,-0.2138684550996093,0.8190726961462411,-2.6690913176749618
7.017763958330761,31876.92649175,0.12149125337600708,0.10074618458747864,0.001056075096130371,1.1907764673233032,0.8016031384468079,3.711028575897217,-0.24559855977331752,0.8226771282119795,-2.6153121996319175
7.027818958333228,31876.936546750003,0.09352749586105347,0.11515086889266968,0.023964881896972656,1.216516137123108,0.8060025572776794,4.011806011199951,-0.28162391628458006,0.8241313151839998,-2.5552562908602234
7.037872958331718,31876.94660075,0.06105774641036987,0.04436463117599487,0.004494965076446533,1.2755608558654785,0.9290429949760437,4.346683502197266,-0.3202339892564336,0.8237732278173818,-2.490813996214115
7.047926958333846,31876.956654750004,0.1029672622680664,0.06180530786514282,0.027446627616882324,1.2794249057769775,0.8109549880027771,4.751399993896484,-0.3626721437922787,0.8206248927272762,-2.421050126093026
7.057980958332337,31876.966708750002,0.143227219581604,0.10215252637863159,-0.00844573974609375,1.1766237020492554,0.8336922526359558,5.172383785247803,-0.4085647896387542,0.8136019806145962,-2.3474262068008547
7.068034958330827,31876.97676275,0.1878070831298828,0.11414605379104614,-0.07456737756729126,0.9525172114372253,0.9870542883872986,5.780963897705078,-0.4563220706742002,0.8002193030341066,-2.2684873312783167
7.078088958332955,31876.986816750003,0.1638135313987732,0.22535747289657593,-0.10557854175567627,0.7085921168327332,1.0231373310089111,6.223485469818115,-0.5040869789365415,0.7796922329741199,-2.186630790023826
7.088142958331446,31876.99687075,0.12205475568771362,0.2105046510696411,-0.12574326992034912,0.4109088182449341,1.1039104461669922,6.396623611450195,-0.5493705702310283,0.7526682529219304,-2.106338239311747
7.0981979583339125,31877.006925750004,0.012694120407104492,0.13113588094711304,-0.042534708976745605,0.09633889049291611,1.3478429317474365,6.2756733894348145,-0.5870800967050372,0.7201471893251034,-2.0318675485316
7.108251958332403,31877.016979750002,-0.11651450395584106,-0.002451777458190918,-0.037045419216156006,0.1387837678194046,1.775228500366211,6.0295209884643555,-0.6152039974597562,0.6859778952052994,-1.9643250199290865
7.118305958330893,31877.02703375,-0.11680850386619568,-0.05652683973312378,-0.06393450498580933,0.3135182857513428,2.191159725189209,5.752462863922119,-0.6341164664727529,0.6531156698376968,-1.9012939999256477
7.1283599583330215,31877.037087750003,-0.08101868629455566,0.005014300346374512,-0.056070923805236816,0.27327704429626465,2.25976824760437,5.386975288391113,-0.6460712759438821,0.6221410111767124,-1.8430529258972186
7.138413958331512,31877.04714175,-0.04660555720329285,0.05108141899108887,-0.0035918354988098145,0.35041549801826477,2.4592909812927246,4.976419448852539,-0.6523895505038689,0.592950348551613,-1.7902092836434687
7.14846795833364,31877.057195750003,-0.048147231340408325,0.04114711284637451,-0.0060923099517822266,0.5824435949325562,2.5333704948425293,4.467209339141846,-0.6536241106634241,0.5679950932802982,-1.7420028955097864
7.1585219583321305,31877.06724975,-0.04662477970123291,-0.02873516082763672,-0.048558831214904785,0.7597047090530396,1.9944837093353271,3.98573637008667,-0.6545278395931268,0.5476212391003441,-1.6972481325425206
7.168575958330621,31877.07730375,0.03838256001472473,0.034952521324157715,-0.08437621593475342,0.4363832175731659,1.717270016670227,3.955557107925415,-0.6569523008415438,0.5283637230715752,-1.6561479999049527
7.178630958333088,31877.087358750003,0.11490997672080994,0.04882413148880005,0.021587520837783813,-0.1611693799495697,1.6385949850082397,4.293036937713623,-0.6589143337588483,0.5037768109438221,-1.6176650623849418
7.188684958331578,31877.09741275,0.08071070909500122,0.07346135377883911,-0.02745521068572998,-0.24645304679870605,1.4470090866088867,4.438681602478027,-0.6617624654683032,0.4751715888754163,-1.5796913490861426
7.198738958333706,31877.107466750003,-0.031707897782325745,0.1021541953086853,-0.02747514843940735,-0.13629485666751862,1.710525393486023,4.387466907501221,-0.6627138243996263,0.44619155797402404,-1.5418058131641923
7.208792958332197,31877.117520750002,-0.08495824038982391,0.1337483525276184,-0.05873686075210571,0.07400104403495789,1.6863471269607544,4.021485328674316,-0.661624702191422,0.420121152349416,-1.5049569659540099
7.218846958330687,31877.12757475,-0.11142614483833313,0.021447181701660156,-0.026225507259368896,0.1514122188091278,1.8170396089553833,3.698822259902954,-0.6569639620783747,0.39693199328936446,-1.4710184988545658
7.228900958332815,31877.137628750002,-0.04591411352157593,-0.009711384773254395,-0.03341472148895264,0.25976067781448364,1.704392910003662,3.5586066246032715,-0.6516649409580582,0.37655701925044355,-1.4384494938008545
7.2389549583313055,31877.14768275,0.018303267657756805,0.03357362747192383,0.0016729235649108887,0.3105657994747162,1.5367077589035034,3.7171521186828613,-0.6470862439663027,0.356864208856496,-1.4056418756156948
7.249008958333434,31877.157736750003,0.03754446655511856,0.038870811462402344,0.0006688237190246582,0.35855740308761597,1.5180773735046387,3.637122631072998,-0.6433545357420688,0.3370176729034193,-1.3716284355164592
7.259063958332263,31877.167791750002,-0.013733327388763428,-0.011460542678833008,0.020735502243041992,0.037106145173311234,1.6321467161178589,3.711244821548462,-0.6382031419460378,0.3168327453521951,-1.3393402573038407
7.269117958330753,31877.17784575,-0.0011337419273331761,0.016360759735107422,0.012310981750488281,-0.09234225749969482,1.7354744672775269,3.8859877586364746,-0.6310230480547797,0.29409410471196457,-1.3071738624434164
7.279171958332881,31877.187899750003,0.020564867183566093,0.021279871463775635,0.05292597413063049,-0.19873234629631042,1.7321364879608154,4.260788917541504,-0.6222563307204224,0.26861386284456046,-1.2737838689927936
7.289225958331372,31877.19795375,0.07277312874794006,-0.013373196125030518,0.005983233451843262,-0.36882683634757996,1.7553415298461914,4.413511276245117,-0.6136253720605659,0.24095274491136628,-1.2384538146889834
7.2992799583335,31877.208007750003,-0.007927507162094116,-0.035717785358428955,0.044168710708618164,-0.6034204363822937,1.6334753036499023,4.3649702072143555,-0.6044077082852595,0.21187832592143646,-1.204084565064532
7.30933395833199,31877.21806175,-0.06556729227304459,-0.04406839609146118,0.04582613706588745,-0.36629360914230347,1.3577649593353271,4.3294358253479,-0.5961118172474575,0.18268155819422363,-1.1705134326469322
7.319387958330481,31877.22811575,-0.06468477845191956,-0.0230940580368042,-0.07989758253097534,-0.05725932493805885,1.7283995151519775,4.35605525970459,-0.5860618962783337,0.15670806926415715,-1.1349581011520131
7.329441958332609,31877.238169750002,-0.018415287137031555,0.017460167407989502,-0.07698523998260498,-0.01702357828617096,1.933634638786316,4.54043436050415,-0.573259916996023,0.1324103139393501,-1.0973656209554705
7.339496958331438,31877.24822475,0.02827697992324829,0.04646521806716919,0.02295517921447754,-0.06710165739059448,2.1681387424468994,4.695533752441406,-0.5569217030777197,0.10737663434869184,-1.0577206430056185
7.349550958333566,31877.258278750003,0.09698562324047089,0.07391154766082764,0.130690336227417,-0.3648947775363922,2.174774169921875,4.703296661376953,-0.5381654265554762,0.08078122359857669,-1.0184235683070288
7.359604958332056,31877.26833275,0.10906839370727539,0.12183177471160889,0.07923346757888794,-0.5482997298240662,1.7114876508712769,4.575746536254883,-0.5218008117525746,0.05335127733309855,-0.9802098468913626
7.369658958330547,31877.27838675,-0.04199784994125366,0.05465877056121826,0.10606378316879272,-0.854734480381012,2.307976245880127,4.439517974853516,-0.5038125826063596,0.025107722815481386,-0.9441715623898328
7.379712958332675,31877.288440750002,-0.21681103110313416,-0.14677882194519043,0.19817489385604858,-0.9803997278213501,3.0774407386779785,4.1007890701293945,-0.4774695597153761,-0.0032582466477392366,-0.9105496177360308
7.389766958331165,31877.29849475,-0.27524229884147644,-0.12269055843353271,0.09556972980499268,-0.9697937965393066,3.5527334213256836,3.86034893989563,-0.4432160712522323,-0.03032028802134483,-0.8793611643003666
7.399820958333294,31877.308548750003,-0.15173634886741638,0.03006136417388916,-0.11134272813796997,-0.8762822151184082,3.298309564590454,3.201234817504883,-0.4087343001820969,-0.05316119232081316,-0.8515103189848032
7.409874958331784,31877.31860275,-0.17054465413093567,0.05005466938018799,-0.07672649621963501,-1.0877916812896729,2.6664459705352783,2.711669921875,-0.3771682632863592,-0.07333503126721377,-0.8272974648099867
7.419929958330613,31877.32865775,-0.09241625666618347,0.03411877155303955,-0.09142494201660156,-1.2140228748321533,2.849674940109253,2.741957902908325,-0.3472932587910847,-0.09359819836126856,-0.8060720176676496
7.429983958332741,31877.338711750002,0.1444208025932312,0.016999900341033936,0.07138597965240479,-1.494755744934082,2.4749624729156494,3.1506683826446533,-0.31793269333303414,-0.11595780749292683,-0.7825023219011437
7.4400379583312315,31877.34876575,0.24662145972251892,-0.016003131866455078,0.1786242127418518,-2.0094733238220215,1.9989017248153687,3.534059524536133,-0.2922232077676511,-0.14272009956842788,-0.7554672723496001
7.45009195833336,31877.358819750003,0.2110481560230255,-0.04022401571273804,0.23340189456939697,-2.3127307891845703,2.322486639022827,4.1615986824035645,-0.26612604088993036,-0.17415701326343974,-0.7242390520721534
7.46014595833185,31877.36887375,0.24241575598716736,-0.08090865612030029,0.18155032396316528,-2.043351173400879,3.2362585067749023,5.12314510345459,-0.2291929609628719,-0.20716868202643068,-0.6833578170320863
7.470199958333978,31877.378927750004,0.1439075469970703,-0.12040525674819946,0.03771674633026123,-1.9695308208465576,2.8339078426361084,4.922384738922119,-0.1892770746018258,-0.2374504254848088,-0.6362116211912177
7.480253958332469,31877.388981750002,-0.05877256393432617,0.07124561071395874,-0.0840139389038086,-1.5952162742614746,2.8182852268218994,4.354000568389893,-0.14976612653363566,-0.2631479473252159,-0.5918493133383436
7.4903078749994165,31877.39903566667,-0.11613103747367859,0.14030998945236206,-0.21602457761764526,-1.385589361190796,2.695178747177124,4.0000810623168945,-0.11086978784791979,-0.28335322896377796,-0.5508754885832932
7.500362874998245,31877.409090666668,-0.07104158401489258,0.03594556450843811,-0.16138005256652832,-1.5030648708343506,2.399718999862671,4.049063205718994,-0.07346566024712034,-0.3011724355119071,-0.5107638709445967
7.510416875000374,31877.41914466667,0.11646121740341187,-0.02135065197944641,0.04097825288772583,-1.9048991203308105,1.9109808206558228,4.789722919464111,-0.03796100109517837,-0.320702147254289,-0.46498113142661
7.520470874998864,31877.42919866667,0.20700737833976746,-0.07735592126846313,0.1663026213645935,-2.0302846431732178,1.3562434911727905,5.160684108734131,-0.004089837294355134,-0.3417272998296759,-0.4120802678721337
7.530524874997354,31877.439252666667,0.16490107774734497,0.0032355189323425293,0.17109042406082153,-1.8389008045196533,0.8088037967681885,5.404214382171631,0.02597321995155539,-0.3609201026432567,-0.3548740755267456
7.540578874999483,31877.44930666667,0.09895187616348267,0.038209378719329834,0.05036729574203491,-1.419293999671936,0.4487718641757965,5.452327728271484,0.053441201738374924,-0.3751974853980741,-0.2954288618277131
7.550632874997973,31877.459360666668,0.01431739330291748,0.014064818620681763,-0.010642707347869873,-0.9601776599884033,0.19378060102462769,5.441751956939697,0.07879572385555639,-0.38354456215901367,-0.23579321233116007
7.560686875000101,31877.46941466667,-0.05673912167549133,0.05586478114128113,-0.05138695240020752,-0.3165033161640167,0.6412007212638855,4.8365068435668945,0.10262503125966699,-0.3846452814731372,-0.17886086588895247
7.57074187499893,31877.47946966667,-0.15838369727134705,0.04575967788696289,-0.02732396125793457,-0.16495738923549652,1.645853042602539,4.12288761138916,0.13242083240902724,-0.38194290206831544,-0.13080083743606785
7.5807958749974205,31877.489523666667,-0.11724779009819031,0.13082116842269897,-0.05256837606430054,-0.12625978887081146,1.833331823348999,4.12806510925293,0.16679430284941593,-0.3770477982506763,-0.08683726900207767
7.590849874999549,31877.49957766667,0.03289791941642761,0.006365165114402771,-0.043718039989471436,-0.2974952161312103,1.804781436920166,4.683905601501465,0.20169157103817517,-0.3709797816242728,-0.03971138072471371
7.600903874998039,31877.509631666668,0.130038321018219,-0.03613904118537903,0.057337284088134766,-0.6716467142105103,1.5446428060531616,4.930845260620117,0.23740092408361674,-0.3649831063163562,0.01226639839833252
7.610957875000167,31877.51968566667,0.07533624768257141,0.0016631484031677246,0.1480310559272766,-0.7995023131370544,1.035591721534729,5.119446277618408,0.2699128395337185,-0.3596185899786254,0.06638760969632522
7.621011874998658,31877.52973966667,0.11519971489906311,-0.0391831248998642,0.07555550336837769,-0.9521336555480957,0.24051721394062042,5.217387676239014,0.29593747401022347,-0.35346240964658293,0.12229197660422837
7.631065874997148,31877.539793666667,0.0747734010219574,0.013702347874641418,-0.019795536994934082,-0.950110673904419,-0.5805321335792542,4.939550399780273,0.312967810250636,-0.3474056104666784,0.17782419027226343
7.641119874999276,31877.54984766667,-0.01806020736694336,0.0030770301818847656,-0.13560795783996582,-0.6926029920578003,-0.8834632635116577,4.234195232391357,0.32207665041248407,-0.3408331217703625,0.22720142548533703
7.651174874998105,31877.559902666668,-0.024640142917633057,-0.026698149740695953,-0.07895952463150024,-0.5033273100852966,-1.0965310335159302,3.71063494682312,0.32569335672596095,-0.33396348501850537,0.26919821838607355
7.6612288750002335,31877.56995666667,0.037421852350234985,-0.02114562690258026,-0.005651295185089111,-0.49042850732803345,-0.870137631893158,3.3177711963653564,0.3278860499702375,-0.3270236077073413,0.306039490659425
7.671282874998724,31877.58001066667,0.02216377854347229,0.002541526220738888,0.06324011087417603,-0.7097958326339722,-0.820209264755249,3.043097734451294,0.3301978403427329,-0.3229378740219008,0.3400070482397622
7.681336874997214,31877.590064666667,0.056069374084472656,0.0011904272250831127,0.057195305824279785,-0.6712955832481384,-0.6883119940757751,2.900582790374756,0.33278756283280275,-0.31971009181543175,0.37213483227489175
7.6913908749993425,31877.60011866667,0.07198923826217651,-0.016934247687458992,0.05512559413909912,-0.5156803131103516,-0.7995396256446838,2.8142387866973877,0.3350415047532919,-0.3159935147880233,0.4029609597608088
7.701444874997833,31877.610172666667,0.018721938133239746,-0.02375715598464012,0.00417780876159668,-0.22005029022693634,-0.8215194940567017,2.5336272716522217,0.3354310076464487,-0.31069469893491486,0.43100704161186837
7.711498874999961,31877.62022666667,-0.06302130222320557,-0.02135278657078743,-0.014984130859375,0.27186495065689087,-0.635900616645813,2.047191619873047,0.33491580291897555,-0.30293210222287875,0.4538457498812593
7.721552874998451,31877.630280666668,-0.11857211589813232,0.008023303002119064,-0.06581175327301025,0.8013597130775452,-0.4223281443119049,1.5515611171722412,0.3342734227306073,-0.29176263402030334,0.4698813780150939
7.73160787499728,31877.640335666667,-0.14986515045166016,0.06850547343492508,-0.0845944881439209,1.1749900579452515,0.09286743402481079,0.8580406308174133,0.33467717644421,-0.2782326237065745,0.47869337740452
7.741661874999409,31877.65038966667,-0.18623381853103638,0.0433824248611927,-0.0642317533493042,1.4158202409744263,0.5829439163208008,0.43414047360420227,0.3388615311758014,-0.2638856095890835,0.4803930391144678
7.751715874997899,31877.660443666668,-0.06536275148391724,-0.02649637684226036,-0.02675008773803711,1.3567250967025757,0.4484989047050476,0.22850756347179413,0.3440111739972846,-0.2491542072017544,0.47856206241121263
7.761769875000027,31877.67049766667,0.012126564979553223,-0.030738774687051773,0.05842792987823486,0.8642591834068298,0.2983275055885315,0.11878372728824615,0.34683576997452403,-0.23835420775977526,0.47631122324909636
7.771823874998518,31877.680551666668,0.018168330192565918,0.04059983789920807,0.02128005027770996,0.03397781774401665,-0.25962817668914795,0.10045761615037918,0.3469976298681647,-0.2340362877552812,0.47586967595015706
7.781877875000646,31877.69060566667,0.017933547496795654,0.05492916703224182,-0.012444138526916504,-0.2431400716304779,-0.7321813106536865,-0.07102864980697632,0.34177917084857107,-0.2352485301748389,0.4766953716742362
7.791931874999136,31877.70065966667,-0.07621955871582031,0.032542623579502106,-0.07789987325668335,0.033195339143276215,-0.6404110193252563,-0.44914132356643677,0.3343017602366469,-0.23731745023272854,0.47470427322358266
7.801986874997965,31877.710714666668,-0.14139854907989502,0.06589855998754501,-0.08820337057113647,0.3752456307411194,-0.5209270119667053,-0.7642907500267029,0.3268610830746549,-0.23733448668725365,0.4679034412457015
7.812040875000093,31877.72076866667,-0.09396755695343018,0.055112313479185104,-0.07111066579818726,0.500400185585022,-0.36644446849823,-0.921712338924408,0.32011304261633067,-0.23570194413257325,0.45807977838609576
7.822094874998584,31877.73082266667,-0.029269635677337646,0.011837794445455074,0.004125118255615234,0.3514871299266815,-0.3115125298500061,-0.9505444765090942,0.31434171583624426,-0.23437231367411226,0.44736388219392226
7.832148875000712,31877.74087666667,0.03845173120498657,-0.05490738898515701,0.06360656023025513,0.29232752323150635,-0.2889373302459717,-0.8538045287132263,0.3088989696942923,-0.2340292839942931,0.43730482512848234
7.842202874999202,31877.75093066667,0.0900716781616211,-0.06664552539587021,0.04811203479766846,0.0919685959815979,-0.43226945400238037,-0.7171273827552795,0.30346412201640705,-0.23459674872218708,0.4290825818126076
7.852256874997693,31877.760984666667,0.05424165725708008,-0.04898756369948387,0.056696176528930664,-0.022307202219963074,-0.5002764463424683,-0.6952917575836182,0.297130835382451,-0.2363895727640003,0.4220107378224036
7.862310874999821,31877.77103866667,0.023065567016601562,-0.02629837766289711,0.011353790760040283,-0.014782972633838654,-0.5595986247062683,-0.7500364780426025,0.2901830022114077,-0.23864139243965818,0.4150037221009017
7.87236587499865,31877.78109366667,-0.018658339977264404,0.01905914768576622,-0.02498704195022583,0.2136514037847519,-0.5999301671981812,-0.8786466121673584,0.28210857192156596,-0.24018220756460673,0.40648787642969947
7.88241987499714,31877.791147666667,-0.021672606468200684,0.04487011581659317,-0.0835566520690918,0.30308857560157776,-0.542701244354248,-0.8246960639953613,0.2741743922825445,-0.23992629836819443,0.39718691954546503
7.8924738749992684,31877.80120166667,-0.018056035041809082,0.06244218721985817,-0.030785858631134033,0.2843363285064697,-0.41311532258987427,-0.7982902526855469,0.26727712850895385,-0.23946010488534522,0.3883996136939846
7.902527874997759,31877.811255666667,-0.01527339220046997,0.03211634233593941,-0.06247204542160034,0.30859240889549255,-0.2899409234523773,-0.628596305847168,0.2620122025224264,-0.23829505239937135,0.3804155750423084
7.912581874999887,31877.82130966667,0.047758638858795166,0.010088510811328888,-0.006989598274230957,0.20170019567012787,-0.24625496566295624,-0.4938196539878845,0.2577505809394891,-0.23724334010964926,0.37416370658961334
7.922635874998377,31877.831363666668,0.042595088481903076,-0.040960486978292465,0.06801855564117432,0.11846975982189178,-0.2022203952074051,-0.4507310390472412,0.25440821172025885,-0.23709209431906972,0.36917927200149087
7.932689875000506,31877.84141766667,0.049009859561920166,-0.0715891495347023,0.07235872745513916,-0.006645329296588898,-0.3055746257305145,-0.37193894386291504,0.25094190073093003,-0.23752815136559954,0.3648246235266206
7.942743874998996,31877.85147166667,0.08476889133453369,-0.02955634519457817,0.02643764019012451,-0.19962036609649658,-0.5383665561676025,-0.3690826892852783,0.24592582759113532,-0.23949749937040207,0.3615138108720551
7.952798874997825,31877.861526666667,0.03995180130004883,-0.008283670991659164,-0.004658818244934082,-0.11267833411693573,-0.663804829120636,-0.535973846912384,0.23884160112274633,-0.24217287443302732,0.35733139707676287
7.962852874999953,31877.87158066667,0.016857564449310303,-0.0006354153156280518,-0.043189048767089844,-0.057703763246536255,-0.7695608139038086,-0.8168872594833374,0.2299775414154379,-0.24448411140553647,0.3508359129475335
7.9729068749984435,31877.881634666668,-0.016033053398132324,0.03833332657814026,-0.0541035532951355,0.01816614344716072,-0.6801254749298096,-1.168099045753479,0.22005506027864238,-0.24687981737632617,0.3409510756719342
7.982960875000572,31877.89168866667,-0.02676945924758911,0.035570062696933746,-0.06282341480255127,0.032451074570417404,-0.5737524032592773,-1.268733024597168,0.21074979137950134,-0.24923095041694807,0.32806239792546543
7.993014874999062,31877.90174266667,0.044448673725128174,0.03360605239868164,-0.00507044792175293,-0.15975205600261688,-0.49468645453453064,-0.9782670736312866,0.2027148517840907,-0.25198331834536625,0.31658838893500274
8.003068874997552,31877.911796666667,0.020894169807434082,0.039415888488292694,0.05763512849807739,-0.14543277025222778,-0.20987392961978912,0.07023516297340393,0.197656580077064,-0.25488167458822475,0.31164117191594415
8.01312287499968,31877.92185066667,-0.047910451889038086,0.10792794078588486,-0.019649982452392578,-0.09858746081590652,0.03794719651341438,0.5356009602546692,0.19788745047653267,-0.2554333573861003,0.3155097712075237
8.023176874998171,31877.931904666668,-0.03409600257873535,0.04685848206281662,-0.06568026542663574,-0.1255469024181366,0.0523703433573246,0.3957946002483368,0.19965338664936766,-0.25549048969817395,0.3205483319478538
8.033231875000638,31877.94195966667,-0.030179083347320557,-0.02885601669549942,4.124641418457031e-05,-0.18562200665473938,0.20954304933547974,0.05467792972922325,0.20153575816280578,-0.25649704006614477,0.3231516405757982
8.043285874999128,31877.95201366667,-0.00790095329284668,-0.00015500932931900024,0.06475245952606201,-0.18045121431350708,0.20837844908237457,-0.17588816583156586,0.20311916438299252,-0.25938321208946363,0.3230527171986566
8.053339874997619,31877.962067666667,0.02522486448287964,-0.05934399366378784,-0.13966739177703857,-0.14565129578113556,0.15544240176677704,-0.11447165161371231,0.20571290985680338,-0.2596681944064605,0.3217381955172248
8.063393874999747,31877.97212166667,0.02722245454788208,-0.04807392507791519,0.055847764015197754,-0.1729833036661148,0.10963869094848633,-0.20477783679962158,0.20671380331715503,-0.2614046645594406,0.3202665835875607
8.073447874998237,31877.982175666668,0.009294867515563965,0.01986096054315567,0.022616267204284668,-0.27816492319107056,-0.01444756705313921,-0.1302768737077713,0.20667407006488012,-0.26430509256979273,0.31906771838209025
8.083501875000366,31877.99222966667,0.017471909523010254,-0.005861513316631317,0.00382840633392334,-0.2707480192184448,-0.031128276139497757,0.012197182513773441,0.20633437659972012,-0.267075054473998,0.3190420702594196
8.093555874998856,31878.00228366667,-0.004394710063934326,-0.012298531830310822,0.00812840461730957,-0.19332675635814667,0.06758604943752289,0.1156688705086708,0.20684636411731425,-0.2693667024321703,0.32026112316733796
8.103610874997685,31878.012338666667,-0.002246677875518799,-0.012481950223445892,0.04827678203582764,0.07370201498270035,0.15267857909202576,0.11653760075569153,0.20830524969725048,-0.269729389898154,0.32164334101877556
8.113664874999813,31878.02239266667,-0.005739271640777588,-0.0042471326887607574,0.029357552528381348,0.18791016936302185,0.17277425527572632,0.04877426102757454,0.21016480181444286,-0.2681405109601199,0.32217421711235794
8.123718874998303,31878.032446666668,-0.013361811637878418,-0.002202369272708893,-4.303455352783203e-05,0.21408851444721222,0.112745001912117,-0.12618929147720337,0.211350179642907,-0.26622841339122577,0.3214500766301682
8.133772875000432,31878.04250066667,-0.022093474864959717,-0.014306798577308655,-0.0025728344917297363,0.17032328248023987,0.08463241159915924,-0.39289259910583496,0.21150273341960987,-0.2648884345757166,0.3183478565155116
8.143826874998922,31878.05255466667,0.0012455582618713379,-0.011142022907733917,-0.010250866413116455,0.026704860851168633,-0.03240633010864258,-0.5503879189491272,0.2104381007410936,-0.2649546747253172,0.3132824167985069
8.153880874997412,31878.062608666667,0.015853047370910645,-0.010167941451072693,-0.036544740200042725,0.11075866222381592,0.16918271780014038,-0.582575798034668,0.2094145154681037,-0.2654127418491962,0.30726498388308
8.16393487499954,31878.07266266667,0.0007514357566833496,0.0432422012090683,0.022582173347473145,-0.2065844088792801,-0.022316409274935722,-0.5291876792907715,0.20837881763552826,-0.2677909131399029,0.30199897765682593
8.173988874998031,31878.082716666668,-0.02410215139389038,0.01332460343837738,-0.021271944046020508,-0.07792550325393677,0.07010219991207123,-0.4141189157962799,0.20725509104122938,-0.2699484514920379,0.29728338955964656
8.184043875000498,31878.09277166667,-0.018571317195892334,0.04980534315109253,0.022796034812927246,-0.4330199658870697,-0.11637713015079498,-0.18237490952014923,0.20649035007442185,-0.273279388253421,0.29484669941011904
8.194097874998988,31878.10282566667,-0.0022023916244506836,0.031589604914188385,0.051007628440856934,-0.18695233762264252,-0.09039786458015442,-0.021411776542663574,0.2052047912302436,-0.27666961818820374,0.2944562781970446
8.204151874997478,31878.112879666667,-0.0007982850074768066,-0.0076412782073020935,-0.0600244402885437,0.0001629536272957921,-0.07912949472665787,0.09915778040885925,0.20451703161914414,-0.2774642582721415,0.2951691497904535
8.214205874999607,31878.12293366667,0.00911569595336914,-0.018683962523937225,-0.03786611557006836,-0.026024309918284416,0.03439507260918617,-5.181453161640093e-05,0.2043578439718203,-0.27748283644954347,0.29576544797159504
8.224259874998097,31878.132987666668,0.0016782283782958984,0.0008008554577827454,0.01822221279144287,-0.06202465295791626,-0.02439980022609234,-0.06156524270772934,0.20448330799313147,-0.2779454305301235,0.2954840823556933
8.234313875000225,31878.14304166667,0.03389769792556763,-0.028157450258731842,0.01508021354675293,-0.11836844682693481,-0.12856349349021912,-0.07099411636590958,0.20350512262945017,-0.27897762282673594,0.2949646449220113
8.244367874998716,31878.15309566667,0.019599497318267822,-0.01948874443769455,0.006058216094970703,-0.10745374113321304,-0.15878504514694214,-0.036790333688259125,0.20194934885693133,-0.2802936987467272,0.2946732959305693
8.254422874997545,31878.163150666667,0.005561113357543945,0.012059055268764496,-0.00027316808700561523,0.05440550670027733,-0.11950966715812683,-0.037194523960351944,0.20039274639695231,-0.28067638787407545,0.2943898319287028
8.264476874999673,31878.17320466667,-0.024058640003204346,0.025269687175750732,-0.0015102028846740723,0.18848848342895508,-0.05363558232784271,-0.048510294407606125,0.19930156757803258,-0.279517482203307,0.2936805689726509
8.274530874998163,31878.183258666668,-0.04032778739929199,0.03344503790140152,0.004381716251373291,-0.15372617542743683,-0.0871041938662529,-0.0790591761469841,0.1986602967350687,-0.27860438930516984,0.2928053181240986
8.284584875000292,31878.19331266667,-0.015316486358642578,0.08133887499570847,0.08291506767272949,0.01528495829552412,-0.10158033668994904,0.18071965873241425,0.19781829907762488,-0.27947254035860275,0.2935822317310391
8.294638874998782,31878.20336666667,-0.003185451030731201,-0.03895813226699829,-0.09107011556625366,0.00029056344646960497,-0.11441171169281006,0.2180928736925125,0.19734406680950306,-0.2787846758198833,0.29576191815345926
8.304692874997272,31878.213420666667,0.0006584525108337402,0.0063931867480278015,0.015176355838775635,-0.1277952343225479,-0.06201615184545517,0.10218597948551178,0.19696770091353044,-0.27902177107151394,0.2975265524237921
8.3147468749994,31878.22347466667,-0.0020203590393066406,-0.016614459455013275,0.05519700050354004,-0.18841330707073212,0.019298944622278214,-0.030843442305922508,0.19690594241204046,-0.28062413877108994,0.2982511048937457
8.32480087499789,31878.233528666668,-0.009173750877380371,-0.018955208361148834,0.0008438825607299805,-0.08100882172584534,-0.05970718711614609,-0.2436758279800415,0.19665307356386783,-0.28214707659216043,0.2972650567545306
8.334855875000358,31878.24358366667,-0.032019734382629395,-0.015234984457492828,-0.02334141731262207,0.13842234015464783,-0.07485365122556686,-0.35332348942756653,0.1947884785352756,-0.28237353037241025,0.29397355255799484
8.344909874998848,31878.25363766667,-0.062045156955718994,-0.059388160705566406,-0.00408095121383667,-0.016831431537866592,0.07613027095794678,-0.3611827492713928,0.19375058935268172,-0.28231153118140234,0.2900566117225613
8.354963874997338,31878.263691666667,0.0013055205345153809,-0.019442319869995117,-0.012533128261566162,-0.22373375296592712,0.03837357088923454,-0.38095569610595703,0.1933577773824067,-0.28442212212657186,0.28665621662592045
8.365017874999467,31878.27374566667,0.02956843376159668,0.01844857633113861,-0.0264623761177063,0.24952751398086548,0.4303222894668579,-0.3885329067707062,0.19401382823587374,-0.2856731601099454,0.28265264798140993
8.375071874997957,31878.283799666668,0.005785644054412842,0.030596457421779633,-0.030200958251953125,0.2762400507926941,0.6189261674880981,-0.43335774540901184,0.19782670946387226,-0.283908093560794,0.2780282117831105
8.385125875000085,31878.29385366667,-0.06703692674636841,0.01839189976453781,-0.005728304386138916,0.4190845489501953,0.9032577872276306,-0.40851232409477234,0.20412279881662893,-0.2812438439054909,0.2728504179787153
8.395179874998576,31878.30390766667,-0.021102309226989746,0.043787069618701935,-0.011404454708099365,0.2896195650100708,0.817223310470581,-0.37435382604599,0.21164463919807894,-0.2785128029891542,0.26805455223837915
8.405234874997404,31878.313962666667,0.02099400758743286,0.002955891191959381,0.02521216869354248,0.06436862051486969,0.5884737372398376,-0.29319238662719727,0.2178942287520436,-0.2771303511612138,0.26415987379526784
8.415288874999533,31878.32401666667,0.05810356140136719,-0.035826459527015686,0.03535938262939453,-0.19791853427886963,0.27782729268074036,-0.048075929284095764,0.22212785696952342,-0.27784390992727837,0.26249746045940975
8.425342874998023,31878.334070666668,0.1022217869758606,-0.062065474689006805,0.0745091438293457,-0.37636205554008484,0.02622196637094021,0.0942910686135292,0.22389099986829547,-0.28069560355364315,0.26355420131978025
8.435396875000151,31878.34412466667,0.08096128702163696,-0.06871948391199112,0.05514806509017944,-0.4132184088230133,-0.19176842272281647,0.09482886642217636,0.223498318153497,-0.28444488234266246,0.26551850737846217
8.445450874998642,31878.35417866667,0.02173459529876709,-0.031883902847766876,0.0060166120529174805,-0.24047964811325073,-0.16627638041973114,0.023109670728445053,0.2221303811699775,-0.2875669489051969,0.26693176262550217
8.455504874997132,31878.364232666667,-0.005880773067474365,0.03822094202041626,-0.02284824848175049,-0.04005184397101402,-0.16096390783786774,-0.025388624519109726,0.2204877563350195,-0.28894223685162074,0.2671689786967461
8.46555887499926,31878.37428666667,-0.009342968463897705,0.028593041002750397,-0.0240018367767334,0.06464846432209015,-0.1945199966430664,-0.018870269879698753,0.2186240498895234,-0.28882850402855964,0.2668869583061179
8.47561287499775,31878.384340666667,-0.005093991756439209,0.020537875592708588,-0.028686046600341797,0.0941549614071846,-0.18011310696601868,0.004649224225431681,0.21662621788399888,-0.2880105825313624,0.26662649797842547
8.485667875000217,31878.39439566667,-0.006860613822937012,0.010848365724086761,-0.01669400930404663,-0.03509809821844101,-0.18417441844940186,0.05947199463844299,0.2149081314549402,-0.28751948537125965,0.2668145752243373
8.495722458334058,31878.404450250004,0.00016820430755615234,-0.0036196187138557434,-0.016558289527893066,-0.25368887186050415,-0.16500511765480042,0.130662202835083,0.21347955599824858,-0.28880019565303533,0.26812962806566915
8.505776458332548,31878.414504250002,-4.0531158447265625e-05,0.0015541315078735352,-0.007502913475036621,-0.3299945592880249,-0.11300157010555267,0.19644813239574432,0.21272820318040192,-0.2913907929276136,0.2704418806434441
8.515830458331038,31878.42455825,-0.0038958191871643066,0.014548979699611664,0.004999339580535889,-0.22732657194137573,-0.03381047770380974,0.24613291025161743,0.21290087900292362,-0.29384614097786915,0.27349997008929156
8.525884458333167,31878.434612250003,-0.021734237670898438,-0.014509618282318115,0.01175302267074585,-0.019488954916596413,-0.017625916749238968,0.08764711767435074,0.21334284504254933,-0.29466743985799543,0.2755401253102538
8.535938458331657,31878.44466625,0.001989901065826416,-0.03051355481147766,0.024843454360961914,0.0829881951212883,-0.0629943311214447,-0.09602532535791397,0.2129038437598856,-0.29427443032005324,0.2753915303012771
8.545992458333785,31878.454720250003,0.02554231882095337,-0.021501146256923676,0.017088770866394043,0.08164889365434647,-0.1507180631160736,-0.25880172848701477,0.21126917350564053,-0.29381287435171827,0.2733710801086999
8.556047458332614,31878.464775250002,0.037507832050323486,-0.022967450320720673,0.023232698440551758,0.048523738980293274,-0.22802336513996124,-0.4486149549484253,0.20822753372932043,-0.293888643857073,0.26957261333793786
8.566101458331104,31878.47482925,0.03806710243225098,-0.033709071576595306,0.04532104730606079,-0.0689925029873848,-0.27847614884376526,-0.5836041569709778,0.20416345920873585,-0.2950147178892913,0.26423573156784236
8.576155458333233,31878.484883250003,0.05143249034881592,-0.044567473232746124,0.0656164288520813,-0.16081057488918304,-0.4527747333049774,-0.7067379355430603,0.19869512741731585,-0.29755679202295954,0.2579019031255277
8.586209458331723,31878.49493725,0.0858616828918457,0.013986647129058838,0.032113611698150635,0.010398724116384983,-0.8372459411621094,-0.7942653894424438,0.1900245553617371,-0.29980290649622404,0.25051589957996045
8.596263458333851,31878.504991250004,0.11907565593719482,0.10824249684810638,-0.0148695707321167,0.020788649097085,-1.1242427825927734,-1.0664058923721313,0.1771928124133477,-0.30130779442784894,0.24075169352737827
8.606317458332342,31878.515045250002,0.09670025110244751,0.08911871910095215,0.006468534469604492,0.15388570725917816,-1.2185356616973877,-1.3994685411453247,0.16151458462973275,-0.3026126977086976,0.22794233217375712
8.616371458330832,31878.52509925,0.04305988550186157,0.023166760802268982,0.014396309852600098,0.3797582983970642,-1.3766242265701294,-1.7685147523880005,0.1435710438185336,-0.30236686725397327,0.21108320882376294
8.626426458333299,31878.535154250003,0.054617106914520264,0.019625157117843628,0.024625837802886963,0.44467100501060486,-1.4391101598739624,-2.116187334060669,0.12305233367617882,-0.30061444027539413,0.19012623532598413
8.63648045833179,31878.54520825,0.02546912431716919,0.0051607489585876465,-0.020204365253448486,0.2108147293329239,-1.3867876529693604,-2.284766912460327,0.10190468083036822,-0.29979024282769323,0.16661365208014328
8.646534458333917,31878.555262250004,0.024821817874908447,0.012083500623703003,-0.0628807544708252,-0.13127095997333527,-1.2181824445724487,-2.2209620475769043,0.0814149522914968,-0.30138025897377424,0.14273368984292398
8.656588458332408,31878.565316250002,-0.0325469970703125,-0.05646902322769165,-0.06538200378417969,-0.7454906105995178,-0.9074293375015259,-1.9056538343429565,0.0641365655665715,-0.30752392218003594,0.12113033547038203
8.666642458330898,31878.57537025,-0.05637770891189575,-0.17007486522197723,-0.03900408744812012,-1.154245376586914,-0.825759768486023,-1.3969120979309082,0.04999773134118488,-0.3182656182816962,0.10411571633971903
8.676696458333026,31878.585424250003,-0.026985526084899902,-0.17248667776584625,0.051084041595458984,-1.1254802942276,-0.5308775305747986,-0.7098142504692078,0.03980372411300115,-0.3302515562861501,0.09338774737737741
8.686750458331517,31878.59547825,-0.00014340877532958984,-0.05487382411956787,0.04647529125213623,-1.0998742580413818,-0.6526167392730713,-0.19066669046878815,0.03255545786247641,-0.341685806414656,0.08918347284016523
8.696804458333645,31878.605532250003,0.023852884769439697,0.14295770227909088,-0.03051072359085083,-0.47534051537513733,-0.5695701837539673,0.18660126626491547,0.026316070358122483,-0.34991232548934853,0.08944729111581283
8.706859458332474,31878.615587250002,-0.030658364295959473,0.10068964958190918,-0.030620932579040527,0.019099848344922066,-0.32385149598121643,0.7103124260902405,0.023412217402735722,-0.35186573725418646,0.09418814809092861
8.716913458330964,31878.62564125,-0.007216274738311768,0.009212017059326172,0.06852084398269653,0.3594411015510559,-0.20881998538970947,0.9876695871353149,0.023969552767918706,-0.34959663643163463,0.10370229469436032
8.726967458333093,31878.635695250003,0.011154592037200928,-0.032535672187805176,0.06517529487609863,0.7130968570709229,-0.18072788417339325,0.8325783014297485,0.025464328366507687,-0.34408042799057464,0.1133579851657933
8.737021458331583,31878.64574925,0.02145850658416748,0.05404537916183472,-0.0007712244987487793,1.0981171131134033,-0.09527263790369034,0.6399229764938354,0.026259275442333505,-0.33461131309249487,0.121055419838834
8.747075458333711,31878.655803250003,-0.07046830654144287,0.07834254205226898,-0.036614835262298584,1.3138185739517212,0.35296639800071716,0.6193998456001282,0.029475490801126294,-0.32224466006890207,0.12699365769350815
8.757129458332201,31878.665857250002,-0.12576621770858765,0.014285042881965637,0.001242518424987793,1.3126496076583862,0.6653021574020386,0.8018331527709961,0.03698178760218195,-0.30864296730075264,0.13411081199424096
8.767183458330692,31878.67591125,-0.0845678448677063,0.007061481475830078,-0.007960975170135498,0.8638519048690796,0.4969983994960785,0.7200800180435181,0.04538294620776549,-0.2970339517730788,0.1419194735389973
8.777238458333159,31878.685966250003,-0.00959092378616333,-0.042560458183288574,-0.052966952323913574,0.21663488447666168,0.24709521234035492,0.5071969628334045,0.050874698977932134,-0.29140744695530607,0.14810578482904446
8.787292458331649,31878.69602025,-0.022032856941223145,-0.06697499752044678,-0.049176156520843506,-0.20142972469329834,0.12200841307640076,0.26866504549980164,0.053842912576221605,-0.29128936667957916,0.15211479415193935
8.797346458333777,31878.706074250003,-0.02853184938430786,-0.028204739093780518,-0.030314743518829346,-0.2511185109615326,0.05051012709736824,0.13548578321933746,0.05532073718798397,-0.29373957583686494,0.15437956604854894
8.807400458332268,31878.716128250002,-0.021735310554504395,0.006073027849197388,-0.01587587594985962,-0.022629398852586746,-0.08161702007055283,0.017816131934523582,0.055484893246296116,-0.29513433888277635,0.1551750741170014
8.817454458330758,31878.72618225,0.0010622739791870117,0.013065531849861145,-0.0014950037002563477,0.29417848587036133,-0.17061160504817963,-0.046665336936712265,0.05401030784013059,-0.29384273997316146,0.15494085923707265
8.827508458332886,31878.736236250003,-0.020797252655029297,0.02411752939224243,-0.0063332319259643555,0.6552911400794983,-0.14423857629299164,-0.07924698293209076,0.05213604315319603,-0.28907568915561244,0.1540132837301414
8.837562458331377,31878.74629025,-0.048795342445373535,0.05116283893585205,-0.0515173077583313,0.858005166053772,-0.04385419189929962,-0.21290986239910126,0.050648650924759724,-0.28135102932314304,0.1521641198861549
8.847617458333843,31878.756345250004,-0.050061047077178955,0.03480824828147888,-0.05137711763381958,0.6116955280303955,-0.023520424962043762,-0.4138954281806946,0.04933951355704857,-0.27382072975589705,0.1484046733985205
8.857671458332334,31878.766399250002,-0.014982938766479492,-0.014950960874557495,-0.025212585926055908,0.006933907512575388,-0.030347436666488647,-0.34910690784454346,0.04787734602372553,-0.2708843412391382,0.14398079210802867
8.867725458330824,31878.77645325,0.0031024813652038574,-0.012277781963348389,-0.016082048416137695,-0.3625597357749939,-0.030166076496243477,-0.1069352850317955,0.04697772956012304,-0.27304704791071693,0.1417966181938608
8.877779458332952,31878.786507250003,-0.0028077363967895508,0.01742623746395111,-0.01747000217437744,-0.37057462334632874,0.002053778152912855,-0.04284084960818291,0.04666824829523515,-0.276874721034219,0.14130926661559529
8.887833458331443,31878.79656125,-0.012238681316375732,0.020482957363128662,-0.00272524356842041,-0.25205305218696594,0.041836876422166824,-0.08237440884113312,0.04677260999309755,-0.2800838733093271,0.14080810651563339
8.897887458333571,31878.806615250003,-0.001596212387084961,0.003927335143089294,0.015446841716766357,-0.07877061516046524,0.03287680447101593,-0.045718368142843246,0.0469973865123085,-0.28181001291267654,0.1401229693040333
8.907941458332061,31878.81666925,0.036219120025634766,0.009696274995803833,0.03544718027114868,0.05774089694023132,0.02684980444610119,0.04699958488345146,0.04725484223403092,-0.2818460235052836,0.14010651830833404
8.91799645833089,31878.82672425,0.031997084617614746,-0.0005721598863601685,0.02861011028289795,0.08512795716524124,0.09774687886238098,0.11961594223976135,0.04804403650349875,-0.2809847593953722,0.14098414505655013
8.928050458333018,31878.836778250003,0.018576085567474365,-0.008266732096672058,0.012763142585754395,-0.12342844903469086,0.13577228784561157,0.10626338422298431,0.049618731117602614,-0.28092471005222625,0.14219737969484322
8.938104458331509,31878.84683225,0.015637695789337158,-0.03621608018875122,0.012500762939453125,-0.36225399374961853,0.1536697894334793,0.08711759746074677,0.05138400405065848,-0.28341610089781477,0.14336049627310635
8.948158458333637,31878.856886250003,0.0003864765167236328,-0.02869275212287903,0.0006380677223205566,-0.5026995539665222,0.1130605936050415,0.03481151908636093,0.05300974335610496,-0.28775028293794547,0.14422508080834992
8.958212458332127,31878.86694025,0.004876852035522461,-0.02309952676296234,-0.005912661552429199,-0.5975834131240845,0.05340791121125221,-0.01677769050002098,0.053933955972502716,-0.2933255228149006,0.14459723020541973
8.968266458330618,31878.87699425,-0.010843396186828613,-0.015955358743667603,-0.02689838409423828,-0.5420191884040833,0.018422765657305717,0.030970124527812004,0.054435083971184565,-0.29917587115797667,0.14498000898073707
8.978320458332746,31878.887048250002,-0.01605278253555298,0.021972879767417908,-0.014999806880950928,-0.35780489444732666,-0.07349011301994324,0.022528275847434998,0.05438385864932032,-0.30367420450056337,0.14562234987028852
8.988374458331236,31878.89710225,-0.002736330032348633,0.025177016854286194,-0.0017278194427490234,-0.2471311241388321,-0.13160908222198486,-0.03767727315425873,0.05323235391939947,-0.30671460008197726,0.14565492194977556
8.998429458333703,31878.907157250003,-0.025976836681365967,0.0018123388290405273,-4.2498111724853516e-05,-0.05145185813307762,-0.037884317338466644,-0.044795237481594086,0.05221663292656491,-0.3082581923834101,0.1453166400294737
9.008483458332194,31878.917211250002,-0.038465023040771484,0.03055630624294281,-0.014415144920349121,0.005754171404987574,0.056592389941215515,-0.0584159754216671,0.05219566498096091,-0.3083659125042703,0.1447703897981112
9.018537458330684,31878.92726525,-0.011795401573181152,0.008714035153388977,-0.012235760688781738,-0.07827810198068619,0.0890660360455513,-0.010833248496055603,0.05280361216528198,-0.3087249190068475,0.1443776814392747
9.028591458332812,31878.937319250002,0.016745269298553467,-0.0027713626623153687,0.006996035575866699,-0.21662798523902893,0.07623093575239182,0.024190781638026237,0.05374400052682012,-0.3102122131354652,0.1445696607033692
9.038645458331303,31878.94737325,0.027175307273864746,-0.01382744312286377,0.01297539472579956,-0.3307417929172516,0.035441428422927856,-0.015968622639775276,0.054345039127254496,-0.3130260935105617,0.1447806435569442
9.04869945833343,31878.957427250003,0.01892632246017456,-0.018173396587371826,0.008291780948638916,-0.3229009211063385,0.04378191754221916,0.010882166214287281,0.05476014330460815,-0.31640321713878594,0.14483578275182432
9.058753458331921,31878.96748125,0.009505748748779297,-0.0063167959451675415,0.007859468460083008,-0.22308601438999176,0.028654228895902634,-0.011477760970592499,0.05529184360109232,-0.31917774822062867,0.14511738196632726
9.06880845833075,31878.97753625,0.022559165954589844,-0.01867152750492096,0.024754703044891357,-0.17314136028289795,-0.03555192053318024,-0.06741080433130264,0.05512668830969285,-0.3211021458272071,0.14477087501051097
9.078862458332878,31878.987590250003,0.02457296848297119,-0.026375576853752136,0.035497963428497314,-0.2825031280517578,-0.045131977647542953,-0.10028499364852905,0.05451535524939949,-0.3233604030082388,0.1439785485794172
9.088916458331369,31878.99764425,0.023520052433013916,-0.03427651524543762,0.013891816139221191,-0.4375808537006378,-0.12789848446846008,-0.14194056391716003,0.05332093407714222,-0.3270328119415336,0.14291985705009538
9.098970458333497,31879.007698250003,0.03589504957199097,-0.031030431389808655,0.004899263381958008,-0.6235533356666565,-0.16931277513504028,-0.16525988280773163,0.05133415228291209,-0.3324401743172246,0.14151211690948653
9.109024458331987,31879.01775225,0.021107017993927002,-0.02211432158946991,0.006517350673675537,-0.6411253809928894,-0.16453106701374054,-0.061458129435777664,0.049341408932536614,-0.3390184453402033,0.1406319262690519
9.119078458330478,31879.02780625,0.00286787748336792,0.004048377275466919,0.009235858917236328,-0.43108031153678894,-0.15422770380973816,-0.026212340220808983,0.04772665384912818,-0.34448985984948965,0.14058151372133615
9.129132458332606,31879.037860250002,-0.0031624436378479004,0.007576435804367065,0.007925570011138916,-0.3460319936275482,-0.1993272751569748,-0.12854164838790894,0.045791291179511355,-0.3482997653428392,0.13999769411842863
9.139187458331435,31879.04791525,-0.0039057135581970215,-0.012466728687286377,-0.00036537647247314453,-0.27963078022003174,-0.2633805572986603,-0.17577412724494934,0.04289420740828839,-0.35163723732504076,0.13839394934242283
9.149241458333563,31879.057969250003,0.01810699701309204,-0.0010170042514801025,0.013209223747253418,-0.15776561200618744,-0.4557689130306244,-0.18652477860450745,0.03889581621647833,-0.3538222835709608,0.13658715374114286
9.159295458332053,31879.06802325,0.02618861198425293,0.015756860375404358,-0.0045719146728515625,-0.1311943233013153,-0.4312154948711395,-0.09504229575395584,0.033753387512870256,-0.3554248507915328,0.1351559821758682
9.169349458330544,31879.07807725,-0.002489030361175537,0.008488729596138,0.0016868114471435547,0.010015007108449936,-0.3223707675933838,-0.08652124553918839,0.02963680905186163,-0.3560265340447574,0.13419794068049312
9.179403458332672,31879.088131250002,-0.003361225128173828,0.031922996044158936,0.021508753299713135,0.07509299367666245,0.9808849096298218,-0.01672309637069702,0.031009541338882528,-0.35587107992692646,0.13345483795490543
9.189457458331162,31879.09818525,-0.025664925575256348,-0.024466782808303833,0.1641610860824585,0.29753270745277405,0.7469874620437622,-0.006787375081330538,0.0405335523758619,-0.35280944906303013,0.13397552824452155
9.19951145833329,31879.108239250003,0.010780692100524902,0.13060078024864197,-0.10677587985992432,-0.39726898074150085,0.9493653178215027,0.31527572870254517,0.04963890495154016,-0.3537392022077165,0.13536857135740438
9.20956645833212,31879.11829425,0.002865314483642578,-0.051259711384773254,-0.005473613739013672,-0.6928446888923645,0.5567573308944702,0.3463875651359558,0.05899404408395102,-0.35906097031644535,0.13938549159314947
9.21962045833061,31879.12834825,0.0058065056800842285,-0.002879410982131958,-0.0755925178527832,-0.9672086238861084,0.19105152785778046,0.3670695126056671,0.06387280032108192,-0.3672973361011121,0.14383758550368128
9.229674458332738,31879.138402250002,-0.027020633220672607,-0.024261459708213806,-0.02280580997467041,-0.8467799425125122,0.19563323259353638,0.4208938777446747,0.06763486918540688,-0.3763975715441753,0.14871419702889768
9.239728458331228,31879.14845625,-0.03404390811920166,0.005495816469192505,-0.02722024917602539,-0.6193653345108032,0.12084434181451797,0.3526669442653656,0.07097773825053881,-0.38341987557285984,0.15364882084447024
9.249782458333357,31879.158510250003,-0.06808120012283325,0.011318400502204895,-0.07106155157089233,-0.33167046308517456,0.23513923585414886,0.00027668639086186886,0.07358476016297781,-0.3881583471032641,0.15613092302888906
9.259836458331847,31879.16856425,-0.12059909105300903,0.04694586992263794,-0.10868203639984131,-0.04648737236857414,0.25369372963905334,-0.33265748620033264,0.0754936014581013,-0.3900040369608061,0.15429891063570453
9.269890458333975,31879.178618250004,0.02169036865234375,-0.044700175523757935,0.07177597284317017,-0.03828057646751404,0.003695883322507143,-0.38834232091903687,0.07525575344067242,-0.3905255543421792,0.15011043140174538
