ax,ay,az,gx,gy,gz,roll,pitch,yaw
0.0015464425086975098,0.009717613458633423,0.003907620906829834,-0.004201026633381844,-0.002287799958139658,-0.0016459268517792225,-0.6183691510059655,0.5104140115576189,0.14725925814364255
-0.004890143871307373,0.00871327519416809,-0.001972019672393799,0.010076979175209999,-0.008551022037863731,-0.010569380596280098,-0.6184094220508509,0.5104520751346168,0.1472176023310444
-0.001884758472442627,0.00928303599357605,-0.0014890432357788086,0.01579878106713295,-0.0035693130921572447,-0.017321079969406128,-0.6184447460288385,0.5106504111482787,0.14716713861991576
0.004406392574310303,0.002759397029876709,0.003930807113647461,0.014246157370507717,0.003300577402114868,-0.012422461993992329,-0.6183877868441221,0.5108684995122124,0.14711530316214563
0.002772092819213867,-0.0028976798057556152,0.00016295909881591797,0.02185254544019699,-0.01290222816169262,-0.01380674634128809,-0.6184280775143843,0.511082860133649,0.14712852296878162
0.003837406635284424,-0.006070613861083984,-0.0065732598304748535,0.025466188788414,-0.027198875322937965,-0.011079935356974602,-0.6186292039519642,0.5113813454382496,0.1471517139593122
0.003765702247619629,-0.003534257411956787,-0.00571364164352417,0.012680972926318645,-0.020573996007442474,-0.00029807438841089606,-0.6189004215842892,0.5115602325562001,0.14724078644317048
0.0009087920188903809,-0.004453420639038086,-0.006138205528259277,0.00725984200835228,-0.015872186049818993,-0.002547380281612277,-0.6191007901002272,0.511643581105114,0.14727512348814167
0.0060340166091918945,0.001555114984512329,0.003932356834411621,0.0006122374907135963,-0.007414784282445908,0.003623323980718851,-0.6192112370440988,0.5116571539470745,0.14728920265501055
0.00964367389678955,0.005979746580123901,0.013128340244293213,-0.008134116418659687,0.009229972027242184,0.0029812357388436794,-0.6192165723552963,0.5115866389219546,0.14730107880478238
0.025069594383239746,0.010000497102737427,0.00645214319229126,-0.04655212163925171,0.22456930577754974,-0.11869595944881439,-0.6186964569587112,0.5115779502703871,0.14702705720693424
0.1580628752708435,0.03118690848350525,-0.03896474838256836,-0.13686896860599518,0.42554771900177,-0.4352989196777344,-0.6187963793548705,0.5116212077847851,0.14684343565679134
0.07495146989822388,0.011412203311920166,-0.030088424682617188,-0.04964982345700264,0.12617669999599457,-0.2380911111831665,-0.6187693991730736,0.5119720629194628,0.1465661512484706
-0.03901582956314087,0.009988725185394287,0.02708899974822998,2.3190630599856377e-05,-0.03247978910803795,-0.06969251483678818,-0.6180863248231863,0.5121420346591811,0.1461550712289308
0.00033283233642578125,0.0018087923526763916,0.010535836219787598,-0.01696653477847576,0.045641377568244934,-0.06048969551920891,-0.6176150762556121,0.512158134900309,0.14587213368009283
0.006034135818481445,-0.006211787462234497,-0.011510670185089111,-0.04203353822231293,0.01671997830271721,0.009309359826147556,-0.6174111936114756,0.5119894645855946,0.14577165687642307
0.0074021220207214355,-0.009941726922988892,-0.001711130142211914,-0.026260167360305786,0.006385849788784981,0.01649339497089386,-0.617310902694414,0.5116491388698013,0.14573758053000643
0.0068473219871521,-0.008577227592468262,-0.007442474365234375,-0.02557307295501232,0.002354089869186282,0.022676723077893257,-0.6173308420464608,0.5113415688846756,0.14578735901476725
0.004404604434967041,-0.01110336184501648,-0.002734661102294922,-0.05560043454170227,0.008584422059357166,0.03437111899256706,-0.6173656629252644,0.5108945453319995,0.14580833152727496
0.0009420514106750488,-0.001285463571548462,-0.0015022754669189453,-0.02063872292637825,-0.006556181237101555,0.032518621534109116,-0.6174044566770407,0.5103947796609515,0.14585716065986037
-0.0032668709754943848,0.006143420934677124,-0.008584976196289062,-0.007887774147093296,-0.01164361834526062,0.0056409346871078014,-0.6175166601034701,0.5101825094526817,0.14591750976265885
-0.0006924271583557129,0.0019981563091278076,0.0013657212257385254,0.010732782073318958,-0.0020818044431507587,-0.010864805430173874,-0.6175987312949244,0.5101883552031945,0.14592049874704605
-0.0019068717956542969,0.006881922483444214,0.0004881620407104492,0.03945484012365341,-0.00423936452716589,-0.026783345267176628,-0.6176397239050586,0.510539209989011,0.1459302400557525
0.0005568265914916992,0.004620850086212158,-0.00142592191696167,0.025535032153129578,-0.0036942155566066504,-0.01788119599223137,-0.6176867707705626,0.5109558340007342,0.14592869987474852
0.00163346529006958,0.006760448217391968,0.005595386028289795,0.006545361131429672,0.008562451228499413,-0.008061375468969345,-0.6176481576075734,0.5111521083793656,0.14592705682595353
0.002102494239807129,0.006431370973587036,0.0006260871887207031,0.012318029068410397,0.003979150205850601,-0.010819344781339169,-0.6175656240266689,0.5112821564373072,0.14589853370054964
-0.0004563331604003906,9.241700172424316e-05,-0.003594517707824707,0.015752529725432396,-0.0003684600815176964,-0.01812008209526539,-0.6175309921955585,0.5115020547875481,0.14585163429078885
0.00034290552139282227,0.004846632480621338,-0.001642465591430664,0.015129083767533302,-0.00887805875390768,-0.017512613907456398,-0.6175265802151357,0.5117395915372686,0.14578067822914167
0.005065798759460449,0.005767107009887695,0.0009561777114868164,0.0014544175937771797,-0.031956881284713745,0.0006593320285901427,-0.6177321400534423,0.5118502725235661,0.14577178374363203
0.004941344261169434,-0.002016007900238037,-0.0010747313499450684,-0.0008697230368852615,-0.019261322915554047,0.00043589278357103467,-0.6180218127845816,0.5118314600139724,0.14578343705148378
0.0043547749519348145,-0.0023089945316314697,-0.0026073455810546875,0.013222704641520977,0.00525134289637208,-0.007637186907231808,-0.6181033935892997,0.5118979727063675,0.14579597963381372
0.0072898268699646,-0.0019972026348114014,0.0006777048110961914,0.022032173350453377,0.020424436777830124,-0.01213633082807064,-0.6179831257201983,0.512115624363419,0.14583083439667247
0.003514587879180908,0.0037586092948913574,-0.0008862018585205078,0.010577430948615074,0.022518081590533257,-0.01260070689022541,-0.6177520420158394,0.5123118926107859,0.14582649086672306
-0.00042045116424560547,0.009341180324554443,0.0015996098518371582,0.006914519239217043,0.00020851404406130314,-0.017385873943567276,-0.6176016853692015,0.5124670072226714,0.14574672211055884
-0.0020485520362854004,0.007811367511749268,-0.00030815601348876953,0.001613053260371089,-7.378100417554379e-05,-0.010048812255263329,-0.6175694526179867,0.5125850807137985,0.14564853643417452
0.0025687813758850098,0.0041769444942474365,0.0003046989440917969,0.00024818326346576214,5.378434434533119e-05,-0.008596324361860752,-0.617509123864954,0.5126168234581292,0.145569259830187
0.003498375415802002,-0.0037607550621032715,-0.003059208393096924,3.0869385227561e-05,0.0033342663664370775,7.812377589289099e-05,-0.617484112895647,0.5126657819909755,0.14552795436505406
0.002042412757873535,-0.008045703172683716,-0.004180610179901123,-0.003068251069635153,0.029739243909716606,0.005519760772585869,-0.6173264725160079,0.5126163683912507,0.14554490930051192
0.0031427741050720215,-0.004253268241882324,0.0020864009857177734,0.0003249265719205141,0.044806208461523056,-0.004472766071557999,-0.6169178409770505,0.5126083705282739,0.1455450548898062
0.005635261535644531,0.0015770792961120605,0.0037688612937927246,-0.011000432074069977,0.041613079607486725,-0.0010439460165798664,-0.6164683196176234,0.5125925802849738,0.1454934306981308
-0.002896547317504883,0.00907045602798462,0.0007239580154418945,-0.020577071234583855,0.04759027808904648,0.0007815444841980934,-0.6159450354280676,0.512471508338359,0.14538891659885445
-0.006104886531829834,0.01059010624885559,-0.0002506375312805176,-0.013053907081484795,0.02894894964993,-0.010452201589941978,-0.6154518683941697,0.512324281854896,0.14520697577388292
-0.0025641918182373047,0.008143991231918335,-0.005286157131195068,0.001053523039445281,0.010414812713861465,-0.01567138358950615,-0.6151859192897575,0.5123539224683141,0.14504797907135766
0.0031796693801879883,0.006204575300216675,0.003200054168701172,-0.028430866077542305,0.017755815759301186,0.015773089602589607,-0.6150096498473632,0.5122646201922424,0.14496441786119138
0.007510066032409668,-0.0007476508617401123,0.0028828978538513184,-0.06407611817121506,0.014607693068683147,0.03102986142039299,-0.614792487249847,0.5117286277665135,0.14487919386158873
0.0032030344009399414,-0.004901766777038574,-0.0009900927543640137,-0.07639803737401962,0.0008900167886167765,0.05590032413601875,-0.6147019267650665,0.5109195454937023,0.14479937517488428
0.009455740451812744,-0.012515336275100708,-0.0017011165618896484,-0.07521110773086548,0.02093522995710373,0.047314852476119995,-0.6145451066535285,0.5099932834181973,0.14477104837999688
0.009534835815429688,-0.012117534875869751,0.0008972883224487305,-0.050710827112197876,0.01143307238817215,0.04390387609601021,-0.6144029300202726,0.509242900508953,0.14477912952340452
0.0033380985260009766,-0.0068922340869903564,-0.005835175514221191,-0.033102404326200485,0.02000991627573967,0.028147201985120773,-0.6142835980530599,0.5086740723795438,0.14486588492582353
-0.000775754451751709,0.0010633468627929688,-0.002013266086578369,-0.009537957608699799,0.01073945127427578,0.0073500447906553745,-0.614135121791703,0.5083836614975095,0.14489376841451268
-0.0018782615661621094,0.011486947536468506,-0.006180882453918457,0.013594304211437702,0.003118150634691119,-0.014126671478152275,-0.614065600425949,0.5084381602148158,0.14487886774079414
-0.004522800445556641,0.009578019380569458,-0.0072362422943115234,0.026596656069159508,0.018993252888321877,-0.027264045551419258,-0.6139115851851361,0.5087158884071936,0.14482607293758235
-0.0005764961242675781,0.007100939750671387,-0.0034818649291992188,0.04511290416121483,0.012540680356323719,-0.029926512390375137,-0.6137233174062028,0.5091817840873365,0.14477940436828593
0.004399478435516357,0.0011192262172698975,-0.010034501552581787,0.04997210577130318,0.00024033873341977596,-0.033768922090530396,-0.6136599794335833,0.5097757003465949,0.14478729284277359
0.0058182477951049805,-0.0034744441509246826,-0.005270242691040039,0.041527312248945236,0.004506989382207394,-0.03146433085203171,-0.6136368512553487,0.5103693136731685,0.14479054644416445
0.012280285358428955,-0.0017811059951782227,0.00841587781906128,0.030384644865989685,-0.002642266917973757,-0.024167269468307495,-0.6135838135506426,0.5108586043431593,0.14475663725630467
0.008689582347869873,7.700920104980469e-05,0.004133045673370361,0.02085270546376705,-0.02932114712893963,-0.006554319057613611,-0.6137355378510058,0.5111519753900549,0.1447674759955286
-0.0014762282371520996,-0.00044083595275878906,-0.00865638256072998,0.02830502763390541,-0.016180045902729034,-0.007994556799530983,-0.6140282352749734,0.5113630531982223,0.14484853933032193
-0.0025458335876464844,-0.005469769239425659,-0.0073754191398620605,0.0338728129863739,-0.024724798277020454,-0.0013100756332278252,-0.6142400082753157,0.5116329489145564,0.14498573844570656
0.0025336742401123047,0.002016127109527588,-0.01241600513458252,0.02380659617483616,-0.047177378088235855,0.013788449577987194,-0.6147540635410712,0.511800854724257,0.1452676558127535
-0.008176088333129883,-0.0015181005001068115,-0.013355374336242676,0.007693227380514145,-0.05522012338042259,0.026947980746626854,-0.6154166927934175,0.5117900314602432,0.1455734683241879
0.004002690315246582,0.005392998456954956,0.002245664596557617,0.008698037825524807,-0.05435619503259659,0.021170519292354584,-0.6160636723087578,0.5116837154377953,0.1458292042872232
0.004225194454193115,0.007049918174743652,0.008530378341674805,0.008368872106075287,-0.029310496523976326,0.010349137708544731,-0.6165879851984831,0.5116765127121805,0.14603595644603656
0.001932978630065918,0.00679895281791687,0.015403449535369873,0.00916515663266182,-0.0009733968181535602,0.00010635325452312827,-0.6167511737907344,0.5117212040258003,0.1461212246791481
0.004239916801452637,0.009075433015823364,0.011515140533447266,0.012469207867980003,0.0199850145727396,-0.003040730720385909,-0.6166765486184225,0.5118470205785389,0.14617729362280737
-0.004930377006530762,0.005705922842025757,-1.2993812561035156e-05,0.004754562396556139,0.008916651830077171,-0.005411743186414242,-0.6165129199928931,0.5119200893745404,0.14618567959578882
-0.0041332244873046875,0.009850174188613892,-0.006915390491485596,-0.023659057915210724,0.014335918240249157,0.014583109878003597,-0.6164081105847058,0.5119131164261735,0.14614209581557341
0.026687204837799072,0.03780356049537659,0.029609382152557373,-0.14196252822875977,0.019960246980190277,0.11273285001516342,-0.6162103585684141,0.5107224937054121,0.14624401615103355
0.03288149833679199,0.021933138370513916,0.044665753841400146,-0.06941486895084381,-0.017260758206248283,0.062032781541347504,-0.6162766031507069,0.5092699376348347,0.1463578816066303
-0.01846921443939209,-0.02395486831665039,-0.018724441528320312,-0.02749059349298477,0.04648306965827942,0.04625381901860237,-0.616226124944554,0.5086178570147185,0.14653702787665088
-0.007195949554443359,-0.003457874059677124,-0.02873384952545166,0.03325233981013298,0.06553732603788376,0.031174391508102417,-0.6158560558778953,0.5083958471495931,0.1469435636722128
-0.01144719123840332,0.0033489763736724854,-0.027220964431762695,0.08230829983949661,0.02623572014272213,-0.011909962631762028,-0.6155665569226111,0.5088342550215696,0.1474045481773188
0.005569577217102051,-0.0021802783012390137,-0.028026700019836426,0.09686886519193649,-0.07347995042800903,0.0013698367401957512,-0.6161140369732018,0.5096666916259602,0.14797054335605536
0.0149766206741333,-0.014128834009170532,-0.029520511627197266,0.039540596306324005,-0.13177628815174103,0.0525004006922245,-0.6175338063865735,0.5100852407284832,0.1487055797813662
0.01823526620864868,-0.01809483766555786,-0.03362631797790527,0.01373833604156971,-0.11663474887609482,0.04980189725756645,-0.619150461744766,0.5099118797106701,0.14941064612366245
-0.011607587337493896,-0.02406620979309082,-0.03957313299179077,0.046210527420043945,-0.08341154456138611,-0.04238395392894745,-0.6202604524520938,0.510098246318695,0.14968432476787405
-0.031991660594940186,-0.022702664136886597,-0.0318295955657959,0.0006108169909566641,-0.0668533444404602,-0.038332436233758926,-0.6208691284345299,0.5106466466949866,0.14947562888730986
-0.018886864185333252,-0.03348097205162048,0.006036043167114258,-0.09350582212209702,-0.006885081995278597,0.06828854978084564,-0.6211474717241767,0.5101156334315236,0.14931004569897843
0.00989234447479248,-0.06970784068107605,0.037159860134124756,-0.15320941805839539,0.028193410485982895,0.07232896238565445,-0.6210042785239807,0.5087319759588669,0.14917053493082771
0.01548302173614502,-0.056608766317367554,0.07030022144317627,-0.25038018822669983,0.09005464613437653,0.12075375765562057,-0.6201419315417932,0.506487648088034,0.14867662009197177
0.010571002960205078,-0.019942522048950195,0.0686187744140625,-0.27676108479499817,0.1463882178068161,0.11430799961090088,-0.6186385012906761,0.5035926200986389,0.14799784421654524
0.006756901741027832,0.008967369794845581,0.046840131282806396,-0.272137314081192,0.2645292580127716,0.07875026762485504,-0.6161856176431171,0.5007488254217187,0.14711841344717708
-0.01510995626449585,0.025877922773361206,0.00101470947265625,-0.22243741154670715,0.4487326145172119,-0.010838785208761692,-0.611934560097101,0.4984933307012953,0.14574795908210164
-0.0600050687789917,0.04545873403549194,-0.08202999830245972,-0.06744249165058136,0.5043455958366394,-0.11486584693193436,-0.606272722226807,0.4975944267150924,0.14419925856951468
-0.07186198234558105,0.03162086009979248,-0.11533772945404053,0.018374189734458923,0.4266895353794098,-0.16700567305088043,-0.6007367673431387,0.4983607230831653,0.14262120277409684
-0.04494151473045349,0.04243201017379761,-0.0972554087638855,0.02509947121143341,0.2621362805366516,-0.10432631522417068,-0.5968176249603594,0.4992906860467104,0.141552535435829
-0.03338128328323364,0.05337768793106079,-0.04031103849411011,0.052096158266067505,0.17774508893489838,-0.11036654561758041,-0.5942900250861384,0.5002005401551518,0.1407942636108901
-0.027549773454666138,0.03502872586250305,0.005069375038146973,0.10768378525972366,0.15906967222690582,-0.17115479707717896,-0.5922264636980273,0.5017050328265124,0.13994286400785966
-0.014795929193496704,0.023512810468673706,0.029483318328857422,0.11576776951551437,0.12028032541275024,-0.15815040469169617,-0.5903731544886981,0.503625545067351,0.13905652104258168
-0.010341465473175049,0.013965129852294922,0.019809305667877197,0.45019686222076416,0.16337426006793976,-0.43332070112228394,-0.5887550095539837,0.5075895541871225,0.13815516597290675
-0.060180872678756714,-0.009850621223449707,-0.05580711364746094,0.27917149662971497,0.2797008752822876,-0.2598976194858551,-0.5860244650346536,0.5129615975328201,0.1372211851067457
0.10000520944595337,0.03443238139152527,0.13489842414855957,0.15071633458137512,0.3635161519050598,-0.1811564862728119,-0.5822647400706896,0.5156103225845938,0.13644266588513732
0.009600609540939331,0.023948729038238525,0.04987818002700806,0.3124828338623047,0.30386653542518616,-0.2980184257030487,-0.5784991218235452,0.5188394435422128,0.13566107877154163
-0.026877105236053467,-0.012116193771362305,-0.055904388427734375,0.3487391173839569,0.24623146653175354,-0.2708592414855957,-0.5754266280833736,0.5234042415489281,0.13492206619348432
0.016987085342407227,-0.0001627802848815918,-0.03078538179397583,0.2977476418018341,0.23371247947216034,-0.18936623632907867,-0.5728299958576377,0.5273087721794707,0.13470068381057526
0.020437300205230713,-0.02635800838470459,-0.03661632537841797,0.2814696133136749,-0.09157826006412506,-0.0030901057180017233,-0.572423285837185,0.5303532567463498,0.1356725687706754
0.010217130184173584,-0.05877000093460083,-0.08141624927520752,0.16178475320339203,-0.042330823838710785,0.06884288787841797,-0.5741437976856761,0.5321558303894478,0.13733306749234214
0.04353368282318115,-0.0034133195877075195,0.029630661010742188,-0.0749758630990982,0.026445044204592705,0.2073512226343155,-0.5750514297967388,0.5317460227440516,0.13904044581034422
0.0645587146282196,0.0003230571746826172,0.06140732765197754,-0.17451123893260956,-0.012758816592395306,0.22888870537281036,-0.5756367321100933,0.5293553999705419,0.14035465857780338
0.03524908423423767,-0.016108989715576172,0.02941495180130005,-0.097322978079319,-0.048885129392147064,0.1774236410856247,-0.5764701566126451,0.5270430413070667,0.14140437636301956
0.030498147010803223,-0.02723783254623413,-0.0013539791107177734,-0.006758637726306915,0.025136100128293037,0.08504050225019455,-0.5772067387548742,0.5258369564567894,0.14241548322173472
0.056057512760162354,-0.015935957431793213,0.017929792404174805,0.027296533808112144,0.0958198606967926,0.09048453718423843,-0.5769862601572766,0.5255843533266468,0.14331545737478968
0.06663089990615845,-0.02464205026626587,0.009605228900909424,0.0254327654838562,0.05391555279493332,0.10372816771268845,-0.5767140467934467,0.5252568448357133,0.14446038282065776
0.02842634916305542,-0.0207940936088562,-0.006909072399139404,-0.03890467807650566,-0.0007895056623965502,0.1171419769525528,-0.5770422470324696,0.5246077028895381,0.14551495336290624
0.029078692197799683,0.013393968343734741,0.026614248752593994,-0.06011045351624489,0.019406575709581375,0.08507438004016876,-0.5772946089138206,0.5235598790067445,0.14617606326522645
0.012764543294906616,0.035564422607421875,0.02850872278213501,-0.03323756158351898,0.010364345274865627,0.0336921401321888,-0.5772364161994971,0.522854607295622,0.14644082593568336
0.0021497905254364014,0.032600462436676025,0.011705636978149414,-0.08237528055906296,-0.0055784014984965324,0.038760192692279816,-0.577227772077839,0.5222516159925862,0.14644527223451723
0.005987286567687988,0.023552924394607544,0.019836902618408203,-0.1368560940027237,-0.0031309567857533693,0.05413755029439926,-0.5771411113082653,0.521038309203198,0.14619876465679685
-0.011975467205047607,0.023177415132522583,-0.009911119937896729,-0.1290089190006256,-0.07372096925973892,0.05672667548060417,-0.5773278530268144,0.5196382381892576,0.14588548495748374
-0.01743265986442566,0.0022706985473632812,-0.03595966100692749,-0.14613038301467896,-0.12209489196538925,0.0942482203245163,-0.5782545851317256,0.5181070022257549,0.14572231610725808
-0.004569381475448608,-0.0017845332622528076,-0.027022361755371094,-0.12633097171783447,-0.12951380014419556,0.12855540215969086,-0.5795618604699325,0.5163205423646605,0.14591238510558655
-0.0019989311695098877,-0.005457371473312378,-0.032457947731018066,-0.09024567902088165,-0.06351374089717865,0.12432577461004257,-0.5808180636027694,0.5147648625397155,0.14643544697293265
-0.0033564865589141846,-0.003354489803314209,-0.0050089359283447266,-0.06422433257102966,-0.0827735885977745,0.11829230189323425,-0.582131618150969,0.5134998752166783,0.1471506299958459
-0.006297886371612549,0.018692046403884888,0.016208350658416748,-0.054483816027641296,-0.008040227927267551,0.07545935362577438,-0.5827601622477241,0.5124112854819614,0.14769725714125756
-0.012771844863891602,0.01737368106842041,0.013657689094543457,0.0016317395493388176,-0.011201400309801102,0.03740565478801727,-0.5830748232818511,0.511861645278781,0.14809009528978842
-0.013192564249038696,0.007713288068771362,0.003801703453063965,0.05131620541214943,0.022701438516378403,-0.0026006167754530907,-0.5831285383443398,0.5119823715505848,0.14838367664140714
-0.004528164863586426,-0.00849306583404541,0.008630514144897461,0.08423043042421341,0.04128830507397652,-0.0061325812712311745,-0.5829595822828374,0.5126108234649112,0.1487420252468202
0.012697070837020874,-0.015551209449768066,0.027551651000976562,0.0649251788854599,0.0447850376367569,0.021863367408514023,-0.5826984230572863,0.5132139117671621,0.14923951912496694
0.017612159252166748,-0.006794005632400513,0.041425883769989014,0.03368949517607689,-0.009510692209005356,0.03745031729340553,-0.5830077158499766,0.5134751053782974,0.14986502305668795
0.014281690120697021,0.002044975757598877,0.05859166383743286,0.12362896651029587,-0.09896973520517349,-0.03894299268722534,-0.5835280896534052,0.5137601814245959,0.15032183431304233
0.06129652261734009,0.03770515322685242,0.06147885322570801,0.07322678714990616,-0.04791613668203354,0.009805372916162014,-0.5848581674756268,0.514724497262223,0.15113405868151691
-0.010828167200088501,-0.05114346742630005,0.025633573532104492,0.15396691858768463,-0.09888558089733124,-0.03260679915547371,-0.5856009901106002,0.5155699597541354,0.15166952897518976
0.01854071021080017,0.019287198781967163,-0.012212634086608887,0.16848033666610718,-0.050727635622024536,-0.02706768922507763,-0.5869948078099193,0.5172149005956405,0.15253287071146887
-0.005372196435928345,-0.003635227680206299,0.03188425302505493,0.05710751563310623,0.0359346866607666,-0.009101180359721184,-0.5871582566760799,0.5182115392977531,0.15303552827084402
0.006203055381774902,-0.0010490119457244873,0.026611030101776123,0.06040690466761589,0.02124122716486454,-0.01165776140987873,-0.587016503869335,0.5186944210751052,0.15328498472201257
-0.011478006839752197,-6.324052810668945e-05,-0.005872488021850586,0.07206062972545624,0.0834026038646698,-0.049421653151512146,-0.5865599390718793,0.5194783153028999,0.15340505656113612
-0.006701469421386719,-0.007924586534500122,0.010870814323425293,0.07963546365499496,0.05528388172388077,-0.06041097268462181,-0.5856838554663825,0.5203362836358014,0.1534476437852362
-0.008470803499221802,0.0055273473262786865,-0.009680330753326416,0.21289177238941193,-0.031263258308172226,-0.08428887277841568,-0.5856515453180521,0.5219124582116383,0.1536145697450647
-0.019948244094848633,0.018614530563354492,-0.036153554916381836,0.10042555630207062,-0.1016366183757782,-0.09883945435285568,-0.5863493828663477,0.5239674659622182,0.15381521279347754
-0.027271002531051636,0.029054999351501465,-0.03242838382720947,0.00198554084636271,-0.04846954345703125,-0.04424012452363968,-0.5870381740119942,0.5248176880849811,0.15347412178748615
-0.014543652534484863,0.009169340133666992,0.003705441951751709,-0.122377909719944,0.03979227691888809,0.02034587226808071,-0.5866920956311567,0.5244081093436153,0.15293074483438882
-0.006289750337600708,0.010557055473327637,0.006853699684143066,-0.15652336180210114,0.011287663131952286,0.04854422062635422,-0.586185862404252,0.5229271453251684,0.1523746808563401
-0.02867424488067627,0.017301887273788452,-0.028479933738708496,-0.09395457059144974,-0.07702261954545975,0.009451811201870441,-0.586208022316854,0.5217128256114326,0.151844690910633
-0.027767032384872437,0.015808701515197754,-0.051072895526885986,-0.07342053204774857,-0.16527898609638214,0.008762851357460022,-0.5872464875218463,0.5209762986373208,0.1513866320704442
-0.020503133535385132,0.00843074917793274,-0.051465511322021484,-0.0894874706864357,-0.17513561248779297,0.019571876153349876,-0.5888007014563927,0.5202283371515017,0.1510005815380274
-0.012086063623428345,-0.007459133863449097,-0.03956782817840576,-0.07955654710531235,-0.20668715238571167,0.04307320713996887,-0.5905766828876429,0.5193078373360446,0.15073781308897083
0.009692192077636719,-0.0375022292137146,-0.036782681941986084,-0.04907360300421715,-0.19058100879192352,0.07567933201789856,-0.5927081675213584,0.5184485332621105,0.15089911942219045
0.015633344650268555,-0.038602620363235474,-0.01818019151687622,-0.04740113765001297,-0.12096837908029556,0.09318242222070694,-0.594511386168924,0.5174981128636997,0.1514122492600129
0.010886043310165405,-0.016697198152542114,-0.004003286361694336,-0.020687459036707878,-0.09798729419708252,0.07764983177185059,-0.5958978448054966,0.5167010688401478,0.15203959476004267
0.0011180639266967773,-0.00023373961448669434,-0.0014782547950744629,-0.0013840680476278067,-0.09670045226812363,0.04114507883787155,-0.5971250244766508,0.5162615108603658,0.15254802775932222
-0.0033964812755584717,0.012023568153381348,-0.008387982845306396,-0.011535372585058212,-0.11578932404518127,0.021403571590781212,-0.5983160686480262,0.515985931191671,0.1528210600229095
0.0010644495487213135,0.012409448623657227,-0.018652379512786865,0.0013623165432363749,-0.15588349103927612,-0.002763548865914345,-0.5996797920178283,0.5158682401940884,0.15285576323946093
0.0019339919090270996,0.006094694137573242,-0.028603076934814453,-0.008692448027431965,-0.23699964582920074,-0.0019840418826788664,-0.6016368426196149,0.5158709736020839,0.15281968052310485
0.009005695581436157,-0.0020096004009246826,-0.01767808198928833,-0.03509609401226044,-0.28470006585121155,0.016969142481684685,-0.6042253359435769,0.5156583147153238,0.1527004387495777
0.004635512828826904,-0.0054479241371154785,-0.011587738990783691,-0.05773109942674637,-0.32679077982902527,0.05395134165883064,-0.6073070276448491,0.5151614585788503,0.15267187978575605
0.006303519010543823,-0.011014699935913086,0.004257380962371826,-0.1065545603632927,-0.3490188419818878,0.070657879114151,-0.6107533805311326,0.5141828202676145,0.15266457423286336
0.009714245796203613,-0.005919218063354492,0.016169428825378418,-0.15029866993427277,-0.3568943738937378,0.07140964269638062,-0.6141065504051185,0.5126752656715616,0.15244642819944176
0.00883340835571289,-0.01306578516960144,0.009930133819580078,-0.17871007323265076,-0.3703140318393707,0.08556407690048218,-0.6176374247442818,0.5109713399154299,0.15207728354481434
0.0120810866355896,-0.01190909743309021,0.00362318754196167,-0.1775016188621521,-0.276670902967453,-0.023120060563087463,-0.6205075689901699,0.5091320448902824,0.1513011750358271
-0.008215606212615967,-0.01699700951576233,-0.0094987154006958,-0.11100062727928162,-0.353299617767334,-0.10556087642908096,-0.6227443948422634,0.5083381671747449,0.14959056533838572
0.02445220947265625,-0.0008360743522644043,-0.027801036834716797,0.0449688695371151,-0.5475107431411743,-0.1525549739599228,-0.6264575002102261,0.5088469749952172,0.1482016440746892
-0.012363910675048828,0.015867948532104492,-0.030054807662963867,0.11949343979358673,-0.8930495381355286,-0.33131009340286255,-0.6329174679945706,0.510939880014615,0.1466168285910375
-0.0057408809661865234,-0.0007232725620269775,-0.051267027854919434,0.15806865692138672,-1.2586870193481445,-0.4806577265262604,-0.6425075572432999,0.5146991598567764,0.14388022787476204
0.006138622760772705,0.027637839317321777,-0.030629277229309082,0.20109522342681885,-1.309241771697998,-0.4889545440673828,-0.6537609288796633,0.5189759568554775,0.1406471170008032
-0.025568783283233643,0.037245094776153564,-0.007056176662445068,0.17520542442798615,-1.5649248361587524,-0.5396472811698914,-0.6664179839398053,0.5236322566514136,0.13716366174019304
-0.010428309440612793,0.05298119783401489,0.005384862422943115,0.1673475056886673,-2.0444183349609375,-0.5502216219902039,-0.6826864538802914,0.5284894706025541,0.13333978219269219
0.017988622188568115,0.04758352041244507,0.006746947765350342,0.14910778403282166,-2.311950922012329,-0.484133243560791,-0.7028697117280163,0.5330410856312267,0.12991036859871974
0.04587191343307495,0.0164947509765625,-0.014161169528961182,0.1278485655784607,-2.5925824642181396,-0.3343906104564667,-0.7263208449476297,0.5367579858544876,0.12733725848311905
0.05746603012084961,0.02273184061050415,-0.04462963342666626,0.21667231619358063,-2.9435362815856934,-0.19522151350975037,-0.753606641202444,0.5398460631724114,0.1263401659425629
0.05811715126037598,0.021461784839630127,-0.07874482870101929,0.3190397024154663,-3.304633855819702,-0.029102051630616188,-0.7858189633828098,0.5426369379008752,0.12766539216794323
0.04262280464172363,-0.007368624210357666,-0.07937830686569214,0.29113733768463135,-3.4446518421173096,-0.020520761609077454,-0.821182929023638,0.5450187475050343,0.13021870647862627
0.024332761764526367,-0.036573052406311035,-0.05565363168716431,0.05709952488541603,-3.301868438720703,-0.13454613089561462,-0.8556857533896767,0.5467871864778102,0.1312868273535138
0.01897221803665161,-0.02140110731124878,-0.007384240627288818,0.10599041730165482,-2.7998666763305664,-0.11632800847291946,-0.8861545207069055,0.5482224356421582,0.13080604605617688
0.031073808670043945,0.010984539985656738,0.005357801914215088,0.0761297196149826,-2.6445279121398926,-0.26319441199302673,-0.9126831206259669,0.5502874387770093,0.1302182848874016
0.03678196668624878,0.028616726398468018,0.03194689750671387,-0.43218299746513367,-2.303818941116333,-0.26932626962661743,-0.9360004142410963,0.551210393404586,0.12670177510703945
0.014612138271331787,0.03409188985824585,0.07776510715484619,-0.9591280221939087,-1.9410778284072876,-0.34740668535232544,-0.9526653267041473,0.5498285729677161,0.11785783051503361
-0.025193214416503906,-0.0064504146575927734,0.02952277660369873,-1.1164729595184326,-2.084043264389038,-0.4129364490509033,-0.9657229552769077,0.5467536534530243,0.10485057634450619
0.0029420852661132812,0.03879612684249878,-0.02570730447769165,-0.8625935316085815,-2.342355966567993,-0.4854159653186798,-0.9815266069336104,0.5447947918266685,0.09211351401205525
0.027471959590911865,0.04326122999191284,-0.029735147953033447,-0.706081748008728,-2.3381919860839844,-0.5270428657531738,-0.9993719388896835,0.5448238444470687,0.08118422693811285
0.039725542068481445,-0.0036533474922180176,-0.0009642839431762695,-0.6554268598556519,-2.432936191558838,-0.3787823021411896,-1.0182895269867742,0.5450630668883363,0.07149173263758345
0.05051535367965698,0.003670811653137207,-0.027469277381896973,-0.42475587129592896,-2.493143081665039,-0.43675071001052856,-1.0390340762001762,0.5455983943099657,0.06358602676632936
0.020940184593200684,-0.033694326877593994,-0.05368471145629883,-0.2160162627696991,-2.448498487472534,-0.5766359567642212,-1.060744281813853,0.5483718138842969,0.05737938178691896
0.02150285243988037,-0.03372091054916382,-0.05947685241699219,-0.05771205574274063,-2.394958972930908,-0.6843515634536743,-1.0824975280500568,0.5533727390104151,0.05247285394873466
0.03283822536468506,-0.011626660823822021,-0.05913883447647095,-0.07785407453775406,-2.240318775177002,-0.6431452631950378,-1.1036836992722172,0.5591397900687497,0.04826373830943323
0.0454479455947876,-0.010605394840240479,-0.009188622236251831,-0.13133403658866882,-2.039646625518799,-0.524217963218689,-1.1227956670196713,0.5638977077348162,0.04398156345262312
0.04523003101348877,-0.0027524232864379883,-0.005232810974121094,-0.0044032493606209755,-2.1449294090270996,-0.36840012669563293,-1.1419752451609533,0.5677234671626693,0.04093346583248138
0.04283207654953003,0.0007171630859375,-0.01504659652709961,0.048191387206315994,-2.397031784057617,-0.2917257249355316,-1.1639898697680153,0.5708281572980325,0.03962559797914883
0.029679477214813232,0.013873159885406494,-0.022890716791152954,0.2230239063501358,-2.788222312927246,-0.14829398691654205,-1.1903373664389074,0.5733543455778429,0.040067847460820066
0.027375996112823486,0.03245264291763306,-0.034966856241226196,0.22021210193634033,-2.9850165843963623,-0.0873631164431572,-1.2206100087739973,0.575219367760804,0.04206904690886071
0.026188910007476807,0.01263362169265747,-0.029329240322113037,0.15372894704341888,-2.8654587268829346,-0.05038086697459221,-1.2514906063034594,0.5767139315613516,0.044017180335823004
0.058751046657562256,-0.0007239580154418945,0.008807092905044556,-0.09731889516115189,-2.3221023082733154,0.006252795923501253,-1.2778698641946358,0.5769978740527214,0.044420612063088116
0.06195956468582153,-0.0193711519241333,0.06914122402667999,-0.022204440087080002,-2.0774385929107666,0.003503082087263465,-1.299719695604251,0.5768146236416191,0.04373254821275249
0.07003891468048096,-0.0028044581413269043,0.015480279922485352,0.0802280604839325,-1.8012510538101196,-0.07010458409786224,-1.3192242576313873,0.5772282324601818,0.043904685753403734
0.03663814067840576,0.009939789772033691,0.0028726011514663696,0.11625024676322937,-1.748680591583252,-0.1293734908103943,-1.3374865818201684,0.5783977937558149,0.04483222151592565
-0.02332836389541626,0.035030364990234375,-0.04208163917064667,0.17439521849155426,-1.7081459760665894,-0.14267738163471222,-1.355648085041089,0.580154280107303,0.04609004299275519
-0.03975808620452881,0.04215538501739502,-0.020523235201835632,0.11018852889537811,-1.6136378049850464,-0.087786965072155,-1.3731340864031658,0.5815769601556741,0.04749150726839117
-0.0480344295501709,0.012144982814788818,-0.016845226287841797,0.08335065841674805,-1.5766053199768066,-0.08438906073570251,-1.3895401041332736,0.5827505325491263,0.048376514531165996
-0.043678104877471924,0.013117313385009766,-0.022024154663085938,-0.01833069510757923,-1.536901593208313,-0.09474236518144608,-1.4053044220773436,0.5837143722572455,0.04853641324735602
-0.02899158000946045,0.02856224775314331,0.002835392951965332,-0.10002639889717102,-1.727605938911438,-0.14015743136405945,-1.4211499040344955,0.5846508545762518,0.04755723759287471
-0.008616268634796143,0.037368714809417725,0.02507805824279785,-0.32722920179367065,-1.9442466497421265,-0.2069990485906601,-1.4381481256555573,0.586026450444609,0.044720917323238484
0.014136433601379395,0.07293581962585449,0.042471110820770264,-0.2521211802959442,-2.1106176376342773,-0.24189086258411407,-1.456227799585292,0.5883161722592661,0.04067269068756371
0.027577102184295654,0.044566333293914795,-0.0005450248718261719,0.008861688897013664,-2.165778160095215,-0.4004589319229126,-1.4767248351114997,0.5917460642531619,0.03892285272220592
0.047435760498046875,0.029744327068328857,-1.7102807760238647e-05,-0.053193602710962296,-2.227229356765747,-0.2805776298046112,-1.498624661997381,0.5949046675940659,0.03824080305392044
0.007632851600646973,0.01310276985168457,-0.024238284677267075,0.12789149582386017,-2.298600196838379,-0.20664510130882263,-1.5213412010008334,0.5974748357334276,0.03835478704469171
-0.04973822832107544,-0.0002758502960205078,-0.0815003514289856,0.11231578141450882,-2.3759922981262207,-0.12663422524929047,-1.5458154739090304,0.599214840396142,0.03999704395557382
-0.07909482717514038,0.004200458526611328,-0.03155815601348877,0.23390904068946838,-2.4647886753082275,-0.06212128326296806,-1.5708001840232053,0.5998313046410665,0.04109465867436286
-0.07904553413391113,0.022725343704223633,-0.07642054557800293,0.25775861740112305,-2.461357831954956,0.027308039367198944,-1.597741212706589,0.5999431762674114,0.04443964871497822
-0.0321502685546875,-0.008693277835845947,-0.0040705204010009766,0.11899569630622864,-2.426955223083496,0.23086754977703094,-1.6234956972684391,0.5986487000158152,0.04675488050801873
0.042804062366485596,-0.03102201223373413,-0.033339500427246094,0.07309318333864212,-2.1495656967163086,0.31431296467781067,-1.6473450291296203,0.595911354390303,0.04791130440426534
0.06097614765167236,-0.027134597301483154,-0.005505092442035675,0.0722324475646019,-1.7714787721633911,0.3645082414150238,-1.6673919576916671,0.5923529444745766,0.048265641332007586
0.034178078174591064,-0.04184293746948242,-0.018810272216796875,0.1342497169971466,-1.3330864906311035,0.27158647775650024,-1.68387520288361,0.5890291036946919,0.049541839136455296
0.01810312271118164,-0.05709409713745117,-0.009510740637779236,0.19094733893871307,-0.9452055096626282,0.15159854292869568,-1.6961877950374424,0.5867462278234912,0.051184304121076996
0.024194836616516113,-0.0488622784614563,-0.04945634305477142,0.20613694190979004,-0.6328274011611938,0.04398296773433685,-1.7052201091600863,0.5854912105945295,0.05333088177311325
0.0072577595710754395,-0.05400723218917847,-0.051915884017944336,0.2741120159626007,-0.4462239742279053,-0.05286554619669914,-1.7121858960279281,0.5852315637939669,0.056148149820053804
-0.021405935287475586,-0.042436838150024414,-0.04865884780883789,0.29717329144477844,-0.1955520659685135,-0.07853937894105911,-1.717476467800784,0.5855111922455074,0.05976164067754768
-0.04541432857513428,-0.049581706523895264,-0.03760240972042084,0.31167393922805786,0.007120615802705288,-0.09091988205909729,-1.7204281681489977,0.585891345439595,0.06354517580922979
-0.07109135389328003,-0.06977742910385132,-0.04759381711483002,0.2791430652141571,0.21507513523101807,0.021356966346502304,-1.721216094258784,0.5858447030836073,0.06709216164893433
-0.0822097659111023,-0.048766255378723145,-0.03795146942138672,0.2697905898094177,0.3901905119419098,0.038460321724414825,-1.7199724138997818,0.5850571793638212,0.07028797600160994
-0.10350024700164795,-0.030884385108947754,-0.016957640647888184,0.26830172538757324,0.6564825177192688,0.06902272999286652,-1.7165385818124939,0.5841588999027755,0.07344479848716344
-0.08640331029891968,-0.012303292751312256,0.00217282772064209,0.30472952127456665,0.9122165441513062,0.09157757461071014,-1.710379657871922,0.5828557657165846,0.07665556665841647
-0.05521726608276367,-0.007029294967651367,-0.005343541502952576,0.3263624608516693,1.1697123050689697,0.03175131231546402,-1.7019822938222111,0.5818260850958235,0.08039620851987758
-0.03137391805648804,-0.00030368566513061523,0.027560338377952576,0.26034748554229736,1.4063528776168823,-0.027532251551747322,-1.690840776140228,0.5814017363107501,0.08383101282382285
-0.02504873275756836,0.01747995615005493,0.05262744426727295,0.22517947852611542,1.549200177192688,-0.14674173295497894,-1.677654876980157,0.5819947811810403,0.08688148918091738
-0.020576298236846924,0.034048497676849365,0.07580387592315674,0.1285024732351303,1.6718940734863281,-0.1886518895626068,-1.6625883820221492,0.5835451651102097,0.0890805870047958
-0.017379581928253174,0.05071896314620972,0.07884430885314941,0.08435485512018204,1.7170175313949585,-0.15027567744255066,-1.6463514872686953,0.5851461247084829,0.09047428286555556
-0.031137168407440186,0.05205422639846802,0.06131744384765625,0.21205422282218933,1.6614733934402466,-0.12323606014251709,-1.6301258676212578,0.5865106125990944,0.09207183072020711
-0.017725586891174316,0.05055493116378784,0.03809309005737305,0.26523861289024353,1.7832958698272705,-0.08609326928853989,-1.6144678844421338,0.5874221004917016,0.09510350102512094
0.006608784198760986,0.017634451389312744,0.031357645988464355,0.30160194635391235,1.876070261001587,-0.05771676078438759,-1.5978125060657875,0.5880368928475785,0.09841648064215867
-0.021626055240631104,0.010148465633392334,0.011483311653137207,0.2969130575656891,2.0310826301574707,-0.12536342442035675,-1.580052724618367,0.5888878982501454,0.10197638782369063
-0.041261255741119385,-0.00537109375,0.013561428524553776,0.34163898229599,2.194972038269043,-0.13044233620166779,-1.560827885039431,0.5902447136968815,0.1056689496526923
-0.0031946897506713867,0.00089263916015625,-0.00450843945145607,0.44263145327568054,2.2403149604797363,-0.07428362220525742,-1.5412638661796048,0.5913748734622323,0.11050433099443134
0.02885878086090088,-0.014912664890289307,0.011745747178792953,0.607759416103363,2.3445446491241455,0.042784683406353,-1.5215844793331512,0.5917091199979075,0.11665924584871533
0.0644989013671875,-0.023747563362121582,0.01185566559433937,0.7882648706436157,2.5521135330200195,0.061224061995744705,-1.5016831861393047,0.59146985174944,0.1250796064488893
0.0627557635307312,-0.0576401948928833,-0.007290653884410858,0.9497514963150024,2.762502670288086,0.0190060343593359,-1.4809948134200894,0.5916870312854001,0.13574100058019656
0.05469173192977905,-0.07551336288452148,-0.008473634719848633,0.747471034526825,3.190166473388672,-0.12152154743671417,-1.4568518243601296,0.5931155777226809,0.14593547381999997
0.034535109996795654,-0.05513632297515869,0.043762266635894775,0.4974411725997925,3.5762577056884766,-0.07170046120882034,-1.4272975804720036,0.5950937992689909,0.15356948661296577
0.010252952575683594,-0.01058804988861084,0.08597230911254883,0.1722867339849472,3.8624231815338135,0.096546471118927,-1.3920340166269092,0.5954903235326164,0.15732591543292332
-0.0018538832664489746,0.006395816802978516,0.08067359030246735,0.30454227328300476,3.9509263038635254,0.24677911400794983,-1.3546100630173827,0.5942384945974932,0.16051741345097345
-0.0032649636268615723,-0.0002945065498352051,0.09014594554901123,0.33059924840927124,4.1405768394470215,0.43937456607818604,-1.3163858703020497,0.5918012271458245,0.1652366122151877
0.036430180072784424,0.008689522743225098,0.07839697599411011,0.6310783624649048,4.040524959564209,0.4856552481651306,-1.2788323471550664,0.5884363939208639,0.17201503373366922
0.03766310214996338,0.03352224826812744,0.03324201703071594,1.0047202110290527,3.865182638168335,0.383158802986145,-1.245625113251652,0.5867943253480953,0.18351108571123592
0.019816577434539795,0.03417074680328369,0.01691591739654541,0.9912869930267334,3.7730956077575684,0.24703212082386017,-1.2141611230757994,0.5872800725991134,0.19621675562994
0.005677223205566406,0.028997421264648438,0.010943949222564697,0.670721709728241,3.714402437210083,0.0988626778125763,-1.1822220962721806,0.5887464301455256,0.2066547736409133
0.0011723637580871582,0.03804934024810791,0.010190129280090332,0.4789755046367645,3.453617572784424,0.10212744772434235,-1.149877738859822,0.5900722149121217,0.21330422924501344
-0.011986732482910156,0.039615631103515625,0.019570648670196533,0.4420901834964752,3.2143754959106445,0.04659723490476608,-1.1194651263107014,0.5914069231804373,0.2187771799112675
-0.008349716663360596,0.04860222339630127,0.03276008367538452,0.46380534768104553,3.0249006748199463,0.02312440052628517,-1.0910252966523186,0.5931346642562957,0.22398783241978296
-0.01711714267730713,0.049458444118499756,0.014693498611450195,0.27479976415634155,2.7675673961639404,-0.0385369136929512,-1.0641337310726386,0.5949965606739038,0.2280544881379825
-0.03883153200149536,0.046136319637298584,-0.01826140284538269,-0.04210149496793747,2.482886552810669,-0.16969279944896698,-1.0381593970486036,0.5965133166978006,0.22873000090386772
-0.04494833946228027,0.039653480052948,-0.025353968143463135,-0.2258908599615097,2.241018533706665,-0.2288801670074463,-1.0128117504514418,0.5974753808918827,0.22584056148608556
-0.044842302799224854,-0.005991458892822266,-0.0375484824180603,-0.23011542856693268,2.194974422454834,-0.2217567414045334,-0.9884054466368766,0.5981328243621699,0.22195777104401893
-0.053631722927093506,-0.014582157135009766,-0.045574456453323364,-0.20633074641227722,2.20021390914917,-0.25222378969192505,-0.9641871143240673,0.5988715378703883,0.218220873944718
-0.02269965410232544,-0.008767247200012207,-0.03299975395202637,-0.2129705399274826,2.1671931743621826,-0.25871604681015015,-0.939997388747541,0.5997231983257176,0.2142862400545454
-0.0015012025833129883,-0.015596210956573486,0.010771334171295166,-0.12997116148471832,2.2525153160095215,-0.25844231247901917,-0.9156832210523372,0.6007487107845416,0.2106281293711347
0.013581693172454834,-0.02048391103744507,0.034874916076660156,0.01856185309588909,2.247318983078003,-0.2502283453941345,-0.8916554850121671,0.6023713990617336,0.2081429817045135
0.020402193069458008,-0.02108711004257202,0.04602956771850586,0.14001069962978363,2.2590556144714355,-0.26795628666877747,-0.868285915133867,0.6049749340069596,0.20695751522647765
0.008870363235473633,-0.02604919672012329,0.04003477096557617,0.22547367215156555,2.3303189277648926,-0.28824424743652344,-0.8449635971736177,0.6083144694468725,0.2064318682696977
0.0006763339042663574,-0.01832062005996704,0.02744603157043457,0.3303283452987671,2.396030902862549,-0.35745126008987427,-0.82091363096,0.6125322774142994,0.20618169589455346
-0.0028402209281921387,-0.005395114421844482,0.0034307241439819336,0.38052600622177124,2.301180362701416,-0.4374624788761139,-0.7971408020435432,0.6179526092760698,0.2060663901202144
-0.008827924728393555,0.00476384162902832,0.002733886241912842,0.36160629987716675,2.12994384765625,-0.526898980140686,-0.7741939305057983,0.6240271038521132,0.2051011201542717
-0.02279222011566162,0.020674407482147217,-0.02322077751159668,0.30518457293510437,1.9247536659240723,-0.6019628643989563,-0.7524680624990068,0.630429350974926,0.2028592653737002
-0.02663177251815796,0.027971923351287842,-0.010752081871032715,0.2401382327079773,1.8150231838226318,-0.5814876556396484,-0.7319133354642914,0.6364354028915075,0.1997169392630139
-0.0078089237213134766,0.015988469123840332,-0.004431247711181641,0.2608262002468109,1.7110328674316406,-0.5313395261764526,-0.7121355427527142,0.6419995540855804,0.19648532455080261
0.00738602876663208,0.021329164505004883,0.0012975335121154785,0.3205569386482239,1.526249885559082,-0.49326154589653015,-0.6941606567308123,0.6475362007351498,0.19390225508856881
0.005879998207092285,0.016815006732940674,0.014543652534484863,0.3070257008075714,1.2095589637756348,-0.4127499461174011,-0.6792330992699593,0.652964690736072,0.1920870732170742
0.02435418963432312,0.03280770778656006,0.04488217830657959,0.2478320598602295,0.8906114101409912,-0.32309776544570923,-0.6678225313621636,0.6573732465434369,0.19066099024743682
0.015157759189605713,0.01396721601486206,0.021459877490997314,0.235371395945549,0.4984217882156372,-0.25413012504577637,-0.6602373431092234,0.6611427520411087,0.189628507841274
0.013859719038009644,0.009975850582122803,-0.0015963912010192871,0.16662418842315674,0.23267903923988342,-0.11081952601671219,-0.6565406736441947,0.6638990335960875,0.18941203915875546
0.019427835941314697,-0.013222098350524902,0.010397553443908691,0.06100775673985481,0.11289511620998383,0.0003573294961825013,-0.6551433164139839,0.6651143726065897,0.18980768354046598
0.014920353889465332,-0.00861281156539917,0.011893928050994873,-0.05750228837132454,0.19862759113311768,0.03636544942855835,-0.6537933609191452,0.6649994268813195,0.19004068858477421
-0.006655335426330566,0.015019536018371582,0.019105195999145508,-0.15216514468193054,0.3046690821647644,0.047278016805648804,-0.6509604193133427,0.6638514257251051,0.1896424164480122
0.01016351580619812,0.004681289196014404,0.0086747407913208,-0.16780349612236023,0.3434329926967621,0.06638353317975998,-0.6472501523811354,0.6622148933663751,0.18893024459185812
0.020222365856170654,0.0015322566032409668,0.014115214347839355,-0.12440089136362076,0.33576974272727966,0.08939990401268005,-0.6435786387571757,0.6605254479683205,0.18858374233966937
0.02335578203201294,-0.014597117900848389,0.018289625644683838,-0.11690782010555267,0.29397115111351013,0.1168290227651596,-0.6405201987967984,0.6589794101690162,0.18875950933385463
0.020717710256576538,-0.01392972469329834,0.015057861804962158,-0.12358010560274124,0.20193631947040558,0.13958360254764557,-0.6382262754839143,0.6572000487805268,0.18912867309841974
0.00692257285118103,0.0025019049644470215,-0.00490880012512207,-0.03269960358738899,0.07174567878246307,0.14115175604820251,-0.6373171307680134,0.655694960575536,0.18994857697797435
0.01001080870628357,-0.004554867744445801,-0.02291715145111084,0.0540347583591938,-0.07010999321937561,0.13854505121707916,-0.6382331792090998,0.654973815129071,0.19146301670472238
0.012531191110610962,-0.022495388984680176,-0.01573634147644043,0.05230765789747238,-0.1560383439064026,0.1452924609184265,-0.6405156348947981,0.6545553672743363,0.19329198228204855
0.012573778629302979,-0.009763896465301514,-0.012679338455200195,0.12262123078107834,-0.24659514427185059,0.10255885124206543,-0.6437628309018769,0.654447168877724,0.19529840908446566
-0.034357547760009766,-0.025792360305786133,-0.011712491512298584,-0.21784810721874237,0.23948714137077332,-0.24618683755397797,-0.6442905687004961,0.654765666126863,0.1946898753616518
-0.13277342915534973,-0.046169281005859375,0.11306452751159668,-0.5055384635925293,1.1503628492355347,-0.317073255777359,-0.6329428322465569,0.6533731890439192,0.18883956628139384
0.0002790093421936035,-0.02415287494659424,0.04075956344604492,-0.3772948086261749,1.0020310878753662,-0.28799140453338623,-0.6178694932408494,0.6513928477872623,0.18206731746919566
0.07278072834014893,0.018567323684692383,-0.0034843087196350098,-0.2482244372367859,0.9623429775238037,-0.28606727719306946,-0.6051712669286058,0.650581581377072,0.17706302852208683
-0.0158768892288208,0.025979697704315186,0.04403883218765259,-0.1967330127954483,0.9367888569831848,-0.2661101818084717,-0.5926670254640889,0.6502514237784144,0.17257995658884348
-0.0100993812084198,0.013169705867767334,-0.01804065704345703,0.03020665794610977,0.6748573780059814,-0.27952373027801514,-0.5823690133070896,0.6509510312877976,0.16899425841904261
-0.008964747190475464,0.019781410694122314,-0.08296680450439453,0.25991907715797424,0.4943050444126129,-0.3563764989376068,-0.5752105467804733,0.6540103063561403,0.16678145138439343
-0.026070505380630493,0.00895470380783081,-0.07687079906463623,0.29691970348358154,0.34606844186782837,-0.3657766878604889,-0.5697825933737044,0.6584487280046005,0.16482271920926958
-0.0015013515949249268,-0.004843950271606445,-0.05319976806640625,0.22880688309669495,0.19672849774360657,-0.28548091650009155,-0.5660245810441833,0.662558482046129,0.1631131523929956
0.010870307683944702,0.00231778621673584,-0.017813682556152344,0.1302768439054489,0.0787709653377533,-0.1576891392469406,-0.5639082834638323,0.6652388831468268,0.1619179039096094
0.007139325141906738,0.015195310115814209,-0.013218343257904053,0.11656706780195236,-0.06567222625017166,-0.06106778606772423,-0.5636206606791615,0.6668095771811025,0.1615662783406912
0.008865922689437866,0.016977906227111816,-0.010617613792419434,0.12531554698944092,-0.18732409179210663,-0.010493027977645397,-0.565244968685439,0.668030174301924,0.16203566523560922
0.010962158441543579,0.020947277545928955,0.005038082599639893,0.1312292367219925,-0.23117370903491974,-0.001681400230154395,-0.5678862355364827,0.6691412078130908,0.1628601309033077
0.0039387047290802,0.01352536678314209,0.007363319396972656,0.17044268548488617,-0.2799561619758606,-0.005256960168480873,-0.5710822740410005,0.6703984815382862,0.1638585517424962
0.0008586347103118896,0.020580589771270752,-0.0078774094581604,0.23027969896793365,-0.33008870482444763,-0.017445530742406845,-0.574969891362768,0.6721399530866848,0.16515166622151722
-0.0041484832763671875,0.023261547088623047,-0.005528628826141357,0.2325361967086792,-0.3941369354724884,-0.017009304836392403,-0.5794321228078266,0.6742810368296828,0.1665927525808581
0.013465076684951782,0.017842590808868408,0.006266415119171143,0.14998002350330353,-0.41966718435287476,0.01149485632777214,-0.584454866021564,0.67593977386504,0.16794589949055902
0.013303160667419434,0.022450625896453857,0.02331787347793579,0.07125857472419739,-0.36643725633621216,0.023257238790392876,-0.5890297156243063,0.6767026812947744,0.16893842127873723
0.012990802526473999,0.01181858777999878,0.021294057369232178,0.050339844077825546,-0.3064419627189636,0.02188616432249546,-0.5928408689793304,0.6770593250108823,0.1695869773290317
0.008505046367645264,0.016252756118774414,0.00903463363647461,0.045640964061021805,-0.2340862900018692,0.0036469725891947746,-0.5957913406647085,0.6774430839204496,0.17007656998331425
0.00905841588973999,0.018061578273773193,0.014110445976257324,0.08096904307603836,-0.21080119907855988,0.006089943461120129,-0.5983235752926807,0.6779041644129925,0.17055033002333858
0.026813507080078125,-0.033943355083465576,-0.013421595096588135,0.08106811344623566,-0.1465015709400177,0.004882998764514923,-0.6005991494125332,0.6786058271888634,0.17124655965249896
0.009712904691696167,-0.03245764970779419,0.000620722770690918,0.021497013047337532,-0.05720071494579315,0.020442890003323555,-0.6018989983354635,0.6789659572121778,0.17172634248953256
0.010835826396942139,-0.016585052013397217,0.011340320110321045,-0.0366097018122673,-0.004920467734336853,0.040245626121759415,-0.6024056270112959,0.6786958747930442,0.1720122455367426
0.004900157451629639,-0.005615651607513428,0.008557438850402832,-0.08035048097372055,0.03213515132665634,0.06632710248231888,-0.6023139539591441,0.6779295157596534,0.17212138373720795
0.005602598190307617,0.004053473472595215,0.004062533378601074,-0.13511918485164642,0.047919176518917084,0.07466546446084976,-0.6018713575260359,0.6766112700925804,0.1720708138808279
-0.00846773386001587,0.0022197365760803223,0.0016512870788574219,-0.17853452265262604,0.09473448991775513,0.05615907534956932,-0.6008918946743342,0.6749650249754692,0.17161395151871403
-0.0067351460456848145,-0.0040087103843688965,0.0028766989707946777,-0.227159321308136,0.12144732475280762,0.05169375240802765,-0.5991991148792271,0.6729694789875624,0.17071016377094647
0.0037320852279663086,-0.0066277384757995605,-0.0026702880859375,-0.2751024663448334,0.14750009775161743,0.07587555050849915,-0.5971141319101423,0.6705590842475294,0.16953974395386864
0.010130167007446289,-0.004883170127868652,0.0018259286880493164,-0.3316727876663208,0.17365074157714844,0.10768674314022064,-0.5947191929187806,0.6675698795531434,0.16834761807786322
-0.008211791515350342,-0.00562131404876709,-0.012274742126464844,-0.32465001940727234,0.14589941501617432,0.10156463831663132,-0.5922560978437691,0.6642056708151269,0.16708292814200262
-0.002800464630126953,0.006262063980102539,-0.030490636825561523,-0.30714237689971924,0.06657901406288147,0.09557412564754486,-0.5905059619679855,0.6611047772834721,0.1659082808149389
-0.0041137635707855225,0.0040531158447265625,-0.011810064315795898,-0.3515358567237854,0.051807794719934464,0.11248647421598434,-0.5892284221944408,0.6578849014309225,0.16470383796699545
-0.005144894123077393,0.0173189640045166,0.01959967613220215,-0.4824312925338745,0.07382041960954666,0.15147408843040466,-0.5876855844143347,0.653733892412251,0.16319916054825026
-0.003037571907043457,0.01648414134979248,0.020468831062316895,-0.5722594857215881,0.049237173050642014,0.1838446855545044,-0.5857936108237757,0.6483108559251752,0.16122219947589025
-0.0067899227142333984,0.02381420135498047,0.00397801399230957,-0.7890921831130981,0.07595241069793701,0.2609993815422058,-0.5840606042173244,0.6414255249650698,0.15885128293205128
0.01701521873474121,0.002574443817138672,0.04745280742645264,-1.0806165933609009,0.2532607614994049,0.31127050518989563,-0.5802220572967083,0.6319943346427501,0.15546307385144587
-0.010396569967269897,-0.03154689073562622,0.024836480617523193,-1.2549103498458862,0.29958805441856384,0.2916552722454071,-0.5745296120050999,0.6203155278790504,0.15055686882608776
-0.008532524108886719,-0.00391918420791626,-0.05140411853790283,-1.2457637786865234,0.22673526406288147,0.26940488815307617,-0.5688620339153677,0.6080599721483047,0.14511295362384224
-0.0037820041179656982,-0.03923308849334717,-0.04640936851501465,-1.4137110710144043,0.2517505884170532,0.2264995127916336,-0.5630379144383616,0.5956510130281462,0.13906445005008464
-0.007547825574874878,-0.040239810943603516,0.021235764026641846,-1.8108878135681152,0.3918696343898773,0.18728618323802948,-0.5554074436931311,0.5809407071050353,0.13094022544442366
-0.021147340536117554,-0.025837361812591553,0.05362212657928467,-2.2300593852996826,0.4085788428783417,0.08076931536197662,-0.5451068699390098,0.5627923642607892,0.11973553572652922
-0.08090180158615112,-0.04479515552520752,0.1393439769744873,-2.5974783897399902,0.3038294017314911,-0.10116764158010483,-0.5347746368390801,0.5419561794673686,0.10442285551202182
-0.008698523044586182,-0.003333866596221924,0.06029099225997925,-2.803712844848633,0.6768679618835449,-0.08896876871585846,-0.5210545395938807,0.5187868552624236,0.0872471170339807
0.01958194375038147,0.01137477159500122,-0.02734661102294922,-2.6428980827331543,0.6565256118774414,-0.159946009516716,-0.5061398912790415,0.495343201514002,0.070658777112128
-0.03396233916282654,-0.008327901363372803,-0.030619144439697266,-2.546417474746704,0.729187548160553,-0.2569340765476227,-0.4914431494445386,0.47374948410795736,0.05464152278760077
0.01697516441345215,-0.019951820373535156,0.02680528163909912,-2.844782590866089,0.49941715598106384,-0.024185163900256157,-0.47867192476340015,0.4501786717148374,0.03927478809599231
-0.025990843772888184,-0.028691083192825317,0.02903425693511963,-2.945864200592041,0.15435053408145905,-0.02734260819852352,-0.4685939668987821,0.424377904709499,0.02415941781758984
-0.010699748992919922,-0.026994258165359497,-0.016017436981201172,-3.0245091915130615,-0.2953786551952362,0.15670837461948395,-0.4637681830826746,0.39725135190660554,0.010275422802066144
-0.005572110414505005,0.03066462278366089,-0.011880695819854736,-3.0461883544921875,-0.5541684031486511,0.1678081601858139,-0.46313747246366227,0.36919509938599415,-0.0028622020965497898
0.015721768140792847,0.012563496828079224,-0.028634369373321533,-3.09175705909729,-0.6775683760643005,0.30673372745513916,-0.46519165509862515,0.3404848961339222,-0.01525228938940337
0.009443074464797974,0.01825571060180664,-0.006584286689758301,-3.0614173412323,-0.4019857943058014,0.2178264856338501,-0.4661726801206454,0.3112834727789365,-0.027397875317814964
-0.007999122142791748,-0.004810929298400879,0.00923454761505127,-2.825838088989258,-0.2539602518081665,0.11603373289108276,-0.46571887111010724,0.2841539041864348,-0.039879030110623964
0.0393216609954834,0.010294169187545776,0.04078871011734009,-2.6637682914733887,-0.19142016768455505,0.12498887628316879,-0.4648679210580092,0.2591571362755253,-0.05154506619919137
0.06070855259895325,0.03644384443759918,0.08029836416244507,-2.6557769775390625,-0.17731021344661713,0.13273750245571136,-0.46393366454953,0.23466723480135251,-0.06269405383884286
0.046033620834350586,0.055311381816864014,0.058806657791137695,-2.6217310428619385,-0.13601337373256683,0.13969847559928894,-0.4631367079317477,0.21025372312606885,-0.07365641690891923
0.012849509716033936,0.024843037128448486,0.018057942390441895,-2.578146457672119,-0.22561277449131012,0.19649244844913483,-0.4627641911360455,0.18619540506387072,-0.08397542309353931
0.007122218608856201,-0.02308899164199829,-0.002080857753753662,-2.7572171688079834,-0.3586840033531189,0.2360297441482544,-0.4639926639993104,0.16137212017502062,-0.09412914325952812
0.00440332293510437,-0.07716801762580872,-0.024813950061798096,-2.9841296672821045,-0.4537762701511383,0.32220783829689026,-0.46655604363993886,0.13427951096698723,-0.10469186446979933
-0.0030258893966674805,-0.09381305426359177,-0.03933686017990112,-3.0672414302825928,-0.5432672500610352,0.4084617793560028,-0.4702584223555803,0.10538709398010479,-0.11532449911280944
0.0071121156215667725,-0.06833042949438095,-0.035065412521362305,-2.9758365154266357,-0.577671468257904,0.5310007333755493,-0.4750992729572167,0.07612177452487,-0.12497049730208723
-0.006214737892150879,-0.04100765660405159,-0.022916316986083984,-2.8164968490600586,-0.675407350063324,0.6154546141624451,-0.4807705017213874,0.04752650063734137,-0.13323957285680932
0.003902047872543335,0.0009019225835800171,0.014757156372070312,-2.5632739067077637,-0.9875602126121521,0.5905325412750244,-0.4888315097080366,0.02073986999005134,-0.1404414112562185
0.015235990285873413,0.02654682658612728,0.04220300912857056,-2.4340946674346924,-1.26412034034729,0.5360397696495056,-0.5001586923123716,-0.003955466339537895,-0.1473321765845845
0.007436692714691162,0.028078794479370117,0.03578293323516846,-2.3919174671173096,-1.4093282222747803,0.4931332468986511,-0.5138075554167167,-0.027695590748751657,-0.15459460689609292
-0.0003898143768310547,0.014831501990556717,-0.017567038536071777,-2.388300895690918,-1.3947348594665527,0.4464413821697235,-0.5283454966019034,-0.05077256401187814,-0.16244667122205136
0.00955343246459961,-0.011747017502784729,-0.037294626235961914,-2.5688276290893555,-1.097292423248291,0.48922351002693176,-0.5416631640400817,-0.07451429792446528,-0.1711836600310318
0.007853925228118896,-0.032006584107875824,-0.030288517475128174,-2.793668508529663,-0.6147606372833252,0.6363272070884705,-0.5510364422148679,-0.10045852760442206,-0.18042428982343622
0.023133695125579834,-0.04203177988529205,0.007267415523529053,-2.9740469455718994,-0.2143959254026413,0.7501305341720581,-0.5562252811898166,-0.12885964655071128,-0.18980004833892933
0.02839648723602295,-0.0413941890001297,0.01132732629776001,-3.000311851501465,0.040609199553728104,0.8180903792381287,-0.5582902108424449,-0.158620394073093,-0.1991606135181793
0.02712196111679077,-0.004236534237861633,-0.002318084239959717,-2.965022325515747,0.08595990389585495,0.910214364528656,-0.5590857177962502,-0.18862640694231686,-0.20781510410808496
0.02446657419204712,0.011549651622772217,0.011931777000427246,-2.911538600921631,0.07249682396650314,0.9968909621238708,-0.5597687698015898,-0.21878348286064783,-0.21555451985716179
0.006700277328491211,-0.0325152724981308,0.01591658592224121,-2.790412425994873,-0.14347007870674133,0.8976396322250366,-0.5615116899940618,-0.24834764868624928,-0.22268925413156046
-0.006869316101074219,-0.05966472625732422,0.013032138347625732,-2.452566385269165,-0.21272611618041992,0.7925869822502136,-0.5653022206190355,-0.2751916668871435,-0.229879399681632
0.017810046672821045,-0.03558087348937988,-0.01763981580734253,-2.1292500495910645,-0.20728608965873718,0.6633718609809875,-0.5691286470099802,-0.2985247849883802,-0.23625033444067817
-0.0018873214721679688,-0.054601043462753296,0.023142695426940918,-1.943493127822876,-0.20752976834774017,0.5727823376655579,-0.5731723770992094,-0.31898584498881605,-0.24234130472780935
0.017913401126861572,-0.06714218854904175,0.026847243309020996,-1.8284584283828735,-0.21805857121944427,0.547843337059021,-0.5771472487750202,-0.3378776118761495,-0.24824473478043457
0.030988693237304688,-0.05873608589172363,0.028258025646209717,-1.8197072744369507,-0.32529234886169434,0.5555318593978882,-0.5818154884567525,-0.3562150252383416,-0.2539876458175481
0.027534425258636475,-0.03376036882400513,0.015931785106658936,-1.8696489334106445,-0.4222599267959595,0.6120877861976624,-0.5876447099468521,-0.3748439730033301,-0.25973478139863937
0.016696453094482422,-0.0031272470951080322,-0.005700290203094482,-2.0395774841308594,-0.42082712054252625,0.7307401895523071,-0.5941225567963688,-0.3948373276283152,-0.26545703966450196
0.011122524738311768,0.037658363580703735,-0.019614875316619873,-2.401759147644043,-0.31376367807388306,0.872389018535614,-0.6003830705823842,-0.4177624030401445,-0.2718162384367224
0.0032416582107543945,0.050713956356048584,5.841255187988281e-06,-2.710139513015747,-0.09872139990329742,0.8955449461936951,-0.6058347710450178,-0.44415363796630397,-0.2797938186643897
0.010750770568847656,0.003247678279876709,-0.028903424739837646,-2.715003728866577,0.13050366938114166,0.7366679310798645,-0.6100121077487416,-0.47138346097908534,-0.28963984572850826
0.031285881996154785,-0.018371015787124634,-0.062380313873291016,-2.506884813308716,0.31719765067100525,0.5281309485435486,-0.6129507130852171,-0.4966183899372002,-0.3008920136107169
0.01174771785736084,-0.04160621762275696,-0.06559967994689941,-2.10579514503479,0.4090266227722168,0.3998948931694031,-0.6144849552595293,-0.5183334185365033,-0.31192399371444696
-0.006599545478820801,-0.07194250822067261,-0.05304485559463501,-1.6845433712005615,0.3713114857673645,0.3715585768222809,-0.6150550565158655,-0.5359915012972188,-0.3209504438280602
-0.004643440246582031,-0.05351680517196655,-0.029251515865325928,-1.5547549724578857,0.2755383551120758,0.3883569538593292,-0.6155954129557171,-0.5513508976208219,-0.32818672427909057
-0.0030385255813598633,-0.019383490085601807,-0.0035314559936523438,-1.4868226051330566,0.22403761744499207,0.3979227542877197,-0.6166519303757149,-0.5661803484369833,-0.3348421608444686
0.010903477668762207,-0.002307415008544922,-0.01822030544281006,-1.389412522315979,0.21859730780124664,0.395934522151947,-0.6177754437645744,-0.580217566184552,-0.34087756958339693
-0.0011161267757415771,0.03212493658065796,-0.00797128677368164,-1.4438257217407227,0.3346426784992218,0.40884900093078613,-0.6182375277814792,-0.5940635911993278,-0.34673092215651363
-0.00885021686553955,0.06316256523132324,-0.020102381706237793,-1.6881498098373413,0.4520341455936432,0.41704052686691284,-0.618242594569173,-0.6092767393589594,-0.35364478940043353
-0.00950273871421814,0.06385034322738647,-0.03999406099319458,-1.8629381656646729,0.5665154457092285,0.39901626110076904,-0.6181037794653462,-0.6263095890958343,-0.3623089573747975
-0.021050751209259033,0.033866941928863525,-0.041520655155181885,-1.8237342834472656,0.5608449578285217,0.35685116052627563,-0.6182946410252446,-0.6437090782292672,-0.37190745425857125
-0.016718655824661255,0.018639683723449707,-0.02911829948425293,-1.8021104335784912,0.6093747019767761,0.29033365845680237,-0.6183736477552321,-0.6604289950351954,-0.38187567453583865
-0.00830090045928955,0.002668023109436035,-0.024762094020843506,-1.6317723989486694,0.4791239798069,0.2029140591621399,-0.6192013221988854,-0.6760535302639867,-0.39210206619778104
-0.021693646907806396,-0.02832704782485962,-0.04073905944824219,-1.2909151315689087,0.40725645422935486,0.1178969070315361,-0.6206296697712045,-0.6890377435937712,-0.4014976989130432
-0.02914828062057495,-0.05138295888900757,-0.03702014684677124,-0.8347620368003845,0.28524544835090637,0.08471106737852097,-0.6217269854719956,-0.6982853032768191,-0.40857157415802015
-0.022900402545928955,-0.04235047101974487,-0.018389403820037842,-0.3593369424343109,0.1481453776359558,0.11129926890134811,-0.6218299228844365,-0.7037573211974656,-0.41215328269151075
-0.024544447660446167,-0.0336071252822876,-0.002129971981048584,0.028924303129315376,0.09768021106719971,0.1274898201227188,-0.6205552649240661,-0.7057401866739522,-0.41199962637022136
-0.02211761474609375,-0.018068909645080566,-0.005731105804443359,0.2551411986351013,0.0565522164106369,0.11387015134096146,-0.6182054959157371,-0.7051928187542571,-0.40951334506627995
-0.023802965879440308,0.005761086940765381,-0.008526980876922607,0.27771255373954773,0.02434474229812622,0.08001402765512466,-0.6157359274337704,-0.7034763777153238,-0.4063370601741784
-0.018252521753311157,0.010858535766601562,-0.003661036491394043,0.24726170301437378,-0.01266520656645298,0.03170428052544594,-0.61401678906808,-0.7016755630375594,-0.4037668292058255
-0.014114320278167725,0.002101302146911621,-0.011645317077636719,0.3768231272697449,-0.05355391651391983,0.02647966332733631,-0.6127440686423447,-0.699358640158081,-0.40123856686143167
-0.016885310411453247,-0.031530022621154785,-0.014925837516784668,0.6176165342330933,-0.052506230771541595,0.07298298925161362,-0.6106158378999215,-0.6955972395696395,-0.3970772339648738
0.006719917058944702,-0.0518643856048584,-0.02041071653366089,1.0281864404678345,0.007046446204185486,0.10430913418531418,-0.6064451697674011,-0.6893846158239839,-0.38994165578757967
-0.004821747541427612,-0.07666987180709839,-0.024074912071228027,1.5206094980239868,0.0928226038813591,0.07773931324481964,-0.5993756700271322,-0.679412613972297,-0.3796216596927326
-0.0029993653297424316,-0.08020579814910889,-0.019099116325378418,2.1056225299835205,0.127603217959404,0.04402315989136696,-0.5897214941131419,-0.6646855699097051,-0.3659833404651838
-0.00018462538719177246,-0.07996928691864014,0.005753695964813232,2.6838932037353516,0.10174259543418884,0.028169624507427216,-0.5780826284193396,-0.6447656856822355,-0.3488133145379812
0.004799336194992065,-0.06515926122665405,0.007469832897186279,2.9994187355041504,-0.03750930353999138,-0.08498942106962204,-0.5663511116772784,-0.6203668112372507,-0.3296049494082604
0.007594853639602661,-0.03192341327667236,0.034868597984313965,2.888190507888794,-0.15031707286834717,-0.12216395139694214,-0.5570922858205307,-0.5946800604141328,-0.3116230220328622
0.022145718336105347,0.03599017858505249,0.015221238136291504,2.8764302730560303,-0.16081179678440094,-0.11724349111318588,-0.5493158144512883,-0.5694387221241421,-0.2945759994592797
0.026151001453399658,0.055710434913635254,-0.01584172248840332,2.824678897857666,-0.026522966101765633,-0.17485719919204712,-0.5418901151926642,-0.5441422329743458,-0.2784597848004702
0.029744952917099,0.05234602093696594,-0.022745370864868164,2.6921162605285645,0.23932042717933655,-0.25767794251441956,-0.5335228992987285,-0.5191371899247798,-0.2641590262311769
0.03585520386695862,0.06357318162918091,-0.028846263885498047,2.445481538772583,0.5311306715011597,-0.32811030745506287,-0.5238562516656634,-0.4953120510271727,-0.25209931765986743
-4.291534423828125e-05,0.057090312242507935,-0.001659393310546875,2.0970726013183594,0.8029595613479614,-0.3034239411354065,-0.5126042042788496,-0.47387472099613975,-0.24248474306583992
0.009289950132369995,0.04599699378013611,0.06972163915634155,2.0885508060455322,0.8720752596855164,-0.17485395073890686,-0.5000088751302232,-0.4545403902701343,-0.23357007193371743
0.00043761730194091797,0.026780813932418823,0.06555444002151489,2.1764018535614014,0.7264312505722046,-0.10299142450094223,-0.4876096013847067,-0.43495525745884855,-0.22361230430449242
-0.014557451009750366,0.03233042359352112,0.06385934352874756,2.1553280353546143,0.6392790675163269,-0.058497730642557144,-0.47657864816703716,-0.4152624353301962,-0.21334614347132064
-0.016203254461288452,0.05532065033912659,0.023910999298095703,2.2305493354797363,0.576257586479187,-0.06997587531805038,-0.46633324192239206,-0.3954252142080952,-0.2029435891825522
-0.017598271369934082,0.08716535568237305,-0.013493776321411133,2.389087200164795,0.5556620359420776,-0.20812469720840454,-0.4570402476772474,-0.3740735946773045,-0.19316618456349577
-0.019066929817199707,0.09166142344474792,-0.05345797538757324,2.6265461444854736,0.581381618976593,-0.3435928225517273,-0.44808759684255883,-0.35022297491920473,-0.18406967397832172
-0.029333055019378662,0.08518621325492859,-0.08870124816894531,2.8408377170562744,0.5681686401367188,-0.41874003410339355,-0.43934131714884156,-0.32369632407631543,-0.1752925866376515
-0.029791027307510376,0.06854379177093506,-0.08917194604873657,2.973005533218384,0.45765358209609985,-0.44368451833724976,-0.4314396830765095,-0.29528688219323485,-0.1664674002393612
-0.031691670417785645,0.056541621685028076,-0.06911200284957886,2.8799362182617188,0.27754637598991394,-0.45718514919281006,-0.42538038712233983,-0.2664707262625217,-0.15790393333692423
-0.02055072784423828,0.06758396327495575,-0.01961040496826172,2.6137337684631348,0.11005125939846039,-0.5188884139060974,-0.4216920500422155,-0.23924192850959702,-0.15078223551489325
-0.01655656099319458,0.07002845406532288,0.0041258931159973145,2.3696377277374268,-0.017253700643777847,-0.5238794684410095,-0.42000337155983203,-0.21429219790384546,-0.14529506264458564
-0.020506471395492554,0.06285308301448822,0.0012868046760559082,2.2648046016693115,-0.11653807759284973,-0.4882509708404541,-0.419692695742869,-0.19097596465747685,-0.14036467121163138
-0.008250802755355835,0.05611830949783325,-0.013948023319244385,2.2237515449523926,-0.2031717747449875,-0.503728985786438,-0.420509187543381,-0.16833895318634567,-0.13562744162394366
0.002752065658569336,0.05278606712818146,-0.03471338748931885,2.289243698120117,-0.25916406512260437,-0.5126516222953796,-0.4221346560413023,-0.14565010942156298,-0.13105085629536606
-6.034970283508301e-05,0.030008606612682343,-0.06334161758422852,2.479440689086914,-0.2657196819782257,-0.5453789234161377,-0.4241509222789842,-0.12158159380918435,-0.12596339224543698
1.1980533599853516e-05,0.017151355743408203,-0.058295369148254395,2.5895330905914307,-0.22330114245414734,-0.5856346487998962,-0.4260159189771705,-0.09600261367576818,-0.12060266254368167
0.006992161273956299,0.031015954911708832,-0.03772592544555664,2.541585683822632,-0.21216300129890442,-0.6423407793045044,-0.4277740691624719,-0.06976387354221204,-0.11550871499754127
0.007216036319732666,0.03783627599477768,0.03146892786026001,2.303177833557129,-0.14311842620372772,-0.6023115515708923,-0.4293533333489799,-0.044988316130656236,-0.11108039258909076
0.02071434259414673,0.05063607916235924,0.04814082384109497,2.223252058029175,-0.04754502698779106,-0.5927119255065918,-0.43016955130806384,-0.021982238620966987,-0.10706367239393087
0.013924926519393921,0.03671371564269066,0.030467092990875244,2.239291191101074,0.07300708442926407,-0.6512680053710938,-0.4300093950701023,0.0010539586926393558,-0.1033590949408237
0.0010766386985778809,0.017920823767781258,0.03441727161407471,2.2094156742095947,0.13339106738567352,-0.6987378001213074,-0.4289345829182134,0.024225108074001363,-0.10022360302252863
0.008991807699203491,0.030458688735961914,0.024077117443084717,2.1439108848571777,0.12193015962839127,-0.7096812129020691,-0.42775853171255496,0.04710822571905841,-0.09755018742916302
0.010761350393295288,0.037138037383556366,0.01642632484436035,2.0403709411621094,0.10809370130300522,-0.6670764684677124,-0.42669500777237235,0.06911447560443132,-0.09522178557467492
0.016288191080093384,0.038372740149497986,0.0008901357650756836,2.1273398399353027,0.02174762822687626,-0.5769224762916565,-0.426237571201006,0.0906514327253275,-0.0923076749770608
0.019756704568862915,0.03621501475572586,-0.020172715187072754,2.282935857772827,-0.09502453356981277,-0.5523260831832886,-0.4271063981087546,0.11320841942683378,-0.0881637844718526
0.011088699102401733,0.0035869628190994263,-0.00784236192703247,2.3868048191070557,-0.1782335340976715,-0.5683512091636658,-0.42902232205204605,0.1369030696571845,-0.08352791480157551
0.009373009204864502,0.007673904299736023,-0.013258874416351318,2.463881254196167,-0.25806525349617004,-0.5545341968536377,-0.4320009076348961,0.16146606338355185,-0.07840996919351577
0.0006497502326965332,0.03194098174571991,0.00024819374084472656,2.4417803287506104,-0.3188899755477905,-0.566901445388794,-0.4358185295410348,0.18627568604478034,-0.07301455175205059
0.0016234219074249268,0.025638043880462646,0.039130210876464844,2.175551414489746,-0.3317895233631134,-0.5388676524162292,-0.440121832383677,0.20979080876065387,-0.06814597226299898
0.01748645305633545,0.049353718757629395,0.06615447998046875,2.0128583908081055,-0.3007967174053192,-0.44885772466659546,-0.44426758244164627,0.2308418552827361,-0.06357913109882443
0.021984875202178955,0.05266602337360382,0.022270143032073975,1.9227876663208008,-0.27648046612739563,-0.48424872756004333,-0.44825625660935753,0.2507348766257577,-0.05911026058541854
0.017317920923233032,0.02808678150177002,-0.0007631778717041016,1.854697585105896,-0.2728547155857086,-0.49125421047210693,-0.45204223434309904,0.2699080078294286,-0.05516247938026666
0.0030597448348999023,0.031915634870529175,-0.021318912506103516,1.882629632949829,-0.26208701729774475,-0.4901122450828552,-0.4557967251996955,0.288956549989379,-0.051238162071983936
-0.003042548894882202,0.01468956470489502,-0.023173391819000244,1.8721190690994263,-0.26399409770965576,-0.45316606760025024,-0.45968692260557875,0.30803587115692554,-0.046954985738638454
0.002358078956604004,0.0018108487129211426,-0.010128676891326904,1.7946282625198364,-0.21518023312091827,-0.4241999089717865,-0.46354591340335477,0.3265052227454913,-0.04246139128218756
0.003671884536743164,0.005319148302078247,0.010174155235290527,1.7645210027694702,-0.11979991942644119,-0.3958524763584137,-0.46676865180691673,0.34429548519063086,-0.03787010755323754
0.010464221239089966,0.005890846252441406,0.013914704322814941,1.8426814079284668,0.041407085955142975,-0.3991508185863495,-0.46888491959866657,0.3622904268098124,-0.03290045202529279
0.012066453695297241,0.00244981050491333,0.023067712783813477,1.8245047330856323,0.152014821767807,-0.4409683644771576,-0.4696734590027936,0.38068875502855604,-0.027954672472045236
0.016719728708267212,0.018508076667785645,0.017902076244354248,1.734434723854065,0.19970057904720306,-0.44741401076316833,-0.46958088220131206,0.3987086461952963,-0.023497508287661447
0.013888150453567505,0.037725359201431274,0.008372485637664795,1.6522290706634521,0.19331978261470795,-0.4307248890399933,-0.46918017803541606,0.4158325035062981,-0.019446831196162594
0.0029149651527404785,0.045892924070358276,-0.008723556995391846,1.6494529247283936,0.142247274518013,-0.39543774724006653,-0.4691628105802094,0.43249594222234766,-0.015268035410907238
0.001573324203491211,0.02868640422821045,-0.023217201232910156,1.5742688179016113,0.05396442115306854,-0.3878136873245239,-0.47000070824373574,0.4487988544588487,-0.011022953501323152
-0.0003102719783782959,0.02670338749885559,-0.03376960754394531,1.4968185424804688,-0.05166107416152954,-0.34513866901397705,-0.47185513534618106,0.4641841919815175,-0.006883922276970635
-0.014816462993621826,0.028161078691482544,-0.042671024799346924,1.3862104415893555,-0.08437427878379822,-0.33507734537124634,-0.4744226844712417,0.4787172693475898,-0.0028749872079052194
-0.015296250581741333,0.028263360261917114,-0.004527926445007324,1.2465015649795532,-0.05111086741089821,-0.2600278854370117,-0.47687729308814214,0.4918571409749963,0.0009713449549370327
0.00856754183769226,0.013018518686294556,-0.002553105354309082,1.1068390607833862,0.016874710097908974,-0.2608320713043213,-0.4787801612923976,0.5034904771365434,0.004539632221082891
0.01131322979927063,0.0007592737674713135,0.005073964595794678,1.0300092697143555,0.12191537767648697,-0.24920018017292023,-0.4795920189627788,0.5141761763253053,0.007614852352064411
0.011114537715911865,0.004673421382904053,0.012806057929992676,1.067735195159912,0.25183674693107605,-0.25783583521842957,-0.47910509739523516,0.5245378777331887,0.01052947348727468
0.010588139295578003,0.015651226043701172,0.001344919204711914,1.2573131322860718,0.3178469240665436,-0.300241082906723,-0.4779425311876009,0.5362737226324119,0.013936182581562607
-0.007411152124404907,0.024762868881225586,-0.00028705596923828125,1.2732343673706055,0.3352685272693634,-0.3132582902908325,-0.4764354241509884,0.5491059619971185,0.01758727815730833
-0.011390119791030884,0.03696751594543457,0.009075045585632324,1.19181489944458,0.28248360753059387,-0.28850072622299194,-0.4751714130575594,0.5615656284489431,0.021092810548890676
-0.014114290475845337,0.038953185081481934,0.02216947078704834,1.0031204223632812,0.2205057293176651,-0.22784735262393951,-0.474406601596187,0.5726214868651057,0.02435281001037583
-0.005621522665023804,0.027634739875793457,0.017293214797973633,0.8910284042358398,0.1448325514793396,-0.19511070847511292,-0.47411875430767286,0.5819491115895694,0.027231978450174384
0.0035731494426727295,-0.00016623735427856445,-0.008938968181610107,0.9090223908424377,0.08715872466564178,-0.17486949265003204,-0.47467652243643593,0.5908529972824661,0.03022318753673016
0.0009599030017852783,-0.018329083919525146,-0.008784115314483643,0.8307065367698669,0.11950947344303131,-0.1496506780385971,-0.47542127639139004,0.5994340515379215,0.03332117225431885
0.002878129482269287,-0.001188814640045166,-0.0018288493156433105,0.701511025428772,0.13385260105133057,-0.12720456719398499,-0.4757033936092257,0.6069437881335572,0.03612073629418676
0.0035028457641601562,0.016504943370819092,-0.004053652286529541,0.538705587387085,0.1385970264673233,-0.10511951148509979,-0.4756434812975136,0.6130047361208356,0.03834754469259264
-0.009161055088043213,0.021661043167114258,-0.009911835193634033,0.4540807008743286,0.13442690670490265,-0.1040935292840004,-0.4751493854431011,0.6178805369671512,0.03998602177450963
-0.005712330341339111,0.006816864013671875,-0.0017113685607910156,0.3850741982460022,0.14213648438453674,-0.09172794222831726,-0.4744923353756147,0.6221207577509053,0.041206311226930394
0.007276684045791626,-0.002263784408569336,0.01000988483428955,0.32909446954727173,0.19253654778003693,-0.07444396615028381,-0.4735127470526676,0.6256908898521398,0.04233206087645768
-0.004286408424377441,-2.7298927307128906e-05,0.011685729026794434,0.24004022777080536,0.3083829879760742,-0.053692352026700974,-0.4715133470470632,0.6285660862869257,0.04321192562683926
-0.006140410900115967,0.006854712963104248,0.012392103672027588,0.13182727992534637,0.3826010227203369,-0.04018159955739975,-0.46836197543769303,0.6304353055056272,0.04376847988484938
-0.004594027996063232,0.009116530418395996,-0.0020491480827331543,0.03177392855286598,0.37416890263557434,-0.032823555171489716,-0.46453657660040526,0.6313466048009243,0.043822993933347175
-0.0015747249126434326,0.0022999048233032227,-0.012216806411743164,-0.005120172630995512,0.3063959777355194,-0.02387453429400921,-0.4609357576507327,0.631559594828517,0.043576196407806765
-0.002586156129837036,0.002960383892059326,-0.012982964515686035,-0.027281399816274643,0.23982922732830048,-0.007140294648706913,-0.45804995421088834,0.631470479231397,0.04330961525028334
0.002039790153503418,-0.0007507205009460449,-0.0027875304222106934,-0.054886750876903534,0.21240532398223877,0.0059951613657176495,-0.4556693167069767,0.6311072848935945,0.043088433781739176
0.006197154521942139,0.003605663776397705,0.005898773670196533,-0.04715985804796219,0.23498094081878662,0.008799204602837563,-0.45332067468283593,0.6305688403752316,0.04289629520615154
0.0040905773639678955,0.008635163307189941,0.0024386048316955566,0.013361677527427673,0.2252621352672577,-0.013248600997030735,-0.45091116370768347,0.6304103434767981,0.04277081042492102
0.0030916035175323486,0.004485607147216797,0.0071790218353271484,0.04949411377310753,0.18662340939044952,-0.014231041073799133,-0.44883209650026845,0.6307893370202279,0.04276628145368442
0.007057607173919678,0.006996035575866699,0.009355545043945312,0.06810441613197327,0.12076275795698166,0.00019506305397953838,-0.44743265144019573,0.6313472368330859,0.04302335906902859
0.0025329887866973877,0.005499660968780518,0.008762717247009277,0.05361628532409668,0.05921231210231781,0.008158447220921516,-0.44678145384682383,0.6319131689897249,0.043418155275341805
-0.002356112003326416,0.011710584163665771,0.01285552978515625,-0.016997115686535835,0.021254410967230797,0.022230030968785286,-0.4465678846635201,0.6320463380659159,0.043701803658144606
-0.006587892770767212,0.020722150802612305,0.01903831958770752,-0.07244226336479187,-0.009514421224594116,0.029683154076337814,-0.44653367873846156,0.6314900970605037,0.043748510872630805
-0.004228800535202026,0.01319962739944458,0.022899508476257324,-0.09097586572170258,-0.05645942687988281,0.025594588369131088,-0.4468079080240161,0.6306207764662316,0.04363967941225689
0.0036360621452331543,0.01015019416809082,0.02734839916229248,-0.11055569350719452,-0.044134050607681274,0.022495999932289124,-0.44719448275132606,0.6296039156908533,0.043383658035332756
0.008490145206451416,0.006955265998840332,0.026442766189575195,-0.11208630353212357,-0.014784949831664562,0.024546101689338684,-0.4472805560856076,0.6284643850800967,0.043041225087866605
0.01104918122291565,0.00045943260192871094,0.0066405534744262695,-0.11170600354671478,0.02706769108772278,0.0185028575360775,-0.4470420349122189,0.6273762291846273,0.042708828134389795
0.0056441426277160645,-0.008049547672271729,-0.008269846439361572,-0.13102124631404877,0.04455281049013138,0.01362818107008934,-0.44636294693519296,0.6262148934691285,0.042214327252117684
0.006686121225357056,-0.0032630562782287598,-0.00877612829208374,-0.13866424560546875,0.01946955919265747,0.013368256390094757,-0.4456952518143242,0.6249290099363886,0.041640992677144835
0.0060471296310424805,-0.004990220069885254,-0.009689807891845703,-0.11269776523113251,-0.0018963152542710304,0.005692200269550085,-0.44531622654102787,0.6237593085846942,0.04109508407866317
0.004022836685180664,0.0021525025367736816,-0.003916263580322266,-0.10854855924844742,0.006264941766858101,0.008440849371254444,-0.4450800117955649,0.6227465633608896,0.0406024422591466
-0.0013146698474884033,0.002129197120666504,-0.015139639377593994,-0.10998218506574631,0.048024505376815796,0.00707664480432868,-0.4445804022584275,0.6217601212832762,0.040149657577833106
-0.0025187432765960693,-0.0035588741302490234,-0.018385648727416992,-0.12063243240118027,0.04354187473654747,0.013661576434969902,-0.44379741170675885,0.6206761084891204,0.03967293476769884
-0.004203826189041138,0.002763807773590088,-0.018687844276428223,-0.10489466041326523,-0.018549460917711258,0.013694546185433865,-0.4434343996542349,0.6196329023034984,0.03923455452661945
-0.0037964284420013428,0.009646058082580566,-0.008543193340301514,-0.10207969695329666,-0.061195991933345795,0.027154695242643356,-0.4436792794508787,0.6186591586658593,0.03891509378069435
-0.0009491145610809326,0.0038664937019348145,0.006239056587219238,-0.08706191182136536,-0.061656851321458817,0.03258570656180382,-0.44420767122553206,0.6176711342801704,0.03873596404724853
0.0030845701694488525,-0.0003781318664550781,0.010363459587097168,-0.08172707259654999,-0.039450615644454956,0.0349481962621212,-0.44468343328543963,0.6167884491138054,0.038681861480080286
0.004931896924972534,-0.0024473071098327637,0.014007329940795898,-0.10598424822092056,-0.0072161126881837845,0.03871909901499748,-0.44484988642221024,0.6158047897489428,0.03857757224779828
0.0033594071865081787,0.00018131732940673828,0.003515005111694336,-0.133942112326622,0.0113160265609622,0.04820634424686432,-0.444712247656092,0.6145393318109911,0.03843696256545656
0.004300445318222046,-0.003339529037475586,-0.007029891014099121,-0.15633103251457214,4.47295606136322e-05,0.059646327048540115,-0.44455297971751156,0.6129762174680694,0.038251246982231056
0.0038397908210754395,-0.004596233367919922,-0.008532166481018066,-0.13412480056285858,-0.025557303801178932,0.05415728688240051,-0.4445661157657207,0.6114219854303737,0.038110614555465674
0.0015709996223449707,0.0026116371154785156,-0.007166683673858643,-0.14928777515888214,-0.03834047541022301,0.054222799837589264,-0.4449546152767954,0.6098458756880308,0.03805384955315757
0.0017220377922058105,0.0038721561431884766,0.004385709762573242,-0.12468869239091873,-0.02398017980158329,0.03387491777539253,-0.4450794957795163,0.6083688644528055,0.03776726721816247
0.0003332793712615967,0.0014358758926391602,0.013294219970703125,-0.05793340876698494,-0.048663556575775146,0.010797160677611828,-0.44529996743347,0.607482791988975,0.037551787810891905
0.0009913146495819092,0.00500643253326416,0.018945813179016113,-0.0266543161123991,-0.05046278238296509,0.0012036554981023073,-0.4457269445409207,0.6071483040298616,0.03739335021193429
-0.0028434693813323975,0.022043585777282715,0.0114021897315979,-0.04590976983308792,-0.05787809193134308,0.003436343278735876,-0.44616043219621876,0.6068611885377123,0.03721257649919304
-0.002069711685180664,0.020711123943328857,-0.002080082893371582,-0.0527556911110878,-0.09540868550539017,0.008987436071038246,-0.44678069831807893,0.6063909343166792,0.03700170965479715
-0.0021129846572875977,0.013323783874511719,-0.013694047927856445,-0.0459139421582222,-0.11909697204828262,0.005489320494234562,-0.4477614572793134,0.6059242401600968,0.03683514973940043
0.003056347370147705,-0.0037380456924438477,-0.008119523525238037,-0.00479393545538187,-0.11787138879299164,0.002742270240560174,-0.4488700648884863,0.6056797975896931,0.03672079584266494
0.005617707967758179,-0.008752107620239258,-0.004976868629455566,0.015646446496248245,-0.11400314420461655,0.00042366888374090195,-0.4500629103819984,0.6057428545572251,0.036777209937701484
0.0015191733837127686,0.0016270875930786133,-0.00759512186050415,0.03632109984755516,-0.08830630034208298,-0.007500300649553537,-0.45114321461027396,0.6059882182103825,0.03686926458439751
0.0033500194549560547,-0.0014038681983947754,-0.01384282112121582,0.04389983415603638,-0.0821773037314415,-0.012914400547742844,-0.4520316137679304,0.6064219505496254,0.03696235748779039
0.0056514739990234375,-0.001970529556274414,-0.008572041988372803,0.031239967793226242,-0.07926194369792938,-0.011671503074467182,-0.4528941290764659,0.6068466137956625,0.03704899758793083
-0.000300675630569458,0.003960132598876953,-0.002163231372833252,0.0058996775187551975,-0.07322468608617783,-0.005492090713232756,-0.45365577403279306,0.6070262683727482,0.037051679173496194
0.0003266334533691406,0.004113912582397461,-0.0013715028762817383,-0.025711512193083763,-0.04347984492778778,0.006862047128379345,-0.454240899500465,0.606916229085435,0.03700187738861715
0.0024541616439819336,-0.0006667971611022949,0.006236612796783447,-0.06641317903995514,-0.016623862087726593,0.017772724851965904,-0.4543960231161969,0.6063719452908073,0.03686183329094358
0.0037217140197753906,-0.0022726058959960938,0.008174538612365723,-0.06047326326370239,-0.013664291240274906,0.008347531780600548,-0.45440953823048685,0.6057362699540318,0.0366438458125336
0.0033980607986450195,-0.0023296475410461426,0.004567146301269531,-0.048232488334178925,-0.03483615443110466,-0.004893225617706776,-0.454437670956875,0.6052215690150529,0.036336317345593595
0.004789292812347412,-0.0022863149642944336,0.0055141448974609375,-0.017549676820635796,-0.06462308019399643,-0.011668573133647442,-0.45480680524685746,0.6049588221614975,0.036080079934229084
0.005247980356216431,-0.0014105439186096191,0.0006322860717773438,-0.00498377438634634,-0.07495734095573425,-0.007357954513281584,-0.4554049976607893,0.6048919500516632,0.03591311199504487
-0.00054207444190979,0.0010960698127746582,-0.0013109445571899414,0.0018544245976954699,-0.07976780831813812,0.002533291932195425,-0.45615536660872374,0.6048784548931989,0.0358583986767692
-9.289383888244629e-05,0.004068255424499512,-0.003879249095916748,0.02331133559346199,-0.08441928774118423,0.0008721185149624944,-0.45702754805871837,0.6049857480761407,0.035974051766905005
0.003611356019973755,0.006419956684112549,0.003178119659423828,0.01915920153260231,-0.12004519253969193,0.024108996614813805,-0.4581223382556701,0.6051178748368873,0.03618716344406151
0.00636523962020874,0.008801400661468506,0.006562471389770508,-0.008602432906627655,-0.09053909778594971,0.006692483555525541,-0.4593598748966292,0.6051376965561104,0.036373932224819355
0.0005344748497009277,0.009188830852508545,0.007068991661071777,-0.018093407154083252,-0.09383928775787354,0.005969169083982706,-0.46022784615049017,0.6049594610397322,0.0363635413690468
0.007870912551879883,0.00024271011352539062,-0.0013518333435058594,-0.022089345380663872,-0.04106089472770691,0.001033399603329599,-0.4608957299672093,0.6048056358809198,0.036284730374364804
0.007259726524353027,-0.008594393730163574,-0.014300942420959473,-0.007415861822664738,-0.0334642268717289,-0.0017512015765532851,-0.46117407225777873,0.6046545037269586,0.03617229459697615
0.009804785251617432,-0.006281375885009766,-0.01344752311706543,0.006358007434755564,-0.04124678298830986,-0.003740476444363594,-0.4615112901518645,0.6046838732586659,0.03613794744090733
0.004491865634918213,-0.0006117820739746094,-0.01284933090209961,-0.0047420477494597435,-0.042300064116716385,0.008520451374351978,-0.461946066009591,0.6046943845126328,0.036171110302242085
0.0024313032627105713,0.0029863715171813965,-0.007502913475036621,-0.015496114268898964,-0.027334030717611313,0.005504607688635588,-0.46230730100470957,0.6045424217439616,0.036186965099399636
-0.00031247735023498535,0.0063269734382629395,-0.00454789400100708,-0.011857171542942524,-0.025188321247696877,0.0019460914190858603,-0.4625289433136905,0.604392703742209,0.03612823344295064
0.0015653371810913086,0.005251109600067139,0.0025246143341064453,-0.012568812817335129,-0.037366025149822235,0.0006893192185088992,-0.4627995920896736,0.6042720886127021,0.036077764395312004
0.0037605464458465576,0.0030879974365234375,-0.0012444257736206055,-0.007740500848740339,-0.061074815690517426,-0.005418640561401844,-0.46327009986046114,0.6042023245313244,0.03601668878765899
0.0055679380893707275,-0.0007861852645874023,-0.00807732343673706,0.006554059684276581,-0.029525812715291977,0.007620169315487146,-0.46375683384330885,0.604204215776241,0.03598998272520808
0.009120672941207886,-0.008994817733764648,-0.006694972515106201,-0.00786296185106039,0.018207088112831116,0.005847036372870207,-0.46378231681741905,0.6041678904263568,0.036042393395066395
0.0017667710781097412,-0.003849804401397705,-0.0039018988609313965,-0.024263152852654457,0.04878630489110947,0.0118331303820014,-0.4634096845033351,0.6039858603776456,0.03602387684245516
-0.001560509204864502,0.0021557211875915527,-0.00030922889709472656,-0.030624911189079285,0.03659062460064888,0.004180004354566336,-0.4628828728802112,0.6036629219268116,0.03591820801043852
-0.0014832913875579834,0.008483946323394775,-0.0065555572509765625,-0.006524990312755108,0.008074826560914516,0.001842600991949439,-0.4626051891498839,0.6034540372581213,0.03584191940923618
-0.0021240413188934326,0.004694163799285889,-0.006388723850250244,0.022033151239156723,-0.018518168479204178,-0.00996505655348301,-0.46265555274679,0.6035398089572866,0.03582626392046403
-0.004992485046386719,0.0012574195861816406,-0.008203387260437012,0.028175821527838707,-0.015546613372862339,-0.016845813021063805,-0.4628456384208228,0.6038506196398074,0.03584272996290779
0.0025000274181365967,-0.004676163196563721,-0.003483712673187256,0.025997621938586235,-0.005020735785365105,-0.009035027585923672,-0.4629429090405441,0.6041312831230489,0.035853355380701134
0.0022134780883789062,-0.003501594066619873,-0.0013042688369750977,0.024359334260225296,-0.01092336606234312,-0.01136007346212864,-0.46298097926348436,0.6044089470996015,0.03585253087377102
0.0015934407711029053,-0.00020110607147216797,-0.0017682313919067383,0.01210373267531395,-0.012769469060003757,-0.0036712607834488153,-0.46308154998604567,0.6046185394831249,0.035851633865347225
0.004390299320220947,0.0012181401252746582,0.0044841766357421875,0.0005740209016948938,-0.018812181428074837,-0.0044282907620072365,-0.46323771976987993,0.6046929671095932,0.035851627474376715
0.002794802188873291,0.003755331039428711,0.008270084857940674,-0.006780298426747322,-0.005124599207192659,0.0019358649151399732,-0.46336017570847654,0.6046610132975695,0.03582652697397143
0.0007972419261932373,0.009850740432739258,0.006606996059417725,-0.012034138664603233,0.013153341598808765,-0.0027690085116773844,-0.46327865563467285,0.6045398182597003,0.035766009813211506
-0.00021013617515563965,0.005415141582489014,-0.002953469753265381,0.025461571291089058,0.011416959576308727,-0.013554545119404793,-0.4630921536406853,0.604601185525088,0.03570992478623161
0.00283697247505188,-0.0020735859870910645,-0.011822700500488281,0.04078366979956627,0.008821044117212296,-0.0163256973028183,-0.46301438690453794,0.6049948510198672,0.035718750669009966
7.906556129455566e-05,0.0028309226036071777,-0.004026293754577637,0.010733092203736305,0.01714848168194294,-0.0033369276206940413,-0.4629111127473806,0.6052809322938839,0.03573596590872191
0.000739365816116333,0.006180763244628906,0.0031818151473999023,-0.0025125383399426937,0.015874825417995453,0.006082380190491676,-0.46274642183883813,0.6053280338395046,0.03578903314778128
0.0010606646537780762,0.006105661392211914,-0.0018832683563232422,-0.008564838208258152,0.003689265577122569,0.0076022460125386715,-0.4626889196219688,0.60521809873865,0.03582994103516262
-0.001993805170059204,0.005363166332244873,-0.006158351898193359,0.01186910830438137,-0.009302833117544651,0.0058063967153429985,-0.46272886980435923,0.6052244291275977,0.03591019716953182
-0.0013667047023773193,0.007195711135864258,-0.007615864276885986,0.02046153135597706,-0.05395552143454552,0.0029512217734009027,-0.4631911303522491,0.6053561047608927,0.036082746788946345
-0.007586359977722168,0.006009399890899658,-0.005943477153778076,0.02654530107975006,-0.06664721667766571,0.001969340955838561,-0.46387307475761486,0.6055649406488672,0.03622305950798058
-0.00016817450523376465,0.00427478551864624,-0.0025576353073120117,0.021641090512275696,-0.07757097482681274,0.010160159319639206,-0.46473163133345263,0.6057565120960028,0.03640895215390507
0.0013489127159118652,0.003409862518310547,3.719329833984375e-05,0.017059698700904846,-0.05728127807378769,-0.0015525032067671418,-0.4654522439513167,0.6058923295476082,0.03654758668504039
0.00026360154151916504,0.0003440380096435547,0.002470254898071289,0.018315911293029785,-0.05397655814886093,0.0015759119996801019,-0.4660692912144073,0.606060877307664,0.036635382301217254
0.004888325929641724,0.0006836652755737305,0.011485874652862549,-0.000936168828047812,-0.04628321900963783,0.009676183573901653,-0.46661178185869245,0.6061213015266489,0.03671334899685746
0.00469517707824707,-0.0038240551948547363,0.0033012032508850098,0.011248592287302017,-0.04613061994314194,0.005350942723453045,-0.4671021662390026,0.6060764109053698,0.03681740740594285
0.003967970609664917,-0.0018792152404785156,-0.00895237922668457,0.02222583070397377,-0.027862802147865295,-0.004039229825139046,-0.467532092038506,0.6062149287535975,0.03690807949547091
-0.0014136731624603271,0.0005345344543457031,-0.005432486534118652,0.007532372139394283,-0.004735111724585295,-0.0020272117108106613,-0.46772303724569003,0.606385450675888,0.036948797672147156
0.0028817057609558105,-0.000676274299621582,0.007481992244720459,-0.017648259177803993,0.005586234852671623,0.00031823426252231,-0.4676700607770976,0.6063231896784937,0.036895249591708715
0.002564668655395508,0.0033497214317321777,0.005511879920959473,0.001035413471981883,-0.0075263711623847485,-0.0019534421153366566,-0.46764121966720695,0.6062275769844819,0.036820270906125684
0.004899144172668457,0.005816459655761719,0.001705944538116455,0.02953079342842102,0.01468093041330576,-0.008547854609787464,-0.4676283822225511,0.6063697820371233,0.03684816279038004
0.0019236505031585693,0.005973160266876221,0.000930488109588623,0.05767081677913666,0.01541196834295988,-0.012645660899579525,-0.46757825443576956,0.6068206000272034,0.0369947281753893
0.0016713142395019531,0.00747227668762207,0.001325845718383789,0.06295564025640488,0.01871601864695549,-0.013127932325005531,-0.46750539402607616,0.6074754005198812,0.03716098172624316
0.0029372572898864746,0.015398859977722168,0.006125450134277344,0.017095206305384636,-0.004922998137772083,-0.00568785984069109,-0.4674847640270352,0.607893145283206,0.03726182021307458
0.0028665363788604736,0.011038362979888916,0.00012010335922241211,0.011723877862095833,-0.02365407533943653,-0.005200767423957586,-0.4676371758220289,0.6080090275244662,0.03726732866319456
0.0021434128284454346,0.0004913210868835449,-0.013355135917663574,0.036762651056051254,-0.032459016889333725,-0.013874150812625885,-0.46794832942563575,0.6082653860870075,0.03728687480978589
0.005523979663848877,-0.005390048027038574,-0.007081508636474609,0.03009316511452198,-0.007662724703550339,-0.014005097560584545,-0.46819861012846725,0.6086476718722792,0.03730655270226116
0.004386097192764282,-9.85264778137207e-05,-0.0009762048721313477,0.010902691632509232,0.015129939652979374,-0.009113136678934097,-0.4681388755557384,0.6088668997457461,0.037295949917162216
0.004117846488952637,0.0013576149940490723,-0.001488804817199707,0.002550930017605424,0.02283792570233345,-0.008120790123939514,-0.46788485728560847,0.6089492539234554,0.03721261552318209
0.003589063882827759,-0.0006179213523864746,-0.005037665367126465,0.0036417606752365828,0.02314232476055622,-0.00818550493568182,-0.4675960192456354,0.6089963589474897,0.03713614112742736
-0.002008587121963501,0.00226747989654541,-0.005850255489349365,0.011660804972052574,-0.01657765731215477,-0.007274970877915621,-0.46750105202207937,0.6090726301771215,0.037090729706441485
-0.0016315281391143799,0.002527952194213867,-0.00856471061706543,0.0008696762379258871,-0.04695207253098488,-0.002320958534255624,-0.4678617418433324,0.6091669466044266,0.037056795605575926
-0.0024774670600891113,-0.0024486184120178223,-0.010622501373291016,-0.05012999102473259,-0.039388030767440796,0.017686279490590096,-0.46826011452027766,0.608903815747056,0.03699383030470933
1.749396324157715e-05,-0.00023436546325683594,-0.008924484252929688,-0.08710931241512299,-0.03822262957692146,0.035250358283519745,-0.46857972290244576,0.6081248509024785,0.03688095926835508
-0.0018813908100128174,0.0028505325317382812,-0.008461177349090576,-0.08129394799470901,-0.04407013580203056,0.0394015908241272,-0.468931689459888,0.6071986242565609,0.036838694657367686
-0.0007925927639007568,-0.0013652443885803223,-0.001513063907623291,-0.09955444186925888,0.0033351979218423367,0.03494425490498543,-0.4690557110825026,0.6062275392105395,0.036731310937431684
0.005087316036224365,-0.0045149922370910645,0.006596565246582031,-0.08689457178115845,-0.0019258764805272222,0.019939100369811058,-0.4688879138287126,0.6052545788510012,0.03649907114893266
0.006432056427001953,-0.0008008480072021484,0.005879521369934082,-0.08988689631223679,0.007903850637376308,0.0163347776979208,-0.46867125366713003,0.6043903586977055,0.03619800474626269
0.0032695233821868896,-5.733966827392578e-05,-0.0010967850685119629,-0.06691940128803253,-0.0072898827493190765,0.011190270073711872,-0.46847522194482216,0.6036066440397303,0.0358902830986352
0.0035271942615509033,-0.0015645027160644531,0.00189971923828125,-0.031735584139823914,-0.038136743009090424,0.004263387992978096,-0.46857631917654985,0.6031290740471246,0.035696249658103404
0.002827674150466919,0.0019813179969787598,0.002736330032348633,-0.0321255587041378,-0.04451794549822807,0.009420972317457199,-0.4689770070779944,0.6028396412456218,0.03561276321086976
0.0007207393646240234,0.00644683837890625,-0.0006575584411621094,-0.034672338515520096,-0.02927347831428051,0.02188483066856861,-0.46930078396930386,0.6024628189123044,0.03556930306714653
0.005503833293914795,-0.0004794001579284668,-0.0027378201484680176,-0.018876196816563606,-0.02569032832980156,0.009739725850522518,-0.4696163756244238,0.6021494424905668,0.03557004015566631
0.0020761191844940186,-0.0007317662239074707,0.0019867420196533203,-0.029877716675400734,-0.024951566010713577,0.01125879306346178,-0.4698479581621397,0.6018988559758625,0.03557393112035707
0.0010426640510559082,0.007188856601715088,0.004184246063232422,-0.029070202261209488,-0.03529062494635582,0.017542388290166855,-0.470132316799238,0.601567215302243,0.03555105841501387
0.003851860761642456,0.005588829517364502,0.0025404691696166992,-0.03920779004693031,-0.024325590580701828,0.01787981204688549,-0.4704694993667851,0.6012182561792145,0.03557142514527687
0.0029240846633911133,0.0022507905960083008,0.0028704404830932617,-0.060130782425403595,-0.015715723857283592,0.01761261560022831,-0.4706058239359474,0.6007047200787892,0.035488046491318606
0.0026356279850006104,0.0029085278511047363,0.0027738213539123535,-0.06508159637451172,-0.0066497912630438805,0.012544886209070683,-0.470590544847103,0.6000593793601768,0.03531127833231541
0.0008939504623413086,0.002801656723022461,0.004956483840942383,-0.05313941091299057,-0.012800228781998158,-0.0016509601846337318,-0.47051909116170304,0.5995047379769433,0.03504679853147838
0.0012733042240142822,0.0030693411827087402,0.00411224365234375,-0.02604360692203045,-0.013076132163405418,-0.009330983273684978,-0.4705013521274609,0.5991636628090069,0.03475342359032416
-0.0033851563930511475,0.002309143543243408,-0.004015803337097168,0.0119120292365551,0.01462660264223814,-0.013437099754810333,-0.4703863380515579,0.599148541089981,0.03457787762160554
0.004131048917770386,-0.00679701566696167,-0.01187211275100708,0.04466544836759567,0.033210936933755875,-0.017598554491996765,-0.470148553607426,0.5995036400787254,0.034576124139955824
-0.0017930269241333008,-0.001852571964263916,-0.013026416301727295,0.03840058296918869,0.025597093626856804,-0.015015954151749611,-0.46986255115989256,0.5999480392276837,0.03463504300127998
-0.0011217892169952393,0.007198631763458252,-0.0030913352966308594,0.0283636637032032,-0.0005913663189858198,-0.010037174448370934,-0.4697638574259815,0.6003211074577188,0.03468045999329473
-0.0008278787136077881,0.00874626636505127,0.006432712078094482,-0.0014341799542307854,-0.0066926684230566025,-0.0028624588157981634,-0.46981696142540413,0.6004583912142472,0.03469265362897511
0.004419445991516113,0.007736921310424805,0.008643805980682373,-0.004164985381066799,-0.014722897671163082,-0.006513918749988079,-0.46989026295761394,0.6004371700396931,0.03463754502378739
0.003408968448638916,0.0064310431480407715,0.0015574097633361816,-0.015168634243309498,0.0017636667471379042,-0.008404604159295559,-0.46988979290515764,0.6003894367712407,0.0345036325409402
0.005274176597595215,0.0006676316261291504,0.0018002986907958984,0.0060631511732935905,-0.005550438538193703,-0.013969278894364834,-0.4698201234821945,0.6004133059615735,0.034371073267845324
0.008910387754440308,-0.010865569114685059,-0.004152417182922363,0.008353292010724545,-0.013317814096808434,-0.004810933955013752,-0.4698595635000527,0.6005087221320433,0.03429345025573865
0.003460496664047241,-0.004594206809997559,-0.008087158203125,0.014733959920704365,-0.030358050018548965,-0.0007301723235286772,-0.47008790715579074,0.600638196148885,0.034316600133778394
0.00200808048248291,-0.005144596099853516,-0.003899991512298584,0.01222490705549717,-0.022706788033246994,-0.00838558841496706,-0.4703633884885451,0.6007848870963686,0.03434568576496215
0.0037956535816192627,-0.0036880970001220703,0.001936495304107666,-0.005273659247905016,-0.004383441526442766,-0.00554106617346406,-0.4704860168325126,0.6008302108714776,0.03428662382752761
0.00433039665222168,-0.0008406639099121094,0.005017638206481934,-0.016093550249934196,0.02515474334359169,-0.009967613033950329,-0.4702719293250556,0.6007490139608517,0.03413735553682897
0.0036044716835021973,-0.00143355131149292,0.01258784532546997,-0.009463343769311905,0.03188668191432953,-0.01445956714451313,-0.46988892972336865,0.6006961907734726,0.03393713031827192
0.0012507736682891846,0.0028566718101501465,0.015360414981842041,-0.013077697716653347,0.02851778455078602,-0.020354099571704865,-0.4694155572932114,0.6006622642302599,0.03368837535410826
0.004620671272277832,0.003220975399017334,0.0057176947593688965,-0.012822301127016544,0.012237612158060074,-0.01775032840669155,-0.4690733869589895,0.6006414008102902,0.03340456541724062
-0.000649869441986084,0.0049495697021484375,-0.007309138774871826,0.000411035493016243,-0.011617385782301426,-0.01380927674472332,-0.46890728268953713,0.6006652024391541,0.03317594739290334
-0.00084647536277771,0.0054847002029418945,-0.010006070137023926,0.00031888997182250023,-0.03982026129961014,-0.01110004261136055,-0.4691224290767596,0.6007405057353916,0.03305682712558581
0.0013812482357025146,0.004545629024505615,-0.010371744632720947,-0.006085080094635487,-0.04659387841820717,-0.005496618337929249,-0.4694777963486693,0.6007489099318017,0.03292465563971102
0.004557520151138306,0.004928886890411377,-0.008403658866882324,-0.012079855427145958,-0.0417887382209301,-0.0005127785261720419,-0.4698774890571537,0.6006956825707842,0.032849262953293004
0.00581967830657959,0.0021626949310302734,0.0006963610649108887,-0.025027258321642876,-0.020697301253676414,0.0006293448386713862,-0.47015023378387943,0.6005424074102514,0.03273893157649241
0.0076725780963897705,-0.0011010169982910156,0.003506481647491455,-0.025339113548398018,0.0026394473388791084,-0.0012630975106731057,-0.47013839234993754,0.6003039407592279,0.032584898143098374
0.009182095527648926,-0.005343914031982422,0.00013816356658935547,-0.014414383098483086,0.014838323928415775,-0.0004650545888580382,-0.47000216540100337,0.6001549622782654,0.032483294455245545
0.003136575222015381,-0.0009425878524780273,0.00026798248291015625,-0.030543550848960876,0.0060757240280508995,0.0038519296795129776,-0.4698201061354344,0.5999412651370175,0.032365536611332506
6.5267086029052734e-06,0.006584048271179199,0.0011792182922363281,-0.05389126390218735,-0.0061270128935575485,0.008277703076601028,-0.469719365850334,0.5995395455794559,0.03219941122747126
-0.0002911984920501709,0.005548238754272461,0.0003693103790283203,-0.060060739517211914,0.010554228909313679,0.01475744042545557,-0.4695603164093001,0.5989319469964509,0.031999131898877396
-0.001168757677078247,0.0048719048500061035,-0.0036017298698425293,-0.05371709167957306,0.030224604532122612,0.006568753160536289,-0.4692459990460746,0.5983533284187456,0.03179792934392287
-0.0025088489055633545,0.00317537784576416,-0.00782841444015503,-0.037022534757852554,0.04026445373892784,-0.0005336310132406652,-0.46874354959451897,0.5979067631817049,0.03156304593931043
-0.0015189945697784424,0.00278472900390625,-0.0030248165130615234,-0.024730537086725235,0.02623865008354187,-0.010356487706303596,-0.46824689544946996,0.5976740738824791,0.03134261988762185
-0.0008544921875,0.003512084484100342,-0.0032105445861816406,-0.008284984156489372,-0.013739658519625664,-0.010178854689002037,-0.46805900003214534,0.5975757583155997,0.03114136741613481
-0.00015440583229064941,-0.0009832382202148438,-0.007476389408111572,-0.002254256047308445,-0.039205338805913925,-0.0021940588485449553,-0.4682928613604917,0.5976014810185909,0.031037163569629996
0.0024606287479400635,0.001421213150024414,-0.0034903883934020996,0.008745931088924408,-0.048415083438158035,-0.009336922317743301,-0.46871017316932345,0.5976490506669695,0.030998029162268112
0.0012759566307067871,0.004500865936279297,-0.0013808608055114746,0.0006649235729128122,-0.03279084712266922,-0.005810524802654982,-0.46912720490645216,0.5977566345784325,0.0309604649766911
0.001052945852279663,0.002984166145324707,0.006594300270080566,-0.022826287895441055,0.021252945065498352,-0.0020461466629058123,-0.469127840151897,0.5976754669566657,0.03085917723095118
0.004210829734802246,-0.0014611482620239258,0.0030466318130493164,-0.02357654459774494,0.03412599861621857,-0.00684732012450695,-0.468750806155949,0.5974848376258988,0.030680768972791508
0.0016456544399261475,-0.00028008222579956055,0.0015352368354797363,-0.01411673054099083,0.033212002366781235,-0.0183993149548769,-0.4682785669372384,0.5973815622306617,0.030451836400140563
-0.001875847578048706,0.002126336097717285,0.002924501895904541,-0.02066446654498577,0.03377845883369446,-0.010615319944918156,-0.4677945154656301,0.5972838601170678,0.03019632887736407
0.004540175199508667,-0.0019915103912353516,-0.0021136999130249023,-0.009760153479874134,0.022771080955863,-0.0077074142172932625,-0.4674158027295103,0.5971755162071734,0.030017334200373696
0.00108259916305542,-0.0019629597663879395,-0.004070758819580078,-0.019964631646871567,0.009702550247311592,-0.001374018145725131,-0.4671850506541126,0.5970809399345238,0.029884757142043233
0.0001302957534790039,0.0002557039260864258,0.0013396739959716797,-0.03839477151632309,-0.00782611034810543,0.005435418337583542,-0.4670985454176294,0.5967931363112109,0.029745571677846912
-0.00016435980796813965,0.004209339618682861,0.003010690212249756,-0.0337211936712265,-0.021919025108218193,0.006215138826519251,-0.4671460539171984,0.5964077821506145,0.029582324571632866
0.003005474805831909,0.003726780414581299,0.0007848143577575684,-0.008103445172309875,-0.040653832256793976,0.005032162647694349,-0.4674453858570534,0.5962118100140937,0.029536955523866242
0.0012226402759552002,0.004502058029174805,-0.00825488567352295,-0.01264932844787836,-0.0069852168671786785,0.014143981039524078,-0.4677067688862146,0.5960607369023716,0.02955300671766787
0.001657247543334961,0.0012521743774414062,-0.008297383785247803,0.0037919627502560616,-0.0159723199903965,-0.007763180881738663,-0.4678201619809884,0.596061075472025,0.029563742444085647
0.002618461847305298,0.0012253522872924805,-0.004229426383972168,-0.02341848611831665,0.0060577476397156715,0.004303468391299248,-0.4678726041687934,0.5959733665335233,0.029536483472533438
0.0032579004764556885,-0.0004240274429321289,-0.0017105937004089355,-0.0449080653488636,0.017233170568943024,0.010386395268142223,-0.4676880793957711,0.5956212644458667,0.029422615833488947
0.0014098882675170898,-5.3048133850097656e-05,0.0006023645401000977,-0.04328078404068947,0.04109722375869751,0.007706988137215376,-0.46730940584354874,0.5951847137145273,0.029258063964454684
0.002007216215133667,0.003351867198944092,-0.0008812546730041504,-0.01874295249581337,0.03869052603840828,-0.00522079411894083,-0.4668269170366781,0.5949110199236187,0.029120810319520476
-0.0011573433876037598,0.003849625587463379,0.0023630857467651367,-0.0276748389005661,0.03965485468506813,-0.011123265139758587,-0.466312441030382,0.5947567113571873,0.02889875447631853
-0.001322031021118164,0.004147589206695557,0.004894852638244629,-0.04189106076955795,0.025067124515771866,-0.003425930393859744,-0.4658217049254067,0.5944533019897975,0.02863521535718791
0.0011382102966308594,0.0019401311874389648,-0.0006511807441711426,-0.02860250696539879,0.020472906529903412,-0.0012120979372411966,-0.46548300162292267,0.5941094338521951,0.028435342052168508
-0.0037324130535125732,-0.0007190704345703125,-0.011520802974700928,-0.0248732827603817,0.01647763140499592,0.0030510902870446444,-0.46521061246969625,0.593865046686573,0.02828270075403753
0.0010579228401184082,-0.0012938380241394043,-0.006308376789093018,-0.014928683638572693,0.017174581065773964,0.004156248643994331,-0.4649986124263365,0.5936686010975137,0.028194611547539224
-0.002494603395462036,0.00319749116897583,-0.00689697265625,0.001648961566388607,-0.0008816510671749711,0.00565028190612793,-0.46489100143409817,0.593582996005163,0.028201758593036957
0.0036555230617523193,0.0032521486282348633,0.00293046236038208,-0.015956707298755646,0.009916534647345543,0.007701475638896227,-0.46489144978219676,0.5935200879748216,0.028250840520003692
0.0034953057765960693,0.0029868483543395996,0.013445734977722168,-0.04041491076350212,0.021163329482078552,0.01667393185198307,-0.46472553083263096,0.5931816832100714,0.02823045177320884
0.005569726228713989,-0.0008513927459716797,0.012679338455200195,-0.034216538071632385,0.03369470313191414,0.012139820493757725,-0.46444651516650076,0.5927852586255165,0.028199820251470543
0.0037156641483306885,-0.0007093548774719238,0.0050702691078186035,-0.03136935457587242,0.036921922117471695,0.0028864003252238035,-0.46402395835304444,0.5924782071980771,0.028101183066493583
0.0019262433052062988,0.003240346908569336,0.0004742145538330078,-0.02898227423429489,0.03955179080367088,0.0067428709007799625,-0.46356878609588886,0.5921811485741173,0.027979607677417147
0.0008897185325622559,0.004823625087738037,-0.007652342319488525,-0.02414943464100361,0.03496928885579109,0.009426271542906761,-0.4631471224163915,0.5919008373544172,0.027925710825296206
-0.003165721893310547,0.0015926957130432129,-0.018128275871276855,-0.014913148246705532,0.005105135031044483,0.013897506520152092,-0.46294985028444824,0.5916666900589745,0.027940294143747726
0.0017680525779724121,-0.0014322400093078613,-0.012501120567321777,-0.008166829124093056,-0.010235738009214401,0.02003209851682186,-0.46306420112398033,0.5914967689421432,0.028051592182581006
0.0031513869762420654,0.0015864372253417969,-0.005381941795349121,0.0019275725353509188,-0.006416631862521172,0.021199176087975502,-0.4632595107172226,0.5913650033963365,0.028265644137019926
0.0019870102405548096,-0.0033550262451171875,0.004372835159301758,0.015022335574030876,0.009026773273944855,0.010616571642458439,-0.46338358850196515,0.5913862484216387,0.02848390708475156
0.003359854221343994,0.0006300806999206543,0.0035469532012939453,0.011586857959628105,0.020448803901672363,0.0031306922901421785,-0.46331834885286094,0.5914996496017579,0.028629451319340846
0.004834383726119995,-0.002508878707885742,-0.0024808645248413086,0.0016897523310035467,0.03982143476605415,0.011963864788413048,-0.4630578176844505,0.591541649745717,0.028732773938015276
0.0032441318035125732,-0.0037956833839416504,-0.004173159599304199,-0.0009646203834563494,0.05677805095911026,0.010393931530416012,-0.46264246344003024,0.5914804266610639,0.028877210947751093
0.0026988089084625244,-0.00112992525100708,-0.002257406711578369,-0.008444907143712044,0.052047211676836014,0.002898730803281069,-0.46210795286010653,0.5914014265342274,0.02891870083516329
0.0022528469562530518,0.0037837624549865723,-0.00236356258392334,-0.006155387498438358,0.05937543138861656,-0.003982078284025192,-0.461586132094497,0.591328324520302,0.02889325734551452
0.002857714891433716,0.007195711135864258,0.001273810863494873,-0.0005100630223751068,0.059602998197078705,-0.007737694773823023,-0.4608867099163949,0.5912842592364391,0.02877680017696364
0.006844550371170044,0.003480374813079834,-0.004683136940002441,0.023011596873402596,0.060559071600437164,-0.015956316143274307,-0.4602942091273189,0.5914591375613807,0.028748995589087747
0.0018582344055175781,-0.0033857226371765137,-6.866455078125e-05,0.008400696329772472,0.09107942879199982,-0.018466612324118614,-0.4594552156186275,0.5916985655823306,0.0286376881057706
-0.004076659679412842,0.006915450096130371,0.0033853650093078613,0.006342560518532991,0.07352080941200256,-0.029530474916100502,-0.45846583356772075,0.5918657767294908,0.028427945566422915
-0.0051157474517822266,0.009016156196594238,-0.0011344552040100098,-0.0010178836528211832,0.0378621481359005,-0.03188444301486015,-0.4577581546155407,0.5920252195897435,0.028097580599568597
-0.007826685905456543,0.004544317722320557,-0.0014063119888305664,0.01781355030834675,0.016865387558937073,-0.02579887956380844,-0.4572926652316242,0.5922079309195494,0.02779815336383211
0.0016009211540222168,-5.704164505004883e-05,-0.0010536909103393555,0.05853754281997681,0.013674654066562653,-0.0353790707886219,-0.4571226529379589,0.5926943520407099,0.027707108359530233
0.00024515390396118164,-0.0022882819175720215,0.0009617805480957031,0.0386611744761467,0.0378781259059906,-0.040214065462350845,-0.4567840757246695,0.5933342160110879,0.027556691374832396
-0.0006114840507507324,0.0058724284172058105,0.002115964889526367,0.0007558704819530249,0.04433656111359596,-0.028356341645121574,-0.4562070134364248,0.5936437542669755,0.02731303002752594
0.002666860818862915,0.006439805030822754,-0.0009104609489440918,-0.0033682563807815313,0.027355846017599106,-0.024377604946494102,-0.4556553395450112,0.5937207644254768,0.027002127534608695
0.0035963058471679688,-0.003741919994354248,-0.004888772964477539,-0.0025330891367048025,0.02924855425953865,-0.024492386728525162,-0.45527236679341104,0.5938078997290539,0.026750867471163366
0.0018593966960906982,-0.01426231861114502,-0.008498132228851318,-0.021669987589120865,0.053736984729766846,-0.026842227205634117,-0.45467863994033947,0.5937993120466474,0.026436954551215527
0.0002938807010650635,-0.012876272201538086,-0.010430574417114258,-0.04836444556713104,0.09708339720964432,-0.04468274116516113,-0.45362148403975355,0.5936122890791755,0.025875914205704943
0.0007500052452087402,-0.010443806648254395,-0.006470978260040283,-0.08031337708234787,0.13541759550571442,-0.05054657161235809,-0.45198027255849854,0.5932333235916692,0.025015505851929173
-0.0005066096782684326,-0.006529390811920166,-0.003645658493041992,-0.0946025624871254,0.19215677678585052,-0.05920184403657913,-0.44977232852519844,0.5926912014314224,0.023938076887424265
3.9249658584594727e-05,-0.009702861309051514,-0.005406737327575684,-0.16489985585212708,0.317518025636673,-0.07589131593704224,-0.446474105420966,0.591845627674917,0.022566724057081485
-0.0012091398239135742,-0.015212774276733398,-0.003983855247497559,0.43840572237968445,0.03786827623844147,0.0926460325717926,-0.44341606358521335,0.5918254672994078,0.0220882311779609
0.07446667551994324,0.0415264368057251,-0.21539223194122314,0.5645169019699097,-0.26278382539749146,-0.0628364160656929,-0.44795435467167277,0.5972492670327537,0.02536035911586509
-0.047764092683792114,-0.062243640422821045,0.08204126358032227,0.08192577958106995,0.14907589554786682,0.12928694486618042,-0.4486594736900237,0.5996191792294193,0.027186972769398073
0.023568540811538696,0.03194022178649902,0.07058584690093994,0.081417515873909,-0.015563524328172207,0.1469428688287735,-0.44951483580726315,0.5996087514372742,0.029288537821083423
-0.024054020643234253,0.01998460292816162,-0.007819414138793945,-0.0013900159392505884,0.19368503987789154,0.04981926083564758,-0.449236650922713,0.5996359307905521,0.03049830443137193
-0.01694643497467041,0.006003081798553467,-0.003268003463745117,-0.06319350749254227,0.15465015172958374,0.09171736240386963,-0.44760936877168844,0.599002284129564,0.030983907657218594
0.01133313775062561,0.02356666326522827,0.005921542644500732,-0.04477934539318085,0.11199696362018585,0.14014801383018494,-0.44688049437239924,0.5980057551781987,0.031994464582090314
-0.0037322938442230225,0.019698619842529297,0.024499952793121338,-0.037211041897535324,0.03746666759252548,0.1892644464969635,-0.44703939837632467,0.5969446568722071,0.033593734837979464
-0.00442272424697876,0.02161562442779541,0.015795230865478516,-0.08803747594356537,0.043692607432603836,0.21740181744098663,-0.44775602342172705,0.595517887364004,0.035511022686699964
0.0004087984561920166,0.0072664618492126465,0.0106009840965271,-0.12039607763290405,0.05029737949371338,0.23969905078411102,-0.4482767142600047,0.5935583366757309,0.037382042476747875
0.011431783437728882,-0.008013665676116943,-0.008788704872131348,-0.10473695397377014,0.040287889540195465,0.33956441283226013,-0.44925823385061325,0.5912703110205902,0.03992745223358596
0.02221342921257019,-0.02150261402130127,-0.02663254737854004,-0.08573268353939056,-0.0077756429091095924,0.4679560661315918,-0.4512085878483214,0.5886258678112458,0.043800577956003346
0.04073220491409302,-0.04595690965652466,-0.016387581825256348,-0.11531826853752136,-0.021357499063014984,0.6277942061424255,-0.4544276368348513,0.5853703881826257,0.049199004583615945
0.023329108953475952,-0.04332923889160156,-0.00855952501296997,-0.15643329918384552,0.08267249912023544,0.8699790835380554,-0.45819272048415244,0.5809321370880661,0.056290028109590065
0.015164941549301147,-0.009078145027160645,-0.012943089008331299,-0.05022750794887543,0.20979955792427063,1.2157926559448242,-0.4626143534265727,0.5752419328666981,0.06708270214082557
0.018701136112213135,-0.04811859130859375,-0.0010225176811218262,-0.06231790408492088,0.3210728168487549,1.6384788751602173,-0.467989446934831,0.5683910426567571,0.08195885099889795
0.013685405254364014,0.017458856105804443,-0.022544026374816895,0.11252661049365997,0.4193567633628845,1.903092384338379,-0.47481261028557886,0.5611236977846438,0.10082863222532153
-0.02702602744102478,0.058640897274017334,0.041082918643951416,-0.09786529093980789,0.6965451240539551,2.2824203968048096,-0.480385403350048,0.5513476621111034,0.1226415903743243
0.014140188694000244,-0.0036943554878234863,0.04533129930496216,0.12625250220298767,0.5434242486953735,2.6072051525115967,-0.48755157112768455,0.5398128259908194,0.1483165798184763
0.03697645664215088,0.004507780075073242,-0.006855785846710205,0.1946670114994049,0.4712221026420593,2.6607348918914795,-0.4966584745310194,0.5288472068968045,0.17643141575304133
0.010909676551818848,-0.025836259126663208,0.02262204885482788,0.14038246870040894,0.32963088154792786,2.844958543777466,-0.5070048686020757,0.5170532011755694,0.20526983110076874
0.00881350040435791,-0.02276328206062317,-0.00482100248336792,0.09274078905582428,0.2593214213848114,3.038121223449707,-0.5188286393766434,0.5035253689169751,0.23557061903703894
0.020956724882125854,-0.009362965822219849,-0.006846606731414795,-0.021917616948485374,0.11210988461971283,3.1213467121124268,-0.5315158358941207,0.48829659006372,0.26627554069378573
0.03190931677818298,-0.0025658905506134033,0.018307983875274658,-0.01621396839618683,0.02584836259484291,3.2562201023101807,-0.5454474357375751,0.471634973485425,0.29718951820721334
0.029803812503814697,0.006021946668624878,-0.02151554822921753,0.0463375598192215,-0.07310405373573303,3.31554913520813,-0.559710115971743,0.4543725385043942,0.3290091269157522
0.037849992513656616,-0.01722419261932373,-0.008079290390014648,0.06841325759887695,-0.3558083176612854,2.8631279468536377,-0.5745649900136336,0.4380079829740825,0.3584339314337268
0.04833424091339111,-0.040951818227767944,-0.022294342517852783,0.14929690957069397,-0.5645309090614319,2.416778087615967,-0.5897817269956267,0.424436185937935,0.3834110577730341
0.025144100189208984,0.00842621922492981,-0.03345954418182373,0.12869790196418762,-0.6050522327423096,2.263690948486328,-0.604639127981445,0.41251307978689417,0.40545485298778133
0.03464174270629883,0.039067864418029785,-0.022899925708770752,0.13263244926929474,-0.7227711081504822,2.3109219074249268,-0.6195520263242821,0.4003053871048873,0.42661491776829885
0.05047124624252319,0.03425192832946777,-0.034370481967926025,0.27318501472473145,-0.9327003955841064,2.330157995223999,-0.6362283658888674,0.3882800771396249,0.44841141180280025
0.03706157207489014,0.0010768771171569824,-0.023584365844726562,0.2886819541454315,-1.0645849704742432,2.3812451362609863,-0.6546299637552058,0.3763539045624036,0.4706339238778555
0.02354031801223755,-0.013503342866897583,-0.023042380809783936,0.144363671541214,-0.9871852397918701,2.3672902584075928,-0.6731657554444735,0.3634162739680652,0.49268219194593094
0.05356639623641968,0.01841983199119568,-0.054306745529174805,0.22643457353115082,-0.7425531148910522,2.6355857849121094,-0.6894456154599647,0.34923690876959307,0.5143880657777398
-0.017950832843780518,-0.030455946922302246,-0.01634383201599121,0.16831912100315094,-0.24832913279533386,3.0122580528259277,-0.7025658439080914,0.33249394948571825,0.5389024841933236
0.015751004219055176,0.004022002220153809,-0.03156101703643799,0.12074680626392365,-0.0405769981443882,3.3022942543029785,-0.7121281711954591,0.312873624441188,0.5654859514259656
0.05231356620788574,-0.003954261541366577,-0.03773301839828491,0.020265167579054832,-0.06548088043928146,3.2939453125,-0.7206847173020765,0.2915241135923638,0.5922441319547651
0.03381931781768799,-0.014296114444732666,-0.026596903800964355,0.19911320507526398,-0.20376259088516235,3.2301371097564697,-0.7289000544224703,0.27029418575582537,0.618134055530366
0.036875367164611816,0.0039546191692352295,-0.06605511903762817,0.40681594610214233,-0.3407275080680847,2.706392288208008,-0.7383655715619603,0.2524623390133308,0.6432164539591859
-0.02196866273880005,0.019668713212013245,-0.027961015701293945,0.6167737245559692,-0.2806876003742218,2.3786590099334717,-0.7470263514914361,0.23919786217802785,0.6660151959514247
-0.009833991527557373,0.05601926147937775,-0.03402954339981079,0.6827049255371094,-0.006334872916340828,2.3228509426116943,-0.7539775772620859,0.22797172727824175,0.6883610712263131
0.0032123923301696777,0.05258588492870331,-0.006999671459197998,0.6292558312416077,0.6031337976455688,2.505753517150879,-0.7559127386290633,0.21625483302980886,0.7110090161157164
0.04804164171218872,0.06377436220645905,-0.009765684604644775,0.5141858458518982,1.2338082790374756,2.902045249938965,-0.7517512569768655,0.20192355231962247,0.7352767545903929
0.06770294904708862,0.013851135969161987,-0.05340683460235596,0.22318409383296967,1.7015562057495117,3.112274646759033,-0.7416285307695794,0.18395425924223743,0.760611501437862
0.015291690826416016,-0.02721358835697174,-0.020169198513031006,0.03193766623735428,1.8372042179107666,3.137190818786621,-0.7278213799181894,0.16376402067219245,0.7851585298807617
0.01098930835723877,-0.031462445855140686,-0.009509503841400146,-0.11601637303829193,1.71906316280365,3.0049169063568115,-0.713461528075489,0.14289729222832476,0.8084856304750199
-0.011278212070465088,-0.012305185198783875,0.02260833978652954,-0.2721511125564575,1.5113697052001953,2.8775794506073,-0.6999270534988414,0.12241500593781249,0.8297486580291032
0.035791993141174316,0.049203045666217804,0.06067860126495361,-0.34681442379951477,1.2052481174468994,2.5301504135131836,-0.6883885290153864,0.1023602194848704,0.8490902878659893
-0.000482022762298584,-0.01343461126089096,0.06450670957565308,-0.25988179445266724,0.9121532440185547,2.0348856449127197,-0.6793213517174306,0.08554664782443155,0.8648147101932736
-0.10019868612289429,-0.004556983709335327,0.1094251275062561,-0.3021269738674164,0.9181997179985046,1.7050251960754395,-0.6711686947465566,0.07164564851291132,0.8776415230545046
-0.06353288888931274,-0.016525588929653168,0.08914977312088013,-0.3175116181373596,0.8796963095664978,1.5046926736831665,-0.6628011008719481,0.05925369785895914,0.888389073946884
-0.03451162576675415,-0.037208691239356995,0.0679551362991333,-0.4207352101802826,0.7583986520767212,1.4161981344223022,-0.6550057315836052,0.04743432977714488,0.8976531728582873
0.020405352115631104,-0.0009234808385372162,0.05029940605163574,-0.5040768384933472,0.6863922476768494,1.4159077405929565,-0.64814547043542,0.035109728922686045,0.9061779747764563
0.012398481369018555,0.02020760253071785,0.0101509690284729,-0.6244293451309204,0.6828603148460388,1.2888967990875244,-0.6414757010973322,0.022330417465022737,0.913612458617774
-0.04315716028213501,-0.011271891184151173,-0.0018912553787231445,-0.6453928351402283,0.6372783184051514,1.1229318380355835,-0.6349632827824312,0.0098464247899415,0.9195318527232614
-0.058546364307403564,-0.044700466096401215,0.0028060078620910645,-0.48258766531944275,0.5786435008049011,0.9108112454414368,-0.6288850624546031,-0.0008314624416943578,0.9243920289594738
-0.06059074401855469,-0.062072329223155975,0.014703869819641113,-0.31971457600593567,0.4807036221027374,0.7227151393890381,-0.6235272108248279,-0.00881928426465681,0.9286874738215615
-0.042630791664123535,-0.03990240395069122,0.0258181095123291,-0.27989792823791504,0.4080461859703064,0.626189649105072,-0.6190591822402391,-0.015153245357611887,0.932434830412151
-0.006813406944274902,-0.005252553150057793,0.0383148193359375,-0.2663043141365051,0.36101171374320984,0.543472945690155,-0.6151706925664221,-0.020833298255480182,0.93565055259136
-0.0008538365364074707,-0.004281595349311829,0.0338137149810791,-0.21358253061771393,0.3629550039768219,0.40532228350639343,-0.6114879868708873,-0.025555148306544574,0.9381626156371045
-0.026115775108337402,-0.014630327001214027,0.03710925579071045,-0.19263379275798798,0.32956311106681824,0.28694576025009155,-0.60793458717284,-0.029176114746254315,0.9398728088050705
-0.03120213747024536,-0.028375595808029175,0.026626646518707275,-0.2034803181886673,0.30808764696121216,0.174123615026474,-0.6047218969760046,-0.03215007574184663,0.9406374155096965
-0.04349684715270996,-0.03161508962512016,0.003744840621948242,-0.18947860598564148,0.24770139157772064,0.07340288907289505,-0.6019065987853678,-0.034490602524459145,0.9405442180696801
-0.04391789436340332,-0.019678611308336258,-0.000402987003326416,-0.1802249252796173,0.19485655426979065,-0.0532677099108696,-0.5997130841281366,-0.03608966355884443,0.939567570868909
-0.034195899963378906,-0.006191808730363846,-0.017078280448913574,-0.18341006338596344,0.13210634887218475,-0.17524820566177368,-0.5981467536798868,-0.0369314250090997,0.9376128986405217
-0.035923540592193604,-0.0008260942995548248,-0.023666858673095703,-0.19123736023902893,0.09456351399421692,-0.3482799232006073,-0.5971300251231156,-0.037058961114574435,0.9344080322935422
-0.05281251668930054,-0.011994708329439163,-0.029552042484283447,-0.18397070467472076,0.03038305975496769,-0.5631621479988098,-0.5966844826909586,-0.036096193600292974,0.9295602013517377
-0.06911581754684448,-0.0356605164706707,-0.02971017360687256,-0.07373713701963425,-0.058814194053411484,-0.7697589993476868,-0.5970197644373522,-0.033454247852960736,0.9232034903609093
-0.05731159448623657,-0.04122292250394821,-0.03538036346435547,0.1741398721933365,-0.15707790851593018,-0.870823085308075,-0.5983266662578898,-0.028333052201292706,0.916624170647133
-0.023946762084960938,-0.022246206179261208,-0.02413046360015869,0.23738780617713928,-0.22912120819091797,-0.9292504191398621,-0.6004383370358123,-0.021408619589577536,0.9104183263735155
-0.014182567596435547,0.004689699970185757,0.008689403533935547,0.24880439043045044,-0.28538328409194946,-1.0235041379928589,-0.6031412989831867,-0.013911228885841358,0.9036776430728218
-0.012821793556213379,0.010034119710326195,0.002693772315979004,0.34016650915145874,-0.2800396680831909,-1.1507148742675781,-0.6061850116968708,-0.00530100705381659,0.8963658160469741
-0.015477001667022705,0.006187847815454006,0.01217740774154663,0.4168023467063904,-0.10708624869585037,-1.3261044025421143,-0.6081529311597389,0.0049366413855606505,0.8883432372497845
-0.025896668434143066,-0.010864067822694778,0.015347182750701904,0.4936976730823517,0.019920967519283295,-1.5260257720947266,-0.6085066585498401,0.016892456325248432,0.8792356651341116
-0.024420320987701416,-0.012157578021287918,0.00042182207107543945,0.5137804746627808,0.2031315267086029,-1.7822370529174805,-0.6071097346648245,0.03054125451932577,0.8684655889202955
-0.04193240404129028,-0.0020178891718387604,0.0129166841506958,0.56606125831604,0.29665935039520264,-2.093546152114868,-0.6040545227080566,0.046063576939191934,0.8555975737390633
-0.049685895442962646,0.0006387978792190552,0.030945003032684326,0.5653190016746521,0.22404932975769043,-2.373547315597534,-0.6004633097555093,0.06351718494316594,0.8402483982605994
-0.040527403354644775,0.008337236940860748,0.0610581636428833,0.5887018442153931,0.10045175999403,-2.527139902114868,-0.5976378074658095,0.08220604734593294,0.8230097401744312
-0.020765304565429688,0.011819958686828613,0.0455508828163147,0.6284054517745972,0.04339952766895294,-2.6037089824676514,-0.5952769851673213,0.10183966242689597,0.8048705661158214
-0.006051242351531982,0.009083524346351624,0.00879138708114624,0.5672560334205627,0.03684388846158981,-2.5770158767700195,-0.5929056707093315,0.12158072982187117,0.7867097692120171
0.0013596415519714355,0.038812726736068726,0.01876729726791382,0.32645124197006226,0.1233522817492485,-2.638929843902588,-0.5896030656201376,0.1398849541837805,0.7673254555441217
0.017140626907348633,0.05482615530490875,0.02651834487915039,0.16941209137439728,0.213417187333107,-2.783294200897217,-0.5846742205296794,0.15698692822556073,0.745775224310594
0.03754764795303345,0.0510210245847702,0.012319505214691162,0.057163797318935394,0.21816067397594452,-2.8876020908355713,-0.5785604727592377,0.1735957314042754,0.7222093816021541
0.03924316167831421,0.045456692576408386,0.015256762504577637,-0.02757932059466839,0.11514562368392944,-2.942678928375244,-0.5722935555392832,0.18973577983938392,0.6971835303176167
0.03170442581176758,0.04945343732833862,0.02365434169769287,0.01458402257412672,-0.08420290797948837,-2.8927743434906006,-0.567116800824107,0.205436491399819,0.6718298286998201
0.03567349910736084,0.01920469105243683,0.010782897472381592,0.1418495625257492,-0.2834417223930359,-2.729891538619995,-0.5639574577075486,0.22130896920179988,0.6478330345038669
0.023043692111968994,0.01888301968574524,0.004826486110687256,0.13085879385471344,-0.3629831373691559,-2.559676170349121,-0.5623147501822477,0.23667795487653376,0.6255320629521781
0.02736598253250122,0.03515408933162689,-0.012290775775909424,0.050472602248191833,-0.357745498418808,-2.514251947402954,-0.5607035267196863,0.2510394423861764,0.6038366819756013
0.01658850908279419,0.05042538046836853,-0.017037153244018555,-0.08831200003623962,-0.2781457304954529,-2.4444522857666016,-0.5584082456691991,0.26413359159159855,0.5818497959939337
0.014325857162475586,0.07119199633598328,-0.021158695220947266,-0.278097927570343,-0.12816877663135529,-2.3759994506835938,-0.5544499023810617,0.2754049626470073,0.5595495390901272
0.01618868112564087,0.06077507138252258,-0.02065044641494751,-0.44843789935112,-0.13050368428230286,-2.3383283615112305,-0.5492585722780942,0.2846187855732398,0.536518344388463
0.01913696527481079,0.034236639738082886,-0.015818655490875244,-0.4307044446468353,-0.17190837860107422,-2.2873551845550537,-0.544174748962328,0.29286066129653054,0.5133170623858954
0.00848206877708435,0.012243062257766724,-0.0351254940032959,-0.36525943875312805,-0.19287025928497314,-2.205458164215088,-0.5394889414251378,0.30112069089650456,0.49091547757550064
0.0008000433444976807,0.008224576711654663,-0.033039987087249756,-0.3518464267253876,-0.23760657012462616,-2.1745386123657227,-0.5350764810422295,0.309306076319714,0.46923814059483704
0.01633065938949585,0.0017412304878234863,-0.016405463218688965,-0.3127485513687134,-0.3201102614402771,-2.1903276443481445,-0.5312459056091196,0.31753647353327497,0.4475851329244066
0.023058414459228516,0.0007959604263305664,0.0011202692985534668,-0.2104957103729248,-0.30300796031951904,-2.215106248855591,-0.5275573419245901,0.3264325293995109,0.42600533365025
0.018002420663833618,0.011537402868270874,-0.01837766170501709,-0.09254016727209091,-0.26379358768463135,-2.162337303161621,-0.5236596601176667,0.33619428744229346,0.40507276251162905
0.010768532752990723,0.025494247674942017,-0.03819459676742554,0.009003502316772938,-0.1341405063867569,-2.103485345840454,-0.5189864099571051,0.34652024561769634,0.38516595240666407
0.003338843584060669,0.027081340551376343,-0.0335237979888916,0.04337261989712715,-0.06721246987581253,-2.029221296310425,-0.5133664917763532,0.3570369673819818,0.366063970621716
-0.015430092811584473,0.007624179124832153,-0.02552133798599243,-0.02229001559317112,-0.034086473286151886,-2.029243230819702,-0.5071189410261434,0.3670856970959307,0.3471537851020723
-0.02398604154586792,0.0015852749347686768,-0.022458553314208984,-0.0319143682718277,-0.13476553559303284,-2.0776002407073975,-0.5007529430568081,0.3767693529464109,0.3275528434378681
-0.01468077301979065,0.002832263708114624,-0.008341014385223389,0.0173538438975811,-0.2940284311771393,-2.038088321685791,-0.4955805181921041,0.38661359728806105,0.307865418681309
-0.0031166672706604004,0.00828126072883606,-0.008743822574615479,0.05662668123841286,-0.4214212894439697,-1.9133541584014893,-0.49204697316382323,0.39637146474290086,0.2891103745284543
-0.004854083061218262,0.01640033721923828,-0.017148315906524658,0.08140712976455688,-0.5894070863723755,-1.9346951246261597,-0.4900316032079619,0.4060362508984876,0.2710199689047755
-0.0003294944763183594,-0.0010640323162078857,-0.020165443420410156,0.11230702698230743,-0.7249786257743835,-1.9171359539031982,-0.4894438598601588,0.41604768576519496,0.2527835451125161
0.002874910831451416,0.0019349157810211182,-0.016582906246185303,0.15440574288368225,-0.759174644947052,-1.8086811304092407,-0.4898158701981314,0.42602115071998703,0.235326336045854
0.01711621880531311,0.009542912244796753,0.0037171244621276855,0.2462358921766281,-0.7751349806785583,-1.6521128416061401,-0.49087941539845925,0.4359905237541707,0.21942227709222412
0.038618654012680054,0.006983041763305664,0.015730738639831543,0.32241830229759216,-0.7264273762702942,-1.5493953227996826,-0.4924629769060126,0.4461017967374594,0.20527776476247478
0.023391634225845337,0.0027022957801818848,0.016706883907318115,0.33244386315345764,-0.5993030071258545,-1.493949055671692,-0.49342071468359644,0.4562829538025116,0.1920823810985336
-0.011340230703353882,0.021583974361419678,0.008637487888336182,0.18022526800632477,-0.35306739807128906,-1.5184611082077026,-0.4921359658185872,0.4657631662493475,0.1785229645825233
-0.020189940929412842,0.03550204634666443,-0.001132190227508545,0.062118250876665115,-0.23870272934436798,-1.5387827157974243,-0.48842213507193555,0.4740313897783223,0.16385901475278417
-0.019491910934448242,0.02790781855583191,0.00842893123626709,-0.01038311142474413,-0.1915314942598343,-1.4453626871109009,-0.48375568838669514,0.4812874105770798,0.14905265632059733
-0.005193859338760376,0.016380339860916138,0.029625773429870605,-0.0153946029022336,-0.203489750623703,-1.266842007637024,-0.4791775420077559,0.4874175872567968,0.1351707387791387
0.013929158449172974,-0.00017961859703063965,0.005113542079925537,0.10466443002223969,-0.22133533656597137,-1.1702020168304443,-0.4757706635826006,0.49339776991278467,0.1232191040350172
-0.0041465163230896,-0.015719890594482422,0.007653355598449707,0.20501583814620972,-0.14700902998447418,-1.1540480852127075,-0.47233338450517726,0.5000896257986966,0.11219683981103415
0.005149662494659424,-0.019471019506454468,-0.00020498037338256836,0.2682693898677826,-0.08406496047973633,-1.2183642387390137,-0.46828154216200013,0.5076546919417522,0.10137305633208958
-0.0013921856880187988,0.006337761878967285,0.004805564880371094,0.2924904525279999,0.044085290282964706,-1.2061270475387573,-0.4630248422834326,0.5156592764602969,0.09019117435990284
-0.006253153085708618,0.011474430561065674,0.017054200172424316,0.3104598820209503,0.07117709517478943,-1.2328917980194092,-0.4570102525499968,0.5237572631591711,0.07936293823510923
-0.0026475489139556885,0.01958256959915161,0.004845738410949707,0.34212028980255127,-0.009134121239185333,-1.3350329399108887,-0.45064583099713545,0.5323844650683004,0.06751157104905492
-0.003536432981491089,0.00970005989074707,-0.01386415958404541,0.3687010407447815,-0.0013984374236315489,-1.4495725631713867,-0.44427920541191085,0.5416249094470181,0.054661748206203974
-0.02560552954673767,0.0011779069900512695,-0.004765629768371582,0.49287402629852295,0.08340033888816833,-1.4704363346099854,-0.4368091279060977,0.5518153970785515,0.04119597906790658
-0.005753964185714722,0.011753976345062256,-0.0058165788650512695,0.5031615495681763,0.15728707611560822,-1.3401310443878174,-0.4289309085634463,0.5624240901524011,0.028524591026226738
-0.003048807382583618,0.020277202129364014,0.0009071826934814453,0.4205637574195862,0.2648189961910248,-1.1146100759506226,-0.4207574752293271,0.5717330724376162,0.017385324261459712
0.0037536025047302246,0.02635180950164795,-0.012227058410644531,0.33414632081985474,0.2787252366542816,-0.9196190237998962,-0.413037141358883,0.5793562496018566,0.008196377008673438
-0.002182304859161377,0.008477210998535156,-0.013101816177368164,0.23894140124320984,0.24103324115276337,-0.8118206262588501,-0.40578563566773457,0.5854142712204075,-3.380237868571146e-05
0.00931122899055481,-0.0024480223655700684,-0.026100754737854004,0.2582663893699646,0.17341957986354828,-0.7100287675857544,-0.3997251649658274,0.5906593341946278,-0.007319716007076111
-0.005219697952270508,-0.007540285587310791,-0.041687965393066406,0.3290214538574219,0.1228896901011467,-0.6187447309494019,-0.3948683660621647,0.5959463460426948,-0.01336061681794058
-0.003979325294494629,-0.016957223415374756,-0.015895366668701172,0.347318172454834,0.11906059831380844,-0.5297123193740845,-0.3908996763046876,0.6013370725410376,-0.018244891033212966
-0.00034990906715393066,-0.014342069625854492,0.008905291557312012,0.3378664255142212,0.11226474493741989,-0.44746077060699463,-0.38755164804357645,0.6063678135501529,-0.022135569700499205
-0.0006517171859741211,0.002256035804748535,0.017705559730529785,0.40670913457870483,0.1273355782032013,-0.5014927983283997,-0.38426022098262197,0.6114605682816013,-0.02572234430560978
-0.007246673107147217,0.010109543800354004,-0.005401611328125,0.578891396522522,0.08310818672180176,-0.6160801649093628,-0.38074437707723874,0.6182354640113049,-0.029905058319553153
-0.006601095199584961,0.014017939567565918,0.0025067925453186035,0.5595371127128601,0.08717323839664459,-0.6393817663192749,-0.3772665983083332,0.6259929285466478,-0.03451979960876007
-0.005099773406982422,0.028425633907318115,0.01456761360168457,0.4507991671562195,0.05499173328280449,-0.5577731728553772,-0.37373618212018445,0.6329626542732902,-0.039196072476011284
-0.0058963000774383545,0.02342963218688965,0.004123687744140625,0.39503923058509827,-0.0474209226667881,-0.5102429389953613,-0.37111250265876033,0.6387771565704892,-0.04347286456474656
-0.00041875243186950684,-0.00028055906295776367,-0.008964776992797852,0.449148565530777,-0.1612621396780014,-0.46653464436531067,-0.36988986649800293,0.6444937164138593,-0.04731835534182849
-0.0046957433223724365,-0.007684290409088135,-0.004927337169647217,0.4776020646095276,-0.20722031593322754,-0.421944797039032,-0.3699354136099914,0.6504775645426861,-0.05036438586986975
-0.004652559757232666,0.018382728099822998,0.00739896297454834,0.4556722342967987,-0.18286383152008057,-0.3532862663269043,-0.3704120640026572,0.6563259130546776,-0.05286823188760589
-0.0009864866733551025,0.025255799293518066,0.023664116859436035,0.360761433839798,-0.08548055589199066,-0.2325686514377594,-0.3708236755420992,0.6612550822056487,-0.05445033231114483
-0.003365844488143921,0.009607851505279541,0.012625157833099365,0.2553453743457794,0.05664782226085663,-0.1284969598054886,-0.37058891544200606,0.6647882962615244,-0.0551363549299039
-0.00445982813835144,0.0033577680587768555,0.004586458206176758,0.1831609159708023,0.26174211502075195,-0.1005297601222992,-0.3687853266223183,0.6671828250958336,-0.05545863121944118
0.010577410459518433,0.007194399833679199,0.0108451247215271,0.1254684180021286,0.38198089599609375,-0.09038327634334564,-0.3652647048622697,0.6689990752760582,-0.0558825756854873
0.024528563022613525,-0.0003465414047241211,0.011502206325531006,0.11207538098096848,0.4570005536079407,-0.15980763733386993,-0.3604565384504316,0.6704353315611015,-0.05671325802451926
0.015121370553970337,-0.004165172576904297,-0.01481008529663086,0.22779670357704163,0.39993900060653687,-0.25370314717292786,-0.354860781887953,0.6727888502499932,-0.05858021965438077
0.017086267471313477,-0.00903242826461792,-0.020740807056427002,0.23009847104549408,0.25154367089271545,-0.23566129803657532,-0.3503577139513979,0.6758951867100935,-0.06054185383180215
0.0114687979221344,-0.006891429424285889,-0.012939155101776123,0.14241939783096313,0.13522478938102722,-0.16402843594551086,-0.3474529486777718,0.6783682662110688,-0.06212967168431203
0.0035780668258666992,0.0046953558921813965,-0.010933339595794678,0.051071904599666595,0.06701696664094925,-0.12231482565402985,-0.34565764672879556,0.679728108724752,-0.06345359919288068
-0.003492295742034912,0.005708098411560059,-0.010385513305664062,0.01273357030004263,0.10669035464525223,-0.05283971130847931,-0.34429158564683904,0.6803634263924159,-0.06437714845008506
-0.00992196798324585,0.0027368664741516113,0.008174896240234375,-0.044498294591903687,0.23044849932193756,0.02542712911963463,-0.3424111958681204,0.6802314072788364,-0.06464306713732094
-0.007836192846298218,0.00030487775802612305,0.0050376057624816895,-0.05750676989555359,0.28319987654685974,0.07550015300512314,-0.34003994881538946,0.6795371674840183,-0.0642289251462664
0.0009045004844665527,0.0022876858711242676,-0.008298218250274658,0.010692257434129715,0.25459805130958557,0.038824696093797684,-0.33769781718951913,0.6790652416433842,-0.06358853556096479
0.010483711957931519,0.003240048885345459,-0.01438605785369873,0.019070161506533623,0.24536794424057007,0.0360269621014595,-0.33550588481198906,0.6791911167816429,-0.06310635250796284
-0.0066093504428863525,0.007347583770751953,-0.01207125186920166,-0.06859603524208069,0.23823758959770203,0.060714732855558395,-0.3333790827106453,0.6788027424209442,-0.06259025135376807
-0.005285769701004028,0.004769384860992432,-0.006430208683013916,-0.10706491768360138,0.2372848391532898,0.046951327472925186,-0.33116704950562487,0.6777255920801909,-0.06229185889209248
0.0030053257942199707,-0.005503177642822266,0.0004968047142028809,-0.05012013763189316,0.19032852351665497,0.02815101109445095,-0.32909380195626886,0.6768596562231618,-0.062162595424641046
-0.0025292634963989258,-0.015230000019073486,-0.0020629167556762695,-0.027669155970215797,0.23292657732963562,0.02747456729412079,-0.32713965155454744,0.6764202042636883,-0.062017968709064106
-0.011471956968307495,-0.0023813247680664062,-0.004343271255493164,-0.012331746518611908,0.2734500467777252,0.028543295338749886,-0.32468393786139144,0.6761277485735178,-0.06172862072445249
-0.007920995354652405,0.0010482072830200195,-0.004305064678192139,0.023990219458937645,0.24191688001155853,-0.0017058480298146605,-0.3222319999671273,0.6761621002326615,-0.061503772023168646
-0.0018413960933685303,-0.006179630756378174,0.00592118501663208,0.010700513608753681,0.22446118295192719,-0.021013233810663223,-0.3198258318895838,0.676383475821358,-0.06162958954342667
-0.003884837031364441,0.010874032974243164,0.017273664474487305,0.0028929240070283413,0.22930175065994263,-0.00468017254024744,-0.31748200193263615,0.6764740822976649,-0.06175254420380273
-0.009445607662200928,0.015984416007995605,0.02300947904586792,0.00464528426527977,0.27036771178245544,-0.028970064595341682,-0.3148938968079979,0.6765311336021539,-0.061916267302873196
-0.0009215772151947021,0.010122954845428467,0.018773198127746582,0.02632656693458557,0.31298747658729553,-0.035346925258636475,-0.31178898880469524,0.6767241803693063,-0.062248171317433425
0.020667225122451782,0.0027773380279541016,0.015447437763214111,0.07066846638917923,0.3594561517238617,-0.03889159485697746,-0.30824481291243533,0.6773426896832779,-0.06249554161012108
0.02947250008583069,-0.0045569539070129395,0.013784945011138916,0.057417549192905426,0.3341768980026245,-0.01887894980609417,-0.30469327623963977,0.6780740877263117,-0.06259205242979013
0.026801571249961853,-0.006449222564697266,-0.0019272565841674805,0.06444110721349716,0.24518443644046783,0.023920711129903793,-0.3018992201180556,0.6786422238205083,-0.06232777070833058
0.008453533053398132,-0.0064781904220581055,-0.010172784328460693,0.1026538759469986,0.07547623664140701,0.005835745017975569,-0.300547931539084,0.6793501230784427,-0.06180593452114685
0.011456489562988281,-0.0019056200981140137,-0.0025641918182373047,0.17897500097751617,-0.14118042588233948,-0.013165377080440521,-0.30126175105001757,0.6807369069741964,-0.06128443679349983
-0.0038046836853027344,-0.0008789300918579102,0.0024968981742858887,0.18488797545433044,-0.24311599135398865,-0.032342880964279175,-0.3035751258060401,0.6825699759008768,-0.060814976966641725
-0.009069889783859253,0.004431486129760742,-0.0021017789840698242,0.15106290578842163,-0.28215739130973816,-0.026491114869713783,-0.3065093121977243,0.6842824298495565,-0.060495185775432836
-0.0006613731384277344,-0.0023925304412841797,-0.007909297943115234,0.10428550839424133,-0.17381907999515533,-0.02307894080877304,-0.3089920119241775,0.6855587400496066,-0.060306875004890376
9.511411190032959e-05,-0.004323601722717285,-0.007178366184234619,0.08143505454063416,-0.008625591173768044,-0.02247307263314724,-0.3099476043803166,0.6865535448596848,-0.0602448406794787
-0.0012414604425430298,0.003913462162017822,-0.0006130337715148926,0.005358700640499592,0.16085651516914368,-0.021843208000063896,-0.3090123450719368,0.6870631485896731,-0.06042208931110776
-0.018891021609306335,0.01333475112915039,-0.013914704322814941,-0.024436479434370995,0.24750910699367523,-0.0030050710774958134,-0.3067017635200368,0.686992759461939,-0.0606859748043718
-0.020795300602912903,0.00574260950088501,-0.022536158561706543,-0.04428009316325188,0.23225094377994537,-0.004809921607375145,-0.30404570193124597,0.6866265742892231,-0.0609239610969888
-0.007022276520729065,-0.0014467239379882812,-0.008706808090209961,-0.033974990248680115,0.11427956074476242,0.007324238307774067,-0.30215860515483606,0.6862288570672732,-0.06107584675569719
-0.006960645318031311,-0.0024663209915161133,-0.008482754230499268,-0.027626680210232735,0.04860187694430351,0.007917351089417934,-0.30139329416223437,0.6858971415059087,-0.06108264697783172
-0.003726169466972351,0.0032162070274353027,0.003285646438598633,-0.06348215043544769,0.04519755765795708,0.029315050691366196,-0.3010062079387904,0.6854320774936637,-0.06101865884979452
0.004355072975158691,0.008635342121124268,0.006633162498474121,-0.10221236199140549,0.05942989140748978,0.0505857989192009,-0.3005893135737988,0.6844696340663428,-0.060830044168918136
0.005261227488517761,0.0019249916076660156,-0.002611994743347168,-0.08908644318580627,0.07336621731519699,0.05789724364876747,-0.30012962055526515,0.6833520277162063,-0.06051574502803096
0.016995683312416077,-0.008724629878997803,-0.001375436782836914,-0.058431196957826614,0.07550140470266342,0.075798399746418,-0.2997225675603813,0.6824681966877756,-0.0599825967178293
0.016779378056526184,-0.007262289524078369,0.004647672176361084,-0.04538623243570328,0.07543988525867462,0.06188231706619263,-0.29944843614313393,0.6817179684823071,-0.059279393630506855
0.01262897253036499,-0.005704522132873535,0.009296119213104248,-0.07462871819734573,0.09095492959022522,0.053294792771339417,-0.29897922403377525,0.6809927938626984,-0.05875493460457234
0.008865639567375183,-0.001031041145324707,0.015593171119689941,-0.1360209733247757,0.1275819092988968,0.053938210010528564,-0.29807865754166935,0.6798206356688665,-0.05848524336090288
0.0004070103168487549,0.004251718521118164,0.013190746307373047,-0.16121381521224976,0.12973813712596893,0.05965093523263931,-0.29682914434558355,0.6781973112824735,-0.05839321400938157
-0.003901764750480652,0.0034902095794677734,0.0018614530563354492,-0.15628136694431305,0.11088003218173981,0.06540575623512268,-0.2957940558615117,0.6765150881944368,-0.05820533743272674
0.003266453742980957,-0.0020337700843811035,0.002190828323364258,-0.14459070563316345,0.12751732766628265,0.07014069706201553,-0.2947756658108793,0.674872034768863,-0.05793066689177009
0.017106473445892334,-0.0004094839096069336,0.013767778873443604,-0.1121629998087883,0.17512959241867065,0.047223132103681564,-0.2934127328597807,0.673454994865468,-0.057694385749433384
0.01418749988079071,0.007997393608093262,0.020040690898895264,-0.08995144069194794,0.24042898416519165,0.01849966123700142,-0.2912882936977216,0.6724393891198227,-0.05769246608774823
0.01047109067440033,0.006417274475097656,0.01388394832611084,-0.08844488859176636,0.27546605467796326,0.009769020602107048,-0.2884709282571448,0.6715901077749081,-0.05796689826529191
0.010065123438835144,0.006463170051574707,0.00691598653793335,-0.05297518149018288,0.2572975754737854,-0.005261780694127083,-0.2855649933786947,0.6709472367588172,-0.05821530651337256
0.011387452483177185,-0.005232393741607666,-0.009441077709197998,-0.014179580844938755,0.1598929762840271,0.013844002969563007,-0.2834833837179267,0.6706651773858984,-0.05824728803185907
0.0070594847202301025,-0.005597233772277832,-0.017488062381744385,0.038147009909152985,0.08490795642137527,0.019197702407836914,-0.2824543143377047,0.6707448614046385,-0.057980959528913356
0.007749244570732117,-0.0027902722358703613,-0.018671095371246338,0.046875253319740295,0.04120388254523277,0.009886226616799831,-0.2820903492627068,0.6711725225311093,-0.05765849745270001
0.0007488727569580078,0.00389021635055542,-0.010847270488739014,0.025430457666516304,0.05955372750759125,0.026064423844218254,-0.28187725880207015,0.6714611976785478,-0.05725734018219665
5.662441253662109e-07,-0.0014707446098327637,-0.004564821720123291,0.011072024703025818,0.08349421620368958,0.03024611994624138,-0.28139905418604166,0.6715911804493454,-0.05686383142982061
-0.004179373383522034,-0.0019145011901855469,-0.006838381290435791,0.01009686291217804,0.09369651973247528,0.03785935044288635,-0.28077105046746015,0.6715895327276298,-0.05642012151560152
-0.004158541560173035,-0.005850851535797119,-0.012366294860839844,0.039794038981199265,0.0820276141166687,0.03570299223065376,-0.28020129089043977,0.6717265268457377,-0.05587930265875028
-0.006654560565948486,-0.004001140594482422,-0.015442252159118652,0.047242190688848495,0.06838902831077576,0.034731097519397736,-0.27982447931284904,0.6720818128125182,-0.055282015778176354
-0.007777497172355652,0.0013103485107421875,-0.007285952568054199,0.035511765629053116,0.07339124381542206,0.03529462218284607,-0.27944917037515743,0.6723566900611874,-0.0547292241043537
-0.0043747276067733765,0.001346290111541748,-0.0004641413688659668,0.029292793944478035,0.08568906038999557,0.027159487828612328,-0.278915847767062,0.672597682411545,-0.05427264917576887
-0.00036676228046417236,0.0007669925689697266,-0.0005038976669311523,0.01832057163119316,0.0991702526807785,0.018788373097777367,-0.2782054109028156,0.6727153903933479,-0.05389031537828378
-0.002780243754386902,-0.0024268627166748047,0.0005942583084106445,0.012525355443358421,0.09681787341833115,0.014565827324986458,-0.27736623752534534,0.6727873085424496,-0.05363275954959169
-0.004852697253227234,0.00010573863983154297,0.0027546286582946777,0.00999029353260994,0.052359599620103836,0.015121628530323505,-0.27673397214344625,0.672845421305757,-0.05340928641395833
0.0003469139337539673,0.0022345781326293945,0.006481826305389404,0.03354186937212944,-0.009274469688534737,0.002766052260994911,-0.276660859383724,0.6729919647934605,-0.053184606951797865
0.002594009041786194,-0.0006920695304870605,0.004828155040740967,0.04598415642976761,-0.04399676248431206,0.0032816401217132807,-0.2770802560960519,0.6733862720289243,-0.0530236003931013
-0.0014540404081344604,0.00411832332611084,-0.007491052150726318,0.032314326614141464,-0.03879933804273605,0.009737515822052956,-0.2776583013277378,0.6737231443600542,-0.05278351326005867
-0.005189806222915649,0.0076323747634887695,-0.012164652347564697,-0.002376273274421692,-0.014843672513961792,0.008817393332719803,-0.2780304889905997,0.6738264639542993,-0.05261663450035785
-0.0016717314720153809,0.007739603519439697,-0.007330656051635742,-0.014730677008628845,0.0011712468694895506,0.004939351696521044,-0.2781574558319032,0.6737098730380432,-0.052547209282057014
0.003080308437347412,0.0078043341636657715,0.0015037059783935547,-0.017508620396256447,0.038687728345394135,0.004052785225212574,-0.2779806896064759,0.6735194432760832,-0.05252325793208662
0.0006479322910308838,0.010891199111938477,0.00647813081741333,0.001801694044843316,0.0812319964170456,0.0007047655526548624,-0.2773831175915459,0.6734276423064411,-0.05250820907942387
0.005527123808860779,0.0078092217445373535,0.015737593173980713,-0.009835254400968552,0.1389690637588501,-0.002662269165739417,-0.2763231501904593,0.67342801067877,-0.052505792844147116
0.008606374263763428,0.004637539386749268,0.025148868560791016,-0.049057893455028534,0.1991739571094513,-0.00155133125372231,-0.274484861125477,0.6731185643389197,-0.05264168941492446
0.002305746078491211,0.01075369119644165,0.01153022050857544,-0.05494214594364166,0.19689321517944336,-0.022470461204648018,-0.27233869178664966,0.672666360343067,-0.05293505185379413
-0.01535266637802124,0.011835694313049316,-0.001282036304473877,-0.08247062563896179,0.17928838729858398,-0.03853614255785942,-0.2699724537410977,0.6720600709759039,-0.05359036253649449
-0.022558867931365967,0.011724233627319336,-0.006260931491851807,-0.07200466841459274,0.06023150682449341,-0.024343622848391533,-0.2683516488636704,0.671332799747253,-0.05423477489406933
-0.006152033805847168,0.0009371638298034668,-0.012751162052154541,-0.0213739313185215,-0.04367398843169212,-0.011833769269287586,-0.26808551868671493,0.6709247516751626,-0.05459624703720801
0.0032183825969696045,-0.0010462403297424316,-0.01820969581604004,-0.002319547813385725,-0.0742071345448494,0.015011693350970745,-0.2687128772894895,0.6708276654298923,-0.05460951420932605
0.0019744038581848145,0.004049777984619141,-0.02351832389831543,-0.028400860726833344,-0.036526333540678024,0.028084246441721916,-0.269487955161849,0.6706323596202467,-0.05435120111328817
0.0027049630880355835,-0.0017998814582824707,-0.020183145999908447,-0.03871128708124161,0.041341569274663925,0.014211839064955711,-0.2695602530503528,0.6702358217769147,-0.054190750814901135
0.00223754346370697,-0.003964483737945557,-0.02013695240020752,-0.033772408962249756,0.07849252969026566,0.00910999532788992,-0.26894637454590675,0.6698881652701886,-0.054177579443830504
0.0047353655099868774,-0.007297158241271973,-0.020740032196044922,-0.04530177265405655,0.07300668209791183,0.01918686367571354,-0.2682034997493113,0.6694714497557562,-0.054114080184660004
0.0064474791288375854,-0.014609098434448242,-0.022256016731262207,-0.057874374091625214,0.040886301547288895,0.026241470128297806,-0.2677169459871532,0.6688840436684326,-0.053991322826226255
0.010260388255119324,-0.015542685985565186,-0.017207801342010498,-0.07503098994493484,-0.005799710750579834,0.03837510198354721,-0.26773516530415437,0.6681415160002194,-0.0537867840061577
0.005740627646446228,-0.010845065116882324,-0.01826179027557373,-0.09974472224712372,0.03158028423786163,0.04902137815952301,-0.26782250086867637,0.6671673360685092,-0.05352681989301325
-0.0023785382509231567,-0.006227731704711914,-0.010356783866882324,-0.10344838351011276,0.10798371583223343,0.028365636244416237,-0.26719772747520704,0.6660529645163804,-0.05340662680081155
-0.007366374135017395,0.006700634956359863,0.01883023977279663,-0.08754855394363403,0.2577008903026581,-0.0082694748416543,-0.26528851353662664,0.6651076613464757,-0.05358099826273435
-0.0177067369222641,0.0208396315574646,0.05678647756576538,-0.11279319226741791,0.432502806186676,-0.06394153088331223,-0.2613106921842335,0.6642084520725888,-0.05436849996119048
-0.01974475383758545,0.03366774320602417,0.06693017482757568,-0.10724006593227386,0.5847450494766235,-0.12450575083494186,-0.25525921073945357,0.663389057726946,-0.05589307567917605
-0.021824628114700317,0.035546064376831055,0.07358253002166748,-0.38965630531311035,1.2497766017913818,-0.11553595960140228,-0.24509368640444143,0.6617265692588451,-0.05823539672581438
0.07582969963550568,0.03988444805145264,0.2751721143722534,-0.10350213199853897,0.7143859267234802,-0.06349071115255356,-0.23302337884771612,0.6587962091265385,-0.06014571615582086
-0.029713883996009827,-0.01028066873550415,-0.12897765636444092,0.09952634572982788,0.38473474979400635,-0.12157212197780609,-0.22739049889793567,0.6595370205561075,-0.0612034481867876
0.03577962517738342,-0.008334994316101074,-0.048618316650390625,0.047862838953733444,-0.17717398703098297,0.028998615220189095,-0.225732993302658,0.6602228396710152,-0.0617153168933094
0.042652517557144165,-0.034148573875427246,-0.02275794744491577,0.16312125325202942,-0.5361497402191162,0.09183429926633835,-0.23034306759706508,0.6610979559470709,-0.06054001590257631
-0.008006066083908081,-0.016330599784851074,-0.048279404640197754,0.17083847522735596,-0.5928846597671509,0.07835966348648071,-0.23706125052561874,0.6625819171828354,-0.05896973904387321
0.004385471343994141,-0.02165043354034424,-0.04678386449813843,0.1444220393896103,-0.6086907386779785,0.09641536325216293,-0.24407960882449364,0.6639249980207705,-0.05742802340830897
0.02516581118106842,-0.026970982551574707,-0.054016053676605225,0.12447657436132431,-0.5609022378921509,0.11373358219861984,-0.2510785775158645,0.6649582469575298,-0.055701509870800664
0.014690116047859192,-0.038260042667388916,-0.04054439067840576,0.06578636169433594,-0.39373666048049927,0.10884029418230057,-0.2570339895556174,0.6656208209933285,-0.053976798980967314
-0.018362686038017273,-0.012275159358978271,-0.01406848430633545,0.0013711494393646717,-0.04800588637590408,0.04679716005921364,-0.25970361410096793,0.6656392085123521,-0.05296843304070834
-0.023496150970458984,0.010455429553985596,-0.015273690223693848,-0.06605635583400726,0.22404266893863678,-0.028198255226016045,-0.2588785821229169,0.6653806613580143,-0.05303872813498518
-0.01903592050075531,0.008148193359375,0.020898640155792236,-0.12041466683149338,0.4879574179649353,-0.07891655713319778,-0.2544623615117336,0.6645428349567508,-0.05399876562190813
-0.007175743579864502,0.000484466552734375,0.012369632720947266,-0.1095186099410057,0.3385807275772095,-0.05534864962100983,-0.2493535939497044,0.6635885743335324,-0.055257164435199194
