t,ax,ay,az,gx,gy,gz,roll,pitch,yaw
0.0,0.008641127496957779,-0.02776646614074707,-0.0004535764455795288,-0.0013318418059498072,0.014251625165343285,0.01027163676917553,2.8431746401140345e-17,4.359715582917318e-17,-2.0654283909957032e-17
0.010055999999167398,0.010835893452167511,-0.023822784423828125,0.008614405989646912,-0.0332859605550766,0.013605274260044098,0.009088234975934029,0.00013247335976770258,-0.00013977526535844127,5.940110460915981e-05
0.020111999998334795,0.010483119636774063,-0.011500298976898193,0.0034603923559188843,-0.04421663284301758,0.008634750731289387,0.010531135834753513,0.00023685541175190897,-0.00046490381117103786,0.00013797400585216835
0.030167000004439615,0.008973930031061172,0.0030375123023986816,-0.0031256824731826782,-0.03254617378115654,0.01244693249464035,0.009758898057043552,0.0003461559648691417,-0.0007568890732301201,0.00027434534979216827
0.04022300000360701,0.007275216281414032,0.01505964994430542,0.005344867706298828,-0.024161480367183685,0.014201689511537552,0.01166705321520567,0.0005002312685774772,-0.0009309293191121948,0.000425832171819677
0.05027900000277441,0.0029243789613246918,0.02137237787246704,-0.0004548579454421997,-0.017649207264184952,0.014185577630996704,0.016829457134008408,0.0006517377233950389,-0.0010153158523707499,0.0006056744168746737
0.06033500000194181,0.002741381525993347,0.010021567344665527,0.0013636946678161621,-0.04320729896426201,0.015576547011733055,0.017220675945281982,0.0008285540916943269,-0.0012511179978278576,0.0008258991469683413
0.0703908750001574,-0.0010761581361293793,0.005316555500030518,2.4199485778808594e-05,-0.09292305260896683,0.018119201064109802,0.014389283023774624,0.0010126560381410197,-0.0018416712076227192,0.0010329954733144524
0.08044687499932479,-0.003999181091785431,-0.00613325834274292,-0.00453619658946991,-0.14594899117946625,0.030053887516260147,0.007464265916496515,0.0012594987723791571,-0.002961087098655773,0.0011909573910056914
0.09050187499815365,-0.009057987481355667,-0.0075997114181518555,0.009210705757141113,-0.1697966754436493,0.028268372640013695,-0.0026214183308184147,0.0015478740793589216,-0.004594372145963779,0.0012817594788106872
0.10055787500459701,-0.039666250348091125,0.006668210029602051,0.0027311593294143677,-0.1374368667602539,-0.20052433013916016,0.2788337171077728,0.0016488507791699665,-0.006151268961926701,0.0016700501143159963
0.1106138750037644,-0.0563204325735569,0.014867603778839111,-0.0024102777242660522,-0.073213130235672,-0.11222722381353378,0.825480580329895,0.0023652689907488764,-0.007273451725400843,0.0016509431442091715
0.1206698750029318,0.13209399580955505,0.026101768016815186,-0.019583940505981445,0.02898940071463585,0.07595200091600418,0.424642950296402,0.002731527952331451,-0.007557030590959757,0.0016763127338264932
0.1307258750020992,0.09054303169250488,0.04722493886947632,-0.026432275772094727,0.0797833800315857,0.10286098718643188,0.05809974670410156,0.002871795603670375,-0.007002607005126985,0.002057167312691551
0.14078087500092806,-0.025196686387062073,0.032209038734436035,-0.015365362167358398,0.10583894699811935,0.026209615170955658,0.01903863064944744,0.003286659495005694,-0.00600973506543878,0.0022882375330207398
0.15083687500009546,0.004122383892536163,0.009016573429107666,-0.008776351809501648,0.1110229343175888,0.01717550866305828,0.007413159590214491,0.0035220287873307223,-0.0048323932154708624,0.002396722797697561
0.16089287499926286,-0.011025164276361465,0.0126723051071167,-0.0028099268674850464,0.12250728160142899,0.02330956794321537,-0.003562259953469038,0.0037226663119734643,-0.003635188334639612,0.0024041768978337345
0.17094887499843026,-0.011196020990610123,0.020330429077148438,-0.00013165175914764404,0.11223480105400085,0.023323815315961838,-0.014356770552694798,0.003964615469101582,-0.0024474730771708694,0.002288871969086006
0.1810048750048736,-0.004971902817487717,0.02595818042755127,0.0018109679222106934,0.11177460849285126,0.017650483176112175,-0.0313035286962986,0.004155831316707946,-0.0013234284393887255,0.001978574476602995
0.191060875004041,0.0025591664016246796,0.01619058847427368,-0.005361005663871765,0.08448479324579239,0.016594406217336655,-0.044378768652677536,0.004299232308835013,-0.0003425756962895328,0.0015112686406116218
0.20111587500286987,0.008628115057945251,0.023363888263702393,-0.0012711137533187866,0.06023218482732773,0.010110408067703247,-0.062429677695035934,0.004470271381148469,0.00039178030546964485,0.0011922471348820621
0.21117187500203727,0.01640458032488823,0.029509007930755615,-0.006670534610748291,0.03848392516374588,0.0013656525406986475,-0.07335811853408813,0.004542985932227487,0.0009297148752959236,0.0006588311971446488
0.22122787500120467,0.021479815244674683,0.01132124662399292,-0.004929244518280029,0.015877149999141693,-0.003907139878720045,-0.08218143880367279,0.004508362020906809,0.0012228452931410101,-0.0001654162724759199
0.23128387500037206,0.01920616626739502,0.0031151771545410156,0.007232680916786194,0.0020929386373609304,-0.009988601319491863,-0.09261583536863327,0.004439223644403903,0.0013149954021444287,-0.0010357131761179778
0.24133987499953946,0.01956329494714737,0.010288357734680176,0.00028730928897857666,0.012673145160079002,-0.025599252432584763,-0.09998932480812073,0.004258073480514436,0.0013617746128908909,-0.0020183486968121463
0.25139587499870686,0.025693930685520172,0.004929184913635254,-0.013963699340820312,0.028705107048153877,-0.03405292332172394,-0.102750763297081,0.003960743194247002,0.0015563158366438273,-0.0030510899729687914
0.2614508750048117,0.02809138223528862,-0.009065806865692139,-0.014860197901725769,0.051131319254636765,-0.035308606922626495,-0.10457050055265427,0.0036187987527946616,0.0019418076607769647,-0.004098246825295427
0.2715068750039791,0.021107446402311325,-0.020220816135406494,-0.004553794860839844,0.06651165336370468,-0.03881106153130531,-0.10490682721138,0.0032535724078037566,0.0025331998217734165,-0.005129552763984177
0.2815628750031465,0.021964244544506073,-0.021492063999176025,0.0015763789415359497,0.07264384627342224,-0.04943068325519562,-0.10033125430345535,0.0028165784616179866,0.0032109151908969783,-0.006085320557847354
0.29161887500231387,0.029250282794237137,-0.030032813549041748,-0.0011452436447143555,0.06377037614583969,-0.05884549021720886,-0.09203342348337173,0.0022931341486345518,0.003892484840736299,-0.006862232779808247
0.30167487500148127,0.029688913375139236,-0.04215651750564575,-0.006158694624900818,0.03993508219718933,-0.06574281305074692,-0.08562852442264557,0.0017031303351140313,0.004420399340123652,-0.007538761644327894
0.31173087500064867,0.03159986808896065,-0.047657907009124756,-0.00707302987575531,0.017307355999946594,-0.07141081243753433,-0.0784769281744957,0.0010261084798240646,0.004654040231170541,-0.00820811925368906
0.32178587499947753,0.03343529254198074,-0.04629713296890259,-0.007942423224449158,-0.004105257801711559,-0.0892699733376503,-0.06583729386329651,0.00022494837466243475,0.004677314799331885,-0.008827312399973817
0.3318418749986449,0.0354631282389164,-0.041023194789886475,-0.013191208243370056,-0.018926680088043213,-0.10163090378046036,-0.049789756536483765,-0.0007008738309702059,0.004599434777277859,-0.009281648038340227
0.3418978749978123,0.03159802034497261,-0.04074108600616455,-0.02119886875152588,-0.024188287556171417,-0.11124331504106522,-0.042995233088731766,-0.0017451281842658514,0.004453732985498842,-0.009590792245033371
0.3519538750042557,0.02856801450252533,-0.0376814603805542,-0.022089123725891113,-0.026749495416879654,-0.12415125966072083,-0.03429178148508072,-0.0029034279672119963,0.0042284744894691174,-0.00984737929634118
0.3620098750034231,0.024336598813533783,-0.03341042995452881,-0.0214197039604187,-0.029702141880989075,-0.12746237218379974,-0.020741086453199387,-0.004156189395081273,0.003965353440821936,-0.010032081508357589
0.3720658750025905,0.017701830714941025,-0.03396117687225342,-0.013410493731498718,-0.037722207605838776,-0.12445126473903656,-0.014347822405397892,-0.005415245244037824,0.0036412084273868823,-0.010100812103738054
0.38212087500141934,0.007807634770870209,-0.02519547939300537,-0.003876626491546631,-0.0365259163081646,-0.12646275758743286,-0.007176728919148445,-0.006670985578659263,0.0032847816732532852,-0.01013085720128411
0.39217687500058673,0.005224451422691345,-0.01430445909500122,-0.0021754950284957886,-0.034559570252895355,-0.12185294926166534,-0.0002232949627796188,-0.00791155404015567,0.002983988343569146,-0.010073127408877483
0.40223287499975413,0.001545000821352005,-0.006675541400909424,-0.002815946936607361,-0.0268289465457201,-0.11445468664169312,0.005394643638283014,-0.009110369058751204,0.0027200716583099934,-0.009962973294838128
0.41228887499892153,-0.002578340470790863,-0.0067174434661865234,0.0008541494607925415,-0.02996242232620716,-0.11337929964065552,0.0061456551775336266,-0.01023976062609783,0.002490906330403015,-0.009831703070281228
0.4223448749980889,-0.005247417837381363,-0.006308197975158691,0.006300806999206543,-0.03626319393515587,-0.11197049170732498,0.009422407485544682,-0.011387091005235066,0.002222895198420625,-0.009687912871336404
0.4324008750045323,-0.00923100858926773,-0.007892727851867676,0.006712019443511963,-0.04364804923534393,-0.10417196154594421,0.007830902934074402,-0.012467391913785505,0.0018890626222102735,-0.00953831746624825
0.44245587500336114,-0.010672762989997864,-0.005560338497161865,0.007456138730049133,-0.03916728124022484,-0.11108552664518356,0.014525290578603745,-0.013532591117863592,0.0015355227008911248,-0.009354693229865913
0.45251187500252854,-0.010329045355319977,-0.0009616613388061523,0.003800630569458008,-0.03304551914334297,-0.10525120794773102,0.016968926414847374,-0.014605156026122198,0.0012389320653776173,-0.009154656472636517
0.46256787500169594,-0.011734094470739365,0.006037652492523193,0.003984168171882629,-0.0261780247092247,-0.1044866144657135,0.021081913262605667,-0.015658068306904215,0.000980515329350727,-0.008932909037374323
0.47262387500086334,-0.013579212129116058,0.0011299848556518555,0.012504756450653076,-0.03536646068096161,-0.09707903116941452,0.022486412897706032,-0.01664940790724638,0.0006935914956725567,-0.008693273065332255
0.48267987500003073,-0.011458031833171844,-0.003011763095855713,0.008529558777809143,-0.04482361301779747,-0.10065299272537231,0.017813896760344505,-0.017651980893349326,0.0003156374554159715,-0.008484020178029362
0.49273587499919813,-0.013442452996969223,0.003035604953765869,-0.0006235092878341675,-0.03875742480158806,-0.09395287185907364,0.02384619414806366,-0.018646120429452514,-9.843004147393281e-05,-0.008307486634648925
0.502790874998027,-0.011953074485063553,0.01179128885269165,-0.013389289379119873,-0.030299754813313484,-0.09153366088867188,0.022687453776597977,-0.019597384723647082,-0.0004645915863449169,-0.008132112643546232
0.5128468750044703,-0.009964853525161743,0.01613306999206543,-0.018392309546470642,-0.006797092035412788,-0.07954543828964233,0.021039489656686783,-0.020472956143038224,-0.0006683382644688083,-0.007991857133651975
0.5229028750036377,-0.0056703947484493256,0.017520904541015625,-0.008647516369819641,-0.0024303069803863764,-0.08035983145236969,0.016899870708584785,-0.021310721788645865,-0.0007415165356921676,-0.007888065552298712
0.5329588750028051,-0.0075502172112464905,0.02369004487991333,0.004614666104316711,-0.006055401638150215,-0.07955129444599152,0.013265189714729786,-0.022142988050055823,-0.0007910893559212638,-0.007821280368106339
0.5430148750019725,-0.01392136886715889,0.01829826831817627,0.004954218864440918,-0.015515482053160667,-0.06932742148637772,0.006352156400680542,-0.02293070703664173,-0.0009320590419061592,-0.007835436047636752
0.5530708750011399,-0.020421314984560013,0.01059025526046753,0.005184471607208252,-0.013581761159002781,-0.060014087706804276,0.0015605967491865158,-0.023605713549977064,-0.0011726330793648057,-0.007908908871933344
0.5631258749999688,-0.024977482855319977,0.011053919792175293,0.0034001916646957397,0.0036920339334756136,-0.04687804356217384,-0.00019016527221538126,-0.024152885114783695,-0.00126473910028859,-0.008004467062806157
0.5731818749991362,-0.026158973574638367,0.020287692546844482,0.003678247332572937,0.030596794560551643,-0.037023015320301056,-0.0018829237669706345,-0.02458870513778627,-0.0010816165134115577,-0.008112759760528034
0.5832378749983036,-0.0255284383893013,0.026818692684173584,0.002368822693824768,0.046967513859272,-0.036777470260858536,0.0047986810095608234,-0.02495755867955318,-0.000594613752203368,-0.00817331126714827
0.593293875004747,-0.02327542006969452,0.01970386505126953,-0.0004871934652328491,0.06083419546484947,-0.03615522384643555,0.004392416216433048,-0.02532623388088631,8.619483987832777e-05,-0.008156424628444589
0.6033498750039143,-0.027731895446777344,0.0029607415199279785,0.0009987503290176392,0.04876767471432686,-0.03186247497797012,0.0001148465380538255,-0.02565262899246892,0.0006652498503582308,-0.008137131457376937
0.6134058750030817,-0.03104613721370697,-0.0053057074546813965,-0.0015257596969604492,0.02812822163105011,-0.01857689581811428,0.001587388222105801,-0.025935231178090126,0.0009830167115804941,-0.008159721180321496
0.6234608750019106,-0.03121110051870346,-0.007221102714538574,0.004833981394767761,0.014409747906029224,-0.004883188754320145,0.0022734187077730894,-0.026053836717061886,0.0011112074404365487,-0.008218364535914778
0.633516875001078,-0.024045847356319427,-0.0008994340896606445,0.0026294440031051636,0.016375383362174034,0.0020044120028615,-0.000904505024664104,-0.026088581068565087,0.0012017379956271866,-0.008343358399615308
0.6435728750002454,-0.018507439643144608,0.002401888370513916,0.0066918134689331055,0.027089547365903854,-0.004049486014991999,-0.005099250003695488,-0.02611246877527388,0.0013811141428765922,-0.008519997189475489
0.6536288749994128,-0.01676875352859497,-0.004885196685791016,0.00945127010345459,0.03433236852288246,-0.0005530219059437513,-0.010538863018155098,-0.026164660717659903,0.0016504295769705427,-0.00875143875734223
0.6636848749985802,-0.015453871339559555,-0.0017178654670715332,0.007471919059753418,0.031145364046096802,0.010630923323333263,-0.011167368851602077,-0.026141742499735953,0.0019234537337118553,-0.00901336572916988
0.6737408750050236,-0.009030893445014954,-0.0004877448081970215,0.010181248188018799,0.02843630686402321,0.0034132241271436214,-0.0076958853751420975,-0.02608819987300793,0.00219910265884471,-0.009276315412564915
0.683796875004191,-0.002248283475637436,-0.01519918441772461,0.007279261946678162,0.014025144279003143,-0.004232711158692837,0.0022539508063346148,-0.026137649990682525,0.0024063403169279607,-0.009518476818221731
0.6938518750030198,-0.0020081698894500732,-0.029835104942321777,0.005243420600891113,-0.010705104097723961,-0.0009805923327803612,0.015475080348551273,-0.026203632051533015,0.002438258488307573,-0.009673381015465514
0.7039078750021872,-0.009691491723060608,-0.040832698345184326,0.01472194492816925,-0.033769942820072174,0.008519169874489307,0.027971165254712105,-0.02618419144754514,0.002161973170756571,-0.009690848457886168
0.7139638750013546,-0.014732446521520615,-0.0388222336769104,0.021991625428199768,-0.04637455195188522,0.020310714840888977,0.04769749194383621,-0.026063295160514983,0.0017081960890724327,-0.009483833497199176
0.724019875000522,-0.017795663326978683,-0.04330563545227051,0.018533170223236084,-0.051132820546627045,0.01749708503484726,0.06633855402469635,-0.025891898704897474,0.001167410366911127,-0.009048833954202539
0.7340758749996894,-0.01845741644501686,-0.060551464557647705,0.005181148648262024,-0.06004544347524643,0.027446122840046883,0.08602341264486313,-0.025691973985912137,0.000551595395785927,-0.008393962736065231
0.7441318749988568,-0.02288949117064476,-0.06244361400604248,-0.0006756782531738281,-0.09138604998588562,0.04152812063694,0.10959239304065704,-0.025356766145040396,-0.0002742463790475257,-0.0075006019010004175
0.7541868750049616,-0.023325495421886444,-0.05920994281768799,0.0035530179738998413,-0.10610033571720123,0.044339753687381744,0.14085562527179718,-0.024907210887828036,-0.001329696127793858,-0.00630344344283113
0.764242875004129,-0.024879511445760727,-0.06652408838272095,0.004637673497200012,-0.10322518646717072,0.04136287048459053,0.1770213544368744,-0.024453600233756912,-0.0024246160390742027,-0.004747296228816026
0.7742988750032964,-0.028444822877645493,-0.0775068998336792,-0.0007531642913818359,-0.09961561858654022,0.03643735498189926,0.20806999504566193,-0.024066593769521527,-0.0034968349065847204,-0.002873593266326849
0.7843548750024638,-0.0348421148955822,-0.09967869520187378,-0.0013734102249145508,-0.09627415239810944,0.040314652025699615,0.24200932681560516,-0.023674310050316394,-0.004534923477780087,-0.0006499656997336457
0.7944108750016312,-0.04623134434223175,-0.12354165315628052,-0.0014595389366149902,-0.11074355244636536,0.0426851287484169,0.2632560431957245,-0.023256025856016486,-0.005624978095985647,0.001865131427805625
0.8044668750007986,-0.060209088027477264,-0.14232921600341797,-0.006239354610443115,-0.14257605373859406,0.04201721027493477,0.29945826530456543,-0.022809979107642965,-0.0069596828115659854,0.004612852920230154
0.8145218749996275,-0.06423811614513397,-0.15834224224090576,-0.01909935474395752,-0.22415204346179962,0.046491850167512894,0.32410377264022827,-0.02236049468482036,-0.008832257092869054,0.00770425623613847
0.8245778749987949,-0.07729792594909668,-0.1656423807144165,-0.020453453063964844,-0.3456004559993744,0.08720652759075165,0.3311086595058441,-0.02169153386655907,-0.011743508363205087,0.010926027271732622
0.8346338749979623,-0.083363376557827,-0.16629880666732788,0.006244435906410217,-0.4254731237888336,0.1080821081995964,0.3482587933540344,-0.020657532367952296,-0.015733190522885885,0.01422683506271221
0.8446898750044056,-0.07533803582191467,-0.15200883150100708,0.022340968251228333,-0.47976166009902954,0.11623883992433548,0.36762744188308716,-0.019454054690428255,-0.020410069346946003,0.01770856460733931
0.854745875003573,-0.06853793561458588,-0.08759647607803345,0.05281531810760498,-0.49115225672721863,0.1583736389875412,0.41293370723724365,-0.017963609438564527,-0.0253284452781796,0.021504200417924235
0.8648018750027404,-0.04309927672147751,0.0210343599319458,0.04100489616394043,-0.4491536617279053,0.15974730253219604,0.43465736508369446,-0.016270892264917847,-0.030275000422433685,0.02571330412037257
0.8748568750015693,-0.015358388423919678,0.08138251304626465,-0.0028334707021713257,-0.3542540669441223,0.16808180510997772,0.4354845881462097,-0.01448108722755866,-0.03429984628732902,0.030065941050976364
0.8849128750007367,0.007169551216065884,0.10856682062149048,-0.005602158606052399,-0.2969851791858673,0.14395461976528168,0.37775418162345886,-0.01276702870694975,-0.0376339069552961,0.03412033186750363
0.8949688749999041,0.012792710214853287,0.10881561040878296,0.005384087562561035,-0.2867249846458435,0.14249162375926971,0.32684996724128723,-0.011216763337955286,-0.04057085904731667,0.03763561876428527
0.9050248749990715,0.006440008524805307,0.12441563606262207,0.029042132198810577,-0.31355738639831543,0.12562689185142517,0.2513916790485382,-0.009721420682269456,-0.04354464022786249,0.04053029081471581
0.9150808749982389,0.0017426579724997282,0.1474631428718567,0.03500682860612869,-0.38884735107421875,0.12673555314540863,0.19177672266960144,-0.008393298497925299,-0.04707942572599786,0.042713859091688275
0.9251368750046822,0.002631739480420947,0.14380621910095215,0.01195872575044632,-0.4173855185508728,0.15017111599445343,0.13169686496257782,-0.006945495195596002,-0.05122194620639105,0.044317300883852766
0.9351918750035111,0.005772597622126341,0.13063198328018188,0.022740676999092102,-0.4491613209247589,0.1283636838197708,0.0629219338297844,-0.005393732484166492,-0.055643854796137426,0.0452946742716613
0.9452478750026785,0.01205248199403286,0.1574230194091797,0.02528393268585205,-0.37973618507385254,0.13334326446056366,0.056543126702308655,-0.004099668394962896,-0.05973737324299298,0.04586793342494731
0.9553038750018459,0.007299812976270914,0.1809965968132019,-0.009821586310863495,-0.3047480881214142,0.11962039023637772,0.016260288655757904,-0.0028540112089432755,-0.06329664489311589,0.046226599284994924
0.9653598750010133,0.013135959394276142,0.1437414288520813,-0.024922721087932587,-0.21478970348834991,0.11756469309329987,-0.0006483888137154281,-0.0016392228161517274,-0.06582715899403312,0.046306043404503575
0.9754158750001807,0.013192135840654373,0.1276128888130188,0.0007014870643615723,-0.14353789389133453,0.10137134790420532,-0.025682741776108742,-0.0005520240036641194,-0.06759184609328787,0.04613738066509517
0.9854718749993481,0.015446105971932411,0.14557629823684692,-0.02730875462293625,-0.0921013355255127,0.09232432395219803,-0.04241777956485748,0.00040826188912817873,-0.06879068174088418,0.045828135051525706
0.9955268749981769,0.01649836264550686,0.1205933690071106,-0.05391107499599457,-0.02170160785317421,0.08434935659170151,-0.09514642506837845,0.0012393067961667466,-0.06934379409952239,0.04514146838206441
1.0055828750046203,0.013626892119646072,0.057802677154541016,-0.04921448230743408,-0.011893183924257755,0.09471064805984497,-0.1502794474363327,0.002051479009632725,-0.06946699514399254,0.04390288380312632
1.0156388750037877,0.012401517480611801,0.0365411639213562,-0.032008349895477295,-0.0200353991240263,0.10354182124137878,-0.17486754059791565,0.0029462507707304782,-0.06965718381332224,0.042227359628457715
1.025694875002955,0.02073817513883114,0.05209767818450928,-0.012774355709552765,-0.0247406717389822,0.10136441886425018,-0.1850096583366394,0.003853951144200184,-0.06989832021248689,0.04041763995997149
1.0357508750021225,0.02867305278778076,0.04454052448272705,0.024072818458080292,-0.028983842581510544,0.08906660974025726,-0.19426268339157104,0.00469505122913965,-0.07013894612035991,0.03849552756174842
1.0458068750012899,0.03138289600610733,0.029894530773162842,0.04047197848558426,-0.07589942216873169,0.0654478371143341,-0.19714927673339844,0.005294643607606631,-0.07072099804451434,0.03650965254910242
1.0558628750004573,0.025800364091992378,0.0196952223777771,0.027080237865447998,-0.06563635170459747,0.07012660801410675,-0.19737529754638672,0.0058517689189169575,-0.07146391102794827,0.03453585388963703
1.0659178749992861,0.008784577250480652,0.010858356952667236,0.015551507472991943,0.0017189865466207266,0.09734145551919937,-0.19480188190937042,0.006544809021046736,-0.07182592193060841,0.03256918052537706
1.075973791666911,-0.003643265925347805,0.006567060947418213,0.00727284699678421,0.06418422609567642,0.14730900526046753,-0.1751786470413208,0.007664414376051596,-0.07148956914488107,0.03070678753036745
1.0860297916660784,0.0045192651450634,-0.0007218122482299805,0.008421063423156738,0.09419804811477661,0.15754006803035736,-0.17178045213222504,0.009109355827224915,-0.07070320309496236,0.028960693287629548
1.0960857916652458,0.014371068216860294,-0.015014052391052246,0.022128641605377197,0.11876052618026733,0.15662488341331482,-0.1741817593574524,0.010571971271165841,-0.06958346268266592,0.02724252369244581
1.1061417916716891,0.008540347218513489,-0.015272974967956543,0.0416727140545845,0.08667529374361038,0.17469336092472076,-0.16611450910568237,0.012113153671605908,-0.06856903368672024,0.025527435977135752
1.1161977916708565,0.010098055005073547,-0.02370631694793701,0.05227851867675781,0.018163783475756645,0.1687028408050537,-0.1424625962972641,0.013747769125834702,-0.06806070175643407,0.02397464123420709
1.1262527916696854,0.027248091995716095,-0.04931420087814331,0.030782051384449005,-0.06766536831855774,0.16387560963630676,-0.11888669431209564,0.015354336197927374,-0.06834653959948696,0.022714874091390298
1.1363087916688528,0.03770425170660019,-0.05684077739715576,0.024676144123077393,-0.15271621942520142,0.14488819241523743,-0.10536877810955048,0.01686746433503603,-0.069524725709192,0.021659579220795085
1.1463647916680202,0.03886263072490692,-0.04342693090438843,0.007352419197559357,-0.15898503363132477,0.14305540919303894,-0.07394321262836456,0.0182156018350123,-0.07117620505770413,0.020836193834260452
1.1564207916671876,0.03414765000343323,-0.019688904285430908,-0.017589859664440155,-0.0901251807808876,0.14383864402770996,-0.05055512487888336,0.01962708604557778,-0.07250883868805531,0.020236125906103186
1.166476791666355,0.04160049557685852,0.001286149024963379,-0.022002987563610077,-0.014996610581874847,0.12717604637145996,-0.03524753823876381,0.020972419918323302,-0.07304926102469737,0.019884253726260626
1.1765327916655224,0.04848317801952362,0.009232938289642334,-0.032571010291576385,0.016202500090003014,0.09396642446517944,-0.009247735142707825,0.022052554348872773,-0.07312739457222509,0.019720387193916323
1.1865877916716272,0.05066458135843277,-0.01817089319229126,-0.04471062868833542,0.04444772005081177,0.09010989964008331,-0.01844123564660549,0.02295581613817685,-0.07293982767413082,0.019659077076590106
1.1966437916707946,0.04195868968963623,-0.034559547901153564,-0.041460998356342316,0.022544817999005318,0.08105754852294922,-0.0070279911160469055,0.0238101781632809,-0.07277339081571103,0.0195942901018975
1.206699791669962,0.0417134165763855,-0.022972464561462402,-0.03483140468597412,-0.012052041478455067,0.06722082942724228,0.0013977177441120148,0.024537330082006203,-0.07286867682116131,0.019693171031075693
1.2167557916691294,0.03246944397687912,-0.021550416946411133,-0.0030870959162712097,0.0010797835420817137,0.05102601647377014,-0.009260811842978,0.025203229721939027,-0.07299405669190635,0.01980934561404173
1.2268117916682968,0.027415255084633827,-0.010175824165344238,-0.024147093296051025,-0.012630702927708626,0.025041554123163223,0.005346360150724649,0.025589852654409866,-0.0730607031705064,0.019968688246790486
1.2368677916674642,0.03725912421941757,0.0015869736671447754,-0.06373083591461182,0.008395442739129066,0.023410500958561897,0.011299563571810722,0.025832624773190076,-0.07303106931818043,0.020177967100394167
1.2469237916666316,0.03624878078699112,-0.0072762370109558105,-0.06577574461698532,0.02340182289481163,0.004731088876724243,0.005354056600481272,0.025984042060727047,-0.07276870451557868,0.020362940281869975
1.2569787916654604,0.02625666745007038,0.0056455135345458984,-0.04937141388654709,0.03933631628751755,0.0023198630660772324,-0.0036741658113896847,0.026020974719626794,-0.07238104999041602,0.020517253109875646
1.2670347916646278,0.022731006145477295,0.01860213279724121,-0.053265929222106934,0.04723791405558586,-0.010487544350326061,-0.004886170849204063,0.0260094402342999,-0.07176952527613119,0.020595736280080483
1.2770907916710712,0.024916378781199455,0.014978587627410889,-0.05297566205263138,0.056784726679325104,-0.013996259309351444,-0.0008849840378388762,0.025912138356769067,-0.07107446132531844,0.020736642899347804
1.2871467916702386,0.02626938559114933,0.0025694966316223145,-0.04507178068161011,0.08478119969367981,-0.029023144394159317,-0.022583089768886566,0.025726284477919185,-0.0701649739392276,0.020841658935605176
1.297202791669406,0.021561406552791595,0.02309507131576538,-0.03128862380981445,0.10405965149402618,-0.044901974499225616,-0.013361520133912563,0.025387935067334763,-0.06920393823550096,0.02088470610256355
1.3072587916685734,0.023813700303435326,0.029763519763946533,-0.01586747169494629,0.13317091763019562,-0.07161002606153488,-0.022181645035743713,0.024828984243250266,-0.06774422094078443,0.02090165951544521
1.3173137916674023,0.015956629067659378,0.02330881357192993,-0.004437565803527832,0.1365479975938797,-0.08141285181045532,-0.015680653974413872,0.02407745540190316,-0.0659515675061695,0.020968120305866606
1.3273697916665697,0.014301065355539322,-0.0010008811950683594,-0.008163392543792725,0.1073368489742279,-0.09080208837985992,-0.03704826161265373,0.023245555584411683,-0.0642400467346412,0.02094719564503071
1.337425791665737,0.00872720405459404,-0.0037416815757751465,-0.0033661648631095886,0.06467118859291077,-0.10249163955450058,-0.05067317932844162,0.022275666496890983,-0.06302855133907544,0.020687176321526026
1.3474817916649044,0.004022600129246712,0.0062007904052734375,-0.005858659744262695,0.04096958786249161,-0.099912628531456,-0.06293943524360657,0.021246407552263702,-0.062167226921007394,0.020273130023816626
1.3575377916713478,-0.0007003825157880783,-0.006412386894226074,-0.0028402209281921387,0.014301356859505177,-0.09821046888828278,-0.06930266320705414,0.020270318268792952,-0.06153497452838512,0.01978652018403676
1.3675937916705152,-0.0037379246205091476,-0.00900357961654663,0.007072277367115021,-0.010111041367053986,-0.09195443987846375,-0.0657244399189949,0.01930280116194438,-0.061272368268636,0.019315929500556765
1.377648791669344,-0.011251745745539665,0.0008606910705566406,0.004793934524059296,0.012673544697463512,-0.06888400763273239,-0.046721767634153366,0.018501788005995484,-0.06111667011735163,0.01891513541782645
1.3877047916685115,-0.015110859647393227,0.0016484260559082031,0.008292973041534424,0.03506087511777878,-0.057341068983078,-0.028019718825817108,0.01784461736309958,-0.06088846518890779,0.018723585674865886
1.3977607916676789,-0.018038293346762657,0.00272977352142334,0.008296556770801544,0.05920376256108284,-0.036044035106897354,-0.0193278007209301,0.01736884956613716,-0.060432903889689624,0.018634075326929865
1.4078167916668463,-0.022068344056606293,-0.006112575531005859,0.029431350529193878,0.014837097376585007,-0.023701351135969162,-0.013097867369651794,0.017063402885457272,-0.060027753191655736,0.01859565829121304
1.4178727916660137,-0.02396729402244091,-0.021902740001678467,0.0220109224319458,0.028224274516105652,-0.01658271998167038,0.0030270398128777742,0.016814898819918624,-0.05982785500727642,0.018622572977609036
1.427928791665181,-0.01843603514134884,-0.018455207347869873,0.01503223180770874,0.02431395649909973,-0.008502157405018806,-0.009764921851456165,0.016689936950554714,-0.05950879547431972,0.018621301186717277
1.4379847916716244,-0.011927871033549309,-0.029165923595428467,0.023758403956890106,0.02609987184405327,-0.022473100572824478,-0.029304536059498787,0.016573819527605636,-0.05922091209975244,0.018403244807350044
1.4480397916704533,0.008105766028165817,-0.015356719493865967,-0.01763451099395752,0.038124311715364456,-0.034357987344264984,-0.01944364793598652,0.01628851405246217,-0.05895522728513229,0.018133641852662467
1.4580957916696207,0.02633891999721527,0.0007551908493041992,-0.034340620040893555,0.03708696365356445,-0.06435810029506683,-0.02841772884130478,0.015757833088856116,-0.05871784614225565,0.01781077680309542
1.468151791668788,0.03099770098924637,-0.00821143388748169,-0.04397338628768921,0.02479168213903904,-0.09198839962482452,-0.033141110092401505,0.014926638029641667,-0.05843657848623094,0.017371157900159803
1.4782077916679555,0.02755148895084858,0.001159965991973877,-0.028470925986766815,0.04260219261050224,-0.09956882148981094,-0.03909742832183838,0.013948602272135326,-0.05819354398852874,0.01691834416739206
1.4882637916671229,0.024180546402931213,0.007260382175445557,-0.024758681654930115,0.030982553958892822,-0.11758910119533539,-0.037508588284254074,0.01278921009883323,-0.05803396349368506,0.01637740058823244
1.4983197916662903,0.025669177994132042,0.00016766786575317383,-0.016381308436393738,0.04235243424773216,-0.11483471840620041,-0.03967674821615219,0.011561065962428228,-0.05781405588271126,0.015850806704432507
1.5083747916651191,0.014604885131120682,-0.013746857643127441,-0.0037946701049804688,0.02144768461585045,-0.12074986845254898,-0.026271460577845573,0.010332097390566534,-0.05759408812413535,0.01538148424969446
1.5184307916715625,0.006492910906672478,-0.0019153952598571777,-0.00880257785320282,0.040900878608226776,-0.09765453636646271,-0.02974398247897625,0.009200987262074987,-0.057451476197841946,0.015066348802747504
1.5284867916707299,0.0021325387060642242,0.010659277439117432,-0.0036166757345199585,0.048882633447647095,-0.09186030179262161,-0.036211468279361725,0.00826110646863585,-0.05686652016052155,0.014793227326756603
1.5385427916698973,0.006122449412941933,0.021928787231445312,0.00555063784122467,0.05121654272079468,-0.11182841658592224,-0.021730264648795128,0.0072843322409039644,-0.056172665693017376,0.014674669191626681
1.5485987916690647,0.007468260824680328,0.021120011806488037,-0.0018917322158813477,0.06806476414203644,-0.10324664413928986,-0.03492330014705658,0.006245133116854302,-0.05523883642916942,0.0146282358380211
1.558654791668232,-0.004803244024515152,0.007677555084228516,-0.0008060187101364136,0.07817914336919785,-0.08792934566736221,-0.039681222289800644,0.005296348682987332,-0.05434032573221566,0.01445791691952216
1.5687107916673995,-0.014048853889107704,0.001797497272491455,0.012120246887207031,0.08146414905786514,-0.06679262965917587,-0.05725009739398956,0.004539461620241785,-0.05338553951138182,0.014172410703772781
1.5787657916662283,-0.01832570508122444,0.013402998447418213,0.021800890564918518,0.08419264853000641,-0.0652298852801323,-0.06988999247550964,0.0038956519100464804,-0.05249094306633645,0.013728367394616959
1.5888217916653957,-0.010026650503277779,0.019365549087524414,0.01802731305360794,0.08975013345479965,-0.05281023681163788,-0.08253414183855057,0.003293568906183465,-0.051623895657683765,0.013108723900283363
1.5988777916645631,-0.0067392271012067795,0.004449307918548584,0.019500091671943665,0.08286146819591522,-0.05026625096797943,-0.10651173442602158,0.00274633139007914,-0.05073063376761954,0.012244093157663397
1.6089337916710065,0.0009528100490570068,0.0014383792877197266,0.0206783264875412,0.06323184072971344,-0.06134047359228134,-0.12536637485027313,0.002142232353608868,-0.050039520833577225,0.011114017330457932
1.6189897916701739,0.011209845542907715,-0.0007445812225341797,0.019690275192260742,0.03920834884047508,-0.07420381158590317,-0.13373515009880066,0.0014017634794269316,-0.049650070235537136,0.009889733829776384
1.6290457916693413,0.016357166692614555,-0.011671006679534912,0.0161668062210083,0.04355090111494064,-0.08624715358018875,-0.13792669773101807,0.0005215818312093368,-0.0492875145859363,0.008632265879603534
1.6391007916681701,0.016816608607769012,-0.007109224796295166,0.009946286678314209,0.055668771266937256,-0.08917783200740814,-0.13570840656757355,-0.00043051762914613753,-0.048824775154940464,0.007262866823579871
1.6491567916673375,0.020382609218358994,-0.006377458572387695,0.0035528019070625305,0.06303161382675171,-0.09678701311349869,-0.11671475321054459,-0.0014546443691434274,-0.04836211081637396,0.005954505243196463
1.659212791666505,0.023753438144922256,-0.022354960441589355,0.0019378662109375,0.04553890600800514,-0.09824509173631668,-0.09748976677656174,-0.0025276621301998886,-0.04801524631712046,0.004818556374196347
1.6692687916656723,0.017930954694747925,-0.04396730661392212,0.012318678200244904,0.0353616327047348,-0.08655940741300583,-0.07207442075014114,-0.0035013919083747612,-0.04777515669189607,0.003958042846840204
1.6793247916648397,0.012859448790550232,-0.045111775398254395,0.013640232384204865,0.020251836627721786,-0.07694566249847412,-0.0425783134996891,-0.004353842776901814,-0.04767220281017716,0.003405596435879171
1.689380791671283,0.01269616186618805,-0.04036825895309448,0.006406724452972412,0.024558434262871742,-0.07222919911146164,-0.004198968410491943,-0.005107921067670911,-0.047598805017364784,0.003249493317479307
1.6994367916704505,0.00995047390460968,-0.05151724815368652,-0.0064454227685928345,0.026175860315561295,-0.052658963948488235,0.03538615256547928,-0.0057314759288005,-0.047458171323035175,0.00351635174436898
1.7094917916692793,-0.00019934773445129395,-0.04768478870391846,0.00915539264678955,0.04245070368051529,-0.03060559742152691,0.07652027159929276,-0.006108479720107213,-0.04721059597476427,0.0041785536701611226
1.7195477916684467,-0.013008356094360352,-0.04268854856491089,0.025406554341316223,0.04409382864832878,-0.024420537054538727,0.11211754381656647,-0.006320660356767069,-0.04680820586664591,0.005214767394707894
1.7296037916676141,-0.022384904325008392,-0.043842434883117676,0.025983169674873352,0.02189558371901512,-0.019783440977334976,0.14172843098640442,-0.0064848676811690344,-0.046474422460600684,0.006555249798001049
1.7396597916667815,-0.03138774260878563,-0.048876047134399414,0.01677413284778595,-0.006294687278568745,-0.005857505835592747,0.16231398284435272,-0.006539366707739785,-0.0464117739875257,0.008137208857346189
1.749715791665949,-0.047011684626340866,-0.04826366901397705,0.022825486958026886,-0.03175503760576248,0.0022915005683898926,0.169673889875412,-0.006484018730492835,-0.04662802583608609,0.009827827212450343
1.7597717916651163,-0.06077863276004791,-0.02950674295425415,0.016397297382354736,-0.024677466601133347,0.008943410590291023,0.17360176146030426,-0.0063436440123486116,-0.04698284488351373,0.011574841557470815
1.7698267916712211,-0.06640370190143585,-0.021290838718414307,0.011362195014953613,-0.020772207528352737,0.01295839250087738,0.15987636148929596,-0.006158730642953181,-0.04721096281597886,0.013262564404742218
1.7798827916703885,-0.06801395118236542,-0.017258524894714355,0.020763158798217773,-0.01862538978457451,0.023305704817175865,0.13854920864105225,-0.0058896574087818196,-0.04739236905911204,0.014754499930314744
1.789938791669556,-0.06271840631961823,-0.0057718753814697266,0.010641336441040039,-0.016847729682922363,0.02304258570075035,0.10808797180652618,-0.005597938788740375,-0.04757924598019114,0.015972589823560073
1.7999947916687233,-0.04114113748073578,0.00535273551940918,-0.005687832832336426,-0.01683441363275051,0.022118201479315758,0.07991530001163483,-0.005348343333629506,-0.047806317535731245,0.016885571786249363
1.8100507916678907,-0.030480559915304184,0.006679117679595947,0.0062553733587265015,-0.012659109197556973,0.018129851669073105,0.06193070113658905,-0.005118924847739583,-0.04797211652617581,0.017529823729554826
1.8201067916670581,-0.024360407143831253,0.018316268920898438,0.006984934210777283,-0.02106289193034172,0.02340717241168022,0.057540375739336014,-0.0049182627758240826,-0.04821162316698468,0.018031080413502362
1.8301627916662255,-0.007990173995494843,0.022861719131469727,-0.006371155381202698,0.005697616375982761,0.027098046615719795,0.02802988886833191,-0.00464011886131944,-0.04831552604269019,0.018312617274990454
1.8402177916650544,0.0039054937660694122,0.02185225486755371,0.0012935400009155273,0.02623804472386837,0.023382671177387238,0.015010918490588665,-0.004404861254610201,-0.04819322140774757,0.018310082490249235
1.8502737916714977,0.014415225014090538,0.014293670654296875,0.0007836818695068359,0.012318501248955727,0.008474028669297695,0.01585860177874565,-0.004284744258460523,-0.04798679454361738,0.018147501959841918
1.8603297916706651,0.02089807391166687,0.015337347984313965,0.005806148052215576,-0.013636711053550243,0.014123525470495224,0.026965128257870674,-0.004184974434175448,-0.04807858221749183,0.018123289389161776
1.8703857916698325,0.022069867700338364,0.008355855941772461,0.004688963294029236,-0.04751371964812279,0.025202807039022446,0.022217778488993645,-0.0040036463292095125,-0.048438943357685456,0.018183091739666247
1.880441791669,0.023192886263132095,0.013310790061950684,0.007923729717731476,-0.05044537037611008,0.028681563213467598,0.017718501389026642,-0.0037404752751656976,-0.048905482684084206,0.01825248534675409
1.8904977916681673,0.03318536654114723,0.03481405973434448,-0.014682114124298096,-0.0201891977339983,0.023063890635967255,0.007228043396025896,-0.0034844244406373325,-0.04930236895518109,0.018303555253979344
1.9005537916673347,0.046753935515880585,0.040682852268218994,-0.03308446705341339,0.007116726599633694,0.009804544039070606,-0.006385290529578924,-0.0032859362408781513,-0.04936816472284875,0.018263638519735944
1.9106087916661636,0.057325586676597595,0.034071385860443115,-0.02572549879550934,0.00953088141977787,-0.015214522369205952,0.003715280443429947,-0.0033205497107827065,-0.04927098751366538,0.018223956767904555
1.920664791665331,0.053734418004751205,0.02654850482940674,-0.030318856239318848,0.020854109898209572,-0.023708675056695938,0.009855943731963634,-0.0035104176005134975,-0.04911405392388194,0.01828063764734712
1.9307207916644984,0.04385736584663391,0.004434645175933838,-0.02785646915435791,0.011426519602537155,-0.03240309655666351,0.03779543563723564,-0.003787943353724691,-0.048949544440679234,0.018546582191245012
1.9407767916709417,0.03095279075205326,-0.022854983806610107,-0.017255961894989014,-0.0016229253960773349,-0.02982422523200512,0.049894414842128754,-0.004050499134808442,-0.048919074270815814,0.019033014205298675
1.9508327916701091,0.0129220150411129,-0.038740456104278564,-0.005336754024028778,-0.01301459688693285,-0.016329187899827957,0.07934551686048508,-0.004257393884000405,-0.04908383343448689,0.01975911793578302
1.9608887916692765,-0.006629131734371185,-0.05538123846054077,0.02892601490020752,0.007179487496614456,0.0035711494274437428,0.08263151347637177,-0.004234496110797843,-0.04914183841452394,0.020687633109207456
1.9709437916681054,-0.023025188595056534,-0.05071306228637695,0.03924102336168289,-0.011662110686302185,0.01582195609807968,0.10104434192180634,-0.004071313879205375,-0.04911752747214532,0.02171345025702938
1.9809997916672728,-0.017989352345466614,-0.03300273418426514,0.022478774189949036,-0.023170873522758484,0.016524765640497208,0.13332313299179077,-0.0038089060758756117,-0.04924184363984568,0.02304390851063906
1.9910557916664402,-0.01697070710361004,-0.03642958402633667,0.012329407036304474,-0.02212584763765335,0.010771006345748901,0.1577610969543457,-0.003541263574850998,-0.04937585465795826,0.02467131649253021
2.0011117916656076,-0.02352544665336609,-0.04024893045425415,0.008193261921405792,-0.015691161155700684,0.002194961067289114,0.1961335390806198,-0.0033748086754946307,-0.04946119467587131,0.026561608846255257
2.011167791664775,-0.0372551754117012,-0.04385167360305786,0.0037219077348709106,-0.009646586142480373,-0.00918765552341938,0.19846487045288086,-0.00330470086908637,-0.049529658034555814,0.028650645722487076
2.0212237916712184,-0.04460439831018448,-0.051043689250946045,-0.005597829818725586,-0.0679825097322464,-0.02632802724838257,0.20511633157730103,-0.0033613546424300397,-0.04982287725833724,0.03073426104656699
2.0312797916703857,-0.042915403842926025,-0.03689056634902954,-0.0027519389986991882,-0.11950269341468811,-0.032325465232133865,0.22771911323070526,-0.0035515417894190376,-0.05077118320353709,0.03290139816790807
2.0413347916692146,-0.050719864666461945,-0.018288075923919678,-0.0016120001673698425,-0.0880468562245369,-0.04150005802512169,0.25560787320137024,-0.0038370082788683224,-0.0519783203443958,0.03526465668813924
2.051390791668382,-0.05518890172243118,0.009256184101104736,-0.0036473870277404785,-0.051325056701898575,-0.05093084275722504,0.27383190393447876,-0.004198127350038817,-0.05279010536814157,0.037812607592460905
2.0614467916675494,-0.06081321835517883,0.010677456855773926,-0.007259860634803772,0.0003827456384897232,-0.04457373917102814,0.26087212562561035,-0.0045506128217448144,-0.0530577338846697,0.040418904772544346
2.0715017916663783,-0.056595515459775925,-0.009549260139465332,-0.016033828258514404,-0.00736705306917429,-0.054726243019104004,0.25335854291915894,-0.004960254547236313,-0.05319327785716003,0.04290780882964865
2.0815577916655457,-0.03566237911581993,0.00046628713607788086,-0.003963589668273926,-0.016032224521040916,-0.10664603859186172,0.243068128824234,-0.005622493643816771,-0.05323906201757161,0.04532272804008341
2.091613791664713,-0.011422837153077126,0.04844754934310913,-0.015307411551475525,-0.055978309363126755,-0.19421610236167908,0.23702329397201538,-0.0070852866055862605,-0.05362250900895529,0.04760428203711024
2.1016697916711564,0.007818515412509441,0.06570470333099365,-0.06235557794570923,-0.11404089629650116,-0.27625638246536255,0.24132972955703735,-0.009381602013242386,-0.05444762966533025,0.04983349282040575
2.1117247916699853,0.013869702816009521,0.015167057514190674,-0.08579641580581665,-0.16581222414970398,-0.32346996665000916,0.21330474317073822,-0.012345810505585818,-0.05579317680083131,0.051986082788016905
2.1217807916691527,0.0005772719159722328,-0.010145902633666992,-0.0748126432299614,-0.24587491154670715,-0.32294130325317383,0.20832058787345886,-0.015537054941934934,-0.05794543405680504,0.05384232551718292
2.13183679166832,-0.006395123898983002,0.019358456134796143,-0.0831904336810112,-0.2326139658689499,-0.321395605802536,0.16573451459407806,-0.018603828399727875,-0.06039159921857964,0.05546424391223262
2.1418927916674875,0.01345950085669756,0.039971113204956055,-0.12276893854141235,-0.20545075833797455,-0.3580152690410614,0.14043766260147095,-0.02195876801118846,-0.0626913348013337,0.05695980381201938
2.151948791666655,0.04345537722110748,0.04311847686767578,-0.1211613342165947,-0.1073036789894104,-0.4529436528682709,0.1309884935617447,-0.025933920035257966,-0.06428339097568005,0.05830367973431698
2.1620047916658223,0.06336773931980133,0.04768472909927368,-0.14610421657562256,-0.12813608348369598,-0.5991232395172119,0.11533214151859283,-0.03120092186756901,-0.06536576883218749,0.0595002734908801
2.172059791664651,0.06863267719745636,0.021629631519317627,-0.16466765105724335,-0.21302488446235657,-0.70768141746521,0.12105980515480042,-0.03772982918483056,-0.06713573342511461,0.06061551302681925
2.1821157916710945,0.05698467791080475,-0.036689817905426025,-0.15912026166915894,-0.30846452713012695,-0.7789841890335083,0.08813852071762085,-0.04513362985065045,-0.06973579860406758,0.061566705713989325
2.192171791670262,0.04472079873085022,-0.008592784404754639,-0.15135347843170166,-0.32269805669784546,-0.8297206163406372,0.05008861422538757,-0.05319054560062134,-0.07300355745550019,0.06210220083122622
2.2022277916694293,0.055002253502607346,0.04030561447143555,-0.22448056936264038,-0.3188561201095581,-0.9074198603630066,0.023596737533807755,-0.061907149341867015,-0.07625653940233591,0.06225940501160099
2.2122837916685967,0.075804203748703,0.010455191135406494,-0.24665343761444092,-0.22354480624198914,-0.9740952849388123,-0.01248084008693695,-0.07133888725313269,-0.07890987053623166,0.06209468396689288
2.222339791667764,0.08837977051734924,0.023392915725708008,-0.23041152954101562,-0.28557848930358887,-1.0331408977508545,-0.016751831397414207,-0.08145977092915156,-0.081360968301307,0.06176414709637701
2.2323957916669315,0.11629051715135574,0.053119659423828125,-0.22590845823287964,-0.33771517872810364,-1.1173452138900757,0.006832058075815439,-0.09232861698589793,-0.08451079460821061,0.06145023035394595
2.242451791666099,0.14745433628559113,0.02926456928253174,-0.21227365732192993,-0.40061843395233154,-1.2416502237319946,-0.014201587997376919,-0.10421556128467897,-0.08816045287222522,0.06108164056746064
2.2525067916649277,0.16098937392234802,0.03236520290374756,-0.23979318141937256,-0.46360379457473755,-1.3834251165390015,-0.07317249476909637,-0.11754356426080895,-0.0924658780899329,0.0601787590594155
2.262562791671371,0.16605795919895172,0.033859193325042725,-0.2649427056312561,-0.46348777413368225,-1.506888508796692,-0.1635037362575531,-0.1322492369760849,-0.0969067175307763,0.05840996435046376
2.2726187916705385,0.16152779757976532,0.04195588827133179,-0.28235524892807007,-0.4005149304866791,-1.5773069858551025,-0.28264766931533813,-0.1480906714556375,-0.10094977224622477,0.05558074456753481
2.282674791669706,0.1309525966644287,0.04224616289138794,-0.23785579204559326,-0.41367217898368835,-1.5872416496276855,-0.3561842441558838,-0.16443424715915492,-0.10446802976864185,0.05170427013967054
2.2927307916688733,0.12399856746196747,0.06961226463317871,-0.194505512714386,-0.39193493127822876,-1.5961664915084839,-0.3529530167579651,-0.18087833799105066,-0.10770001738999942,0.04748154608602015
2.3027867916680407,0.12639029324054718,0.08708345890045166,-0.12899929285049438,-0.24504047632217407,-1.6316455602645874,-0.3303430378437042,-0.19751851527012096,-0.11033176870557708,0.04340534512240882
2.3128417916668695,0.1423659771680832,0.0850566029548645,-0.12173205614089966,-0.1615394502878189,-1.701533317565918,-0.2952636182308197,-0.2146742879647222,-0.11157805170080187,0.039913428788471914
2.322897791666037,0.1672813445329666,0.08818221092224121,-0.1137130856513977,-0.17479506134986877,-1.7761952877044678,-0.2853671908378601,-0.23247035885912715,-0.11250351143728435,0.03669162984923901
2.3329537916652043,0.19687221944332123,0.04798078536987305,-0.13680750131607056,-0.18918359279632568,-1.9161838293075562,-0.32331138849258423,-0.2514258963472109,-0.11354216853965296,0.03327007060145911
2.3430097916716477,0.2079712599515915,0.04014694690704346,-0.15909802913665771,-0.2941341698169708,-2.0472500324249268,-0.37016957998275757,-0.2718365115393318,-0.11496607308896686,0.02927835529701177
2.353065791670815,0.19844570755958557,0.045577287673950195,-0.18231737613677979,-0.23876334726810455,-2.093946933746338,-0.3977133333683014,-0.29320915653302776,-0.11654465297342032,0.024764965074608913
2.3631217916699825,0.18241938948631287,0.04299342632293701,-0.17944735288619995,-0.07862050086259842,-2.1021087169647217,-0.3743758499622345,-0.31478796580444907,-0.11695673301224623,0.02055206570978299
2.37317779166915,0.1770477592945099,0.02960890531539917,-0.1173277497291565,-0.0029278742149472237,-2.105106830596924,-0.3541922867298126,-0.33636628337568286,-0.11610855077874596,0.016982708018648724
2.3832327916679787,0.17009100317955017,0.012362182140350342,-0.06517064571380615,0.08778081089258194,-2.140564203262329,-0.32400956749916077,-0.3580252553180332,-0.11450938489900718,0.013911401911328914
2.393288791667146,0.1726338267326355,0.0008146166801452637,-0.05532943829894066,0.1108938530087471,-2.153496265411377,-0.3180776536464691,-0.3799422624162493,-0.11231677414142933,0.011295049986064473
2.4033447916663135,0.14278270304203033,-0.010949015617370605,-0.00777023658156395,0.11565154790878296,-2.1247715950012207,-0.30778932571411133,-0.4017817749368009,-0.11000049047130334,0.008809570894468058
2.413400791665481,0.11930008232593536,-0.03128325939178467,0.07212507724761963,0.045891907066106796,-2.0749921798706055,-0.2701639235019684,-0.42313790211939994,-0.10805058144959476,0.00649110882129256
2.4234567916646483,0.10884959995746613,-0.05686295032501221,0.12606269121170044,-0.03332386165857315,-2.0668911933898926,-0.24904994666576385,-0.444211039201644,-0.10693493551453652,0.0041022184008583555
2.4335127916710917,0.13372427225112915,-0.06054884195327759,0.0699264407157898,-0.02033589407801628,-2.1133220195770264,-0.21554231643676758,-0.4654309365168954,-0.10620361383197652,0.00189250173728876
2.443568791670259,0.1539974808692932,-0.02650630474090576,0.006174743175506592,0.004552190657705069,-2.1238412857055664,-0.2266470342874527,-0.4869889236653388,-0.10525126654739321,-0.000136623669107205
2.453623791669088,0.13750970363616943,0.001476585865020752,0.01943594217300415,0.15304657816886902,-2.1244773864746094,-0.22957198321819305,-0.5085030284074206,-0.10349468523038939,-0.0017824635155634595
2.4636797916682553,0.10237396508455276,0.00596088171005249,0.05474042892456055,0.23841524124145508,-2.121915817260742,-0.25689971446990967,-0.5299367715278691,-0.10053905219192873,-0.002911978454246018
2.4737357916674227,0.10369481891393661,0.04094529151916504,0.013071300461888313,0.2950878441333771,-2.154301404953003,-0.2804364860057831,-0.5514808274943176,-0.09680838238214408,-0.003821298846855178
2.48379179166659,0.1343924105167389,0.07396119832992554,-0.07357949018478394,0.3589969575405121,-2.2169718742370605,-0.31400442123413086,-0.5735197170742383,-0.09245077341417651,-0.004575849882758643
2.4938477916657575,0.13685056567192078,0.06793510913848877,-0.07996701449155807,0.2366236448287964,-2.296718120574951,-0.37819352746009827,-0.5963144442151456,-0.0879151439602498,-0.005781900321704401
2.503903791664925,0.11908640712499619,0.032231807708740234,-0.01107114553451538,-0.018433552235364914,-2.383030891418457,-0.46012449264526367,-0.6200739145989498,-0.08455709792330011,-0.008595938668037024
2.5139597916713683,0.11799716204404831,0.008509159088134766,0.03630971908569336,-0.2949828505516052,-2.5088632106781006,-0.4755026400089264,-0.6451357374771478,-0.08304792850231564,-0.013330451242451977
2.524014791670197,0.1377081573009491,0.005678355693817139,-0.014880001544952393,-0.38714683055877686,-2.5527844429016113,-0.5162944197654724,-0.6712195918143357,-0.08280184163820643,-0.019496887451431372
2.5340707916693646,0.1336624026298523,0.026043593883514404,-0.10517996549606323,-0.2820446491241455,-2.527202844619751,-0.5177903175354004,-0.6973075546269923,-0.08222759203254769,-0.025713585369316307
2.544126791668532,0.11092745512723923,0.07937127351760864,-0.07713174819946289,-0.1326809823513031,-2.4539265632629395,-0.5004133582115173,-0.7228298923051063,-0.08037707201038398,-0.03099598490653383
2.5541827916676993,0.1106610894203186,0.09341037273406982,-0.04184848070144653,-0.15663132071495056,-2.381951093673706,-0.4741722345352173,-0.7475103344147004,-0.07818431043510073,-0.03555838534995685
2.5642387916668667,0.12485326826572418,0.05843055248260498,-0.02946031093597412,-0.2023627758026123,-2.289475202560425,-0.4453718662261963,-0.7713475571315964,-0.07633484033208725,-0.0402299820824129
2.574294791666034,0.13309413194656372,0.023439884185791016,-0.0119856595993042,-0.0631263256072998,-2.192113161087036,-0.4456448554992676,-0.7942263448183303,-0.07420271137058072,-0.044386844293566666
2.5843507916652015,0.09776997566223145,0.05078786611557007,0.11408507823944092,0.13695235550403595,-2.123399496078491,-0.44104665517807007,-0.8160854389887885,-0.07068164961046527,-0.04723570629638653
2.5944057916713064,0.07958082854747772,0.07564085721969604,0.16280865669250488,0.151559516787529,-2.0914535522460938,-0.42742645740509033,-0.8373645785383079,-0.06639880429025588,-0.04901818834493472
2.6044617916704738,0.09796863794326782,0.054281771183013916,0.16083848476409912,0.09339466691017151,-2.079777240753174,-0.44643890857696533,-0.8584151217072399,-0.062255660423530784,-0.05094971309027139
2.614517791669641,0.11947271227836609,-0.023140370845794678,0.1643456220626831,-0.0849686786532402,-2.0844602584838867,-0.4857165515422821,-0.8795788192200046,-0.058681969907953595,-0.05404559242756476
2.6245737916688086,0.1258229911327362,-0.043675363063812256,0.10636258125305176,-0.10926669836044312,-2.055449962615967,-0.5130027532577515,-0.900618092409158,-0.0554861709801038,-0.0581148525693147
2.634629791667976,0.11424112319946289,-0.0195084810256958,0.07372426986694336,-0.016293080523610115,-2.019545793533325,-0.5195503830909729,-0.9213281469403245,-0.05174072294435851,-0.0617591838877685
2.6446857916671433,0.10528650879859924,0.00030028820037841797,0.05485856160521507,0.08580279350280762,-2.0094261169433594,-0.49606558680534363,-0.9417040817659796,-0.047482813630987615,-0.06452994713237287
2.6547417916663107,0.10698466002941132,-0.03924906253814697,0.047963619232177734,0.12958621978759766,-1.9830456972122192,-0.4621922969818115,-0.9618806901890223,-0.04283752228862891,-0.06634847052256802
2.6647967916651396,0.09298619627952576,-0.09930062294006348,0.10848665237426758,0.19728514552116394,-1.8991525173187256,-0.4507419168949127,-0.9815260243026741,-0.03823276411962261,-0.06774396592843092
2.674852791671583,0.047423869371414185,-0.15092450380325317,0.20106863975524902,0.24829773604869843,-1.8165243864059448,-0.37891432642936707,-1.0001690313508893,-0.03349040650125114,-0.0681029334440879
2.6849087916707504,0.023023515939712524,-0.12193870544433594,0.1889200210571289,0.32323136925697327,-1.7263396978378296,-0.294180691242218,-1.0180249815844813,-0.029147292271803193,-0.06754400631754813
2.6949647916699178,0.02340938150882721,-0.14898401498794556,0.12622833251953125,0.37806370854377747,-1.6159639358520508,-0.25276240706443787,-1.0347217954136858,-0.024847266362472545,-0.06568228401539575
2.705020791669085,0.03139251470565796,-0.20762938261032104,0.1314702033996582,0.32007017731666565,-1.5121374130249023,-0.21414029598236084,-1.0504538926470066,-0.021145813033579316,-0.06393972195731407
2.7150767916682526,0.03862190246582031,-0.21815329790115356,0.05589020252227783,0.2737783193588257,-1.4660452604293823,-0.2159680277109146,-1.0653895498410157,-0.017724714635197255,-0.062362148269028896
2.72513279166742,0.06135094165802002,-0.1930869221687317,0.027830960229039192,0.21468810737133026,-1.4493496417999268,-0.20001941919326782,-1.0799832267367557,-0.014703125827634712,-0.06126569503647575
2.735187791666249,0.08950728178024292,-0.20308822393417358,0.0653223991394043,0.10714088380336761,-1.5064043998718262,-0.16681991517543793,-1.094823540986641,-0.012203089415377203,-0.06046900539507503
2.745243791665416,0.13890497386455536,-0.16807818412780762,0.11812746524810791,-0.1091754361987114,-1.6027679443359375,-0.16493694484233856,-1.1104323945700576,-0.0107600565295028,-0.061253385321743736
2.7552997916645836,0.19984690845012665,-0.12067258358001709,0.11175000667572021,-0.3513180613517761,-1.7365353107452393,-0.16308897733688354,-1.1272383704653737,-0.010282095769446177,-0.06402239883412328
2.765355791671027,0.24426105618476868,-0.08886080980300903,0.09098613262176514,-0.47404253482818604,-1.8600823879241943,-0.19287575781345367,-1.14536093749707,-0.010449150016649372,-0.06859660677702718
2.7754117916701944,0.2327248752117157,-0.0033470988273620605,0.09629678726196289,-0.5215570330619812,-2.001276731491089,-0.2281663715839386,-1.16485091520536,-0.010561612168162317,-0.0740655911534292
2.7854677916693618,0.1870478242635727,0.1131439208984375,0.04100669175386429,-0.46157106757164,-2.0447840690612793,-0.2411748170852661,-1.1852864040046804,-0.010283081646889545,-0.07960754200449234
2.795523791668529,0.1318783313035965,0.10324794054031372,-0.004003047943115234,-0.35169491171836853,-2.0315630435943604,-0.24549180269241333,-1.2058534540904868,-0.009467873763675359,-0.08429364778906269
2.805578791667358,0.07197315990924835,0.07564109563827515,0.019373171031475067,-0.1678524762392044,-1.944818139076233,-0.2330848127603531,-1.2258994174265523,-0.008141987752325058,-0.08765427123098832
2.8156347916665254,0.019032537937164307,0.11737048625946045,0.07298898696899414,0.03414936363697052,-1.8485406637191772,-0.15566059947013855,-1.244954240360978,-0.006528635186544418,-0.0889188307044986
2.825690791665693,-0.013270303606987,0.09789562225341797,0.04878723621368408,0.22632497549057007,-1.7834175825119019,-0.1098056361079216,-1.2632203891689857,-0.004834899826032084,-0.08800533216729789
2.83574679166486,-0.03648193180561066,0.028766751289367676,0.005939595401287079,0.28716596961021423,-1.7017523050308228,-0.06724219769239426,-1.2807124210777117,-0.0032054664021139764,-0.08565209921832719
2.8458027916713036,-0.07413743436336517,-0.03190886974334717,0.048075899481773376,0.18779897689819336,-1.6576005220413208,-0.03501075878739357,-1.297610033570722,-0.002006980409727874,-0.08338807726846208
2.855858791670471,-0.0902542918920517,-0.031024396419525146,0.060546040534973145,0.00368692958727479,-1.6533869504928589,0.0002737307222560048,-1.3141542501764676,-0.001590372838160643,-0.08248785513459014
2.8659147916696384,-0.07365642488002777,-0.06847810745239258,0.03245473653078079,-0.13891136646270752,-1.7136828899383545,0.011440551839768887,-1.331061625584027,-0.0018306357969845586,-0.08309427521988905
2.8759697916684672,-0.04061032831668854,-0.10395169258117676,-0.02245224267244339,-0.22890490293502808,-1.7573877573013306,0.031918928027153015,-1.348513914824465,-0.002478312777901242,-0.08491571038453795
2.8860257916676346,-0.0024686604738235474,-0.05094045400619507,-0.07619929313659668,-0.17155404388904572,-1.8518145084381104,0.025636717677116394,-1.3666364852341826,-0.003197685654092156,-0.08690888579874
2.896081791666802,0.04186220467090607,-0.032237708568573,-0.12215579301118851,-0.1244318038225174,-1.967125654220581,0.030767031013965607,-1.3858439400296965,-0.0037258241624546105,-0.08822727133568367
2.9061377916659694,0.07202532887458801,-0.07642251253128052,-0.06459404528141022,-0.18923072516918182,-2.045630931854248,0.05615449324250221,-1.4060481910964753,-0.004443509357895157,-0.08970304965645744
2.916193791665137,0.09983710944652557,-0.10942143201828003,-0.001851782202720642,-0.24705913662910461,-2.078747034072876,0.10650954395532608,-1.4267718533385239,-0.00559288778464193,-0.09177454923830776
2.92624979167158,0.12460875511169434,-0.09207463264465332,0.03001725673675537,-0.2852522134780884,-2.136486053466797,0.1297660619020462,-1.4480034594521025,-0.007163391252835204,-0.094206418558098
2.9363057916707476,0.1435835361480713,-0.10243207216262817,0.04971206188201904,-0.464901328086853,-2.1718082427978516,0.13242655992507935,-1.4697244843889206,-0.008853819057439318,-0.09776452706559183
2.9463607916695764,0.15603861212730408,-0.13403987884521484,0.0710979551076889,-0.6467947959899902,-2.1865336894989014,0.13383837044239044,-1.4916749837123802,-0.010780689234315514,-0.10323476904509758
2.956416791668744,0.11266514658927917,-0.08962130546569824,0.11853967607021332,-0.689708411693573,-2.2106540203094482,0.09003123641014099,-1.5139312073632993,-0.012369962923638872,-0.10997523033652673
2.9664727916679112,0.0720771849155426,0.047529637813568115,0.07736861705780029,-0.6256357431411743,-2.19232177734375,0.07494005560874939,-1.5362190325945784,-0.01348864811979013,-0.11661298002138347
2.9765287916670786,0.06553630530834198,0.03671187162399292,0.0520697683095932,-0.580305278301239,-2.1285550594329834,0.036234740167856216,-1.558048704702746,-0.014143762711122039,-0.12264347786348338
2.986584791666246,0.0728335976600647,0.004527032375335693,0.09164060652256012,-0.49465879797935486,-2.0504345893859863,0.02753661759197712,-1.5791343851738031,-0.01449164597312343,-0.12807985987204695
2.9966407916654134,0.06343160569667816,0.07018113136291504,0.12652350962162018,-0.3092529773712158,-1.9757956266403198,0.045680467039346695,-1.5994594617724702,-0.014696093193147332,-0.13214877822526092
3.006696791664581,0.06697145104408264,0.08366560935974121,0.11264516413211823,-0.28510603308677673,-1.9328888654708862,0.05254010483622551,-1.6192206924123074,-0.015191709914423496,-0.13511840623867105
3.0167517916706856,0.05430365353822708,0.019425153732299805,0.10927508771419525,-0.4647516906261444,-1.8605722188949585,0.054127614945173264,-1.6383935335101365,-0.01551011233176252,-0.13878958286437615
3.026807791669853,0.024652861058712006,-0.008261561393737793,0.11340342462062836,-0.5594608783721924,-1.7481313943862915,0.04895447939634323,-1.6566907999160887,-0.01566260073549586,-0.144092176209765
3.0368637916690204,-0.03271205723285675,0.02298682928085327,0.037949174642562866,-0.527735710144043,-1.6650670766830444,0.0025600811932235956,-1.6738861291640657,-0.015387416562706145,-0.14953781489014595
3.046919791668188,-0.05559495836496353,0.0783500075340271,0.010803967714309692,-0.5599300265312195,-1.6389799118041992,-0.01642969436943531,-1.6905867132077679,-0.014713459403537757,-0.1549750497670789
3.0569757916673552,-0.05192504823207855,0.04387044906616211,-0.014125719666481018,-0.6530088782310486,-1.6183217763900757,-0.008194401860237122,-1.7070110206278626,-0.013792415610669066,-0.16094876096629104
3.0670317916665226,-0.05703301727771759,-0.018029868602752686,-0.039383500814437866,-0.6690424680709839,-1.5606886148452759,-0.055646926164627075,-1.723058128360569,-0.012494329758350905,-0.1675369324180405
3.077088416670449,-0.05997355282306671,0.0037091970443725586,-0.0326860249042511,-0.7009578347206116,-1.5893412828445435,-0.06134076416492462,-1.738964796491913,-0.010761528726975807,-0.17437947027543177
3.087143416669278,-0.02967023104429245,0.06489896774291992,-0.0820574164390564,-0.6158176064491272,-1.6358137130737305,-0.0698852464556694,-1.7552311553077544,-0.008945783563325788,-0.18076351427862286
3.0971994166684453,-0.029762960970401764,0.026883602142333984,-0.0778876543045044,-0.5870482921600342,-1.6477524042129517,-0.08679792284965515,-1.7718079160182476,-0.006980916253473492,-0.1864807136496052
3.1072554166676127,-0.04621788114309311,-0.028018593788146973,-0.0854012668132782,-0.5260805487632751,-1.6053873300552368,-0.13699105381965637,-1.7881959282607514,-0.004698206255999442,-0.19178914874351868
3.11731141666678,-0.033691175282001495,-0.07540124654769897,-0.05935677886009216,-0.3769824206829071,-1.5502820014953613,-0.13655854761600494,-1.8040286120524147,-0.0022876069760598187,-0.19580716076115418
3.1273674166659475,0.01647036522626877,0.036932289600372314,0.01189848780632019,-0.15867672860622406,-1.5494647026062012,-0.06958085298538208,-1.8196113058112358,-0.0006053541342613255,-0.19826078244740394
3.137423416665115,0.07355450838804245,0.09820353984832764,-0.007946282625198364,0.011940553784370422,-1.5551310777664185,-0.0046639032661914825,-1.8352272257267412,-0.00015130318282439097,-0.1987160836564692
3.1474794166715583,0.08871385455131531,-0.02522754669189453,0.006616830825805664,0.015074029564857483,-1.510681390762329,0.0007031654240563512,-1.8506716154514096,-0.00022343169076369498,-0.19855512722666982
3.1575354166707257,0.07215823233127594,-0.047885119915008545,0.002597242593765259,0.17336854338645935,-1.411425232887268,-0.01387718878686428,-1.8653764041178245,-0.00044129916283608606,-0.19772139237382003
3.1675904166695545,0.06787261366844177,0.004239141941070557,0.050158917903900146,0.2627512216567993,-1.3305214643478394,-0.020316392183303833,-1.8791443425796117,-0.0010276292130570585,-0.19540252801223365
3.177646416668722,0.1067664846777916,0.044503629207611084,0.060008496046066284,0.05745215713977814,-1.2680280208587646,-0.0531582310795784,-1.892204607219208,-0.001272973235179661,-0.1934871929416485
3.1877024166678893,0.12655484676361084,-0.017350375652313232,0.13012471795082092,-0.29306766390800476,-1.233616828918457,-0.12221399694681168,-1.9048282586412575,-4.574209772512412e-05,-0.1943640183926918
3.1977584166670567,0.03456820547580719,-0.029390394687652588,0.17615258693695068,-0.27023079991340637,-1.148310899734497,-0.17447321116924286,-1.9168669862381393,0.0025004991728598126,-0.19697003026882212
3.207814416666224,-0.03222624957561493,0.024644017219543457,0.23680052161216736,-0.05853813886642456,-1.106415867805481,-0.14422303438186646,-1.9281586083557523,0.004622891256720035,-0.19792756769470574
3.2178704166653915,0.0022345632314682007,0.11369240283966064,0.26085206866264343,0.33160245418548584,-1.0581316947937012,-0.07636328041553497,-1.9390617456297525,0.005203065050511372,-0.19627717421145313
3.227926416664559,0.05235898867249489,0.056838274002075195,0.19783097505569458,0.5710833072662354,-0.9785468578338623,-0.05247446149587631,-1.9493686228623428,0.004103142095744642,-0.19176498774645845
3.2379814166706637,-0.008255530148744583,-0.011194109916687012,0.19876667857170105,0.8469092845916748,-0.8474692702293396,-0.018309302628040314,-1.9585912893514903,0.0017548474358601567,-0.18502581624888628
3.248037416669831,-0.045006055384874344,-0.02590566873550415,0.17649582028388977,1.027107834815979,-0.7283883094787598,-0.004914639517664909,-1.9665156456465414,-0.0018664092981420144,-0.17612126817964524
3.2580934166689985,-0.043964266777038574,-0.04480934143066406,0.13028913736343384,0.7816941142082214,-0.6150326728820801,-0.021083489060401917,-1.973215745097933,-0.005401070673905726,-0.16741050935685703
3.268149416668166,-0.010070450603961945,-0.06777673959732056,0.17341896891593933,0.3230850398540497,-0.5287245512008667,-0.02150866389274597,-1.978936163495246,-0.007378230916603881,-0.16222122104961775
3.2782054166673333,0.003857649862766266,-0.08158093690872192,0.2111491709947586,0.06154104322195053,-0.38635969161987305,0.007533374708145857,-1.9835314303626366,-0.008020341212870086,-0.16063109523553723
3.2882614166665007,-0.0029415711760520935,-0.08042800426483154,0.341444730758667,0.12471334636211395,-0.32890838384628296,-0.004748911131173372,-1.9870647034113458,-0.008399508731388854,-0.1598645528216718
3.298317416665668,0.00461733341217041,0.04875272512435913,0.4168369770050049,0.3293519914150238,-0.29049786925315857,-0.022847753018140793,-1.9901707644148783,-0.00913663168795828,-0.15782451844132322
3.308372416664497,0.07709447294473648,0.09493005275726318,0.30014780163764954,0.6146078109741211,-0.24110276997089386,-0.040986571460962296,-1.9928368123128106,-0.01080326657973024,-0.15335670963883924
3.3184284166709404,0.0833246111869812,0.029469311237335205,0.23427638411521912,0.7730265259742737,-0.1411050707101822,-0.07189175486564636,-1.9946772046157675,-0.013203473769481078,-0.14664924687670064
3.3284844166701077,0.03687816485762596,-0.02426809072494507,0.2913234531879425,0.6231762766838074,-0.022225825116038322,-0.05108543485403061,-1.9954106644723137,-0.015576571873017498,-0.1397531219398106
3.338540416669275,0.06221925839781761,-0.07918292284011841,0.3053104877471924,0.29842430353164673,0.07892129570245743,-0.010772635228931904,-1.995032546442134,-0.017197753167854053,-0.1354268595060913
3.3485964166684425,0.05432204157114029,-0.0887957215309143,0.2687842845916748,0.09329097718000412,0.14983181655406952,0.002795078558847308,-1.9938543327345213,-0.017931496123860385,-0.1337806241391527
3.35865241666761,-0.044418852776288986,-0.08971679210662842,0.15872693061828613,0.1253751516342163,0.2368551343679428,-0.013658996671438217,-1.9919061171402435,-0.018299710279373688,-0.1328733424073133
3.3687084166667773,-0.1119002252817154,-0.060066282749176025,0.10572901368141174,0.2692616879940033,0.2811678647994995,-0.03364162519574165,-1.9892299456136062,-0.018887007614576165,-0.1310051548812527
3.378763416665606,-0.11897951364517212,0.010447680950164795,0.17966032028198242,0.3090285360813141,0.2617909908294678,0.0015259491046890616,-1.986405191864662,-0.0198778863701555,-0.12824391768945043
3.3888194166647736,-0.09637072682380676,0.005738377571105957,0.21453414857387543,0.3331158757209778,0.24421703815460205,0.04413125291466713,-1.9838514286061906,-0.021405442170722315,-0.1254107060881169
3.398875416671217,-0.09699584543704987,-0.06950920820236206,0.06417511403560638,0.33986860513687134,0.2688888609409332,0.03811011090874672,-1.9811809582502604,-0.023147050568473874,-0.1225164835587693
3.4089314166703844,-0.1045457124710083,-0.02834385633468628,-0.01612710952758789,0.3335050642490387,0.22750598192214966,0.021734176203608513,-1.9785653915405859,-0.024776479426530412,-0.11948233765602352
3.4189874166695517,-0.04954824224114418,0.011285245418548584,-0.05663934350013733,0.1986159384250641,0.17480868101119995,0.04234384745359421,-1.9764928736887735,-0.026124883479084746,-0.11706557231092454
3.429043416668719,0.005921673029661179,0.0005708932876586914,-0.030240654945373535,0.010731566697359085,0.16039684414863586,0.09192271530628204,-1.9748310096018091,-0.027114144195002052,-0.1164708283157346
3.4390994166678865,0.024933643639087677,-0.019874155521392822,-0.06197714805603027,-0.04880233108997345,0.1925361454486847,0.10596955567598343,-1.9730701683856953,-0.027931480525727435,-0.11714564451187624
3.449155416667054,0.008574213832616806,0.011597692966461182,-0.0546032190322876,0.07029906660318375,0.20858022570610046,0.09144678711891174,-1.9710731784438646,-0.028906038822790803,-0.11748887618182767
3.459210416665883,-0.012526176869869232,0.010768353939056396,-0.012601733207702637,0.16632866859436035,0.22481298446655273,0.060928553342819214,-1.9688263944221802,-0.030060772604419757,-0.11669501450581728
3.46926641666505,0.01251288503408432,0.023940622806549072,0.004363059997558594,0.25365784764289856,0.2170659899711609,0.028643613681197166,-1.9665254565285242,-0.031305849939418734,-0.11492230976066839
3.4793224166714936,0.043647363781929016,0.05233579874038696,-0.0506136417388916,0.3392318785190582,0.1987048238515854,0.006751364096999168,-1.964351056332293,-0.032616110241432524,-0.11221969236177742
3.489378416670661,0.028677739202976227,0.028832733631134033,-0.055752769112586975,0.3026426136493683,0.1574588567018509,-0.024155152961611748,-1.962477370859964,-0.0337998667517516,-0.10912551675905963
3.4994344166698284,0.03270326554775238,0.04926878213882446,-0.02696096897125244,0.13197126984596252,0.07361960411071777,-0.023581774905323982,-1.9612311057091447,-0.0343979330968396,-0.10702272833156329
3.5094904166689957,0.06259328126907349,0.024202048778533936,-0.06302022933959961,-0.07629290223121643,0.03227829560637474,-0.004800629802048206,-1.9607179589850356,-0.034375176919185416,-0.10671058099738577
3.519546416668163,0.048002347350120544,-0.0294153094291687,-0.06190192699432373,-0.15358875691890717,0.04363134875893593,0.030934464186429977,-1.9604119489795766,-0.033964632515732784,-0.10796944441604488
3.529601416666992,0.026123419404029846,-0.025867819786071777,-0.044695496559143066,-0.08660568296909332,0.07581684738397598,0.05774751305580139,-1.9598740304100364,-0.03390621508243414,-0.10933070043091736
3.5396574166661594,0.015476010739803314,-0.031147122383117676,-0.020027175545692444,0.06318487972021103,0.1348561942577362,0.08998215198516846,-1.95883277867824,-0.034547384760762384,-0.10974588479658529
3.549713416665327,0.0017966479063034058,-0.05767625570297241,0.007695645093917847,0.2313096970319748,0.1744728535413742,0.10534528642892838,-1.9572277896120158,-0.03601639918888297,-0.10877815738715309
3.559769416664494,-0.023356836289167404,-0.046058058738708496,0.03525300323963165,0.34769758582115173,0.1992916464805603,0.0954069048166275,-1.9552429449514206,-0.03819882216815512,-0.10635295568535955
3.5698254166709376,-0.0421445369720459,-0.030068814754486084,0.0861203670501709,0.4218708872795105,0.23666566610336304,0.08812251687049866,-1.9529461949382616,-0.04062433469640331,-0.10290618736193478
3.579881416670105,-0.038756635040044785,-0.07091844081878662,0.1538449376821518,0.3359735310077667,0.25227177143096924,0.11725590378046036,-1.950362747302999,-0.04308380827268135,-0.09969333926910529
3.5899374166692724,-0.01736762374639511,-0.07497954368591309,0.12771262228488922,0.2354736030101776,0.282586932182312,0.14654798805713654,-1.9475773587190948,-0.04535594930729959,-0.0975680880785231
3.599992416668101,0.001540590077638626,-0.037006676197052,0.1211312860250473,0.18867094814777374,0.325406551361084,0.17935572564601898,-1.9444809275348982,-0.047615817687319775,-0.0962460864840131
3.6100484166672686,0.022040285170078278,-0.07263100147247314,0.15579724311828613,0.1638287901878357,0.4201964735984802,0.22363291680812836,-1.9407396898838682,-0.05011417167704581,-0.09537235426319328
3.620104416666436,0.02863260731101036,-0.08771103620529175,0.22499942779541016,0.1996230185031891,0.6137992143630981,0.282369464635849,-1.9355504611379615,-0.05303861689602294,-0.0945829309045681
3.6301604166656034,0.04899148643016815,-0.09414875507354736,0.3592407703399658,0.26905298233032227,0.8849847912788391,0.3787737488746643,-1.928006996888258,-0.05696238715799853,-0.09357383131775512
3.640216416664771,0.06861087679862976,-0.12501907348632812,0.43306028842926025,0.42648547887802124,1.146949052810669,0.4479224681854248,-1.917625224083996,-0.06207642172402261,-0.09172645440298118
3.650272416671214,0.056412357836961746,-0.1078447699546814,0.44958603382110596,0.7067846655845642,1.335890293121338,0.4359876811504364,-1.9048275571565343,-0.06825287131814023,-0.08790963367590107
3.6603284166703816,0.0006260648369789124,-0.05352818965911865,0.4378807544708252,0.89007967710495,1.4495049715042114,0.36561471223831177,-1.8903189748539557,-0.07469861956001536,-0.08157539139378668
3.6703834166692104,-0.013685755431652069,0.010977625846862793,0.3579890727996826,0.9566386938095093,1.5005874633789062,0.31112655997276306,-1.8748647729226184,-0.08080826648325468,-0.07372749284867267
3.680439416668378,-0.008053004741668701,0.04511415958404541,0.2971292734146118,0.9184476137161255,1.5484458208084106,0.22644361853599548,-1.8588426826404605,-0.08615892304345417,-0.06543396365763804
3.690495416667545,-0.006008416414260864,0.04615819454193115,0.32573044300079346,0.7004899978637695,1.5255929231643677,0.15114726126194,-1.8427171711139232,-0.09022284817206162,-0.05804589993750957
3.7005514166667126,0.012477759271860123,0.09203314781188965,0.30093538761138916,0.5993207693099976,1.5358359813690186,0.12216967344284058,-1.826888339094919,-0.09312982127631729,-0.0523468714660124
3.71060741666588,0.012002937495708466,0.08577936887741089,0.1275130659341812,0.8066731691360474,1.6009902954101562,0.08786403387784958,-1.8105475086238754,-0.09585116277271535,-0.04599004982719412
3.7206634166650474,-0.04941128194332123,0.10675877332687378,0.06457507610321045,1.2319506406784058,1.6689523458480835,0.035119328647851944,-1.7931730807627362,-0.09872835033971646,-0.03627806098841175
3.7307194166714908,-0.10182619094848633,0.19515347480773926,0.0858452320098877,1.8237318992614746,1.8032505512237549,-0.000849404139444232,-1.77428241872803,-0.10211837197663748,-0.021251994785573724
3.7407744166703196,-0.10668696463108063,0.2015630602836609,0.12955403327941895,2.3378496170043945,1.9856137037277222,-0.0369352363049984,-1.7530564565658189,-0.10596961498314643,-0.0005119916618351254
3.750830416669487,-0.0996677428483963,0.12077659368515015,0.25065767765045166,2.5772995948791504,2.121657371520996,-0.05807948485016823,-1.7296600638513264,-0.10965573461309848,0.02434949458023493
3.7608864166686544,-0.08229781687259674,0.10724830627441406,0.36071985960006714,2.4530534744262695,2.2205328941345215,-0.09264145791530609,-1.70496630346292,-0.11263231802615861,0.0496754579055314
3.770942416667822,-0.04535093903541565,0.10764944553375244,0.2591179609298706,2.0911812782287598,2.2109272480010986,-0.1828823685646057,-1.6799708432065366,-0.11405332058491445,0.07280152565515367
3.780998416666989,0.0009449534118175507,0.037973999977111816,0.1710573434829712,1.6243020296096802,2.0862083435058594,-0.26576632261276245,-1.6561928250879168,-0.11364657364309617,0.09171873110375119
3.7910544166661566,0.009651590138673782,-0.023068547248840332,0.025064773857593536,1.196162462234497,1.999947428703308,-0.33536115288734436,-1.6341283325367075,-0.11168848389894936,0.10601821181068763
3.801110416665324,0.028626151382923126,-0.002948582172393799,-0.06656985729932785,0.7538458108901978,1.9259204864501953,-0.3655765652656555,-1.6132899212228717,-0.10866849185413302,0.11607736093891945
3.8111664166644914,0.07239317148923874,-0.03215646743774414,-0.04544860124588013,0.5059258341789246,1.8598729372024536,-0.34075942635536194,-1.5936106386071833,-0.10534293301439657,0.12230464418361564
3.8212214166705962,0.11432892084121704,-0.05435281991958618,-0.06308382004499435,0.4482087194919586,1.7471791505813599,-0.37042945623397827,-1.5749816752966417,-0.10183192152120972,0.12705702854383155
3.8312774166697636,0.11834672093391418,-0.034778892993927,-0.12628716230392456,0.4972821772098541,1.6795722246170044,-0.37942785024642944,-1.5573123105247568,-0.09804620598842517,0.1318431950510543
3.841333416668931,0.10136784613132477,-0.01007312536239624,-0.158441424369812,0.5163354873657227,1.6715821027755737,-0.36544597148895264,-1.5400139604243253,-0.09418066448364733,0.13688344551059412
3.8513894166680984,0.07550223171710968,-0.03476822376251221,-0.060205817222595215,0.4235065281391144,1.6997114419937134,-0.3731386065483093,-1.5226439275084998,-0.09025495562931748,0.1415568191410479
3.861445416667266,0.06051257625222206,-0.057320356369018555,0.09230135381221771,0.22074836492538452,1.785537600517273,-0.36591771245002747,-1.5048753547963258,-0.08637508925006505,0.14464618512665778
3.871501416666433,0.07104440778493881,-0.06161379814147949,0.17437338829040527,0.1254119873046875,1.9025033712387085,-0.34146398305892944,-1.486285385399231,-0.08270425638016263,0.14584444817938688
3.8815574166656006,0.1166723445057869,-0.05226755142211914,0.09228801727294922,0.24654826521873474,1.9175087213516235,-0.365066260099411,-1.466854452052541,-0.07904665395697255,0.14732832964870665
3.8916124166717054,0.13497304916381836,0.038448870182037354,0.02027726173400879,0.3090863525867462,1.8559871912002563,-0.34465745091438293,-1.4476303131420454,-0.07511838336596291,0.14984327582410617
3.901668416670873,0.1528204381465912,0.04131925106048584,-0.04273676872253418,0.15713196992874146,1.7895886898040771,-0.35084983706474304,-1.429106036857774,-0.07132448896909035,0.15183663357646615
3.9117244166700402,0.14182892441749573,-0.07120978832244873,-0.008567467331886292,-0.08705677837133408,1.6828242540359497,-0.3948134481906891,-1.4116456591555477,-0.06757800704021372,0.15166908362391926
3.9217804166692076,0.11530966311693192,-0.08572268486022949,0.048313260078430176,-0.31309443712234497,1.7003870010375977,-0.39440491795539856,-1.3949470189109783,-0.06397977521804576,0.1489099570863424
3.931836416668375,0.07437443733215332,-0.04458087682723999,0.16587334871292114,-0.38453546166419983,1.8482760190963745,-0.38065463304519653,-1.377409266139267,-0.06082807036134556,0.14464906110917636
3.9418924166675424,0.04178737848997116,-0.02037036418914795,0.29380327463150024,-0.32441940903663635,2.0337414741516113,-0.36386287212371826,-1.3581646335080502,-0.05788097983888591,0.14021367210977037
3.95194841666671,0.06956922262907028,0.029597818851470947,0.24927926063537598,-0.04228513315320015,2.2241711616516113,-0.34087756276130676,-1.3368990306535358,-0.054894376364008825,0.13753352515941838
3.962004416665877,0.08322685211896896,0.06488049030303955,0.21171103417873383,0.16627420485019684,2.3415322303771973,-0.3442360758781433,-1.31391289516098,-0.05133519136497826,0.13738217908969647
3.972059416664706,0.10636727511882782,0.09525543451309204,0.15431837737560272,0.18593499064445496,2.341122627258301,-0.3267832398414612,-1.290323570299182,-0.047627694050130884,0.13826165632153667
3.9821154166711494,0.12461899220943451,0.011690795421600342,0.10716915130615234,-0.023500261828303337,2.2595181465148926,-0.3654627501964569,-1.2671973079129843,-0.04402538979642621,0.1381498572592691
3.992171416670317,0.11657275259494781,-0.06030040979385376,0.10266335308551788,-0.29231777787208557,2.1760921478271484,-0.4123744070529938,-1.2450206676631048,-0.04082361921913046,0.1352530866926643
4.002227416669484,0.0968804657459259,-0.07073217630386353,0.05651230365037918,-0.4028109908103943,2.1057937145233154,-0.4268963634967804,-1.2237227485955793,-0.03798016755798353,0.13047587365881244
4.012283416668652,0.09438498318195343,0.02728372812271118,-0.030290119349956512,-0.3914240300655365,2.0668578147888184,-0.4338374137878418,-1.202942748768805,-0.03535859406310745,0.1251455763542061
4.022339416667819,0.10783324390649796,0.0513230562210083,-0.09129630029201508,-0.31078431010246277,1.9896446466445923,-0.4868580400943756,-1.182662599293976,-0.03242619259613655,0.12003941455079586
4.032395416666986,0.11183226853609085,0.015510201454162598,-0.1818089485168457,-0.2812652289867401,1.8676468133926392,-0.5175771713256836,-1.1634988927930712,-0.02885702458889742,0.11537335557392892
4.042450416665815,0.11680087447166443,0.09284615516662598,-0.2686153054237366,-0.3193681240081787,1.821028470993042,-0.5492027401924133,-1.145154104772456,-0.025205813523136767,0.11035966823462016
4.052506416664983,0.10639646649360657,0.06926965713500977,-0.2523398995399475,-0.38653820753097534,1.822737693786621,-0.5836024284362793,-1.1269813715946049,-0.021590406787984625,0.10473685574682888
4.062562416671426,0.08127369731664658,-0.014299750328063965,-0.24339814484119415,-0.27679333090782166,1.9053106307983398,-0.6492539048194885,-1.1084880960008678,-0.017524756451100666,0.09896866853918891
4.072618500002136,0.03835904598236084,0.12379151582717896,-0.1213260218501091,-0.4097535014152527,1.8943599462509155,-0.6412314176559448,-1.0892880950483907,-0.013184227781906402,0.09292184170364666
4.082674500001303,0.03333467245101929,0.30013394355773926,0.03913623094558716,-0.23577691614627838,1.8241063356399536,-0.642109215259552,-1.0706322194109772,-0.00914406838551341,0.0868966862625185
4.092730500000471,0.05097255855798721,0.004651308059692383,-0.07215011119842529,-0.3712123930454254,1.8180298805236816,-0.6695666909217834,-1.0523710887876858,-0.004764842923987349,0.08116712966633885
4.102786499999638,0.047949180006980896,-0.026156723499298096,-0.04321986436843872,-0.5585111975669861,1.8664352893829346,-0.685070812702179,-1.0338661714460073,-0.0012574354708110211,0.07365918351682307
4.112841499998467,0.0616966187953949,0.0695081353187561,-0.051205627620220184,-0.5229361653327942,1.803882122039795,-0.6869398355484009,-1.0153538304370138,0.0018870387023206205,0.06540717620499954
4.12289750000491,0.11090648919343948,0.0816609263420105,-0.09609483182430267,-0.5208447575569153,1.6787841320037842,-0.7276462316513062,-0.997797755004789,0.005113282100788119,0.057208212676369906
4.132953500004078,0.12916414439678192,0.07198458909988403,-0.16288810968399048,-0.43252429366111755,1.6280488967895508,-0.7419254779815674,-0.9810913976287802,0.008565781475365122,0.04901572809325037
4.143009500003245,0.10578285157680511,0.07885575294494629,-0.128670334815979,-0.32148486375808716,1.5666136741638184,-0.7604789137840271,-0.9649363572325397,0.01269103997200282,0.04177633860281778
4.153065500002413,0.05403856933116913,0.032739341259002686,-0.03056424856185913,-0.38368821144104004,1.5620911121368408,-0.7835458517074585,-0.9491810339104431,0.017075590347617884,0.03440313885082405
4.16312150000158,0.016687288880348206,0.006598830223083496,0.016237325966358185,-0.25533822178840637,1.5993434190750122,-0.746236264705658,-0.933144501323249,0.02141266294063989,0.027135470142333477
4.173177500000747,0.009547576308250427,0.043699443340301514,-0.03186727315187454,-0.13617607951164246,1.554381012916565,-0.7154175043106079,-0.9170696515893657,0.02614363409553591,0.021189030755798612
4.183233499999915,0.017643168568611145,0.046260714530944824,-0.041503965854644775,-0.05169421434402466,1.5041977167129517,-0.7022383213043213,-0.9015645856793469,0.031209961776507998,0.016088648597060315
4.193288499998744,0.007833912968635559,-0.093039870262146,-0.03589022159576416,-0.12461920082569122,1.5242973566055298,-0.6643710732460022,-0.8861685593426426,0.03610612186944054,0.011147838685365338
4.203344499997911,0.0008106529712677002,-0.16866564750671387,0.03778917342424393,-0.2746012508869171,1.5829721689224243,-0.6311444044113159,-0.8703596783300185,0.03982158386308674,0.005422414479153807
4.213400500004354,-0.009121045470237732,-0.14012598991394043,0.1634749174118042,-0.42598286271095276,1.7362115383148193,-0.5828554630279541,-0.8534532441328604,0.04214055028964597,-0.0011983316929051941
4.223456500003522,-0.024097472429275513,-0.13854432106018066,0.3125823140144348,-0.460889995098114,1.928354263305664,-0.5253937840461731,-0.834720806567797,0.0432257072987243,-0.008431102674067551
4.233512500002689,0.004360809922218323,-0.10994654893875122,0.24138493835926056,-0.20649489760398865,2.0865156650543213,-0.48151692748069763,-0.8142082209355662,0.04457284506328432,-0.014452645569441251
4.243568500001857,0.057805001735687256,0.04278498888015747,0.17853760719299316,-0.020220356062054634,2.1458494663238525,-0.46565887331962585,-0.7926266817813148,0.04735247053351326,-0.01843560797205612
4.253624500001024,0.1108340322971344,0.11216080188751221,0.20638680458068848,-0.05860494077205658,2.0982141494750977,-0.4345736503601074,-0.7711148808118813,0.05026082995745192,-0.021916640368796876
4.263680500000191,0.15668553113937378,-0.03067004680633545,0.177668035030365,-0.1628599613904953,1.9981496334075928,-0.4031728506088257,-0.7503350729228541,0.05243805190464443,-0.025699457368672834
4.27373549999902,0.15619690716266632,-0.12626469135284424,0.20150065422058105,-0.4073769152164459,1.9238086938858032,-0.3837369680404663,-0.7305039671926767,0.052949623159275885,-0.030549581472676012
4.283791499998188,0.10247130692005157,-0.1276366114616394,0.23654669523239136,-0.6179301738739014,2.0134987831115723,-0.3559953570365906,-0.7104493830961912,0.0514617414472973,-0.03684821906606196
4.293847500004631,0.044474974274635315,-0.1629369854927063,0.3008701205253601,-0.6390756368637085,2.150238275527954,-0.2917318344116211,-0.689174613066354,0.048651429942483566,-0.04354482454049717
4.303903500003798,0.030691474676132202,-0.14122605323791504,0.25945591926574707,-0.5350916981697083,2.2681753635406494,-0.23237158358097076,-0.6666658275675059,0.04559970492766072,-0.049377857398295526
4.313959500002966,0.06749261915683746,-0.05460101366043091,0.06738521158695221,-0.1447441726922989,2.36019229888916,-0.17119309306144714,-0.6432155983092652,0.04395772505282817,-0.05330898399724399
4.324015500002133,0.13115794956684113,0.025645196437835693,-0.1177125945687294,0.1706944704055786,2.2876670360565186,-0.16094844043254852,-0.6196557265322179,0.045171290063542674,-0.054374414316776164
4.334071500001301,0.1582573652267456,0.048957645893096924,-0.11479566991329193,-0.00260141515173018,2.063300371170044,-0.17315638065338135,-0.5977220584965647,0.04709524373013661,-0.05518175859104427
4.3441265000001295,0.1964331865310669,-0.1227073073387146,-0.09132726490497589,-0.43828335404396057,1.775187611579895,-0.16459697484970093,-0.578394942562989,0.04603936799402464,-0.057984039347192824
4.354182499999297,0.20933698117733002,-0.256231427192688,-0.09943825006484985,-0.7690474390983582,1.5877693891525269,-0.14390508830547333,-0.5613549443973753,0.04167754147235443,-0.0626417997319191
4.364238499998464,0.14786651730537415,-0.1673319935798645,-0.05469191074371338,-0.8642088174819946,1.56466543674469,-0.10059570521116257,-0.5454113954001194,0.03523069391256876,-0.06812909366409607
4.374294500004908,0.07611604034900665,-0.07881903648376465,-0.11724573373794556,-0.6579188108444214,1.6157312393188477,-0.029645098373293877,-0.5292641962280865,0.028818718251962635,-0.07274540866151835
4.384350500004075,0.09826827049255371,-0.03185772895812988,-0.3438572287559509,-0.31033822894096375,1.5947489738464355,0.025048771873116493,-0.5130142955007048,0.024644318528356735,-0.07511622377973057
4.394406500003242,0.1489129364490509,0.06816959381103516,-0.37154513597488403,-0.20909209549427032,1.4538887739181519,0.017198704183101654,-0.4975841516013015,0.022399282438457548,-0.07607596002000869
4.40446250000241,0.1593230813741684,0.052238404750823975,-0.29420387744903564,-0.3507024943828583,1.2727000713348389,-0.025643033906817436,-0.4838658967500412,0.02001840867711993,-0.0773915026801364
4.414518500001577,0.1285921335220337,-0.05969572067260742,-0.2075556516647339,-0.5640221238136292,1.1597590446472168,-0.06019371375441551,-0.4716550343838618,0.01619474358798761,-0.07985362751949895
4.424573500000406,0.07464417815208435,-0.036687374114990234,-0.11987363547086716,-0.8084151148796082,1.1285854578018188,-0.10941718518733978,-0.46015646712136565,0.010428099474987152,-0.0837085519471949
4.4346294999995735,0.04614555835723877,0.06995058059692383,-0.047635674476623535,-0.8963255286216736,1.159435510635376,-0.12338291108608246,-0.4486477616619965,0.0030625051988997895,-0.08865128204303002
4.444685499998741,0.035786643624305725,0.12474536895751953,-0.0456540584564209,-0.7323839664459229,1.2240302562713623,-0.11325757205486298,-0.43665586253791355,-0.003909458245764801,-0.09330778095788099
4.454741499997908,0.03125707805156708,0.16205430030822754,-0.07108741253614426,-0.4400882422924042,1.2961879968643188,-0.07442796230316162,-0.4240193794665994,-0.008869703160627304,-0.09658023638449953
4.464797500004352,0.02026548981666565,0.20101255178451538,-0.04683803766965866,-0.22841167449951172,1.406980037689209,-0.08408299088478088,-0.4105420166038304,-0.011499047850246998,-0.09868259630680962
4.474853500003519,0.012103036046028137,0.18157392740249634,-0.0005127266049385071,-0.11962617188692093,1.4351717233657837,-0.08140023052692413,-0.39634935469125004,-0.012631462600164626,-0.10018203700980853
4.484909500002686,0.03440156579017639,0.10701221227645874,0.05396854877471924,-0.14620478451251984,1.4402282238006592,-0.12300040572881699,-0.38182020485600543,-0.013421046375741779,-0.10158440467329972
4.494964500001515,0.029013410210609436,0.035839617252349854,0.13649648427963257,-0.267641544342041,1.4044406414031982,-0.15100912749767303,-0.3675218635151167,-0.014856185928052415,-0.10361167395202003
4.505020500000683,0.042000994086265564,0.03601837158203125,0.1406450867652893,-0.4565499424934387,1.3927866220474243,-0.19387643039226532,-0.35348808933187115,-0.017773749022373483,-0.10657860434362434
4.51507649999985,0.04352074861526489,0.017216980457305908,0.14279252290725708,-0.461292564868927,1.399776816368103,-0.19702491164207458,-0.33954558174714916,-0.021493834041880582,-0.11005474192101633
4.5251324999990175,0.046447113156318665,0.020550668239593506,0.10280794650316238,-0.33124828338623047,1.397258996963501,-0.17767944931983948,-0.3255332487631209,-0.024712201813777524,-0.11320587023278399
4.535188499998185,0.060190558433532715,0.05981987714767456,0.03488726168870926,-0.16743417084217072,1.3639354705810547,-0.16237476468086243,-0.3116995466099437,-0.026580742815866216,-0.11562927349735792
4.545244500004628,0.07600241899490356,0.06483620405197144,-0.0013977959752082825,0.011676723137497902,1.2915371656417847,-0.17313019931316376,-0.2983582637803867,-0.02678730712664894,-0.1174599213234058
4.555300500003796,0.07244211435317993,0.0425228476524353,-0.01883244514465332,0.11141183972358704,1.2049607038497925,-0.18973128497600555,-0.2858496628840156,-0.025630547636577006,-0.11903851466323825
4.565356500002963,0.07572256028652191,0.03420454263687134,-0.05309700965881348,0.09063438326120377,1.108006477355957,-0.20347346365451813,-0.2742566501546151,-0.024015894590302962,-0.12062583257124138
4.575411500001792,0.07970879971981049,0.009776115417480469,-0.06352078169584274,-0.0035104406997561455,1.0187548398971558,-0.2446620911359787,-0.2636407886295201,-0.022997793056790557,-0.12268586812238587
4.585467500000959,0.06880468130111694,-0.0433499813079834,-0.027501583099365234,-0.1204218864440918,0.9848719835281372,-0.2635846734046936,-0.2536236478821766,-0.02298806841841923,-0.12536069755435086
4.595523500000127,0.05304399132728577,-0.04582321643829346,0.01167970895767212,-0.15537039935588837,0.9612442851066589,-0.2423563450574875,-0.2439125003501977,-0.023836316477858048,-0.12825730102726987
4.605579499999294,0.07074630260467529,0.0016283392906188965,-0.08291923999786377,0.019293541088700294,0.9292826652526855,-0.18063679337501526,-0.2344704317986053,-0.0240593234946762,-0.13051989786650534
4.6156354999984615,0.09791311621665955,0.057903409004211426,-0.1334405541419983,0.28057053685188293,0.8866029381752014,-0.14400669932365417,-0.22539354326731742,-0.02227651157180971,-0.1317829901150489
4.625691500004905,0.08680061995983124,0.0739777684211731,-0.15419085323810577,0.46833378076553345,0.8675666451454163,-0.10773897171020508,-0.21658075536425211,-0.018245066122289856,-0.13218951112364855
4.635747500004072,0.08661296963691711,0.03885751962661743,-0.17963457107543945,0.4555443525314331,0.8489315509796143,-0.08950737118721008,-0.20794144322866,-0.013268815755474594,-0.1320794719984966
4.645802500002901,0.08402138948440552,-0.05884408950805664,-0.14508439600467682,0.13928014039993286,0.8141541481018066,-0.08509371429681778,-0.19958804773066866,-0.010074339825776324,-0.1323117149632445
4.6558585000020685,0.09572692215442657,-0.15607303380966187,-0.10687434673309326,-0.22077582776546478,0.754245400428772,-0.10231437534093857,-0.19174076815504384,-0.01030401748719828,-0.1333132923175188
4.665914500001236,0.09738832712173462,-0.1360306739807129,-0.09899379312992096,-0.36068448424339294,0.6923684477806091,-0.0734262689948082,-0.18447168682732096,-0.013146677862734246,-0.13480367319520475
4.675970500000403,0.10686193406581879,0.006653130054473877,-0.15912242233753204,-0.2679949998855591,0.6418514847755432,-0.05838415026664734,-0.17785971687397,-0.01625916566404846,-0.13604579517244986
4.686026499999571,0.08727368712425232,0.08756941556930542,-0.17629563808441162,-0.08160168677568436,0.6232607960700989,-0.05148682743310928,-0.17150665314865413,-0.017898701095859105,-0.13688078047527721
4.696082499998738,0.07584318518638611,0.09256738424301147,-0.17887365818023682,0.058735623955726624,0.5982704758644104,-0.04167446494102478,-0.16536670964104977,-0.017897637887522702,-0.1373665013847531
4.7061384999979055,0.07798312604427338,0.07604974508285522,-0.12930196523666382,0.12524406611919403,0.542035698890686,-0.033035438507795334,-0.15960667179877125,-0.016871871816892328,-0.1375782355673292
4.716194500004349,0.06295146048069,0.042248427867889404,-0.07430213689804077,0.05466768890619278,0.48152267932891846,-0.04895658418536186,-0.15446251195165758,-0.0158501751722994,-0.1378131312457045
4.726249500003178,0.04513008892536163,0.002084016799926758,-0.04450066387653351,-0.04261971265077591,0.4253062903881073,-0.06649217009544373,-0.14993898595647304,-0.01573500797093482,-0.13840218081215236
4.736305500002345,0.03621995449066162,-0.01466137170791626,-0.030659548938274384,-0.11490869522094727,0.3715702295303345,-0.08039820939302444,-0.1459346150754404,-0.016444462568123628,-0.13926394071502876
4.7463615000015125,0.03332546353340149,0.015950322151184082,-0.020125985145568848,-0.12639090418815613,0.3301423490047455,-0.07809404283761978,-0.14244043519544214,-0.017559904375945196,-0.14022191034950326
4.75641750000068,0.02104373276233673,0.008642077445983887,-0.01681351661682129,-0.11438307166099548,0.3353562653064728,-0.08515222370624542,-0.1391418350757737,-0.018625094001376616,-0.1412049173659328
4.766473499999847,0.007075384259223938,-0.02091538906097412,0.002737268805503845,-0.12043111026287079,0.36639994382858276,-0.07364097237586975,-0.13564064260882724,-0.019688227799672532,-0.14216456194328309
4.776529499999015,0.00556810200214386,-0.01678842306137085,0.03591454029083252,-0.13468119502067566,0.3816072642803192,-0.06837929040193558,-0.13187504143575016,-0.020819940753342422,-0.1430405412354052
4.786585499998182,0.01709914207458496,-0.009501993656158447,0.012891873717308044,-0.12841957807540894,0.40061771869659424,-0.058484308421611786,-0.12797237384263144,-0.02208960578745728,-0.1438399226949368
4.796641500004625,0.01950792968273163,-0.03071749210357666,0.004164882004261017,-0.10213332623243332,0.4381151497364044,-0.05749039351940155,-0.12377087811959478,-0.023134982297219074,-0.14456003737627238
4.806696500003454,0.009342119097709656,-0.019438207149505615,0.021748289465904236,-0.11668217927217484,0.5001489520072937,-0.04991769418120384,-0.119044979024405,-0.02417976475891739,-0.14523561889007583
4.816752500002622,0.013065412640571594,-0.028171002864837646,0.05098724365234375,-0.09955538809299469,0.5309276580810547,-0.030509108677506447,-0.11384843516029455,-0.025214439091816927,-0.14576968339398497
4.826808500001789,0.029339149594306946,-0.013969182968139648,0.04601097106933594,-0.0884912833571434,0.5129281282424927,-0.026662172749638557,-0.1085893026188428,-0.02614315359520953,-0.14614318693945458
4.8368645000009565,0.04371264576911926,0.006738245487213135,0.0009290575981140137,-0.06667853891849518,0.5088813304901123,-0.027728796005249023,-0.10347132930545605,-0.02689331314923906,-0.14650118153104172
4.846920500000124,0.03747493028640747,-0.021233797073364258,-0.002583429217338562,-0.07520731538534164,0.4990459978580475,-0.012110953219234943,-0.09838585772435213,-0.02754657626101539,-0.14676782192130922
4.856976499999291,0.03330039978027344,-0.032023847103118896,-0.02901512384414673,-0.09152023494243622,0.47720542550086975,-0.0033240667544305325,-0.09344958597920093,-0.02838471660010688,-0.14691088464071958
4.867032499998459,0.03527282178401947,-0.056007981300354004,-0.07123315334320068,-0.09616425633430481,0.4477090537548065,0.0017034487100318074,-0.08882450042114962,-0.029345547626867766,-0.14699303848772344
4.8770875000045635,0.031563326716423035,-0.052971839904785156,-0.07628696411848068,-0.08805537223815918,0.420661985874176,0.010212301276624203,-0.08446743721112257,-0.030276266110676586,-0.14703259283644468
4.887143500003731,0.0298263281583786,-0.03489553928375244,-0.07261002063751221,-0.09601529687643051,0.3751099407672882,0.03482816740870476,-0.08046111651502497,-0.031209254433687463,-0.14687609274504174
4.897199500002898,0.03675742447376251,-0.04721575975418091,-0.0878862589597702,-0.08406999707221985,0.33124300837516785,0.06380695104598999,-0.07690965827913492,-0.03214736876822464,-0.14646217226867445
4.907255500002066,0.033767521381378174,-0.06422817707061768,-0.09251832962036133,-0.0950281023979187,0.2891930341720581,0.07734672725200653,-0.07375565856728472,-0.0330709312192243,-0.14582374113602453
4.917311500001233,0.029861509799957275,-0.055844902992248535,-0.08282013237476349,-0.1368812471628189,0.25723499059677124,0.09055981785058975,-0.07098805358128216,-0.034294967377831304,-0.1450660724382805
4.9273675000004005,0.037728771567344666,-0.06389844417572021,-0.07266848534345627,-0.13946503400802612,0.23008297383785248,0.10119222104549408,-0.06849876981267701,-0.03576871774814056,-0.14418942425722375
4.937423499999568,0.04434958100318909,-0.03660827875137329,-0.06444566696882248,-0.09431926906108856,0.20441636443138123,0.11284395307302475,-0.06629235720077668,-0.0370389500079602,-0.14318963759692316
4.947479499998735,0.041181355714797974,0.010226547718048096,-0.06183159351348877,0.002173455199226737,0.20007860660552979,0.1427944004535675,-0.06420768594550014,-0.03756762540448154,-0.141943480172509
4.95753450000484,0.040066346526145935,0.018140554428100586,-0.04444175958633423,0.03750760853290558,0.18802128732204437,0.1660826951265335,-0.06220162230183963,-0.03741627598027732,-0.140355743261173
4.9675905000040075,0.03879342973232269,-0.0023496150970458984,-0.01527494192123413,0.04402143508195877,0.17486821115016937,0.16094066202640533,-0.060301868321318154,-0.037059508057001415,-0.13866222131230868
4.977646500003175,0.025840118527412415,-0.05056494474411011,0.007224380970001221,-0.04883229359984398,0.1591234654188156,0.14501866698265076,-0.058540645082947894,-0.03709954818190128,-0.13712922428279295
4.987702500002342,0.040957629680633545,-0.028514623641967773,-0.023731902241706848,-0.1315428912639618,0.12889525294303894,0.1440599262714386,-0.05704384741941529,-0.038191232925049605,-0.135749023304545
4.99775850000151,0.04612550139427185,-0.026110172271728516,-0.058712780475616455,-0.08428739756345749,0.09436257183551788,0.1355781853199005,-0.05585620177493701,-0.03940464947725063,-0.1343864455225412
5.007814500000677,0.027031034231185913,0.013163626194000244,-0.07662683725357056,-0.011672318913042545,0.0880170539021492,0.13703493773937225,-0.05488883981798164,-0.03995682958655573,-0.13303947311188938
5.0178704999998445,0.0127488374710083,0.05923199653625488,-0.08470451831817627,0.10078050196170807,0.06896520406007767,0.13379718363285065,-0.054062168992411355,-0.039614770346854095,-0.13165007753075367
5.027926499999012,0.0077316612005233765,0.043566226959228516,-0.10602569580078125,0.24207718670368195,0.03504318743944168,0.14248362183570862,-0.05347655681386876,-0.037950941675340744,-0.13018347822415513
5.037981499997841,0.004317939281463623,0.04920583963394165,-0.14165282249450684,0.3547690510749817,0.0036332011222839355,0.14519651234149933,-0.05321643448628726,-0.03499755057859662,-0.12853725049587
5.048037500004284,-0.021758317947387695,0.029163479804992676,-0.10947256535291672,0.34441813826560974,-0.028009146451950073,0.11936411261558533,-0.053306033095444245,-0.03141871332392729,-0.12700410974463092
5.0580935000034515,-0.03498546779155731,-0.0351567268371582,-0.07210153341293335,0.19540096819400787,-0.1027640774846077,0.11054457724094391,-0.053926696717377175,-0.02873315610802076,-0.12570779650853395
5.068149500002619,-0.020856037735939026,-0.09712886810302734,-0.07438462972640991,0.09481257200241089,-0.19506658613681793,0.10514768213033676,-0.05542172511434351,-0.02741761706710735,-0.12456468870650311
5.078206250000221,-0.012865155935287476,-0.08107703924179077,-0.10385854542255402,0.08178261667490005,-0.24901582300662994,0.1181994080543518,-0.057645155007166375,-0.02657780307224865,-0.12333767081464792
5.088262249999389,-0.020186513662338257,-0.03328537940979004,-0.12120689451694489,0.14220015704631805,-0.2342057228088379,0.15455769002437592,-0.06002730816479801,-0.02546793366356988,-0.12189208246914088
5.098318249998556,-0.018896862864494324,-0.020378053188323975,-0.12974828481674194,0.22640925645828247,-0.233505979180336,0.20514903962612152,-0.062300051513843116,-0.02367545701942193,-0.11994789006154692
5.108374250004999,0.0041370689868927,-0.031064152717590332,-0.11711545288562775,0.28173431754112244,-0.25309857726097107,0.23863695561885834,-0.06467832288911331,-0.021188426157362415,-0.11754729458590336
5.118429250003828,0.02618594467639923,-0.03240334987640381,-0.08447982370853424,0.25775274634361267,-0.3039003610610962,0.2448597252368927,-0.0674048027624818,-0.018577598959679774,-0.1149182108929054
5.128485250002996,0.03781163692474365,-0.06542253494262695,-0.05379372090101242,0.1423497498035431,-0.3824167549610138,0.2255006730556488,-0.07080686570357872,-0.016685723141079124,-0.11242661846825815
5.138541250002163,0.04871372878551483,-0.09831666946411133,-0.03864562511444092,-0.023060040548443794,-0.45570600032806396,0.2350902557373047,-0.0749685424859011,-0.016227315586675877,-0.11008324609390216
5.14859725000133,0.05377890169620514,-0.09041154384613037,-0.07178755104541779,-0.16588589549064636,-0.49562811851501465,0.22155234217643738,-0.0797063611030417,-0.01737146726751839,-0.10781583284685091
5.158653250000498,0.04657936096191406,-0.074543297290802,-0.055531322956085205,-0.15952613949775696,-0.5317665338516235,0.22907127439975739,-0.0848415720829816,-0.019159362773606727,-0.10566480503710442
5.168709249999665,0.038053542375564575,-0.022194206714630127,-0.05110275745391846,-0.10386767238378525,-0.5381794571876526,0.2534346878528595,-0.09017717327154841,-0.020776359355815538,-0.10338719978187651
5.178765249998833,0.034795358777046204,0.012568891048431396,-0.04558785259723663,-0.017728526145219803,-0.5418833494186401,0.2673700153827667,-0.09557207111841086,-0.021617311120347177,-0.10081699708388601
5.188820250004937,0.029979243874549866,0.003026306629180908,-0.04243599623441696,0.027493014931678772,-0.5422277450561523,0.27996623516082764,-0.10095182513284222,-0.02181368872229296,-0.09806821303613837
5.198876250004105,0.03519663214683533,-0.002434253692626953,-0.025577902793884277,0.053879570215940475,-0.5529066324234009,0.296365350484848,-0.10637909539567272,-0.02168636531155207,-0.09512019622810837
5.208932250003272,0.038413047790527344,0.007884323596954346,-0.012102358043193817,0.0441070981323719,-0.5690317749977112,0.28030648827552795,-0.11193816861717591,-0.021486505361819945,-0.09216276195646238
5.21898825000244,0.034858763217926025,0.012038171291351318,0.01726723462343216,-0.005110024008899927,-0.576015830039978,0.2632718086242676,-0.11764081100590576,-0.02157184695278901,-0.08943004111084542
5.229044250001607,0.03948621451854706,0.015987515449523926,0.01882481575012207,-0.038724709302186966,-0.5854814648628235,0.263235867023468,-0.1234218462678343,-0.022121555349276175,-0.08683041952663426
5.239100250000774,0.05226282775402069,0.052473485469818115,-0.03367936611175537,-0.04788833484053612,-0.6069056987762451,0.24679774045944214,-0.1293592423498135,-0.02289772876548282,-0.08433004947826923
5.249156249999942,0.06316834688186646,0.07812201976776123,-0.07594263553619385,-0.024221887812018394,-0.6392087936401367,0.23558849096298218,-0.1355729719034163,-0.023544720781055982,-0.08198582020623972
5.259212249999109,0.07096602022647858,0.06808745861053467,-0.09483803808689117,-0.014622392132878304,-0.6890270709991455,0.24130050837993622,-0.1421703058616448,-0.024063451811203392,-0.07964214265323209
5.269267249997938,0.09275533258914948,0.07316398620605469,-0.16081273555755615,0.018265251070261,-0.7753022909164429,0.22642782330513,-0.14948551847661057,-0.024456276450353698,-0.07728576726572697
5.279323250004381,0.10367690026760101,0.06500929594039917,-0.189530149102211,0.07225773483514786,-0.8636028170585632,0.1845725178718567,-0.15767695325724318,-0.02428764710470837,-0.07517179393774828
5.289379250003549,0.08984619379043579,0.06913107633590698,-0.1691819429397583,0.019525814801454544,-0.947604238986969,0.1552591174840927,-0.16673695140352765,-0.02401359791017511,-0.07338285027585692
5.299435250002716,0.07145512104034424,0.04544258117675781,-0.1606544852256775,-0.08545280247926712,-1.0280301570892334,0.1118655577301979,-0.17660653601221177,-0.02461483822011962,-0.0720897670896029
5.309491250001884,0.0629081130027771,-0.022878170013427734,-0.16453427076339722,-0.18923379480838776,-1.0857714414596558,0.08151724189519882,-0.18696497234501813,-0.02599582254098314,-0.07126229923351025
5.319547250001051,0.05944138765335083,0.0005431771278381348,-0.1786590814590454,-0.25176605582237244,-1.1288983821868896,0.07139531522989273,-0.19806392118977453,-0.02817915452719174,-0.07082709463622125
5.329603250000218,0.05174612998962402,0.010473787784576416,-0.1700924187898636,-0.2512983977794647,-1.2109501361846924,0.07169146090745926,-0.2098272618538218,-0.03063579396406318,-0.07063569905925483
5.339659249999386,0.05741356313228607,0.030614018440246582,-0.196402907371521,-0.106071837246418,-1.2691240310668945,0.08147604763507843,-0.22225464024478553,-0.032453360331407576,-0.07025970553451548
5.349714249998215,0.05897700786590576,0.054828941822052,-0.2021884322166443,-0.051118575036525726,-1.3668674230575562,0.10870340466499329,-0.2355561094826667,-0.03332911268228378,-0.06952854831854523
5.359770250004658,0.06480976939201355,0.029001832008361816,-0.19436216354370117,-0.06244228780269623,-1.426779866218567,0.109319306910038,-0.2495469589255306,-0.03411606578711307,-0.06860700180702976
5.369826250003825,0.07572908699512482,-0.022031188011169434,-0.178397536277771,-0.15629102289676666,-1.488707184791565,0.11387544125318527,-0.26417853021778887,-0.035501438305655456,-0.06777457124017058
5.379882250002993,0.09435681998729706,-0.022210359573364258,-0.1661607027053833,-0.11885270476341248,-1.5720900297164917,0.10718497633934021,-0.2794894443729837,-0.036990034588836,-0.06699645800309496
5.38993825000216,0.09878762066364288,0.019128859043121338,-0.11121219396591187,-0.21429719030857086,-1.6583516597747803,0.07473248988389969,-0.29574240529129187,-0.03885960388814236,-0.06659751413526757
5.399994250001328,0.09803172945976257,0.012025594711303711,-0.07822692394256592,-0.36960288882255554,-1.7080535888671875,0.008023715578019619,-0.3126544547736661,-0.041794018152421425,-0.06704475878319421
5.410050250000495,0.09576575458049774,-0.008752644062042236,-0.06519567221403122,-0.31098324060440063,-1.742451786994934,0.014298656024038792,-0.32999867477698847,-0.04473965335246717,-0.06782449763203684
5.420106249999662,0.10003095865249634,0.07941114902496338,-0.03408729285001755,-0.20371012389659882,-1.7251909971237183,-0.0027018189430236816,-0.34747665367754826,-0.04702622409387155,-0.06852909231894817
5.430161249998491,0.10571639239788055,0.12471193075180054,-0.06620550155639648,-0.02662668004631996,-1.734920859336853,-0.004915172234177589,-0.36490928766731623,-0.04772200453900786,-0.06876257795945864
5.440217250004935,0.10468441247940063,0.07500100135803223,-0.009070031344890594,0.13382482528686523,-1.6906812191009521,-0.013526104390621185,-0.3821540202857358,-0.047122566893603196,-0.06862125789947052
5.450273250004102,0.08794349431991577,0.040146470069885254,0.03975558280944824,0.14943253993988037,-1.6199524402618408,0.02243589051067829,-0.3987559674418459,-0.045841798655066525,-0.06802720851256323
5.460329250003269,0.0769510418176651,0.05974686145782471,0.06571388989686966,0.19652144610881805,-1.5684802532196045,-0.0020293176639825106,-0.41476902704508534,-0.04418492883667085,-0.06713828645072961
5.470385250002437,0.06331689655780792,0.03166937828063965,0.09596383571624756,0.2253435105085373,-1.4945054054260254,-0.018588321283459663,-0.43012363107458707,-0.04214704235249055,-0.06630903942648275
5.480441250001604,0.05984191596508026,0.02113521099090576,0.1612796187400818,0.19033870100975037,-1.4507378339767456,-0.038354434072971344,-0.4448952629218821,-0.04010539919578579,-0.0656803656796258
5.490497250000772,0.0654161274433136,0.017347514629364014,0.1522080898284912,0.22630682587623596,-1.4451074600219727,-0.018506694585084915,-0.4593858007884349,-0.038017848588351895,-0.06497881406395883
5.500553249999939,0.0935622900724411,0.059399962425231934,0.09600799530744553,0.22497661411762238,-1.4426568746566772,-0.011479650624096394,-0.47388316361798444,-0.035898812713135476,-0.06407205849915804
5.510608249998768,0.1157514750957489,0.06297236680984497,0.0501139760017395,0.1683516800403595,-1.4548187255859375,-0.01583019085228443,-0.48838272041295167,-0.03410796774097687,-0.0632223560632724
5.520664249997935,0.12514923512935638,0.021881401538848877,0.032805442810058594,0.13970570266246796,-1.481400966644287,-0.026606963947415352,-0.5031011061039485,-0.03261665327799365,-0.06268267677299665
5.530720250004379,0.1368945688009262,0.049601733684539795,-0.005502760410308838,0.12763306498527527,-1.5431205034255981,-0.03498207405209541,-0.5183132331548316,-0.03126123523921195,-0.0622234403647709
5.540776250003546,0.13631904125213623,0.07763093709945679,-0.03764879330992699,0.07038459926843643,-1.5802497863769531,-0.06088317930698395,-0.5340129059315641,-0.030172106180303544,-0.06210694790167731
5.550832250002713,0.12753842771053314,0.038092076778411865,-0.07493758946657181,0.10839403420686722,-1.6190922260284424,-0.07628637552261353,-0.550084000714152,-0.02909902705871575,-0.0622796526371537
5.560888250001881,0.10872754454612732,0.03402990102767944,-0.08425784111022949,0.16561365127563477,-1.6576253175735474,-0.08387451618909836,-0.5665483698106926,-0.0275063536016563,-0.06225294859886494
5.570944250001048,0.09292133152484894,0.07415872812271118,-0.10557299852371216,0.2584650218486786,-1.6897014379501343,-0.07113848626613617,-0.5833380560983011,-0.025262394419680385,-0.06169650962374321
5.581000250000216,0.07377173006534576,0.05291461944580078,-0.11007219552993774,0.31496110558509827,-1.7201117277145386,-0.06282874941825867,-0.6004609697514651,-0.02242724821754607,-0.060601456526074134
5.5910552499990445,0.05489438772201538,0.02475947141647339,-0.1149522066116333,0.29442891478538513,-1.7278034687042236,-0.057294171303510666,-0.6177819395038907,-0.019498444195069634,-0.05929975863221814
5.601111249998212,0.0361122190952301,-0.007773458957672119,-0.10080545395612717,0.2821974754333496,-1.7286313772201538,-0.05430019274353981,-0.6351177054811563,-0.016777617404689117,-0.05804113496737183
5.611167250004655,0.027804046869277954,-0.024213850498199463,-0.0781940221786499,0.2436373084783554,-1.7284423112869263,-0.0311309564858675,-0.6524597561969724,-0.01440109301024809,-0.05681120211985229
5.621223250003823,0.029545500874519348,-0.024680018424987793,-0.040045082569122314,0.19686171412467957,-1.7424989938735962,-0.029255131259560585,-0.6698917279722807,-0.012504919803047384,-0.05571638156710385
5.63127925000299,0.048491284251213074,-0.004965722560882568,-0.03641044348478317,0.16862422227859497,-1.7965539693832397,-0.0346943736076355,-0.6876412690604948,-0.010873363676184793,-0.05473456213478746
5.641335250002157,0.07861797511577606,0.02167797088623047,-0.03604073077440262,0.14333072304725647,-1.8822667598724365,-0.034930091351270676,-0.7061181694422286,-0.009428991450026443,-0.054023577912778335
5.651391250001325,0.11022385954856873,0.030504584312438965,-0.05949479714035988,0.14781628549098969,-1.9490245580673218,-0.06057420000433922,-0.7253642957247494,-0.008016868606358024,-0.05339300821454632
5.661447250000492,0.10925140976905823,0.029627501964569092,-0.039415955543518066,0.18554101884365082,-2.0075294971466064,-0.07771243900060654,-0.7452029531634004,-0.006278760316409285,-0.05289438861466529
5.671502249999321,0.10955680906772614,0.06335920095443726,-0.017999231815338135,0.21110257506370544,-2.05307674407959,-0.08638768643140793,-0.7656546694434264,-0.004284994640903664,-0.05213199018574783
5.6815582499984885,0.09518474340438843,0.07087540626525879,-0.024994488805532455,0.26882046461105347,-2.0523416996002197,-0.1110144704580307,-0.7863076907135899,-0.0018792766572331696,-0.051131704138679214
5.691614250004932,0.079292893409729,0.06691938638687134,-0.043183982372283936,0.3145647943019867,-2.032893180847168,-0.15443970263004303,-0.806859792796626,0.001126216261300897,-0.04990928985636872
5.701670250004099,0.0630587786436081,0.0730975866317749,0.0042266808450222015,0.25761866569519043,-1.973974347114563,-0.20918311178684235,-0.8270333557698822,0.004496754355287011,-0.048989682838209106
5.711726250003267,0.04666320979595184,0.027777671813964844,0.05455058813095093,0.24504216015338898,-1.942735195159912,-0.24962268769741058,-0.8466733655267992,0.007746733765882025,-0.04885871305773211
5.721782250002434,0.04660966992378235,0.0013377070426940918,0.01637011393904686,0.3478769361972809,-1.9522209167480469,-0.28407540917396545,-0.8662737839466587,0.011757048487415024,-0.04828820606754396
5.731838250001601,0.0430382639169693,0.09684419631958008,0.004799604415893555,0.522663414478302,-1.9743871688842773,-0.3046848177909851,-0.8860463692406412,0.016854013884966944,-0.04680589099304886
5.741894250000769,0.06271784007549286,0.10644352436065674,-0.0893811583518982,0.7099243402481079,-2.07055401802063,-0.3115449547767639,-0.906411579403201,0.02318048733817937,-0.04388033445147953
5.751949249999598,0.10611340403556824,0.057738304138183594,-0.1827460527420044,0.7824848294258118,-2.218413829803467,-0.3150201141834259,-0.9280922067130617,0.030250295593531498,-0.03979462637398632
5.762005249998765,0.12899096310138702,0.017141520977020264,-0.19888579845428467,0.6661000847816467,-2.3986098766326904,-0.3297223448753357,-0.951463668681261,0.037334148140873616,-0.035693861166356984
5.7720612499979325,0.15616822242736816,-0.05212211608886719,-0.17024165391921997,0.23797187209129333,-2.5195116996765137,-0.3385973274707794,-0.9762112599721878,0.042686777672980736,-0.03395467059782972
5.782117250004376,0.17231537401676178,-0.1980060338973999,-0.09163123369216919,-0.27405649423599243,-2.628556966781616,-0.35529008507728577,-1.0020161375823782,0.04552816583564128,-0.036018014682484195
5.792173250003543,0.17945681512355804,-0.2766408920288086,-0.03745860233902931,-0.5956524014472961,-2.686631202697754,-0.3112352788448334,-1.0285798855691506,0.04598371757832514,-0.04166608131267663
5.802229250002711,0.207550510764122,-0.1585695743560791,-0.08097279071807861,-0.48980286717414856,-2.730715274810791,-0.26366379857063293,-1.055700608140613,0.04567524205222386,-0.04787198594639875
5.812285250001878,0.20380143821239471,0.021277427673339844,-0.05450624227523804,-0.21389323472976685,-2.6786959171295166,-0.20408356189727783,-1.0827412579633242,0.04599930964872142,-0.052225813875279206
5.822341250001045,0.18568384647369385,0.027714431285858154,-0.026067376136779785,0.012877498753368855,-2.485999584197998,-0.09550025314092636,-1.108528845905839,0.04687837699392678,-0.05364045179780066
5.832396249999874,0.16352128982543945,-0.04395169019699097,0.10413354635238647,0.20439660549163818,-2.3533637523651123,-0.03501640260219574,-1.1328436058045863,0.04792821725820651,-0.05274557772644756
5.842452249999042,0.16225263476371765,-0.06236398220062256,0.19525682926177979,0.3346290588378906,-2.2386786937713623,0.04062754288315773,-1.1560119285241264,0.0490477643092782,-0.050319962430109666
5.852508249998209,0.15702146291732788,-0.018145084381103516,0.2942218780517578,0.43730032444000244,-2.1773488521575928,0.048654310405254364,-1.1784988579457334,0.05023129614971514,-0.04634287017157164
5.862564250004652,0.1405244618654251,0.016660094261169434,0.3398420810699463,0.352165162563324,-2.0282747745513916,0.04024237394332886,-1.1998473944795989,0.05127723240775124,-0.042323442398796506
5.87262025000382,0.1289990246295929,-0.04017066955566406,0.3224475383758545,0.12399829179048538,-1.8569809198379517,0.03729958087205887,-1.2194904579298973,0.05178344739658999,-0.03999387668866357
5.882676250002987,0.14451290667057037,-0.10211217403411865,0.2957735061645508,0.02607608027756214,-1.691881537437439,0.008628839626908302,-1.2373282393488154,0.05173786539761917,-0.03925537335919599
5.892732250002155,0.15546756982803345,-0.00652700662612915,0.24839675426483154,0.11451753228902817,-1.604974627494812,0.014945059083402157,-1.2539356656594622,0.05180092171193696,-0.038553065682940785
5.902788250001322,0.16830027103424072,0.13625353574752808,0.17032110691070557,0.23880717158317566,-1.5222282409667969,0.0074511365965008736,-1.269787969888883,0.05224159811118349,-0.0368350910257003
5.912843250000151,0.1537170261144638,0.10354405641555786,0.13136112689971924,0.39609771966934204,-1.4792214632034302,0.02503412589430809,-1.2850938599539126,0.05298553688570148,-0.0336203480580187
5.922899249999318,0.11457857489585876,0.031556665897369385,0.17325258255004883,0.4071020781993866,-1.4196993112564087,0.006054201629012823,-1.299888890041948,0.053939406609727146,-0.029598888323916397
5.932955249998486,0.0563502162694931,-0.009812891483306885,0.22495651245117188,0.29649433493614197,-1.3731392621994019,-0.01736803539097309,-1.3140908737771455,0.054928416418077684,-0.026047189399103606
5.943011250004929,0.020643338561058044,-0.06465458869934082,0.18972325325012207,0.11022655665874481,-1.3626422882080078,-0.07265903800725937,-1.327946314396647,0.05587371518622735,-0.024164623139684573
5.953067250004096,0.015086114406585693,-0.08416974544525146,0.10627365112304688,-0.017097577452659607,-1.3985850811004639,-0.08193162828683853,-1.3417947436731406,0.0567511950775562,-0.02395400216829539
5.963123250003264,0.009497866034507751,-0.06783890724182129,0.0529940128326416,-0.09650491923093796,-1.428399682044983,-0.05602938309311867,-1.3559874394515334,0.057339411560695316,-0.02473512150942427
5.973179250002431,-0.014298155903816223,-0.033942222595214844,-0.008644940331578255,-0.09768016636371613,-1.4280073642730713,-0.055712465196847916,-1.3702887978751792,0.057628918111879424,-0.025805934954875206
5.983235250001599,-0.040476977825164795,-0.031245291233062744,-0.007079362869262695,-0.09462405741214752,-1.4378769397735596,-0.028636613860726357,-1.3846882092602522,0.057865575038831094,-0.02662812496811168
5.9932902500004275,-0.04361523687839508,-0.049440741539001465,0.0010509490966796875,-0.04270333796739578,-1.4406793117523193,0.05389155447483063,-1.39906720651644,0.0576141169068726,-0.027550500903684196
6.003346249999595,-0.039753153920173645,-0.04486662149429321,-0.04920637980103493,0.01525769755244255,-1.481646180152893,0.07572729140520096,-1.4138120614391774,0.05692224257873746,-0.027368801871445733
6.013402249998762,-0.04604305326938629,-0.03171586990356445,0.00879346951842308,-0.14894109964370728,-1.4933854341506958,0.07161856442689896,-1.4287349796479876,0.05614190423853015,-0.02793324999475798
6.02345824999793,-0.0027624964714050293,-0.13558846712112427,-0.007486108690500259,-0.14097096025943756,-1.5483075380325317,0.07146336138248444,-1.4438442822574507,0.05517144030033692,-0.02945962196406106
6.033514250004373,0.011733293533325195,-0.10943049192428589,0.06421506404876709,-0.1916479915380478,-1.701978325843811,0.07134191691875458,-1.460127304683055,0.05434724413595868,-0.030876552416740758
6.04357025000354,0.04630105197429657,0.03620707988739014,0.022515058517456055,-0.29804909229278564,-1.7562154531478882,0.04271943122148514,-1.477425347870644,0.05339515723742683,-0.033308455466233525
6.053626250002708,0.049653857946395874,-0.027233481407165527,-0.03456223011016846,-0.3481444716453552,-1.7935494184494019,-0.03750083968043327,-1.495093402677613,0.05316252892442487,-0.036514464995943505
6.063682250001875,0.07353770732879639,-0.12685412168502808,0.028998613357543945,-0.44168737530708313,-1.7928943634033203,-0.0009590198751538992,-1.512913225402677,0.05314830774822108,-0.040555857317100805
6.073736500002269,0.10827222466468811,-0.05738866329193115,0.06369662284851074,-0.43481776118278503,-1.7630622386932373,0.04399966448545456,-1.5305026533235377,0.052753699784441326,-0.04501158565837613
6.083792500001437,0.11126168072223663,-0.00909656286239624,0.0065445974469184875,-0.3367709517478943,-1.7024335861206055,0.02007092349231243,-1.547821122320396,0.05229819315205638,-0.04892777982114226
6.093848500000604,0.09879299998283386,-0.06842535734176636,0.032823920249938965,-0.2127251923084259,-1.720340609550476,0.06469857692718506,-1.564780684898758,0.05187016251675524,-0.05159761936190612
6.103904499999771,0.11043950915336609,-0.09104108810424805,0.08008921146392822,-0.06623809039592743,-1.7476223707199097,0.1297479271888733,-1.5821335873064832,0.05089919655280478,-0.05306567906246956
6.113960499998939,0.10907049477100372,-0.08819025754928589,0.08645986765623093,0.07519147545099258,-1.7549554109573364,0.20881159603595734,-1.5998215248181429,0.04921210198315195,-0.05307719843621157
6.124016499998106,0.11114196479320526,-0.07280921936035156,-0.02469705045223236,0.22735749185085297,-1.6958314180374146,0.22139467298984528,-1.6172193308093248,0.04689451958135944,-0.051608607594297085
6.1340725000045495,0.08768497407436371,-0.06713122129440308,-0.013546571135520935,0.19206075370311737,-1.7129861116409302,0.20906689763069153,-1.6343739355768427,0.044597069275070324,-0.04933807126318641
6.144128500003717,0.10762655735015869,-0.08068758249282837,0.061459898948669434,-0.13184399902820587,-1.7769917249679565,0.23595821857452393,-1.6519346867022775,0.042348112337108945,-0.049036718051246556
6.154183500002546,0.10741448402404785,-0.11161148548126221,0.07004892826080322,-0.36930742859840393,-1.8316442966461182,0.27939489483833313,-1.6700423725506262,0.040070291734708864,-0.05196837699538886
6.164239500001713,0.08894601464271545,-0.11669033765792847,0.023702040314674377,-0.39514392614364624,-1.8071188926696777,0.3187573552131653,-1.6882896296253158,0.037501994749377245,-0.05627786139689858
6.174295500000881,0.05196492373943329,-0.0012617707252502441,-0.02092503011226654,-0.2882499694824219,-1.6802847385406494,0.34667259454727173,-1.7057492929086877,0.034650431208801485,-0.06018666785141912
6.184351500000048,0.012866362929344177,0.052941977977752686,-0.014541029930114746,-0.17192888259887695,-1.5698151588439941,0.3623475134372711,-1.7220265325706658,0.03143843779681547,-0.06295409151433436
6.194407499999215,0.009118974208831787,0.04421478509902954,0.03448745608329773,-0.17012299597263336,-1.462297797203064,0.3970740735530853,-1.7372311847332833,0.027900379078195477,-0.0651977370759278
6.204463499998383,0.0017098039388656616,0.055907368659973145,0.03034435212612152,-0.09067055583000183,-1.2680221796035767,0.4097305238246918,-1.7509997502437442,0.02412391123803855,-0.06727513880142959
6.214519500004826,-0.046526774764060974,0.06254130601882935,0.07915817201137543,-0.06655216962099075,-0.9879620671272278,0.4107174873352051,-1.762365643704249,0.020200553858724508,-0.06877499820393083
6.2245755000039935,-0.0829884260892868,0.06518125534057617,0.22942686080932617,-0.0563480444252491,-0.7385345697402954,0.4209897220134735,-1.7709819485159186,0.016207919871914625,-0.07025754425553266
6.234630500002822,-0.06562289595603943,0.10284149646759033,0.2923717498779297,0.12119824439287186,-0.5612260699272156,0.3888735771179199,-1.777405548412657,0.012173721263386129,-0.07095580060258147
6.24468650000199,-0.10581199824810028,0.1528748869895935,0.3755131959915161,0.36681488156318665,-0.49172142148017883,0.31993570923805237,-1.782681130699154,0.00816444313815719,-0.0692049621153178
6.254742500001157,-0.10765297710895538,0.28299862146377563,0.2566814422607422,0.42106106877326965,-0.46889814734458923,0.22105921804904938,-1.7874721232991801,0.00465344256335184,-0.06577625678446841
6.264798500000325,-0.08297649025917053,0.2201516032218933,0.128102645277977,0.21046479046344757,-0.4041263461112976,0.11190785467624664,-1.7919038351187606,0.0022022633350047486,-0.06283785659249186
6.274854499999492,-0.09809480607509613,0.10949009656906128,0.11136436462402344,-0.314325749874115,-0.3243928849697113,-0.05877094715833664,-1.7955310873376302,0.002004553737868547,-0.0632416981974036
6.284910499998659,-0.0851311981678009,0.04669612646102905,0.09602057933807373,-1.0747270584106445,-0.2620064616203308,-0.26508283615112305,-1.7983829431765528,0.005136540966655478,-0.06962146862229714
6.294966499997827,-0.03489488363265991,0.022239983081817627,0.018180593848228455,-1.6400620937347412,-0.29595857858657837,-0.4101737141609192,-1.8009504231988407,0.011687420560699626,-0.08250186076171401
6.30502250000427,-0.0498785525560379,0.07614094018936157,0.004381522536277771,-1.548052430152893,-0.39825883507728577,-0.6324960589408875,-1.8042419531270049,0.020516921816065067,-0.09723422513000599
6.3150785000034375,-0.12487798929214478,0.18301153182983398,0.08312259614467621,-1.4673080444335938,-0.5965207815170288,-0.6280000805854797,-1.8087722681097091,0.030448910360747438,-0.11016436142368784
6.325133500002266,-0.10077723860740662,0.3603164553642273,0.054228901863098145,-1.5331124067306519,-0.674774706363678,-0.7603737711906433,-1.814696086285443,0.04059216951651246,-0.12332498315403702
6.335189500001434,-0.11959172785282135,0.15138179063796997,-0.036687493324279785,-1.403049111366272,-0.715412974357605,-0.7639029622077942,-1.8209769352590812,0.05187364094294842,-0.13576796963080984
6.345245500000601,-0.07200117409229279,0.0811774730682373,-0.002519458532333374,-1.2134636640548706,-0.7385992407798767,-0.8265398740768433,-1.8274674064267715,0.06298056079338848,-0.14650873894982477
6.355301499999769,-0.07647891342639923,0.25350242853164673,-0.006214022636413574,-1.1823523044586182,-0.7882629036903381,-0.7646996378898621,-1.8345993509972982,0.07381942080608504,-0.1559338397460225
6.365357499998936,-0.09899523854255676,0.10421895980834961,0.019523143768310547,-1.1935489177703857,-0.6493657231330872,-0.8018231987953186,-1.8411345198893494,0.08470991638376744,-0.16562387480996144
6.375413499998103,-0.0962209403514862,-0.126758873462677,0.06704971194267273,-0.9424142241477966,-0.45593932271003723,-0.5726267695426941,-1.8458624107166552,0.09433464363320869,-0.17437749615981965
6.385469500004547,-0.053787410259246826,0.04726850986480713,0.022475063800811768,-0.4225490689277649,-0.26730749011039734,-0.683758020401001,-1.8489314812284279,0.1023618881943127,-0.17932834461187228
6.395525500003714,-0.019950062036514282,0.2216593623161316,0.17242002487182617,-0.09547853469848633,-0.2362595647573471,-0.6161083579063416,-1.8514717353215941,0.10932240063666372,-0.1798571021987983
6.405580500002543,0.06842686235904694,0.06289416551589966,0.20183944702148438,0.27065569162368774,-0.12182272225618362,-0.4450383186340332,-1.8535589705398643,0.1141699740873475,-0.17763392439529668
6.41563650000171,0.12445226311683655,0.0348854660987854,0.14428523182868958,0.5747247934341431,-0.054810136556625366,-0.44271472096443176,-1.8550494305738332,0.11707024236078382,-0.17197944123591416
6.425692500000878,0.10921259224414825,0.07257020473480225,0.20762300491333008,0.3175838589668274,-0.09913551807403564,-0.4055477976799011,-1.8564496018827092,0.11988954624588684,-0.16618286479358832
6.435748500000045,0.13506022095680237,-0.16972893476486206,0.17342475056648254,0.08699672669172287,-0.08091630041599274,-0.29358986020088196,-1.8577568446276156,0.12283823401774102,-0.16349398292370543
6.445804499999213,0.13314491510391235,-0.27542734146118164,-0.0300462543964386,0.13946633040905,0.03217349946498871,-0.23017503321170807,-1.8581935151437672,0.12496860934121098,-0.1616496866023828
6.45586049999838,0.07679484784603119,-0.04610627889633179,-0.12141385674476624,0.2478276789188385,0.09275534749031067,-0.1532118022441864,-1.857836695587249,0.12631405809108365,-0.1592854707014101
6.465916500004823,0.05860736966133118,-0.11382091045379639,-0.08175146579742432,0.46570533514022827,0.11408807337284088,-0.05427265539765358,-1.8571975579887539,0.1263280958178846,-0.15563268976983446
6.475972500003991,0.03371252119541168,-0.24562692642211914,0.021331310272216797,0.8588025569915771,0.0902772843837738,0.020724624395370483,-1.856946025467576,0.12460343241616993,-0.14917445298471196
6.486028500003158,-0.006819620728492737,-0.1610393524169922,0.14311572909355164,1.097072958946228,0.0107964389026165,0.07626167684793472,-1.8575924214110904,0.12125336502841068,-0.139558936665905
6.496083500001987,0.03053954243659973,-0.0933915376663208,0.13861781358718872,0.8842164278030396,-0.00894184596836567,0.11287614703178406,-1.8587417921927605,0.11742137111866928,-0.13001284226323678
6.506139500001154,0.07921355962753296,-0.2489503026008606,0.16780078411102295,0.43929219245910645,-0.03394240140914917,0.10462815314531326,-1.8596261733158717,0.11445407598023229,-0.12388780462197733
6.516195500000322,0.08141818642616272,-0.27443641424179077,0.18625286221504211,0.03657643496990204,-0.13433398306369781,0.09315472096204758,-1.8606881863250364,0.11284642454740267,-0.12190273493188987
6.526251499999489,0.07659153640270233,-0.10282140970230103,0.07176017761230469,-0.1946949064731598,-0.1834670454263687,0.10526499897241592,-1.8621850561018272,0.11217785593008148,-0.12318909375513618
6.536307499998657,0.05695198476314545,-0.04359680414199829,-0.0383920818567276,-0.14870265126228333,-0.1962675303220749,0.10930341482162476,-1.8638761179905912,0.11164506119235414,-0.12522793516521724
6.546363499997824,0.03663747012615204,-0.015266239643096924,-0.09415663778781891,0.0043297722004354,-0.14295290410518646,0.12722563743591309,-1.8655212082405033,0.11075022879734431,-0.12634766598569597
6.556419500004267,0.004105180501937866,-0.022012531757354736,-0.0038964003324508667,0.2763857841491699,-0.03488689288496971,0.18023772537708282,-1.86650601394633,0.1088994000436197,-0.12551606622133268
6.566475500003435,-0.049383074045181274,-0.05377715826034546,0.11128687858581543,0.5151472091674805,-0.006313039921224117,0.22674092650413513,-1.8670053628844858,0.10570229847289682,-0.12216297964749936
6.576530500002264,-0.054347142577171326,-0.059759318828582764,0.06006285548210144,0.5337626934051514,0.06457098573446274,0.24826966226100922,-1.8672461811022052,0.10186743586402817,-0.11770952914441012
6.586586500001431,-0.07880616188049316,-0.15828090906143188,0.10980859398841858,0.48242440819740295,0.10389962047338486,0.32631751894950867,-1.8667669675788123,0.09763165176230794,-0.11362874549986952
6.596642500000598,-0.044787824153900146,-0.15406066179275513,0.08562147617340088,0.4129851460456848,0.06876853108406067,0.36752432584762573,-1.8662074340141392,0.09290314869274402,-0.11037559107794996
6.606698499999766,0.002393588423728943,-0.05495631694793701,-0.017651885747909546,0.25485754013061523,0.03415382653474808,0.3522622287273407,-1.8658325698832454,0.08846153208415898,-0.10826161728647374
6.616754499998933,0.01711876690387726,-0.04014331102371216,-0.0023473501205444336,0.1319606602191925,-0.05211501568555832,0.33575624227523804,-1.8659702276113856,0.08459082666524756,-0.10738109112026181
6.626810499998101,0.03155781328678131,0.005793333053588867,-0.0962446928024292,0.2120104432106018,-0.08609335869550705,0.2973484694957733,-1.8668089357863482,0.08103490920340367,-0.10671045954002979
6.636866500004544,-0.0010763108730316162,0.04936140775680542,-0.11144115030765533,0.41076186299324036,-0.09792311489582062,0.2631138265132904,-1.8678862588443534,0.07742307248508935,-0.10451672839924936
6.646922500003711,-0.030862152576446533,0.04436129331588745,-0.0174265056848526,0.5304343104362488,-0.12376536428928375,0.2810728847980499,-1.869269078726015,0.0734826753484075,-0.10086498763918648
6.65697750000254,-0.02244715392589569,-0.02772611379623413,0.06890508532524109,0.6313633322715759,-0.17682965099811554,0.3265458345413208,-1.8711108112125467,0.06882373228255682,-0.09606201114939172
6.667033500001708,0.010537609457969666,-0.007764756679534912,0.016017675399780273,0.6023572683334351,-0.16506513953208923,0.32249611616134644,-1.8732339634953659,0.06376426434049164,-0.09094041045039333
6.677089500000875,0.012655556201934814,-0.014484763145446777,0.039313897490501404,0.3511468470096588,-0.12353607267141342,0.29808664321899414,-1.8749306360408635,0.05931674808979759,-0.08713548121370054
6.687145500000042,-0.005270600318908691,-0.09722000360488892,0.1330960988998413,-0.020516633987426758,-0.060182396322488785,0.31135067343711853,-1.875857357027863,0.05594879582501,-0.08650284022440903
6.69720149999921,0.03738659620285034,-0.08838874101638794,0.12061561644077301,-0.08582799136638641,-0.00759428646415472,0.3240017592906952,-1.8761148979879905,0.05310410510135218,-0.08821389968558233
6.707257499998377,0.04663050174713135,0.043322861194610596,0.061778321862220764,0.039776355028152466,0.13057823479175568,0.3055241107940674,-1.875500947860224,0.0501683158501643,-0.08939634989640302
6.7173135000048205,0.016232028603553772,0.08565616607666016,0.0838543176651001,0.2895209491252899,0.296814888715744,0.3140890896320343,-1.8733485381910235,0.046731171142917326,-0.08882666709522537
6.727369500003988,0.010208725929260254,0.021276533603668213,0.14186441898345947,0.49285048246383667,0.42393940687179565,0.3201465904712677,-1.869840467207156,0.04248292373994025,-0.08593561866298183
6.737424500002817,0.0072050392627716064,0.05280333757400513,0.2178962379693985,0.5033531785011292,0.4733855128288269,0.29529955983161926,-1.865397332898693,0.03805294041437468,-0.08189137717981422
6.747480500001984,0.03007674217224121,0.0014511346817016602,0.24081015586853027,0.3180868625640869,0.4780833423137665,0.30392879247665405,-1.8607250527437964,0.03391097893061415,-0.07885132529299795
6.757536500001152,0.04647192358970642,-0.09379786252975464,0.2362445592880249,0.2026742398738861,0.4863881468772888,0.30104511976242065,-1.8559500064114332,0.030323877802806216,-0.07726155676448491
6.767592500000319,0.027334213256835938,-0.0765274167060852,0.20903275907039642,0.19852082431316376,0.55217444896698,0.2959788143634796,-1.850777878556261,0.026902101668149738,-0.0762278411740933
6.777648499999486,0.011208444833755493,-0.005550861358642578,0.17566490173339844,0.19802093505859375,0.6159672737121582,0.31052979826927185,-1.8449073968526988,0.023460669461500258,-0.07507196871033145
6.787704499998654,0.016149282455444336,-0.04574990272521973,0.21127401292324066,0.2143130898475647,0.6665191650390625,0.3366234600543976,-1.8384870232158015,0.019824105492159814,-0.0739628092605719
6.797760499997821,0.027664586901664734,-0.06338250637054443,0.1891765296459198,0.3173971474170685,0.8168522119522095,0.34513145685195923,-1.83117103230212,0.015773572472454107,-0.07237728420459962
6.8078165000042645,-0.004070907831192017,-0.031168818473815918,0.21113918721675873,0.4769474267959595,0.9624686241149902,0.35948649048805237,-1.822252560243907,0.011326888044786838,-0.06949074822206894
6.817871500003093,-0.027005702257156372,-0.001262068748474121,0.23576460778713226,0.5198267698287964,1.0031700134277344,0.3505691587924957,-1.8123198367059006,0.006660772152032384,-0.06532894553578977
6.827927500002261,-0.021728605031967163,0.02134835720062256,0.23694002628326416,0.44175097346305847,0.975212037563324,0.3456166088581085,-1.8024065482370542,0.00205551360985308,-0.06142824601801921
6.837983500001428,-0.01845364272594452,0.01867222785949707,0.17266499996185303,0.3191361129283905,0.9949932098388672,0.277405321598053,-1.792536742186739,-0.0018605715154207626,-0.05842913914750301
6.848039500000596,-0.04112105816602707,0.030008554458618164,0.1827464997768402,0.12238859385251999,1.0319141149520874,0.21730157732963562,-1.7822954730521123,-0.0048078651695967,-0.056790326403577306
6.858095499999763,-0.04745423048734665,0.06418424844741821,0.17881882190704346,-0.07393910735845566,1.0378106832504272,0.1828479915857315,-1.771889511421121,-0.006793878553608323,-0.05707575068300043
6.86815149999893,-0.03303181380033493,0.0727928876876831,0.11288725584745407,-0.0008756867609918118,1.074267029762268,0.15020538866519928,-1.7613067543386898,-0.008293378225727219,-0.05793209837441834
6.878207499998098,-0.05030059069395065,0.11954712867736816,0.03431235998868942,0.197153240442276,1.151871919631958,0.12837226688861847,-1.7501579173316146,-0.009853287709709497,-0.0572518693093107
6.888263500004541,-0.09015265852212906,0.1859402060508728,0.018292658030986786,0.2889472544193268,1.2464404106140137,0.08760053664445877,-1.7380160482240874,-0.011275341277301204,-0.054886506444577536
6.8983195000037085,-0.0950673520565033,0.14358174800872803,0.07914650440216064,0.27903255820274353,1.2918376922607422,0.09230421483516693,-1.725193424644217,-0.012681593066551488,-0.05222257510877413
6.908374500002537,-0.07722082734107971,0.0723147988319397,0.15169893205165863,0.07635767012834549,1.3057879209518433,0.055733051151037216,-1.7121462263126563,-0.013704027059353545,-0.05048644119186514
6.918430500001705,-0.05768026411533356,0.03708285093307495,0.18710054457187653,-0.10153483599424362,1.3214699029922485,0.032851703464984894,-1.698903580375765,-0.01414555966659354,-0.05083541578687878
6.928486500000872,-0.032576486468315125,0.04384124279022217,0.08876118808984756,-0.10062376409769058,1.346952199935913,-0.006312479730695486,-1.685529967869628,-0.014114956134918219,-0.05196220801828808
6.93854250000004,-0.03827984631061554,0.11791849136352539,0.03350602835416794,-0.11621896922588348,1.4137836694717407,-0.05513674393296242,-1.6716354856084912,-0.013639823659650914,-0.05287079235793643
6.948598499999207,-0.040524810552597046,0.11494874954223633,0.0753251314163208,-0.22048887610435486,1.571289300918579,-0.04556505009531975,-1.6565967680561997,-0.012948549785170904,-0.05453804872903375
6.958654499998374,-0.018517345190048218,-0.0031088590621948242,0.1108323335647583,-0.21123304963111877,1.6934423446655273,-0.010659530758857727,-1.6401674267085196,-0.012489936007205204,-0.05677209256943653
6.968710500004818,-0.0054223984479904175,-0.024067580699920654,0.14082932472229004,-0.16912700235843658,1.851710319519043,0.023891976103186607,-1.6224060420374598,-0.012431043904356417,-0.058660802865910716
6.978766500003985,-0.019843265414237976,1.811981201171875e-05,0.19693219661712646,-0.0995524600148201,2.0477514266967773,0.08368473500013351,-1.6027265841565037,-0.0128776164183365,-0.06015243520414044
6.988821500002814,0.015169516205787659,-0.04647606611251831,0.17815673351287842,0.13564690947532654,2.1687629222869873,0.15580233931541443,-1.5814827059899088,-0.014051511384977117,-0.060095946132924634
6.998877500001981,0.06432260572910309,0.01166003942489624,0.09337853640317917,0.44957900047302246,2.1969196796417236,0.15027494728565216,-1.5594121169760282,-0.015673367041141258,-0.05720719468752689
7.008933500001149,0.07080748677253723,0.08273941278457642,0.05806492269039154,0.5797465443611145,2.1340348720550537,0.11056529730558395,-1.5374728523351473,-0.016848338770120333,-0.05174906668952269
7.018989500000316,0.09489579498767853,0.044341206550598145,0.028302788734436035,0.3849727511405945,2.0133280754089355,0.07940418273210526,-1.5164354381975773,-0.01758295591064133,-0.046718248493195925
7.029045499999484,0.11030276119709015,-0.10451126098632812,0.03162098675966263,0.03410648554563522,1.8514537811279297,0.0015087183564901352,-1.4970140708710498,-0.017834317943187867,-0.04454922430484325
7.039101499998651,0.08082006871700287,-0.21063750982284546,0.08846808224916458,-0.2531348764896393,1.7515826225280762,-0.019071659073233604,-1.4789151898953572,-0.017780224069760965,-0.04590168463384132
7.049157499997818,0.08803434669971466,-0.13383328914642334,-0.07312262058258057,-0.15424780547618866,1.690946340560913,-0.047509852796792984,-1.4617303885906805,-0.01779081364674082,-0.04813499765642229
7.059213500004262,0.06923824548721313,0.02725464105606079,-0.1430225372314453,-0.025545746088027954,1.516709327697754,-0.07458806782960892,-1.4456685818465471,-0.01725446815064561,-0.04906597203521615
7.069268500003091,0.05788262188434601,0.040991246700286865,-0.1267174482345581,0.006233976688235998,1.3379149436950684,-0.09107796847820282,-1.4313161840676998,-0.016330754992146458,-0.04924653382639942
7.079324791666295,0.06584487855434418,-0.0665087103843689,-0.0503462553024292,-0.0404411144554615,1.2222800254821777,-0.08140004426240921,-1.4185014588602247,-0.015524533963934203,-0.04953739209784106
7.089380791665462,0.06078885495662689,-0.09111195802688599,-0.004474759101867676,-0.14012666046619415,1.174478530883789,-0.056672826409339905,-1.4064951302212443,-0.014981568454229353,-0.05052285371781705
7.09943679166463,0.06141132116317749,-0.01013648509979248,0.020122885704040527,-0.19501334428787231,1.2177839279174805,-0.016422346234321594,-1.3945665010225448,-0.014884123993505022,-0.05237595274599434
7.109492791671073,0.03685995936393738,-0.06481379270553589,0.03559136390686035,-0.14241284132003784,1.3302339315414429,0.040966618806123734,-1.3818236709909024,-0.015312233217548859,-0.054123683981985284
7.1195487916702405,0.035310059785842896,-0.058200180530548096,0.028211236000061035,-0.01892499439418316,1.4464640617370605,0.1065906286239624,-1.3678378762525458,-0.016214125563242733,-0.05486167452042271
7.129604791669408,0.05107906460762024,0.019073307514190674,0.05558145046234131,0.04275798797607422,1.5450884103775024,0.1578848659992218,-1.352803225546086,-0.017473913738146295,-0.05443268655100965
7.139660791668575,0.055956244468688965,-0.01063239574432373,0.11820947378873825,0.05665169656276703,1.7081663608551025,0.1858414113521576,-1.336446260027993,-0.019090364024257248,-0.053676062605916314
7.149716791667743,0.05870172381401062,-0.061219096183776855,0.14047861099243164,0.16555732488632202,1.7926857471466064,0.21777622401714325,-1.318841645820204,-0.02084592679669035,-0.05217154895302245
7.1597717916665715,0.07120837271213531,0.0012654662132263184,0.19396471977233887,0.2098906934261322,1.8992526531219482,0.21094442903995514,-1.3002673248002041,-0.022381541505380378,-0.049811300669084464
7.169827791665739,0.07421974837779999,0.0489770770072937,0.24617266654968262,0.331099271774292,1.9787907600402832,0.20694932341575623,-1.2805757755306628,-0.02363021127003502,-0.0467223152916033
7.179883791664906,0.10242919623851776,0.029245436191558838,0.17065167427062988,0.4266577363014221,1.9734593629837036,0.1844368278980255,-1.2606006973472499,-0.024456609621751772,-0.04247416532002919
7.18993979167135,0.11498203873634338,0.08904248476028442,0.13402974605560303,0.35066720843315125,1.9421037435531616,0.0969901755452156,-1.2407912620899204,-0.02450300260803595,-0.03827832823581622
7.199995791670517,0.10719674825668335,0.05928027629852295,0.06006753444671631,0.2991023063659668,1.886260986328125,0.045180510729551315,-1.2214899379492208,-0.024075047265376105,-0.03502419094397688
7.2100517916696845,0.10206376016139984,0.029801905155181885,0.013665199279785156,0.167904332280159,1.797251582145691,-0.017270242795348167,-1.202876668095982,-0.023390093430591872,-0.032785339882503414
7.220107791668852,0.06995372474193573,0.045076072216033936,0.050847649574279785,-0.0751059353351593,1.7622805833816528,-0.04370317980647087,-1.1850014935531576,-0.022855562676100317,-0.032461248841297856
7.230163791668019,0.0496106892824173,-0.0296173095703125,0.06355917453765869,-0.21930722892284393,1.8071746826171875,-0.09008553624153137,-1.1670686723660142,-0.022897605125646727,-0.0342059365486493
7.240219791667187,0.03328894078731537,-0.06753420829772949,0.1342097520828247,-0.3484625518321991,1.8715664148330688,-0.06150369718670845,-1.1487469605905798,-0.02334752835735292,-0.03725420962557066
7.2502747916660155,0.05033275485038757,0.027448594570159912,0.12101912498474121,-0.06104022264480591,1.998216152191162,-0.012521798722445965,-1.1293217427753837,-0.02414377829128762,-0.03972443663271199
7.260330791665183,0.07589530944824219,0.13364094495773315,-0.08098924160003662,0.3810032308101654,2.0035526752471924,-0.04229594022035599,-1.1090716252259152,-0.023086036079681918,-0.03825112451072933
7.270386791671626,0.09117738902568817,0.25301265716552734,-0.05954122543334961,0.3387497067451477,1.9748722314834595,-0.058567535132169724,-1.0890421722257226,-0.020828713768978456,-0.034985395835543616
7.280442791670794,0.09855417907238007,0.10820996761322021,-0.005367636680603027,-0.1479821354150772,1.8986437320709229,-0.06991206854581833,-1.0694270477559105,-0.019705359682479502,-0.034463719608462874
7.290498791669961,0.13622978329658508,-0.1564764380455017,-0.011986255645751953,-0.5450232028961182,1.7524821758270264,-0.08683595061302185,-1.0512044005917878,-0.020870638443688524,-0.03784184808820184
7.3005547916691285,0.12807370722293854,-0.11641824245452881,0.020635366439819336,-0.8552617430686951,1.680179238319397,-0.09808967262506485,-1.0342195883903427,-0.023602157118848714,-0.04462613223105734
7.310610791668296,0.09470194578170776,0.04021650552749634,-0.02968573570251465,-0.819006085395813,1.7631747722625732,-0.00713861919939518,-1.0171676544100816,-0.027615352044238022,-0.05226261710085367
7.320666791667463,0.07242439687252045,0.07425129413604736,-0.02362704463303089,-0.5975754857063293,1.8230324983596802,0.052048005163669586,-0.9992974472770144,-0.031661611658185186,-0.058296142469548784
7.330721791666292,0.08984525501728058,0.0428774356842041,-0.08604633808135986,-0.3173131048679352,1.8468290567398071,0.09850101917982101,-0.9809565507074332,-0.034864086522004914,-0.061694689082357076
7.3407777916654595,0.1178843230009079,0.11250638961791992,-0.1484318971633911,-0.16397202014923096,1.7739229202270508,0.0852842852473259,-0.9626465037117787,-0.036904098251629845,-0.06302910624537153
7.350833791664627,0.12142328917980194,0.15607458353042603,-0.12298822402954102,-0.2282213568687439,1.652387261390686,0.01672293245792389,-0.94530275631914,-0.03830728836852835,-0.06420544590770183
7.36088979167107,0.1515313684940338,0.05708777904510498,-0.11244022846221924,-0.4667300581932068,1.4867924451828003,-0.08527134358882904,-0.9296896116568044,-0.040160296475824434,-0.06722394522395865
7.370945791670238,0.11623401939868927,-0.04761147499084473,-0.05195605754852295,-0.6916007995605469,1.4513909816741943,-0.1392127275466919,-0.9153192828934836,-0.04275407713409446,-0.07263473059555667
7.381001791669405,0.04495738446712494,-0.04390418529510498,0.06570756435394287,-0.8343315720558167,1.5658743381500244,-0.1460874229669571,-0.9006068539332609,-0.046333759127351666,-0.07962920895031005
7.3910577916685725,-0.022500649094581604,-0.02854764461517334,0.20455098152160645,-0.8678932189941406,1.827518105506897,-0.08383728563785553,-0.8840389169655387,-0.05086020594929695,-0.0870951517892714
7.40111379166774,-0.05525560677051544,-0.07446849346160889,0.3646719455718994,-0.6646625995635986,2.1713664531707764,-0.006808812730014324,-0.864259569264173,-0.05571595385850443,-0.09355922394501227
7.411168791666569,-0.02258177101612091,-0.04859739542007446,0.20377206802368164,-0.048642367124557495,2.335034132003784,0.07549069821834564,-0.8416247159425647,-0.05841939050077778,-0.09615020388280014
7.421224791665736,0.08649630844593048,0.14945650100708008,0.05382192134857178,0.4879606366157532,2.325592517852783,0.12044964730739594,-0.8179815980925165,-0.0574645333735788,-0.093582034587022
7.4312807916649035,0.10355642437934875,0.2106456756591797,0.11118924617767334,0.32498931884765625,2.180893898010254,0.030673714354634285,-0.794907319035131,-0.054832497373615716,-0.08985465680791184
7.441336791671347,0.10543763637542725,-0.10205507278442383,0.17036974430084229,-0.16667601466178894,2.010910987854004,-0.009236684069037437,-0.7737679464594973,-0.05440779961524914,-0.08914757639434291
7.451392791670514,0.08343097567558289,-0.3918832540512085,0.1745443344116211,-0.6360226273536682,1.9275799989700317,-0.10747683048248291,-0.7541955810378467,-0.05684280908224882,-0.09239646687078072
7.461448791669682,0.024690255522727966,-0.26224005222320557,0.20368266105651855,-0.8467777371406555,2.0440762042999268,-0.07549919188022614,-0.7346935910349632,-0.06190350759061548,-0.09840641311150071
7.471504791668849,-0.032958537340164185,-0.04988926649093628,0.15187692642211914,-0.725527286529541,2.2236063480377197,-0.009588993154466152,-0.7135773036399409,-0.06760585733526216,-0.10409360249830281
7.4815607916680165,-0.0018806606531143188,-0.013308346271514893,0.09334373474121094,-0.49703553318977356,2.3415260314941406,0.08110655844211578,-0.690837840818104,-0.0724889069254558,-0.10782419261044726
7.491616791667184,0.06700268387794495,-0.021406948566436768,-0.03854000195860863,-0.05888678878545761,2.3078551292419434,0.1856701672077179,-0.6674287954906983,-0.0756999317771524,-0.10865653554651054
7.501671791666013,0.12396766245365143,0.07389765977859497,-0.25415921211242676,0.2973432242870331,2.1756975650787354,0.19570229947566986,-0.6446306768449669,-0.07578608628907782,-0.10626313716582275
7.51172779166518,0.1283053457736969,0.1981905698776245,-0.28558218479156494,0.1776580512523651,1.9416640996932983,0.09326548129320145,-0.623761137007699,-0.07453914957589111,-0.10349984565453567
7.5217837916716235,0.12457275390625,0.036476314067840576,-0.23429608345031738,-0.18085774779319763,1.681672215461731,-0.026593541726469994,-0.6054417553126556,-0.07470235001429172,-0.10325454503383148
7.531839791670791,0.11748306453227997,-0.18019604682922363,-0.1697711944580078,-0.6116089224815369,1.5312150716781616,-0.110561303794384,-0.5896075004229165,-0.07760289995979171,-0.10614018611940254
7.541895791669958,0.06441275775432587,-0.10679870843887329,-0.11282205581665039,-0.8227219581604004,1.5897963047027588,-0.10235264897346497,-0.5744600563804884,-0.08322638182005176,-0.1111770059800585
7.551951791669126,0.005077436566352844,0.03847736120223999,-0.039482709020376205,-0.6897805333137512,1.7984281778335571,-0.028328964486718178,-0.5578251350326813,-0.08948287799861467,-0.11598393368830175
7.562007791668293,0.043362751603126526,0.08781170845031738,-0.19158601760864258,-0.24915575981140137,1.8497568368911743,0.02871035225689411,-0.5395715795673512,-0.09363198095827788,-0.11847066625774921
7.5720637916674605,0.15980437397956848,0.15652036666870117,-0.21125805377960205,0.02478901855647564,1.759934425354004,0.033718716353178024,-0.5213717833152468,-0.0945609392514043,-0.11871912103308796
7.582118791666289,0.19378484785556793,0.1633097529411316,-0.09821867942810059,0.02960720844566822,1.5980539321899414,0.08612493425607681,-0.5044294872050151,-0.09461813372763624,-0.11804683194502028
7.592174791665457,0.19717802107334137,0.008944153785705566,-0.1312962770462036,0.03258639946579933,1.409069299697876,0.04513217881321907,-0.4892455504866934,-0.09469572119652521,-0.11723528636398345
7.602230791664624,0.17098496854305267,-0.01130300760269165,-0.11039698123931885,-0.0503244623541832,1.2829912900924683,-0.04111243039369583,-0.47575875528137135,-0.09471546582178882,-0.11725044043241416
7.6122867916710675,0.11770431697368622,0.055220603942871094,-0.05244410037994385,-0.25159120559692383,1.2434440851211548,-0.06128111109137535,-0.46323740488160314,-0.0958273155006518,-0.1184321769892832
7.622342791670235,0.07214115560054779,-0.029418468475341797,0.0160979013890028,-0.44260165095329285,1.2961580753326416,-0.08578138798475266,-0.4507204429647708,-0.09867909996053516,-0.12064873860182147
7.632398791669402,0.032772257924079895,-0.09922528266906738,0.10358953475952148,-0.551097571849823,1.3961331844329834,-0.07256151735782623,-0.4375189711556232,-0.10293625032671565,-0.12362871156030636
7.64245479166857,0.023539245128631592,-0.02693641185760498,0.1337343454360962,-0.46622130274772644,1.5759083032608032,-0.03286443650722504,-0.42293183807899454,-0.10752352159396254,-0.1262981299013185
7.652510791667737,0.033013105392456055,0.04964250326156616,0.036325689405202866,-0.10903682559728622,1.6193145513534546,-0.0020786658860743046,-0.4068545906740021,-0.11031012801985371,-0.12769536191070066
7.6625667916669045,0.10846872627735138,0.13175177574157715,-0.10333573818206787,0.23221132159233093,1.504449486732483,0.021585917100310326,-0.39102763146681485,-0.10959899843109362,-0.12732713044648317
7.672621791665733,0.13655951619148254,0.17450255155563354,-0.10063636302947998,0.19145184755325317,1.2958407402038574,0.04299275204539299,-0.37686787565487745,-0.10761350622192853,-0.12608936627533546
7.682677791664901,0.12407192587852478,-0.00649648904800415,-0.10456538200378418,-0.052507009357213974,1.0952919721603394,-0.03910371661186218,-0.36481186084799855,-0.10699659076333234,-0.12582146306816566
7.692733791671344,0.1089010238647461,-0.1743733286857605,-0.13184106349945068,-0.32544276118278503,0.9588412046432495,-0.1072893738746643,-0.3546988998984041,-0.1084795992119112,-0.12718482513933718
7.7027897916705115,0.07011067867279053,-0.09422719478607178,-0.1373741626739502,-0.48446863889694214,0.9395042657852173,-0.09688706696033478,-0.3455104080508033,-0.11208303891666463,-0.1296733532277003
7.712845791669679,0.03725217282772064,-0.01954329013824463,-0.12362492084503174,-0.48289117217063904,0.9858476519584656,-0.04561911150813103,-0.3362235818541142,-0.11653598205716101,-0.13197553649942978
7.722901791668846,0.015599355101585388,-0.017628967761993408,-0.0717933177947998,-0.3807624280452728,1.0662522315979004,0.030104942619800568,-0.32615440560569414,-0.12064082334942264,-0.13352293685061836
7.732957791668014,0.01403595507144928,0.006466209888458252,-0.010314347222447395,-0.20286446809768677,1.2001229524612427,0.0740354061126709,-0.3148749069344458,-0.12363831576649872,-0.1339234900907696
7.743013791667181,0.017975255846977234,0.051077067852020264,-0.01781749725341797,-0.0498080737888813,1.2871519327163696,0.10913214087486267,-0.30226805089636843,-0.12509383431635637,-0.1334269788493902
7.75306879166601,0.07326404750347137,0.08171278238296509,-0.018971800804138184,-0.07294619083404541,1.281190037727356,0.13092055916786194,-0.28916862440392727,-0.12588306160875287,-0.13236234021300383
7.763124791665177,0.11414560675621033,0.031421005725860596,0.04991304874420166,-0.29818013310432434,1.184501051902771,0.12104768306016922,-0.27664268889431776,-0.12801444238212142,-0.1316266643595182
7.773180791671621,0.13397318124771118,-0.04477614164352417,0.048603177070617676,-0.5075543522834778,1.0726118087768555,0.09589008241891861,-0.2653074486761422,-0.13226019767188538,-0.13163870839340283
7.783236791670788,0.1328282505273819,-0.006646275520324707,0.03362071514129639,-0.6124954223632812,1.0076792240142822,0.07279062271118164,-0.2549497692609497,-0.13801621767174005,-0.13229710101803863
7.7932927916699555,0.11184261739253998,0.06883561611175537,0.025188680738210678,-0.6568649411201477,1.0050126314163208,0.058832913637161255,-0.24506830156844672,-0.14436875173993136,-0.1333334223664516
7.803348791669123,0.09094332158565521,0.05779331922531128,0.04688083752989769,-0.6278178691864014,1.039005160331726,0.0612231008708477,-0.23501282118732264,-0.15084238126421612,-0.1342732162090317
7.81340479166829,0.056005775928497314,0.02136319875717163,0.0855412483215332,-0.5180395245552063,1.1393113136291504,0.08655871450901031,-0.22418266201940537,-0.15667943720624597,-0.13490074263453353
7.823460791667458,0.026877492666244507,0.03667628765106201,0.09727513790130615,-0.34926357865333557,1.2682464122772217,0.07778013497591019,-0.21215499508852434,-0.16113812410736558,-0.1350292614982437
7.8335157916662865,0.019049271941184998,0.04978138208389282,-0.007400278002023697,-0.15235784649848938,1.3109791278839111,0.08007027208805084,-0.19902600646053756,-0.16379389183194742,-0.1347202301754598
7.843571791665454,0.06041952967643738,0.03322941064834595,-0.06062496453523636,-0.11276543140411377,1.2416034936904907,0.07576446980237961,-0.18606236548609772,-0.1651467427809537,-0.13421650889129003
7.853627791664621,0.07901957631111145,-0.007157325744628906,-0.07685339450836182,-0.16671179234981537,1.0980136394500732,0.09566587209701538,-0.17421468564388606,-0.1666814209829233,-0.13359386016055302
7.863683791671065,0.07274079322814941,-0.08296042680740356,-0.10949122905731201,-0.23287323117256165,0.9720288515090942,0.07559628784656525,-0.16376870045641573,-0.16883255156708157,-0.13308358656643107
7.873739791670232,0.047829851508140564,-0.06416565179824829,-0.16416966915130615,-0.24574686586856842,0.8995333909988403,0.056290075182914734,-0.15435704018054633,-0.17139666402169115,-0.1328300063804505
7.8837957916693995,0.029699429869651794,-0.0207517147064209,-0.18782830238342285,-0.20490196347236633,0.8772872090339661,0.0584712028503418,-0.14537859260918892,-0.1737521346131045,-0.13260098109450782
7.893851791668567,0.01892368495464325,-0.011044979095458984,-0.17793011665344238,-0.14585289359092712,0.8363825082778931,0.06719537824392319,-0.13663670106511736,-0.1756374891330785,-0.13221039488532887
7.903907791667734,0.018964767456054688,-0.03796648979187012,-0.17684507369995117,-0.11841461062431335,0.8055707812309265,0.06443846970796585,-0.12833604829577838,-0.17698966325309518,-0.13173346951749307
7.913963791666902,0.01000531017780304,-0.029436469078063965,-0.16653895378112793,-0.05651120841503143,0.8215864896774292,0.07341231405735016,-0.12009694123693854,-0.17797033242968377,-0.1311432805770046
7.9240187916657305,-0.004086434841156006,0.02391904592514038,-0.15088319778442383,0.04133545979857445,0.8230876922607422,0.06543667614459991,-0.11168879632218162,-0.17814419880467525,-0.13044515257309733
7.934074791664898,-0.0005529820919036865,0.04000115394592285,-0.1192166805267334,0.12843364477157593,0.7949001789093018,0.07536054402589798,-0.10337777382722681,-0.17731673588798547,-0.1296262066726344
7.944130791671341,0.017377302050590515,0.04691034555435181,-0.09545600414276123,0.17833836376667023,0.7443763017654419,0.10186165571212769,-0.09545278755053463,-0.17590433913063433,-0.12858041437341128
7.954186791670509,0.03697097301483154,0.06162387132644653,-0.10096848011016846,0.2425883263349533,0.6457651257514954,0.11175496131181717,-0.0882358874007185,-0.17387470134765742,-0.12725636058490108
7.964242791669676,0.061316266655921936,0.0684780478477478,-0.10525691509246826,0.3198029696941376,0.5214692950248718,0.11374114453792572,-0.08211722056744789,-0.17118626296641942,-0.1258633435474303
7.9742987916688435,0.07604022324085236,0.057054877281188965,-0.10405862331390381,0.3768540322780609,0.36228322982788086,0.11398506164550781,-0.07742159128956551,-0.16772192257334828,-0.12440113572054244
7.984354791668011,0.08466911315917969,0.04676336050033569,-0.09545063972473145,0.39398854970932007,0.22481857240200043,0.11308970302343369,-0.0743082154792919,-0.16396707547486566,-0.12298185153116434
7.994410791667178,0.08623045682907104,0.04846411943435669,-0.09009850025177002,0.41463959217071533,0.14010529220104218,0.10917406529188156,-0.07218148371306338,-0.15989985498255013,-0.12156417209340473
8.004466791666346,0.06706064939498901,0.03371340036392212,-0.06673252582550049,0.4558088481426239,0.13061831891536713,0.0961834266781807,-0.07066973572431759,-0.15560137600721646,-0.12011506841515801
8.014521791665175,0.047298088669776917,0.0027558207511901855,-0.07438266277313232,0.517141580581665,0.21942102909088135,0.06900957226753235,-0.0688229329682983,-0.1507197401652989,-0.11890501021019172
8.024577791671618,0.0376572459936142,-0.007822871208190918,-0.011083006858825684,0.43919965624809265,0.20658192038536072,0.0831349715590477,-0.06649013308867739,-0.1460432194381481,-0.11799813455415348
8.034633791670785,0.03798440098762512,-0.042190492153167725,-0.007435142993927002,0.412784218788147,0.292562335729599,0.10965371876955032,-0.06381425184123851,-0.14176666950109063,-0.11667624706528575
8.044689791669953,0.033975765109062195,-0.07466387748718262,-0.011779308319091797,0.3575928509235382,0.3972051441669464,0.10844624787569046,-0.06025735146013969,-0.13805116975852477,-0.11540198470847668
8.05474579166912,0.04460814595222473,-0.05568617582321167,0.0019211778417229652,0.33059942722320557,0.3599344789981842,0.08570428937673569,-0.05616204540795324,-0.13461938395048537,-0.11415610688715536
8.064801791668287,0.013913467526435852,-0.035271525382995605,0.040773212909698486,0.2865842878818512,0.382217139005661,0.11223070323467255,-0.052310756131594915,-0.1315366277207724,-0.112996952152949
8.0748574166646,-0.006066769361495972,0.008638978004455566,0.01160275936126709,0.24285171926021576,0.3955475687980652,0.121376633644104,-0.04821563565569115,-0.12898360169874867,-0.11163225010622285
8.084913416671043,0.0031485259532928467,0.005460679531097412,-0.029252829030156136,0.23950812220573425,0.41349169611930847,0.10890904814004898,-0.04398598083056297,-0.1266524237916866,-0.11035699832060133
8.094968416669872,0.03848426043987274,0.00970536470413208,-0.054204463958740234,0.17522676289081573,0.3899235129356384,0.07353859394788742,-0.03984267429923882,-0.12456742405404196,-0.10934418978611261
8.105024416669039,0.03545558452606201,0.03482329845428467,-0.041598375886678696,0.18226949870586395,0.3807220458984375,0.0793251097202301,-0.03587210362291873,-0.12288858550860711,-0.10848282345547423
8.115080416668206,0.026612505316734314,0.011117756366729736,-0.027431845664978027,0.17347002029418945,0.33126431703567505,0.06490082293748856,-0.03218250466419508,-0.12114084982621687,-0.10772003888705371
8.125136416667374,0.020420148968696594,0.03259021043777466,-0.030487477779388428,0.15747320652008057,0.34653329849243164,0.072713203728199,-0.028655285382456267,-0.11949833151070595,-0.10693487634241321
8.135192416666541,0.010154396295547485,0.02860361337661743,-0.03125101700425148,0.1827591210603714,0.37544137239456177,0.09891205281019211,-0.02479378354891597,-0.11780484011818851,-0.1059555006595318
8.145248416665709,0.012227863073348999,-0.005498230457305908,0.014301776885986328,0.22011740505695343,0.3163120150566101,0.12397239357233047,-0.021102279365505912,-0.11581209637744695,-0.10480244195643455
8.155304416664876,0.02189701795578003,0.002403557300567627,0.018554985523223877,0.2623343765735626,0.25972649455070496,0.1745276004076004,-0.017929325489086448,-0.11345405284176463,-0.10315329716667662
8.16536041667132,0.004554003477096558,-0.0259702205657959,0.00883185863494873,0.2836923897266388,0.21567434072494507,0.12130273878574371,-0.015402257066751373,-0.11062464272296069,-0.10159191160830805
8.175416416670487,0.01439976692199707,-0.044544339179992676,-0.033518727868795395,0.11834648996591568,0.16822081804275513,0.1140938252210617,-0.013365995942371265,-0.10865016991084635,-0.10037622687577444
8.185471416669316,0.03624773025512695,-0.03649646043777466,-0.055864810943603516,0.031311456114053726,0.15520329773426056,0.07097192108631134,-0.011605153057894555,-0.10791357864664414,-0.09939840021644417
8.195527416668483,0.019745633006095886,-0.07323944568634033,-0.030089911073446274,-0.049130879342556,0.12305080890655518,0.062328923493623734,-0.010118087481126269,-0.10800647082580507,-0.09875767070952034
8.20558341666765,0.022338375449180603,-0.0435786247253418,-0.04023343324661255,-0.025273749604821205,0.11083808541297913,0.04500159993767738,-0.008870727347209362,-0.10843409460341027,-0.09820889633852196
8.215639416666818,0.027380764484405518,0.022794663906097412,-0.06351637840270996,0.04665885493159294,0.09440318495035172,0.0478922463953495,-0.007768323286264906,-0.10838017209879233,-0.09771978432342981
8.225695416665985,0.05376061797142029,0.05746251344680786,-0.07810086011886597,0.12817580997943878,0.04093756526708603,0.050073910504579544,-0.007011207493712884,-0.10752116535604443,-0.09719987176109587
8.235751416665153,0.04992784559726715,0.061578214168548584,-0.06721162796020508,0.1542721390724182,-0.013742992654442787,0.07512307167053223,-0.006802536017302188,-0.10605466136297431,-0.09654208060184906
8.245807416671596,0.0408884733915329,0.01871788501739502,-0.070843406021595,0.1370454728603363,-0.018287410959601402,0.07049449533224106,-0.006922929549328702,-0.10461469756943081,-0.09580324561296347
8.255863416670763,0.02114313840866089,-0.020519256591796875,-0.013208508491516113,0.056535717099905014,-0.04350434988737106,0.03234950825572014,-0.007153662900026513,-0.10359073399251852,-0.0952543383951232
8.265918416669592,-0.009557873010635376,-0.05287712812423706,0.0769033432006836,0.01896730437874794,-0.07048910111188889,0.005818831268697977,-0.007777634274646003,-0.10335813222284575,-0.09509635836645053
8.27597441666876,-0.004626080393791199,-0.04982936382293701,0.03323173522949219,0.06943793594837189,-0.09068704396486282,-0.011765754781663418,-0.008649594184115691,-0.10279452134322457,-0.09508216123552363
8.286030416667927,-0.01802082359790802,0.0015420913696289062,0.03613102808594704,-0.00025672372430562973,-0.050070904195308685,-0.017737360671162605,-0.009350935724738768,-0.10242319017004713,-0.0952481808171355
8.296086416667094,-0.030165016651153564,-0.005474746227264404,0.04818957298994064,-0.031446024775505066,-0.0921095684170723,0.049895934760570526,-0.009947891093977842,-0.10246097657542044,-0.09504869788145406
8.306142416666262,0.014812484383583069,0.01589679718017578,-0.06030506640672684,0.1070719063282013,-0.16269320249557495,0.09531167149543762,-0.01112399545258299,-0.10222784339800746,-0.09421761704393694
8.31619841666543,0.03507766127586365,0.04364466667175293,-0.13582390546798706,0.08357417583465576,-0.17424532771110535,0.09090197831392288,-0.012716203400565255,-0.10119982311667648,-0.093284052638292
8.326254416664597,0.012451514601707458,0.01572507619857788,-0.07874274253845215,0.00439599622040987,-0.18005314469337463,0.0855301171541214,-0.014401340781544055,-0.10065473184453826,-0.0922730470945947
8.33631041667104,-0.014736771583557129,-0.06595760583877563,-0.037694573402404785,-0.13558654487133026,-0.19445805251598358,0.040208470076322556,-0.016255967740001626,-0.10121103965742233,-0.09153487667824586
8.346366416670207,-0.015666142106056213,-0.07286292314529419,0.020551562309265137,-0.2787434458732605,-0.20879757404327393,0.006330398377031088,-0.018271303862152335,-0.10340889055762315,-0.09139614222652884
8.356421416669036,0.00025887787342071533,-0.04383492469787598,0.06184452399611473,-0.33973607420921326,-0.2751639187335968,-0.08849067986011505,-0.02072356978589638,-0.10653285332193102,-0.09178885498429622
8.366477416668204,-0.0072386860847473145,-0.023781776428222656,0.06317508220672607,-0.45035526156425476,-0.37551504373550415,-0.15017640590667725,-0.024163367212536074,-0.11043909976802356,-0.09317220580882875
8.376533416667371,0.019559144973754883,0.03777122497558594,-0.02344101294875145,-0.5158317685127258,-0.45544835925102234,-0.1645624190568924,-0.028591243249312476,-0.11542677035867238,-0.09494736018735979
8.386589416666538,0.020751461386680603,0.10453319549560547,-0.11715424060821533,-0.34207117557525635,-0.5150922536849976,-0.11679861694574356,-0.03364769951595039,-0.11976538218302228,-0.09651042404125386
8.396645416665706,0.030184179544448853,0.13106286525726318,-0.17920833826065063,-0.0986064225435257,-0.5892328023910522,-0.025044621899724007,-0.03925547468407816,-0.12189037154222461,-0.0973351762406391
8.406701416664873,0.062126025557518005,0.10114216804504395,-0.17634546756744385,-0.03716462850570679,-0.7469680905342102,0.01616060547530651,-0.045932064759633295,-0.12235203723540158,-0.09723065448965824
8.416757416671317,0.09206759929656982,-0.004361331462860107,-0.1411910057067871,-0.16595794260501862,-0.9439088702201843,0.008915422484278679,-0.05436550676809024,-0.12335195300918982,-0.0972021170263869
8.426813416670484,0.12112419307231903,-0.06825709342956543,-0.18215203285217285,-0.26393163204193115,-1.1206779479980469,0.06971804797649384,-0.06482028280335361,-0.12561554466062091,-0.09695974523053617
8.436868416669313,0.11756686866283417,-0.05018115043640137,-0.24408882856369019,-0.13949576020240784,-1.1936414241790771,0.0125175341963768,-0.07640011758890762,-0.12765164692277448,-0.09664497401989805
8.44692441666848,0.1158619374036789,0.024927139282226562,-0.26428496837615967,-0.17968446016311646,-1.332045078277588,0.016941577196121216,-0.0891236487976462,-0.12930715667078402,-0.09665049205170345
8.456980416667648,0.13356414437294006,0.05175668001174927,-0.2806650400161743,-0.20743711292743683,-1.4184647798538208,-0.014688068069517612,-0.10301942107051919,-0.13126881113659938,-0.09680276725767756
8.467036416666815,0.12132914364337921,0.0032851099967956543,-0.2942271828651428,-0.08721297234296799,-1.4282026290893555,-0.005522000137716532,-0.1174139587950151,-0.13278021847296712,-0.09709165427184735
8.477092416665982,0.10278218984603882,0.06096440553665161,-0.24438589811325073,0.08998586237430573,-1.4030324220657349,-0.02504590153694153,-0.13160001577151736,-0.13265622956655304,-0.0971945697214219
8.48714841666515,0.09921781718730927,0.12450289726257324,-0.17877906560897827,0.1022353395819664,-1.4818404912948608,-0.04023550823330879,-0.14608329235536785,-0.13155636976747495,-0.09736416635767592
8.497204416671593,0.12052102386951447,0.06727278232574463,-0.1309211254119873,0.15726885199546814,-1.5785837173461914,-0.028599996119737625,-0.16147920111586955,-0.13021429437370566,-0.09751778185162535
8.50726041667076,0.1304362267255783,0.03690481185913086,-0.13128507137298584,0.2879645526409149,-1.6593505144119263,-0.002709808526560664,-0.17778362816774285,-0.12796735747751517,-0.0971943293076327
8.517316416669928,0.12374719977378845,0.04935562610626221,-0.13968241214752197,0.3276655375957489,-1.7559460401535034,-0.055071283131837845,-0.19486241407697139,-0.12476621220336288,-0.09687657976521391
8.527371416668757,0.11754171550273895,0.06707954406738281,-0.060825228691101074,0.2668493092060089,-1.9119952917099,-0.04507217928767204,-0.213258749743646,-0.12170483537418288,-0.09681123482377768
8.537427416667924,0.12292194366455078,0.08283740282058716,-0.08829325437545776,0.23944628238677979,-2.0292232036590576,0.00030148093355819583,-0.23305982562040112,-0.11924113319218248,-0.09639238206830951
8.547483416667092,0.11454431712627411,-0.001478731632232666,-0.1446092128753662,0.2311425358057022,-2.0752079486846924,-0.10480895638465881,-0.2536755007273995,-0.1167362473095814,-0.0963221373416634
8.557539416666259,0.0919894129037857,-0.04519486427307129,-0.11321401596069336,0.14565107226371765,-2.045682191848755,-0.06261277198791504,-0.2745194298378926,-0.11477810792147071,-0.09679693305842398
8.567595416665426,0.08616094291210175,0.04142838716506958,-0.08668875694274902,0.2292783260345459,-2.017894744873047,-0.02230183221399784,-0.2948002542050603,-0.11290060046729378,-0.09668685505753488
8.577651416664594,0.1060246080160141,0.05741006135940552,-0.06644046306610107,0.2875121235847473,-2.056727886199951,-0.08650625497102737,-0.31515904845030257,-0.1101679952053254,-0.09632480804319932
8.587707416671037,0.13587315380573273,0.020514845848083496,-0.05635404586791992,0.20731821656227112,-2.1060755252838135,-0.042931877076625824,-0.33616726623503207,-0.10760488576169554,-0.0962699628607996
8.597763416670205,0.1284920573234558,0.04472780227661133,-0.04289889335632324,0.26084908843040466,-2.097334861755371,-0.013358591124415398,-0.35720251912239087,-0.10541777735838692,-0.09570413467693648
8.607818416669033,0.09304344654083252,0.025870323181152344,-0.035524845123291016,0.3115586042404175,-2.084413528442383,-0.06578265130519867,-0.37815501611150165,-0.1026132096011385,-0.09513455228691149
8.6178744166682,0.07949565351009369,0.041111767292022705,-0.03501296043395996,0.43756023049354553,-2.0573065280914307,-0.06249971687793732,-0.39881216952280807,-0.09890331443927108,-0.09432821677802437
8.627930416667368,0.080005943775177,0.09453684091567993,-0.008685648441314697,0.5599596500396729,-2.065091133117676,-0.026519613340497017,-0.41932960271857905,-0.09406382558397584,-0.0927166765515929
8.637986416666536,0.10020816326141357,0.05537790060043335,-0.01825171709060669,0.6110861897468567,-2.0757856369018555,-0.018356384709477425,-0.43997487526774426,-0.08850254495673365,-0.09047317246169388
8.648042416665703,0.0921284407377243,0.03434687852859497,-0.04797196388244629,0.588650643825531,-2.034414768218994,-0.028723537921905518,-0.46030335956826357,-0.08286283876482609,-0.08803029252632157
8.65809841666487,0.06756848096847534,0.011906564235687256,-0.018985271453857422,0.572770357131958,-2.0520222187042236,-0.046131476759910583,-0.48066197616784384,-0.07746450965258667,-0.08563924999530997
8.668154416671314,0.07230822741985321,-0.03841322660446167,-0.03561544418334961,0.3491913378238678,-2.085726737976074,-0.04099983349442482,-0.5013936973458049,-0.07296338455362053,-0.0838004811493202
8.678210416670481,0.08259837329387665,0.004616379737854004,-0.08718478679656982,0.21265311539173126,-2.0940756797790527,-0.005283007863909006,-0.5223618569506826,-0.07054645090597825,-0.08267838407239379
8.688266416669649,0.08691851794719696,-0.025426864624023438,-0.15206122398376465,0.22102369368076324,-2.040215492248535,-0.02586498111486435,-0.5430594336796322,-0.06857950549695926,-0.08170153731071993
8.698321416668477,0.07683040201663971,-0.041900455951690674,-0.09925347566604614,0.20272065699100494,-1.9714336395263672,-0.08457287400960922,-0.563209373917872,-0.06648121184709091,-0.08114189509435639
8.708377416667645,0.06401810050010681,-0.020058870315551758,-0.034452617168426514,0.4251830279827118,-1.8908181190490723,-0.05093395709991455,-0.5824383562606454,-0.06348485345692718,-0.07999855527287919
8.718433416666812,0.07495567202568054,-0.05516165494918823,0.005469324067234993,0.6121873259544373,-1.9652462005615234,-0.09573862701654434,-0.6016422520046388,-0.058740135729134384,-0.07763859249860815
8.72848941666598,0.09557871520519257,0.02649557590484619,-0.01893758960068226,0.7724997401237488,-1.9671945571899414,-0.10014615952968597,-0.6213329858693912,-0.052403961143212906,-0.07443888388186327
8.738545416665147,0.0946633517742157,0.060653090476989746,-0.0640382170677185,0.8705184459686279,-1.9137747287750244,-0.1058073565363884,-0.6405267386388649,-0.04494764572658771,-0.07025033808252347
8.74860141667159,0.07124786078929901,0.00045299530029296875,-0.05350195989012718,0.9031389951705933,-1.8129987716674805,-0.11500164866447449,-0.659176745836097,-0.03705199414836851,-0.06564397820347197
8.758657416670758,0.060152336955070496,-0.052137553691864014,-0.06953895092010498,0.616039514541626,-1.6763757467269897,-0.16684716939926147,-0.6766303470431234,-0.030122848463972885,-0.06196986968177081
8.768713416669925,0.04128456115722656,0.018938004970550537,0.07313543558120728,0.3924277126789093,-1.604121208190918,-0.11913556605577469,-0.6929874164964642,-0.025261774904939895,-0.059857591028805675
8.778769416669093,0.11827199161052704,0.1636093258857727,0.13308656215667725,0.3320920169353485,-1.6195902824401855,-0.0024885796010494232,-0.7091685421101523,-0.022234582325637874,-0.05792240936596168
8.788824416667921,0.1400650590658188,0.11731433868408203,0.21059709787368774,0.40756601095199585,-1.653319001197815,-0.05691427364945412,-0.725583845591786,-0.019325799540497707,-0.05566834740435217
8.798880416667089,0.07626479864120483,0.08846485614776611,0.23845458030700684,0.5061901807785034,-1.7035987377166748,-0.10280322283506393,-0.7423750165426352,-0.015338989544620782,-0.0532156557486686
8.808936416666256,0.08132340013980865,0.15267527103424072,0.167991042137146,0.5370277762413025,-1.7377052307128906,-0.11736858636140823,-0.7596537285729901,-0.010765521857429235,-0.0504076688922331
8.818992416665424,0.0815017819404602,0.06542140245437622,0.11561602354049683,0.4116295874118805,-1.7435953617095947,-0.15826520323753357,-0.7771106183362706,-0.006274458166545815,-0.048054059472075236
8.829048416664591,0.05925664305686951,-0.028312861919403076,0.059170063585042953,0.1653527021408081,-1.7058483362197876,-0.16247913241386414,-0.794458918601564,-0.0029936770121690515,-0.047047738867427726
8.839104416671034,0.04674027860164642,-0.07345032691955566,-0.004071593284606934,-0.031263288110494614,-1.616660237312317,-0.17686256766319275,-0.8111817846517876,-0.001397249003747885,-0.04779120326738904
8.849160416670202,0.03104725480079651,-0.0792577862739563,0.0022823773324489594,-0.1532328724861145,-1.5297064781188965,-0.18891629576683044,-0.8269481699684705,-0.0007244706171916449,-0.04983984727540125
8.85921641666937,0.03609322011470795,-0.016758739948272705,0.04598391056060791,-0.06625722348690033,-1.4795167446136475,-0.17667774856090546,-0.8420372216687461,-0.00013922080391666854,-0.05190752987646753
8.869271416668198,0.043385639786720276,-0.006083190441131592,0.1528986096382141,-0.005138475447893143,-1.4741384983062744,-0.14989939332008362,-0.8569141899734685,0.0009300742107718487,-0.05323888612623948
8.879327416667365,0.04693375527858734,0.02511465549468994,0.1720523238182068,0.18642963469028473,-1.4326680898666382,-0.07671231776475906,-0.8715629839758262,0.002289891925366693,-0.05338613706089558
8.889383416666533,0.04640382528305054,0.0033025741577148438,0.08835119009017944,0.38322392106056213,-1.3920146226882935,-0.04456343501806259,-0.885675614200037,0.004664700685823801,-0.0514277755210202
8.8994394166657,0.027863651514053345,0.039483606815338135,0.14215242862701416,0.2933114767074585,-1.3863492012023926,0.012873784638941288,-0.8997039177311077,0.006978292813316067,-0.04889025296824757
8.909495416664868,0.06122404336929321,-0.07113915681838989,0.13079547882080078,0.025805192068219185,-1.3902605772018433,0.05170160531997681,-0.913734020464014,0.00773214348346995,-0.04737010864683273
8.919551416671311,0.0768842101097107,-0.1542026400566101,0.1168556809425354,-0.2300039529800415,-1.3986306190490723,0.07632759213447571,-0.9277890679821544,0.006599597337531343,-0.047752631934648085
8.929607416670478,0.09223340451717377,-0.1294994354248047,0.06289750337600708,-0.29038766026496887,-1.4160794019699097,0.04812151938676834,-0.9419646628460598,0.004457312509405596,-0.049511333783901115
8.939663416669646,0.10382179915904999,-0.012738347053527832,-0.014395831152796745,-0.10978450626134872,-1.4798833131790161,0.043468233197927475,-0.9564449833310453,0.002789138178115775,-0.051068513150846165
8.949719416668813,0.12207642197608948,0.07567828893661499,-0.11966168880462646,0.23256191611289978,-1.5831918716430664,-0.001410825178027153,-0.971840527354666,0.00296125230711657,-0.050337944734077385
8.959774416667642,0.1027006208896637,0.13503366708755493,-0.1578192114830017,0.3905525207519531,-1.680928349494934,-0.08310297131538391,-0.9882606949164192,0.0051260110926254114,-0.04786384335467725
8.96983041666681,0.09286549687385559,0.11338001489639282,-0.17386233806610107,0.48365822434425354,-1.722335696220398,-0.1347733587026596,-1.0054273645054215,0.008457400349480058,-0.04467528835696795
8.979886416665977,0.0867333859205246,0.10266178846359253,-0.14981788396835327,0.36878469586372375,-1.758378028869629,-0.1814834177494049,-1.0229440595132495,0.012147840507972218,-0.041759019080701565
8.989942416665144,0.09615364670753479,0.07282811403274536,-0.08741194009780884,-0.01343484316021204,-1.8394638299942017,-0.18809843063354492,-1.0410683070806326,0.014774415528102129,-0.04106664695539429
8.999998416671588,0.10680630803108215,-0.0019478201866149902,-0.07442682981491089,-0.21117016673088074,-1.8655474185943604,-0.23561474680900574,-1.0595863694793433,0.015891142225630053,-0.043189727360681114
9.010054416670755,0.07202696800231934,0.041551291942596436,-0.09115129709243774,-0.17506729066371918,-1.8882505893707275,-0.33348432183265686,-1.0784308871214858,0.017409426300385427,-0.04629999671281981
9.020110416669922,0.04767271876335144,0.1150779128074646,-0.09285420179367065,-0.07200983166694641,-1.8587285280227661,-0.37810027599334717,-1.0972226969901415,0.020042542158372204,-0.04916649851049768
9.03016641666909,0.055333271622657776,0.09867590665817261,-0.07225513458251953,0.04192392900586128,-1.8469805717468262,-0.374373197555542,-1.115819307218585,0.023345774519771666,-0.05098107694769629
9.040221416667919,0.059483110904693604,0.06080526113510132,-0.02429485321044922,0.11414153128862381,-1.8550119400024414,-0.405152827501297,-1.1344440184588398,0.02724363459999487,-0.05181547500889649
9.050277416667086,0.05810956656932831,0.02562636137008667,0.03955197334289551,0.04282820597290993,-1.8451942205429077,-0.4042279124259949,-1.1532181380082323,0.031100197492772323,-0.052964060002252365
9.060333416666253,0.06765666604042053,-0.01926887035369873,0.03603172302246094,-0.09456080943346024,-1.8094983100891113,-0.4133153557777405,-1.1715560666375804,0.034946468183114664,-0.05482176398660218
9.07038941666542,0.07544541358947754,-0.014230489730834961,0.13659405708312988,-0.14659897983074188,-1.7642338275909424,-0.4033482074737549,-1.1893588913162887,0.03832171529048091,-0.05750092595918015
9.08044554166554,0.09409978985786438,0.025624752044677734,0.14077210426330566,-0.09076239168643951,-1.7609350681304932,-0.39311033487319946,-1.207030436763484,0.04156176491328937,-0.06006929946264359
9.090501541664707,0.11333736777305603,0.012096703052520752,0.11026382446289062,-0.0804748684167862,-1.7124104499816895,-0.3478837311267853,-1.2244000489424025,0.044805731659916186,-0.06207990897269613
9.10055754167115,0.11576594412326813,-0.06009483337402344,0.1322798728942871,-0.09232273697853088,-1.6523617506027222,-0.3024055063724518,-1.2412719321589247,0.04763837236621073,-0.06392207691520806
9.110613541670318,0.11066682636737823,-0.07930809259414673,0.11391985416412354,-0.1242937222123146,-1.5995317697525024,-0.31326988339424133,-1.2575322587774143,0.050310143717127026,-0.06581952956058894
9.120669541669486,0.10518737137317657,-0.07830363512039185,0.11452186107635498,-0.2557755708694458,-1.5911957025527954,-0.29588940739631653,-1.2734125403261713,0.05265646749238557,-0.06852750292291294
9.130724541668314,0.08927670121192932,-0.14115965366363525,0.10326851904392242,-0.33465439081192017,-1.5885369777679443,-0.2835105061531067,-1.2891182629433724,0.05455180985147659,-0.07222214656183121
9.140780541667482,0.06834061443805695,-0.16154330968856812,0.1307697296142578,-0.37750279903411865,-1.6122031211853027,-0.2788940668106079,-1.3049711765548468,0.05635148883451694,-0.07640787330985783
9.15083654166665,0.056274667382240295,-0.10869359970092773,0.17759346961975098,-0.35605183243751526,-1.6719061136245728,-0.19524924457073212,-1.3212224279934548,0.05771801141799546,-0.08072352855040911
9.160892541665817,0.07072724401950836,-0.1573759913444519,0.10932289808988571,-0.3844519853591919,-1.712286353111267,-0.11572358012199402,-1.3380217052003192,0.05831698235772855,-0.08456836494455296
9.170948541664984,0.048539891839027405,-0.18899619579315186,0.09914993494749069,-0.5587643980979919,-1.6819976568222046,-0.06624071300029755,-1.3548686694901066,0.05816995133949948,-0.08943060068203261
9.181004541671427,0.027361944317817688,-0.20216286182403564,0.09153663367033005,-0.5618636012077332,-1.6255842447280884,0.030996568500995636,-1.3711217357211938,0.057133399660137564,-0.09509914738383768
9.191060541670595,0.0172978937625885,-0.16750723123550415,0.048549406230449677,-0.45959606766700745,-1.610490322113037,0.10396824777126312,-1.3871542135319088,0.055499056030097325,-0.09999651512472711
9.201116541669762,0.003671199083328247,-0.12012594938278198,-0.020173557102680206,-0.40307843685150146,-1.5978608131408691,0.16279269754886627,-1.4030241201526759,0.05344571975313575,-0.1039132547561003
9.211171541668591,0.0005967766046524048,-0.16037124395370483,-0.011336326599121094,-0.406809538602829,-1.616660714149475,0.18990448117256165,-1.4189242370076256,0.05100731154451196,-0.10763406380436795
9.221227541667758,0.014534205198287964,-0.11660820245742798,0.01971614360809326,-0.2507324814796448,-1.6760400533676147,0.21160760521888733,-1.4352810363280704,0.04850840338785436,-0.11064401322136254
9.231283541666926,0.033916741609573364,-0.010639667510986328,-0.01976156234741211,-0.15625125169754028,-1.7339062690734863,0.2108169049024582,-1.4523792785345286,0.04614305917829122,-0.11243490593895747
9.241339541666093,0.05952134728431702,-0.05928605794906616,-0.00874568521976471,-0.24945643544197083,-1.7474126815795898,0.23796908557415009,-1.4698249478548644,0.043763385552180484,-0.11410181862778378
9.25139554166526,0.06919391453266144,-0.11693990230560303,0.09289608895778656,-0.2780912518501282,-1.7480683326721191,0.3534890413284302,-1.4873047571016078,0.040421046956271627,-0.1166892443334626
9.261451541671704,0.059509217739105225,-0.050365149974823,0.07240414619445801,-0.016807515174150467,-1.7117666006088257,0.3756568431854248,-1.5046822052360729,0.036611860383027946,-0.11810651135615083
9.271507541670871,0.06291680037975311,-0.00048607587814331055,-0.05137501657009125,0.3894188106060028,-1.665128231048584,0.38003745675086975,-1.5217294975858586,0.032984668729208085,-0.11593740647798645
9.281563541670039,0.06372131407260895,-0.0503198504447937,-0.09376512467861176,0.8131909966468811,-1.580891489982605,0.44383862614631653,-1.5382586840310497,0.02911364235867758,-0.10967067946329476
9.291619541669206,0.06323443353176117,-0.016087234020233154,-0.08608891069889069,1.1895790100097656,-1.558451771736145,0.5186409950256348,-1.5542411635149238,0.02450361262756226,-0.09939448861024458
9.301674541668035,0.060983315110206604,-0.07998931407928467,0.06428562104701996,1.102800965309143,-1.6568742990493774,0.5484544634819031,-1.5706539942904398,0.01923873855756965,-0.08753272866767664
9.311730541667202,0.04888047277927399,-0.1650417447090149,0.10775722563266754,0.6765929460525513,-1.7647291421890259,0.612113356590271,-1.5879603426970599,0.013368715614471094,-0.07853835061309848
9.32178654166637,0.06255492568016052,-0.2068309187889099,0.07727600634098053,0.38645613193511963,-1.860285997390747,0.6104872822761536,-1.6063203703586533,0.007008089790199966,-0.07343958843709071
9.331842541665537,0.05207467079162598,-0.17813223600387573,-0.05338142812252045,0.21292775869369507,-1.861101508140564,0.57600337266922,-1.6250978342646898,0.0009492887852845484,-0.07077438933271826
9.341898541664705,0.04010017216205597,-0.0870019793510437,-0.12676583230495453,0.08237841725349426,-1.789451003074646,0.5629819631576538,-1.6433943453523432,-0.0047953777017500305,-0.06962773637529782
9.351954541671148,0.05789446830749512,-0.027302682399749756,-0.05650138854980469,0.0773538276553154,-1.749642252922058,0.5885789394378662,-1.6611909164616796,-0.01062844381136315,-0.06944163821083713
9.362010541670315,0.08328667283058167,-0.008658826351165771,-0.08159017562866211,0.3088546395301819,-1.6568564176559448,0.5619854927062988,-1.6783457673080617,-0.016616655665434115,-0.06819592579424137
9.372066541669483,0.06277890503406525,0.03907310962677002,-0.13824868202209473,0.49901044368743896,-1.5199015140533447,0.5065552592277527,-1.6942348531793257,-0.02242237179558067,-0.06465718008832617
9.382121541668312,0.060385480523109436,0.06733125448226929,-0.04960571229457855,0.4491040110588074,-1.4424782991409302,0.4567479193210602,-1.708932781666286,-0.027837996341865488,-0.06043949791423979
9.392177541667479,0.060250818729400635,0.06623411178588867,0.08580626547336578,0.3162016272544861,-1.4477345943450928,0.4432968497276306,-1.723383333256924,-0.03287286858990364,-0.05720699924919743
9.402233541666646,0.06400114297866821,0.10081750154495239,0.05516362190246582,0.1614382565021515,-1.4160624742507935,0.4046112298965454,-1.7377545608188676,-0.037489893038093074,-0.05543074264728358
9.412289541665814,0.040433503687381744,0.08123493194580078,0.04791557788848877,-0.003616212634369731,-1.2988018989562988,0.37326741218566895,-1.75144354407754,-0.04148876338676489,-0.055312239159851194
9.422345541664981,0.018618904054164886,0.07229554653167725,0.11401629447937012,-0.1547451913356781,-1.1502264738082886,0.3964936435222626,-1.7638611784670148,-0.04507910319058608,-0.056907438593369324
9.432401541671425,0.025821447372436523,0.08853775262832642,0.20400260388851166,-0.16647055745124817,-0.967066764831543,0.4382205903530121,-1.7746276015659543,-0.048877063223149185,-0.05939819999696415
9.442457541670592,0.007268048822879791,0.05155712366104126,0.24975121021270752,-0.013981323689222336,-0.777648389339447,0.43073076009750366,-1.7834824164963563,-0.05301211239496125,-0.061257127917157685
9.45251354166976,-0.03258270025253296,0.04068422317504883,0.27098798751831055,0.18270856142044067,-0.6757981777191162,0.3739630877971649,-1.7907390012016768,-0.05716533319215532,-0.0614139586804402
9.462568541668588,-0.05860820412635803,0.03235304355621338,0.25384843349456787,0.37358108162879944,-0.6867851614952087,0.3024839758872986,-1.7974089736957588,-0.061085159881872735,-0.05941554288275521
9.472624541667756,-0.08618281781673431,0.13467389345169067,0.19219768047332764,0.3846161663532257,-0.7703868746757507,0.2668471336364746,-1.804378616686637,-0.06480975912734746,-0.05602034673554312
9.482680541666923,-0.08835426717996597,0.146093487739563,0.26235032081604004,0.04368876293301582,-0.9287376403808594,0.2615400552749634,-1.8129116266116905,-0.06785645267877244,-0.05449850258138643
9.49273654166609,-0.04305650293827057,0.06169629096984863,0.05284726619720459,-0.3552541136741638,-0.9535332918167114,0.24505722522735596,-1.8225790527709411,-0.0699825671641404,-0.05655460734123922
9.502792541665258,-0.05919644236564636,0.029129445552825928,0.002452358603477478,-0.6694126129150391,-0.9409034252166748,0.24650943279266357,-1.8325787974702463,-0.07101878893582277,-0.06238057572617086
9.512848541671701,-0.06204129382967949,0.05805736780166626,0.02655506134033203,-0.6904148459434509,-0.8811162710189819,0.2382696121931076,-1.8423455496135783,-0.07151091244004708,-0.06991330788570711
9.522904541670869,-0.04727454483509064,0.09420180320739746,0.03787766396999359,-0.3875574469566345,-0.7922271490097046,0.2162080556154251,-1.8512383517226274,-0.07215761237615004,-0.07599591264592344
9.532960541670036,-0.029540661722421646,0.13291263580322266,-0.0069893598556518555,-0.06621722877025604,-0.7204081416130066,0.17198999226093292,-1.8589358327307233,-0.07346621149211861,-0.07862426390800265
9.543016541669203,-0.022750992327928543,0.12113326787948608,0.1191646009683609,0.12945301830768585,-0.7065266966819763,0.10448689758777618,-1.8661795153052982,-0.07492738817089636,-0.07870058823826334
9.553071541668032,0.0024086162447929382,0.08851832151412964,0.15065717697143555,0.3371998071670532,-0.6493962407112122,0.040172092616558075,-1.8728210392478757,-0.07634713542434703,-0.07668658525547489
9.5631275416672,0.014444548636674881,0.09010684490203857,0.15537132322788239,0.5064411759376526,-0.5917518734931946,-0.02624805085361004,-1.8786882879819822,-0.07773595816453459,-0.07248297016597825
9.573183541666367,0.03733508661389351,0.1725025773048401,0.19403411448001862,0.32137009501457214,-0.6173770427703857,-0.038144391030073166,-1.8843782572790464,-0.07875218683656328,-0.06809365609775153
9.583239541665534,0.09243591129779816,0.09873747825622559,0.20079994201660156,-0.1514269858598709,-0.6036515235900879,-0.026097768917679787,-1.8905591719122223,-0.07870506767545382,-0.06715529820435369
9.593295541664702,0.08806194365024567,-0.012239158153533936,0.14409123361110687,-0.4451422095298767,-0.5543521642684937,-0.029624059796333313,-1.8966250043322008,-0.0774468374202805,-0.07013950939055907
9.603351541671145,0.058018144220113754,0.030640721321105957,0.09937083721160889,-0.436115026473999,-0.4932045340538025,-0.051953308284282684,-1.9021973306308961,-0.07561774954722356,-0.07429678827661285
9.613407541670313,0.01824195683002472,0.08941018581390381,0.07487370073795319,-0.3204651474952698,-0.44032666087150574,-0.06848275661468506,-1.9071146358262505,-0.07381108953848277,-0.07767911847233791
9.62346354166948,-0.025275565683841705,0.04345613718032837,0.07220125198364258,-0.2187880426645279,-0.37364616990089417,-0.09697915613651276,-1.911378530430214,-0.07217649688915118,-0.0798756583622141
9.633518541668309,-0.06590428948402405,0.018408119678497314,0.06179548799991608,-0.08309705555438995,-0.3489384353160858,-0.10437635332345963,-1.9151006866571156,-0.07073531415444019,-0.08100346857531616
9.643574541667476,-0.0778672844171524,0.008190810680389404,0.04027700424194336,0.10090038925409317,-0.34470558166503906,-0.1137634664773941,-1.9185294021742554,-0.06970708096835616,-0.08059430158369282
9.653630541666644,-0.07097870111465454,0.020936131477355957,0.031994596123695374,0.2598617970943451,-0.3659600019454956,-0.09445847570896149,-1.9219161928653243,-0.06939060451990149,-0.0784543262686521
9.663686541665811,-0.05874970182776451,0.03058701753616333,0.03102339804172516,0.19233514368534088,-0.4275165796279907,-0.04076531529426575,-1.9257734829919182,-0.06956160008945508,-0.07585685153691867
9.673742541664978,-0.05535932257771492,-0.032219886779785156,-0.03401172161102295,-0.09233760833740234,-0.4245322644710541,0.00537155382335186,-1.930050102306731,-0.06959963054833715,-0.07533182608434015
9.683798541671422,-0.06951623409986496,-0.14772015810012817,-0.024066463112831116,-0.2148325890302658,-0.43297168612480164,0.005072081461548805,-1.934460155622076,-0.06901443075747134,-0.07698607537042343
9.69385454167059,-0.045371055603027344,-0.058757901191711426,-0.02779175341129303,-0.05156349763274193,-0.39730292558670044,0.03114629164338112,-1.9387042334460922,-0.06870003039061823,-0.0783718930214354
9.703910541669757,-0.0097433440387249,0.028444945812225342,-0.07835747301578522,0.15420196950435638,-0.3491365611553192,0.027447987347841263,-1.942414963089358,-0.06920055514105902,-0.07793585131604298
9.713966541668924,0.011282604187726974,0.00946664810180664,-0.026053085923194885,0.24643495678901672,-0.34177690744400024,-0.003447877010330558,-1.9457467811214297,-0.07005993514364531,-0.07606753811047616
9.724021541667753,0.0413547083735466,0.039040565490722656,0.0005742311477661133,0.3265959620475769,-0.32991722226142883,-0.0031378052663058043,-1.9489339545027862,-0.07109586088794309,-0.073324431434535
9.73407754166692,0.045403096824884415,0.0713854432106018,0.012248396873474121,0.428762286901474,-0.30461639165878296,-0.03869792819023132,-1.9519082418476474,-0.07237476820719982,-0.06963825839402295
9.744133541666088,0.039517637342214584,0.05806690454483032,0.03305184841156006,0.3988516926765442,-0.2602728605270386,-0.07023178040981293,-1.9544621561621265,-0.07340451840262598,-0.06553013302299589
9.754189541665255,0.04275047406554222,0.05833697319030762,0.07770323008298874,0.35136887431144714,-0.21158097684383392,-0.07570910453796387,-1.9565749747043837,-0.07413128404096025,-0.06170042912301502
9.764245541671698,0.02844538539648056,0.003208339214324951,0.13999462127685547,0.22855453193187714,-0.15363430976867676,-0.052260663360357285,-1.9581978837290304,-0.07461958333824312,-0.05869181736165522
9.774301541670866,0.02822944149374962,-0.050410330295562744,0.0684741735458374,0.18685369193553925,-0.12194642424583435,-0.002834258135408163,-1.9593973774908215,-0.07510670497481592,-0.05670916876794995
9.784357541670033,-0.02040063962340355,-0.03879523277282715,-0.027928829193115234,0.2230582982301712,-0.14203891158103943,0.010300185531377792,-1.9605243817574622,-0.07594472150011648,-0.05483568810995185
9.7944135416692,-0.07081536948680878,-0.06865233182907104,-0.06483316421508789,0.2445438951253891,-0.15340501070022583,0.0035397515166550875,-1.9618504095093736,-0.07695337224924784,-0.0525693867873282
9.80446854166803,-0.058495473116636276,-0.06993633508682251,-0.05133975297212601,0.24413242936134338,-0.18745379149913788,0.010143858380615711,-1.963384617144929,-0.07795978578692168,-0.05033087194696927
9.814524541667197,-0.025834042578935623,-0.04990917444229126,0.03910565376281738,0.10382511466741562,-0.2828032076358795,-0.0021745930425822735,-1.9655833814873804,-0.07872405116248563,-0.04863390475904182
9.824580541666364,0.0001325942575931549,-0.04273653030395508,0.043812766671180725,0.01992311328649521,-0.3574622869491577,0.00593952601775527,-1.9687941031871208,-0.07893772025149427,-0.0481242181018236
9.834636541665532,0.002802286297082901,-0.016597747802734375,-0.00495503842830658,-0.07820691913366318,-0.4548133313655853,0.03193331137299538,-1.9729262896336799,-0.078995987127981,-0.048531192189139566
9.844692541664699,0.00981457531452179,0.023746907711029053,-0.0639725998044014,-0.07338273525238037,-0.4952738285064697,0.05574961006641388,-1.977783433490619,-0.0791685557428579,-0.04938141695530973
9.854748541671142,0.0007423199713230133,-0.025923609733581543,-0.052054762840270996,-0.11983199417591095,-0.4720587730407715,0.05637518689036369,-1.9828014936168032,-0.07929123241812824,-0.05048484059178969
9.86480454167031,0.011958921328186989,-0.03181052207946777,0.001164078712463379,-0.11257513612508774,-0.38926801085472107,0.08116937428712845,-1.9873495153510738,-0.07938929711481316,-0.05196238753024421
9.874860541669477,0.025624029338359833,-0.03243517875671387,0.012489423155784607,-0.06051460653543472,-0.239071324467659,0.08352787047624588,-1.9906226799138549,-0.07976653827497261,-0.05311761085774657
9.884915541668306,0.021690290421247482,-0.031561315059661865,0.05211471766233444,0.04806864261627197,-0.10428781062364578,0.070173479616642,-1.9923477932248168,-0.08049700859472514,-0.05340984092730516
9.894971541667474,0.025269823148846626,-0.013487517833709717,0.061022400856018066,0.066447913646698,-0.014533951878547668,0.02331010065972805,-1.9928950038063526,-0.08117614889421512,-0.05302551058611255
9.905027541666641,0.01003553718328476,-0.01082003116607666,0.07427038252353668,0.09099036455154419,0.031285203993320465,-0.01604284532368183,-1.9927206488061007,-0.08154736884641864,-0.05228008108175309
9.915083541665808,-0.010817794129252434,0.004776716232299805,0.22856999933719635,-0.00859827734529972,0.006965215317904949,-0.024563895538449287,-1.992473335257253,-0.08148448354142333,-0.05174828453494609
9.925139541664976,0.06396715342998505,0.0524863600730896,0.2554130554199219,-0.08162281662225723,0.01145410630851984,0.020940978080034256,-1.992400705411415,-0.081286837238446,-0.05221698887828833
9.935195541671419,0.09988037496805191,-0.01082688570022583,0.14731396734714508,-0.06200597435235977,0.06138890981674194,0.00046153689618222415,-1.992106012288291,-0.08105827201487355,-0.052993309751068654
9.945251541670586,-0.00997936725616455,0.01893848180770874,0.13182665407657623,-0.04712773486971855,0.08625790476799011,-0.023731231689453125,-1.9913965342595437,-0.08074510062933081,-0.05336512682564141
9.955307541669754,-0.023914042860269547,-0.005684196949005127,0.16270244121551514,-0.13141386210918427,0.1504635363817215,0.006617087405174971,-1.9903116800113656,-0.0803209511271618,-0.05408118994927594
9.965363541668921,-0.020788492634892464,-0.08015155792236328,0.2707972526550293,-0.28133100271224976,0.27861642837524414,0.053540971130132675,-1.9884231372081616,-0.07974667570944294,-0.0561995383258375
9.97541854166775,-0.021717127412557602,-0.0795447826385498,0.3547093868255615,-0.35502758622169495,0.4410106837749481,0.10319880396127701,-1.985086914528111,-0.07913945235947337,-0.05951147928721068
9.985474541666918,-0.012870077043771744,-0.06258434057235718,0.40337300300598145,-0.3043309152126312,0.6044120192527771,0.08311108499765396,-1.9801062936067944,-0.07868480595303005,-0.06293836277975459
9.995530541666085,-0.02114659734070301,-0.03074425458908081,0.4362283945083618,-0.23147453367710114,0.7178648114204407,0.04146004840731621,-1.9736387992630848,-0.07820941130137508,-0.06567295497141604
10.005586541665252,-0.003927662968635559,0.030563056468963623,0.4466601610183716,-0.22376903891563416,0.7598292827606201,-0.013317286036908627,-1.9664114760174474,-0.07743408640229221,-0.06785989878907668
10.015642541671696,0.033456139266490936,0.060198426246643066,0.33535850048065186,-0.17044377326965332,0.8185533285140991,-0.029535403475165367,-1.958602702527282,-0.07645400090727669,-0.06961860697131195
10.025698541670863,0.019654419273138046,0.09731221199035645,0.22167636454105377,-0.13801689445972443,0.8730787038803101,-0.04107533395290375,-1.950178923264968,-0.07558100665873017,-0.0708713703676605
10.03575454167003,0.008075688034296036,0.0843660831451416,0.17016303539276123,-0.21970802545547485,0.9516752362251282,-0.039070241153240204,-1.941213675951977,-0.07454611477209876,-0.07244143950374536
10.045810541669198,0.007271576672792435,0.01841425895690918,0.18655836582183838,-0.2953280508518219,1.0608632564544678,-0.026201525703072548,-1.9313003944883618,-0.07328938197743266,-0.0748029154012743
10.055865541668027,0.0028548464179039,0.00620877742767334,0.17688608169555664,-0.21653737127780914,1.1866930723190308,-0.05305125191807747,-1.9201740152100109,-0.07202127497870073,-0.0771381539573192
10.065921541667194,0.001261696219444275,0.019483089447021484,0.17088784277439117,-0.0984192043542862,1.3307989835739136,-0.059379156678915024,-1.9076419119170682,-0.07094461876896814,-0.07848201558439183
10.075977541666362,0.013944093137979507,0.03448772430419922,0.2311800718307495,-0.021616296842694283,1.4845150709152222,-0.06358242779970169,-1.893516052052591,-0.07014366776095672,-0.0788771185485563
10.08603366666648,0.03658377751708031,0.03484821319580078,0.24585820734500885,0.08471719920635223,1.6287161111831665,-0.11091939359903336,-1.8778083237187029,-0.06944249059863078,-0.07832655094814087
10.096089666665648,0.017955303192138672,0.09130895137786865,0.25821077823638916,0.21523526310920715,1.762645959854126,-0.18622107803821564,-1.8606139859679653,-0.06845522092449081,-0.07644310800573
10.106145666664816,0.021044138818979263,0.19105762243270874,0.2795366048812866,0.2530389130115509,1.8342540264129639,-0.24659663438796997,-1.8422548775183012,-0.06701424132655574,-0.0734794838626785
10.116201666671259,0.07280132919549942,0.23152989149093628,0.2104520946741104,0.18897950649261475,1.8892221450805664,-0.274020254611969,-1.8233703490593542,-0.06507093238494256,-0.07061224631048774
10.126257666670426,0.06915508210659027,0.12928318977355957,0.12351728975772858,0.1349821388721466,2.0118203163146973,-0.31223264336586,-1.8036742354592386,-0.06261230604170334,-0.06831513722900519
10.136312666669255,0.018000192940235138,0.07695752382278442,0.16383397579193115,0.12498250603675842,2.2065138816833496,-0.3418880105018616,-1.782342466716049,-0.0596665017291759,-0.06629990306187059
10.146368666668423,0.044541507959365845,0.08330929279327393,0.2288447469472885,0.22744864225387573,2.3189499378204346,-0.32361534237861633,-1.759422137471527,-0.056695039515207636,-0.06406212851430798
10.15642466666759,0.08672024309635162,0.06599318981170654,0.11535416543483734,0.39889389276504517,2.3658127784729004,-0.3396606147289276,-1.7355773088270883,-0.05398028655678361,-0.06039253837874728
10.166480666666757,0.069381944835186,0.07534986734390259,0.04051244258880615,0.5311699509620667,2.3369317054748535,-0.37249234318733215,-1.7115907640687726,-0.051157415199401056,-0.05509983569141214
10.176536666665925,0.08549591153860092,0.05166912078857422,-0.012285716831684113,0.49786287546157837,2.262317657470703,-0.39115312695503235,-1.6881442458485838,-0.048015282420619254,-0.04935060629113795
10.186592666665092,0.10743125528097153,0.041980862617492676,-0.0497206449508667,0.328717976808548,2.1499016284942627,-0.3934382200241089,-1.665748551457832,-0.04452549802181842,-0.0448515482592218
10.196648666671535,0.09354513138532639,0.017526984214782715,-0.09410178661346436,0.17062367498874664,2.0579938888549805,-0.42300596833229065,-1.6444681047090608,-0.04063301232843859,-0.04193711767033177
10.206704666670703,0.078871950507164,-0.008796989917755127,-0.06539273262023926,-0.019568948075175285,2.039574384689331,-0.44744694232940674,-1.6238874639133303,-0.036285272348851344,-0.04085623226311394
10.216759666669532,0.09783871471881866,-0.03790944814682007,-0.008429758250713348,-0.15412835776805878,2.0773963928222656,-0.4494270086288452,-1.6031899633702222,-0.03172349504095666,-0.04155622268911285
10.2268156666687,0.1153949499130249,-0.055712342262268066,0.041978590190410614,-0.16791696846485138,2.128239393234253,-0.45513448119163513,-1.582036175901079,-0.027179018139584385,-0.043183387061515345
10.236871666667867,0.1270921528339386,-0.014779448509216309,-0.011962652206420898,0.06426461040973663,2.076914072036743,-0.4552423357963562,-1.5608539009261684,-0.02262027574846077,-0.043830999518612655
10.246927666667034,0.1418484002351761,0.031891584396362305,-0.1347355842590332,0.22012317180633545,1.9518862962722778,-0.46093010902404785,-1.5405333301929605,-0.017975638453995076,-0.04242208251250122
10.256983666666201,0.14331038296222687,0.019563138484954834,-0.12711596488952637,0.16661041975021362,1.7959688901901245,-0.45900675654411316,-1.5216424453350146,-0.013284198083126203,-0.04052550231765817
10.267039666665369,0.13793648779392242,-0.050686419010162354,-0.07780551165342331,-0.06408541649580002,1.7189605236053467,-0.4486745297908783,-1.5040429781776603,-0.008680438096370563,-0.04023893887738839
10.277095666664536,0.11094103753566742,-0.09741681814193726,0.03494739532470703,-0.3128233253955841,1.7756158113479614,-0.3841988742351532,-1.4865491738028052,-0.004616147332187637,-0.042471412042889824
10.28715166667098,0.10503186285495758,-0.12384796142578125,0.19639062881469727,-0.4956429898738861,1.877371907234192,-0.301216185092926,-1.4681928348601336,-0.0015854224518826725,-0.04690264786107412
10.297206666669808,0.11961004137992859,-0.13535284996032715,0.2065821886062622,-0.42782241106033325,1.9492801427841187,-0.24278110265731812,-1.4490112639476138,0.0005394039227338771,-0.0520835748925203
10.307262666668976,0.10229575634002686,-0.08674013614654541,0.09850919246673584,-0.30628931522369385,1.9476196765899658,-0.20728915929794312,-1.4294414586082147,0.0023033765044193676,-0.0560611488827734
10.317318666668143,0.09298431873321533,-0.02538388967514038,0.08989214152097702,-0.2665908932685852,1.9190928936004639,-0.17078495025634766,-1.4100058220089795,0.0037626907876895667,-0.05911331313773512
10.32737466666731,0.1116425096988678,-0.038327157497406006,0.06885254383087158,-0.2134905606508255,1.8665615320205688,-0.1257306933403015,-1.3909622447316787,0.0047690330970167946,-0.061804386706215055
10.337430666666478,0.09338153898715973,-0.06544655561447144,0.043774962425231934,-0.1482175588607788,1.8359119892120361,-0.09386810660362244,-1.3723975985792634,0.005477829342697474,-0.06382584390961624
10.347486666665645,0.05813242495059967,-0.012713193893432617,-0.023672111332416534,-0.14691570401191711,1.8857074975967407,-0.053553227335214615,-1.3537064737330775,0.005899511183860506,-0.06539273635050605
10.357542666664813,0.0495680570602417,-0.054335713386535645,-0.055665262043476105,-0.11016249656677246,1.8889232873916626,-0.046447381377220154,-1.3347019116332974,0.006058432352219842,-0.06679294439675044
10.367598666671256,0.0239560604095459,0.031497418880462646,-0.14597713947296143,-0.02643941529095173,1.7916258573532104,-0.030413953587412834,-1.316129774105143,0.006242750090548204,-0.06769621944946747
10.377653666670085,0.030498266220092773,0.005026519298553467,-0.2550925016403198,-0.042838096618652344,1.682202696800232,-0.028960132971405983,-1.2987034410793437,0.006420936340107251,-0.06803500979818736
10.387709666669252,0.04132649302482605,-0.1296825408935547,-0.25284016132354736,-0.19115912914276123,1.6806790828704834,-0.008855984546244144,-1.2818542840907732,0.006267403875152422,-0.06921937170852564
10.39776566666842,0.021029487252235413,-0.14054042100906372,-0.11761820316314697,-0.30907028913497925,1.757743239402771,0.02760189212858677,-1.264614542831239,0.005400834545620835,-0.0716589162866694
10.407821666667587,0.04681214690208435,-0.1491369605064392,0.059198737144470215,-0.3866215646266937,1.9223830699920654,0.08320687711238861,-1.2460323773703847,0.0038928641494792816,-0.07482059864823826
10.417877666666755,0.08346591889858246,-0.13452434539794922,0.2673494815826416,-0.3658140003681183,2.1037373542785645,0.15919698774814606,-1.2256938094286496,0.001397206048511637,-0.07814126617043521
10.427933666665922,0.13204127550125122,-0.15047812461853027,0.26380109786987305,-0.22787585854530334,2.197009325027466,0.14801868796348572,-1.2039281908268034,-0.0010636511897919364,-0.08035186646548687
10.43798966666509,0.15656150877475739,-0.08194977045059204,0.2504526376724243,-0.13880403339862823,2.2066004276275635,0.16857881844043732,-1.1817465919719592,-0.0033125029366902277,-0.0816545369871104
10.448045666671533,0.18254460394382477,-0.06436210870742798,0.10783637315034866,0.06691880524158478,2.1618752479553223,0.1391373872756958,-1.1597596915618213,-0.004952789334392663,-0.08146782508974157
10.458100666670362,0.14977295696735382,-0.02721196413040161,0.032404184341430664,0.09163986146450043,2.0598995685577393,0.0891389399766922,-1.1385419944395356,-0.005554157868549538,-0.0801158512191901
10.468156666669529,0.12485955655574799,0.03882986307144165,-0.007103323936462402,-0.068444162607193,2.0032131671905518,0.08575241267681122,-1.118124804994055,-0.0062510924260760535,-0.07957182044835663
10.478212666668696,0.1230945885181427,0.0018522143363952637,0.03802323341369629,-0.31456685066223145,2.02168607711792,0.0838698223233223,-1.097990214223849,-0.007907548053762804,-0.08091085951196648
10.488268666667864,0.07105840742588043,-0.01574563980102539,0.14836013317108154,-0.42119067907333374,2.154564142227173,0.09633997082710266,-1.077078395671049,-0.010528380249170063,-0.08398411608791503
10.498324666667031,0.054369762539863586,-0.04430675506591797,0.1899256706237793,-0.3874281942844391,2.3793463706970215,0.1068999320268631,-1.0543575811300898,-0.013382243421888441,-0.08700748358933305
10.508380666666199,0.0701541006565094,-0.008733808994293213,0.23553264141082764,-0.2066032737493515,2.5081841945648193,0.11725042015314102,-1.0297855448251187,-0.0161523043649774,-0.08946031626154718
10.518436666665366,0.14253051578998566,0.012124121189117432,-0.05422985181212425,0.10203977674245834,2.5249500274658203,0.08147324621677399,-1.004310575313982,-0.017039424590900312,-0.08932086512112958
10.528492666664533,0.167144313454628,0.10901546478271484,-0.11462032794952393,0.29189836978912354,2.419286012649536,0.04527537152171135,-0.9793071053435438,-0.016390351327601718,-0.08715664893497453
10.538547666670638,0.15737508237361908,0.07477980852127075,-0.1372469663619995,0.24561206996440887,2.2237091064453125,0.03793463483452797,-0.9558303544277139,-0.01516639111565522,-0.08461571706143632
10.548603666669806,0.13107533752918243,0.09863924980163574,-0.11624550819396973,-0.03629794716835022,2.025398015975952,0.027032960206270218,-0.9344397328965105,-0.014789579294771257,-0.08352343086895529
10.558659666668973,0.10526670515537262,0.20077109336853027,-0.176550030708313,-0.27481067180633545,1.8763669729232788,0.01482902467250824,-0.9148864273318027,-0.015986785111243247,-0.08465536719046729
10.56871566666814,0.07916620373725891,0.010708034038543701,-0.20448100566864014,-0.48131752014160156,1.8452712297439575,-0.08249595761299133,-0.8963273130739142,-0.01802897444278913,-0.08786664865096452
10.578771666667308,0.007930725812911987,0.04247337579727173,-0.09410738945007324,-0.5793386697769165,1.892147421836853,-0.08269888907670975,-0.877636200702158,-0.020855017099468284,-0.09267766678013958
10.588827666666475,0.00864902138710022,0.0760498046875,-0.04586803913116455,-0.5204475522041321,1.934401512145996,-0.06176622956991196,-0.8584713196845786,-0.024034996143070923,-0.09756563510810608
10.598883666665643,0.07113625109195709,0.09085237979888916,-0.1578211784362793,-0.30366089940071106,1.9001561403274536,-0.09153105318546295,-0.8392319604736408,-0.02623094973011583,-0.10117717512108733
10.60893966666481,0.11104513704776764,0.2439529299736023,-0.20512616634368896,-0.15892913937568665,1.732568621635437,-0.15989868342876434,-0.8209366020413569,-0.026772298800780532,-0.10369160458063292
10.618994666670915,0.139287531375885,0.23050254583358765,-0.2313082218170166,-0.1647910326719284,1.4979344606399536,-0.22077588737010956,-0.8047404150569831,-0.026505006733064548,-0.10618792082230454
10.629050666670082,0.12067238986492157,0.15350335836410522,-0.2726019620895386,-0.1762842983007431,1.329964280128479,-0.2798362374305725,-0.7906791343610468,-0.025912884544827878,-0.10922272794963031
10.63910666666925,0.06368547677993774,0.16953235864639282,-0.33601295948028564,-0.0995333343744278,1.2433983087539673,-0.3314368426799774,-0.7778365607840745,-0.024748112151222607,-0.11238952118218593
10.649162666668417,0.01075752079486847,0.10956817865371704,-0.29222261905670166,-0.07914324104785919,1.207851529121399,-0.37475937604904175,-0.7656550640819801,-0.022850324334660777,-0.11553307962248438
10.659218666667584,-0.031007006764411926,0.036183178424835205,-0.1564267873764038,-0.13632424175739288,1.2293996810913086,-0.3700024485588074,-0.7534989644955284,-0.021032264393034968,-0.11899697689911692
10.669274666666752,-0.038818761706352234,0.004481971263885498,-0.11049532890319824,-0.11303196102380753,1.2471067905426025,-0.3615889847278595,-0.7411242339140568,-0.019492812693515646,-0.12257947586993272
10.67933066666592,0.0038317888975143433,0.029462218284606934,-0.09892070293426514,-0.07661669701337814,1.225523829460144,-0.3729931712150574,-0.728705823302339,-0.01774054628834009,-0.12595791234075113
10.689386666665087,0.05185706913471222,0.07525408267974854,-0.09132146835327148,0.01422456931322813,1.189888596534729,-0.41237762570381165,-0.7165212645961179,-0.015333096312623865,-0.12916311549200138
10.699441666671191,0.07955873012542725,0.08395957946777344,-0.08340644836425781,0.0790291279554367,1.1447125673294067,-0.43811866641044617,-0.7047941280911182,-0.01224956290336948,-0.1321229514626496
10.709497666670359,0.08468089997768402,0.08116430044174194,-0.04572957754135132,0.18801286816596985,1.1500139236450195,-0.47722190618515015,-0.6933212340475223,-0.008258219309607849,-0.13477879087329667
10.719553666669526,0.06997185945510864,0.09805572032928467,0.024750113487243652,0.16585564613342285,1.1567776203155518,-0.5089263319969177,-0.6817504464720953,-0.0036707906788722823,-0.1374278698777859
10.729609666668694,0.06334985792636871,0.05839967727661133,0.12601470947265625,-0.013517668470740318,1.2020092010498047,-0.5252586007118225,-0.6698974953176562,0.0003169022027685032,-0.1408794072495271
10.739665666667861,0.0594104528427124,-0.026645004749298096,0.2211858034133911,-0.28183886408805847,1.2981386184692383,-0.5070489645004272,-0.6573903570025449,0.0023502956182260286,-0.14588714896632934
10.749721666667028,0.03508542478084564,-0.08521538972854614,0.30082380771636963,-0.5111801624298096,1.4760916233062744,-0.4666304886341095,-0.6435116559263117,0.0020622627595177755,-0.15225601615917025
10.759777666666196,0.011078909039497375,-0.0746694803237915,0.3468891382217407,-0.5947093963623047,1.6481904983520508,-0.4510025084018707,-0.6276437738383416,0.000300492213430753,-0.15931366356113666
10.769833666665363,0.01871064305305481,-0.04611551761627197,0.3383195996284485,-0.5130242109298706,1.7774267196655273,-0.4319651126861572,-0.6103260010761499,-0.0017604039995001354,-0.16620237627911189
10.779888666671468,0.052801549434661865,-0.017852425575256348,0.2352568507194519,-0.3643801808357239,1.775003433227539,-0.4361180365085602,-0.5924833132733301,-0.0029579696600360627,-0.17230339683857443
10.789944666670635,0.07899835705757141,-0.01569831371307373,0.17793238162994385,-0.32241955399513245,1.6774406433105469,-0.46702417731285095,-0.5750712838494465,-0.003236579806944696,-0.17794328477033222
10.800000666669803,0.11245903372764587,-0.03340566158294678,0.06614160537719727,-0.3949166536331177,1.5632951259613037,-0.4324403703212738,-0.5588413950816392,-0.003866252875395891,-0.18377495073965913
10.81005666666897,0.13451918959617615,-0.02861642837524414,-0.05804163217544556,-0.46154093742370605,1.4251008033752441,-0.39469191431999207,-0.5438671529133856,-0.005443997931675,-0.18955977667190096
10.820112666668138,0.1110471785068512,-0.08863228559494019,-0.11401599645614624,-0.5753530263900757,1.3362153768539429,-0.3767741620540619,-0.5300819744631834,-0.007854116825526393,-0.19558124353117703
10.830168666667305,0.06386929750442505,-0.13488656282424927,-0.09451943635940552,-0.7291681170463562,1.3318264484405518,-0.3165696859359741,-0.5167609533364657,-0.01175811925183065,-0.2018667825922999
10.840224666666472,0.034919172525405884,-0.1745213270187378,-0.048913776874542236,-0.8275942802429199,1.3824390172958374,-0.25551193952560425,-0.5032278839359865,-0.017180795360198172,-0.20821151704633914
10.85028066666564,0.027196913957595825,-0.16702532768249512,0.03666818141937256,-0.8151301741600037,1.4650249481201172,-0.16675035655498505,-0.48903000080247666,-0.023540419792541175,-0.21408827366978792
10.860335666671745,0.03216785192489624,-0.12489563226699829,0.06535196304321289,-0.7060284614562988,1.5459898710250854,-0.08614899218082428,-0.4739943269121527,-0.02974954085672918,-0.21875075027410737
10.870391666670912,0.06122690439224243,-0.08515971899032593,-0.0024435510858893394,-0.4631389379501343,1.5376331806182861,-0.021702514961361885,-0.4584901873844778,-0.03488149512392736,-0.22192605999545378
10.88044766667008,0.13287949562072754,-0.02958625555038452,-0.16996252536773682,-0.30229148268699646,1.386061668395996,0.018195899203419685,-0.443782280938437,-0.038282542704432036,-0.22360191445237024
10.890503666669247,0.1826072633266449,0.014603734016418457,-0.2884080410003662,-0.24360620975494385,1.173201084136963,0.03168518468737602,-0.4309206889267351,-0.040782488724238675,-0.22447577323354392
10.900559666668414,0.19137313961982727,-0.06868654489517212,-0.35376906394958496,-0.3554118573665619,1.0005356073379517,0.03787809982895851,-0.4200666146600147,-0.043629420990495264,-0.22538085658433676
10.910615666667582,0.16424331068992615,-0.10137450695037842,-0.34625518321990967,-0.4541510343551636,0.878717303276062,0.04192658141255379,-0.41065521548281386,-0.04758402076125129,-0.22666691885358445
10.920671666666749,0.13478884100914001,-0.0808027982711792,-0.31271040439605713,-0.6139068603515625,0.8000251650810242,0.043241385370492935,-0.4023451828759165,-0.05263998296772453,-0.2284040960975427
10.930727666665916,0.12303251028060913,-0.030750155448913574,-0.22737181186676025,-0.7019485831260681,0.7645862102508545,0.097185418009758,-0.3946339821636259,-0.059075249626446016,-0.23037223037467625
10.940782666664745,0.1049966812133789,-0.03568059206008911,-0.13580286502838135,-0.6787844300270081,0.7538602948188782,0.13375140726566315,-0.3871487895764607,-0.06595206356628472,-0.23195955286638378
10.950838666671189,0.06805837154388428,-0.024465501308441162,-0.030031444504857063,-0.5863531231880188,0.8265959620475769,0.1574983149766922,-0.3792936467122953,-0.0724483279722326,-0.2329697654984487
10.960894666670356,0.024418562650680542,0.023427963256835938,0.05733776092529297,-0.5087307691574097,0.9315359592437744,0.1622517853975296,-0.3704833438842227,-0.07814313518029849,-0.2334643249633688
10.970950666669523,0.001043558120727539,0.06104922294616699,0.11181890219449997,-0.43789181113243103,1.0169788599014282,0.15602166950702667,-0.36070773830064645,-0.08315169299014688,-0.23364390610119418
10.98100666666869,-0.009745121002197266,0.062003135681152344,0.13114690780639648,-0.40401721000671387,1.0780549049377441,0.12047939747571945,-0.35021445158246933,-0.08758754731648494,-0.23375706148480177
10.991062666667858,-0.02511557936668396,0.03314882516860962,0.13147318363189697,-0.4397701323032379,1.0633995532989502,0.0796138271689415,-0.3394518875484842,-0.09181265065251443,-0.2341776420444024
11.001118666667026,-0.023966431617736816,-0.009519398212432861,0.10476052761077881,-0.6295281052589417,1.0689234733581543,0.03281249850988388,-0.32888093320750483,-0.09709193759938801,-0.23543724590463458
11.011174666666193,-0.026381343603134155,-0.07563704252243042,0.08118343353271484,-0.7682393789291382,1.0968176126480103,0.013482343405485153,-0.3182629093021269,-0.10381631871278667,-0.2374607838290198
11.021229666665022,-0.0476323664188385,-0.07958459854125977,0.08744335174560547,-0.854621946811676,1.0842775106430054,0.005404976196587086,-0.3076031345792762,-0.11159923698388614,-0.2399066773860997
11.031285666671465,-0.0634603202342987,-0.020896494388580322,0.08166992664337158,-0.9071282148361206,1.1105130910873413,0.0038703298196196556,-0.29687720853419297,-0.12013514002110405,-0.2425557307240227
11.041341666670633,-0.06611236929893494,-0.032764971256256104,0.052326202392578125,-0.8901316523551941,1.1320686340332031,0.03246708959341049,-0.2859171326076716,-0.12888813895783566,-0.245065887005394
11.0513976666698,-0.05820372700691223,-0.05447012186050415,0.03587127476930618,-0.9023469090461731,1.2417110204696655,0.030384015291929245,-0.2743095276348819,-0.1377026811851233,-0.2473184386164753
11.061453666668967,-0.06035435199737549,-0.0022988319396972656,0.03814028948545456,-0.8665931820869446,1.2674614191055298,0.16099847853183746,-0.2618974775544794,-0.1465172939497757,-0.2487750716416372
11.071509666668135,-0.02514210343360901,0.04706931114196777,-0.019435174763202667,-0.778677761554718,1.2716763019561768,0.21154794096946716,-0.24919587622253606,-0.15511947588288896,-0.24909789202457766
11.081565874999797,-0.015386044979095459,-0.0588909387588501,-0.043802618980407715,-0.7348554730415344,1.281896710395813,0.2148294895887375,-0.23636367555975077,-0.16293562395390876,-0.2488145934141318
11.091621874998964,-0.010163605213165283,-0.13234776258468628,0.05784929543733597,-0.7917265892028809,1.2943072319030762,0.23513542115688324,-0.22330312686122775,-0.1709049402590479,-0.2482652062731328
11.101676875005069,0.004318356513977051,-0.11736619472503662,0.03849910944700241,-0.9167090058326721,1.28020179271698,0.26857489347457886,-0.21032414915074796,-0.17983734169578866,-0.2476398845441987
11.111732875004236,0.04074376821517944,-0.08848404884338379,-0.03926897794008255,-0.7852268815040588,1.2398576736450195,0.27381977438926697,-0.19736292433264624,-0.18883306139711384,-0.24655787665511722
11.121788875003404,0.06617006659507751,-0.0003349781036376953,-0.1046133041381836,-0.6580407023429871,1.131561279296875,0.23641516268253326,-0.1852240140037982,-0.1964454446977416,-0.2454879371012491
11.131844875002571,0.11094933748245239,0.137437641620636,-0.1978306770324707,-0.4653668701648712,0.9867059588432312,0.24078895151615143,-0.17429774454275684,-0.20241126229127618,-0.24407777142855627
11.141900875001738,0.13842692971229553,0.17153334617614746,-0.24861180782318115,-0.29642924666404724,0.8281365633010864,0.21767164766788483,-0.16475173601728899,-0.2064623667422471,-0.24237648567791012
11.151956875000906,0.13787499070167542,0.1438809633255005,-0.22835266590118408,-0.21993066370487213,0.6726923584938049,0.20477214455604553,-0.15678103331024065,-0.20932608181263457,-0.24060941643112166
11.162012875000073,0.12190496921539307,0.0910443663597107,-0.2376089096069336,-0.2012360841035843,0.5351515412330627,0.19620129466056824,-0.1504121769705464,-0.21174952860667245,-0.23891477591217836
11.172067874998902,0.10361853241920471,0.02777785062789917,-0.28217804431915283,-0.16869349777698517,0.47815805673599243,0.19469070434570312,-0.1449979412704523,-0.21376301848671567,-0.23723880097829855
11.18212387499807,0.08326873183250427,0.011961698532104492,-0.2410980463027954,-0.1983608454465866,0.43905380368232727,0.1908578723669052,-0.14003414031114428,-0.21587440398897892,-0.23555710390901904
11.192179875004513,0.07290616631507874,0.0005680322647094727,-0.1785494089126587,-0.20865002274513245,0.4354320168495178,0.21059373021125793,-0.13532441305180218,-0.2182544295356003,-0.23383701600714235
11.20223587500368,0.07279694080352783,-0.03282356262207031,-0.11324870586395264,-0.2049167901277542,0.3676050305366516,0.23932737112045288,-0.13087949312297184,-0.2205641531177714,-0.23176620475762008
11.212291875002848,0.07787489891052246,-0.03921407461166382,-0.06760585308074951,-0.1803167760372162,0.28242501616477966,0.28191810846328735,-0.12708872886411318,-0.22283619828161924,-0.2293418154281417
11.222347875002015,0.0771993100643158,-0.015622198581695557,-0.09328986704349518,-0.1610509306192398,0.2446078658103943,0.30320876836776733,-0.12386175133788203,-0.22492302170192158,-0.22655557085073072
11.232403875001182,0.06054675579071045,0.009987115859985352,-0.07633579522371292,-0.1558437943458557,0.2103581577539444,0.3129502236843109,-0.12101655205594321,-0.22686517545413468,-0.2235902735045888
11.24245987500035,0.04221580922603607,-0.018849968910217285,-0.01891481876373291,-0.17127254605293274,0.1638609617948532,0.3665844202041626,-0.11842945597481647,-0.22890171848643956,-0.22028987936013744
11.252514874999179,0.04166485369205475,-0.03348284959793091,-0.005654200911521912,-0.15824685990810394,0.146131232380867,0.40094301104545593,-0.11601008564396931,-0.23098473543963274,-0.21653240453248265
11.262570874998346,0.03909100592136383,-0.008444130420684814,-0.008459106087684631,-0.15159374475479126,0.1323363184928894,0.39982473850250244,-0.11364553194096662,-0.23293147332877118,-0.21260855925739977
11.27262687500479,0.036925241351127625,-0.0037085413932800293,-0.0009118393063545227,-0.1958339810371399,0.1546914279460907,0.3922277092933655,-0.11137804196199838,-0.23515966250619538,-0.20873560229830265
11.282682875003957,0.031716927886009216,-0.011269211769104004,0.0016187429428100586,-0.15764878690242767,0.15726269781589508,0.385013222694397,-0.10890972796586723,-0.23744402251548177,-0.20490037796204758
11.292738875003124,0.01843544840812683,-0.008367478847503662,0.028637290000915527,-0.10353876650333405,0.1442561000585556,0.3622695505619049,-0.10653549804114164,-0.23917500618246362,-0.20121607835016223
11.302794875002292,0.009251415729522705,0.022754430770874023,0.01917232573032379,-0.08501248806715012,0.12422885745763779,0.3314749002456665,-0.10441882384006897,-0.24048552430096823,-0.19777543651301666
11.312850875001459,-0.0005925893783569336,0.048115432262420654,-0.004387125372886658,-0.044227954000234604,0.1272568702697754,0.3231801986694336,-0.10217538490434472,-0.24141909951992643,-0.19451496080275116
11.322906875000626,-0.006234407424926758,0.03252708911895752,-0.01490233838558197,-0.00033160310704261065,0.1431727111339569,0.30340543389320374,-0.10009328514485388,-0.24200356257569658,-0.19129079025305054
11.332961874999455,-0.00985419750213623,0.02181112766265869,-0.03457844257354736,0.03746313601732254,0.15015779435634613,0.3047909438610077,-0.09781823263701812,-0.24210359513838917,-0.1880866250722237
11.343017874998623,-0.015127971768379211,0.04277503490447998,-0.045128703117370605,0.0873851552605629,0.18035803735256195,0.30980992317199707,-0.09530046511930225,-0.2417069867479237,-0.1849007885558077
11.353073875005066,-0.014063268899917603,0.050419747829437256,-0.05437789857387543,0.1473243534564972,0.22366224229335785,0.30271172523498535,-0.09250652561103548,-0.24082045685366388,-0.18165234543668102
11.363129875004233,-0.01621757447719574,0.03386104106903076,-0.07864642143249512,0.20011299848556519,0.24325405061244965,0.31917643547058105,-0.08931056999045169,-0.2393552833398693,-0.17827264675156151
11.3731858750034,-0.007456183433532715,0.03947991132736206,-0.087868332862854,0.16599079966545105,0.23761054873466492,0.31596535444259644,-0.08606726672529937,-0.23780779854148376,-0.17482236555052103
11.383241875002568,-0.004618033766746521,0.02267509698867798,-0.005644068121910095,0.16014249622821808,0.196659654378891,0.282786101102829,-0.08312463754302732,-0.23647290313782834,-0.17163694398122475
11.393297875001736,-0.015330150723457336,-0.05181479454040527,0.04737745225429535,0.14852845668792725,0.12983694672584534,0.26163241267204285,-0.08082907222161878,-0.23514175193480472,-0.168667885572162
11.403353875000903,-0.009802445769309998,-0.04521381855010986,0.08797632902860641,0.07516821473836899,0.0616120807826519,0.2354828268289566,-0.07925452814698876,-0.234182958445478,-0.16599995342119953
11.413408874999732,0.015402376651763916,0.05442124605178833,0.012184858322143555,0.09081273525953293,0.023457372561097145,0.22527603805065155,-0.07824402518227024,-0.23358270333161826,-0.16355323962405044
11.4234648749989,0.040174588561058044,0.09436666965484619,-0.07012809067964554,0.13073459267616272,-0.023731177672743797,0.18382872641086578,-0.07775452195259401,-0.23268806157019997,-0.16136546863190077
11.433520874998067,0.04845987260341644,0.05761611461639404,-0.09805787354707718,0.2163207232952118,-0.034883297979831696,0.18137049674987793,-0.0776098900583955,-0.2310795245648588,-0.15932098445079115
11.44357687500451,0.040190190076828,0.03675103187561035,-0.10824370384216309,0.27602824568748474,-0.02144259214401245,0.14833664894104004,-0.07737745547467022,-0.22863779722319189,-0.15756758847575558
11.453632875003677,0.034404024481773376,0.10587042570114136,-0.08192730695009232,0.42173901200294495,0.0766320452094078,0.11845549941062927,-0.07667009478015405,-0.22533064575457612,-0.15586130428889766
11.463688875002845,0.02387256920337677,0.10901749134063721,-0.06615079939365387,0.5140691995620728,0.07440803945064545,0.10277906805276871,-0.07555536936319235,-0.22068613812262644,-0.15433966347681494
11.473744875002012,0.031555384397506714,0.06476330757141113,-0.013455510139465332,0.49882829189300537,0.0706055760383606,0.09171357750892639,-0.07456512246411509,-0.21564907431072236,-0.15294543149961132
11.48380087500118,0.023149415850639343,0.025429904460906982,0.03171038627624512,0.4549497961997986,0.08153358846902847,0.11801069974899292,-0.0734801516293519,-0.21090824829030683,-0.15144492776446755
11.493855875000008,0.008668959140777588,-0.018576443195343018,0.06828748434782028,0.39301440119743347,0.09553689509630203,0.1323835849761963,-0.0723382478449615,-0.2067569800456864,-0.14988305993647677
11.503911874999176,0.001552581787109375,-0.047990262508392334,0.07919419556856155,0.352666974067688,0.08334627747535706,0.13657407462596893,-0.0710961671250432,-0.20311756855722693,-0.14819867810098936
11.513967874998343,-0.0010232627391815186,-0.03619813919067383,0.057330019772052765,0.31663408875465393,0.048766858875751495,0.13289307057857513,-0.07014388496441157,-0.19988364966358582,-0.14662569028149125
11.524023875004787,0.00937923789024353,-0.007624030113220215,-0.004719376564025879,0.330451637506485,0.006658818572759628,0.14448873698711395,-0.06947882891660426,-0.19676331987020962,-0.1450288947266741
11.534079875003954,0.026252910494804382,-0.024980485439300537,-0.0809699296951294,0.3568664789199829,-0.0316598080098629,0.1440078318119049,-0.06929223531687478,-0.19343502105153274,-0.143228551717088
11.544135875003121,0.028664007782936096,-0.014624416828155518,-0.10349881649017334,0.4538595974445343,-0.06712166219949722,0.14772826433181763,-0.06947300241827156,-0.1895490151762363,-0.14147391726490557
11.554191875002289,0.02270480990409851,0.0012112259864807129,-0.11578941345214844,0.6297305822372437,-0.0797804594039917,0.13535436987876892,-0.06986482683556722,-0.18418816634402094,-0.13961449078291235
11.564247875001456,0.00875486433506012,0.022232234477996826,-0.0958479642868042,0.762843132019043,-0.060760170221328735,0.13345767557621002,-0.07021666940299387,-0.17724911427288875,-0.13776803029486318
11.574302875000285,0.009756982326507568,0.03210026025772095,-0.06522977352142334,0.8282490372657776,-0.06185579299926758,0.11717153340578079,-0.07046742057143535,-0.16931873584617563,-0.13581032405913346
11.584358874999452,0.025724709033966064,-0.027706265449523926,-0.04933798313140869,0.6342670321464539,-0.189982071518898,0.1766044944524765,-0.07143296016606401,-0.16192520008028782,-0.13388208560459142
11.59441487499862,0.06057064235210419,-0.1140562891960144,-0.055777668952941895,0.3695140480995178,-0.29100096225738525,0.26243776082992554,-0.07348832890949447,-0.15700469795681465,-0.13118372130864378
11.604470875005063,0.05143427848815918,-0.13868337869644165,-0.07231473922729492,0.16755135357379913,-0.3376171886920929,0.236148402094841,-0.07623861632894366,-0.15457318150650626,-0.12842328827958666
11.61452687500423,0.0330219566822052,-0.07650357484817505,-0.04716908931732178,0.09857597947120667,-0.390843003988266,0.2612886130809784,-0.07945914756762666,-0.15356352208709959,-0.12588138001408208
11.624582875003398,0.029299139976501465,-0.04636955261230469,-0.05760669708251953,0.29464244842529297,-0.42172184586524963,0.3252212405204773,-0.08309814797433913,-0.15201303331624744,-0.12269382682291723
11.634638875002565,0.02581995725631714,-0.01889169216156006,-0.11811673641204834,0.5201539993286133,-0.4419952630996704,0.35656991600990295,-0.08678941602099345,-0.14816582660800715,-0.11895068707866335
11.644693875001394,0.04901871085166931,0.022147834300994873,-0.12048113346099854,0.6749659180641174,-0.5092650651931763,0.44018545746803284,-0.09090065204977774,-0.1425030073802667,-0.11436361436860258
11.654749875000562,0.08109702169895172,-0.013344347476959229,-0.14440566301345825,0.5160649418830872,-0.6070460081100464,0.5133489370346069,-0.09572762511056779,-0.13680711762655492,-0.10894255971919131
11.664805874999729,0.10876154899597168,-0.10974663496017456,-0.1490609049797058,0.26155972480773926,-0.7100887894630432,0.49736863374710083,-0.10163800041843944,-0.1333387581741068,-0.10335600240550037
11.674861874998896,0.10657089948654175,-0.1634814739227295,-0.08824729919433594,-0.07095078378915787,-0.739484429359436,0.4182199239730835,-0.1083448637431788,-0.13285558372209896,-0.09866821990690568
11.684917874998064,0.08079354465007782,-0.07050478458404541,0.0005549788475036621,-0.2577158510684967,-0.7492289543151855,0.41808944940567017,-0.11531968407852533,-0.13513362328842643,-0.09469319718390215
11.694973875004507,0.07272985577583313,0.025200963020324707,0.009449124336242676,-0.1612761914730072,-0.7864318490028381,0.42075201869010925,-0.12246534489563124,-0.1378490069738298,-0.09071222813922586
11.705029875003675,0.056737929582595825,0.060299813747406006,-0.03326725959777832,0.016279686242341995,-0.808692991733551,0.4054225981235504,-0.129947614340937,-0.13910926862673442,-0.08663597475068906
11.715085875002842,0.05135694891214371,0.050853729248046875,-0.07426190376281738,0.22428260743618011,-0.807270348072052,0.40854784846305847,-0.1375064311781749,-0.13842911079118353,-0.0823949110028338
11.72514187500201,0.06455950438976288,0.060202598571777344,-0.11390894651412964,0.3383966386318207,-0.8731854557991028,0.4595039486885071,-0.1451972534341507,-0.13609407757189293,-0.07772629849635322
11.735196875000838,0.0773986205458641,0.010700464248657227,-0.12205857038497925,0.19596533477306366,-0.9621140956878662,0.49141690135002136,-0.1536937798861225,-0.13397294771491539,-0.07245916830369907
11.745252875000006,0.05931845307350159,-0.11694669723510742,-0.12742727994918823,0.01616548001766205,-1.0605002641677856,0.5173004269599915,-0.16317156173865083,-0.1338143870024853,-0.06723493109276618
11.755308874999173,0.04873977601528168,-0.19640326499938965,-0.15576934814453125,-0.13501468300819397,-1.1212068796157837,0.4932263493537903,-0.17356069832873117,-0.13517988703780148,-0.06221962305231972
11.76536487499834,0.03081691265106201,-0.1390635371208191,-0.12048888206481934,-0.3973506689071655,-1.1856924295425415,0.4958823025226593,-0.1846087069047147,-0.13874431864765302,-0.05778170751648689
11.775420875004784,0.028750725090503693,-0.07778722047805786,-0.07669413089752197,-0.4238481819629669,-1.245270848274231,0.4932640492916107,-0.19625834953686966,-0.14389864109575262,-0.05366824550731667
11.785476875003951,0.023961246013641357,-0.07507455348968506,-0.07898175716400146,-0.3217833340167999,-1.2972043752670288,0.4929537773132324,-0.20845036040129136,-0.1485457599998267,-0.049549736606121
11.795532875003119,0.04174640029668808,0.044341206550598145,-0.10455477237701416,-0.15154233574867249,-1.3024669885635376,0.5285095572471619,-0.22081571455163942,-0.15204330710328107,-0.0450061889584468
11.805587875001947,0.07174289971590042,0.1127358078956604,-0.1364344358444214,0.07230726629495621,-1.3407584428787231,0.5451154708862305,-0.23332977288518303,-0.15362691227050487,-0.039740625283994004
11.815643875001115,0.09673870354890823,0.07221055030822754,-0.11011838912963867,0.1669992357492447,-1.3529845476150513,0.49955499172210693,-0.24596605494830284,-0.1535842489011999,-0.03426947078765026
11.825699875000282,0.10413538664579391,0.07561570405960083,-0.08248484134674072,0.08372699469327927,-1.3868154287338257,0.4750640094280243,-0.258911058171036,-0.1535499275401601,-0.029050363005583942
11.83575587499945,0.1107059121131897,0.10696220397949219,-0.1123967170715332,-0.03189370036125183,-1.4102214574813843,0.41171133518218994,-0.27221504373645966,-0.1544043408130236,-0.024655510649321796
11.845811874998617,0.10473962128162384,0.10431963205337524,-0.08362507820129395,-0.1472594439983368,-1.4377635717391968,0.3256973624229431,-0.2860110897433935,-0.1562963734222815,-0.021295389882610954
11.85586787500506,0.07991164922714233,0.0957634449005127,-0.04191708564758301,-0.1994807869195938,-1.4512207508087158,0.2402842789888382,-0.3001489446080433,-0.15881051235111948,-0.019077839174906717
11.865923875004228,0.0745982825756073,0.13667255640029907,-0.019725920632481575,-0.23087146878242493,-1.4784467220306396,0.1949993520975113,-0.31466260019165854,-0.16158210461805583,-0.017650596009143413
11.875979875003395,0.07437914609909058,0.18114620447158813,-0.027619007974863052,-0.10797830671072006,-1.4911246299743652,0.14894281327724457,-0.32945998283533884,-0.1639163145199861,-0.016582488200607245
11.886034875002224,0.07380194962024689,0.18340784311294556,-0.07918918132781982,0.11412506550550461,-1.537896990776062,0.1349273920059204,-0.34452498153765243,-0.16435474100149203,-0.015146363522780022
11.896090875001391,0.07200688123703003,0.1859649419784546,-0.10120880603790283,0.2623366713523865,-1.5600353479385376,0.1059090793132782,-0.35978102752530944,-0.162872836292037,-0.013297131705060661
11.906146875000559,0.06669730693101883,0.16608375310897827,-0.06716752052307129,0.3839310109615326,-1.5962657928466797,0.12226967513561249,-0.37529452051735246,-0.16027947265463655,-0.011052364685706254
11.916202874999726,0.05442996323108673,0.10237163305282593,-0.0612945593893528,0.49785155057907104,-1.6054049730300903,0.11677376925945282,-0.39101648108399195,-0.1566217293239092,-0.00817312978937423
11.926258874998894,0.02034081518650055,0.06618988513946533,-0.04849696159362793,0.4376838207244873,-1.5833913087844849,0.10415837168693542,-0.4066241284097011,-0.15254856143676876,-0.005235046625759147
11.936314874998061,0.0161525197327137,0.03608345985412598,-0.018348097801208496,0.24823662638664246,-1.5610958337783813,0.06331487745046616,-0.4220887759225202,-0.14973488455871733,-0.0029710557736089675
11.946370875004504,0.033308595418930054,-0.00427168607711792,0.015163064002990723,0.08379734307527542,-1.5705183744430542,0.022536026313900948,-0.43766554590960993,-0.1484158639755643,-0.001846208730374522
11.956425875003333,0.05570460110902786,0.02448582649230957,0.042398929595947266,-0.011326063424348831,-1.5811443328857422,-0.023235084488987923,-0.4534887186232775,-0.14811437305079397,-0.0016815382531085142
11.9664818750025,0.0684213787317276,0.12173265218734741,0.0022019147872924805,0.08491924405097961,-1.5621352195739746,-0.09848163276910782,-0.46941354807626723,-0.14760044236370923,-0.002059103022077915
11.976537875001668,0.06896880269050598,0.19311463832855225,-0.017821431159973145,0.22790569067001343,-1.5939141511917114,-0.1827196627855301,-0.48534592044478075,-0.14552326375444252,-0.002519717533066252
11.986593875000835,0.06669629365205765,0.23111885786056519,-0.012514830566942692,0.409758597612381,-1.620790719985962,-0.27986615896224976,-0.5016106201372429,-0.1415874185835459,-0.002984188559501128
11.996649875000003,0.04891593009233475,0.22651207447052002,-0.024797916412353516,0.5679706931114197,-1.6362693309783936,-0.3351801335811615,-0.5180561003778894,-0.1357555914805623,-0.003238854337785121
12.00670587499917,0.02449789270758629,0.20029455423355103,-0.03471958637237549,0.7078611850738525,-1.633850336074829,-0.3870611786842346,-0.5345273950635226,-0.12838241403703463,-0.003167441816563439
12.016761874998338,-0.003734022378921509,0.1541476845741272,-0.05019885301589966,0.766426146030426,-1.5797455310821533,-0.41416165232658386,-0.5506889906844433,-0.11992712796674791,-0.002757156620596326
12.026817875004781,-0.017712954431772232,0.06684327125549316,0.012418270111083984,0.6639319658279419,-1.5240671634674072,-0.4042544364929199,-0.5662677109563322,-0.11150657483300201,-0.002384633378469353
12.03687287500361,-0.003168579190969467,-0.017339706420898438,0.09648573398590088,0.4329680800437927,-1.5210579633712769,-0.3915107548236847,-0.5815834545653319,-0.10462700414354201,-0.002696406976135914
12.046928875002777,0.03484641760587692,-0.0572662353515625,0.07617270946502686,0.20291410386562347,-1.5101720094680786,-0.35603639483451843,-0.5969937979850476,-0.09995075536930899,-0.004105050237656509
12.056984875001945,0.08740484714508057,-0.07821589708328247,0.07503372430801392,0.1260102242231369,-1.4893672466278076,-0.31638103723526,-0.612207603127299,-0.0967138110782988,-0.006009047384480025
12.067040875001112,0.1294514536857605,-0.02795308828353882,0.06514853239059448,0.13155466318130493,-1.5244450569152832,-0.2531498670578003,-0.6275250334171726,-0.09402096357906563,-0.007642742925032318
12.07709687500028,0.16475853323936462,0.04529166221618652,0.02704530954360962,0.23201686143875122,-1.5669758319854736,-0.1916736662387848,-0.643142185269982,-0.09122569472535595,-0.008344243482524607
12.087152416665049,0.1758914589881897,0.051624298095703125,0.009074268862605095,0.2687423825263977,-1.6197229623794556,-0.15191957354545593,-0.659128001739848,-0.08814728571440712,-0.008117844567811333
12.097208416671492,0.16986286640167236,0.012417316436767578,-0.014526961371302605,0.34396207332611084,-1.6323437690734863,-0.12907624244689941,-0.6754617177918423,-0.0849482995628995,-0.007354323701511655
12.10726441667066,0.14091001451015472,-0.04103207588195801,0.011555613949894905,0.35641077160835266,-1.6165363788604736,-0.14625230431556702,-0.6917122921997402,-0.08124659376848067,-0.006108550568895399
12.117319416669488,0.11828766018152237,-0.008547663688659668,0.06996309757232666,0.37379005551338196,-1.6748450994491577,-0.13676635921001434,-0.7081153024492587,-0.07762511712208443,-0.004917590339511702
12.127375416668656,0.134681835770607,-0.0071901679039001465,-0.008033573627471924,0.39407241344451904,-1.7976678609848022,-0.13251915574073792,-0.725461964527322,-0.07376701556733853,-0.003331419197981131
12.137431416667823,0.1604233831167221,-0.021335065364837646,-0.08761048316955566,0.31256103515625,-1.887484073638916,-0.13819101452827454,-0.7439228027230279,-0.07020522487488585,-0.0019349406909482977
12.14748741666699,0.15737363696098328,-0.06895190477371216,-0.07495343685150146,0.23874352872371674,-1.9586849212646484,-0.11385851353406906,-0.7631648321241514,-0.06730461216913025,-0.0009769469279744885
12.157543416666158,0.1437414437532425,-0.11027783155441284,-0.06658613681793213,0.17390881478786469,-2.025527238845825,-0.10062354058027267,-0.7831233305318642,-0.06508460041108237,-0.000245303936469549
12.167599416665325,0.12600810825824738,-0.08760207891464233,-0.09477883577346802,0.19777312874794006,-2.009359836578369,-0.05181657895445824,-0.8033530455777618,-0.06295567196949728,0.0006456955936912678
12.177655416664493,0.11048226058483124,-0.026646852493286133,-0.1132206916809082,0.2441464066505432,-2.0150222778320312,-0.04982048645615578,-0.8235958950263733,-0.0611320606481935,0.0018738263682563068
12.187710416670598,0.0877012088894844,-0.06291913986206055,-0.07845181226730347,0.19069541990756989,-1.9772955179214478,-0.07007595896720886,-0.8435280780239702,-0.05911494046288017,0.003271887358910773
12.197766416669765,0.06525362282991409,-0.0720183253288269,0.026759330183267593,0.11247462034225464,-1.8799151182174683,-0.02927129901945591,-0.8628049580838802,-0.057741305896061856,0.004041193719996234
12.207822416668932,0.08595951646566391,-0.05341958999633789,0.03070998564362526,0.1026691272854805,-1.7843574285507202,0.01303115114569664,-0.8811410419130187,-0.05676793050768299,0.005004748829219488
12.2178784166681,0.11041782051324844,-0.03561437129974365,0.09012722969055176,0.08956002444028854,-1.791268229484558,0.026791676878929138,-0.8989685199362059,-0.05630387282101296,0.005921065516144286
12.227934416667267,0.13834187388420105,-0.04085874557495117,0.0849650502204895,0.04013015702366829,-1.7969948053359985,0.044878002256155014,-0.9168577102329436,-0.05614935967894497,0.006693205311619766
12.237990416666435,0.1515578031539917,-0.015415191650390625,0.11367124319076538,-0.041208017617464066,-1.8454054594039917,0.06178300455212593,-0.9350800718081868,-0.05658787163533911,0.007052949313647681
12.248046416665602,0.14834530651569366,-0.022175729274749756,0.052512045949697495,-0.06706411391496658,-1.8915539979934692,0.06438225507736206,-0.9538841755304452,-0.05740408294366129,0.007030336091424791
12.25810241666477,0.13885433971881866,-0.02988964319229126,-0.010946033522486687,-0.045194149017333984,-1.9555164575576782,0.06861822307109833,-0.9732188173791783,-0.05831573361783288,0.006974854753393504
12.268157416670874,0.12977334856987,-0.020089030265808105,-0.08506321907043457,-0.01984458416700363,-2.0197741985321045,0.08992164582014084,-0.9932004431512188,-0.05917198338958929,0.0071844944636857136
12.278213416670042,0.11853454262018204,-0.02889794111251831,-0.11610400676727295,-0.013962239027023315,-2.082578420639038,0.10477098077535629,-1.0138170280583914,-0.06004095080591831,0.007666284951140956
12.288269416669209,0.09723957628011703,-0.09222209453582764,-0.07391023635864258,-0.16788682341575623,-2.1405820846557617,0.1167093962430954,-1.0350625502203041,-0.061369311784901584,0.007674258939811265
12.298325416668376,0.08320612460374832,-0.16765618324279785,-0.03552478551864624,-0.4190375804901123,-2.1535518169403076,0.14718632400035858,-1.0568232196425134,-0.06403995752362324,0.005764793528673539
12.308381416667544,0.0796971321105957,-0.19386601448059082,-0.05105310678482056,-0.4299491047859192,-2.14237117767334,0.15528179705142975,-1.0786217545508672,-0.06753315702140261,0.002640496650613123
12.318437416666711,0.07389536499977112,-0.11826944351196289,-0.004774928092956543,-0.29086965322494507,-2.154407262802124,0.1588953584432602,-1.1003979492281504,-0.07058683491246663,0.000211498469996555
12.328493416665879,0.08776761591434479,0.01403719186782837,0.004409909248352051,-0.11850932985544205,-2.1551918983459473,0.25049906969070435,-1.1221580374484235,-0.07337793406201518,-0.0007927223809229094
12.338548416664707,0.08862289041280746,0.014781594276428223,-0.04965472221374512,0.1683376133441925,-2.0962462425231934,0.3061143755912781,-1.1434512726573651,-0.07581644441233043,0.0006635907642447503
12.34860441667115,0.0531906932592392,-0.05106472969055176,0.005445003509521484,0.3693245053291321,-1.9856531620025635,0.33917590975761414,-1.1636777945909678,-0.07762277453211809,0.004547475702131013
12.358660416670318,0.017721518874168396,-0.027608036994934082,0.06613057851791382,0.5100008249282837,-1.8100134134292603,0.39239275455474854,-1.1823490676674748,-0.07928951490855216,0.0101016415636656
12.368716416669486,0.007832929491996765,-0.03144025802612305,0.10144448280334473,0.6694597005844116,-1.6031968593597412,0.4513085186481476,-1.198905777712116,-0.0809987814209977,0.017245569232255224
12.378772416668653,0.02012568712234497,-0.04617661237716675,0.18334746360778809,0.7746469974517822,-1.4628998041152954,0.5028164386749268,-1.2135503372135978,-0.0828634508773396,0.025854358357077604
12.38882841666782,0.0674549862742424,0.01208871603012085,0.18366855382919312,0.8508626818656921,-1.355191707611084,0.5489327907562256,-1.2268706794293667,-0.08506222199455665,0.03538203736064895
12.398884416666988,0.09568175673484802,-0.03255772590637207,0.2003345489501953,0.8647845983505249,-1.3074573278427124,0.5568686723709106,-1.239388937541779,-0.08744623571518699,0.045429358554741325
12.408940416666155,0.09489265829324722,-0.08392369747161865,0.2707096338272095,0.6579232811927795,-1.3052886724472046,0.6009735465049744,-1.2516403055029142,-0.09043691812842668,0.05470472820290483
12.418995416664984,0.10651141405105591,-0.07296735048294067,0.21660232543945312,0.45859041810035706,-1.3603707551956177,0.6350492835044861,-1.264355090505797,-0.09467991618626385,0.061992760668405984
12.429051416671427,0.13635608553886414,-0.07941430807113647,0.11985480785369873,0.25575876235961914,-1.453946590423584,0.6213542819023132,-1.2779992626970111,-0.09963872801711009,0.06731019348796617
12.439107416670595,0.12267424166202545,-0.07643920183181763,0.11985737085342407,-0.0385856032371521,-1.5268447399139404,0.6086472272872925,-1.2926603336640394,-0.10524763835559087,0.07022205426720143
12.449163416669762,0.09666859358549118,-0.12428873777389526,0.13959544897079468,-0.3401563763618469,-1.624695062637329,0.6037065386772156,-1.3085230404386377,-0.11161029051343642,0.07000918795828222
12.45921941666893,0.10386309027671814,-0.1405814290046692,0.05829978361725807,-0.4875359833240509,-1.6496504545211792,0.566814661026001,-1.325258786531032,-0.11838887636674067,0.06731187262927017
12.469275416668097,0.09757877886295319,-0.05762135982513428,0.035000745207071304,-0.4920622706413269,-1.6830470561981201,0.5325800180435181,-1.3424443536744735,-0.12493411942692245,0.06380165908578117
12.479331416667264,0.06338036060333252,0.0016158223152160645,0.11559385061264038,-0.5688311457633972,-1.7479956150054932,0.5200161337852478,-1.3602009935630168,-0.1312126357414686,0.059765000854586206
12.489387416666432,0.04498637467622757,-0.011179625988006592,0.1480616331100464,-0.7160142064094543,-1.8133045434951782,0.48243385553359985,-1.3788520566752192,-0.1374636987807239,0.05430654315477338
12.49944241666526,0.04421936348080635,-0.04863399267196655,0.09792041778564453,-0.8675062656402588,-1.8550434112548828,0.4113912880420685,-1.3982538506492856,-0.14330380923212996,0.04738676017916702
12.509498416671704,0.019866492599248886,-0.00874859094619751,0.17014861106872559,-1.145340085029602,-1.877598762512207,0.31205299496650696,-1.4184301641552908,-0.14855653286966963,0.037959249868430134
12.519554416670871,0.0017641173908486962,0.013258159160614014,0.18909680843353271,-1.5189685821533203,-1.8717254400253296,0.24967628717422485,-1.4392470893920197,-0.15309691667082476,0.025103988321885894
12.529610416670039,0.03968590125441551,0.05656152963638306,0.13150811195373535,-1.7362494468688965,-1.8404059410095215,0.2552020847797394,-1.4605123607232635,-0.15765397321054134,0.008637352288376794
12.539666416669206,0.06460690498352051,0.0952034592628479,-0.0009115971624851227,-1.4394094944000244,-1.792478084564209,0.11791147291660309,-1.4813027818435516,-0.16118189679785264,-0.007319984658580947
12.549722416668374,0.07345762103796005,0.2398928999900818,-0.059017542749643326,-1.2894001007080078,-1.7941275835037231,0.10373546183109283,-1.5014838867701865,-0.16336588074840286,-0.02097087781575937
12.559778416667541,0.058796413242816925,0.25862550735473633,-0.09931766241788864,-1.2050162553787231,-1.6916676759719849,0.07079072296619415,-1.521025767605372,-0.1650836739199976,-0.033670011863184156
12.56983341666637,0.016809595748782158,0.10094785690307617,0.015158303081989288,-0.9774872064590454,-1.7112972736358643,0.021098798140883446,-1.539803812176154,-0.16599171711691618,-0.044722026730012805
12.579889416665537,-0.0013416316360235214,0.08833509683609009,0.09113787859678268,-0.872541069984436,-1.7615183591842651,0.007664455566555262,-1.5590151683949751,-0.1662407054150836,-0.054074369172707575
12.589945416664705,-0.004436606541275978,0.2120877504348755,0.012354016304016113,-0.7540256381034851,-1.7279822826385498,-0.007352843414992094,-1.5778291421448583,-0.1662634129091015,-0.06227652897645681
12.600001416671148,-0.016836564987897873,0.1844601035118103,-0.003816947340965271,-0.5718867778778076,-1.6463842391967773,-0.07692467421293259,-1.5958808660550812,-0.16574860913474626,-0.06908998483077101
12.610057416670315,-0.026760678738355637,0.058929383754730225,0.07797849178314209,-0.517545223236084,-1.6310920715332031,-0.07847650349140167,-1.6132839581558758,-0.16473388396461958,-0.0745686485906655
12.620113416669483,-0.020566195249557495,0.0746111273765564,0.06313394010066986,-0.32368752360343933,-1.5170366764068604,-0.08157780766487122,-1.6298834078429822,-0.1637633630629427,-0.07892864040468936
12.63016941666865,-0.01196218840777874,0.10476768016815186,0.01723802089691162,-0.23814678192138672,-1.4255690574645996,-0.101766437292099,-1.6451149797303724,-0.16263859435908895,-0.08154639895014815
12.640225416667818,0.018250703811645508,0.05160117149353027,0.07266128063201904,-0.0425187349319458,-1.281653881072998,-0.040189217776060104,-1.6590304624369823,-0.16182153035162952,-0.0831045496631466
12.650280416666646,0.03911244124174118,0.0329093337059021,0.03601013869047165,0.28584474325180054,-1.1388026475906372,-0.0072203511372208595,-1.6710171941599623,-0.16170152847031047,-0.0818312404165604
12.660336416665814,0.033798255026340485,0.08573764562606812,0.06102941930294037,0.6062877774238586,-0.9695925116539001,0.012017072178423405,-1.6808869991984092,-0.16222099255628378,-0.07721468454194175
12.670392416664981,0.039488617330789566,0.05838137865066528,0.17568767070770264,0.7376002669334412,-0.786320686340332,0.01996474340558052,-1.6885899570925456,-0.16319741261860213,-0.07025293855235325
12.680448416671425,0.03729196637868881,-0.018371641635894775,0.34620726108551025,0.738266110420227,-0.6193270683288574,0.03463410213589668,-1.6944323697990942,-0.16439476454173244,-0.06274525824695065
12.690504416670592,0.03979098051786423,-0.0486181378364563,0.3437204360961914,0.8086422681808472,-0.5240325331687927,0.012418543919920921,-1.6988712335353142,-0.16567035472643724,-0.05508795092718153
12.70056041666976,0.03413291275501251,0.005764126777648926,0.18444013595581055,0.7562192678451538,-0.49442505836486816,-0.09725309163331985,-1.7026124158422433,-0.16630636685959854,-0.04687882655859821
12.710616416668927,0.013127770274877548,0.07460814714431763,0.22430026531219482,0.49084484577178955,-0.4909648001194,-0.13366755843162537,-1.7064486297462067,-0.16597065540746286,-0.040306863928808875
12.720671416667756,0.024652596563100815,0.10036307573318481,0.19825315475463867,0.2154252678155899,-0.5088681578636169,-0.15752661228179932,-1.710825765551226,-0.16504127383001158,-0.03662744578886968
12.730727416666923,0.030401531606912613,0.08555978536605835,0.11382937431335449,-0.04066748544573784,-0.56601881980896,-0.2693902850151062,-1.7160315139000417,-0.16308488928379922,-0.03544004464140228
12.74078341666609,0.002425285056233406,0.08729034662246704,0.08363045006990433,-0.30820345878601074,-0.608418881893158,-0.3579593300819397,-1.7221899519805708,-0.15966098326442618,-0.03673409223326619
12.750839416665258,-0.02806641161441803,0.1212955117225647,0.05859886854887009,-0.37155526876449585,-0.6395392417907715,-0.4088696539402008,-1.7289143927528028,-0.15532112302664994,-0.03970479487779679
12.760895416671701,-0.044649284332990646,0.08789324760437012,-0.06161727011203766,-0.18017016351222992,-0.6472247242927551,-0.46680212020874023,-1.7357232283027328,-0.15055122553277178,-0.04181899667814614
12.770951416670869,-0.0960218608379364,0.1057506799697876,-0.030205026268959045,-0.10174886137247086,-0.6892246603965759,-0.49466702342033386,-1.7425084234656603,-0.14548820044831207,-0.042316564549505505
12.781007416670036,-0.11071658134460449,0.09727060794830322,-0.004114158451557159,-0.1511642038822174,-0.7057557702064514,-0.446348637342453,-1.7496032805211994,-0.14060581174950085,-0.04270076847215012
12.791063416669203,-0.10914738476276398,-0.05414533615112305,0.012357234954833984,-0.2120632380247116,-0.65833979845047,-0.37203019857406616,-1.7566457444302104,-0.13623363703014252,-0.04375297779330003
12.801118416668032,-0.1247272789478302,-0.10538589954376221,0.11577582359313965,-0.1771441400051117,-0.5711774826049805,-0.2819186747074127,-1.7630084264518828,-0.13261251904359214,-0.045134736139642175
12.8111744166672,-0.12047650665044785,-0.09009599685668945,0.15412390232086182,-0.12755368649959564,-0.4777335524559021,-0.21788670122623444,-1.7684006306509805,-0.12990526490123597,-0.04607682329594387
12.821230416666367,-0.08089534193277359,-0.11722618341445923,0.10459207743406296,-0.06519696861505508,-0.37836796045303345,-0.16558638215065002,-1.7727945402962941,-0.12780474221543864,-0.04673807051162628
12.831286416665534,-0.041465163230895996,-0.11031132936477661,0.011459104716777802,0.07779666781425476,-0.2955729365348816,-0.10288146883249283,-1.776102747751617,-0.12649476542021193,-0.046367016861925896
12.841342416664702,-0.029088765382766724,-0.07358276844024658,0.05730711668729782,0.13474015891551971,-0.2439572960138321,-0.0449221096932888,-1.7786720327796464,-0.12598957410987444,-0.04511964307249028
12.851398416671145,0.011825318448245525,-0.06506180763244629,0.0641542598605156,0.20624123513698578,-0.15188755095005035,0.009275880642235279,-1.7804432921152504,-0.12619735670876248,-0.04341313008386816
12.861454416670313,0.052002981305122375,-0.0926131010055542,0.11027347296476364,0.3154337704181671,-0.06878787279129028,0.006926652975380421,-1.781208313905523,-0.12686177908780435,-0.04085496280098168
12.871509416669142,0.06903526932001114,-0.1040995717048645,0.17070269584655762,0.33290597796440125,-0.004425923805683851,-0.02590958960354328,-1.7811555502093899,-0.12747961692292456,-0.037554975741739986
12.881565416668309,0.08074863255023956,-0.06964588165283203,0.1976863145828247,0.24344879388809204,0.02871551737189293,-0.053723592311143875,-1.7806329627666482,-0.12768175597873704,-0.03453219477354929
12.891621416667476,0.10688868910074234,-0.040461838245391846,0.1671128273010254,0.18336467444896698,0.03865763172507286,-0.06200602278113365,-1.7799865384745566,-0.12758718702771546,-0.03228616189478123
12.901677416666644,0.12401439994573593,-0.05150085687637329,0.14379775524139404,0.10580290853977203,0.010030114091932774,-0.06744859367609024,-1.779512583361195,-0.12723824369907685,-0.03074754836931053
12.911733416665811,0.09797338396310806,-0.07721340656280518,0.1318591833114624,-0.007599281147122383,-0.010888483375310898,-0.07092028856277466,-1.7794697849354317,-0.12665382446367432,-0.030061064505574754
12.921789416664978,0.04811052978038788,-0.07896828651428223,0.10719276964664459,-0.043657682836055756,-0.004398892633616924,-0.03835675120353699,-1.779543665902296,-0.12605558339432554,-0.03027227033399104
12.931845416671422,0.004835925996303558,-0.08380460739135742,0.04040384292602539,-0.03247826546430588,-0.010563577525317669,-0.0386345200240612,-1.7796654025126013,-0.12562961314167007,-0.030559878519181165
12.94190141667059,-0.02346840873360634,-0.06494009494781494,0.039522409439086914,-0.05283777415752411,-0.03390805050730705,-0.006954194512218237,-1.7799001370996017,-0.12531496720028135,-0.030943798176134466
12.951956416669418,-0.036358170211315155,-0.07490956783294678,0.04810535907745361,-0.094022236764431,-0.06507395207881927,0.030838722363114357,-1.7805192606274667,-0.12527834818343922,-0.03172573152992704
12.962012416668586,-0.0610048733651638,-0.11377149820327759,0.08118820190429688,-0.12777681648731232,-0.07103890180587769,0.0634407177567482,-1.7813856133708077,-0.12553393589682332,-0.032936940881601394
12.972068416667753,-0.08238892257213593,-0.09315681457519531,0.04997146129608154,-0.10104028135538101,-0.02636278048157692,0.09539811313152313,-1.7820981556268516,-0.12609178202933172,-0.03442085936983744
12.98212441666692,-0.09640465676784515,-0.04306387901306152,0.04302239418029785,0.013707516714930534,0.002717606257647276,0.09105002880096436,-1.7823185863071898,-0.12698556644507067,-0.03514008031860424
12.992180416666088,-0.09794928133487701,0.026834607124328613,0.017217516899108887,0.09245851635932922,0.01810801401734352,0.09216882288455963,-1.7821598680943078,-0.1280163484751662,-0.03484581674787238
13.002236416665255,-0.05834494158625603,0.1380077600479126,-0.021935343742370605,0.1383162885904312,-0.0382109172642231,0.1136821061372757,-1.782125460433085,-0.1293269309270135,-0.033991146703907196
13.012292416671698,-0.02461804449558258,0.07051807641983032,-0.058277733623981476,0.08103196322917938,-0.063337042927742,0.09529323875904083,-1.7825915859698953,-0.1305744589373398,-0.03311635092261641
13.022348416670866,-0.021737875416874886,-0.00022548437118530273,-0.07377707958221436,0.007899739779531956,-0.019368121400475502,0.0748131275177002,-1.7829949167971302,-0.13146610579289117,-0.03290863818146079
13.032403416669695,-0.01473894901573658,0.06695365905761719,-0.05061900615692139,0.01764610968530178,-0.019396085292100906,0.046354327350854874,-1.7831640906803183,-0.1320334856641191,-0.03300431808932803
13.042459416668862,0.016522210091352463,0.07387477159500122,-0.1014472171664238,0.08104550093412399,-0.036836594343185425,0.024567006155848503,-1.7833847283185318,-0.13244670787055596,-0.03260445283560473
13.05251541666803,0.028135299682617188,0.06447476148605347,-0.10509239882230759,0.08225643634796143,-0.04360342025756836,0.0010939044877886772,-1.7836800038859717,-0.1326964709883709,-0.03180235315835618
13.062571416667197,0.035427384078502655,0.061817824840545654,-0.03762209415435791,0.0564727783203125,-0.04632117599248886,-0.0027078110724687576,-1.784040741509751,-0.13277477390681355,-0.031142306264044843
13.072627416666364,0.0528373084962368,0.02680504322052002,0.0229572132229805,0.05170225724577904,-0.002879425883293152,-0.0037885219790041447,-1.784260053395,-0.13279683533393402,-0.03057496240087289
13.08268350000435,0.05648091435432434,0.01571035385131836,0.06859827786684036,0.09062284976243973,0.07115326076745987,0.010163405910134315,-1.7838127969361681,-0.13294976449562768,-0.02992919429079692
13.092739500003518,0.05972038581967354,0.015122413635253906,0.07047510147094727,0.13213832676410675,0.09749139100313187,-0.010161839425563812,-1.7827568356287187,-0.13321365497209636,-0.02875975190762553
13.102794500002346,0.04178030416369438,0.009094595909118652,0.0659872367978096,0.11039726436138153,0.07673470675945282,-0.02490408718585968,-1.781677493914094,-0.133282697868214,-0.027392352673642248
13.112850500001514,0.023649116978049278,-0.02855837345123291,0.028904199600219727,0.041341230273246765,0.059148259460926056,-0.00026798289036378264,-1.7808973390877916,-0.1333227272312493,-0.026557079882299606
13.122906500000681,-0.013222277164459229,-0.11265593767166138,0.029493458569049835,-0.03356985002756119,0.06427831202745438,0.025605052709579468,-1.7802792073689602,-0.13347659165813086,-0.026504764862706493
13.132962499999849,-0.044734470546245575,-0.12015652656555176,0.025296807289123535,-0.039159029722213745,0.10649793595075607,0.05586948245763779,-1.7795041555175672,-0.13383513683551743,-0.026949462100061154
13.143018499999016,-0.03865811228752136,-0.09223979711532593,0.013643264770507812,-0.013995438814163208,0.1157233864068985,0.07043654471635818,-1.778399881463222,-0.13445739615326732,-0.027256884511644503
13.153074499998183,-0.030680112540721893,-0.105033278465271,0.0794600248336792,-0.05857329070568085,0.07794405519962311,0.08267084509134293,-1.7774913755387316,-0.1351780385071512,-0.02781826007928934
13.163130500004627,-0.023303929716348648,-0.0696878433227539,0.061537742614746094,-0.030753113329410553,0.06155948340892792,0.12051159143447876,-1.7768946145952318,-0.13607466747728722,-0.028602373734480924
13.173186500003794,-0.02437696047127247,-0.01587080955505371,0.06891309469938278,0.017901774495840073,0.005080762319266796,0.10613478720188141,-1.7766153839768328,-0.13724865755035065,-0.028876710911343337
13.183241500002623,-0.016291502863168716,-0.005348682403564453,0.03783165663480759,0.011834649369120598,0.04970362409949303,0.10275229811668396,-1.7764321922100719,-0.138298080083073,-0.029018385297391702
13.19329750000179,-0.0004032427677884698,-0.0028434395790100098,0.06586730480194092,-0.018978657200932503,0.1283039003610611,0.0870220735669136,-1.7755656970511389,-0.13926092198629478,-0.02926258164995263
13.203353500000958,0.004106879699975252,0.010150730609893799,0.12040399760007858,0.014779750257730484,0.2176998108625412,0.08033648133277893,-1.7738783817392492,-0.14005013063833163,-0.029550471716981483
13.213409500000125,0.00505451112985611,0.04428225755691528,0.1298736333847046,0.08932668715715408,0.3196016848087311,0.06064825877547264,-1.771106538210815,-0.14079641414828695,-0.02920229283634884
13.223465499999293,-0.006851935759186745,0.06625562906265259,0.17432355880737305,0.1789073497056961,0.4210188388824463,0.0502554289996624,-1.7672332118710798,-0.1415537699708224,-0.027977350406143135
13.23352149999846,-0.0017182619776576757,0.05222350358963013,0.1912393569946289,0.2324238419532776,0.5418736338615417,0.04335943982005119,-1.7620574703470773,-0.1423106297847407,-0.02609344892589341
13.243577500004903,0.00641266955062747,0.0354384183883667,0.22101402282714844,0.3074015974998474,0.6726718544960022,0.017665691673755646,-1.7556101748444692,-0.14314351371068773,-0.02356362920411818
13.253632500003732,-0.012976666912436485,0.07123786211013794,0.27990031242370605,0.3301162123680115,0.7867183089256287,0.008885248564183712,-1.7478879300631953,-0.14382270432544023,-0.020423271364504458
13.2636885000029,-0.012467021122574806,0.0812271237373352,0.30590832233428955,0.3576084077358246,0.8777870535850525,-0.00015418592374771833,-1.7389784393462464,-0.14444877807492731,-0.016956083160752866
13.273744500002067,0.005142852198332548,0.07611578702926636,0.2244037389755249,0.4141358733177185,0.9604324102401733,-0.050066884607076645,-1.7291197336622985,-0.14482921074696975,-0.013029670693435884
13.283800500001234,0.002057312987744808,0.10204523801803589,0.18253421783447266,0.39157405495643616,1.0106416940689087,-0.09832842648029327,-1.7185509796325575,-0.1447224599856812,-0.008797601375157435
13.293856500000402,-0.01388576626777649,0.07432901859283447,0.21711266040802002,0.29699215292930603,1.0635414123535156,-0.10896482318639755,-1.707611709207772,-0.14417805680507664,-0.005226289275768054
13.30391249999957,-0.01833079755306244,0.05097317695617676,0.18921399116516113,0.33808228373527527,1.1342742443084717,-0.13886982202529907,-1.696096810838563,-0.143357599536421,-0.0019379492422076838
13.313968499998737,-0.037767164409160614,0.0709075927734375,0.1551506519317627,0.43325862288475037,1.2289576530456543,-0.1570669412612915,-1.6835937496280997,-0.14229968048069566,0.002098628166831095
13.324024499997904,-0.05252492427825928,0.08550018072128296,0.18183648586273193,0.5504336953163147,1.294688105583191,-0.18308959901332855,-1.6701416201817278,-0.14116231250534675,0.007197327484562829
13.334079500004009,-0.039153844118118286,0.08935290575027466,0.15831470489501953,0.6337533593177795,1.2799326181411743,-0.21553541719913483,-1.6562945551526953,-0.13969594736908547,0.013379287935903011
13.344135500003176,-0.02756573259830475,0.09891271591186523,0.0932469367980957,0.6768906712532043,1.2121295928955078,-0.2525920271873474,-1.642770362561918,-0.13789225374389363,0.020260205771651645
13.354191500002344,-0.05091755837202072,0.11543983221054077,0.05407214164733887,0.45198720693588257,1.1123063564300537,-0.3371385931968689,-1.630224706064954,-0.1353548249624301,0.026484133618367673
13.364247500001511,-0.0733206570148468,0.06467276811599731,0.06780517101287842,-0.054363325238227844,1.0261250734329224,-0.42856737971305847,-1.6192047525991677,-0.13157242608275405,0.028833860914686437
13.374303500000678,-0.050940632820129395,-0.012548387050628662,0.042294859886169434,-0.487466037273407,0.9831691384315491,-0.4620044231414795,-1.6094617753419715,-0.1269623291970194,0.026094192958945862
13.384359499999846,-0.03006329946219921,0.05047297477722168,0.024051545187830925,-0.5781450867652893,0.9252986311912537,-0.5251354575157166,-1.60053065938572,-0.1218383451103737,0.020697655655676297
13.394415499999013,-0.012848790735006332,0.19366663694381714,-0.0074206627905368805,-0.48190587759017944,0.8905454277992249,-0.608634889125824,-1.5920642289719584,-0.11599282258848527,0.015396114924796011
13.404470499997842,-0.0026330649852752686,0.20864766836166382,0.009051678702235222,-0.3284902274608612,0.9291490316390991,-0.6744389533996582,-1.5833973688977174,-0.10947030987026111,0.011431882044474588
13.414526500004285,0.0003132633864879608,0.17147451639175415,0.06717824935913086,-0.24130257964134216,1.0017595291137695,-0.717194139957428,-1.574012431560921,-0.10244552735333837,0.0086582568442126
13.424582500003453,0.009326085448265076,0.16698741912841797,0.1363314390182495,-0.22423064708709717,1.121252417564392,-0.74251389503479,-1.5635945452216176,-0.09508917269622787,0.006282711533181201
13.43463850000262,0.032784946262836456,0.14059865474700928,0.11912369728088379,-0.0568067729473114,1.2589647769927979,-0.7484309077262878,-1.5517701833447004,-0.08760692831576379,0.004691523849991915
13.444694500001788,0.04849700629711151,0.1652989387512207,0.08077132701873779,0.15821249783039093,1.3688387870788574,-0.7691122889518738,-1.5385007280334242,-0.07997021467541258,0.005002313579891263
13.454750500000955,0.04634106159210205,0.19309431314468384,0.07793807983398438,0.27876898646354675,1.4698021411895752,-0.7970770597457886,-1.5240852189776177,-0.07200815189627985,0.007015299880352706
13.464806500000122,0.06061793118715286,0.120106041431427,0.10707104206085205,0.17628072202205658,1.5834028720855713,-0.8161318898200989,-1.5085974757202414,-0.06377118373054441,0.009002352689753442
13.47486249999929,0.08170534670352936,0.02588564157485962,0.17723596096038818,-0.0060344962403178215,1.7082829475402832,-0.8287150859832764,-1.4920314007176967,-0.05544710550023883,0.009267770272104453
13.484917499998119,0.08988375216722488,-0.052694618701934814,0.2176065444946289,-0.0910547599196434,1.8191883563995361,-0.8179561495780945,-1.4743735295710203,-0.047238847395504185,0.007906273699558325
13.494973500004562,0.09442519396543503,-0.048164308071136475,0.12082779407501221,0.09413906186819077,1.8981270790100098,-0.8098199367523193,-1.4556916926718195,-0.03916032670326603,0.006924854632622845
13.50502950000373,0.09413032978773117,0.00902634859085083,0.039835333824157715,0.26996883749961853,1.9002190828323364,-0.8329387903213501,-1.4365112961370008,-0.03072588650675499,0.007817909294392352
13.515085500002897,0.10043442249298096,0.026402592658996582,0.08203792572021484,0.22459232807159424,1.8253769874572754,-0.8364661931991577,-1.417744574013099,-0.022055692402178882,0.009197731718500725
13.525141500002064,0.12027464807033539,-0.07555228471755981,0.12302744388580322,0.07393259555101395,1.753452181816101,-0.7959797382354736,-1.399825328614584,-0.01369396450191233,0.009374555734611188
13.535197500001232,0.11818012595176697,-0.15374720096588135,0.10338902473449707,-0.032035913318395615,1.7859203815460205,-0.7581889033317566,-1.3820756021413148,-0.0059791419240459555,0.008153706678458458
13.545253500000399,0.08353284001350403,-0.1262158751487732,0.13731646537780762,-0.07968465983867645,1.8626405000686646,-0.691338300704956,-1.3637473368764153,0.0010675763001443922,0.0061671871437678286
13.555308499999228,0.06592485308647156,-0.14396411180496216,0.2353866696357727,-0.15939652919769287,1.9361389875411987,-0.5966821312904358,-1.3446685883350573,0.007116459853878197,0.0035281483454220916
13.565364499998395,0.09489092230796814,-0.18244415521621704,0.15122348070144653,-0.05302987992763519,2.0911378860473633,-0.5249050259590149,-1.324533685385212,0.012241000295067275,0.001097513898111804
13.575420500004839,0.08353780210018158,-0.15332794189453125,0.21096259355545044,-0.035765137523412704,2.175340414047241,-0.46428266167640686,-1.3031028866386056,0.017002401913166192,-0.0005501221938190784
13.585476500004006,0.09401746094226837,-0.14237308502197266,0.18672239780426025,0.13350799679756165,2.2168326377868652,-0.40081924200057983,-1.2809164926354244,0.02127684472834118,-0.0013297343593948914
13.595532500003173,0.11710186302661896,-0.12717360258102417,0.013363124802708626,0.2509733736515045,2.209745168685913,-0.40531599521636963,-1.2586702369198817,0.02572580400437707,-0.000580363032307701
13.60558850000234,0.09388281404972076,-0.11983871459960938,0.02879631519317627,0.11913691461086273,2.1646411418914795,-0.37206220626831055,-1.2367022688304374,0.030092482812327816,6.991688354183658e-05
13.615644500001508,0.08115911483764648,-0.20400822162628174,0.1577904224395752,-0.21149107813835144,2.1424496173858643,-0.32813045382499695,-1.2150702474293422,0.033237110353909395,-0.0014946877486735593
13.625699500000337,0.056588903069496155,-0.30675947666168213,0.31628328561782837,-0.6294083595275879,2.2038424015045166,-0.2821577787399292,-1.1930724849282932,0.0345970547930369,-0.006629537266190107
13.635755499999505,0.07940298318862915,-0.285331666469574,0.22198820114135742,-0.5924055576324463,2.327327013015747,-0.1577375829219818,-1.170131482857742,0.03421423674899481,-0.013442852455507581
13.645811499998672,0.11206169426441193,-0.13229280710220337,0.14809685945510864,-0.37680530548095703,2.459824323654175,-0.08289625495672226,-1.1458434207570374,0.033351209740246794,-0.018445699043691227
13.65586749999784,0.11828427016735077,-0.03586477041244507,0.22396939992904663,-0.22761473059654236,2.5043530464172363,0.0037656675558537245,-1.1206526840681317,0.03254092368493774,-0.021373805293388316
13.665923500004283,0.15847823023796082,-0.116912841796875,0.11969977617263794,0.018113095313310623,2.5202932357788086,0.08115420490503311,-1.0953458243061094,0.031561509606930695,-0.02218144657197608
13.67597950000345,0.14908839762210846,-0.10971003770828247,0.04663485288619995,0.0916064903140068,2.4848878383636475,0.052746258676052094,-1.0701708340773424,0.03128535941041497,-0.021265983354563103
13.686035500002617,0.12554968893527985,-0.03402310609817505,0.08750420808792114,-0.10218921303749084,2.4178452491760254,0.061552826315164566,-1.045522430049022,0.030859692670064498,-0.02083721862626981
13.696091500001785,0.12068066000938416,-0.11941826343536377,0.15389323234558105,-0.48534324765205383,2.339564561843872,0.07517702877521515,-1.0215442345785413,0.028706269370506323,-0.023123799907889722
13.706146500000614,0.12977536022663116,-0.23166674375534058,0.04176586866378784,-0.667953372001648,2.285392999649048,0.06626531481742859,-0.9982233107455504,0.02497552980431422,-0.027705085127297017
13.716202499999781,0.11761721968650818,-0.07097816467285156,-0.005418296903371811,-0.6766747236251831,2.2768173217773438,0.09637847542762756,-0.9751559968828111,0.020523444445519932,-0.03294899486409057
13.726258499998949,0.12188047170639038,0.06443643569946289,-0.038280125707387924,-0.6349635720252991,2.15990948677063,0.09837140142917633,-0.9527291714255547,0.01589406688086112,-0.03790278359596231
13.736314499998116,0.15179690718650818,0.03166604042053223,-0.14662963151931763,-0.5776390433311462,2.06001615524292,0.10383114963769913,-0.9314725160814711,0.011476422630428147,-0.04221756223351731
13.74637050000456,0.131672665476799,0.045278847217559814,-0.15274620056152344,-0.5701550841331482,1.9739717245101929,0.07903988659381866,-0.9111878004044185,0.007270440830630224,-0.046190318898514535
13.756426500003727,0.08137093484401703,0.06506890058517456,-0.14719796180725098,-0.5691111087799072,1.9408297538757324,0.058604124933481216,-0.891508360597701,0.0031423619124466102,-0.05031476334631017
13.766482500002894,0.0440700501203537,0.05989682674407959,-0.14266562461853027,-0.4940309226512909,1.9393576383590698,0.046119917184114456,-0.8719875460369407,-0.000685443881346739,-0.05409506849274767
13.776538500002061,0.02357812225818634,0.07295829057693481,-0.14790070056915283,-0.3989510238170624,1.9321329593658447,0.03574344143271446,-0.8524734154230748,-0.0039420689486235425,-0.057328037212605876
13.78659350000089,0.047999441623687744,0.09371161460876465,-0.20135152339935303,-0.28246867656707764,1.8939357995986938,0.05207328125834465,-0.8331917464296674,-0.006563609402461546,-0.05958355616631046
13.796649500000058,0.08644108474254608,0.09520894289016724,-0.21914821863174438,-0.25707703828811646,1.7892911434173584,0.05567919835448265,-0.8146760599220914,-0.008775103509105618,-0.06113926012659425
13.806705499999225,0.10377714037895203,0.08138293027877808,-0.2061610221862793,-0.3318963348865509,1.648612141609192,0.034458596259355545,-0.7974011134297146,-0.011120700621748936,-0.06292652990503496
13.816761499998393,0.09436716139316559,0.05307924747467041,-0.19569534063339233,-0.4633693993091583,1.5322580337524414,0.0009504400659352541,-0.7814759305362261,-0.014062053774591602,-0.06560521015166594
13.826817500004836,0.07787641882896423,0.06156677007675171,-0.183030366897583,-0.557867169380188,1.4596641063690186,-0.02351040206849575,-0.7665432355493066,-0.01770362900196983,-0.06932704534371258
13.836873500004003,0.06178085505962372,0.08028823137283325,-0.12007862329483032,-0.6149155497550964,1.4124665260314941,-0.04840456321835518,-0.7522225965158592,-0.021750932005275985,-0.07365389973027305
13.84692950000317,0.055336833000183105,0.09193819761276245,-0.0501863956451416,-0.6565899848937988,1.4064812660217285,-0.06858948618173599,-0.7382009736646831,-0.02608373266623148,-0.07846335408474017
13.856984500002,0.06744122505187988,0.09029078483581543,-0.06200283765792847,-0.5179439187049866,1.429689884185791,-0.08445873111486435,-0.7240865588994783,-0.03009399946687581,-0.08305432080613956
13.867040500001167,0.09683112800121307,0.10040891170501709,-0.07311296463012695,-0.34075456857681274,1.4400670528411865,-0.129770427942276,-0.709749409595321,-0.032627799479859804,-0.08668645486315305
13.877096500000334,0.11644798517227173,0.15311795473098755,0.0011448869481682777,-0.2777732014656067,1.4417544603347778,-0.13313452899456024,-0.6953604840667362,-0.03410193177119078,-0.08969558889792079
13.887152499999502,0.1292770355939865,0.11713582277297974,0.06406712532043457,-0.3256131708621979,1.4385945796966553,-0.1373278796672821,-0.6810121937103414,-0.035550014476364925,-0.09266067039008241
13.89720849999867,0.12797439098358154,0.039516568183898926,0.1087527871131897,-0.401670902967453,1.47140371799469,-0.13662081956863403,-0.6665024269005341,-0.037594244172487044,-0.09609170752142485
13.907264499997837,0.10806329548358917,0.021769464015960693,0.17212671041488647,-0.41349196434020996,1.5526905059814453,-0.16104578971862793,-0.6514397039880813,-0.039929074145956284,-0.09984666538506497
13.91732050000428,0.07750487327575684,0.04871046543121338,0.20479583740234375,-0.3672501742839813,1.6533087491989136,-0.16500110924243927,-0.6354501015568976,-0.042172394230121125,-0.10357658284585956
13.927375500003109,0.07552097737789154,0.04933542013168335,0.17008686065673828,-0.2942543029785156,1.7085628509521484,-0.17613981664180756,-0.6186199167883049,-0.04390049993538354,-0.10693340947715904
13.937431500002276,0.10550616681575775,0.06890100240707397,0.09340018033981323,-0.23180104792118073,1.6825560331344604,-0.1933472901582718,-0.6016529634903696,-0.04505304683424724,-0.11001391098358776
13.947487500001444,0.14233151078224182,0.06822800636291504,0.00717395544052124,-0.14007006585597992,1.586950659751892,-0.21257035434246063,-0.5853322383142656,-0.045462531831678664,-0.11276290173217392
13.957543500000611,0.1308847814798355,0.051863670349121094,-0.03250616788864136,-0.14003783464431763,1.485498070716858,-0.25302085280418396,-0.5700328243933951,-0.045342582464212404,-0.11545510534105403
13.967599499999778,0.09778064489364624,0.03445327281951904,-0.06192457675933838,-0.24070581793785095,1.428830862045288,-0.27498388290405273,-0.5555523900686982,-0.04551646786624719,-0.11874117938151268
13.977655499998946,0.08056506514549255,-0.018501698970794678,-0.03301173448562622,-0.3700086772441864,1.361309289932251,-0.26035165786743164,-0.541656157287357,-0.04672104199306285,-0.1227049301517864
13.987711499998113,0.06603305041790009,-0.05131727457046509,-0.007176816463470459,-0.46413636207580566,1.3679040670394897,-0.2591204047203064,-0.5281105405003258,-0.04908512919425991,-0.12710718015632738
13.997767500004556,0.044892653822898865,-0.029692351818084717,-0.0016683335416018963,-0.44797444343566895,1.4190268516540527,-0.20886307954788208,-0.514392522557541,-0.05198092555732922,-0.13148863323551718
14.007822500003385,0.03947402536869049,-0.010192692279815674,0.022718369960784912,-0.38919761776924133,1.4979075193405151,-0.16965682804584503,-0.5000007852132355,-0.05477849455293507,-0.13519085831461294
14.017878500002553,0.04705826938152313,-0.003675103187561035,0.05117827653884888,-0.36174654960632324,1.5729130506515503,-0.1340695321559906,-0.4847609398313303,-0.05738349895140621,-0.13833813117573213
14.02793450000172,0.08351936936378479,-0.013966202735900879,-0.018311738967895508,-0.2670504152774811,1.592291235923767,-0.09686365723609924,-0.46903814755186485,-0.05987639265017362,-0.1408565068095039
14.037990500000888,0.1384148746728897,0.013298869132995605,-0.12841057777404785,-0.10910633206367493,1.5463639497756958,-0.11249428242444992,-0.4533495883647499,-0.06104951927275291,-0.1426549924994958
14.048046500000055,0.16799908876419067,0.08656942844390869,-0.1226310133934021,-0.05302473157644272,1.4757628440856934,-0.09505374729633331,-0.4382355539035124,-0.06128546055809249,-0.14395409823363597
14.058102499999222,0.17728352546691895,0.06126326322555542,-0.11202073097229004,-0.12470743805170059,1.390392780303955,-0.07407549023628235,-0.42389633367652096,-0.06172383074722851,-0.14506651400577772
14.06815849999839,0.18285095691680908,-0.05860733985900879,-0.07188212871551514,-0.2753339409828186,1.3312389850616455,-0.06570044159889221,-0.41034002390591995,-0.06329915711849633,-0.1465390771575146
14.078213500004495,0.1613263636827469,-0.10580617189407349,-0.00833064317703247,-0.436015248298645,1.3319257497787476,-0.03738144785165787,-0.3971182108030197,-0.0664132296903521,-0.14844235793834437
14.088270000000193,0.13788604736328125,-0.04230707883834839,0.03394395112991333,-0.5251393914222717,1.3890163898468018,0.02500823885202408,-0.38359205324055995,-0.07091550523484427,-0.15038291808647966
14.09832599999936,0.13283273577690125,-0.05286890268325806,0.09176492691040039,-0.5846932530403137,1.4674522876739502,0.09254174679517746,-0.3693676223714399,-0.07635922190354065,-0.15188821261499902
14.108381999998528,0.1275106966495514,-0.10464364290237427,0.12445002794265747,-0.6192342042922974,1.5581755638122559,0.1419541835784912,-0.3542440828100938,-0.08251453824104442,-0.15294046052270385
14.118438000004971,0.12436588108539581,-0.10204392671585083,0.04997074604034424,-0.5054455995559692,1.6396174430847168,0.14803259074687958,-0.3381947681929102,-0.08843482354033357,-0.15350828695043847
14.128494000004139,0.12693068385124207,-0.02287346124649048,-0.0005013942718505859,-0.36540573835372925,1.6499284505844116,0.1364547610282898,-0.32159415476245784,-0.0930657036811497,-0.15357238926134
14.138550000003306,0.14008063077926636,0.0433536171913147,-0.07218492031097412,-0.1953647881746292,1.565246343612671,0.12232030928134918,-0.30531510704268033,-0.09612863928459563,-0.15318912642314556
14.148606000002474,0.15445497632026672,0.01153939962387085,-0.13750571012496948,-0.1219317615032196,1.403128981590271,0.09076275676488876,-0.29031149987793864,-0.09783862646660947,-0.15257784882166775
14.158661000001302,0.14200663566589355,-0.03858822584152222,-0.15268975496292114,-0.19979539513587952,1.2194015979766846,0.08372481912374496,-0.2771217165310251,-0.09962948320455825,-0.1522020337962764
14.16871700000047,0.11593632400035858,-0.08110713958740234,-0.17812395095825195,-0.3251582384109497,1.0810602903366089,0.08308690786361694,-0.2655813192339098,-0.10231830550985008,-0.15211307262777887
14.178772999999637,0.08139167726039886,-0.04046231508255005,-0.1778852939605713,-0.4359571933746338,0.9664479494094849,0.1292155236005783,-0.2552604610670549,-0.10637930856327914,-0.15211722956266344
14.188828999998805,0.060529693961143494,-0.04332840442657471,-0.2004377841949463,-0.4266522526741028,0.8550035953521729,0.1707490235567093,-0.24604013959806315,-0.11097175198900909,-0.1517084542908136
14.198884999997972,0.03441143035888672,-0.09791141748428345,-0.17567193508148193,-0.47143542766571045,0.7826455235481262,0.18427789211273193,-0.23778764906467165,-0.11576302630748768,-0.15103983723632383
14.208941000004415,-4.0471553802490234e-05,-0.06564480066299438,-0.15098178386688232,-0.44497573375701904,0.7715580463409424,0.21546348929405212,-0.2298731264361613,-0.1207960738959888,-0.15018964823213865
14.218997000003583,-0.0034526586532592773,-0.04089158773422241,-0.19021236896514893,-0.2967599034309387,0.7629496455192566,0.23513999581336975,-0.22195758205156793,-0.12498497414169779,-0.14878267254739805
14.229052000002412,-0.0005035996437072754,0.011660218238830566,-0.23070240020751953,-0.10966608673334122,0.7707104086875916,0.22651320695877075,-0.21400703554634518,-0.1275037445847256,-0.1469272311542752
14.239108000001579,-0.004596233367919922,0.06523740291595459,-0.2177257537841797,0.05767204612493515,0.7887488007545471,0.23538738489151,-0.20587322880049608,-0.12818688814175375,-0.14468619914348313
14.249164000000746,0.0020750463008880615,0.055151164531707764,-0.17482197284698486,0.13300971686840057,0.7690990567207336,0.25285667181015015,-0.19767732525955994,-0.1276903256735779,-0.14204715763765066
14.259219999999914,0.01946350932121277,0.019892394542694092,-0.12207937240600586,0.08405842632055283,0.7273849248886108,0.27481549978256226,-0.18979054487706545,-0.12707279177913422,-0.13919921302089514
14.269275999999081,0.03518836200237274,-0.019603490829467773,-0.09719550609588623,-0.020708469673991203,0.6698641180992126,0.2805463671684265,-0.18243242908516416,-0.12725746863543394,-0.13637321247248768
14.279331999998249,0.05022183060646057,-0.062034785747528076,-0.09900319576263428,-0.1483580321073532,0.6121962666511536,0.265794575214386,-0.17563579705556706,-0.1285997028393451,-0.1338296351090502
14.289388000004692,0.05856388807296753,-0.04246318340301514,-0.11598217487335205,-0.2236470729112625,0.5886130928993225,0.25717800855636597,-0.1693069251567816,-0.13090999122005847,-0.13150619947418152
14.29944300000352,0.06838756799697876,0.039010465145111084,-0.14141952991485596,-0.13928452134132385,0.574468195438385,0.2575814723968506,-0.16315507069562363,-0.13346770272412142,-0.12922543421355517
14.309499000002688,0.064607635140419,0.028094172477722168,-0.19783127307891846,-0.0845428854227066,0.49364471435546875,0.18797433376312256,-0.157456920316472,-0.13471981117471818,-0.12720042516341062
14.319555000001856,0.06698933243751526,0.16460686922073364,-0.1393524408340454,-0.11856742948293686,0.4271008372306824,0.1436457633972168,-0.1526438044278432,-0.13611263622937905,-0.12571583287227595
14.329611000001023,0.07146786153316498,0.22071170806884766,-0.14558148384094238,0.1813066452741623,0.3186092674732208,0.15002572536468506,-0.14866812738495136,-0.13615009698781,-0.12428423392841657
14.33966700000019,0.06524348258972168,0.13699400424957275,-0.0895390510559082,0.1558753103017807,0.2297946959733963,0.07068004459142685,-0.1455910487852484,-0.13431968392199764,-0.12276764458392725
14.349722999999358,0.01530863344669342,0.09753769636154175,0.04668891429901123,-0.09711473435163498,0.13621240854263306,0.010267055593430996,-0.143685906836406,-0.1340139970122117,-0.12236175015130846
14.359778999998525,-0.014133885502815247,-0.0003172755241394043,0.049938321113586426,-0.26440465450286865,0.07203103601932526,-0.017578689381480217,-0.1426865619479721,-0.13592035735086916,-0.12268975336767642
14.369835000004969,-0.006255850195884705,0.007347166538238525,-0.07388472557067871,-0.23083645105361938,0.048272307962179184,-0.011727964505553246,-0.14213035334445764,-0.1385114743232164,-0.12319189330006049
14.379890000003797,0.002461150288581848,0.03718709945678711,-0.13761365413665771,-0.029173903167247772,0.07767973095178604,-0.04568193480372429,-0.14161762925890942,-0.13978297445394944,-0.1236590014137083
14.389946000002965,-0.018111079931259155,0.08444792032241821,-0.11318099498748779,0.1137678474187851,0.18433813750743866,-0.12746810913085938,-0.14040427530644364,-0.13917547595989033,-0.12439370725673365
14.400002000002132,-0.023403242230415344,0.10432660579681396,-0.04126465320587158,0.16947026550769806,0.203985333442688,-0.08812790364027023,-0.13849523880304723,-0.13752257348698682,-0.1253467408598157
14.4100580000013,0.00154779851436615,0.0691404938697815,0.03436076641082764,0.17307311296463013,0.2010357528924942,-0.06070781126618385,-0.13650461029321423,-0.1357381656952653,-0.12581577579241987
14.420114000000467,0.004831239581108093,0.058614373207092285,0.0645982027053833,0.19281673431396484,0.2082771509885788,-0.06324207782745361,-0.1344874752219002,-0.13382657563839523,-0.12616473307113893
14.430169999999634,-0.004507854580879211,0.03616034984588623,0.07064598798751831,0.1636955887079239,0.23364828526973724,-0.03800894320011139,-0.13232906633799812,-0.13197015111383892,-0.12643150367657743
14.440225999998802,-0.01823866367340088,0.04641598463058472,0.0833093523979187,0.16731137037277222,0.2844427525997162,-0.023645982146263123,-0.1296899686160669,-0.13027424903931673,-0.12648060884209672
14.450281000004907,-0.00883038341999054,0.04799741506576538,0.06560075283050537,0.25512421131134033,0.2790983319282532,-0.03662809357047081,-0.1267766869415019,-0.12813784959383637,-0.12649165161900647
14.460337000004074,0.004724755883216858,-0.051427364349365234,0.060624539852142334,0.1927013248205185,0.24804987013339996,-0.027154164388775826,-0.12418547968157759,-0.12586493508163088,-0.12649319403569084
14.470393000003241,-0.0007523596286773682,-0.05872410535812378,0.08988159894943237,0.11085359752178192,0.23449170589447021,-0.006911371368914843,-0.12173070769196617,-0.12437336256197006,-0.1264880057057302
14.480449000002409,0.005401119589805603,-0.051472485065460205,0.039784908294677734,0.05702844634652138,0.22663964331150055,-0.007960124872624874,-0.11942472795737046,-0.12350850297691209,-0.12644295294940933
14.490505000001576,0.016323864459991455,-0.056675493717193604,-0.003729104995727539,0.054527342319488525,0.25242531299591064,0.012034223414957523,-0.1170379003587122,-0.12296816289963995,-0.12634116501000464
14.500561000000744,0.012628942728042603,-0.027396202087402344,-0.0018841046839952469,0.11567883938550949,0.2686793804168701,0.015940014272928238,-0.114373862506426,-0.12216838998929275,-0.12607542872477248
14.510616999999911,0.011007800698280334,0.003953158855438232,0.014514923095703125,0.18552903831005096,0.2710474729537964,0.03336571902036667,-0.11156324682608489,-0.120625227785021,-0.12571626928962462
14.52067199999874,0.01949155330657959,0.002570509910583496,0.004110276699066162,0.2461620271205902,0.26221057772636414,0.05664068087935448,-0.10884226930986761,-0.11859867877620055,-0.12493917857310202
14.530727999997907,0.018970146775245667,-0.013652145862579346,-0.018385589122772217,0.18459820747375488,0.2336656004190445,0.07699567824602127,-0.10624419807883694,-0.11641003788077108,-0.1240423858106126
14.54078400000435,0.021011188626289368,-0.03576970100402832,-0.011289777234196663,0.0987837091088295,0.19974438846111298,0.0774255096912384,-0.10394382790816281,-0.11506980401892929,-0.12309860204825425
14.550840000003518,0.018458247184753418,-0.09658390283584595,-0.028320133686065674,0.047220781445503235,0.16370795667171478,0.0994875356554985,-0.10203245955807477,-0.1144897468230676,-0.1221360678533106
14.560896000002685,0.017842844128608704,-0.11236363649368286,-0.07676804065704346,-0.05864360183477402,0.14865656197071075,0.1100190058350563,-0.1002412481350741,-0.11447875514136388,-0.12115279485166863
14.570952000001853,0.024093300104141235,-0.06039011478424072,-0.08203470706939697,-0.04495681822299957,0.16325974464416504,0.15299609303474426,-0.09851055201339001,-0.11526908090854732,-0.119903327672209
14.58100800000102,0.03145584464073181,-0.05647134780883789,-0.07383596897125244,0.013827935792505741,0.1385733187198639,0.2158416360616684,-0.0966472872418943,-0.11553815315716413,-0.11808505369896022
14.591064000000188,0.03029029071331024,-0.03462874889373779,-0.039948463439941406,0.07000243663787842,0.11635908484458923,0.27410274744033813,-0.09508222531868082,-0.11533124273457654,-0.1155890661931051
14.601118999999017,0.03856566548347473,-0.026431620121002197,-0.06315475702285767,0.08481307327747345,0.07514959573745728,0.3120962083339691,-0.0937736429584073,-0.11483520862026873,-0.11254046682791664
14.611174999998184,0.03567194938659668,-0.06506490707397461,-0.058798547834157944,0.050613246858119965,0.02905227616429329,0.3254907429218292,-0.09291473939453908,-0.11446382473668928,-0.10924504620702795
14.621231000004627,0.02141954004764557,-0.0823448896408081,-0.012570858001708984,0.1342567503452301,3.2607465982437134e-05,0.31962087750434875,-0.09235967986140309,-0.1139388724852186,-0.10587648442321043
14.631287000003795,-0.009239718317985535,-0.09031933546066284,-0.011261101812124252,0.13789840042591095,-0.0580393522977829,0.28806671500205994,-0.0922423743256927,-0.11273714936118513,-0.1027595503599561
14.641343000002962,0.014417409896850586,0.0262376070022583,-0.0843963623046875,0.1293347328901291,-0.07063743472099304,0.3141973912715912,-0.09242340832483883,-0.11170087027631946,-0.09953621187762737
14.65139900000213,0.042571067810058594,0.027522027492523193,-0.13353347778320312,0.10925205796957016,-0.13187749683856964,0.27006566524505615,-0.09302661392076682,-0.11065943287756527,-0.09651392790211982
14.661455000001297,0.037023335695266724,-0.024141788482666016,-0.09433102607727051,0.08098579943180084,-0.16105376183986664,0.2661593556404114,-0.09416369454493932,-0.11005528843271485,-0.09367736397547805
14.671510000000126,0.02369914948940277,0.013036727905273438,-0.07735693454742432,0.09744151681661606,-0.2157866358757019,0.2580697238445282,-0.09575031654298084,-0.10944878071798864,-0.09094025434100274
14.681565999999293,0.03440617024898529,0.07825654745101929,-0.08978956937789917,0.18651840090751648,-0.2413599193096161,0.23328502476215363,-0.09781119644483278,-0.10827638479821841,-0.08826915426343306
14.69162199999846,0.03014543652534485,0.09620356559753418,-0.08648979663848877,0.1983482539653778,-0.29918166995048523,0.23956075310707092,-0.10026600452745328,-0.1065960780051133,-0.08582630122468644
14.701678000004904,0.026658013463020325,0.06742388010025024,-0.06153857707977295,0.26069071888923645,-0.35372185707092285,0.2675960958003998,-0.10324237121974465,-0.10454072189276924,-0.08299977455836034
14.711734000004071,0.006780683994293213,0.04598504304885864,-0.05041671171784401,0.2975981533527374,-0.43203890323638916,0.2562509775161743,-0.10689609147097262,-0.10209486029490557,-0.08004378083312091
14.721790000003239,-0.009625554084777832,0.02459508180618286,-0.03197121620178223,0.2927171289920807,-0.5281638503074646,0.28538569808006287,-0.11143081356495385,-0.0994158219269555,-0.07701475122590057
14.731846000002406,-0.0004640147089958191,0.032417476177215576,-0.07697480916976929,0.2549298107624054,-0.6277682185173035,0.3250984847545624,-0.11691494436758823,-0.09697026370004468,-0.07361339576162462
14.741902000001573,0.02155633270740509,-0.011401116847991943,-0.13977265357971191,0.1577734351158142,-0.6920883059501648,0.3117571175098419,-0.1232483336776803,-0.09523467606318803,-0.07010574066329944
14.751957000000402,0.03497578203678131,-0.07912325859069824,-0.1720370054244995,0.0511825866997242,-0.7601426243782043,0.26784634590148926,-0.13033201798095786,-0.09461530729683988,-0.067007211464747
14.76201299999957,0.03943673521280289,-0.07728815078735352,-0.15342694520950317,-0.021928107365965843,-0.8035715818405151,0.2404986023902893,-0.13792004468602193,-0.0947748742588387,-0.0644863014811662
14.772068999998737,0.049608685076236725,0.024625658988952637,-0.10985779762268066,-0.023226354271173477,-0.9360038042068481,0.2953728437423706,-0.14639366649095203,-0.09548035881797448,-0.061875531312554605
14.782124999997905,0.08414532989263535,0.01285552978515625,-0.18411409854888916,0.014613968320190907,-1.0299851894378662,0.26998865604400635,-0.1559634446227997,-0.09590315621728658,-0.058964948080182995
14.792181000004348,0.07953996956348419,-0.056751549243927,-0.20226752758026123,-0.016418693587183952,-1.136948585510254,0.23704908788204193,-0.16657684527821426,-0.09623648818729832,-0.05649001515215908
14.802237000003515,0.07952238619327545,-0.005449116230010986,-0.17800754308700562,-0.06322401762008667,-1.2962628602981567,0.24970389902591705,-0.17854944497927785,-0.09709555002202062,-0.05409329870540794
14.812293000002683,0.08023277670145035,0.029818594455718994,-0.2195560336112976,-0.175755575299263,-1.4241437911987305,0.23545318841934204,-0.19202434576746302,-0.09865946957569349,-0.05190975256628558
14.822348000001512,0.07878673821687698,-0.008894622325897217,-0.2284027338027954,-0.30572155117988586,-1.5070756673812866,0.24636389315128326,-0.20667501644722167,-0.10150668055735465,-0.049986560601354556
14.832404000000679,0.06294900178909302,-0.05419117212295532,-0.19186830520629883,-0.3707098364830017,-1.5668890476226807,0.24608515202999115,-0.22195152118276454,-0.10542811725842162,-0.04827094880069114
14.842459999999846,0.05294928699731827,-0.0304298996925354,-0.1592678427696228,-0.3266976475715637,-1.654035210609436,0.23701362311840057,-0.23798278007063653,-0.10943745912262764,-0.046702462109114704
14.852515999999014,0.058110013604164124,0.046832382678985596,-0.19662714004516602,-0.18600066006183624,-1.7179529666900635,0.18313582241535187,-0.2548330104127294,-0.11255465556594943,-0.04526136619615929
14.862571999998181,0.05785711109638214,0.11173111200332642,-0.27231377363204956,-0.010667463764548302,-1.7596766948699951,0.10216826945543289,-0.2721192595890167,-0.11387576740720691,-0.04409155464975727
14.872628000004624,0.06317995488643646,0.12162399291992188,-0.2782803177833557,0.11025793850421906,-1.8720782995224,-9.543669148115441e-05,-0.2902615705790442,-0.11344592029549412,-0.04338849179638889
14.882684000003792,0.06973131000995636,0.11711305379867554,-0.25991010665893555,0.1006774827837944,-2.0536160469055176,-0.11593495309352875,-0.30999533484170244,-0.11224280722851222,-0.043613718830195845
14.89273900000262,0.07562897354364395,0.1514604091644287,-0.26925450563430786,0.044293347746133804,-2.266710042953491,-0.1911669820547104,-0.33183408605239306,-0.1109831761445372,-0.04483073658303052
14.902795000001788,0.09359712153673172,0.14508342742919922,-0.3721888065338135,-0.0809391438961029,-2.4568209648132324,-0.25967785716056824,-0.35584429122828515,-0.11028969585463921,-0.04703496002420334
14.912851000000956,0.12412238866090775,0.09652817249298096,-0.5114768743515015,-0.20737923681735992,-2.585327625274658,-0.2975523769855499,-0.381538158654266,-0.11061158754221657,-0.050164932835913986
14.922907000000123,0.14677847921848297,0.04886096715927124,-0.530485987663269,-0.25866055488586426,-2.711104393005371,-0.3352494239807129,-0.4085364736344095,-0.11153184419646854,-0.053995119093679905
14.93296299999929,0.19521936774253845,0.13394248485565186,-0.4843636751174927,-0.1347918063402176,-2.8777809143066406,-0.33220618963241577,-0.4370268912192374,-0.11202116864231973,-0.057933114760106486
14.943018999998458,0.26396888494491577,0.26262927055358887,-0.45460009574890137,0.21552999317646027,-3.15982723236084,-0.2972244918346405,-0.4675955299715276,-0.11033436672981085,-0.06059996988199357
14.953075000004901,0.32875189185142517,0.1987522840499878,-0.5023833513259888,0.5042145848274231,-3.3836190700531006,-0.32489559054374695,-0.5006857207069687,-0.10553434639674915,-0.06160640337377899
14.963131000004068,0.33679959177970886,0.14046770334243774,-0.43095695972442627,0.5099020004272461,-3.4929401874542236,-0.35000813007354736,-0.5353215451927786,-0.09925721254928939,-0.061971731338585356
14.973186000002897,0.33959677815437317,0.11858528852462769,-0.3139612674713135,0.4113219082355499,-3.5121753215789795,-0.313589870929718,-0.5706327899067966,-0.09350982655844525,-0.062359071100624774
14.983242000002065,0.3625240921974182,0.08481764793395996,-0.21346795558929443,0.23484593629837036,-3.48423171043396,-0.30454498529434204,-0.6058903993508415,-0.08903008570725911,-0.06309460943655743
14.993298000001232,0.37771496176719666,0.06852978467941284,-0.13296592235565186,0.08247477561235428,-3.3751044273376465,-0.29972630739212036,-0.6405502514294078,-0.08598853806263963,-0.06466619512331019
15.0033540000004,0.3877198100090027,0.06868278980255127,-0.025545954704284668,0.04329754412174225,-3.2562875747680664,-0.2960303723812103,-0.6740953734545955,-0.08376811216190583,-0.0667420503884441
15.013409999999567,0.3882139325141907,0.09705710411071777,0.02650177665054798,0.17409852147102356,-3.123185396194458,-0.30841848254203796,-0.7063513090749169,-0.08095167929206308,-0.06840367265915431
15.023465999998734,0.37611067295074463,0.11983734369277954,0.042743682861328125,0.36850208044052124,-2.94091534614563,-0.29619136452674866,-0.7368858840463904,-0.07697633238217143,-0.06892289410903338
15.033521999997902,0.3566082715988159,0.0697404146194458,0.08074045181274414,0.5753746628761292,-2.7507717609405518,-0.2831234931945801,-0.7653714165244966,-0.07152052295616093,-0.06773026503899808
15.043577000004007,0.3256174623966217,0.01593118906021118,0.23886263370513916,0.698151707649231,-2.6283950805664062,-0.2915140390396118,-0.7921574609410698,-0.06485949743133151,-0.06518572365322253
15.053633000003174,0.289558470249176,-0.013054132461547852,0.4354199171066284,0.6487864255905151,-2.5787882804870605,-0.29952239990234375,-0.8181037362800467,-0.05800618669979826,-0.06239660879337801
15.063689000002341,0.2834624648094177,-0.08821797370910645,0.38570404052734375,0.5963940620422363,-2.517763376235962,-0.263344407081604,-0.8436050813970544,-0.05155599037947356,-0.05957534221695099
15.073745000001509,0.2917172610759735,-0.16185396909713745,0.3387434482574463,0.35390082001686096,-2.442775249481201,-0.20772294700145721,-0.8683942863103442,-0.04660796383494197,-0.057462687773847734
15.083801041670085,0.27401620149612427,-0.20798498392105103,0.31333768367767334,0.06259919703006744,-2.34543514251709,-0.1515566110610962,-0.8924386311461355,-0.0438327297825243,-0.05701884629539257
15.093857041669253,0.24479709565639496,-0.2831190824508667,0.3190814256668091,-0.14014294743537903,-2.2623131275177,-0.09405772387981415,-0.9156469287311139,-0.04313921976736648,-0.05813931227978728
15.10391304166842,0.20775523781776428,-0.28720736503601074,0.33123159408569336,-0.28839847445487976,-2.2149832248687744,-0.05105166882276535,-0.9382092710534582,-0.043876699817373896,-0.06022752404451136
15.113968041667249,0.17531782388687134,-0.2676127552986145,0.31623148918151855,-0.2774070203304291,-2.195617437362671,-0.016081301495432854,-0.9604417401820579,-0.04536415299264049,-0.06277759576158193
15.124024041666416,0.14120188355445862,-0.26068609952926636,0.3458458185195923,-0.24414226412773132,-2.2184433937072754,0.005471662152558565,-0.9827108844230154,-0.046760494291714215,-0.06497437328036948
15.134080041665584,0.09934195876121521,-0.2238466739654541,0.345084547996521,-0.23103077709674835,-2.2954416275024414,0.03789663314819336,-1.0054925127825616,-0.048144630151912005,-0.06685780614416985
15.144136041664751,0.0841415673494339,-0.1655096411705017,0.24451076984405518,-0.29953208565711975,-2.3509531021118164,0.08577894419431686,-1.0289095067173288,-0.049995108229514064,-0.06869351939150484
15.154192041671195,0.0736897885799408,-0.1417543888092041,0.1407926082611084,-0.45149093866348267,-2.4038703441619873,0.13223940134048462,-1.0529540985842496,-0.05295755998963415,-0.07144262243969159
15.164248041670362,0.054555848240852356,-0.14469391107559204,0.020996563136577606,-0.5532287359237671,-2.394766330718994,0.15090443193912506,-1.077348195061546,-0.05666755377319695,-0.07516839998940629
15.17430404166953,0.0212058424949646,-0.09687983989715576,-0.020346641540527344,-0.5973201394081116,-2.349534034729004,0.1599060744047165,-1.101459072050458,-0.060748976743182526,-0.0796315979530528
15.184360041668697,0.006607323884963989,-0.03873574733734131,-0.05458832532167435,-0.6426223516464233,-2.316387176513672,0.16124911606311798,-1.1252189482115214,-0.06496235019853806,-0.0845213918746997
15.194415041667526,0.015978649258613586,-0.030590951442718506,0.0013494417071342468,-0.6472703218460083,-2.3541409969329834,0.14284168183803558,-1.1490146181738576,-0.06904902425654706,-0.08975747137629045
15.204471041666693,0.03279191255569458,-0.025061845779418945,0.08608436584472656,-0.534614622592926,-2.4084599018096924,0.09999915212392807,-1.173250107502829,-0.0725632085691673,-0.09473403582740281
15.21452704166586,0.02877095341682434,0.05648583173751831,0.11336600035429001,-0.4618762731552124,-2.39734148979187,0.11003764718770981,-1.1979043757167478,-0.07539375484948839,-0.09905341104998462
15.224583041665028,0.039149656891822815,0.18457919359207153,0.004875883460044861,-0.23273390531539917,-2.252915143966675,0.11389896273612976,-1.221491554902608,-0.07775734442032248,-0.10189093190938098
15.234639041671471,0.0458049550652504,0.19904816150665283,-0.0034950971603393555,-0.06137147545814514,-2.1282079219818115,0.07710441201925278,-1.243567377896449,-0.07915937397459588,-0.10288749270035875
15.244695041670639,0.05845467001199722,0.21153748035430908,0.007726684212684631,-0.016933172941207886,-2.0489442348480225,0.023300301283597946,-1.2645220367261283,-0.07970531620041602,-0.10290323166681697
15.254751041669806,0.054004304111003876,0.18874752521514893,0.004552237689495087,-0.05984402075409889,-1.941489815711975,-0.0036869223695248365,-1.2846180009930028,-0.07987594676686807,-0.10314940374895427
15.264806041668635,0.0547417476773262,0.19435489177703857,0.009343147277832031,-0.1949821263551712,-1.796527624130249,-0.001138543477281928,-1.3035224122580709,-0.08023113677341283,-0.10436119825416056
15.274862041667802,0.04912106692790985,0.14237254858016968,0.07105028629302979,-0.17928901314735413,-1.7048083543777466,-0.09278936684131622,-1.321221047942644,-0.08034720108044095,-0.1063793350359182
15.28491804166697,0.06035467982292175,0.11900186538696289,0.15742957592010498,-0.05760226026177406,-1.691271185874939,-0.17740678787231445,-1.338379019940303,-0.07925667560974169,-0.10787277332230367
15.294974041666137,0.06306183338165283,0.17927515506744385,0.20299112796783447,0.026585454121232033,-1.7093040943145752,-0.2522253394126892,-1.3555399296415676,-0.07716501324719333,-0.10858271309872855
15.305030041665304,0.10097718983888626,0.21670085191726685,0.1128915548324585,0.17215649783611298,-1.6925907135009766,-0.27605050802230835,-1.3726026877257453,-0.07434585016008861,-0.10809869548918062
15.315086041671748,0.11936775594949722,0.15800970792770386,0.10613764822483063,0.1884162575006485,-1.6941699981689453,-0.31897008419036865,-1.3895321381477568,-0.07107343605949253,-0.10665460283273062
15.325142041670915,0.09681757539510727,0.09190189838409424,0.10435917973518372,0.108029805123806,-1.657593846321106,-0.3131830096244812,-1.406320305853368,-0.06762155441321671,-0.10565094259423657
15.335198041670083,0.07636486738920212,0.07567101716995239,0.08547700941562653,0.04467577487230301,-1.6086357831954956,-0.3614405691623688,-1.422648229366549,-0.06434658101732622,-0.10549814646805583
15.345253041668911,0.05859985947608948,0.04168063402175903,0.04687213897705078,-0.024559490382671356,-1.5746784210205078,-0.3663266599178314,-1.4386735581418744,-0.060762022497342805,-0.10583095208882201
15.355309041668079,0.0550413653254509,0.040739476680755615,0.06314349174499512,-0.04807107150554657,-1.4967272281646729,-0.38160908222198486,-1.4541483210121307,-0.05704491857860282,-0.10672032096278983
15.365365041667246,0.04948834329843521,-0.012135446071624756,0.11395075917243958,0.05113913491368294,-1.4849225282669067,-0.39461514353752136,-1.4691430834204016,-0.05315203460159789,-0.10712065381451844
15.375421041666414,0.03410239517688751,-0.0486675500869751,0.1912562996149063,0.1340487152338028,-1.4915385246276855,-0.4197332561016083,-1.484079811587165,-0.048987283993761,-0.1065924233288668
15.385477041665581,0.023440472781658173,-0.037444889545440674,0.21325168013572693,0.15834659337997437,-1.497348666191101,-0.416543573141098,-1.4990825169463162,-0.04463017578716668,-0.10544211640680029
15.395533041664748,0.06198423355817795,-0.0329669713973999,0.18603405356407166,0.20955970883369446,-1.5039305686950684,-0.3989178538322449,-1.514085717126548,-0.04045250860392501,-0.10385925428593817
15.405589041671192,0.08713093400001526,-0.06151610612869263,0.14975355565547943,0.2383066713809967,-1.4951421022415161,-0.3914194405078888,-1.5291037050695775,-0.036366887671186864,-0.10172552468707755
15.41564404167002,0.09348747879266739,-0.035110294818878174,0.1477752923965454,0.04152219370007515,-1.4908696413040161,-0.4021790623664856,-1.5440147816201941,-0.03230386760083664,-0.10029543895014097
15.425700041669188,0.1261044144630432,-0.06796771287918091,0.1951286792755127,-0.1985125094652176,-1.5073812007904053,-0.3540632128715515,-1.5591502353423534,-0.028527988751418168,-0.10122290191998841
15.435756041668355,0.1325731724500656,-0.09482461214065552,0.178986057639122,-0.24134719371795654,-1.501456618309021,-0.3093544542789459,-1.5744019145599688,-0.025137477464973777,-0.10350864736942963
15.445812041667523,0.08503066003322601,-0.030061841011047363,0.141304612159729,-0.17323285341262817,-1.4523186683654785,-0.3691895604133606,-1.589261598073227,-0.021655726504946616,-0.10542422796790543
15.45586804166669,0.07579140365123749,-0.020045816898345947,0.15862907469272614,-0.22049836814403534,-1.4835376739501953,-0.38240933418273926,-1.6040414436402592,-0.017829505923662982,-0.10724046800551852
15.465924041665858,0.08272822201251984,-0.07704073190689087,0.17730988562107086,-0.2614431381225586,-1.5152820348739624,-0.31508222222328186,-1.6192229873935926,-0.014223900591268428,-0.10970309516565181
15.475980041665025,0.043128371238708496,-0.07627624273300171,0.1309983730316162,-0.14818480610847473,-1.5376560688018799,-0.36760491132736206,-1.6346242178984274,-0.010603210338364073,-0.11144557893312244
15.48603504167113,0.010583072900772095,-0.027733266353607178,0.06429745256900787,-0.1444081813097,-1.5390361547470093,-0.3083743453025818,-1.6501734675804869,-0.007119279650155027,-0.1126272402289829
15.496091041670297,-0.006032615900039673,-0.06914138793945312,0.040201544761657715,-0.13995777070522308,-1.5444207191467285,-0.2439873069524765,-1.665747570539071,-0.004274934779407669,-0.11394016744772514
15.506147041669465,-0.03079316020011902,-0.09001052379608154,-0.026040449738502502,-0.11691024154424667,-1.5904260873794556,-0.23733898997306824,-1.681483815241669,-0.001707215657016355,-0.11496806048432694
15.516203041668632,-0.048372432589530945,-0.07401323318481445,-0.09410525858402252,-0.09014098346233368,-1.6704981327056885,-0.2280663102865219,-1.6978761306809562,0.0007000818522456269,-0.11561643788845083
15.5262590416678,-0.06012581288814545,-0.050392329692840576,-0.14806173741817474,-0.11528628319501877,-1.754814624786377,-0.19062812626361847,-1.71510657552945,0.0029567995280935285,-0.11633960352877519
15.536315041666967,-0.04926583170890808,-0.044637203216552734,-0.145926371216774,-0.1622227281332016,-1.8686319589614868,-0.1599867045879364,-1.7333516321335727,0.004895161655628066,-0.11746428940467542
15.546371041666134,-0.022132769227027893,-0.04776561260223389,-0.1611025333404541,-0.1437728852033615,-1.9541103839874268,-0.10915201902389526,-1.7525716992691787,0.0064799725342884204,-0.11880030278469147
15.556427041665302,0.005361542105674744,-0.023060202598571777,-0.17447195947170258,-0.05600680410861969,-1.9637051820755005,-0.06726133823394775,-1.77224147452602,0.007553216971297827,-0.11957206506239969
15.566482041671406,0.034177154302597046,-0.027334392070770264,-0.07269927859306335,-0.026547716930508614,-1.9547308683395386,-0.016139304265379906,-1.7919252726862598,0.008064598260420781,-0.11981892335939537
15.576538041670574,0.07646160572767258,-0.06751281023025513,-0.007735729217529297,-0.08365681022405624,-1.9300585985183716,0.04658735543489456,-1.8114674258060302,0.00804601255582085,-0.12040679732148446
15.586594041669741,0.09853940457105637,-0.047856152057647705,-0.05156394839286804,0.005356154404580593,-1.8942006826400757,0.057365432381629944,-1.8307314159486743,0.007595127640564507,-0.12098034900598906
15.596650041668909,0.08152734488248825,-0.04724478721618652,-0.04339513182640076,0.01669984497129917,-1.8393783569335938,0.0705166831612587,-1.849520790712529,0.006976350923485149,-0.12103052963084306
15.606706041668076,0.10210145264863968,-0.05170530080795288,-0.019019022583961487,0.019555818289518356,-1.8003982305526733,0.07083333283662796,-1.867819947548575,0.0062269596277515354,-0.12107480783953278
15.616762041667243,0.1297435164451599,-0.037989020347595215,-0.03761705756187439,0.030911093577742577,-1.6854207515716553,0.06897785514593124,-1.8854709722267788,0.005490151470576979,-0.12112591626049185
15.62681804166641,0.13571897149085999,-0.02262592315673828,-0.04313826560974121,0.07581944763660431,-1.4980354309082031,0.07222291827201843,-1.9014902677587104,0.004629772054347372,-0.1208062380259566
15.63687304166524,0.13910964131355286,-0.0019774436950683594,0.03510260581970215,0.10873402655124664,-1.3518037796020508,0.09294596314430237,-1.9158481017843167,0.003565248798202878,-0.12023625703282953
15.646929041671683,0.14750739932060242,-0.0028470754623413086,0.025014623999595642,0.05497439578175545,-1.2004883289337158,0.14394043385982513,-1.9286704059802064,0.0021896417614879404,-0.11974822560918368
15.65698504167085,0.12499016523361206,-0.05160248279571533,0.06608489155769348,0.06738130748271942,-1.0600557327270508,0.17853513360023499,-1.9399654149937986,0.0003987249996163558,-0.11982166385967155
15.667041041670018,0.06918216496706009,-0.09591138362884521,0.1944516897201538,0.13047611713409424,-1.0146362781524658,0.15270033478736877,-1.9503494130630854,-0.0015006844182182508,-0.11953357856306275
15.677097041669185,0.02847106009721756,-0.062161803245544434,0.19708263874053955,0.22924339771270752,-0.9707208871841431,0.17179341614246368,-1.960343226069066,-0.00368626605277395,-0.11848223894719341
15.687153041668353,0.034772805869579315,-0.04481959342956543,0.0895930826663971,0.3220047652721405,-0.950245201587677,0.19490326941013336,-1.9700104771987852,-0.006471410976436399,-0.11664770171548379
15.69720904166752,0.011240676045417786,-0.05771362781524658,-0.005715519189834595,0.31187188625335693,-0.9289617538452148,0.2077372521162033,-1.9794322754204912,-0.009572604307970923,-0.11448144036667976
15.707264041666349,-0.03715907037258148,-0.12078475952148438,0.02041374146938324,0.19677618145942688,-0.8729735612869263,0.22926251590251923,-1.9884910747237703,-0.012638573158285784,-0.11296050921046008
15.717320041665516,-0.06882237643003464,-0.15916764736175537,0.09745703637599945,0.02580936625599861,-0.7761350274085999,0.275757759809494,-1.996800654571988,-0.015392292483080263,-0.11301214495542666
15.727376041664684,-0.0462237149477005,-0.17086851596832275,0.12104114890098572,-0.0016222597332671285,-0.7137762904167175,0.2822793126106262,-2.0042331786089584,-0.017987455563776966,-0.11415029520169723
15.737432041671127,-0.03573523461818695,-0.1536124348640442,0.2075812816619873,0.10399724543094635,-0.7679073214530945,0.28562384843826294,-2.011656964448092,-0.02077440875400981,-0.11497443946460581
15.747488041670294,-0.013585787266492844,-0.01019984483718872,0.24225449562072754,0.2085723876953125,-0.8708707094192505,0.3213408291339874,-2.0199066104264243,-0.024226102408984436,-0.11478469552148834
15.757544041669462,0.06280569732189178,-0.05959659814834595,0.24431847035884857,0.17238274216651917,-0.916810929775238,0.34509584307670593,-2.0289518631068852,-0.02811123571930761,-0.1144763214276056
15.76760004166863,0.08796761184930801,-0.10325586795806885,0.3161936104297638,0.05897068977355957,-0.8974868059158325,0.4058939218521118,-2.0381357275331404,-0.03198196415341229,-0.11516395844203592
15.777655041667458,0.11613799631595612,-0.11886996030807495,0.2723478376865387,0.006617339327931404,-0.8309758305549622,0.4447094202041626,-2.046904829099374,-0.035955826682994886,-0.11682256015411269
15.787711041666626,0.09773418307304382,-0.09719884395599365,0.22475682199001312,-0.06152469664812088,-0.7647272944450378,0.44111523032188416,-2.0550199262518865,-0.039759798321851135,-0.11917384512749435
15.797767041665793,0.03772570192813873,-0.08104997873306274,0.19813358783721924,-0.12977880239486694,-0.7331820130348206,0.4169634282588959,-2.062548376786105,-0.043178934777627125,-0.12201038887550751
15.80782304166496,-0.015213379636406898,-0.09187209606170654,0.18780317902565002,-0.10054875165224075,-0.720231294631958,0.37228384613990784,-2.0700098725668163,-0.046138488247125194,-0.12493704455917287
15.817879041671404,-0.05071298032999039,-0.011229515075683594,0.12431076169013977,-0.04653172194957733,-0.5785890817642212,0.36314767599105835,-2.076778626239363,-0.04891102789480545,-0.12738657414830132
15.827935041670571,-0.02092781290411949,0.03473794460296631,0.1703195869922638,0.03380918875336647,-0.448295533657074,0.3643895089626312,-2.0819854409455063,-0.052101124526635685,-0.12923334827325803
15.837991041669738,0.009826689958572388,0.02055877447128296,0.2670431137084961,0.09825253486633301,-0.344218909740448,0.3477279245853424,-2.0860451337383723,-0.0555540013476119,-0.13044738674064302
15.848046041668567,-0.000747862970456481,0.09995925426483154,0.21376872062683105,0.18465186655521393,-0.29466307163238525,0.35981839895248413,-2.089236355330047,-0.05928690832037941,-0.1310903482883085
15.858102041667735,8.396338671445847e-06,0.13867789506912231,0.12657606601715088,0.19917400181293488,-0.28378936648368835,0.33545154333114624,-2.0921580296039752,-0.06337527216644172,-0.13101114316181728
15.868158041666902,-0.03576761484146118,0.08509314060211182,0.09996572136878967,0.08739820867776871,-0.21316049993038177,0.322614848613739,-2.0947120709803095,-0.06696809891571358,-0.13138052647150877
15.87821404166607,-0.04384324327111244,0.11525768041610718,0.04802808165550232,-0.03908121585845947,-0.15443871915340424,0.2854372560977936,-2.0966295802201307,-0.06966717644773208,-0.13282290573436623
15.888270041665237,-0.04816943779587746,0.16286861896514893,-0.06268450617790222,-0.05483408272266388,-0.10178270190954208,0.2002536505460739,-2.0980389877040313,-0.07158299561129991,-0.13449505954041083
15.89832604167168,-0.10589303076267242,0.18809044361114502,-0.03049170970916748,-0.014285234734416008,-0.05496513098478317,0.12110390514135361,-2.098898231861387,-0.07278403678629103,-0.1355943393179813
15.908382041670848,-0.10647423565387726,0.1825750470161438,0.045936793088912964,0.022930042818188667,-0.011194480583071709,0.04853915795683861,-2.0992812758474035,-0.07356402613428681,-0.13600743450386976
15.918438041670015,-0.08770467340946198,0.1419609785079956,0.13773369789123535,0.0978860855102539,0.06806851923465729,-0.025933878496289253,-2.098963779487632,-0.07394139702489069,-0.13559037238917726
15.928493041668844,-0.05592607706785202,0.21543079614639282,0.15069149434566498,0.2513757646083832,0.12601090967655182,-0.04329236224293709,-2.097869738813332,-0.07456374468511275,-0.1339103005296225
15.938549041668011,-0.0033906158059835434,0.2516428232192993,0.12156592309474945,0.3458884060382843,0.20004452764987946,-0.0943678766489029,-2.0959995603839676,-0.07554153945386333,-0.13085819736899523
15.948605041667179,-0.010381192900240421,0.22613859176635742,0.11296211183071136,0.28753960132598877,0.23361952602863312,-0.14560656249523163,-2.0935286942285662,-0.07609774678438906,-0.1274870679715633
15.958661041666346,-0.005557624623179436,0.17554336786270142,0.05531035363674164,0.18995551764965057,0.26140907406806946,-0.2082342505455017,-2.0908136709913245,-0.07575785198776014,-0.1245282014140777
15.968717041665514,-0.018405631184577942,0.12656092643737793,0.018290534615516663,0.14681097865104675,0.30957579612731934,-0.24728737771511078,-2.087763461757957,-0.07455088672530429,-0.1219215740025195
15.978773041664681,-0.014603998512029648,0.11364036798477173,0.014970183372497559,0.12947672605514526,0.3591758608818054,-0.24642185866832733,-2.084198447983927,-0.07308990656420847,-0.1194616887936418
15.988829041671124,0.0065841069445014,0.04979819059371948,0.08316242694854736,0.11087881028652191,0.39232394099235535,-0.25429069995880127,-2.0802621963417387,-0.07146824742402866,-0.11724138712356992
15.998884041669953,-0.01724923960864544,-0.011060595512390137,0.15035085380077362,0.12713953852653503,0.4239189028739929,-0.26310843229293823,-2.076016477579378,-0.06974364107721032,-0.11496781187528295
16.00894004166912,-0.013770880177617073,-0.01779460906982422,0.14653703570365906,0.1862529218196869,0.468260794878006,-0.26910296082496643,-2.071357597214889,-0.06815057763802977,-0.11232231226991163
16.018996041668288,0.012661883607506752,-0.019788742065429688,0.11210526525974274,0.24661852419376373,0.4887668490409851,-0.264444500207901,-2.0663098836149345,-0.0668251578045363,-0.10910794540316442
16.029052041667455,0.01587653160095215,-0.02812671661376953,0.08841097354888916,0.27376919984817505,0.46248704195022583,-0.2736760675907135,-2.0613063569212207,-0.06567467230423889,-0.1055182452017695
16.039108041666623,-0.0003742668777704239,-0.04357367753982544,0.08201095461845398,0.23261593282222748,0.4166789650917053,-0.2562471330165863,-2.056684760651089,-0.06452884998074968,-0.10195420291876489
16.04916404166579,0.00969410315155983,-0.04818850755691528,0.05786728858947754,0.15482154488563538,0.39825600385665894,-0.21620145440101624,-2.052446496127886,-0.06331448448788249,-0.0991290437917905
16.059220041664958,0.030478673055768013,-0.06649917364120483,0.023934707045555115,0.0899839997291565,0.42138248682022095,-0.17552191019058228,-2.0482105365822454,-0.06216749053568254,-0.09712581368118077
16.069275041671062,0.030952179804444313,-0.07961726188659668,0.036527737975120544,0.07874839007854462,0.47868919372558594,-0.154865100979805,-2.0436263846518847,-0.06101725785874282,-0.09568960464912157
16.07933104167023,0.02387917973101139,-0.06076860427856445,0.04818296432495117,0.11023210734128952,0.5193085074424744,-0.12885522842407227,-2.038515639063596,-0.06016298136595933,-0.09420297362785952
16.089386749998084,0.013084275647997856,-0.08269619941711426,0.09820616245269775,0.11091680079698563,0.5675048232078552,-0.11838633567094803,-2.0329359675234304,-0.059582878824758184,-0.0926200647616089
16.099442750004528,0.006142361089587212,-0.09565383195877075,0.16046343743801117,0.1024867370724678,0.6335948705673218,-0.1251656860113144,-2.026804465367998,-0.058923476530652164,-0.09117822858834247
16.109498750003695,0.01713673025369644,-0.06493794918060303,0.18141494691371918,0.16050584614276886,0.729212760925293,-0.12449589371681213,-2.0198585760837156,-0.05837615844753833,-0.08946286291624854
16.119554750002862,0.03635111451148987,-0.027242302894592285,0.20454227924346924,0.22688809037208557,0.8502376079559326,-0.12415466457605362,-2.0117980192251275,-0.058102864500709894,-0.08712874126778904
16.12961075000203,0.06607343256473541,-0.01108694076538086,0.25678181648254395,0.2588862478733063,1.0218067169189453,-0.1312197744846344,-2.0022754067123056,-0.057980163441277724,-0.0844103523383348
16.139666750001197,0.09154506772756577,0.0023726820945739746,0.3369407653808594,0.28122296929359436,1.2426458597183228,-0.13947924971580505,-1.9907054152362116,-0.057849352082074514,-0.08141315361412906
16.149721750000026,0.1180076077580452,0.0961766242980957,0.40000343322753906,0.3480321168899536,1.3964543342590332,-0.1433352380990982,-1.9771828112409897,-0.057817504334221115,-0.07795286193119286
16.159777749999193,0.13851097226142883,0.08090823888778687,0.39861059188842773,0.4212619364261627,1.5283836126327515,-0.17093245685100555,-1.9622963083307692,-0.057880818871812095,-0.0737664214964623
16.16983374999836,0.10243845731019974,0.04504799842834473,0.3602503538131714,0.4991476833820343,1.6859652996063232,-0.2079000622034073,-1.9458145841671648,-0.05782246632159787,-0.06881294955969011
16.179889750004804,0.04974493384361267,0.04322332143783569,0.3756481409072876,0.584229588508606,1.794216513633728,-0.24215999245643616,-1.9279532697343824,-0.05767233680363645,-0.06286868147417742
16.18994575000397,0.013580620288848877,0.0322074294090271,0.42307090759277344,0.6500269770622253,1.9227800369262695,-0.26232439279556274,-1.9089141721539118,-0.05737376590552207,-0.05619240091013332
16.20000175000314,-0.0060840025544166565,0.01705843210220337,0.5033446550369263,0.8118700385093689,2.0538811683654785,-0.2565098702907562,-1.8884440108165634,-0.05721062792669264,-0.04848810022101364
16.210057750002306,-0.020473450422286987,0.021268606185913086,0.517439603805542,1.190310001373291,2.2270069122314453,-0.2666703462600708,-1.8663448777715537,-0.05775800267763667,-0.038113899192367844
16.220112750001135,-0.043841682374477386,0.02537006139755249,0.5175982713699341,1.6248764991760254,2.3200159072875977,-0.34813255071640015,-1.8425716618665517,-0.05880687235483562,-0.02372431254502107
16.230168750000303,-0.02076788991689682,0.02858126163482666,0.3953211307525635,1.8874881267547607,2.389143228530884,-0.3999512791633606,-1.817841365553668,-0.059693694337347114,-0.0054749438874529145
16.24022474999947,-0.002994723618030548,0.0026874542236328125,0.34761524200439453,1.7155048847198486,2.4364728927612305,-0.41422316431999207,-1.7923798509448756,-0.059907820530946655,0.013392791071282117
16.250280749998637,0.033591583371162415,-0.06329131126403809,0.26518452167510986,1.1748725175857544,2.4416286945343018,-0.33499014377593994,-1.7669021915105148,-0.05933372536638342,0.028641729673469427
16.26033675000508,0.05995748192071915,-0.11284619569778442,0.18236398696899414,0.40177613496780396,2.413342237472534,-0.298503041267395,-1.742009387880139,-0.057685679783611145,0.03713955059036675
16.27039275000425,0.07371063530445099,-0.1568400263786316,0.1503211259841919,-0.3417339622974396,2.4061365127563477,-0.24583026766777039,-1.7177482465444596,-0.0550028313287048,0.037692871134326296
16.280448750003416,0.09855322539806366,-0.17308425903320312,0.1156473159790039,-0.6361764669418335,2.4270973205566406,-0.17816469073295593,-1.6937158580371814,-0.052224748203501266,0.03282588829038583
16.290503750002244,0.1303037703037262,-0.05650383234024048,0.052228450775146484,-0.5289698839187622,2.3847341537475586,-0.15347479283809662,-1.669781618980547,-0.04991458345328763,0.02683069755925781
16.300559750001412,0.17184719443321228,-0.01715528964996338,-0.17002606391906738,-0.14008931815624237,2.3046751022338867,-0.1929197609424591,-1.646323088926327,-0.04789870954831726,0.023577524533301086
16.31061575000058,0.14592501521110535,0.02315342426300049,-0.2800496816635132,0.18690425157546997,2.208624839782715,-0.24610307812690735,-1.6235916549416616,-0.04570547634652435,0.024074062577633035
16.320671749999747,0.13954350352287292,0.011590719223022461,-0.2490854263305664,0.2747063636779785,2.1299431324005127,-0.2659078538417816,-1.6016451110748204,-0.04321661439093301,0.026635169231682514
16.330727749998914,0.17080822587013245,-0.04947739839553833,-0.18474459648132324,0.22444824874401093,2.048581123352051,-0.26339036226272583,-1.5805512469249805,-0.040615584494430194,0.029240040585650474
16.34078374999808,0.15618988871574402,-0.04541337490081787,-0.14464867115020752,0.11252641677856445,1.948216199874878,-0.25148916244506836,-1.5603720324981694,-0.03799765712440796,0.030939999568606717
16.350839750004525,0.16754032671451569,-0.0043487548828125,-0.1897503137588501,0.03657173365354538,1.8499207496643066,-0.2057376503944397,-1.5412577557021965,-0.03567466922572235,0.03163884834398492
16.360894750003354,0.19739332795143127,-0.04179036617279053,-0.26788294315338135,-0.018173005431890488,1.7484838962554932,-0.1938992142677307,-1.5231721838874113,-0.0337046037379267,0.031574026245211356
16.37095075000252,0.16610583662986755,-0.04406464099884033,-0.3199259042739868,-0.022898521274328232,1.6499046087265015,-0.20635588467121124,-1.5061066893137272,-0.03169752994375959,0.031184918074406057
16.38100675000169,0.1418175995349884,-0.020260334014892578,-0.33887362480163574,0.0059274472296237946,1.5442614555358887,-0.19159941375255585,-1.490057714789931,-0.029700550604237826,0.030976518226308192
16.391062750000856,0.1466083526611328,-0.04523575305938721,-0.33188289403915405,-0.029926957562565804,1.4817349910736084,-0.157087504863739,-1.4748972523695079,-0.027965706652013173,0.030685061233153593
16.401118750000023,0.1256292760372162,-0.06100255250930786,-0.27343887090682983,-0.06455963850021362,1.4601941108703613,-0.13090679049491882,-1.4601397959862696,-0.026585784465345312,0.030028753581474606
16.41117474999919,0.10485151410102844,-0.08032119274139404,-0.16637849807739258,-0.0993913859128952,1.4626036882400513,-0.1121663972735405,-1.445517411537499,-0.02546468429197881,0.029039984124641996
16.421230749998358,0.09120345115661621,-0.08173894882202148,-0.08717191219329834,-0.10440682619810104,1.4992672204971313,-0.09203609079122543,-1.4306809284245972,-0.024605831679120144,0.027784393270684386
16.431285750004463,0.08188584446907043,-0.06383460760116577,-0.03675049543380737,-0.06325352936983109,1.5487242937088013,-0.08876519650220871,-1.4154081050530796,-0.023827091527380932,0.02674390772875289
16.44134175000363,0.08633193373680115,-0.028482139110565186,0.03669100999832153,-0.04053423926234245,1.6520673036575317,-0.0778496190905571,-1.39938805204213,-0.02308338019116901,0.026078565814370368
16.451397750002798,0.09364552795886993,-0.034362971782684326,0.1338212490081787,0.0029815470334142447,1.7768619060516357,-0.0621018148958683,-1.3821545979366194,-0.022469448062554822,0.025650053749844366
16.461453750001965,0.09429681301116943,-0.040596604347229004,0.1872485876083374,0.07760340720415115,1.8732426166534424,-0.05637942627072334,-1.3637787899007328,-0.02179807292626894,0.02593190220181534
16.471509750001132,0.09272590279579163,0.0040596723556518555,0.24591726064682007,0.09029736369848251,1.95726478099823,-0.03236330673098564,-1.344511840830805,-0.02118252181404733,0.026713473305910135
16.4815657500003,0.10111857950687408,-0.013299047946929932,0.309600830078125,-0.015451034530997276,2.0524091720581055,0.006022030487656593,-1.3243813213779345,-0.020990387028701117,0.027038196958209238
16.491621749999467,0.10786500573158264,-0.06860876083374023,0.3355879783630371,-0.120723657310009,2.171074390411377,0.009846596978604794,-1.303187364387934,-0.021265187509692498,0.026350030938365677
16.501676749998296,0.1010078638792038,-0.03048110008239746,0.3463313579559326,-0.12523190677165985,2.313981533050537,0.020655861124396324,-1.2806709942353345,-0.021777505740561844,0.025115110369098807
16.51173275000474,0.10420320928096771,0.015482962131500244,0.365054726600647,-0.13845662772655487,2.4777591228485107,0.020671041682362556,-1.2566025963319833,-0.022351333080620706,0.023901679385214553
16.521788750003907,0.12117336690425873,-0.004669129848480225,0.36039096117019653,-0.09616585820913315,2.5969409942626953,0.006330265197902918,-1.2310990813676221,-0.022935421533280192,0.02270468596324058
16.531844750003074,0.14217059314250946,-0.011695683002471924,0.24634957313537598,0.10223511606454849,2.637040138244629,-0.07124548405408859,-1.2046710334930553,-0.022658406668544687,0.022562826175653014
16.54190075000224,0.136642724275589,0.04977494478225708,0.14818352460861206,0.2713474631309509,2.5810961723327637,-0.09007800370454788,-1.1784050293146826,-0.021361141188370156,0.024004265928348065
16.55195675000141,0.11858507990837097,0.10991275310516357,0.080691397190094,0.21329377591609955,2.436361074447632,-0.10023237019777298,-1.1531841848801612,-0.01938329816129742,0.025992778026390845
16.562012750000576,0.09623998403549194,0.023684144020080566,0.06533384323120117,-0.058700062334537506,2.317190170288086,-0.09964463859796524,-1.1293544320553037,-0.018100354276577708,0.026341546378457238
16.572068749999744,0.04017116129398346,-0.028616607189178467,0.0716257095336914,-0.3708733916282654,2.2906441688537598,-0.08706013113260269,-1.1062897922943025,-0.018209165481898357,0.023844369692231217
16.582123749998573,0.015390545129776001,-0.009070277214050293,0.04848480224609375,-0.5123132467269897,2.3270673751831055,-0.04585149884223938,-1.0831666141383827,-0.019708046957175547,0.01950165407300242
16.592179750005016,0.029400527477264404,-0.0213204026222229,-0.025604601949453354,-0.4352107644081116,2.377328395843506,-0.028749212622642517,-1.0596222084455797,-0.02171197679013545,0.015070543788118567
16.602235750004184,0.03354407846927643,0.02474045753479004,-0.06436622142791748,-0.3455667197704315,2.402188301086426,-0.032700810581445694,-1.035644153267655,-0.02340467918024766,0.011548423775286025
16.61229175000335,0.05688805133104324,0.05680131912231445,-0.11107796430587769,-0.2662447392940521,2.3711318969726562,-0.03863007202744484,-1.0116978104726475,-0.02475300279277657,0.008698527720276107
16.62234775000252,0.08389098942279816,0.04977715015411377,-0.2041061520576477,-0.15938889980316162,2.309800863265991,-0.07855881750583649,-0.988216434173074,-0.02545125264776731,0.0065434541973521205
16.632403750001686,0.06950871646404266,0.0645226240158081,-0.20570045709609985,-0.08761191368103027,2.212007522583008,-0.1420091688632965,-0.9655002564622548,-0.025241053895917683,0.004905691368105346
16.642459750000853,0.07361168414354324,0.0739281177520752,-0.17988896369934082,-0.06445608288049698,2.0896639823913574,-0.1624295860528946,-0.9438622578977348,-0.024426923820987215,0.003345399630600294
16.652514749999682,0.11437994241714478,0.07783502340316772,-0.17575204372406006,-0.08239487558603287,1.9850847721099854,-0.15397591888904572,-0.9234511007367275,-0.0235492813781781,0.001825844958819528
16.66257074999885,0.15090805292129517,0.06639105081558228,-0.15253305435180664,-0.1810109168291092,1.969374656677246,-0.13727986812591553,-0.9036894068677425,-0.023176335925769335,-0.00010250328629578252
16.672626749998017,0.16492106020450592,0.026035010814666748,-0.07177352905273438,-0.29439687728881836,1.9381853342056274,-0.1123444214463234,-0.8840662783537747,-0.023813622738642664,-0.0029477428702941568
16.68268275000446,0.19581139087677002,0.017419278621673584,-0.14478391408920288,-0.21664024889469147,1.893114447593689,-0.10303553938865662,-0.8648869932264585,-0.024688212076700296,-0.005649043881821924
16.692738750003628,0.19336672127246857,0.07646769285202026,-0.1493266224861145,-0.12205168604850769,1.8563600778579712,-0.11402693390846252,-0.8460953799395335,-0.024955833876362327,-0.007655362433226739
16.702794750002795,0.1948608160018921,0.04661285877227783,-0.0851324200630188,-0.06923996657133102,1.8610177040100098,-0.07999023795127869,-0.8275001012138198,-0.024942596685128132,-0.009043685932873653
16.712850750001962,0.18487581610679626,-0.01961052417755127,0.006267674267292023,-0.07158860564231873,1.923313021659851,0.0016074151499196887,-0.808594097648748,-0.025143556156869383,-0.009878856384163075
16.72290575000079,0.1739501655101776,-0.06324660778045654,0.16019608080387115,-0.017273923382163048,2.0439417362213135,0.059869203716516495,-0.78872713319434,-0.02563984300867027,-0.01000194424611029
16.73296174999996,0.17279565334320068,-0.07607924938201904,0.27528250217437744,0.057355307042598724,2.2468059062957764,0.1467585563659668,-0.7671598904151367,-0.026285338892179523,-0.009170334373035787
16.743017749999126,0.1737823188304901,-0.12164098024368286,0.38260412216186523,0.12145542353391647,2.489287853240967,0.20159392058849335,-0.7433143239556638,-0.026892812729514767,-0.0072621723060713505
16.753073749998293,0.17842921614646912,-0.14284199476242065,0.40786850452423096,0.21449002623558044,2.681053638458252,0.21324951946735382,-0.7170843790483714,-0.026875822018347203,-0.00470609603648639
16.763129750004737,0.19924631714820862,-0.1453406810760498,0.29128098487854004,0.5250255465507507,2.7813894748687744,0.1722000241279602,-0.6893654076913402,-0.025431871173508987,-0.0008216696857616198
16.773185750003904,0.19549435377120972,-0.1014409065246582,0.09613191336393356,0.7995287179946899,2.781440019607544,0.09918121993541718,-0.6611972123984509,-0.021060294404461968,0.004453278022928133
16.78324175000307,0.19532659649848938,-0.08313196897506714,0.005828678607940674,0.9358440041542053,2.6530325412750244,0.04266403615474701,-0.6336843538834126,-0.014453310531698637,0.010338176442033106
16.7932967500019,0.18684697151184082,-0.18311893939971924,-0.10280489921569824,0.8830409646034241,2.494502305984497,-0.031073033809661865,-0.6077525969845406,-0.006949942797411842,0.015715471899322306
16.803352750001068,0.15178194642066956,-0.1778097152709961,-0.11827921867370605,0.6624645590782166,2.3377726078033447,-0.054065804928541183,-0.5834364259962412,-0.00020364949994941032,0.01972211192687491
16.813408750000235,0.13741257786750793,-0.042043089866638184,-0.08975613117218018,0.3254612684249878,2.1644344329833984,0.024523809552192688,-0.5608245274688501,0.004127753528190734,0.02228526207767255
16.823464749999403,0.1584138721227646,-0.023555994033813477,-0.05169053375720978,-0.11369979381561279,2.0114142894744873,0.14389751851558685,-0.5398314784374566,0.0046089856371351766,0.02352748026309799
16.83352074999857,0.14111775159835815,-0.1675826907157898,-0.04097801446914673,-0.4897706210613251,1.994564175605774,0.1707374006509781,-0.5197375460682783,0.001151063959538766,0.02336848698488935
16.843576750005013,0.09612318128347397,-0.17350125312805176,-0.07510411739349365,-0.5796018242835999,2.0357205867767334,0.2609831690788269,-0.49944221642270253,-0.004820462201340287,0.022526551248894664
16.85363275000418,0.1266842782497406,-0.10912978649139404,-0.20990341901779175,-0.3912236988544464,2.005836009979248,0.3034733533859253,-0.4791081949339463,-0.010532835317581405,0.022767129135894817
16.86368775000301,0.15308690071105957,0.004504501819610596,-0.27573031187057495,-0.23202940821647644,1.9384275674819946,0.3393558859825134,-0.4592084556922941,-0.014723631183916045,0.02421901037797995
16.873743750002177,0.17359809577465057,0.054443359375,-0.34950000047683716,-0.12032019346952438,1.778273582458496,0.33799979090690613,-0.4404797404505502,-0.017754693046976633,0.026576256864950763
16.883799750001344,0.15521669387817383,0.062205970287323,-0.3798389434814453,-0.09488509595394135,1.6304198503494263,0.31281906366348267,-0.42329555092616433,-0.020080909905860166,0.02908531444407837
16.89385575000051,0.12975400686264038,0.11421352624893188,-0.3755955696105957,-0.11050985753536224,1.4575974941253662,0.27485355734825134,-0.4076995457067571,-0.022198456745032243,0.031421482673061406
16.90391174999968,0.12794652581214905,0.08486366271972656,-0.35798877477645874,-0.26924219727516174,1.3274832963943481,0.22061511874198914,-0.3936988708962838,-0.024766413761504808,0.03305109447989829
16.913967749998847,0.11969904601573944,0.08728986978530884,-0.3106396198272705,-0.540178656578064,1.233963131904602,0.2063211351633072,-0.38088814286795486,-0.02937495154320931,0.03345152721278048
16.924023749998014,0.09972909092903137,0.08833259344100952,-0.3026745915412903,-0.8417914509773254,1.1833734512329102,0.1993168145418167,-0.36877208788936683,-0.03665590640908397,0.03278850781031848
16.93407875000412,0.08000406622886658,0.057534992694854736,-0.2861340045928955,-0.9818441867828369,1.193529725074768,0.1821863055229187,-0.3569100967744855,-0.04600747258029505,0.03131723709168602
16.944134750003286,0.04844732955098152,0.06695812940597534,-0.2548068165779114,-0.9290956258773804,1.2154159545898438,0.1356598436832428,-0.344904698380045,-0.05570105173008797,0.02948098792518661
16.954190750002454,0.025732912123203278,0.1487942337989807,-0.21712136268615723,-0.713567852973938,1.243944764137268,0.09231556206941605,-0.33263874721782133,-0.0639347601422606,0.027774503607876495
16.96424675000162,0.016771964728832245,0.16753047704696655,-0.1886621117591858,-0.4839693009853363,1.2759761810302734,0.05424460768699646,-0.320042844963999,-0.06983212277768543,0.026538419685677807
16.97430275000079,0.0006681643426418304,0.11619973182678223,-0.15935492515563965,-0.4163537621498108,1.361772894859314,0.01969834789633751,-0.3068047376923395,-0.07418455623269507,0.02544945309484065
16.984358749999956,-0.015171017497777939,0.0791628360748291,-0.15900665521621704,-0.47775596380233765,1.491201400756836,0.008030081167817116,-0.2926139320115229,-0.07846746131462166,0.024249258939662715
16.994414749999123,-0.026829153299331665,0.03845697641372681,-0.2055097222328186,-0.5659324526786804,1.654360294342041,0.022327261045575142,-0.2769728137958875,-0.08337280950777114,0.022963273641879535
17.004469749997952,-0.041947536170482635,-0.03199964761734009,-0.16351234912872314,-0.7872737050056458,1.8211443424224854,-0.03716235235333443,-0.2596300813009663,-0.08997781368355058,0.02112775416628873
17.014525750004395,-0.0722789466381073,-0.08485358953475952,-0.09514988213777542,-0.9752707481384277,1.887295126914978,-0.12740649282932281,-0.24109951784796615,-0.09859029117972609,0.017982734325756575
17.024581750003563,-0.0652935802936554,-0.12227094173431396,0.058080073446035385,-0.739571213722229,1.8351045846939087,-0.2727683186531067,-0.2226159492850073,-0.10668828032253533,0.013844293773144351
17.03463775000273,-0.025658447295427322,-0.08383655548095703,0.031649764627218246,-0.6070456504821777,1.7703546285629272,-0.35416197776794434,-0.20515302115088688,-0.11244516233658668,0.009375084743414737
17.044693750001898,0.03190694376826286,0.10999619960784912,-0.009882990270853043,-0.501806378364563,1.7559765577316284,-0.4629763960838318,-0.18799034419996782,-0.11728593056232256,0.0041802909762850915
17.054749750001065,0.07132896780967712,0.17653238773345947,-0.025712136179208755,-0.2925596833229065,1.622650146484375,-0.527582049369812,-0.17131426383979556,-0.12025801030935289,-0.0015373694617642983
17.064805750000232,0.1067221611738205,0.16364461183547974,-0.027134358882904053,-0.0803452581167221,1.402334213256836,-0.45424968004226685,-0.15698482696526764,-0.12126020347884366,-0.006674478988737352
17.0748617499994,0.11567029356956482,0.1865018606185913,-0.08268159627914429,0.056853342801332474,1.2695072889328003,-0.4914703071117401,-0.14431166351326663,-0.12060204236669916,-0.011331071746377304
17.08491637500265,0.0784897729754448,0.1880970001220703,-0.0728987455368042,0.09441301971673965,1.1543512344360352,-0.4899468421936035,-0.13273551843249934,-0.11907044802612826,-0.016052858979541916
17.094972375001817,0.06392497569322586,0.12161898612976074,-0.03643316030502319,0.1033836081624031,0.9790779948234558,-0.3492821455001831,-0.12265021615768827,-0.11754951338827359,-0.020050758633208685
17.105028375000984,0.041084833443164825,0.03330045938491821,-0.02595430612564087,0.08407142758369446,0.9003256559371948,-0.36456921696662903,-0.1135264712158679,-0.1162088214323535,-0.023535392781010293
17.11508437500015,0.017126433551311493,-0.022106826305389404,0.029250923544168472,0.06147078052163124,0.7764876484870911,-0.3299742341041565,-0.10560661741716532,-0.11507201993927894,-0.02689933280010212
17.12514037499932,0.014595218002796173,-0.013747692108154297,0.028929058462381363,0.10132334381341934,0.661242663860321,-0.24514639377593994,-0.09886774102737737,-0.11401668874927956,-0.02967997172204149
17.135196374998486,0.003970339894294739,-0.0005738139152526855,0.0033081211149692535,0.08740726113319397,0.631876528263092,-0.2733764052391052,-0.09259193189149371,-0.11279081562818034,-0.032141981371710406
17.14525237500493,-0.0019500479102134705,-0.019401848316192627,-0.03660428151488304,0.04873305559158325,0.6116136908531189,-0.23408524692058563,-0.08665433690710028,-0.11185543977355561,-0.03460758049211337
17.15530737500376,0.00494210422039032,-0.049753546714782715,-0.045628901571035385,0.0459444597363472,0.6358497738838196,-0.22956159710884094,-0.08066582133587222,-0.11119285511297528,-0.03688719293167803
17.165363375002926,0.0070890262722969055,-0.04388165473937988,-0.05471986159682274,0.08782972395420074,0.5864613652229309,-0.15810197591781616,-0.07474420854691795,-0.11038094161061705,-0.03880559895995386
17.175419375002093,0.012981027364730835,-0.012853085994720459,-0.05081314221024513,0.14620915055274963,0.5721873641014099,-0.1349596381187439,-0.06909774294694539,-0.10917272016789126,-0.04019184750533595
17.18547537500126,0.0018652603030204773,-0.022038638591766357,-0.027439355850219727,0.17859353125095367,0.5268698930740356,-0.12698757648468018,-0.06351877132561574,-0.10738291368663518,-0.041497465402112216
17.195531375000428,0.013095386326313019,-0.038094937801361084,-0.018927928060293198,0.12235742807388306,0.449878990650177,-0.0635705217719078,-0.05870182940095365,-0.10587546813302222,-0.042288832829859256
17.205587374999595,0.010905139148235321,-0.06109696626663208,-0.004045009613037109,0.07983633875846863,0.3959302604198456,-0.035379257053136826,-0.05449135993473769,-0.10482282887159662,-0.04271423589685476
17.215643374998763,0.0018016695976257324,-0.06765639781951904,0.015652235597372055,0.05995903164148331,0.34815874695777893,-0.008308492600917816,-0.0507998946390305,-0.10414613347400878,-0.042896444454774196
17.225698375004868,-0.0012689456343650818,-0.07182580232620239,-0.016440752893686295,-0.003788519185036421,0.289278119802475,0.006661988794803619,-0.04758555883038071,-0.10383962675649745,-0.04285369450694634
17.235754375004035,0.002910435199737549,-0.07933008670806885,-0.05644363537430763,-0.07820389419794083,0.22375771403312683,0.009496922604739666,-0.04498021985259251,-0.10427101515440206,-0.04277468878020494
17.245810375003202,0.014170639216899872,-0.09680801630020142,-0.10073459148406982,-0.13741439580917358,0.1677706092596054,-0.005356857553124428,-0.043036465624008965,-0.10537979369702341,-0.042787123694811406
17.25586637500237,0.017638839781284332,-0.05613601207733154,-0.09751617908477783,-0.13107101619243622,0.1441776603460312,-0.005669778678566217,-0.041462182998547134,-0.10678142232093493,-0.04293643897095679
17.265922375001537,0.007656291127204895,0.005186259746551514,-0.07561469078063965,-0.06653539091348648,0.10956575721502304,0.017815332859754562,-0.04018144395695007,-0.10781985679528056,-0.04292253950581193
17.275978375000705,0.00888514518737793,0.02565521001815796,-0.06487321853637695,0.010279761627316475,0.08598320186138153,0.046533796936273575,-0.03916324369275142,-0.10809977161725569,-0.04259777501313817
17.286034374999872,0.006842717528343201,-0.0018436908721923828,-0.04190415143966675,0.040844596922397614,0.06479083001613617,0.061951156705617905,-0.03837180570511739,-0.1078247820516479,-0.04203407444623962
17.2960893749987,-0.00017721205949783325,-0.02183610200881958,-0.009747806936502457,0.04084353148937225,0.05587216839194298,0.0621785931289196,-0.0377185587217352,-0.10744623102746534,-0.04139580202766955
17.306145374997868,-0.004698567092418671,-0.015091419219970703,0.0016409121453762054,0.022984638810157776,0.059893276542425156,0.08612525463104248,-0.03707233688984912,-0.10711651641296258,-0.0406317860470624
17.31620137500431,0.005769111216068268,0.01479417085647583,-0.00828695297241211,0.03460640832781792,0.030042704194784164,0.10362941026687622,-0.036482115988154214,-0.10689505068301755,-0.039642454463406536
17.32625737500348,0.0138334259390831,-0.012799263000488281,-0.05315721035003662,0.033335328102111816,0.00027322396636009216,0.10072468221187592,-0.03620092013126976,-0.10655763584161536,-0.03858127616358211
17.336313375002646,0.02314368635416031,-0.04164576530456543,-0.09328824281692505,0.019238680601119995,-0.018361181020736694,0.08782006800174713,-0.036168608933478515,-0.10634378414768936,-0.03755493749741681
17.346369375001814,0.015320047736167908,-0.018864154815673828,-0.07482039928436279,0.07670437544584274,-0.003911134786903858,0.06376948207616806,-0.03618498356528457,-0.10576092713074477,-0.036793549956851246
17.35642537500098,0.009486138820648193,0.03795921802520752,-0.043759819120168686,0.13258813321590424,0.00952557846903801,0.08084940165281296,-0.036071017455983755,-0.1045861847554105,-0.036038242478524635
17.36648037499981,0.010813429951667786,0.05969393253326416,-0.012759089469909668,0.19082681834697723,0.023532075807452202,0.09973134845495224,-0.035804877016591796,-0.10296822051121225,-0.03504704635558772
17.376536374998977,0.009570814669132233,0.016806602478027344,0.012623719871044159,0.22550463676452637,0.043102312833070755,0.12350538372993469,-0.03534784968300971,-0.10086662477703356,-0.03385664353749317
17.386592374998145,0.012004032731056213,0.016225457191467285,0.028213076293468475,0.2680324912071228,0.050151169300079346,0.14085428416728973,-0.034736350223915434,-0.09844147124822349,-0.03246218350668287
17.396648375004588,0.0020810067653656006,0.010652244091033936,0.01478809118270874,0.35448962450027466,0.04282880574464798,0.15355490148067474,-0.034147285665415986,-0.09541303986809963,-0.030866502552971575
17.406704375003756,-0.013957753777503967,-0.03704124689102173,-0.011486470699310303,0.38920244574546814,0.058539461344480515,0.15250058472156525,-0.03351198678120641,-0.09154791775274168,-0.029159288193258737
17.416760375002923,-0.023377425968647003,-0.05749231576919556,-0.018107891082763672,0.3247312903404236,0.13571706414222717,0.16780602931976318,-0.03232582830173373,-0.0876574105651875,-0.027472894917512942
17.42681637500209,-0.022084787487983704,-0.08475148677825928,0.005990751087665558,0.25791892409324646,0.18587012588977814,0.1953500658273697,-0.030495559605502955,-0.08469848650150896,-0.02551333366877848
17.436872375001258,-0.02845504879951477,-0.147213876247406,0.04899090528488159,0.09524161368608475,0.20045359432697296,0.23229263722896576,-0.028395798765486625,-0.08298742390316952,-0.02327659202516841
17.446927375000087,-0.025843869894742966,-0.15763825178146362,0.09501069784164429,-0.01708945631980896,0.19072718918323517,0.27909550070762634,-0.026189200580653993,-0.08272505575499525,-0.02067000221179538
17.456983374999254,-0.01967131346464157,-0.10825854539871216,0.12106770277023315,-0.0780675932765007,0.1831960380077362,0.2873755395412445,-0.024104616378155287,-0.08335790812240829,-0.017791068424442658
17.46703937499842,-0.014848761260509491,-0.013733267784118652,0.12490951269865036,0.0060080960392951965,0.15860268473625183,0.2963408827781677,-0.022177571321556604,-0.08395364728313637,-0.014891528544241903
17.477095375004865,-0.003366924822330475,0.010756433010101318,0.06425059586763382,0.08848486095666885,0.22447223961353302,0.25378331542015076,-0.01999260264594156,-0.08334335913582887,-0.012036610787941548
17.487151375004032,-0.014235828071832657,0.025106072425842285,0.08497411757707596,0.05425445735454559,0.2150356024503708,0.2361433207988739,-0.017679436509623468,-0.08279163846591128,-0.009554231157987047
17.4972073750032,0.00442354753613472,0.011488020420074463,0.03846752643585205,0.059199415147304535,0.2094046026468277,0.21256130933761597,-0.015326999135694696,-0.08222826205364311,-0.007281239817766143
17.50726237500203,0.02119499072432518,0.015322625637054443,-0.01057446002960205,0.05301377922296524,0.19410207867622375,0.16534675657749176,-0.013062321797590641,-0.08161829358874038,-0.005426143352143827
17.517318375001196,0.0391608327627182,0.04884779453277588,-0.03861885517835617,-0.03099377453327179,0.13821910321712494,0.18278168141841888,-0.011272991204774763,-0.08157461247701042,-0.003643474856685507
17.527374375000363,0.04738381877541542,0.06689465045928955,-0.06941653043031693,-0.019600505009293556,0.11240855604410172,0.16220922768115997,-0.009923363400305182,-0.08187994406687742,-0.0018717852823149559
17.53743037499953,0.04335092380642891,0.06304997205734253,-0.10047674924135208,-0.007390710990875959,0.023460036143660545,0.14603398740291595,-0.009130768014444457,-0.08208366115242192,-0.0003494768986612976
17.547486374998698,0.03832165524363518,0.009306490421295166,-0.12975633144378662,0.007816072553396225,-0.01661001890897751,0.12730391323566437,-0.008980349091125937,-0.08198863220132775,0.0010559111977353247
17.557542374997865,0.030352037400007248,0.02871471643447876,-0.10210048407316208,0.040132731199264526,-0.019473981112241745,0.0927286148071289,-0.009036128640281447,-0.08187858042072947,0.0021006065729576567
17.56759837500431,0.009063132107257843,0.050025999546051025,-0.023259520530700684,0.14416591823101044,-0.06919706612825394,0.07492373138666153,-0.00937869763117353,-0.08087688933757362,0.0029408026823516697
17.577654375003476,-0.006938338279724121,0.010100126266479492,-0.005164913833141327,0.11284688115119934,-0.12317108362913132,0.06636273115873337,-0.010320578766357105,-0.07957894152564067,0.003681655728991898
17.587709375002305,0.010230246931314468,0.025592505931854248,-0.08391153812408447,0.09908020496368408,-0.16198213398456573,0.06538791209459305,-0.01168938750742963,-0.07856617878337814,0.004363431869334595
17.597765375001472,0.027550268918275833,0.04155135154724121,-0.14440220594406128,0.10076891630887985,-0.21970054507255554,0.026477796956896782,-0.013558513194402377,-0.0775443631971966,0.004855278805949145
17.60782137500064,0.020412158221006393,0.03786921501159668,-0.16904610395431519,0.0840858593583107,-0.3081913888454437,-0.013209187425673008,-0.0161971497152206,-0.07656374244926989,0.004928410164303731
17.617877374999807,0.02966630458831787,0.08854520320892334,-0.21636366844177246,0.1024792417883873,-0.4351608157157898,-0.025860534980893135,-0.01989686913236841,-0.0756164592993977,0.004774512605734201
17.627933374998975,0.038455355912446976,0.09669560194015503,-0.252937376499176,0.21847619116306305,-0.5543845295906067,-0.0490875318646431,-0.02490334331470246,-0.07396977209812955,0.004445123914207257
17.637989374998142,0.020759660750627518,0.07033944129943848,-0.22833001613616943,0.42564642429351807,-0.6101921200752258,-0.06560339033603668,-0.030812185338361792,-0.07081398475604415,0.003952416505750718
17.648045375004585,-0.0170164555311203,0.07527494430541992,-0.10624759644269943,0.5581174492835999,-0.6902756690979004,-0.09548749774694443,-0.0373571080656008,-0.06557606301935429,0.0033187695977782987
17.658100375003414,-0.04980194568634033,0.15325427055358887,-0.01962047815322876,0.4564320743083954,-0.7433596253395081,-0.04554310441017151,-0.04456745558892449,-0.06043020611846444,0.002792527455378179
17.66815637500258,-0.04842550307512283,0.12281620502471924,0.0419766902923584,0.2903610169887543,-0.9143211245536804,0.032566528767347336,-0.05276579849001943,-0.056601010300467186,0.002954128536455802
17.67821237500175,-0.030457761138677597,-0.02767115831375122,0.006458088755607605,0.11883695423603058,-1.2358351945877075,0.1019703671336174,-0.06349671678769941,-0.05444498663377249,0.0038248081890064796
17.688268375000916,0.013189028948545456,-0.19138509035110474,-0.16304665803909302,-0.2758433222770691,-1.3031420707702637,-0.07357200235128403,-0.07636179287565795,-0.05533673908798821,0.004018931224705503
17.698324375000084,0.018214035779237747,-0.1709730625152588,-0.23128151893615723,-0.4675437808036804,-1.298266887664795,-0.08829315751791,-0.08947714747284416,-0.059081736594495005,0.002694610653982789
17.70838037499925,0.07400692999362946,0.010507285594940186,-0.25881922245025635,-0.3614487648010254,-1.3600125312805176,-0.09174226224422455,-0.10297945328093551,-0.063330906196261,0.0014878577785233252
17.71843637499842,0.0791425108909607,0.12571054697036743,-0.23169279098510742,-0.20156271755695343,-1.4064748287200928,-0.16289979219436646,-0.11702812303269448,-0.06593831312230944,-9.18701278735521e-05
17.728491375004523,0.07156588137149811,0.13200348615646362,-0.105754554271698,-0.14046962559223175,-1.4569231271743774,-0.2462383210659027,-0.13152448212600615,-0.06728761613478051,-0.002365819581333649
17.73854737500369,0.07391698658466339,0.0863262414932251,-0.06217407435178757,-0.14774031937122345,-1.4693044424057007,-0.24030879139900208,-0.14645928314233114,-0.068362819075691,-0.005024223721974178
17.74860337500286,0.09528979659080505,0.11711156368255615,-0.026421494781970978,-0.14851509034633636,-1.456689476966858,-0.2659706175327301,-0.16134666587268987,-0.06955778724085984,-0.007741048637395385
17.758659375002026,0.09350892156362534,0.11269944906234741,0.0010098889470100403,-0.12452559173107147,-1.4860979318618774,-0.3080775737762451,-0.17631909775240326,-0.07028596222638323,-0.010832197731482139
17.768715375001193,0.1246461346745491,0.15108662843704224,-0.010367393493652344,-0.2790074646472931,-1.5172687768936157,-0.2942836880683899,-0.19173309976380978,-0.0717082427302619,-0.014195690679665023
17.77877137500036,0.15589427947998047,0.1638280749320984,-0.052710771560668945,-0.34751006960868835,-1.5627801418304443,-0.28533679246902466,-0.20747180038188556,-0.07428213448015689,-0.017661413932274852
17.788827374999528,0.17087948322296143,0.07131224870681763,-0.09473145008087158,-0.37164226174354553,-1.5739386081695557,-0.2848809063434601,-0.22352097099957477,-0.07716749982530226,-0.02117852637639003
17.798882374998357,0.17569898068904877,0.030460834503173828,-0.13953173160552979,-0.37504205107688904,-1.558224081993103,-0.28293493390083313,-0.23960880640122667,-0.08028761652554116,-0.024855446174344063
17.8089383750048,0.17047247290611267,0.014761865139007568,-0.1795007586479187,-0.2393619418144226,-1.4982916116714478,-0.310332715511322,-0.2552969627982916,-0.08252635967866406,-0.02849926110993346
17.818994375003967,0.174815833568573,0.04571855068206787,-0.1898537278175354,-0.05518517643213272,-1.4164979457855225,-0.3312118947505951,-0.270227114236385,-0.0831781848509113,-0.03199047232899712
17.829050375003135,0.19226469099521637,0.03571850061416626,-0.18725216388702393,0.09763042628765106,-1.4320770502090454,-0.33137378096580505,-0.28478398997682164,-0.08197330934005123,-0.035180006348656825
17.839106375002302,0.2088279128074646,-0.04036605358123779,-0.12592482566833496,0.14379285275936127,-1.4858098030090332,-0.312023788690567,-0.29967412144636707,-0.07979948414037713,-0.037917784097387934
17.84916237500147,0.1911003589630127,-0.08934438228607178,-0.09956269711256027,0.11526712030172348,-1.5096222162246704,-0.2849627137184143,-0.3149456783792173,-0.077590498399204,-0.040358997562770164
17.859218375000637,0.16379553079605103,-0.09885996580123901,-0.07391864061355591,-0.07605357468128204,-1.5292878150939941,-0.2692367434501648,-0.33041943601890966,-0.07635950129479512,-0.042885541584318704
17.869273374999466,0.16917304694652557,-0.1141921877861023,-0.08413976430892944,-0.3779880404472351,-1.5708847045898438,-0.2513613998889923,-0.3462387702313963,-0.07762581485919166,-0.04610127633253186
17.879329374998633,0.18379944562911987,-0.15003257989883423,-0.08806747198104858,-0.6026363372802734,-1.5853952169418335,-0.22528214752674103,-0.36242910915347326,-0.08146443335595023,-0.05009363602865221
17.889385375005077,0.17777764797210693,-0.14066720008850098,-0.10829949378967285,-0.7370549440383911,-1.5898057222366333,-0.23360812664031982,-0.37879896311170314,-0.08686522271175097,-0.05465858611959557
17.899441375004244,0.1665726900100708,-0.09261739253997803,-0.11228305101394653,-0.8346472978591919,-1.536637306213379,-0.23970970511436462,-0.3950038829978822,-0.09332410749032584,-0.059879445789496576
17.90949737500341,0.1559206247329712,-0.07851731777191162,-0.09915584325790405,-0.723704993724823,-1.4383056163787842,-0.2294415682554245,-0.4104798100205027,-0.09968799414417087,-0.06514686463031737
17.91955337500258,0.1445290446281433,-0.05824005603790283,-0.05164492130279541,-0.5528664588928223,-1.3877673149108887,-0.2588236927986145,-0.4251621013281001,-0.10451623265523452,-0.06993717820169369
17.929609375001746,0.14747068285942078,0.0005611181259155273,0.05165374279022217,-0.354844331741333,-1.4303040504455566,-0.2742445468902588,-0.43969571028381876,-0.10744201352828468,-0.07420301986496565
17.939665375000914,0.15871581435203552,0.032065510749816895,0.10370898246765137,-0.3540102243423462,-1.4641077518463135,-0.3055574595928192,-0.454598441851115,-0.10938670479334835,-0.0785455772452786
17.949720374999742,0.17766031622886658,0.06841540336608887,0.08362627029418945,-0.32852673530578613,-1.608803391456604,-0.27683204412460327,-0.4704614589873486,-0.1110815856998007,-0.08256021552709264
17.95977637499891,0.1829952746629715,0.06435871124267578,0.015910865738987923,-0.443225622177124,-1.6947240829467773,-0.32909339666366577,-0.4875176700092268,-0.1130684723423206,-0.08700395757650839
17.969832374998077,0.17646664381027222,-0.011851668357849121,-0.023243065923452377,-0.6116275787353516,-1.7984602451324463,-0.3715232014656067,-0.505736166537446,-0.11600276550917502,-0.09265368459102773
17.97988837500452,0.1735847294330597,-0.01946890354156494,-0.033519744873046875,-0.7312714457511902,-1.8636637926101685,-0.38332048058509827,-0.5249569197209699,-0.12002688665879474,-0.09933996483060312
17.989944375003688,0.16782864928245544,0.024689912796020508,-0.034983038902282715,-0.7200754284858704,-1.9026910066604614,-0.39484935998916626,-0.5447151666876741,-0.12443691719352695,-0.10657235123395226
18.000000375002855,0.15442611277103424,0.06073647737503052,-0.07372093200683594,-0.5332818627357483,-1.9259268045425415,-0.40142950415611267,-0.5648591331592665,-0.1277866556707671,-0.11340204911254853
18.010056375002023,0.13303659856319427,0.08480691909790039,-0.11421824246644974,-0.17918457090854645,-1.9573869705200195,-0.3890620172023773,-0.5850147739574288,-0.1285958299689409,-0.11860510076767337
18.02011137500085,0.10543735325336456,0.10280990600585938,-0.07324051856994629,0.02875504270195961,-1.972306251525879,-0.38465848565101624,-0.6051478784472063,-0.1270068170691904,-0.1222246027109755
18.03016737500002,0.0772838294506073,0.1048097014427185,-0.0276796817779541,0.15998709201812744,-2.0587141513824463,-0.38099759817123413,-0.6257453765807394,-0.12391355761208381,-0.12473436629187439
18.040223374999186,0.0664009153842926,0.07070231437683105,-0.08774495124816895,0.22425289452075958,-2.168419599533081,-0.37725985050201416,-0.6472271947047827,-0.12006206905247656,-0.1265841839142782
18.050279374998354,0.06367358565330505,0.030900537967681885,-0.1739598512649536,0.12856894731521606,-2.263852119445801,-0.39125531911849976,-0.6697209988350938,-0.11619118787603946,-0.1284868035653884
18.060335375004797,0.05882059037685394,0.01235884428024292,-0.11199487745761871,-0.07598632574081421,-2.350139617919922,-0.4166775643825531,-0.6932676512741177,-0.11337250128654475,-0.13139073915113586
18.070391375003965,0.060308948159217834,0.011179208755493164,-0.1366288661956787,-0.12377786636352539,-2.4299771785736084,-0.4048877954483032,-0.717701422854702,-0.11155551092300574,-0.13524362918482066
18.080447375003132,0.07614018023014069,0.014286398887634277,-0.19015538692474365,-0.08576416969299316,-2.4170162677764893,-0.4116341173648834,-0.7425058244058442,-0.1096822523245575,-0.13906211553456707
18.090502750004816,0.07839484512805939,0.03054368495941162,-0.15359914302825928,0.003920888062566519,-2.4246740341186523,-0.43094155192375183,-0.7672826591988671,-0.1069528375015649,-0.14236684425952983
18.100558750003984,0.08085712790489197,0.08653980493545532,-0.0728384256362915,0.09005390852689743,-2.343862295150757,-0.402876615524292,-0.7915942795734903,-0.10368374278430759,-0.14502605272098068
18.11061475000315,0.07292953133583069,0.06606173515319824,-0.009322181344032288,0.397615909576416,-2.272684335708618,-0.4017680287361145,-0.8148183229475191,-0.09916840252425449,-0.14597725137159237
18.12067075000232,0.0630204975605011,0.051847219467163086,0.11683034896850586,0.5345913767814636,-2.2149901390075684,-0.4236791729927063,-0.8373536492999244,-0.092917956914552,-0.14535470141424564
18.130726750001486,0.07093700766563416,0.07295745611190796,0.20728468894958496,0.7106134295463562,-2.112356424331665,-0.4145697057247162,-0.8589587566234461,-0.08556714877153884,-0.14334276417556152
18.140782750000653,0.0745764821767807,0.0746004581451416,0.27649104595184326,0.7174433469772339,-2.0842392444610596,-0.446899950504303,-0.8797938534255265,-0.07757420581520291,-0.1405810687376975
18.15083874999982,0.10476231575012207,0.10498344898223877,0.23471450805664062,0.6793277263641357,-2.044919967651367,-0.45488616824150085,-0.9003609417862304,-0.06963240754690596,-0.13792783251809754
18.16089374999865,0.11976832151412964,0.038224995136260986,0.20401275157928467,0.5309875011444092,-1.9867292642593384,-0.49122154712677,-0.9205401353883725,-0.06208162730518087,-0.13594897528236366
18.170949749997817,0.10332098603248596,-0.011592328548431396,0.21711444854736328,0.44681620597839355,-1.888776421546936,-0.5054208636283875,-0.9400182160316511,-0.05521715314045412,-0.13511094623305497
18.18100575000426,0.08471611142158508,-0.006426036357879639,0.15976178646087646,0.44500285387039185,-1.740148663520813,-0.5096571445465088,-0.9582419853036999,-0.04850595303080346,-0.13448628961113293
18.191061750003428,0.0801260769367218,0.04258459806442261,0.1715613603591919,0.5581194758415222,-1.6110731363296509,-0.48392653465270996,-0.9750412014792378,-0.0415565979670341,-0.13321023239020746
18.201117750002595,0.07697710394859314,0.001646280288696289,0.2587625980377197,0.6221650838851929,-1.5165801048278809,-0.4885961413383484,-0.9906198453926883,-0.03418468055334065,-0.1309031834014658
18.211173750001763,0.05123549699783325,-0.07076102495193481,0.33935999870300293,0.6196538805961609,-1.4152354001998901,-0.49719756841659546,-1.0053090684889676,-0.026631683958423646,-0.12835099944087022
18.22122975000093,0.01837781071662903,-0.08241409063339233,0.392983078956604,0.576234757900238,-1.2856731414794922,-0.4857339859008789,-1.0187853844674917,-0.019190246857583,-0.1257523380355649
18.23128474999976,0.00988335907459259,-0.05565023422241211,0.3494563102722168,0.5145447254180908,-1.2117745876312256,-0.4556225538253784,-1.0313329086826004,-0.012304492951165412,-0.12361295887960531
18.241340749998926,0.041696205735206604,-0.11955571174621582,0.2331942319869995,0.48662257194519043,-1.1289584636688232,-0.41804054379463196,-1.0430502187172495,-0.005945180665213792,-0.12143759708631761
18.251396749998094,0.053639113903045654,-0.13385820388793945,0.18462228775024414,0.3995829224586487,-1.115887999534607,-0.36765846610069275,-1.0542868571122619,-0.0002718658064629612,-0.11952769858622964
18.261452750004537,0.07033689320087433,-0.13187307119369507,0.12586212158203125,0.2563570439815521,-1.1324325799942017,-0.2946516275405884,-1.0655653269051255,0.0042685434603196605,-0.11818599899343275
18.271508750003704,0.07315365970134735,-0.18764561414718628,0.06071126088500023,0.1328418105840683,-1.1881036758422852,-0.21198393404483795,-1.0772710947233366,0.007399520181233354,-0.11774594658341873
18.28156475000287,0.04740816354751587,-0.2748264670372009,-0.012884140014648438,0.14665775001049042,-1.213356852531433,-0.12717130780220032,-1.0893965892707895,0.009527142057376327,-0.11736798608316745
18.29162075000204,-0.007840290665626526,-0.2923099994659424,-0.04536556452512741,0.2316303551197052,-1.2482330799102783,-0.047302473336458206,-1.10176353941635,0.0111752563236181,-0.11604871985932481
18.301675750000868,-0.02794112265110016,-0.21985822916030884,-0.05377138406038284,0.3615174889564514,-1.328367829322815,0.06535696238279343,-1.114739287510057,0.012413834322077317,-0.11343236432655156
18.311731750000035,0.002993449568748474,-0.2503625154495239,-0.07656073570251465,0.5481200218200684,-1.4704622030258179,0.1686979979276657,-1.1288036159816754,0.013364344123214916,-0.10866583678290079
18.321787749999203,0.03220495581626892,-0.25386345386505127,-0.10401105880737305,0.5725255012512207,-1.660931944847107,0.2635568678379059,-1.1446081489647202,0.013805615764725084,-0.1025678829434843
18.33184374999837,0.05862055718898773,-0.202764630317688,-0.20399320125579834,0.42875510454177856,-1.8586699962615967,0.34926432371139526,-1.162407404652741,0.013017509930327626,-0.09660337040851188
18.341899750004814,0.06541189551353455,-0.23193848133087158,-0.22583556175231934,0.1615508645772934,-2.0940699577331543,0.3972630202770233,-1.1822883825361852,0.010774056918488317,-0.09223319778186796
18.35195575000398,0.0596170574426651,-0.2253318428993225,-0.18743348121643066,-0.1733308583498001,-2.2835211753845215,0.4065569341182709,-1.2043740818267374,0.00695715813959456,-0.09083946276812417
18.36201175000315,0.05725623667240143,-0.17950081825256348,-0.18283605575561523,-0.413241446018219,-2.371523857116699,0.38042813539505005,-1.2278856084985572,0.002207876043434878,-0.09229074114010148
18.372066750001977,0.05844804644584656,-0.09591925144195557,-0.1289147138595581,-0.47441720962524414,-2.3524415493011475,0.3757026195526123,-1.2516838884139176,-0.0029169937803392807,-0.09548277209811792
18.382122750001145,0.07664820551872253,-0.0007954835891723633,-0.098075270652771,-0.3483937382698059,-2.3289246559143066,0.35278770327568054,-1.2752211820505113,-0.007658821305225377,-0.09827953018966705
18.392178750000312,0.11717464029788971,0.07756751775741577,-0.07391703128814697,-0.22297550737857819,-2.3127939701080322,0.34880733489990234,-1.2986185200871052,-0.01187258291208624,-0.10005721863030419
18.40223474999948,0.14315403997898102,0.0795784592628479,-0.015190131962299347,-0.17108434438705444,-2.2698614597320557,0.3436170816421509,-1.3217201651201835,-0.01568553152102865,-0.1009860511346603
18.412290749998647,0.1367659568786621,0.07095009088516235,0.06885753571987152,-0.17516276240348816,-2.1927618980407715,0.32012397050857544,-1.344185620945247,-0.019373770968167277,-0.10176910396313127
18.422346749997814,0.11911691725254059,0.06793242692947388,0.22725187242031097,-0.3789832592010498,-2.1110920906066895,0.2939608097076416,-1.3658184922390315,-0.022924549028108542,-0.10370394501688146
18.432402750004258,0.14812248945236206,0.06162160634994507,0.322343111038208,-0.5825731158256531,-1.9865021705627441,0.3175676167011261,-1.3866133750130984,-0.026927767598440355,-0.10795139429295829
18.442457750003086,0.1806047558784485,0.017772257328033447,0.3189513683319092,-0.7253031134605408,-1.8509920835494995,0.3276844322681427,-1.4061149764175844,-0.03129515566140466,-0.11398346404135812
18.452513750002254,0.18358127772808075,-0.0121537446975708,0.311287522315979,-0.7533262968063354,-1.650230050086975,0.35546863079071045,-1.4239556022606612,-0.035848046627351124,-0.12082660739509353
18.46256975000142,0.15116649866104126,-0.005927622318267822,0.2475292831659317,-0.5875160098075867,-1.4462577104568481,0.3863133490085602,-1.4397158115354214,-0.04048073909098003,-0.12707041449670212
18.47262575000059,0.10105195641517639,0.037666380405426025,0.1757497787475586,-0.3820590376853943,-1.3154850006103516,0.39822763204574585,-1.4536948721854484,-0.04497559962612157,-0.13134044240568568
18.482681749999756,0.04153793305158615,0.030504584312438965,0.1994631290435791,-0.3063243329524994,-1.321675181388855,0.3825088441371918,-1.46700135420249,-0.04929396176505639,-0.13427838743270185
18.492737749998923,-0.01616722345352173,-0.05339920520782471,0.24119651317596436,-0.3781697154045105,-1.3824825286865234,0.34509915113449097,-1.4807639327382816,-0.05328413841209533,-0.13728317029050785
18.50279374999809,-0.06960734724998474,-0.11870735883712769,0.27655553817749023,-0.5645422339439392,-1.4651834964752197,0.26694121956825256,-1.495353080468772,-0.056760432851755305,-0.14173678554055083
18.512848750004196,-0.08348289877176285,-0.10311472415924072,0.25931334495544434,-0.7833002209663391,-1.558289647102356,0.23628880083560944,-1.51094815137161,-0.059682012574375436,-0.148394777771283
18.522904750003363,-0.049846351146698,-0.010052323341369629,0.10917317867279053,-0.7746737003326416,-1.6089775562286377,0.20705953240394592,-1.527385777465089,-0.06229828421537522,-0.15623923562441866
18.53296075000253,-0.050776466727256775,0.0243757963180542,-0.00743509829044342,-0.6965898275375366,-1.5891172885894775,0.17618390917778015,-1.544037552021477,-0.06451853766845207,-0.16360320985377458
18.543016750001698,-0.08308969438076019,0.035277605056762695,5.21540641784668e-06,-0.6267459988594055,-1.53347647190094,0.1564949005842209,-1.5601703743818658,-0.06620166910779411,-0.17018030827419284
18.553072750000865,-0.06000492721796036,0.07218444347381592,-0.05862942337989807,-0.6122879981994629,-1.445523738861084,0.15580646693706512,-1.5756480040399765,-0.06800911522717044,-0.17661829776239749
18.563128750000033,-0.056276142597198486,0.10694682598114014,-0.13255563378334045,-0.5595424771308899,-1.3309134244918823,0.1734887957572937,-1.590066175576985,-0.0695416993843598,-0.18243486991080748
18.5731847499992,-0.06884615123271942,0.10694611072540283,-0.05226805806159973,-0.4533843398094177,-1.2706950902938843,0.027223188430070877,-1.603445246361335,-0.0703530375694563,-0.18746578687873544
18.58323974999803,-0.06836559623479843,0.14383554458618164,0.013723254203796387,-0.3740463852882385,-1.232223629951477,-0.046129852533340454,-1.616237798882711,-0.07021757305086083,-0.1917430930675077
18.593295750004472,-0.0412331148982048,0.2506096363067627,0.03540921211242676,-0.35352423787117004,-1.2448824644088745,-0.12391465902328491,-1.628967692077513,-0.06906334397871422,-0.19536654660583563
18.60335175000364,0.005561850965023041,0.28322774171829224,0.03506791591644287,-0.24650485813617706,-1.2553529739379883,-0.19830314815044403,-1.641712369592843,-0.0673010911656222,-0.19838305545981755
18.613407750002807,0.014665178954601288,0.2554458975791931,-0.008555322885513306,-0.023106511682271957,-1.24049973487854,-0.2777004539966583,-1.654411526125665,-0.06480406241495522,-0.19961484566471555
18.623463750001974,0.009292230010032654,0.28171950578689575,-0.08974739909172058,0.23062056303024292,-1.1652960777282715,-0.3344652056694031,-1.6664053882334444,-0.061831011633263926,-0.1982498504350902
18.633519750001142,0.020852580666542053,0.2555798292160034,-0.08245238661766052,0.38644900918006897,-1.1430559158325195,-0.3996841609477997,-1.6777521180096913,-0.05848191607187196,-0.1946999109372228
18.64357575000031,0.0553169846534729,0.17893826961517334,-0.05851283669471741,0.45495137572288513,-1.1636773347854614,-0.42203500866889954,-1.6890800701625077,-0.054865488011059636,-0.19000471528404553
18.653630749999138,0.057029664516448975,0.12727952003479004,-0.10482397675514221,0.478784441947937,-1.1975278854370117,-0.4655000567436218,-1.700671380773666,-0.05109874107241052,-0.18462086361207128
18.663686749998305,0.0037528350949287415,0.0701831579208374,-0.09515628218650818,0.3324216306209564,-1.241426706314087,-0.5151445865631104,-1.7126646159797583,-0.0467724468271492,-0.17973639395610838
18.67374275000475,-0.02486903965473175,-0.016117215156555176,0.005273699760437012,0.07133375108242035,-1.3364006280899048,-0.512766420841217,-1.7254804434947626,-0.041947254926148474,-0.1770026776105557
18.683798750003916,-0.015758678317070007,-0.09100162982940674,0.0057499706745147705,-0.01077363546937704,-1.3933621644973755,-0.5131549835205078,-1.7391976271692493,-0.03692661358417091,-0.17591583431263003
18.693854750003084,-0.009927615523338318,-0.03978055715560913,-0.040642738342285156,0.07542286068201065,-1.3998688459396362,-0.48910248279571533,-1.7531848371918786,-0.03199340050500332,-0.17471793431559438
18.70391075000225,0.026842236518859863,0.04124283790588379,-0.04190771281719208,0.21292957663536072,-1.4695541858673096,-0.4307190775871277,-1.767563083501849,-0.027747905795589566,-0.17236038131108397
18.71396675000142,0.05843452364206314,-0.028375566005706787,-0.03583328425884247,0.3035988211631775,-1.4602172374725342,-0.3800874352455139,-1.782311677625365,-0.02429505843797239,-0.16894293425586512
18.724021750000247,0.034481704235076904,-0.13462531566619873,0.004630446434020996,0.3500446081161499,-1.3196576833724976,-0.2933323085308075,-1.7962197843608139,-0.02170890166083675,-0.16494184064417905
18.734077749999415,0.010839208960533142,-0.16106736660003662,0.07907187938690186,0.4374121427536011,-1.1607086658477783,-0.17851585149765015,-1.808654848695792,-0.020314447886432108,-0.16057048036807187
18.744133749998582,0.02316654473543167,-0.15489238500595093,0.10315510630607605,0.45887428522109985,-0.944058358669281,-0.07267331331968307,-1.8191746389094459,-0.020190882731861075,-0.15582928254211628
18.754189750005025,0.02351493388414383,-0.20418000221252441,0.2513777017593384,0.4681411683559418,-0.7383114695549011,0.02599816396832466,-1.8274854873799435,-0.021149527202868508,-0.1513431910814869
18.764245750004193,0.008601747453212738,-0.3067265748977661,0.45809879899024963,0.4996599555015564,-0.6327927708625793,0.017902152612805367,-1.834271536278323,-0.02268472887287529,-0.14662427545007684
18.77430175000336,0.01946120709180832,-0.18090778589248657,0.4345031976699829,0.6272861957550049,-0.4743648171424866,0.02959577366709709,-1.839774287026737,-0.02430714857559174,-0.1414193578898106
18.784357750002528,0.08240065723657608,-0.02395927906036377,0.27875542640686035,0.8357189893722534,-0.31658077239990234,0.015178751200437546,-1.8435341106021963,-0.026585054299740604,-0.13432077339324955
18.794412750001356,0.10130243748426437,0.04454398155212402,0.3308144807815552,0.923484742641449,-0.2241155356168747,-0.06508008390665054,-1.8459747985544999,-0.02876007771090967,-0.1256593334636539
18.804468750000524,0.11180784553289413,0.13241034746170044,0.3492414951324463,0.723242998123169,-0.1723649948835373,-0.09002670645713806,-1.84768771818241,-0.030248694302435375,-0.11723300095127345
18.81452474999969,0.12489481270313263,0.15298807621002197,0.3555184602737427,0.42733052372932434,-0.15247170627117157,-0.03469197452068329,-1.8491291402933703,-0.031215133004350457,-0.11153047832440173
18.82458074999886,0.08591486513614655,0.009628057479858398,0.2678651809692383,0.2858128249645233,-0.09786306321620941,-0.06660943478345871,-1.8503143122139638,-0.03178997532686478,-0.1080390619213448
18.834636749998026,-0.017375193536281586,-0.010588645935058594,0.17487525939941406,0.27089381217956543,-0.031901754438877106,-0.13816103339195251,-1.8508273930922805,-0.03150725805631303,-0.10516241247422915
18.84469275000447,-0.07520721852779388,0.09504812955856323,0.09345555305480957,0.29504841566085815,-0.07876833528280258,-0.1872798353433609,-1.8512093640869485,-0.030792509778047532,-0.10184340383701802
18.854748750003637,-0.08743457496166229,0.10027635097503662,0.08924520015716553,0.21993742883205414,-0.1431443989276886,-0.19419729709625244,-1.8522841109798225,-0.029645695423624257,-0.0987941128179042
18.864803750002466,-0.10833874344825745,0.020612776279449463,0.06924840807914734,0.12791907787322998,-0.11735380440950394,-0.17403262853622437,-1.8535555293365746,-0.0283731077234014,-0.0966375757025261
18.874859750001633,-0.15084165334701538,-0.002344369888305664,0.09976708889007568,0.1154325008392334,-0.0891818255186081,-0.18253882229328156,-1.8545551407951442,-0.026968873882637776,-0.09503638532848951
18.8849157500008,-0.16931414604187012,0.04000622034072876,0.06193433701992035,0.1763392686843872,-0.10888442397117615,-0.15739192068576813,-1.8554538640920535,-0.025718759876712214,-0.09320225699242139
18.894971749999968,-0.16241028904914856,0.06436628103256226,-0.014571905136108398,0.19911882281303406,-0.1390371322631836,-0.13440722227096558,-1.8566487132873168,-0.024915729641941872,-0.09094298028311087
18.905027749999135,-0.16686871647834778,0.03784823417663574,-0.046050190925598145,0.11839336156845093,-0.14709027111530304,-0.15887421369552612,-1.8580610368202923,-0.023982840269217702,-0.08894740455148586
18.915083749998303,-0.12787657976150513,0.011810243129730225,-0.06308698654174805,0.028683757409453392,-0.11063731461763382,-0.15010157227516174,-1.8593808088222898,-0.022668991820725425,-0.0877936866574848
18.925139750004746,-0.054648369550704956,0.014503657817840576,-0.040558457374572754,0.0040487200021743774,-0.046877242624759674,-0.14700564742088318,-1.8601498716192337,-0.021285011399582054,-0.08726888995294013
18.935195750003913,0.008977010846138,0.043602585792541504,-0.016644582152366638,0.0744192898273468,0.02720656991004944,-0.15133914351463318,-1.860200435604816,-0.01997034562453449,-0.08649480166572242
18.945250750002742,0.04280392825603485,0.05580669641494751,0.02708353102207184,0.15243366360664368,0.06773588806390762,-0.17969675362110138,-1.859676545963549,-0.018721184634910168,-0.08487989207646837
18.95530675000191,0.04661635309457779,0.0730394721031189,0.06601311266422272,0.15108343958854675,0.10629499703645706,-0.20862933993339539,-1.8587664198256222,-0.017298672045749978,-0.08285683566724575
18.965362750001077,0.05558911710977554,0.03978574275970459,0.11772799491882324,0.11759765446186066,0.14941051602363586,-0.2314278483390808,-1.857443687520068,-0.015533555330067736,-0.08094316225684223
18.975418750000244,0.08606909215450287,0.03373974561691284,0.11819420754909515,0.1929456740617752,0.2091694474220276,-0.2561141848564148,-1.855587493580527,-0.013628914875048633,-0.0788192810220765
18.985474749999412,0.10216191411018372,0.0816454291343689,0.14774487912654877,0.2522745132446289,0.20569269359111786,-0.2826720178127289,-1.8534255801047592,-0.011655367333333685,-0.07584405808483656
18.99553074999858,0.11681923270225525,0.08944207429885864,0.11833526194095612,0.2574617862701416,0.16787247359752655,-0.26288217306137085,-1.8514861394234732,-0.00974351663076944,-0.07261700283957524
19.005585750004684,0.09606640040874481,-0.030236124992370605,0.036960139870643616,0.1592864692211151,0.12029776722192764,-0.28077036142349243,-1.8500193351789274,-0.007736339869863097,-0.06981498733317644
19.01564175000385,0.019798606634140015,-0.09411650896072388,0.005195870995521545,0.013726248405873775,0.09768246859312057,-0.2632276117801666,-1.8489298219849566,-0.005281642615363371,-0.06826579000487584
19.02569775000302,-0.02632761001586914,-0.12496733665466309,-0.052628517150878906,-0.016702231019735336,0.07764405012130737,-0.21164299547672272,-1.84805804096296,-0.0029713479606997325,-0.06765616112504946
19.035753750002186,-0.04647425562143326,-0.1180649995803833,-0.12729476392269135,0.018018729984760284,0.032025426626205444,-0.18201245367527008,-1.8474826100684283,-0.001099748553274359,-0.06707025605893903
19.045809750001354,-0.06568022072315216,-0.10337966680526733,-0.09641158580780029,0.02996007911860943,-0.016029981896281242,-0.15915001928806305,-1.8473965989350845,0.0004583674975662806,-0.06633267352660606
19.05586575000052,-0.06935500353574753,-0.15724879503250122,-0.022207871079444885,-0.03007476218044758,-0.0099047115072608,-0.11879513412714005,-1.8475691578723499,0.0018042954265867497,-0.06591240698137513
19.06592174999969,-0.0435640811920166,-0.15110546350479126,0.01497960090637207,0.008530686609447002,0.06416765600442886,-0.05482281371951103,-1.8473103924363934,0.0026566765126101928,-0.06591123126223578
19.075976749998517,-0.010752081871032715,-0.11814433336257935,0.06405198574066162,0.08231756091117859,0.13048142194747925,-0.011608760803937912,-1.8463481571037517,0.0028111832083957283,-0.06540906453655608
19.086032874998637,0.005109772086143494,-0.08973091840744019,0.12087021768093109,0.0913051962852478,0.21865655481815338,0.03898783400654793,-1.844630933290927,0.0023919552246414403,-0.06457485742324458
19.09608887500508,0.01968410611152649,-0.09216201305389404,0.1831432282924652,0.08843537420034409,0.3152531385421753,0.0906839519739151,-1.8419425865108567,0.001506855197121439,-0.06392177885198595
19.106144875004247,0.048635490238666534,-0.08795654773712158,0.2157364934682846,0.11109168082475662,0.4163017272949219,0.11976193636655807,-1.838262476230219,0.00022239527800992,-0.06324528725259115
19.116200875003415,0.07177916914224625,-0.04260969161987305,0.23217414319515228,0.16250982880592346,0.5315616130828857,0.12695574760437012,-1.833490358464961,-0.0013506598685140156,-0.06226012359798038
19.126256875002582,0.07969224452972412,-0.03157836198806763,0.2805076837539673,0.15972548723220825,0.654666006565094,0.11364100873470306,-1.8275235464362583,-0.0029460367967661374,-0.06098287129604486
19.13631287500175,0.08035049587488174,-0.04340261220932007,0.38604021072387695,0.11311639845371246,0.786132276058197,0.12085511535406113,-1.8202700333717532,-0.004412773385509359,-0.05995788073731345
19.14636787500058,0.07811731100082397,-0.0139046311378479,0.40979576110839844,0.19737029075622559,0.9534421563148499,0.1435292661190033,-1.8115558420494242,-0.0060809643908768755,-0.0589038970198751
19.156423874999746,0.05546285957098007,0.028282463550567627,0.3637608289718628,0.3913348317146301,1.1428385972976685,0.13805128633975983,-1.8010051916450653,-0.008149081610669313,-0.05643340812768098
19.166479874998913,0.022329159080982208,0.06538522243499756,0.3411085605621338,0.6256799697875977,1.3021960258483887,0.12202118337154388,-1.788654825822846,-0.010598690894686057,-0.05173832051156513
19.17653587499808,-0.021682515740394592,0.07554304599761963,0.3542426824569702,0.6963348984718323,1.4433985948562622,0.07264353334903717,-1.7747911212940966,-0.012963806329466303,-0.045343150291100594
19.186591875004524,-0.0576811358332634,0.043773353099823,0.40320467948913574,0.5856568813323975,1.6238665580749512,0.050476446747779846,-1.7593290352623874,-0.01483921207886602,-0.03911222884734357
19.19664787500369,-0.06494802981615067,0.013887345790863037,0.4023672342300415,0.5358360409736633,1.8256027698516846,0.017463503405451775,-1.7419003155916473,-0.01619465299011432,-0.03374489971237368
19.20670387500286,-0.05606961250305176,0.05212181806564331,0.36805522441864014,0.5864368677139282,1.9791529178619385,-0.03212295472621918,-1.7226388929068628,-0.017021674779299167,-0.02830605809284252
19.216758875001688,-0.03766661882400513,0.18590229749679565,0.3119107484817505,0.6246095895767212,2.0336716175079346,-0.08224282413721085,-1.702307856345298,-0.017340503142984676,-0.02218863415733242
19.226814875000855,-0.016278401017189026,0.25954294204711914,0.21442294120788574,0.6079299449920654,2.0389678478240967,-0.13777026534080505,-1.6817042730749345,-0.01698543924720849,-0.015876134564943564
19.236870875000022,-0.018459901213645935,0.17156845331192017,0.16434001922607422,0.4833933711051941,2.01558518409729,-0.22255106270313263,-1.6612449417699313,-0.0157540454748317,-0.0101806442300635
19.24692687499919,-0.05558857321739197,0.16820746660232544,0.14636147022247314,0.3488025367259979,2.038452386856079,-0.28300029039382935,-1.640802016796008,-0.013529387720338201,-0.005875462240472068
19.256982874998357,-0.07321833074092865,0.1682714819908142,0.08603882789611816,0.35392218828201294,2.0704243183135986,-0.3394644856452942,-1.6201299332820052,-0.010642118227684997,-0.0022394065439980005
19.2670388750048,-0.06365625560283661,0.15409600734710693,0.059284329414367676,0.3759726285934448,2.0967423915863037,-0.38415074348449707,-1.5991291105953915,-0.007150434004681239,0.0015258353989966397
19.277094875003968,-0.04038970172405243,0.16318178176879883,0.07160079479217529,0.37780073285102844,2.1060056686401367,-0.4709984064102173,-1.5780339028010224,-0.0029328887989408885,0.00544473049996683
19.287150875003135,-0.016430020332336426,0.14748138189315796,0.0999976396560669,0.31095778942108154,2.0648863315582275,-0.5357809066772461,-1.5570935673641366,0.00212391952574263,0.008853950609386305
19.297205875001964,0.014385253190994263,0.12926578521728516,0.0731734037399292,0.22235402464866638,2.0658035278320312,-0.6178646087646484,-1.536340791005803,0.007984748110346685,0.011518030358482187
19.30726187500113,0.035669028759002686,0.12031328678131104,0.10723686218261719,0.026140572503209114,2.081484317779541,-0.6760610938072205,-1.5155262062544774,0.014543165422818137,0.012543554221472903
19.3173178750003,0.08855883777141571,0.13028889894485474,0.14413392543792725,-0.21564063429832458,2.1122896671295166,-0.7126585245132446,-1.4944017417785878,0.0214718181648723,0.011081722119311797
19.327373874999466,0.1470578908920288,0.09630507230758667,0.1728273630142212,-0.33415529131889343,2.186245918273926,-0.7031499743461609,-1.4727219602202917,0.028307122855057928,0.007661225413455337
19.337429874998634,0.15963402390480042,0.04481518268585205,0.21726548671722412,-0.3369697034358978,2.2916994094848633,-0.7197107076644897,-1.450118853427375,0.03505978822232881,0.003395883870031136
19.347485875005077,0.1716800034046173,0.04518282413482666,0.1719762086868286,-0.19656093418598175,2.3724417686462402,-0.7003157138824463,-1.4264710849828748,0.04173620908044276,-0.0002534822337574028
19.357540875003906,0.18319620192050934,0.05770456790924072,0.13249742984771729,-0.08391345292329788,2.3978943824768066,-0.7089278697967529,-1.402361309276725,0.04850744122258395,-0.002671319413217473
19.367596875003073,0.17658661305904388,0.005322694778442383,0.05587124824523926,-0.04453727975487709,2.3437082767486572,-0.7390034794807434,-1.3783854147618966,0.05555524015470024,-0.00454049457404832
19.37765287500224,0.14708589017391205,-0.07290661334991455,0.01678699254989624,-0.0919073298573494,2.263312816619873,-0.7733582854270935,-1.3550648322137406,0.06286440455435688,-0.006744483647130179
19.387708875001408,0.1032169759273529,-0.11821424961090088,0.04870879650115967,-0.2980183959007263,2.1557915210723877,-0.8127285838127136,-1.3326142198898532,0.07026892888249651,-0.010340762583773106
19.397764875000576,0.1018679141998291,-0.12573283910751343,0.08221125602722168,-0.4269307255744934,2.066044807434082,-0.7773035168647766,-1.3109793141976682,0.07713124018904192,-0.01601025032377354
19.407820874999743,0.11802536249160767,-0.11164212226867676,-0.0005902047269046307,-0.4516070485115051,1.9620343446731567,-0.7135282754898071,-1.2901948222276443,0.0831816683026491,-0.022326764863251327
19.41787687499891,0.1319887340068817,-0.10294961929321289,-0.08685749769210815,-0.42531001567840576,1.865614891052246,-0.6519426107406616,-1.2704324006839245,0.08846209676792662,-0.02850901663913994
19.427931875005015,0.13323885202407837,-0.17074710130691528,-0.0999646782875061,-0.43854060769081116,1.8147733211517334,-0.60896235704422,-1.2514037993601441,0.0932158498675239,-0.03455503353345674
19.437987875004183,0.11834007501602173,-0.1644575595855713,-0.06505173444747925,-0.44202446937561035,1.8197908401489258,-0.5491105318069458,-1.232545834307003,0.0972967805381781,-0.04070120144712386
19.44804387500335,0.11841607093811035,-0.1322718858718872,-0.04261982440948486,-0.4090787470340729,1.8498870134353638,-0.4715918004512787,-1.2135727840008745,0.10067166079868874,-0.046536886682139574
19.458099875002517,0.12356528639793396,-0.11871039867401123,-0.0007225275039672852,-0.3966263234615326,1.879762053489685,-0.4070189297199249,-1.1943326337046005,0.10333160875740527,-0.051935396418564296
19.468155875001685,0.1122402548789978,-0.12997329235076904,0.0726432204246521,-0.38556593656539917,1.9629439115524292,-0.35727375745773315,-1.174395845297763,0.10538695615726225,-0.05699878478314826
19.478211875000852,0.09730005264282227,-0.12823569774627686,0.09904813766479492,-0.3181898891925812,2.0029354095458984,-0.35077881813049316,-1.153912092622815,0.10720459158657696,-0.061772268162940284
19.48826787500002,0.11764335632324219,-0.06776684522628784,0.048873722553253174,-0.30283305048942566,2.002035140991211,-0.33869364857673645,-1.1333139648641912,0.10912168813520048,-0.06605793876480422
19.498323874999187,0.15252068638801575,0.005996346473693848,-0.006127776578068733,-0.33556076884269714,1.9296926259994507,-0.2902061641216278,-1.113077928830121,0.11057141277968392,-0.07031704524362853
19.508378874998016,0.1755351722240448,-0.05996072292327881,-0.034625351428985596,-0.43745437264442444,1.8744781017303467,-0.27141010761260986,-1.0934700432519218,0.11134706308938523,-0.07505483917138775
19.51843487500446,0.1459282636642456,-0.106098473072052,0.02317875623703003,-0.6429953575134277,1.900688886642456,-0.23591867089271545,-1.0739043658957055,0.11108367228028738,-0.0811073302419809
19.528490875003627,0.10969725251197815,-0.10131347179412842,0.11075323820114136,-0.7591909170150757,1.9953666925430298,-0.16234751045703888,-1.0535258376558538,0.10937599105393933,-0.08843212946714583
19.538546875002794,0.10579413175582886,-0.12005263566970825,0.17610424757003784,-0.7597176432609558,2.111940860748291,-0.0735621452331543,-1.0321485738337277,0.10651297474450316,-0.09576393356788612
19.54860287500196,0.09659013152122498,-0.11271828413009644,0.24999010562896729,-0.723930299282074,2.276604652404785,0.00406127842143178,-1.0093732899905854,0.10285231510140394,-0.10243462411493678
19.55865887500113,0.093751460313797,-0.10222053527832031,0.17697298526763916,-0.48574620485305786,2.4311001300811768,0.04674383997917175,-0.9852702152030949,0.09922914557742674,-0.10752571516960358
19.568713874999958,0.10891735553741455,-0.029080092906951904,0.03985506296157837,-0.30329835414886475,2.4763314723968506,0.08154283463954926,-0.9603499517607254,0.0964700515962117,-0.11045243367328797
19.578769874999125,0.14208385348320007,-0.002937912940979004,0.03221845626831055,-0.30955877900123596,2.4186127185821533,0.0864366888999939,-0.9354893342343484,0.0940081767996588,-0.11237484976082764
19.588825874998292,0.16921061277389526,-0.09852492809295654,0.04951811209321022,-0.45664089918136597,2.267915725708008,0.09485973417758942,-0.9116346844695713,0.0910166698761956,-0.11480894015027368
19.598881875004736,0.1706402599811554,-0.1112661361694336,0.05506616830825806,-0.6520494222640991,2.1567089557647705,0.11658193916082382,-0.8890916593050349,0.08673843073493301,-0.11856437524796508
19.608937875003903,0.13624924421310425,-0.07555586099624634,0.01916450448334217,-0.799767255783081,2.111802101135254,0.1602548360824585,-0.8672925770714335,0.08099124815875151,-0.12332399145448734
19.61899387500307,0.09045234322547913,-0.09702306985855103,0.0418739914894104,-0.9087615609169006,2.170590877532959,0.2068341225385666,-0.8454234157416006,0.07397042064208331,-0.1286361496961134
19.629049875002238,0.04278644919395447,-0.10927361249923706,0.17277061939239502,-0.9921528697013855,2.2800848484039307,0.269178181886673,-0.8226387843281455,0.06572150302530863,-0.1341684322201215
19.639104875001067,0.04692107439041138,-0.0652228593826294,0.1238979697227478,-0.7806515693664551,2.3611209392547607,0.3403069078922272,-0.7990294577143189,0.0572162828282761,-0.138653984553457
19.649160875000234,0.06478595733642578,0.004102349281311035,0.06791126728057861,-0.5778473615646362,2.419121742248535,0.3261668384075165,-0.7748535712801562,0.05008629359802317,-0.14104364914788486
19.6592168749994,0.07221207022666931,0.08879363536834717,0.04068559408187866,-0.43291017413139343,2.4270238876342773,0.32467177510261536,-0.7503421594510314,0.04418739934508149,-0.14222199713585407
19.66927287499857,0.10846269130706787,0.07703477144241333,-0.011272549629211426,-0.3946338891983032,2.313708543777466,0.2591888904571533,-0.7264163882933173,0.03919304183031654,-0.14276388692433914
19.679328875005012,0.13715505599975586,0.05869472026824951,-0.0242269616574049,-0.5322780013084412,2.1874032020568848,0.19086484611034393,-0.7038207386886942,0.034230657164845135,-0.14412788940926355
19.68938487500418,0.14629849791526794,0.021249055862426758,-0.00904989056289196,-0.6975960731506348,2.111250400543213,0.14561136066913605,-0.682169407752407,0.028426937858413184,-0.14675676190354292
19.699440875003347,0.11531898379325867,0.04403030872344971,0.07159274816513062,-0.9224209189414978,2.1487319469451904,0.1546650379896164,-0.6607322575799337,0.021123815652892203,-0.15073366832781618
19.709495875002176,0.09225311875343323,0.07071828842163086,0.15565228462219238,-0.9618724584579468,2.224916696548462,0.2115807831287384,-0.6386855361323822,0.012344146399203329,-0.15507544628785455
19.719551875001343,0.0907539427280426,0.004319727420806885,0.13675278425216675,-0.8572673797607422,2.3433034420013428,0.2603045105934143,-0.6157167119839175,0.0034690468579127737,-0.15858493820041253
19.72960787500051,0.11270742118358612,0.046453893184661865,0.0496174693107605,-0.6032918691635132,2.4386355876922607,0.2872021794319153,-0.5916126998616448,-0.004177246802578948,-0.1604819051262498
19.73966387499968,0.1439235508441925,0.12546753883361816,-0.00533694215118885,-0.4382084608078003,2.4033074378967285,0.27131322026252747,-0.5671900249386592,-0.010019773740109424,-0.1609334336454079
19.749719874998846,0.18185682594776154,0.1022186279296875,-0.054756224155426025,-0.4241168797016144,2.2866976261138916,0.24877488613128662,-0.5435805369707193,-0.015009941256446113,-0.16094292696372478
19.759775874998013,0.18563705682754517,0.0304490327835083,-0.10799211263656616,-0.5172624588012695,2.166738748550415,0.19958528876304626,-0.5212251205315113,-0.02021664587513303,-0.16137362693735757
19.769831875004456,0.16446742415428162,0.012603700160980225,-0.13378357887268066,-0.6182934641838074,2.07863187789917,0.15956036746501923,-0.49992945402967803,-0.02610042879924743,-0.16264186894991017
19.779887875003624,0.141763374209404,0.011592566967010498,-0.11685848236083984,-0.6784311532974243,2.00799822807312,0.15555016696453094,-0.47945653986766307,-0.03261553213678068,-0.16436324345206857
19.789942875002453,0.1292429268360138,0.009657859802246094,-0.08831202983856201,-0.6839750409126282,1.9879047870635986,0.1975090652704239,-0.4594480066350113,-0.039561782062065884,-0.16591885580911708
19.79999887500162,0.11695131659507751,-0.0075972676277160645,-0.03691905736923218,-0.6255955696105957,1.9994432926177979,0.26359325647354126,-0.43946623327498313,-0.04650881401404841,-0.16670269732481896
19.810054875000787,0.10350649058818817,-0.0199316143989563,0.01868140883743763,-0.5646361112594604,2.0422298908233643,0.2968188524246216,-0.4190636422746174,-0.05311010254583102,-0.16659140945874118
19.820110874999955,0.11237622797489166,0.0022298097610473633,-0.014622271060943604,-0.43659818172454834,2.0365805625915527,0.32988670468330383,-0.39842593257259323,-0.05905512873916948,-0.16571346469378398
19.830166874999122,0.15018993616104126,0.051566243171691895,-0.12989002466201782,-0.3373118042945862,1.941916823387146,0.3050748407840729,-0.3782810182792641,-0.06380806227600506,-0.16419795538052748
19.84022287499829,0.17295917868614197,0.10400116443634033,-0.16426175832748413,-0.3810141086578369,1.7710976600646973,0.2568977475166321,-0.3594700504065415,-0.06814806655163733,-0.1628474491158944
19.850278875004733,0.18661952018737793,0.05875295400619507,-0.19129490852355957,-0.4870976507663727,1.5787646770477295,0.2050209939479828,-0.34259178189659684,-0.07300522546440119,-0.16216681761904927
19.860333875003562,0.17903056740760803,0.03454303741455078,-0.19162654876708984,-0.5789204239845276,1.3973637819290161,0.1728576272726059,-0.3276480232488731,-0.07872302599764308,-0.16214297133108893
19.87038987500273,0.1560039520263672,0.06885755062103271,-0.1956353783607483,-0.6098881959915161,1.282772421836853,0.18074750900268555,-0.31414569223442834,-0.08498601905208387,-0.16233947563759762
19.880445875001897,0.1312815397977829,0.06645196676254272,-0.1639295220375061,-0.5846796035766602,1.1909595727920532,0.20199866592884064,-0.3016890746705857,-0.09132382837442209,-0.16232830960300162
19.890501875001064,0.11217014491558075,0.03175175189971924,-0.12970376014709473,-0.5367245674133301,1.1677074432373047,0.23744827508926392,-0.2897605088789979,-0.09739205455810225,-0.16184903772140655
19.90055787500023,0.09451887011528015,0.01122140884399414,-0.07679510116577148,-0.493681401014328,1.1901795864105225,0.258796751499176,-0.27781088816093363,-0.10305506636083331,-0.1608947590328096
19.9106138749994,0.09109356999397278,0.01814931631088257,-0.013111591339111328,-0.4708828926086426,1.230047345161438,0.27574455738067627,-0.26546923490348906,-0.10843463933822868,-0.15958933814699605
19.920669874998566,0.11346852779388428,0.04384720325469971,-0.019774913787841797,-0.3970853388309479,1.2566419839859009,0.2874694764614105,-0.25279927283556064,-0.11343759075369374,-0.1579761778891533
19.93072487500467,0.1278575360774994,0.056770265102386475,-0.034787654876708984,-0.3529442250728607,1.2734864950180054,0.26734796166419983,-0.2398534565627738,-0.11773531471457775,-0.1561466301099345
19.94078087500384,0.12520065903663635,0.07446986436843872,-0.03494226932525635,-0.3626529574394226,1.2583019733428955,0.24178853631019592,-0.22691751062691537,-0.12184327155091494,-0.15449512784533923
19.950836875003006,0.12208813428878784,0.06599617004394531,-0.06145155429840088,-0.3673664629459381,1.2276442050933838,0.21848827600479126,-0.21421889694251037,-0.12592963220854253,-0.1530374917131357
19.960892875002173,0.11055432260036469,0.05960977077484131,-0.08530604839324951,-0.3490058481693268,1.182773232460022,0.2088102400302887,-0.20192963441132988,-0.12991907503472144,-0.1516950256568518
19.97094887500134,0.10331520438194275,0.05177879333496094,-0.11818718910217285,-0.3076954185962677,1.1400377750396729,0.21626602113246918,-0.19010068617801026,-0.1336489513695511,-0.15025462299564765
19.981004875000508,0.09189975261688232,0.027935326099395752,-0.13657021522521973,-0.2928008735179901,1.0945532321929932,0.23034770786762238,-0.17864810056223268,-0.1370062221538947,-0.14857513880863504
19.991059874999337,0.07908986508846283,0.013243615627288818,-0.13293218612670898,-0.2836012542247772,1.0454118251800537,0.2461320012807846,-0.16760628798896204,-0.14025814928861424,-0.14670632452507967
20.001115874998504,0.07894806563854218,-0.015125393867492676,-0.13400733470916748,-0.28560763597488403,0.9826237559318542,0.26115208864212036,-0.1571324445403306,-0.14343819743785585,-0.14463885460577902
20.011171875004948,0.07119134068489075,-0.02283424139022827,-0.12316274642944336,-0.33202412724494934,0.9399857521057129,0.27620214223861694,-0.14716632774953947,-0.14697317635325455,-0.14241948355423717
20.021227875004115,0.06427113711833954,0.0013457536697387695,-0.1365140676498413,-0.3256929814815521,0.8728483319282532,0.2818295657634735,-0.13770201636683527,-0.15069921867186287,-0.14009351258775882
20.031283875003282,0.071539506316185,0.02988189458847046,-0.156036376953125,-0.30223026871681213,0.7909998297691345,0.25868722796440125,-0.12897421407378262,-0.1542298923727235,-0.13778661556632107
20.04133987500245,0.06987686455249786,0.056718289852142334,-0.16401982307434082,-0.26892590522766113,0.6979526877403259,0.22702790796756744,-0.12116798188781622,-0.1573556782585819,-0.135703439583731
20.051395875001617,0.057870104908943176,0.06390160322189331,-0.1676696538925171,-0.192855104804039,0.6383714079856873,0.22114871442317963,-0.11414512034371276,-0.15995570653010227,-0.13373512864082138
20.061450875000446,0.03822706639766693,0.009123146533966064,-0.14644336700439453,-0.11663246899843216,0.5766879320144653,0.19794020056724548,-0.1077367166372614,-0.1616831565980232,-0.13176562717401777
20.071506874999614,0.022918716073036194,0.006931006908416748,-0.13250041007995605,-0.09263632446527481,0.5502853393554688,0.1989191770553589,-0.10175522206278358,-0.1629989613413764,-0.12989484504542867
20.08156287499878,0.027626127004623413,0.03573966026306152,-0.11784803867340088,-0.0677347406744957,0.5213574767112732,0.2122460901737213,-0.09605989599945582,-0.16393448218918405,-0.12788893942473
20.091618750004272,0.035960420966148376,0.060558438301086426,-0.08897411823272705,-0.05812179669737816,0.4591580033302307,0.2441968321800232,-0.09075442161415619,-0.16486158834079925,-0.1256177719229176
20.10167475000344,0.03724797070026398,0.009594380855560303,-0.1067359447479248,-0.015290800482034683,0.4297023415565491,0.2296745628118515,-0.08592550761183047,-0.16534490102134122,-0.123194716441051
20.111730750002607,0.036078080534935,0.0372999906539917,-0.09287464618682861,-0.08662223815917969,0.39698487520217896,0.22782526910305023,-0.08138091202660733,-0.16622392727182692,-0.12096834246479528
20.121786750001775,0.048898398876190186,0.08922725915908813,-0.1264362335205078,-0.040174178779125214,0.3371666967868805,0.23881669342517853,-0.07732176219025606,-0.16704058575120787,-0.11865032982893763
20.131841750000603,0.04676428437232971,0.04272836446762085,-0.1488170623779297,-0.0083480728790164,0.32969388365745544,0.22996807098388672,-0.07364381513087087,-0.16747687201835512,-0.11627915486038731
20.14189774999977,0.01963801681995392,0.008667349815368652,-0.10171651840209961,-0.054670389741659164,0.3682979643344879,0.22476078569889069,-0.06973240203057043,-0.16793613794820833,-0.11398430119534705
20.15195374999894,0.002352297306060791,0.054720163345336914,-0.043704867362976074,0.02184169925749302,0.3703560531139374,0.2168607860803604,-0.06550332463297782,-0.16844065902283548,-0.11168371524616195
20.162009749998106,0.00825454294681549,0.05294829607009888,-0.021570801734924316,-0.07974475622177124,0.34536391496658325,0.20009496808052063,-0.06156117493603294,-0.16856881767358628,-0.10967331047269714
20.17206575000455,0.035685017704963684,0.01955127716064453,0.029842499643564224,-0.12235347181558609,0.3078809678554535,0.19233077764511108,-0.05790482167473643,-0.16980144294976637,-0.10767229292317373
20.182121750003716,-0.008499562740325928,-0.06489330530166626,0.0362544059753418,-0.1816125363111496,0.3032257556915283,0.14578576385974884,-0.054612047580213145,-0.17140646980045943,-0.10607923208150596
20.192177750002884,-0.01576930284500122,-0.025789082050323486,0.07065987586975098,-0.17115190625190735,0.30834221839904785,0.1160007044672966,-0.051310049510041596,-0.17327677333784372,-0.10483846589391868
20.202232750001713,-0.01103229820728302,-0.008498787879943848,0.06104850769042969,-0.10913819819688797,0.272422194480896,0.1006164476275444,-0.048222570048475716,-0.17474407214631177,-0.10377444493914999
20.21228875000088,0.009782642126083374,0.008715629577636719,-0.0053406972438097,-0.026498448103666306,0.26118284463882446,0.12240137159824371,-0.04532709519247197,-0.1755144186534083,-0.10268718233762338
20.222344750000047,0.02502100169658661,0.03970259428024292,-0.0549931526184082,0.006871182005852461,0.22758720815181732,0.10945853590965271,-0.04273754378507626,-0.1756063627796641,-0.10153781375749234
20.232400749999215,0.03313460946083069,0.032720208168029785,-0.03901255503296852,0.01567452773451805,0.19752943515777588,0.10213430970907211,-0.04038321615850454,-0.17557703040131495,-0.10046977424420125
20.242456749998382,0.0315098762512207,-0.0021349191665649414,-0.05459761619567871,0.008746979758143425,0.14109958708286285,0.07938162237405777,-0.038564956679498615,-0.1754157281262097,-0.09956478384565967
20.252512750004826,0.023358166217803955,0.0005849003791809082,-0.05703163146972656,-0.028334341943264008,0.15489822626113892,0.09628657251596451,-0.03694702411095499,-0.17554985255443104,-0.0986656651127149
20.262568750003993,0.014519751071929932,-0.008289217948913574,-0.05402195453643799,-0.027853908017277718,0.16391994059085846,0.10078363865613937,-0.03512008541954401,-0.1758381014530868,-0.09764174894405388
20.272623750002822,0.002762541174888611,-0.011117339134216309,-0.025979042053222656,-0.018257739022374153,0.19968672096729279,0.13641220331192017,-0.03308106852951038,-0.1761587811414473,-0.09651488505012917
20.28267975000199,-0.0010907799005508423,-0.02191030979156494,-0.026110650971531868,-0.002450857777148485,0.21315978467464447,0.1424388587474823,-0.03073043596376609,-0.17629494774633767,-0.09506163784766752
20.292735750001157,-0.006862819194793701,-0.034653306007385254,-0.008902311325073242,0.0007265596650540829,0.2562372386455536,0.1628519892692566,-0.0280363496402736,-0.1763719557016558,-0.09350863439711624
20.302791750000324,-0.00225713849067688,-0.004244208335876465,0.009662389755249023,0.03442056477069855,0.280976802110672,0.2043614238500595,-0.02495686030030101,-0.17632448137670287,-0.09160259471015914
20.31284774999949,0.0011470317840576172,-0.010973453521728516,-0.009665729478001595,0.075873464345932,0.2751777768135071,0.19502891600131989,-0.021823104063114863,-0.17572448626111836,-0.08953333025607718
20.32290374999866,0.00559668242931366,-0.026099324226379395,-0.002232193946838379,0.07443814724683762,0.30296504497528076,0.19961437582969666,-0.018586955583004477,-0.17502057496540446,-0.0875355909820626
20.332959749997826,0.009708531200885773,-0.01696842908859253,0.016608236357569695,0.06932834535837173,0.2943180203437805,0.1992439329624176,-0.015227385310622552,-0.17432695004022164,-0.08546166314850266
20.34301475000393,0.010879084467887878,-0.027044713497161865,0.015856385231018066,0.0769694447517395,0.2611599266529083,0.20818018913269043,-0.011969409411572015,-0.17360843116267505,-0.08338431557707059
20.3530707500031,0.016221754252910614,-0.03809136152267456,-0.0010025445371866226,0.06155480444431305,0.26455599069595337,0.2052571028470993,-0.008882012257081065,-0.17286676647906643,-0.08132334054412474
20.363126750002266,0.008993029594421387,-0.03309011459350586,0.0033692121505737305,0.04648676887154579,0.24130675196647644,0.19630518555641174,-0.005986533474787513,-0.17239315103456412,-0.07927562768021015
20.373182750001433,0.008362330496311188,-0.03799724578857422,-0.0023334044963121414,0.04194341599941254,0.22323453426361084,0.19672462344169617,-0.0032302473957698747,-0.1719431954606157,-0.07727219217869849
20.3832387500006,0.008918054401874542,-0.017686843872070312,-0.006776928901672363,0.03317975252866745,0.20788727700710297,0.2080461084842682,-0.0006861992284985993,-0.17154155675474833,-0.07517924048581348
20.393294749999768,0.010694481432437897,0.0003859996795654297,-0.01129591278731823,0.024960171431303024,0.1946636140346527,0.19726669788360596,0.0016784774429150619,-0.17115571038285232,-0.07309256787739396
20.403350749998935,0.013961978256702423,-0.003329038619995117,-0.035230398178100586,0.11677291989326477,0.16360661387443542,0.21588574349880219,0.00380989413118811,-0.17049659480217466,-0.07102479048879114
20.41340575000504,0.017196446657180786,-0.023655474185943604,-0.04253387451171875,0.08133876323699951,0.1434723138809204,0.20292946696281433,0.0057249530503407,-0.16951411801157212,-0.06887018124320175
20.423461750004208,0.00522053986787796,-0.03531038761138916,-0.03536677360534668,0.131700336933136,0.17330385744571686,0.21844550967216492,0.00760878642789843,-0.16830173268836512,-0.06674054194951264
20.433517750003375,0.007703669369220734,-0.028622746467590332,-0.017825961112976074,0.12482963502407074,0.1419384777545929,0.23021136224269867,0.009551672837848777,-0.1670553566913147,-0.06442307767117861
20.443573750002543,0.016048505902290344,-0.024574697017669678,0.004981874488294125,0.14535443484783173,0.10938666015863419,0.24182352423667908,0.01126769658665983,-0.16568270876637609,-0.06205551146756028
20.45362975000171,0.01925227791070938,-0.021845757961273193,0.013641593977808952,0.18145598471164703,0.05765688791871071,0.24165761470794678,0.012528085709160905,-0.1639824767787864,-0.05957901104391095
20.463685750000877,0.012712471187114716,-0.030721604824066162,0.05284154415130615,0.20625463128089905,0.004055711440742016,0.2514576315879822,0.013224647933853357,-0.16206313604054667,-0.057106128882795565
20.473741750000045,0.006303727626800537,-0.04216974973678589,0.04000091552734375,0.22982920706272125,-0.0435006208717823,0.23855221271514893,0.013443787792413233,-0.15986004178446842,-0.05462117575783993
20.483796749998874,0.004998624324798584,-0.02657073736190796,0.04433262348175049,0.334481805562973,-0.11824983358383179,0.22321173548698425,0.013069196678185511,-0.15706594972099278,-0.052309891717627385
20.49385274999804,0.046543337404727936,0.017225027084350586,-0.034253478050231934,0.46052470803260803,-0.24674388766288757,0.23772303760051727,0.011580623957794856,-0.15293747437965516,-0.05001581572983599
20.503908750004484,0.09160125255584717,0.0551457405090332,-0.13700389862060547,0.5123386979103088,-0.3391169607639313,0.19810760021209717,0.008925094315360744,-0.14806954141542522,-0.047776441089847285
20.51396475000365,0.0840279683470726,0.0828503966331482,-0.16326111555099487,0.39288049936294556,-0.3424791991710663,0.16025316715240479,0.005728581516212066,-0.14330067153496032,-0.04602907712821377
20.52402075000282,0.056443892419338226,0.0838390588760376,-0.13122504949569702,0.2366449534893036,-0.33904197812080383,0.17892637848854065,0.0025758885534604183,-0.14016656968348556,-0.04427299248730509
20.534076750001987,0.02489013969898224,0.02241569757461548,-0.13129150867462158,0.10681584477424622,-0.38643187284469604,0.18888473510742188,-0.0007850047673573414,-0.13847889553305193,-0.04240059267248384
20.544132750001154,0.03433074802160263,-0.01440197229385376,-0.16881299018859863,0.06186266243457794,-0.5223907828330994,0.16460959613323212,-0.0050003680228105085,-0.13778760476840946,-0.04056509977493518
20.554187749999983,0.06970337778329849,-0.007429182529449463,-0.16313302516937256,0.10961127281188965,-0.7668279409408569,0.10659316927194595,-0.011287054495459812,-0.13700787927235739,-0.03922657524158345
20.56424374999915,0.08384684473276138,-0.004845380783081055,-0.16295284032821655,0.196271151304245,-1.0788785219192505,0.014064404182136059,-0.02048449569459721,-0.1355449806968144,-0.03857640727842148
20.574299749998318,0.06648822873830795,-0.026992738246917725,-0.2587546706199646,0.23447206616401672,-1.3086262941360474,-0.057540539652109146,-0.0325423302298909,-0.13336598712209072,-0.038755153485412336
20.58435575000476,0.052545420825481415,0.017062902450561523,-0.3370203375816345,0.21682481467723846,-1.5131162405014038,-0.07310628890991211,-0.04682705692800478,-0.13095387802343678,-0.039333625947445085
20.59441175000393,0.04349524527788162,0.022861719131469727,-0.3925864100456238,0.028019478544592857,-1.644536018371582,-0.047440074384212494,-0.06286829543090931,-0.12950295885597202,-0.0398956092820791
20.604467750003096,0.04217319190502167,-0.07281440496444702,-0.4409758448600769,-0.22266152501106262,-1.7030713558197021,-0.04084228351712227,-0.07967040128577466,-0.13051675882979766,-0.04034471253305437
20.614523750002263,0.048561908304691315,-0.10381096601486206,-0.4745476245880127,-0.37866923213005066,-1.7384445667266846,-0.013039677403867245,-0.09706635552769396,-0.1335931808649106,-0.04089691476050911
20.624578750001092,0.06574517488479614,-0.04622238874435425,-0.429989755153656,-0.41099563241004944,-1.756411075592041,-0.008402954787015915,-0.11479838815983416,-0.137553781348572,-0.04141118354452387
20.63463475000026,0.07310879975557327,0.012080729007720947,-0.3146839737892151,-0.35255205631256104,-1.7608590126037598,0.011844526045024395,-0.13251762929320113,-0.14138678726724443,-0.041867314053516284
20.644690749999427,0.12567493319511414,0.06325793266296387,-0.26978540420532227,-0.2762521803379059,-1.7888147830963135,0.041348330676555634,-0.15039752218825037,-0.14462668553365376,-0.04207675502332542
20.654746749998594,0.18253664672374725,0.10415273904800415,-0.250341534614563,-0.14687767624855042,-1.8176323175430298,0.05099562928080559,-0.16853293661282154,-0.14678493188422928,-0.04191072796871448
20.664802750005038,0.18366998434066772,0.10026371479034424,-0.14549553394317627,-0.06449132412672043,-1.8735294342041016,0.03945479542016983,-0.18701663994521983,-0.14788213832226052,-0.04163244927902152
20.674858750004205,0.17272751033306122,0.11050158739089966,-0.08695363998413086,-0.07677781581878662,-1.9747865200042725,0.012278568930923939,-0.20634021695697366,-0.1485129533824107,-0.04146958898521508
20.684914750003372,0.18356801569461823,0.08712595701217651,-0.0570296049118042,-0.14615076780319214,-2.1152565479278564,-0.009104857221245766,-0.22693451967488878,-0.1495703064289519,-0.041725816443467297
20.6949697500022,0.1870477795600891,0.05759620666503906,-0.11710143089294434,-0.16434815526008606,-2.2013485431671143,0.00776200694963336,-0.24866718851738584,-0.15114101907354008,-0.042113849004892276
20.70502575000137,0.1872372031211853,0.0528983473777771,-0.2287158966064453,-0.23031313717365265,-2.211216449737549,0.03794094920158386,-0.2708996904995342,-0.15303522771106337,-0.04235338942327387
20.715081750000536,0.1881382018327713,0.03431439399719238,-0.21230566501617432,-0.14903053641319275,-2.261833667755127,0.043181516230106354,-0.2934292098981471,-0.15505431486467344,-0.04253639221050329
20.725137749999703,0.1928832232952118,-0.003967702388763428,-0.21341097354888916,-0.06500407308340073,-2.334381103515625,0.05699629336595535,-0.31652683398469805,-0.15619483249587446,-0.04233862634032853
20.73519374999887,0.18420635163784027,-0.00028705596923828125,-0.19067275524139404,0.04411309212446213,-2.327960968017578,0.062294118106365204,-0.3399168940542239,-0.15647025404958514,-0.04179556064357506
20.745249749998038,0.18160201609134674,-0.009560108184814453,-0.13109982013702393,0.10698113590478897,-2.2866129875183105,0.06709470599889755,-0.36297924344563054,-0.15599607347594321,-0.040903759299592106
20.75530575000448,0.2040514349937439,-0.020066440105438232,-0.02845120057463646,0.21107451617717743,-2.2992258071899414,0.055674005299806595,-0.38578563584515974,-0.1546384119172474,-0.039662341171044654
20.76536075000331,0.22796505689620972,0.014478445053100586,0.06412100791931152,0.25753599405288696,-2.372015953063965,0.04495730996131897,-0.40904503168682044,-0.15266233426548353,-0.03827269542060473
20.775416750002478,0.25247958302497864,0.09476089477539062,0.057852622121572495,0.268709272146225,-2.4618780612945557,0.01698506623506546,-0.43314711141316425,-0.1504356366903667,-0.036891843997324
20.785472750001645,0.2544947862625122,0.09274375438690186,0.011444801464676857,0.2706637680530548,-2.5373685359954834,-0.01826501451432705,-0.4581155508053231,-0.14793129752959946,-0.03569295699748323
20.795528750000813,0.23460057377815247,0.08923876285552979,-0.06305789947509766,0.22254788875579834,-2.5520596504211426,-0.023187067359685898,-0.48361105338087,-0.14555456067099007,-0.034716207152335116
20.80558474999998,0.23882868885993958,0.0829344391822815,-0.10452377796173096,0.20341277122497559,-2.4951703548431396,-0.010911678895354271,-0.5089019523775946,-0.14360949875421897,-0.033822352014562705
20.815640749999147,0.23243461549282074,0.0457531213760376,-0.02614462375640869,0.23778939247131348,-2.4446492195129395,-0.0025293794460594654,-0.5335309652160346,-0.14171712169894032,-0.03275503681538843
20.825696749998315,0.23397241532802582,0.09020686149597168,-0.0061780232936143875,0.33267146348953247,-2.3845081329345703,0.034301258623600006,-0.5576117212817193,-0.13923216233289742,-0.031073390522958787
20.83575175000442,0.258999764919281,0.13280338048934937,0.015657424926757812,0.4522961378097534,-2.349067449569702,0.08834372460842133,-0.5809833005507511,-0.13619415465980583,-0.02828048411286051
20.845807750003587,0.2709271311759949,0.15675240755081177,0.0671006441116333,0.5648617744445801,-2.372070074081421,0.10140559077262878,-0.6041259032567141,-0.13256233126575004,-0.024536258063261467
20.855863750002754,0.2697519063949585,0.20756757259368896,0.06398582458496094,0.7174585461616516,-2.429394483566284,0.06857626885175705,-0.6276779933201294,-0.12779170703477039,-0.02004758963785834
20.865919750001922,0.2513510584831238,0.23718035221099854,0.042377352714538574,0.7808595895767212,-2.543585777282715,0.004902757704257965,-0.65202039461242,-0.12195362067489753,-0.015163305804399951
20.87597575000109,0.2445189505815506,0.21204251050949097,-0.09371733665466309,0.731921374797821,-2.6163558959960938,-0.07019519060850143,-0.677486381298421,-0.11572758067401862,-0.010647977812156066
20.886031750000257,0.22472840547561646,0.14523649215698242,-0.1341038942337036,0.5714143514633179,-2.6666433811187744,-0.11044188588857651,-0.7036886447940588,-0.11004045720910512,-0.007111756921901617
20.896087749999424,0.1835753619670868,0.08199799060821533,-0.11693418025970459,0.5114125609397888,-2.7182183265686035,-0.1527709662914276,-0.7304119566974016,-0.10508638055592913,-0.004359143420374406
20.906142749998253,0.13914401829242706,0.032243311405181885,-0.11419862508773804,0.4305635392665863,-2.757258892059326,-0.2039538323879242,-0.7577643570158384,-0.1003775783490541,-0.0025077491031120125
20.916198750004696,0.12765581905841827,-0.04548519849777222,-0.07760262489318848,0.42247048020362854,-2.7793405055999756,-0.2454323023557663,-0.7854196923110445,-0.09567097844029515,-0.0010562232740923938
20.926254750003864,0.11317508667707443,-0.05368804931640625,0.04054915904998779,0.4840950667858124,-2.798612356185913,-0.25631991028785706,-0.8133519913781364,-0.09072172097307248,0.0004426783955189303
20.93631075000303,0.11768487840890884,-0.029822468757629395,0.09560316801071167,0.5030397772789001,-2.8133151531219482,-0.243620365858078,-0.8413069520754296,-0.0855373330872569,0.002416202434821404
20.9463667500022,0.1385611593723297,-0.07487469911575317,0.150615394115448,0.45665547251701355,-2.8170013427734375,-0.21450583636760712,-0.869454749407174,-0.0806078654171611,0.004556782507363476
20.956422750001366,0.14240655303001404,-0.07194054126739502,0.2174258828163147,0.4078940451145172,-2.7762093544006348,-0.1926324963569641,-0.8974486181271122,-0.07636846299030234,0.006506148422370202
20.966478750000533,0.13486215472221375,-0.05871087312698364,0.227056622505188,0.3508056104183197,-2.6791253089904785,-0.18534815311431885,-0.9247086653063552,-0.07247787916973544,0.008382557110791552
20.976533749999362,0.13388657569885254,-0.040167808532714844,0.3102734684944153,0.24030865728855133,-2.592667818069458,-0.16705836355686188,-0.9511239048476632,-0.06930500489861449,0.009769476340982252
20.98658974999853,0.1198454424738884,-0.0497288703918457,0.357146680355072,0.1867205649614334,-2.4710302352905273,-0.1528984159231186,-0.9765550407924235,-0.06675755085044915,0.01066493633608785
20.996645750004973,0.10567856580018997,-0.03322196006774902,0.3855414390563965,0.2025461345911026,-2.323194742202759,-0.1547972410917282,-1.000613856398812,-0.06444517331929059,0.011406620852330348
21.00670175000414,0.10419086366891861,0.006354629993438721,0.37528496980667114,0.24945051968097687,-2.2093019485473633,-0.1181655079126358,-1.023303425835752,-0.062082603979582214,0.01259748960749239
21.016757750003308,0.12069706618785858,0.00020259618759155273,0.3226451277732849,0.2254759520292282,-2.0940611362457275,-0.07656214386224747,-1.0448336118681598,-0.05997664133205895,0.014247258060013037
21.026813750002475,0.1013096421957016,-0.03501492738723755,0.3340226411819458,0.1630539447069168,-2.022397756576538,-0.08340481668710709,-1.0654617254635357,-0.05831974571400864,0.015589330610248121
21.036869750001642,0.061261363327503204,-0.05724620819091797,0.30232757329940796,0.10169605165719986,-1.9349312782287598,-0.10553408414125443,-1.0853095868429496,-0.05685391837575344,0.016284732430883405
21.04692475000047,0.018140241503715515,-0.06761163473129272,0.2958003878593445,0.05529442057013512,-1.912109136581421,-0.12407407909631729,-1.1044994726196014,-0.05548782166080192,0.016241432803902806
21.05698074999964,-0.004707403481006622,-0.05056208372116089,0.2799312472343445,0.04358023777604103,-1.932923674583435,-0.13509637117385864,-1.1236522800448692,-0.05406239104424925,0.016086990323652024
21.067036749998806,0.013117000460624695,0.0022034049034118652,0.2107662558555603,0.029046347364783287,-1.9642502069473267,-0.09658091515302658,-1.1431996660423933,-0.05286901813252915,0.01589807189092254
21.077092749997973,-0.009640030562877655,0.011474668979644775,0.1339397430419922,0.05423159897327423,-1.9973945617675781,-0.09769544750452042,-1.1630850652085725,-0.05181889808340937,0.0160849870052979
21.087148625003465,-0.03491748124361038,-0.03063833713531494,0.04127335548400879,-0.1696980893611908,-2.063861846923828,-0.12464822828769684,-1.183494457758606,-0.05094708546742854,0.015247767315737255
21.097204625002632,-0.03560832142829895,-0.037514448165893555,-0.04818683862686157,-0.5029109120368958,-2.1330454349517822,-0.14666378498077393,-1.2047254066563853,-0.05083990810707306,0.011911911580624964
21.1072606250018,-0.02653699368238449,-0.05069607496261597,-0.10149210691452026,-0.8459079265594482,-2.2516376972198486,-0.207777738571167,-1.2271821234622138,-0.051602612602352715,0.004914415655974554
21.11731562500063,-0.027449704706668854,-0.03828608989715576,-0.1425034999847412,-0.9435836672782898,-2.299666404724121,-0.28758522868156433,-1.2506543613408976,-0.05222625925873065,-0.00461335903914696
21.127371624999796,-0.015542648732662201,0.09052401781082153,-0.16779375076293945,-0.8176174759864807,-2.2766852378845215,-0.35782182216644287,-1.2741647554765887,-0.05181172867951489,-0.014052559458661936
21.137427624998963,0.029747985303401947,0.121989905834198,-0.11130976676940918,-0.5533725023269653,-2.236424446105957,-0.41962048411369324,-1.2971325445389845,-0.04995104681554491,-0.021510801124135934
21.14748362499813,0.10012228786945343,0.12511932849884033,-0.025746583938598633,-0.4246624708175659,-2.1989235877990723,-0.4502026438713074,-1.319827012022259,-0.04700975891388117,-0.027301615841825524
21.157539625004574,0.1080852523446083,0.14479893445968628,0.04123973473906517,-0.2824867069721222,-2.1001296043395996,-0.4458576738834381,-1.3417158110721368,-0.04346347213504755,-0.03171747144761731
21.16759562500374,0.08995203673839569,0.13027799129486084,0.08861470222473145,-0.2752467691898346,-1.9437633752822876,-0.4370077848434448,-1.3621957910937947,-0.039735259760959096,-0.035357459956313446
21.17765062500257,0.08722545206546783,0.06098055839538574,0.15399348735809326,-0.34809648990631104,-1.8517005443572998,-0.4438249468803406,-1.3813369312960708,-0.0359159853038964,-0.039331923512351784
21.187706625001738,0.09726254642009735,0.026106655597686768,0.179604172706604,-0.27071520686149597,-1.7780613899230957,-0.4509909451007843,-1.3996723201969132,-0.03212866870268882,-0.04335435289916714
21.197762625000905,0.0779738575220108,0.07116734981536865,0.10901844501495361,-0.22401320934295654,-1.6960586309432983,-0.4385068416595459,-1.4172394080913338,-0.028101908181141253,-0.04642578822817603
21.207818625000073,0.07077643275260925,0.06588077545166016,0.10175836831331253,-0.2943737804889679,-1.6599385738372803,-0.43145620822906494,-1.43416857263737,-0.02412760464977812,-0.04953536157520894
21.21787462499924,0.08938740193843842,-0.016669154167175293,0.03957582265138626,-0.31241297721862793,-1.6286488771438599,-0.421211302280426,-1.4507191232374208,-0.02029961433167828,-0.053325398522145497
21.227930624998407,0.07360072433948517,-0.03206801414489746,-0.004172556102275848,-0.2595519721508026,-1.6036220788955688,-0.4557231068611145,-1.4669192077374087,-0.016126988690231058,-0.05661357413911768
21.23798662500485,0.07814198732376099,-0.006965756416320801,-0.033401958644390106,-0.1665426790714264,-1.5771856307983398,-0.43761149048805237,-1.4829385180308832,-0.011827795236675041,-0.05916904021472511
21.24804162500368,0.06959226727485657,-0.02596759796142578,-0.03746449947357178,-0.009745655581355095,-1.5665925741195679,-0.4277085065841675,-1.4986888637184965,-0.007593586944930678,-0.06043558086777353
21.258097625002847,0.06170341372489929,-0.041458189487457275,0.011481285095214844,0.11026943475008011,-1.594009518623352,-0.39646005630493164,-1.514563660483909,-0.003386811299052503,-0.06018428428695347
21.268153625002014,0.05193711817264557,-0.010103940963745117,0.030933141708374023,0.2635103762149811,-1.635320782661438,-0.34590521454811096,-1.5308481961809608,0.00044576991405381863,-0.05846814795526288
21.278209625001182,0.04781615734100342,-0.02741384506225586,-0.07761025428771973,0.3700762391090393,-1.6655066013336182,-0.29914650321006775,-1.5474240910212753,0.0037623489972140995,-0.05528116846853586
21.28826562500035,0.04076841473579407,-0.06773513555526733,-0.08971547335386276,0.33685171604156494,-1.7425817251205444,-0.2533888518810272,-1.5644841712527595,0.006660131307421178,-0.05174298428957539
21.298321624999517,0.052760034799575806,-0.05210471153259277,-0.07983577251434326,0.12739914655685425,-1.8794772624969482,-0.17195872962474823,-1.5826531995230104,0.008849826766289133,-0.049422267857602814
21.308377624998684,0.059617266058921814,-0.06703341007232666,-0.09898984432220459,-0.11282898485660553,-1.9785902500152588,-0.1599586308002472,-1.6020172511908939,0.010484378077411165,-0.04930492036022239
21.31843262500479,0.007025957107543945,-0.061167359352111816,-0.03396415710449219,-0.28051918745040894,-1.97798490524292,-0.14117775857448578,-1.6219550625590122,0.012035308157990527,-0.05134018794105036
21.328488625003956,-0.02259056270122528,-0.05205357074737549,-0.046258822083473206,-0.2990591526031494,-1.8425506353378296,-0.19806160032749176,-1.6410641642473904,0.013867227039576371,-0.05409839391272793
21.338544625003124,-0.015900731086730957,-0.031131863594055176,0.06851637363433838,-0.2518223822116852,-1.6737277507781982,-0.23816080391407013,-1.6586765342079957,0.016242755339490614,-0.05672162160206805
21.34860062500229,0.01107586920261383,0.0016824603080749512,0.22852039337158203,-0.15825727581977844,-1.5306161642074585,-0.261334091424942,-1.674672782564603,0.018955051065885083,-0.05837714086746154
21.35865662500146,0.044183775782585144,0.05894064903259277,0.27853286266326904,-0.01996784470975399,-1.3722832202911377,-0.2893209755420685,-1.689281329896487,0.021757216693143327,-0.05898659916875648
21.368712625000626,0.03702220320701599,0.07755041122436523,0.2388763278722763,0.16212689876556396,-1.2116276025772095,-0.3901675045490265,-1.7022683120308355,0.025075686794630424,-0.05781091702594085
21.378768624999793,0.027590230107307434,0.06550556421279907,0.29746687412261963,0.3996707499027252,-1.0646586418151855,-0.45973166823387146,-1.7137110788237724,0.029019729256461818,-0.054499898809179624
21.388823624998622,0.06003110110759735,0.08921456336975098,0.3132162094116211,0.395223468542099,-0.9625962376594543,-0.4786991477012634,-1.7238947933207367,0.03318595409562804,-0.04960431352239533
21.398879625005065,0.11011910438537598,0.07299548387527466,0.406424880027771,0.2638438642024994,-0.9347488880157471,-0.40366992354393005,-1.7335939503816575,0.037050601126449735,-0.04567962977483482
21.408935625004233,0.11489677429199219,0.03295844793319702,0.32380759716033936,0.16985327005386353,-0.8444019556045532,-0.38295692205429077,-1.7426314985490308,0.04050409324797918,-0.04293913217807883
21.4189916250034,0.1017940491437912,-0.07491153478622437,0.22668862342834473,0.09191825240850449,-0.7560164332389832,-0.36620455980300903,-1.7507772880381842,0.043998494645384606,-0.04091505351728679
21.429047625002568,0.11306852102279663,-0.055409014225006104,0.1762373447418213,0.014598477631807327,-0.708836019039154,-0.3347601592540741,-1.7581286200761839,0.047343608371797984,-0.039747780107363496
21.439103625001735,0.12874163687229156,-0.060278356075286865,0.15278303623199463,-0.06876352429389954,-0.7017839550971985,-0.3282085359096527,-1.7652306491973364,0.05061607541428135,-0.03935042521758782
21.449159625000902,0.10485024750232697,-0.11895155906677246,0.11232470721006393,-0.0866193026304245,-0.688444197177887,-0.3654292821884155,-1.7722110315650572,0.054147119718177955,-0.03949045472090087
21.45921462499973,0.05863180756568909,-0.14223802089691162,0.07811807841062546,-0.03838200494647026,-0.6798839569091797,-0.39703860878944397,-1.7791029561472114,0.058072980641975795,-0.03941664891556944
21.4692706249989,0.03413510322570801,-0.14229214191436768,0.0324016809463501,0.000515681691467762,-0.6969490051269531,-0.3682757318019867,-1.7860342578622956,0.06190017336055256,-0.038742592636726005
21.479326624998066,0.04172542691230774,-0.09193730354309082,0.028797507286071777,0.06302487105131149,-0.7640995383262634,-0.28565463423728943,-1.7934049086837232,0.06502384876209588,-0.03778930848155005
21.48938262500451,0.046862006187438965,-0.12102329730987549,0.012581706047058105,0.08287788927555084,-0.8619876503944397,-0.20689703524112701,-1.801657296646081,0.0672719885299139,-0.03655526580433578
21.499438625003677,0.016591787338256836,-0.11438530683517456,-0.006428956985473633,0.0895666852593422,-0.9280180335044861,-0.15118983387947083,-1.8107528239495485,0.0687584265385322,-0.03527057577710421
21.509494625002844,0.030963152647018433,-0.16284501552581787,-0.05901540815830231,-0.01456078328192234,-1.0028246641159058,-0.1114257425069809,-1.8205227178909187,0.06993815207324788,-0.03446936721700752
21.51955062500201,0.03570285439491272,-0.18545472621917725,-0.11855818331241608,-0.21913816034793854,-1.0399373769760132,-0.06498447060585022,-1.8307394414614064,0.0710269055677397,-0.035397063829550796
21.52960562500084,0.013525471091270447,-0.19550281763076782,-0.021694540977478027,-0.3539814352989197,-1.0731674432754517,-0.028423240408301353,-1.841203455859691,0.07225129221285957,-0.03816128855242151
21.539661625000008,0.05543886125087738,-0.2530826926231384,0.043393149971961975,-0.3654841482639313,-0.9947748184204102,0.06282411515712738,-1.8514030730733402,0.07308105700849662,-0.041720556200345676
21.549717624999175,0.09252920746803284,-0.21482020616531372,0.10505163669586182,-0.33195653557777405,-0.8812142014503479,0.17676234245300293,-1.8605612840703465,0.07290566790715691,-0.045464348144038845
21.559773624998343,0.11972329020500183,-0.17461860179901123,0.16241444647312164,-0.25734248757362366,-0.7837092280387878,0.22043950855731964,-1.8686864549212123,0.07182692051914943,-0.04892288401696579
21.569829625004786,0.10953196883201599,-0.16191154718399048,0.19509778916835785,-0.12669099867343903,-0.6772913932800293,0.23810575902462006,-1.875868479403542,0.07022438381298249,-0.0515124703305564
21.579885625003953,0.09482628107070923,-0.11132210493087769,0.18863023817539215,0.01985768787562847,-0.5940106511116028,0.26825380325317383,-1.8820887156745405,0.06793829435942784,-0.05274973097075341
21.58994162500312,0.09268125891685486,-0.0010192394256591797,0.18810200691223145,0.02490570954978466,-0.5554128885269165,0.3072768449783325,-1.887799856869022,0.06509907818009733,-0.05328563179492507
21.59999662500195,0.08204711973667145,0.02107769250869751,0.20590628683567047,-0.14473871886730194,-0.5317898988723755,0.3569096326828003,-1.893231747905743,0.06209385792574961,-0.05482905367963116
21.610052625001117,0.0611540824174881,-0.05275231599807739,0.1707071214914322,-0.3107742965221405,-0.42732152342796326,0.3703271150588989,-1.8978608928009422,0.059375527202179354,-0.058231595827683
21.620108625000285,0.04369761049747467,-0.05460304021835327,0.18489192426204681,-0.34772324562072754,-0.31507620215415955,0.3960132896900177,-1.9013387849223127,0.056868231803036136,-0.06271999256768407
21.630164624999452,0.03354044258594513,0.02800929546356201,0.10543954372406006,-0.2603563368320465,-0.2008616179227829,0.44845008850097656,-1.9037192006050234,0.05382267065077759,-0.06704785583841949
21.64022062499862,-0.03386622667312622,0.013646423816680908,0.058541879057884216,-0.1897365152835846,-0.13060502707958221,0.46336591243743896,-1.9052117062965765,0.050202864298044464,-0.07073333958419666
21.650276625005063,-0.09470459818840027,-0.03546041250228882,0.06683158874511719,-0.1545904129743576,-0.10185115039348602,0.42571502923965454,-1.906204304866967,0.04653792351905581,-0.0738599198117479
21.66033262500423,-0.10578593611717224,-0.019378602504730225,0.027222752571105957,-0.06263146549463272,-0.09459057450294495,0.3527103364467621,-1.9070850505633512,0.0431756466940361,-0.07616870252238207
21.67038762500306,-0.11687265336513519,-0.009645521640777588,0.004063963890075684,0.03699566423892975,-0.09012618660926819,0.30839255452156067,-1.9079228353989046,0.04008186012639621,-0.07735838853021575
21.680443625002226,-0.10536201298236847,0.06585091352462769,0.06949567794799805,0.15639954805374146,-0.13840582966804504,0.33692964911460876,-1.9090571662982272,0.036753007239922,-0.07750496160702747
21.690499625001394,-0.05928397178649902,0.12578070163726807,0.012107118964195251,0.2707344591617584,-0.1450165957212448,0.3444842994213104,-1.9105716399372572,0.03274063694784202,-0.07664219273136985
21.70055562500056,-0.08144167065620422,0.03344011306762695,-0.04588581621646881,0.27124127745628357,-0.09836626052856445,0.2868995666503906,-1.911855340082754,0.028832939341138453,-0.07503889271445476
21.71061162499973,-0.09064801037311554,0.053056418895721436,0.006428122520446777,0.1737448126077652,-0.06494679301977158,0.3155159652233124,-1.9127180094908631,0.025252815466716434,-0.07388283593242116
21.720667624998896,-0.045606642961502075,0.11607396602630615,-0.016888275742530823,0.04503902792930603,0.020282885059714317,0.37037816643714905,-1.9129799574443063,0.02164918468892523,-0.07405399467808589
21.730723624998063,-0.07789213955402374,0.09394890069961548,-0.005997776985168457,-0.11373601853847504,0.13741762936115265,0.3481212854385376,-1.9121020087949727,0.018240869666384295,-0.07545155351432352
21.740778625004168,-0.07963709533214569,0.06323307752609253,0.1999223381280899,-0.19309554994106293,0.13705357909202576,0.17760734260082245,-1.9105597389647488,0.01625993924452738,-0.07809979308188988
21.750834625003336,-0.009297557175159454,0.027193784713745117,0.32527923583984375,-0.033654049038887024,0.034015607088804245,0.01166167389601469,-1.9096817626240414,0.01584652970614273,-0.07962266527526275
21.760890625002503,0.03591061383485794,0.2142181396484375,0.08676041662693024,0.23537901043891907,0.08945463597774506,-0.10524097830057144,-1.9091384243221885,0.015931892423323418,-0.07856686807761094
21.77094662500167,-0.001787915825843811,0.20695078372955322,-0.0071272701025009155,0.2847912311553955,0.12253295630216599,-0.17666269838809967,-1.9080347845738073,0.01642856377673941,-0.07542069684625351
21.781002625000838,0.01585680991411209,0.13159364461898804,0.06736896932125092,0.2126975804567337,0.10008303821086884,-0.16323450207710266,-1.9069502344417006,0.017186874245905127,-0.07242925756612285
21.791058625000005,0.018073320388793945,0.11240631341934204,0.024571776390075684,0.05447052791714668,0.09746688604354858,-0.13299843668937683,-1.9060072443836469,0.018107835907507714,-0.07066646790439322
21.801114624999173,0.003159627318382263,0.03550434112548828,0.010962948203086853,-0.08598431944847107,0.10486940294504166,-0.10538890957832336,-1.9049920826275188,0.019314036458991272,-0.07048167696777691
21.811169624998,0.010875225067138672,0.031165480613708496,0.015965715050697327,-0.16497154533863068,0.09330010414123535,-0.06254222244024277,-1.903943997041042,0.02051552756808723,-0.07147801040107243
21.821225625004445,0.009404465556144714,0.012303292751312256,0.02303554117679596,-0.17283134162425995,0.09780963510274887,-0.06350762397050858,-1.9029731535699976,0.021638129142260175,-0.07288035112934405
21.831281625003612,-0.03312040865421295,-0.00489121675491333,0.014159664511680603,-0.17546093463897705,0.1300716996192932,-0.08418397605419159,-1.901779031764453,0.022898663799143244,-0.07435084394654462
21.84133762500278,-0.04674389958381653,-0.04280734062194824,0.05452565848827362,-0.14501647651195526,0.16507335007190704,-0.09470372647047043,-1.900258074623862,0.024283963839097405,-0.07559455277532835
21.851393625001947,-0.045402199029922485,-0.0611003041267395,0.10001538693904877,-0.06426011770963669,0.2154901921749115,-0.09463400393724442,-1.8983354054150883,0.025547903773662457,-0.07633536008713968
21.861449625001114,-0.042236313223838806,-0.05388689041137695,0.08711838722229004,0.030670389533042908,0.28299039602279663,-0.07876342535018921,-1.8958498535542738,0.026446991858364088,-0.07623952969557313
21.871504624999943,-0.02993038296699524,-0.0668647289276123,0.09095558524131775,0.08292072266340256,0.35266828536987305,-0.02041570283472538,-1.8926669170195953,0.026717705999362715,-0.07547966418832362
21.88156062499911,-0.016569361090660095,-0.05694085359573364,0.12856651842594147,0.06372599303722382,0.38877996802330017,0.054183702915906906,-1.8889498579839938,0.026311685625725216,-0.07482051529033737
21.891616624998278,0.013885393738746643,-0.08178335428237915,0.09273995459079742,0.04929538443684578,0.43220117688179016,0.10013126581907272,-1.8848376498283368,0.025366030473558353,-0.07453813624100146
21.90167262500472,0.014629647135734558,-0.08827805519104004,0.05657792091369629,0.02973819337785244,0.4837173819541931,0.1119820699095726,-1.8802219288462303,0.024207150453700522,-0.07450561053806906
21.91172862500389,0.02818472683429718,-0.054428815841674805,0.06623576581478119,-0.061189405620098114,0.5089830756187439,0.143991619348526,-1.875188378096574,0.02304661578664387,-0.07500138672151771
21.921784625003056,0.052880123257637024,-0.04605346918106079,0.11435127258300781,-0.12742222845554352,0.5188729763031006,0.1600949615240097,-1.869989210533753,0.021880807625573696,-0.07650014886593924
21.931840625002224,0.057851240038871765,-0.07360619306564331,0.1734478622674942,-0.0753074437379837,0.5473957061767578,0.16471639275550842,-1.8646344535972845,0.020638602765950073,-0.07800484436344289
21.941895625001052,0.06514851748943329,-0.02522742748260498,0.14602980017662048,0.04730395972728729,0.6383122801780701,0.1783381849527359,-1.8586332591521562,0.01900872411060045,-0.07864348656087994
21.95195162500022,0.06038963794708252,-0.0028457045555114746,0.18256783485412598,0.11011190712451935,0.7426087260246277,0.2121395319700241,-1.8517217051701298,0.016894246024589454,-0.07842327047178087
21.962007624999387,0.055404677987098694,-0.009069979190826416,0.1883985847234726,0.2042863368988037,0.8607732057571411,0.2187630832195282,-1.8437000900643508,0.014330016064355564,-0.07753075979344003
21.972063624998555,0.03419022262096405,0.02242368459701538,0.12991952896118164,0.2471393197774887,0.959824800491333,0.17319968342781067,-1.8345625049203662,0.01179860993830452,-0.07584587538762393
21.982119625004998,0.008164182305335999,0.03838706016540527,0.1261911541223526,0.2608175575733185,1.0157911777496338,0.12675495445728302,-1.82460983274828,0.009708690691889744,-0.07374518121356517
21.992175625004165,-0.005675971508026123,0.057805418968200684,0.12397754192352295,0.22389359772205353,1.060820460319519,0.13096202909946442,-1.8141866220607525,0.007872255093428957,-0.07167462848872587
22.002231625003333,-0.01393204927444458,0.0682978630065918,0.14724959433078766,0.14139392971992493,1.0719000101089478,0.13066481053829193,-1.8034447276379286,0.0061531484124492265,-0.07021202211130377
22.01228662500216,-0.013140663504600525,-0.014214277267456055,0.13991975784301758,0.08855339884757996,1.0788753032684326,0.12944361567497253,-1.7926024551797883,0.004610851841480254,-0.06942043947663079
22.02234262500133,-0.02880236506462097,0.006211996078491211,0.13381123542785645,0.1075047180056572,1.0723135471343994,0.15648722648620605,-1.7818209731111325,0.0030046937790193856,-0.06885964494212277
22.032398625000496,-0.021120816469192505,0.03162682056427002,0.05596150457859039,0.13949379324913025,1.0862674713134766,0.15191371738910675,-1.7710020835254983,0.0012137623468949283,-0.06795575049075225
22.042454624999664,-0.028752759099006653,-0.024636149406433105,0.057167306542396545,0.13182149827480316,1.1023974418640137,0.1191595047712326,-1.7599990449357872,-0.00037667165240432417,-0.06689380634471394
22.05251062499883,-0.027071267366409302,0.028047680854797363,0.06839120388031006,0.15186600387096405,1.1387790441513062,0.10999463498592377,-1.7487538524541315,-0.0017400001605146142,-0.06575390720023287
22.062566624998,-0.008042439818382263,0.035604119300842285,0.06454813480377197,0.22065812349319458,1.1924198865890503,0.09039456397294998,-1.7370701142328875,-0.0030639489341414625,-0.06416030884708289
22.072622625004442,-0.010260239243507385,0.034057796001434326,0.11733771860599518,0.27535319328308105,1.2925922870635986,0.08348806202411652,-1.7246223141398753,-0.004264890500416177,-0.06180370436518858
22.08267762500327,0.01068258285522461,0.0666000247001648,0.11612021178007126,0.2940027713775635,1.4318913221359253,0.08626919984817505,-1.7109102707254518,-0.005585730048467939,-0.05909222199840224
22.09273375000339,0.025875717401504517,0.09016144275665283,0.15133072435855865,0.339376300573349,1.5412509441375732,0.03759380429983139,-1.6959346997171614,-0.006648217734795852,-0.05612054974669131
22.102789750002557,0.03679978847503662,0.1282464861869812,0.1564997434616089,0.42641186714172363,1.6339640617370605,-0.043863505125045776,-1.6799232270055608,-0.007082353270359668,-0.052350963410568836
22.112845750001725,0.05709312856197357,0.17510604858398438,0.10050807893276215,0.506980299949646,1.690326452255249,-0.14570726454257965,-1.663141269062467,-0.0066505548037971395,-0.04750373071638008
22.122901750000892,0.06560122966766357,0.18313699960708618,0.09564053267240524,0.5046727061271667,1.7072486877441406,-0.2305007129907608,-1.6460362297650126,-0.00518477871086739,-0.042257405302464614
22.13295775000006,0.07742872834205627,0.15975695848464966,0.08664261549711227,0.42219603061676025,1.7401998043060303,-0.28265175223350525,-1.6287301282570812,-0.0028801790697951385,-0.03748332757265201
22.143013749999227,0.07643215358257294,0.07848870754241943,0.12469638139009476,0.3235893249511719,1.7974742650985718,-0.2954929769039154,-1.610992447872343,-0.00010257169997120867,-0.03349792118195009
22.153068749998056,0.07094720005989075,0.011441290378570557,0.16545093059539795,0.21474429965019226,1.8796427249908447,-0.2860530912876129,-1.5925139382393678,0.0027679239041896045,-0.030731429496621335
22.1631247500045,0.0661754459142685,-0.06646877527236938,0.21676170825958252,0.06968032568693161,1.9637647867202759,-0.2336929589509964,-1.573182209351969,0.005361331028342103,-0.02930635387172074
22.173180750003667,0.06635957956314087,-0.12149316072463989,0.28566884994506836,-0.04897681251168251,2.0057449340820312,-0.17329934239387512,-1.553199240219311,0.007396354041927772,-0.02926208301823217
22.183236750002834,0.06462475657463074,-0.13268697261810303,0.17557621002197266,-0.04435516521334648,2.0438647270202637,-0.17941395938396454,-1.5327928456113011,0.00914882359859977,-0.029709296959542136
22.193292750002,0.026020824909210205,-0.11790657043457031,0.1501990556716919,-0.050717055797576904,2.018994092941284,-0.16128195822238922,-1.5123045392798424,0.010863534613673812,-0.03025254282281934
22.20334875000117,0.04814422130584717,-0.09906661510467529,0.16616690158843994,-0.1449010819196701,1.9720768928527832,-0.12676766514778137,-1.4921886449711186,0.012253077794843777,-0.031306046760280676
22.213404750000336,0.08280017971992493,-0.11913126707077026,0.16504526138305664,-0.2735188901424408,1.9268343448638916,-0.09540541470050812,-1.4725596560266452,0.013158636731507686,-0.03350690990322891
22.223459749999165,0.07983440160751343,-0.09630477428436279,0.13019216060638428,-0.37965333461761475,1.9222720861434937,-0.0533682182431221,-1.4532167153364515,0.013550741263785113,-0.03695089635620452
22.233515749998332,0.06936436891555786,-0.06049633026123047,0.057286977767944336,-0.45558059215545654,1.9451035261154175,-0.024254249408841133,-1.4337359185966965,0.013370434825299269,-0.04120329585538807
22.243571750004776,0.052152350544929504,-0.08556509017944336,0.10024464875459671,-0.48830124735832214,1.9560599327087402,-0.00713145500048995,-1.4140512511466792,0.01284013574879293,-0.04599130205699313
22.253627750003943,0.06281495094299316,-0.04783165454864502,0.08355522155761719,-0.3849874436855316,1.9782843589782715,0.02802852913737297,-1.394259807002568,0.011972156717685747,-0.05042696182072904
22.26368375000311,0.07130460441112518,0.011554121971130371,0.050910353660583496,-0.31393057107925415,2.0250301361083984,0.04102795198559761,-1.3740965884065683,0.011011812648670845,-0.05382331288545375
22.273739750002278,0.08112160861492157,0.030810296535491943,0.03817485645413399,-0.22720074653625488,2.045532703399658,0.03110746294260025,-1.3535663326836211,0.010042197589270023,-0.05647802750221097
22.283795750001445,0.09488067030906677,0.020549297332763672,-0.03264498710632324,-0.16819041967391968,1.9937329292297363,-0.0015820397529751062,-1.3332100219121579,0.00938657067833969,-0.05846201389320937
22.293850750000274,0.08953982591629028,0.040715694427490234,-0.07581531256437302,-0.13143689930438995,1.9013482332229614,-0.04871005564928055,-1.3136124747763966,0.009273075333368538,-0.059996317356221046
22.30390674999944,0.0824243426322937,0.04606682062149048,-0.10626745223999023,-0.14844118058681488,1.8723763227462769,-0.06352496147155762,-1.2946590302339407,0.009421456598827652,-0.06155469569377611
22.31396274999861,0.06315529346466064,0.002377927303314209,-0.06340205669403076,-0.23661302030086517,1.873447060585022,-0.042464837431907654,-1.2758534312408665,0.00935360449978547,-0.06359740555192024
22.324018750005052,0.039325326681137085,-0.034120142459869385,0.029404394328594208,-0.3722153306007385,1.871595859527588,-0.04455754905939102,-1.2569337466028754,0.009013004136242224,-0.06664380607908549
22.33407475000422,0.04381747543811798,-0.04158735275268555,0.016415119171142578,-0.38060423731803894,1.8991539478302002,-0.012256096117198467,-1.2379085351965011,0.007961281919479528,-0.07045430462218984
22.344130750003387,0.04172815382480621,-0.028039872646331787,-0.044704556465148926,-0.2955593764781952,1.8725273609161377,-0.03783149644732475,-1.2188821849657394,0.0070407028373692965,-0.07383642010360573
22.354186750002555,0.04340386390686035,0.015541136264801025,-0.0968402624130249,-0.18805885314941406,1.8309727907180786,-0.058813903480768204,-1.200205010513647,0.006639521486517893,-0.07630187130471272
22.364241750001383,0.061527371406555176,0.01605004072189331,-0.08132576942443848,-0.1982419788837433,1.747710108757019,-0.037881989032030106,-1.1822183003634985,0.006369696149396494,-0.07830486512467368
22.37429775000055,0.0808447003364563,-0.014879763126373291,-0.04326021671295166,-0.22756919264793396,1.7159254550933838,-0.026314737275242805,-1.1648176127660725,0.0058565902953103014,-0.08042219973617153
22.38435374999972,0.06715266406536102,-0.03177529573440552,-0.0022212304174900055,-0.25891566276550293,1.7505569458007812,-0.010359738022089005,-1.1474187149269455,0.005008487397686719,-0.08277918572556116
22.394409749998886,0.05618610978126526,-0.054877638816833496,0.08319199085235596,-0.2872384488582611,1.8212018013000488,0.025661645457148552,-1.1294702391159153,0.003844562779058291,-0.08526684211458957
22.404465749998053,0.05582527816295624,-0.07725441455841064,0.18335139751434326,-0.254812091588974,1.9205994606018066,0.05640411004424095,-1.110689448614244,0.0021897188789318746,-0.0876369077281999
22.414521750004496,0.05662630498409271,-0.0797119140625,0.11787223815917969,-0.08451048284769058,2.0396313667297363,0.09080943465232849,-1.090759915360923,0.0007549921319714363,-0.08889208834401496
22.424576750003325,0.10205294191837311,-0.03981649875640869,0.03441428765654564,0.09865906834602356,2.076996088027954,0.14614459872245789,-1.0700140144276498,-0.0002761776288132708,-0.08827399396042873
22.434632750002493,0.15879784524440765,-0.016490936279296875,-0.025223258882761,0.15708044171333313,2.066744804382324,0.18576154112815857,-1.0491866495381792,-0.0010466858900764304,-0.08624008897105412
22.44468875000166,0.16604480147361755,-0.04952085018157959,-0.05056559666991234,0.05042269825935364,2.046682119369507,0.19993248581886292,-1.0284687488523319,-0.002139736816657205,-0.08427486880444042
22.454744750000827,0.1493367850780487,-0.11343628168106079,0.009040474891662598,-0.130010724067688,2.008096694946289,0.17487630248069763,-1.008066123667639,-0.003925312787720093,-0.08361043743554442
22.464800749999995,0.1413298398256302,-0.06994253396987915,0.02925741672515869,-0.26840081810951233,1.9809638261795044,0.21652014553546906,-0.9879882397605629,-0.006664331426229069,-0.08433205622383205
22.474856749999162,0.1465872973203659,0.03400319814682007,-0.027716992422938347,-0.2314382791519165,1.9254696369171143,0.252484530210495,-0.968337491353082,-0.01010816846300616,-0.0851584288459813
22.48491274999833,0.1488441526889801,0.04333794116973877,-0.11407744884490967,-0.10653362423181534,1.835221290588379,0.2890326976776123,-0.949434924970449,-0.013421655173159358,-0.0850684380879673
22.494967750004434,0.15580743551254272,-0.028357625007629395,-0.21184635162353516,0.0060387225821614265,1.7093979120254517,0.2922097444534302,-0.9316087970861151,-0.016034089992065032,-0.08368648610316974
22.505023750003602,0.147038534283638,-0.012498438358306885,-0.25010454654693604,0.01920352689921856,1.5740702152252197,0.2913934886455536,-0.9150780408001098,-0.018250457448926394,-0.08178962552241023
22.51507975000277,0.12915559113025665,0.023196637630462646,-0.28131163120269775,-0.09085959196090698,1.4640828371047974,0.30917879939079285,-0.8997825844675835,-0.020782610947905577,-0.08016974563877712
22.525135750001937,0.09690780937671661,-0.026117384433746338,-0.23234713077545166,-0.26878857612609863,1.388792634010315,0.2978222966194153,-0.8854622740436262,-0.024303383728434394,-0.07966898523750135
22.535191750001104,0.05981744825839996,-0.06226038932800293,-0.11389875411987305,-0.3709345757961273,1.3330018520355225,0.28565293550491333,-0.8718123498530276,-0.028651212207136536,-0.08034675387495636
22.54524775000027,0.042229413986206055,-0.013841211795806885,-0.057436347007751465,-0.30868425965309143,1.3127857446670532,0.27451905608177185,-0.8585744642069003,-0.033086156959852134,-0.08119082514525865
22.55530374999944,0.018888816237449646,0.0421757698059082,-0.04136645793914795,-0.14785292744636536,1.3508788347244263,0.23778735101222992,-0.8452137733883703,-0.03657948708258871,-0.08120327869866219
22.565358749998268,-0.0030680447816848755,0.07032597064971924,-0.02247333526611328,-0.07119862735271454,1.41846764087677,0.22174207866191864,-0.8312368601718336,-0.03899331011901747,-0.08056447011731717
22.57541475000471,0.026586011052131653,0.04657262563705444,-0.05050814151763916,0.020239541307091713,1.4446356296539307,0.20428384840488434,-0.8167611623090111,-0.04065741091014687,-0.07921984629888881
22.58547075000388,0.07720161974430084,0.07587647438049316,-0.053116798400878906,0.07009125500917435,1.4307456016540527,0.23571661114692688,-0.8022121083120936,-0.041911123867870534,-0.07733177995866664
22.595526750003046,0.10832001268863678,0.103080153465271,-0.06584048271179199,0.0036500447895377874,1.4376552104949951,0.2648541331291199,-0.7876968985111314,-0.04338370063871915,-0.07525580777336019
22.605582750002213,0.10675415396690369,0.05340743064880371,-0.0044629573822021484,-0.12223118543624878,1.4492729902267456,0.28206667304039,-0.7731364179046035,-0.04578821813557493,-0.07372323927044784
22.61563875000138,0.09693728387355804,0.00953298807144165,0.10144126415252686,-0.22111089527606964,1.464924931526184,0.2787400186061859,-0.7584809030052133,-0.049016313135866,-0.07289183925829283
22.625694750000548,0.08335815370082855,0.06560534238815308,0.18120408058166504,-0.27998727560043335,1.4982011318206787,0.2737298011779785,-0.7435662961366406,-0.05280685640588859,-0.07262596506080084
22.635749749999377,0.08749973773956299,0.10321325063705444,0.12237942218780518,-0.24481865763664246,1.5178020000457764,0.24621456861495972,-0.728398319602674,-0.056571733197173214,-0.07247204202525147
22.645805749998544,0.0826166421175003,0.07216507196426392,0.06297910213470459,-0.18900519609451294,1.5156381130218506,0.199849471449852,-0.7130699557199238,-0.05964794179209214,-0.07224191323477006
22.655861750004988,0.07238602638244629,0.06940841674804688,0.024716734886169434,-0.16681069135665894,1.5041433572769165,0.15745893120765686,-0.6978588881992835,-0.06217736867466657,-0.07204624940516258
22.665917750004155,0.07302588224411011,0.09722787141799927,-0.01637566089630127,-0.1347222626209259,1.509095549583435,0.11430080980062485,-0.6827378520150428,-0.06430828103173489,-0.07200411884054847
22.675973750003322,0.06045407056808472,0.08692187070846558,-0.050016045570373535,-0.14588662981987,1.4948780536651611,0.06653011590242386,-0.6676987971529845,-0.0659955364670788,-0.0721839138567923
22.68602975000249,0.0552247017621994,0.0820925235748291,-0.03604400157928467,-0.17132221162319183,1.4888803958892822,0.008834329433739185,-0.6527382821943944,-0.06743645994291075,-0.07282593172933041
22.696085750001657,0.05592957139015198,0.08918607234954834,0.016874372959136963,-0.19303952157497406,1.4658772945404053,-0.04860949516296387,-0.6379461808223347,-0.06878243840910202,-0.07410867375639361
22.706140750000486,0.055012091994285583,0.07953298091888428,0.047940731048583984,-0.20896708965301514,1.4321552515029907,-0.10826297849416733,-0.6234593698090812,-0.06998327960529413,-0.07599382766934956
22.716196749999654,0.04981859028339386,0.07954156398773193,0.006055653095245361,-0.13962313532829285,1.39670991897583,-0.16259202361106873,-0.6093993265231678,-0.07071845550539857,-0.07819062905982854
22.72625274999882,0.035059988498687744,0.09537440538406372,-0.07576262950897217,-0.027159178629517555,1.3795621395111084,-0.2055051326751709,-0.5955606310565866,-0.07036863684321619,-0.08024098897611326
22.73630874999799,0.018514737486839294,0.08649176359176636,-0.11815619468688965,0.0764913558959961,1.3656363487243652,-0.23544298112392426,-0.5819032547832481,-0.06891950625921797,-0.08190312003501243
22.74636475000443,0.009830296039581299,0.05814450979232788,-0.1208983063697815,0.049004342406988144,1.3552297353744507,-0.2297387570142746,-0.5683320041581378,-0.06705843081983312,-0.08353130010370625
22.7564207500036,0.01208941638469696,0.01259315013885498,-0.06733888387680054,-0.09423860907554626,1.3328394889831543,-0.216412752866745,-0.5549337700591349,-0.06601406330528117,-0.08550655994121129
22.766476750002766,0.016886219382286072,-0.04992043972015381,-0.03170204162597656,-0.31566181778907776,1.3145848512649536,-0.1710846871137619,-0.5418314579543781,-0.06682561573468697,-0.08828923649036054
22.776531750001595,0.04445067048072815,-0.0815078616142273,-0.025208353996276855,-0.4600076377391815,1.2942765951156616,-0.11952971667051315,-0.5289528463778868,-0.06948211768625687,-0.09160002790955031
22.786587750000763,0.05833876132965088,-0.034261882305145264,-0.05539822578430176,-0.4546898305416107,1.2677091360092163,-0.06360919028520584,-0.5162899982095271,-0.0731569722682513,-0.09475601048344044
22.79664374999993,0.0497550368309021,-0.021285295486450195,-0.06755167245864868,-0.3820045292377472,1.2253915071487427,-0.05523887276649475,-0.5038486555643944,-0.07649330693922242,-0.09733818865016697
22.806699749999098,0.041724249720573425,-0.017536163330078125,-0.04831230640411377,-0.34202009439468384,1.1941454410552979,-0.04153185337781906,-0.49185561963260915,-0.07946510787707484,-0.09951609524561658
22.816755749998265,0.050344645977020264,-0.014176547527313232,-0.06254243850708008,-0.2917333245277405,1.1727021932601929,-0.022326253354549408,-0.48012588715544074,-0.08216380616269747,-0.10129129987114996
22.82681175000471,0.04199187457561493,-0.05409204959869385,-0.05678820610046387,-0.28753724694252014,1.1903858184814453,-0.015563421882689,-0.46838566959303957,-0.08465841229581884,-0.10277535459762499
22.836866750003537,0.023411348462104797,-0.06586873531341553,-0.01150202751159668,-0.3347097635269165,1.214802861213684,0.006051511969417334,-0.4564132223242472,-0.08742361638647717,-0.1042322315485723
22.846922750002705,0.021816864609718323,-0.0635938048362732,-0.007730245590209961,-0.3714168965816498,1.2151511907577515,0.03391749784350395,-0.4442360147719249,-0.0907417673522342,-0.105640667943849
22.856978750001872,0.027276664972305298,-0.07089120149612427,-0.03598594665527344,-0.391472190618515,1.1873902082443237,0.051189858466386795,-0.43225200692744375,-0.09442747440703188,-0.1068651381423845
22.86703475000104,0.027462705969810486,-0.0706222653388977,-0.06986570358276367,-0.35778212547302246,1.156734824180603,0.0510212779045105,-0.42056986398084195,-0.09815463647960951,-0.10799032658756343
22.877090750000207,0.026328787207603455,-0.0456424355506897,-0.0837392807006836,-0.2753050923347473,1.080846905708313,0.06146390363574028,-0.4092846541958361,-0.10126794196519344,-0.1087357260892359
22.887146749999374,0.03642740845680237,0.0017912983894348145,-0.0933305025100708,-0.1924445927143097,0.9823347330093384,0.059082239866256714,-0.3989739376481648,-0.1036669704845123,-0.10912113318957639
22.89720274999854,0.03697255253791809,0.008843719959259033,-0.10472595691680908,-0.12298179417848587,0.9004465341567993,0.05776391923427582,-0.38952541677790453,-0.10535322797820183,-0.10918743315083596
22.907257750004646,0.024300649762153625,-0.003285825252532959,-0.09267807006835938,-0.10843880474567413,0.8550963997840881,0.05174330994486809,-0.3807022491481347,-0.10660051809478105,-0.10908107454272363
22.917313750003814,0.005192279815673828,0.0013006329536437988,-0.07220315933227539,-0.14387576282024384,0.8477986454963684,0.05691508948802948,-0.37215238134777445,-0.1079881116247484,-0.1090609066308699
22.92736975000298,-0.0022938698530197144,-0.021301627159118652,-0.04067838191986084,-0.19241774082183838,0.8575868010520935,0.0712311863899231,-0.36358755445024726,-0.10978771332457422,-0.10906507112936552
22.93742575000215,-0.009328827261924744,-0.03787010908126831,-0.010514617897570133,-0.25083208084106445,0.894924521446228,0.07326288521289825,-0.3547931723101815,-0.11213393946902837,-0.10914483935498069
22.947481750001316,-0.004872992634773254,-0.02367478609085083,0.0024549951776862144,-0.22604471445083618,0.9522628784179688,0.08173226565122604,-0.3455241830692012,-0.11478427159764605,-0.10928356284537379
22.957537750000483,0.013240337371826172,-0.005628407001495361,-0.014540433883666992,-0.1531003713607788,1.0133897066116333,0.0777662843465805,-0.33567349912444194,-0.11690487399351386,-0.10917630858438879
22.96759374999965,0.03023490309715271,0.04779624938964844,-0.028192641213536263,-0.07471848279237747,1.0239118337631226,0.11255515366792679,-0.3253945760641322,-0.11829548050931417,-0.10860432518215703
22.97764874999848,0.04646743834018707,0.06195956468582153,-0.026430008932948112,-0.010547976940870285,1.0194438695907593,0.11073512583971024,-0.3149825348787848,-0.11902271136727023,-0.1076430808623893
22.987704750004923,0.04678221046924591,0.03179192543029785,-0.0004374980926513672,-0.03116377256810665,0.9996239542961121,0.12199977040290833,-0.3046925613994559,-0.11957112015950778,-0.106599397221306
22.99776075000409,0.051291048526763916,0.007995247840881348,0.01619863510131836,-0.05058469623327255,0.9721413850784302,0.13855387270450592,-0.29464654771894044,-0.12033595213552441,-0.10543914545212639
23.007816750003258,0.04227477312088013,0.004761695861816406,0.02895951271057129,-0.10717101395130157,0.9436466693878174,0.14145910739898682,-0.2848774695864165,-0.12147213375453886,-0.10431088481593997
23.017872750002425,0.034308090806007385,-0.005759775638580322,0.041751742362976074,-0.13831743597984314,0.9287205934524536,0.14160822331905365,-0.27535710776702627,-0.12302468647198535,-0.1032983462907032
23.027928750001593,0.024664774537086487,-0.03396427631378174,0.021201014518737793,-0.17769759893417358,0.9054527878761292,0.1406676024198532,-0.2660692627820507,-0.12499419769545639,-0.10236151091473729
23.03798475000076,0.023059219121932983,-0.042253732681274414,-0.023444533348083496,-0.21980106830596924,0.9160195589065552,0.1274455040693283,-0.25676173434132016,-0.1272554022379263,-0.10157488452232784
23.04803974999959,0.021494895219802856,-0.019520878791809082,-0.07262301445007324,-0.16136491298675537,0.9274988174438477,0.12405556440353394,-0.24742761580733327,-0.12947995753533942,-0.10086031713799658
23.058095749998756,0.03371255099773407,0.022577106952667236,-0.1195821762084961,-0.08959995955228806,0.8836425542831421,0.11211616545915604,-0.2381993871570181,-0.1310086864886827,-0.10000251267413766
23.068151749997924,0.04779455065727234,0.06134670972824097,-0.12543714046478271,-0.051395852118730545,0.8224985003471375,0.1196606308221817,-0.22948143789499925,-0.13188998310101385,-0.09900439483073185
23.078207750004367,0.05567102134227753,0.05245018005371094,-0.08024406433105469,-0.052524764090776443,0.7218493819236755,0.11187668889760971,-0.22156687834010744,-0.1326483043258487,-0.09799048056025668
23.088263750003534,0.06037427484989166,-0.004589736461639404,-0.04574906826019287,-0.09883847087621689,0.5861805081367493,0.09881974011659622,-0.21486892986407646,-0.13360581018719703,-0.09709580129548823
23.098319374999846,0.05765599012374878,-0.029242277145385742,-0.06537449359893799,-0.17150700092315674,0.4836019277572632,0.07095850259065628,-0.2094531666034298,-0.13510239672814447,-0.09655647302807853
23.108375374999014,0.04675231873989105,-0.008077144622802734,-0.09715008735656738,-0.20037220418453217,0.4443913996219635,0.0659853145480156,-0.20479702339133432,-0.1371502584692952,-0.0962653987813583
23.118430374997843,0.029455602169036865,-0.02368903160095215,-0.09319901466369629,-0.21314804255962372,0.4223749339580536,0.037539318203926086,-0.20045033954565933,-0.13929810047339616,-0.09615769446589546
23.128486375004286,0.018815994262695312,-0.02971726655960083,-0.07481634616851807,-0.19814246892929077,0.40800371766090393,0.03014717996120453,-0.19626999991087862,-0.14137097431990572,-0.09624742556012085
23.138542375003453,0.02396322786808014,0.0040531158447265625,-0.08263564109802246,-0.151609405875206,0.4038505256175995,0.025535117834806442,-0.1921741248162549,-0.14317023498026682,-0.09631086571511496
23.14859837500262,0.030097320675849915,0.05758732557296753,-0.08693277835845947,-0.0893058180809021,0.40054795145988464,0.04135216400027275,-0.18813209739309558,-0.14445455688279182,-0.0962270378817428
23.158654375001788,0.03498491644859314,0.05666923522949219,-0.0667579174041748,-0.004018793813884258,0.3668901026248932,0.04031822085380554,-0.18419194174134412,-0.14493614104104297,-0.09589618525839387
23.168710375000956,0.03141707181930542,0.04349243640899658,-0.03587138652801514,-0.02000148966908455,0.3307526111602783,0.04836735874414444,-0.18064421900461292,-0.14512179027619532,-0.09549801368899329
23.178765374999784,0.029049500823020935,0.02936607599258423,-0.023829936981201172,-0.03437909483909607,0.29604628682136536,0.039997998625040054,-0.17742666477934851,-0.14546668010434993,-0.09508191142511696
23.188821374998952,0.02120138704776764,-0.019056379795074463,-0.015169263817369938,-0.09335373342037201,0.257182240486145,0.033033035695552826,-0.17462342054070135,-0.14618666252330037,-0.09484625265267524
23.19887737499812,0.019132345914840698,-0.035192251205444336,-0.034635305404663086,-0.11726647615432739,0.2277669608592987,0.04888898879289627,-0.1721571926902988,-0.147331204887464,-0.09462052788511185
23.208933375004563,0.015178382396697998,-0.015308678150177002,-0.04801154136657715,-0.11278517544269562,0.21569351851940155,0.051086097955703735,-0.16986770325522077,-0.14856661204760532,-0.09433756196410938
23.21898937500373,0.0005477666854858398,0.0019347667694091797,-0.04437423124909401,-0.07967790961265564,0.19744767248630524,0.06455487757921219,-0.16771599255256034,-0.14962978149540432,-0.0939174335436053
23.229045375002897,-0.002398177981376648,-0.0007002353668212891,-0.05018448829650879,-0.049576468765735626,0.1701476126909256,0.06104935705661774,-0.16578752671671446,-0.15035105215957018,-0.09338925758053945
23.239101375002065,-0.0009595304727554321,-0.0024780631065368652,-0.044658541679382324,-0.04878857359290123,0.13699325919151306,0.05495042726397514,-0.16416878439526708,-0.15088815102405984,-0.09287119671469513
23.249156375000894,-0.004202112555503845,-0.006618201732635498,-0.03763580322265625,-0.06773509830236435,0.11326102912425995,0.039619941264390945,-0.16287566532081355,-0.15154627161979456,-0.09249177617432394
23.25921237500006,-0.01291973888874054,-0.0237886905670166,-0.016895057633519173,-0.06867550313472748,0.08746205270290375,0.03766397759318352,-0.1618331549768499,-0.15232429252261798,-0.09223302823196777
23.26926837499923,-0.014899209141731262,-0.01620548963546753,-0.022368311882019043,-0.08047011494636536,0.078654445707798,0.029573563486337662,-0.16097764610105486,-0.15308841965832545,-0.09199951111856462
23.279324374998396,-0.017041772603988647,-0.0033565759658813477,-0.018348095938563347,-0.09927158802747726,0.08210404217243195,0.02363588474690914,-0.1601747921842631,-0.1540120775633934,-0.0918911914731562
23.28938037500484,-0.012178316712379456,-0.01124715805053711,-0.019893884658813477,-0.07270628958940506,0.08720719069242477,0.03301740437746048,-0.15930529998382162,-0.15496004612552894,-0.09175477903207267
23.299436375004007,-0.0078096091747283936,-0.014430105686187744,-0.03429698944091797,-0.018026133999228477,0.0961986854672432,0.03601977229118347,-0.15831222126068548,-0.1552718145480533,-0.0914420459221884
23.309492375003174,-0.006401747465133667,0.006914854049682617,-0.02412104420363903,0.04520823061466217,0.14980438351631165,0.02559482678771019,-0.1570149448737692,-0.15486975615164544,-0.09107029246263408
23.319547375002003,-0.012334629893302917,0.012420356273651123,-0.005415439605712891,0.06386354565620422,0.18470124900341034,0.049720533192157745,-0.15514024873902563,-0.1539362011540952,-0.09057121373968743
23.32960337500117,-0.002306520938873291,-0.003227710723876953,0.02896142192184925,0.06515570729970932,0.19151441752910614,0.05107315257191658,-0.15312640504292446,-0.1530875944348924,-0.09002447875705386
23.339659375000338,0.00517156720161438,-0.02279871702194214,0.05320930480957031,0.07689180970191956,0.1781536191701889,0.051563285291194916,-0.15115095524106717,-0.15241869042966397,-0.08946133570826253
23.349715374999505,0.01643596589565277,-0.006953597068786621,0.04834699630737305,0.09305133670568466,0.13333633542060852,0.051790449768304825,-0.14947667678094068,-0.15153568448878812,-0.08889222892852575
23.359771374998672,0.02751791477203369,0.03517794609069824,-0.0018068570643663406,0.07543697208166122,0.11263838410377502,0.05693218857049942,-0.1481394834369157,-0.15072607919103412,-0.08828101362031214
23.36982737499784,0.02341669797897339,0.0010082125663757324,-0.026575326919555664,0.0364174023270607,0.08679906278848648,0.06589745730161667,-0.14706813897097096,-0.15022094600672412,-0.08761145572418852
23.379883375004283,0.015428721904754639,-0.05861937999725342,-0.016429660841822624,-0.042070172727108,0.06164856255054474,0.06437826156616211,-0.14620154466324056,-0.15022006031230764,-0.08702558059821276
23.389938375003112,0.016982220113277435,-0.041358113288879395,-0.031740665435791016,-0.08171079307794571,0.03764123469591141,0.07347588241100311,-0.14559039482054564,-0.1508889631415232,-0.08645362533364846
23.39999437500228,0.02008610963821411,-0.027590453624725342,-0.06772291660308838,-0.07133959978818893,0.025861673057079315,0.07501297444105148,-0.14514693209597979,-0.15170236793398112,-0.08588319175312419
23.410050375001447,0.022882699966430664,-0.015109717845916748,-0.05167496204376221,-0.08641735464334488,0.0009275625925511122,0.0809725970029831,-0.1448812872333783,-0.1527186841815508,-0.08526449119185188
23.420106375000614,0.02182711660861969,-0.005555093288421631,-0.03470659255981445,-0.0847712978720665,-0.010442670434713364,0.09433247894048691,-0.1448470184180539,-0.1538699987244711,-0.08453682347171541
23.43016237499978,0.015540823340415955,-0.01440960168838501,-0.028736233711242676,-0.0869886502623558,-0.021640729159116745,0.11163503676652908,-0.1448724243117468,-0.15501981599717507,-0.0836094077914606
23.44021837499895,0.007368549704551697,-0.028158962726593018,-0.03092336654663086,-0.09053593128919601,-0.026326162740588188,0.1274935007095337,-0.14494984941784772,-0.15604796668620066,-0.08243645688032056
23.450274374998116,-0.0022509917616844177,-0.02831059694290161,-0.014081599190831184,-0.0971435010433197,-0.018528427928686142,0.12522342801094055,-0.14497435452129379,-0.15705087407167045,-0.08126139044390229
23.46032937500422,-0.009972050786018372,-0.0032538175582885742,-0.0019397754222154617,-0.08273006975650787,-0.008421330712735653,0.1386311799287796,-0.1449207494259989,-0.15812724765378822,-0.08007084885671274
23.47038537500339,-0.007716439664363861,0.022816836833953857,-0.0038222074508666992,-0.07634807378053665,-0.02575930766761303,0.16724790632724762,-0.1448166074428415,-0.1590206313380969,-0.07866163822253003
23.480441375002556,-0.0038999617099761963,0.024960696697235107,-0.015129925683140755,-0.031434085220098495,-0.03824140876531601,0.16809700429439545,-0.14486053114779762,-0.15961769184971045,-0.07696627012450033
23.490497375001723,-0.005334720015525818,-0.002424776554107666,-0.029806016013026237,-0.053095702081918716,-0.05510374903678894,0.14194263517856598,-0.14507053232516592,-0.1600417102594471,-0.07535704177007674
23.50055337500089,-0.010291695594787598,-0.0029131174087524414,0.0037471074610948563,-0.07749172300100327,-0.06908387690782547,0.12083987891674042,-0.14547834710283133,-0.16068528825207726,-0.0740854839595825
23.510609375000058,-0.00232001394033432,0.015187859535217285,0.0030651092529296875,-0.10830316692590714,-0.0987408384680748,0.09696650505065918,-0.14613600260141518,-0.16163403710542595,-0.07308976809331136
23.520664374998887,0.00801367312669754,0.027527689933776855,-0.022745966911315918,-0.09217289090156555,-0.12871511280536652,0.08997813612222672,-0.1471197545095918,-0.16253771450920812,-0.07228173269466147
23.530720374998054,0.010260045528411865,0.04288327693939209,-0.038959622383117676,-0.08378712832927704,-0.15815183520317078,0.06603232026100159,-0.148455839013769,-0.16345467452628237,-0.07169031126651586
23.540776375004498,0.006506882607936859,0.04527539014816284,-0.053740743547677994,-0.07472136616706848,-0.17254036664962769,0.05223693326115608,-0.15001675046757112,-0.1642940104502029,-0.07129653484493796
23.550832375003665,0.007373049855232239,0.04414767026901245,-0.07041299343109131,-0.03884459659457207,-0.2318851798772812,0.03641002997756004,-0.1519561573355246,-0.16488254590816556,-0.07096745053527789
23.560888375002833,0.016370736062526703,0.05512535572052002,-0.10332739353179932,0.034038666635751724,-0.3127760589122772,-0.014949457719922066,-0.15467557399140888,-0.16489580103760754,-0.07088528417640916
23.570944375002,0.012974202632904053,0.062014639377593994,-0.12986421585083008,0.1453992873430252,-0.43120840191841125,-0.07517018914222717,-0.15843985745639022,-0.1638245297949584,-0.07120422175739474
23.581000375001167,0.017557457089424133,0.07009488344192505,-0.1515953540802002,0.23599767684936523,-0.6141279935836792,-0.15062911808490753,-0.16376949287927012,-0.16168238307439636,-0.07202464346510369
23.591055374999996,0.03438173234462738,0.0770653486251831,-0.2349332571029663,0.16352586448192596,-0.826714038848877,-0.18981300294399261,-0.17123884903228687,-0.15933836542711563,-0.07339934243739463
23.601111374999164,0.05860617756843567,0.04414576292037964,-0.320986270904541,0.055607207119464874,-0.9996437430381775,-0.17217154800891876,-0.18069240985819657,-0.15796275252364214,-0.07505325834721728
23.61116737499833,0.06462658196687698,-0.056881844997406006,-0.3720778226852417,-0.008846083655953407,-1.1226236820220947,-0.13346968591213226,-0.19166735918810546,-0.15750960359783822,-0.07656839718622215
23.621223375004774,0.06798061728477478,-0.09889799356460571,-0.4048081636428833,0.04531688988208771,-1.1798720359802246,-0.07453145831823349,-0.20340931788831887,-0.15724509657454716,-0.07757294761420377
23.631279375003942,0.08019919693470001,-0.041120946407318115,-0.3732491731643677,0.19796527922153473,-1.2743146419525146,-0.049108121544122696,-0.21578389763603023,-0.15593950960689534,-0.07793568991639606
23.64133537500311,0.10281306505203247,0.028789162635803223,-0.2905404567718506,0.3256221115589142,-1.3956081867218018,-0.015328078530728817,-0.2291565208284667,-0.15323879642030272,-0.07764061253482826
23.651391375002277,0.1294994056224823,0.022020816802978516,-0.20717906951904297,0.3521069586277008,-1.511878490447998,0.0005456928047351539,-0.24362276070585942,-0.14979898983425893,-0.0768303905966512
23.661446375001105,0.13877269625663757,-0.0028485655784606934,-0.13460469245910645,0.1943158656358719,-1.6037335395812988,-0.014497998170554638,-0.2592262111396871,-0.14701559818078577,-0.07618563480425775
23.671502375000273,0.14424307644367218,0.036251842975616455,-0.07139837741851807,0.03379862755537033,-1.6462242603302002,-0.017112422734498978,-0.27554523802351977,-0.14590149754943452,-0.07604528129229628
23.68155837499944,0.13623106479644775,0.048967838287353516,-0.04034757614135742,-0.10512304306030273,-1.681640863418579,-0.028099028393626213,-0.2923420403206936,-0.1462230563472875,-0.07638486521468436
23.691614374998608,0.14722223579883575,0.030337035655975342,-0.07285857200622559,-0.22737066447734833,-1.6785907745361328,-0.023975122720003128,-0.3093708997517161,-0.14777068193326437,-0.07714748446460934
23.70167037500505,0.14756162464618683,0.0162506103515625,-0.08035528659820557,-0.2760593593120575,-1.6375160217285156,-0.012700364924967289,-0.32620071730872663,-0.15016729117156488,-0.07815593872391204
23.71172637500422,0.13127250969409943,0.0481494665145874,-0.08972394466400146,-0.20274227857589722,-1.5300241708755493,0.014447100460529327,-0.34225084670935796,-0.15252019089831204,-0.0789350649874179
23.721782375003386,0.1087375059723854,0.06447982788085938,-0.02743256464600563,-0.036700308322906494,-1.4455106258392334,0.03463039919734001,-0.3571956526266668,-0.15383180712118322,-0.07910290192476817
23.731837375002215,0.0858771800994873,-0.02488023042678833,0.1554039716720581,0.09335809201002121,-1.5141911506652832,-0.04184946045279503,-0.3719412286675485,-0.1534636697043861,-0.07893067267408611
23.741893375001382,0.08423042297363281,-0.016378343105316162,0.13328516483306885,0.13750207424163818,-1.5593355894088745,-0.06289560347795486,-0.387504876680502,-0.15218936697770066,-0.07907655739661623
23.75194937500055,0.0901898518204689,0.05882495641708374,0.00898147001862526,0.24466633796691895,-1.544874668121338,-0.03461309149861336,-0.4030477985900886,-0.15022715974292994,-0.0787075840392329
23.762005374999717,0.07076858729124069,0.0362013578414917,0.0011246204376220703,0.16816847026348114,-1.6036121845245361,-0.06271093338727951,-0.41877211398540953,-0.14799358369288135,-0.07826706934764817
23.772061374998884,0.0843760296702385,0.049426913261413574,-0.014359235763549805,0.01386331208050251,-1.730641484260559,-0.07254546135663986,-0.43551525697144505,-0.14686609120070804,-0.07843823221551716
23.78211737499805,0.11211501806974411,0.08006554841995239,-0.12723112106323242,-0.11559183150529861,-1.8480091094970703,-0.08430259674787521,-0.45369046955548553,-0.14702436866563104,-0.07936142285247613
23.792172375004156,0.13240019977092743,0.08975303173065186,-0.22754895687103271,-0.2927810251712799,-1.9685351848602295,-0.09836168587207794,-0.4731418846915181,-0.14849304850987535,-0.08111530676933543
23.802228375003324,0.14961156249046326,0.056868135929107666,-0.25819575786590576,-0.31862834095954895,-2.0846500396728516,-0.13450129330158234,-0.49391975255986775,-0.15071123139607198,-0.08360868744952038
23.81228437500249,0.14586539566516876,0.029493749141693115,-0.2642033100128174,-0.1961842030286789,-2.1680312156677246,-0.17892974615097046,-0.5157184843206029,-0.15229909477568432,-0.08627412442024138
23.82234037500166,0.12381061166524887,0.04678082466125488,-0.22047579288482666,-0.027451859787106514,-2.2567155361175537,-0.23322810232639313,-0.5383179790632973,-0.1521713560637725,-0.08860267351631411
23.832396375000826,0.13081616163253784,0.07416015863418579,-0.200525164604187,0.12401116639375687,-2.34179949760437,-0.24602432548999786,-0.5617186240368777,-0.15055767968606634,-0.09042764912359513
23.842452374999993,0.14713060855865479,0.056840717792510986,-0.2188345342874527,0.2310987412929535,-2.400928258895874,-0.25364798307418823,-0.5857639661283812,-0.147639213142823,-0.09150958957100254
23.85250837499916,0.15426740050315857,0.05480009317398071,-0.20983125269412994,0.27992379665374756,-2.4246368408203125,-0.27300676703453064,-0.6101080526923461,-0.14396118302999897,-0.09214177734966467
23.86256337499799,0.15110430121421814,0.03249400854110718,-0.12750089168548584,0.20210875570774078,-2.4603424072265625,-0.29796192049980164,-0.6347952275399402,-0.14027455220403662,-0.09300492738755703
23.872619375004433,0.16793060302734375,0.04271531105041504,-0.05866432189941406,0.048746369779109955,-2.4611072540283203,-0.25006628036499023,-0.6597866044038175,-0.1375737247401155,-0.09443644262767598
23.8826753750036,0.18789424002170563,0.07566821575164795,-0.020099282264709473,-0.016512658447027206,-2.45143461227417,-0.24578958749771118,-0.6847374970793062,-0.13596932993971825,-0.09626448780881883
23.892731375002768,0.1928405612707138,0.023860931396484375,-0.03858363628387451,-0.03984008729457855,-2.4026360511779785,-0.23751355707645416,-0.7094921858104631,-0.13458405791775907,-0.09832451528455839
23.902787375001935,0.20547345280647278,0.0620807409286499,-0.02049875259399414,0.031442705541849136,-2.325887680053711,-0.19487255811691284,-0.7334418860951256,-0.13325707664711978,-0.09990356546765274
23.912843375001103,0.19324779510498047,0.06522220373153687,0.10553037375211716,-0.022965675219893456,-2.336512327194214,-0.19130605459213257,-0.7570476327366928,-0.13182285714735215,-0.10122553444075122
23.92289937500027,0.2009371519088745,0.014930367469787598,0.18909013271331787,-0.06500992923974991,-2.339664936065674,-0.1885719895362854,-0.7808103513869264,-0.13086652972899612,-0.10284027744255264
23.9329543749991,0.17104649543762207,-0.028985440731048584,0.22506725788116455,-0.0015300255035981536,-2.307486057281494,-0.20289553701877594,-0.8044534170513178,-0.12980788732634382,-0.10450632318398888
23.943010374998266,0.1238553524017334,0.008537828922271729,0.22591793537139893,0.014883657917380333,-2.239043951034546,-0.2018498033285141,-0.8275531722132289,-0.12818653697584975,-0.10585075002185398
23.95306637500471,0.1148708164691925,0.03917151689529419,0.22000157833099365,0.12985923886299133,-2.2290472984313965,-0.19012896716594696,-0.850095155084567,-0.12623294085880726,-0.10661848239741635
23.963122375003877,0.11294911056756973,-0.018935561180114746,0.15205883979797363,0.22058172523975372,-2.1661040782928467,-0.17133277654647827,-0.8721825502608237,-0.12377190930251451,-0.10642934026694977
23.973178375003044,0.06639909744262695,-0.04039645195007324,0.10836374759674072,0.3417574167251587,-2.0862791538238525,-0.1800956428050995,-0.8934547335753179,-0.12059756734488065,-0.10524325277216705
23.983234375002212,0.02629215270280838,-0.04597991704940796,0.1027071475982666,0.2658558189868927,-2.0480785369873047,-0.18065816164016724,-0.9140928244543542,-0.11720141043399501,-0.1038706380004138
23.99329037500138,0.03691893815994263,-0.1122848391532898,0.10162197798490524,0.04173564538359642,-2.0362114906311035,-0.13263097405433655,-0.9345938235078458,-0.11500391457216884,-0.1034580374286784
24.003345375000208,0.04645313322544098,-0.13980329036712646,0.13812053203582764,-0.21498647332191467,-2.034365653991699,-0.08999064564704895,-0.9551989376616413,-0.11467602975343397,-0.10483535266997102
24.013401374999376,0.02928784489631653,-0.10693198442459106,0.11696994304656982,-0.29546934366226196,-1.9902634620666504,-0.07194294035434723,-0.9758090442158993,-0.11562190388212569,-0.10757673038196833
24.023457374998543,-0.00019253045320510864,-0.06713753938674927,0.05218243598937988,-0.13011214137077332,-1.9083728790283203,-0.10892614722251892,-0.9956889892139298,-0.11614910830004459,-0.10991692362705
24.033513375004986,-0.01795312762260437,-0.04454439878463745,0.0679088830947876,0.06954263895750046,-1.878934383392334,-0.15490375459194183,-1.0148379358258512,-0.11513284824502319,-0.1108637361707852
24.043569375004154,0.005265571177005768,0.024531304836273193,0.06624828279018402,0.20030492544174194,-1.8263317346572876,-0.1374828964471817,-1.0334419258523382,-0.11314985574894784,-0.11042590392020823
24.05362537500332,0.01852138340473175,0.042915940284729004,0.06046164035797119,0.1967511922121048,-1.7571502923965454,-0.13596384227275848,-1.0513712488898217,-0.11097822352393144,-0.10937420443376973
24.06368037500215,0.023201271891593933,-0.026342928409576416,0.10089506208896637,0.12936685979366302,-1.6652112007141113,-0.14381572604179382,-1.068474784960874,-0.10891635130760484,-0.10854813683242007
24.073736375001317,0.030196182429790497,-0.03364163637161255,0.16084088385105133,0.16860082745552063,-1.6229397058486938,-0.17446285486221313,-1.08493184341029,-0.1068593185185417,-0.10807225695141551
24.083792375000485,0.05184776335954666,0.007909715175628662,0.1241689920425415,0.25939780473709106,-1.5661472082138062,-0.1666002720594406,-1.1008415912533716,-0.10433870222299182,-0.10692522696056259
24.09384900000441,0.05254504829645157,0.051209449768066406,0.12122392654418945,0.36320462822914124,-1.5292450189590454,-0.1312990039587021,-1.1161566237247065,-0.10159295851882276,-0.10473913491751896
24.10390500000358,0.06479997932910919,0.0196685791015625,0.1011287122964859,0.3570671081542969,-1.53944730758667,-0.14964236319065094,-1.131276012347955,-0.09875102420215684,-0.10190720460146231
24.113961000002746,0.05403265357017517,-0.02158123254776001,0.0986483097076416,0.36712533235549927,-1.5352959632873535,-0.15407679975032806,-1.146521080269644,-0.09582387560154744,-0.09923033796168179
24.124017000001913,0.02368796616792679,0.018383443355560303,0.05128537863492966,0.41258344054222107,-1.5536483526229858,-0.17814910411834717,-1.1617455027809889,-0.09275225285555917,-0.09631284038006642
24.134072000000742,0.01801319420337677,0.0216827392578125,-0.0065795257687568665,0.40050414204597473,-1.564629077911377,-0.218284010887146,-1.1771380239927218,-0.0893040211039781,-0.09320588569618533
24.14412799999991,0.023094303905963898,-0.03079932928085327,0.003592386841773987,0.29891619086265564,-1.5405722856521606,-0.25146666169166565,-1.1925612445346214,-0.08579150723114215,-0.090774887020651
24.154183999999077,0.023647412657737732,-0.06640100479125977,0.08977307379245758,0.1872626096010208,-1.5275534391403198,-0.2946213185787201,-1.2078649841928388,-0.08239799020466496,-0.08950900209083788
24.164239999998244,0.03493793308734894,-0.05975782871246338,0.14303255081176758,0.2313746064901352,-1.5041111707687378,-0.33482176065444946,-1.2230656588795068,-0.07872196826500945,-0.08876847891453328
24.174296000004688,0.04727546125650406,0.0032405853271484375,0.12457859516143799,0.40936750173568726,-1.4904800653457642,-0.34886541962623596,-1.2379579521309898,-0.07443048503426564,-0.08695869061171459
24.184352000003855,0.06917645782232285,0.0850982666015625,0.06728004664182663,0.6228774785995483,-1.4954191446304321,-0.3532704710960388,-1.2527211200083102,-0.069384552968678,-0.08307463255810708
24.194408000003023,0.08843877166509628,0.1564515233039856,0.03811334818601608,0.7538924813270569,-1.512629747390747,-0.3468261659145355,-1.2673964868161036,-0.06396431779596325,-0.07745854167960123
24.20446300000185,0.08595313131809235,0.09510952234268188,0.05535351485013962,0.6760486364364624,-1.5778313875198364,-0.38413429260253906,-1.2826135468220001,-0.05833003414869131,-0.07148916550299825
24.21451900000102,0.08829005062580109,0.03471934795379639,0.032436124980449677,0.4519082307815552,-1.6014031171798706,-0.4274407625198364,-1.2983748356452955,-0.05280860826880959,-0.06709653295643729
24.224575000000186,0.08421590924263,0.053494155406951904,0.010292761027812958,0.32097485661506653,-1.6374679803848267,-0.4917508661746979,-1.3145111621255718,-0.047395267879181587,-0.06460501909570723
24.234630999999354,0.08538751304149628,0.08897978067398071,-0.0101165771484375,0.33564355969429016,-1.6964036226272583,-0.5584335327148438,-1.3312435677969885,-0.04145087677250003,-0.06272202014010465
24.24468699999852,0.10173195600509644,0.14575189352035522,-0.07360363006591797,0.4642588198184967,-1.6754390001296997,-0.5800003409385681,-1.3481479022135119,-0.03496774859887638,-0.060124158453762074
24.254743000004964,0.11261041462421417,0.16174644231796265,-0.11209427565336227,0.6347200274467468,-1.624315857887268,-0.5653702616691589,-1.364568259312609,-0.028184478924175613,-0.055925590619986504
24.264799000004132,0.12171588838100433,0.12238311767578125,-0.06713032722473145,0.7889562845230103,-1.6348400115966797,-0.5603179335594177,-1.3807308755583216,-0.021256979450297756,-0.04997357629689673
24.27485400000296,0.13536015152931213,0.06547468900680542,-0.04254280775785446,0.8037538528442383,-1.6167540550231934,-0.5146244764328003,-1.396985238533464,-0.014499914915976301,-0.04296759392338706
24.284910000002128,0.11532478034496307,-0.03659886121749878,-0.003804326057434082,0.6233338117599487,-1.6203609704971313,-0.49516093730926514,-1.413156911915521,-0.00829997626571189,-0.03661411479069629
24.294966000001295,0.07730023562908173,-0.09944212436676025,0.010879751294851303,0.32182908058166504,-1.6623328924179077,-0.4712989926338196,-1.429589872647963,-0.002780717900028652,-0.03255735626499907
24.305022000000463,0.041907310485839844,-0.12534910440444946,-0.024853471666574478,0.14600829780101776,-1.6938425302505493,-0.4125136733055115,-1.446474535906422,0.001934084497274231,-0.030893964755371327
24.31507799999963,0.028414472937583923,-0.11814641952514648,-0.0998387336730957,0.05748748779296875,-1.7491902112960815,-0.35343462228775024,-1.463756056058084,0.005884474318479371,-0.030382699172292766
24.325133999998798,0.03208877146244049,-0.06930607557296753,-0.11601506918668747,-0.049493514001369476,-1.8040000200271606,-0.3407340943813324,-1.4816802980162798,0.009294389579708837,-0.030634497768248614
24.335189999997965,0.027263522148132324,-0.05592226982116699,-0.09595811367034912,-0.11598997563123703,-1.8228563070297241,-0.3160244822502136,-1.4998152291115021,0.012438943115522213,-0.031849969159441986
24.34524500000407,0.026905328035354614,-0.0883941650390625,-0.06709729880094528,-0.04778638482093811,-1.8454701900482178,-0.2984502911567688,-1.518227423164161,0.015484098496682185,-0.03288431607227497
24.355301000003237,0.052955254912376404,-0.049908339977264404,-0.07311177253723145,0.09096191078424454,-1.8647737503051758,-0.2700926959514618,-1.536959676261119,0.018350224308990772,-0.032782363849925625
24.365357000002405,0.05491289496421814,-0.03840970993041992,-0.09527862817049026,0.21055829524993896,-1.864599347114563,-0.2536614239215851,-1.5557557167425624,0.02097015562090863,-0.03130604399653159
24.375413000001572,0.04947328567504883,-0.07926249504089355,-0.11635483056306839,0.22260883450508118,-1.805250644683838,-0.22410032153129578,-1.5742688538036682,0.02342002924228846,-0.029041596076301922
24.38546900000074,0.05802488327026367,-0.07415246963500977,-0.04436469078063965,0.1635429412126541,-1.762817144393921,-0.15819834172725677,-1.5923078400023283,0.025305559234886338,-0.027020985471873957
24.395524999999907,0.07451801002025604,-0.09686845541000366,0.009249813854694366,0.06174495071172714,-1.6922365427017212,-0.0964239165186882,-1.609679013818677,0.02648304969261805,-0.025755379459256596
24.405580999999074,0.07015573978424072,-0.11542588472366333,0.13020730018615723,-0.04579544812440872,-1.6251556873321533,-0.06293892860412598,-1.6263532816046962,0.027270649246922046,-0.025662913777455797
24.415635999997903,0.08101089298725128,-0.05095565319061279,0.22513282299041748,-0.0992533415555954,-1.5940334796905518,-0.01788117177784443,-1.642515715531846,0.027708450927478263,-0.026363944165046678
24.425692000004346,0.082551971077919,-0.04208719730377197,0.2783677577972412,-0.16091804206371307,-1.507707953453064,0.008734885603189468,-1.6581634787114583,0.02782101196139523,-0.027724495810303704
24.435748000003514,0.08583976328372955,-0.07959562540054321,0.23044955730438232,-0.11865873634815216,-1.3937087059020996,0.011792461387813091,-1.672682621670624,0.02782251608273244,-0.02927078230264918
24.44580400000268,0.09113918244838715,-0.018886864185333252,0.22086286544799805,0.010736850090324879,-1.357112169265747,-0.027158746495842934,-1.6864630607652598,0.02792049800479937,-0.02981846758745066
24.45586000000185,0.08598046004772186,0.04357701539993286,0.212621808052063,0.08233167231082916,-1.298828125,-0.0728766992688179,-1.6998368614067383,0.028372581711485528,-0.02921783988595679
24.465916000001016,0.0789303183555603,-0.00024688243865966797,0.21528518199920654,0.014932260848581791,-1.2205499410629272,-0.05243872106075287,-1.7125237639444948,0.028945030721274117,-0.02858669770837833
24.475972000000183,0.05838654935359955,-0.0186271071434021,0.18278752267360687,-0.0449632965028286,-1.1754666566848755,-0.059884920716285706,-1.7245720868774441,0.029486367161445027,-0.028591253555669983
24.486026999999012,0.02629232406616211,0.022478878498077393,0.18842552602291107,-0.10607263445854187,-1.0918529033660889,-0.005266789346933365,-1.7359929427277756,0.029981902398867003,-0.02927375543868072
24.49608299999818,-0.0011090189218521118,-0.01157224178314209,0.14884136617183685,-0.1447097808122635,-0.9933841228485107,0.026670636609196663,-1.7464242175575824,0.030051428347066984,-0.030515962091194
24.506139000004623,-0.053155213594436646,-0.11413848400115967,0.19892358779907227,-0.15408672392368317,-0.9534893035888672,0.04575040191411972,-1.7561040944985205,0.029949390913859644,-0.032131935252668976
24.51619500000379,-0.03513374924659729,-0.08928483724594116,0.17559728026390076,-0.009732739068567753,-0.9075279831886292,0.08225221931934357,-1.7654748557942321,0.02947327441576135,-0.03308539421303828
24.526251000002958,-0.014393985271453857,-0.06200462579727173,0.09892367571592331,0.11723142117261887,-0.8809905648231506,0.13002724945545197,-1.774461015071756,0.028332034795811964,-0.03273099839794216
24.536307000002125,0.003930762410163879,-0.03896361589431763,0.08053503930568695,0.1650942862033844,-0.881409764289856,0.17755429446697235,-1.7833178603637871,0.0264807022655266,-0.031600599003727574
24.546362000000954,0.04032084345817566,-0.008868753910064697,-0.01626325398683548,0.17882603406906128,-0.8395828604698181,0.1779516190290451,-1.792010313573159,0.02429774876391811,-0.03020621028809945
24.55641800000012,0.00630660355091095,0.046546339988708496,-0.1401141881942749,0.08483108878135681,-0.7815187573432922,0.14358031749725342,-1.8001680051594764,0.022388629272610656,-0.02922358866386168
24.56647399999929,-0.014596745371818542,0.09710323810577393,-0.1945047527551651,-0.07587336748838425,-0.6930378675460815,0.09692663699388504,-1.807609109348807,0.02119197037873418,-0.029425730963001263
24.576529999998456,-0.014911487698554993,0.10581690073013306,-0.09661783277988434,-0.1465912163257599,-0.6263627409934998,0.05991934984922409,-1.8141791049411846,0.020732986846370503,-0.030808464445559056
24.5865860000049,0.007406264543533325,0.12884777784347534,0.018602125346660614,-0.07206042855978012,-0.5600947141647339,0.024627672508358955,-1.820121376730438,0.02057019430958281,-0.032150802378844545
24.596642000004067,0.029226824641227722,0.124733567237854,0.11158274859189987,0.1124098151922226,-0.5244448781013489,-0.022137170657515526,-1.8255059917983611,0.020528404872026063,-0.03190227392779531
24.606698000003234,0.03329259157180786,0.14401930570602417,0.14762744307518005,0.24580958485603333,-0.521677553653717,-0.015827182680368423,-1.8307914641628023,0.02022120817839027,-0.030018038214948996
24.616753000002063,0.006396204233169556,0.12409120798110962,0.033539168536663055,0.23820732533931732,-0.5489717721939087,-0.07817365229129791,-1.8362202435820196,0.019928713087347137,-0.027372982077267485
24.62680900000123,-0.046432629227638245,0.04259216785430908,0.053430311381816864,0.020275317132472992,-0.5476624369621277,-0.10476677119731903,-1.8418046060810729,0.020517182067598908,-0.02580052219600947
24.636865000000398,0.022726193070411682,-0.01628744602203369,0.08406615257263184,-0.14889666438102722,-0.5263276100158691,-0.04126982390880585,-1.8472514703943124,0.02140944187936225,-0.02630910210259544
24.646920999999566,0.06569589674472809,-0.0012627840042114258,-0.0032950788736343384,-0.288202166557312,-0.4648335874080658,-0.019405432045459747,-1.852207348454597,0.02225647394057952,-0.028386681447390535
24.656976999998733,0.016588538885116577,0.004886150360107422,0.04167996346950531,-0.3385859727859497,-0.38225191831588745,0.0082253972068429,-1.8564120301291507,0.023239252185642895,-0.03143424285974494
24.6670329999979,0.0025575459003448486,-0.06652134656906128,0.13603758811950684,-0.2911606431007385,-0.28509941697120667,0.023297423496842384,-1.8596750789083836,0.023893691296122985,-0.03456154889049634
24.677089000004344,-0.02444826066493988,-0.10745018720626831,0.2956974506378174,-0.1430494785308838,-0.21922610700130463,0.02129339426755905,-1.8621661691807658,0.024327500586537824,-0.03675266199318974
24.687144000003173,-0.018111348152160645,-0.020300745964050293,0.26094159483909607,0.0573149137198925,-0.19246894121170044,0.052452459931373596,-1.8641381532064194,0.024106975539371817,-0.037349780405801926
24.69720000000234,0.02817210555076599,0.04073500633239746,0.13093675673007965,0.19200854003429413,-0.20654480159282684,-0.025537678971886635,-1.866163573255362,0.023474581241748706,-0.03599659257317687
24.707256000001507,0.007456108927726746,0.05946230888366699,0.0525662824511528,0.10228678584098816,-0.20789968967437744,-0.09362062066793442,-1.8683103045504406,0.02365559493437805,-0.034395677124063405
24.717312000000675,0.014807462692260742,0.06751453876495361,0.010959252715110779,-0.020778687670826912,-0.1817154884338379,-0.11675949394702911,-1.8702931292561769,0.02453306139746559,-0.033684488805322634
24.727367999999842,0.0657138079404831,0.02590656280517578,0.03480517119169235,-0.12322800606489182,-0.13902421295642853,-0.10088647156953812,-1.87193394858059,0.025823297746227453,-0.03415191577937816
24.73742399999901,0.0833963006734848,0.018115997314453125,0.00916193425655365,-0.1492239236831665,-0.08496497571468353,-0.08301666378974915,-1.873039432968453,0.027059046050754744,-0.03519362427192764
24.74747899999784,0.06791409850120544,-0.03105032444000244,0.0599977970123291,-0.11014220863580704,-0.0916481763124466,-0.11507531255483627,-1.8738487639978323,0.028343251701240378,-0.03616593547585097
24.75753500000428,0.026630133390426636,-0.10913985967636108,0.13087186217308044,0.03191186487674713,-0.14451166987419128,-0.10789090394973755,-1.8750362381223358,0.029571486258961024,-0.03632737315742928
24.76759100000345,-0.006181925535202026,-0.0771898627281189,0.10063052177429199,0.18771517276763916,-0.1739112287759781,-0.06701812148094177,-1.8766803147686446,0.03008268347189773,-0.03505700390489528
24.777647000002617,0.011695235967636108,-0.13271766901016235,0.11173689365386963,0.22657735645771027,-0.21401603519916534,-0.041021671146154404,-1.8786509392746948,0.02990800511813785,-0.032749637324358455
24.787703000001784,0.02804042398929596,-0.11167359352111816,0.14757585525512695,0.18102997541427612,-0.22680893540382385,0.030565988272428513,-1.8809891649798731,0.029338385781148356,-0.03078615204974994
24.79775900000095,0.03569270670413971,-0.07100021839141846,0.037123218178749084,0.14294223487377167,-0.1954089254140854,0.07899370789527893,-1.8831776269987155,0.02823672978252246,-0.029366299982068425
24.80781500000012,-0.023413076996803284,-0.12880933284759521,0.0655224472284317,0.051312461495399475,-0.15512728691101074,0.10775243490934372,-1.884946966944178,0.027068453045019165,-0.028725650166424335
24.817869999998948,-0.058327749371528625,-0.1296566128730774,0.13394726812839508,-0.036890365183353424,-0.10457435995340347,0.16676250100135803,-1.8862691831989675,0.025761183802705128,-0.02911490640314338
24.827925999998115,-0.054776668548583984,-0.11087942123413086,0.15717220306396484,-0.07121505588293076,-0.0704861655831337,0.22070977091789246,-1.8871015970625455,0.024059737767155955,-0.030287076557561302
24.83798200000456,-0.06185781955718994,-0.11114710569381714,0.15124094486236572,-0.03188016265630722,-0.04238475486636162,0.2686317563056946,-1.8876643776924256,0.021871077851968415,-0.03170886299130634
24.848038000003726,-0.08411198854446411,-0.03453671932220459,0.04369257390499115,0.03195962682366371,-0.014928898774087429,0.2586875259876251,-1.8879637771646156,0.01939390308260683,-0.03272312191117516
24.858094000002893,-0.09775242209434509,0.008545339107513428,-0.07090745866298676,0.12348554283380508,0.04675257205963135,0.21412910521030426,-1.8878022129472798,0.0169206991852823,-0.03271610872493233
24.86815000000206,-0.08302097022533417,0.008231163024902344,-0.02050340175628662,0.13821379840373993,0.06196322292089462,0.18019916117191315,-1.8872612208080992,0.0146663768110672,-0.03211043973752843
24.878206000001228,-0.01639649271965027,0.03833115100860596,-0.013948902487754822,0.13407312333583832,0.07758904993534088,0.17313511669635773,-1.8865560244983064,0.01254654221212352,-0.03138023808958371
24.888261000000057,0.018952831625938416,0.05655795335769653,-0.0024589374661445618,0.07650978118181229,0.0618087574839592,0.16619710624217987,-1.8858199899067336,0.010638744661104135,-0.030934162993765116
24.898316999999224,0.015305891633033752,0.04499274492263794,0.027068480849266052,0.03378655016422272,-0.012278786860406399,0.1365787535905838,-1.8855966434598015,0.00911237226023111,-0.0309883363340734
24.90837299999839,0.002591252326965332,0.0914379358291626,-0.024915337562561035,0.03918997198343277,-0.06978882104158401,0.0861668512225151,-1.8860127689476973,0.008013738031601101,-0.031073029117223847
24.918429000004835,0.014485955238342285,0.10181456804275513,-0.0604775995016098,0.09323936700820923,-0.0838838666677475,0.05154655873775482,-1.8868380199730088,0.007221778372119469,-0.030705565718886007
24.928485000004002,0.0260065495967865,0.10264992713928223,-0.08059416711330414,0.13218022882938385,-0.08560759574174881,0.03698676452040672,-1.8876821119015035,0.006458868228423626,-0.029753215105226494
24.93854100000317,0.031236276030540466,0.10464823246002197,-0.09702181816101074,0.1547611802816391,-0.12075279653072357,0.0005398071953095496,-1.8887152581083335,0.005857721243250713,-0.02844973700232347
24.948597000002337,-0.004809871315956116,0.0536576509475708,-0.10293912887573242,0.1607605665922165,-0.142927885055542,-0.016761578619480133,-1.8900539305295998,0.005480876323015394,-0.026887129129139778
24.958652000001166,-0.03867293894290924,0.010568320751190186,-0.0569075345993042,0.09031063318252563,-0.14539316296577454,0.007259868085384369,-1.8915061854157438,0.00514517523636297,-0.025613026645428232
24.968708000000333,-0.012751474976539612,-0.07220947742462158,0.0652235746383667,0.003023447236046195,-0.15444006025791168,0.041980642825365067,-1.892969649607527,0.004728445425186563,-0.025224695688842814
24.9787639999995,0.01093795895576477,-0.05996870994567871,0.09310196340084076,0.05202960595488548,-0.15902362763881683,0.07839058339595795,-1.8946122184774516,0.004118781094806568,-0.02533387757889646
24.988819999998668,0.02141466736793518,-0.0010864734649658203,-0.03908253461122513,0.1172201931476593,-0.1580951064825058,0.07473520934581757,-1.896177705086687,0.0030819071156534534,-0.024732681759140583
24.998875999997836,-0.001936793327331543,-0.024646639823913574,-0.006783246994018555,0.11089704930782318,-0.16163231432437897,0.07536903768777847,-1.8978036163507168,0.0019653194937209965,-0.023832956578240923
25.00893200000428,0.002835996448993683,-0.04492783546447754,0.006696581840515137,0.0988919660449028,-0.13862314820289612,0.08272106945514679,-1.8993334618887905,0.0007958763692164618,-0.02300557716676413
25.018987000003108,0.03006141632795334,-0.04166644811630249,0.03857419639825821,0.073575958609581,-0.11137554049491882,0.1001967340707779,-1.9006087822548046,-0.0004056515034814333,-0.02244356454597855
25.029043000002275,0.03926122933626175,-0.036150455474853516,0.032121650874614716,0.02393054962158203,-0.08857248723506927,0.10521471500396729,-1.9015958388950995,-0.0015792037455050615,-0.0222231801031283
25.039099000001443,0.034716226160526276,-0.04173111915588379,0.047451965510845184,-0.06427201628684998,-0.06442853808403015,0.12331835180521011,-1.9023873163155822,-0.0025814274719050618,-0.022747754473744386
25.04915500000061,0.037662915885448456,-0.055253028869628906,0.10062085092067719,-0.1268334984779358,-0.016925204545259476,0.14798901975154877,-1.902814456908469,-0.0034988534336320033,-0.024162536616018974
25.059210999999777,0.03442796319723129,-0.04568761587142944,0.17376995086669922,-0.1022101640701294,0.04817363992333412,0.15797294676303864,-1.9026832180146545,-0.004541853066184938,-0.025833196030927957
25.069266999998945,0.028471633791923523,-0.024262964725494385,0.22040127217769623,-0.027905263006687164,0.13485565781593323,0.14728054404258728,-1.9018005290552122,-0.005774362907772151,-0.02699035691890884
25.079322999998112,0.04954194277524948,-0.008142352104187012,0.24595153331756592,0.10269961506128311,0.2696579396724701,0.15409716963768005,-1.8997928071172296,-0.007346703786669965,-0.02710160809180814
25.089378000004217,0.04020696133375168,0.04136323928833008,0.27285683155059814,0.16455078125,0.4207237660884857,0.15381845831871033,-1.8963371681681298,-0.009262353856253383,-0.026279188137058113
25.099434041665518,0.014652296900749207,0.009737551212310791,0.3642221689224243,0.16416648030281067,0.6196823716163635,0.16728048026561737,-1.8911528791696164,-0.011313009045949398,-0.025205158722933312
25.109490041664685,0.00331028550863266,-0.03993117809295654,0.46034038066864014,0.17904818058013916,0.9004417657852173,0.1994994431734085,-1.8835430635652355,-0.013584448337484484,-0.024178810711140183
25.11954604167113,-0.0008678212761878967,-0.02076244354248047,0.5421680212020874,0.20794321596622467,1.211822509765625,0.22429586946964264,-1.8728920901240975,-0.016235873742800076,-0.022985919223446106
25.129602041670296,-0.0035908743739128113,-0.015885233879089355,0.5787098407745361,0.2435169667005539,1.4832619428634644,0.1943213790655136,-1.859294869391036,-0.018952313019999324,-0.02139184329277496
25.139658041669463,-0.02686259150505066,0.0280989408493042,0.5867829322814941,0.2602136433124542,1.6412315368652344,0.12747789919376373,-1.8434596148913895,-0.021228283803127298,-0.019405477249446006
25.14971404166863,-0.0248049795627594,0.06236392259597778,0.5424697399139404,0.21089932322502136,1.7172425985336304,0.041585057973861694,-1.8265100056081847,-0.02269396923721199,-0.017308236215021672
25.15976904166746,-0.00011918693780899048,0.13866430521011353,0.40886664390563965,0.1319832056760788,1.7854422330856323,-0.041150301694869995,-1.8088721214061532,-0.02310973173392717,-0.015646660549858204
25.169825041666627,0.022650472819805145,0.15541130304336548,0.33600056171417236,0.05458686128258705,1.8374770879745483,-0.10508006811141968,-1.790612723815326,-0.022609387939156553,-0.0146013151202434
25.179881041665794,0.023900344967842102,0.152279794216156,0.32040464878082275,0.011675347574055195,1.8512946367263794,-0.13502945005893707,-1.7720591405153252,-0.021507080076432844,-0.01413394417257964
25.18993704166496,0.024238653481006622,0.12715542316436768,0.23879790306091309,-0.04295464977622032,1.9069468975067139,-0.1576099842786789,-1.7531757209280736,-0.020025252959808632,-0.014040839466549502
25.199993041671405,0.013582415878772736,0.058502912521362305,0.23505949974060059,-0.0848858579993248,1.9849458932876587,-0.15642328560352325,-1.7336065323182064,-0.01836519981691445,-0.014415749459548037
25.210049041670572,0.019620448350906372,0.04702889919281006,0.22304296493530273,-0.08631846308708191,2.022336483001709,-0.1537918597459793,-1.7134516016759984,-0.016699007477226115,-0.015075109254391551
25.22010504166974,0.021114856004714966,0.0573996901512146,0.11408781260251999,-0.04167136177420616,2.0152392387390137,-0.17352961003780365,-1.6931385253998945,-0.015005593608555004,-0.015502593053897153
25.23016004166857,-0.00514635443687439,0.05253779888153076,0.024462103843688965,-0.01764996163547039,1.964677333831787,-0.2238515168428421,-1.6731139302768474,-0.013004603643293122,-0.01557068123187563
25.240216041667736,-0.010922685265541077,0.03856337070465088,-0.011060237884521484,-0.07320377230644226,1.8969991207122803,-0.27454158663749695,-1.6536834460439658,-0.010465657366038751,-0.01579482517025205
25.250272041666904,0.012359708547592163,0.05367469787597656,-0.02138853818178177,-0.17277297377586365,1.8355745077133179,-0.29200479388237,-1.6349589070696808,-0.007510597530994876,-0.016788010550906136
25.26032804166607,0.05936768651008606,0.07134270668029785,-0.05672765523195267,-0.24710632860660553,1.849016547203064,-0.27280446887016296,-1.6165019753866476,-0.004534174348555666,-0.018771940299904664
25.27038404166524,0.09692761301994324,-0.005965113639831543,-0.016445882618427277,-0.31125926971435547,1.947103500366211,-0.23726490139961243,-1.5974894996890516,-0.0018808850138256727,-0.021520805362410717
25.28044004167168,0.13015510141849518,-0.029392123222351074,0.07560860365629196,-0.2486044466495514,2.0405049324035645,-0.1949952095746994,-1.5774197311660116,0.0003297341754058107,-0.024419252334479995
25.29049604167085,0.17194455862045288,0.005148649215698242,0.05564463138580322,-0.0827389508485794,2.087803602218628,-0.17658790946006775,-1.5566654997044795,0.00216682905913305,-0.026130790564223766
25.300551041669678,0.18246835470199585,0.05180227756500244,0.04071689397096634,0.04084024578332901,2.129117012023926,-0.18595531582832336,-1.5354636593798063,0.003962275999438694,-0.026422032924650125
25.310607041668845,0.18745635449886322,0.06299102306365967,-0.016878485679626465,0.191449373960495,2.093100070953369,-0.22974610328674316,-1.5141652896132518,0.006024755844462489,-0.025256261916354196
25.320663041668013,0.17675386369228363,0.05771130323410034,-0.0023237504065036774,0.19179290533065796,1.9701555967330933,-0.29854488372802734,-1.4937470787483633,0.008851429509840187,-0.02343908757594235
25.33071904166718,0.1829247921705246,0.09671294689178467,-0.08357107639312744,0.09691012650728226,1.9178764820098877,-0.31032752990722656,-1.4742656871960835,0.012029139972708968,-0.022254797423288043
25.340775041666348,0.1676396280527115,0.041760265827178955,-0.07429826259613037,-0.07984121143817902,1.9099897146224976,-0.2898310422897339,-1.4550251059231483,0.015031035295125518,-0.022525230954132232
25.350831041665515,0.13006605207920074,-0.03166830539703369,-0.014562491327524185,-0.22123543918132782,1.902886152267456,-0.27630141377449036,-1.4358438337964932,0.017651376884580655,-0.024455787367507226
25.36088604167162,0.10033062100410461,-0.05877918004989624,-0.011247877031564713,-0.23895904421806335,1.9317923784255981,-0.2540605664253235,-1.4165481869559815,0.01993833483691577,-0.027211069832045066
25.370942041670787,0.08098092675209045,-0.026324748992919922,-0.04790414124727249,-0.1291547417640686,1.9606530666351318,-0.2543751001358032,-1.3969013694602144,0.022144154801458937,-0.029471107581405538
25.380998041669955,0.07852102816104889,-0.016305923461914062,-0.03916466608643532,-0.01473735086619854,1.9636940956115723,-0.27038922905921936,-1.377143490295865,0.024599235287376287,-0.030671749540224995
25.391054041669122,0.08406899869441986,0.00027954578399658203,-0.029356956481933594,0.06653100252151489,1.9638335704803467,-0.2827930152416229,-1.3574079992872967,0.02738133535553842,-0.031013522742802703
25.40111004166829,0.0895124226808548,-0.011955797672271729,0.005440114066004753,0.06883437186479568,1.9800796508789062,-0.2832721173763275,-1.3375752171367488,0.030311365127457926,-0.030903338900787926
25.411166041667457,0.08355879783630371,0.007376551628112793,0.10543239116668701,-0.008672845549881458,1.997342824935913,-0.2843160629272461,-1.3175671218699925,0.03316378475375482,-0.03127589226566029
25.421222041666624,0.07165102660655975,0.0707024335861206,0.14618051052093506,-0.07583696395158768,2.0386874675750732,-0.2563107907772064,-1.2972536605319238,0.035705453582417175,-0.03238936007768359
25.431277041665453,0.08537130057811737,0.025999605655670166,0.15322637557983398,-0.17361199855804443,2.082097291946411,-0.23423250019550323,-1.2765078277124486,0.03766068061145072,-0.03434561393728744
25.44133304166462,0.07930897176265717,-0.07736605405807495,0.10729289054870605,-0.25183624029159546,2.1553781032562256,-0.24304090440273285,-1.2550815610277013,0.039277166258941974,-0.037153694667576564
25.451389041671064,0.06158788502216339,-0.033033013343811035,0.10782551765441895,-0.15920403599739075,2.1654884815216064,-0.22123561799526215,-1.233204866824108,0.04081829240807913,-0.03993473210033278
25.46144504167023,0.10806448757648468,0.007197320461273193,-0.008855462074279785,-0.042926955968141556,2.10113525390625,-0.1716478317975998,-1.2116369551556962,0.04231754796015294,-0.04158379653692225
25.4715010416694,0.1242673248052597,-0.007918000221252441,-0.12732863426208496,-0.020720142871141434,1.9705803394317627,-0.18873368203639984,-1.1911057393580664,0.04386724598264348,-0.04246638367709793
25.481557041668566,0.07629135251045227,-0.06144130229949951,-0.16929280757904053,-0.1448090672492981,1.8272240161895752,-0.24375192821025848,-1.171952718344823,0.04558088262360296,-0.04401100414810189
25.491613041667733,0.04790833592414856,-0.0644640326499939,-0.1720847487449646,-0.3168547451496124,1.7154152393341064,-0.26403969526290894,-1.1540340633252644,0.04699718342584088,-0.04719654093592589
25.501668041666562,0.0566483736038208,-0.04056406021118164,-0.15212184190750122,-0.42990538477897644,1.6509920358657837,-0.23624776303768158,-1.1369392128419396,0.04768518367838462,-0.051767628266180116
25.51172404166573,0.05689193308353424,-0.031383633613586426,-0.11172521114349365,-0.44649621844291687,1.62879478931427,-0.2088659107685089,-1.120224603134286,0.04778553373571973,-0.056761314378264004
25.521780041664897,0.050820112228393555,-0.04680442810058594,-0.10778963565826416,-0.3444443941116333,1.5979887247085571,-0.18682877719402313,-1.103808676975985,0.04771910487765314,-0.06134389122740617
25.53183604167134,0.07034328579902649,-0.04426276683807373,-0.1783742904663086,-0.21746529638767242,1.534559965133667,-0.16403885185718536,-1.0878754926073213,0.04796029477497194,-0.06472138667086416
25.541892041670508,0.0935320258140564,-4.9591064453125e-05,-0.1756654977798462,-0.10344551503658295,1.461321234703064,-0.14392879605293274,-1.0727226949346809,0.04855444073146587,-0.06689171911386847
25.551948041669675,0.10762201249599457,-0.01010209321975708,-0.18439984321594238,-0.07926779240369797,1.391121506690979,-0.09492751210927963,-1.0583523164787565,0.04911233034912948,-0.06831835190718659
25.562004041668843,0.10646398365497589,-0.06140869855880737,-0.15855056047439575,-0.14578182995319366,1.3288416862487793,-0.0682799220085144,-1.0446048235650347,0.049235907054671776,-0.06973435724794864
25.57205904166767,0.09046193957328796,-0.05340707302093506,-0.1031751036643982,-0.2170371413230896,1.2974451780319214,-0.05374830216169357,-1.0313775228710358,0.04882926226756286,-0.07165893862969679
25.58211504166684,0.07621414959430695,-0.0428888201713562,-0.07586503028869629,-0.27018213272094727,1.3527848720550537,-0.035958386957645416,-1.0179907235768457,0.047915616121907006,-0.07403301033277226
25.592171041666006,0.0649147629737854,-0.05579131841659546,0.040182411670684814,-0.3075435161590576,1.4445451498031616,-0.021676283329725266,-1.0038091452378601,0.04657940592101257,-0.0766947093217803
25.602227041665174,0.07185478508472443,-0.0472983717918396,0.1450207233428955,-0.2883991301059723,1.5522135496139526,0.012756259180605412,-0.9886439591242631,0.04493449665030882,-0.07930041644661696
25.612283041671617,0.08876311779022217,-0.03904438018798828,0.1505126953125,-0.26059266924858093,1.6705917119979858,0.033104486763477325,-0.9723537282554492,0.043171529711982605,-0.08142514765571411
25.622339041670784,0.09320932626724243,-0.04220336675643921,0.18850022554397583,-0.25930291414260864,1.7675100564956665,0.03429145738482475,-0.954971495142931,0.04139558432258662,-0.0833878304247117
25.632394041669613,0.09260687232017517,-0.02966916561126709,0.17917871475219727,-0.18702904880046844,1.813888669013977,0.03603129833936691,-0.9368552586876094,0.039756868820345626,-0.08501645695443094
25.64245004166878,0.10344181954860687,-0.0075751543045043945,0.16557228565216064,-0.15453103184700012,1.831905484199524,0.028706010431051254,-0.9184862718770141,0.038493450057118794,-0.08621585564088148
25.652506041667948,0.11705610156059265,0.0013149380683898926,0.1726556420326233,-0.2178811877965927,1.870317816734314,0.060277119278907776,-0.8998679361669111,0.03697525311344605,-0.08736853569164386
25.662562041667115,0.10538220405578613,-0.05449116230010986,0.24730616807937622,-0.34433794021606445,1.890658974647522,0.06377438455820084,-0.8809294872450636,0.03476280106512817,-0.08916228783766551
25.672618041666283,0.09938575327396393,-0.050034403800964355,0.2730497717857361,-0.44798073172569275,1.9608774185180664,0.09371606260538101,-0.861537677926692,0.031562844576567044,-0.09175129001862223
25.68267404166545,0.08107388019561768,-0.033180058002471924,0.27509623765945435,-0.5491438508033752,2.08061146736145,0.12226168811321259,-0.8411334958562342,0.0274523421649104,-0.09481267883960032
25.692730041664618,0.06840251386165619,-0.047171711921691895,0.313332736492157,-0.5654950737953186,2.1625635623931885,0.1360316127538681,-0.8196944233014007,0.022644467812237844,-0.09818484360484772
25.702785041670722,0.08539395034313202,-0.01764613389968872,0.21343159675598145,-0.435918390750885,2.1825170516967773,0.1594349443912506,-0.7977682138062856,0.018018069789697545,-0.10086675507223963
25.71284104166989,0.11323420703411102,0.038943588733673096,0.11442732810974121,-0.3236064016819,2.176469087600708,0.15056118369102478,-0.7758357223219461,0.014259774936762205,-0.10240085453411461
25.722897041669057,0.11217589676380157,0.01919400691986084,0.09450680017471313,-0.34489011764526367,2.1032683849334717,0.13999615609645844,-0.7542495181688758,0.01080275141231806,-0.10369328643594702
25.732953041668225,0.1147773414850235,-0.007439732551574707,0.039263129234313965,-0.3788972795009613,2.0123789310455322,0.13271619379520416,-0.7335787276340751,0.0071709616344844684,-0.10517779478535189
25.743009041667392,0.09085911512374878,0.037024497985839844,-0.05563092231750488,-0.36837780475616455,1.9918516874313354,0.0960383415222168,-0.713498170955831,0.0036760967681558265,-0.10677762030535298
25.75306504166656,0.04890419542789459,0.05054748058319092,-0.058981120586395264,-0.45654332637786865,2.0017426013946533,0.06694021821022034,-0.6934527283589469,-3.5713282907539384e-05,-0.10884207646277617
25.763121041665727,0.0377344936132431,0.03076380491256714,-0.044025301933288574,-0.5280481576919556,2.006287097930908,0.03748858720064163,-0.6733023832946557,-0.0042450477191867605,-0.11161350162736533
25.773176041664556,0.05245308578014374,0.05280482769012451,-0.0725671648979187,-0.4767782688140869,1.9791734218597412,0.04512852430343628,-0.6532564787487077,-0.008578494285039678,-0.11444237095117253
25.783232041671,0.07750363647937775,0.09387421607971191,-0.20739120244979858,-0.3151824474334717,1.9555045366287231,-0.0002421502285869792,-0.6334997586948006,-0.0119141171321566,-0.11659554422414269
25.793288041670166,0.0902879536151886,0.10741579532623291,-0.24206185340881348,-0.21413271129131317,1.9130455255508423,-0.03346844017505646,-0.6140414334735976,-0.013909638149883332,-0.11824221423402703
25.803344041669334,0.10429161787033081,0.11266744136810303,-0.1984742283821106,-0.2223043590784073,1.8507702350616455,-0.05978180095553398,-0.5951677531513049,-0.015375802640697322,-0.11984443177315154
25.8134000416685,0.1106463372707367,0.09954088926315308,-0.19578367471694946,-0.26312491297721863,1.8108283281326294,-0.08744107186794281,-0.5768229636741402,-0.017011902617747474,-0.12180904295202327
25.82345604166767,0.09952487051486969,0.08830004930496216,-0.2089189887046814,-0.25494953989982605,1.7912460565567017,-0.11849060654640198,-0.558745601968279,-0.01871687061914982,-0.1241304909509408
25.833511041666497,0.09198679029941559,0.09592223167419434,-0.21686524152755737,-0.17097049951553345,1.7263368368148804,-0.14822442829608917,-0.541119636210286,-0.01992349744745211,-0.1264850890543142
25.843567041665665,0.09514164924621582,0.11372560262680054,-0.265627920627594,-0.00785161554813385,1.625941276550293,-0.1814553439617157,-0.5242633034501032,-0.019880639441188546,-0.12837702835967854
25.853623041664832,0.08791483938694,0.12545067071914673,-0.25976747274398804,0.13923761248588562,1.5339863300323486,-0.18065203726291656,-0.5084402696658896,-0.018468511911798425,-0.12967107074953368
25.863679041671276,0.09109438955783844,0.10297572612762451,-0.26183992624282837,0.2208365947008133,1.4489679336547852,-0.17122578620910645,-0.49347211096335697,-0.016083317060710884,-0.13039680434486517
25.873735041670443,0.09390193223953247,0.07550829648971558,-0.21158719062805176,0.17146123945713043,1.3782116174697876,-0.16236431896686554,-0.47921493567347206,-0.013527044997477783,-0.13092818571578652
25.88379104166961,0.08782137930393219,0.05619525909423828,-0.13847506046295166,0.03490259498357773,1.2970603704452515,-0.1483726054430008,-0.46578613201950053,-0.011871995274969127,-0.13184860820217503
25.893847041668778,0.08461864292621613,0.03493112325668335,-0.1373705267906189,-0.07523158937692642,1.2496362924575806,-0.1438828557729721,-0.4530373970520601,-0.011479589816300432,-0.13327279902040923
25.903902041667607,0.06607608497142792,0.007931828498840332,-0.1305786371231079,-0.08756415545940399,1.23558509349823,-0.15304599702358246,-0.44059735523463656,-0.011668733785638978,-0.13499673376047533
25.913958041666774,0.04670470952987671,0.01972329616546631,-0.09516782313585281,-0.049788810312747955,1.2420058250427246,-0.175236314535141,-0.4281714361962756,-0.011620123376387752,-0.1367913286989928
25.92401404166594,0.03945951163768768,0.036072492599487305,-0.03186500817537308,-0.022904733195900917,1.2420574426651,-0.18267585337162018,-0.41569395644883167,-0.011205635168859357,-0.13859587487103686
25.93407004166511,0.04202099144458771,0.017609596252441406,0.0017480850219726562,-0.027471743524074554,1.262431263923645,-0.18032574653625488,-0.4031376126827195,-0.010746092650891034,-0.1403932937436231
25.944126041671552,0.03524500131607056,0.013964056968688965,0.017298221588134766,-0.02130412869155407,1.2963056564331055,-0.1860579401254654,-0.390289144489201,-0.01028128642701329,-0.14217374377107592
25.95418204167072,0.02679656445980072,0.01324450969696045,0.03020334243774414,-0.020406467840075493,1.2836180925369263,-0.1970764398574829,-0.37731548841511037,-0.00978300400085072,-0.14405826522961612
25.964238041669887,0.046521738171577454,0.04057127237319946,0.008403591811656952,-0.028488362208008766,1.2105563879013062,-0.19286410510540009,-0.36479117694545954,-0.009345988879888037,-0.14597411088076004
25.974293041668716,0.07584592700004578,0.0303802490234375,-0.05799853056669235,-0.05962284281849861,1.1189875602722168,-0.18134726583957672,-0.3531033500363137,-0.009116401004555423,-0.1478842370764897
25.984349041667883,0.07793420553207397,-0.018090426921844482,-0.09245454519987106,-0.10265446454286575,1.0236384868621826,-0.1883910596370697,-0.34237314801424046,-0.009264760367136669,-0.14992720702387538
25.99440504166705,0.06205320358276367,-0.02050483226776123,-0.10673385113477707,-0.1323600858449936,0.9061373472213745,-0.1910325139760971,-0.3326853891139411,-0.009829943809645768,-0.15213000844375718
26.004461041666218,0.06470510363578796,-0.02121412754058838,-0.12770432233810425,-0.15937411785125732,0.7952007055282593,-0.18097534775733948,-0.3241614074678016,-0.01065758567913731,-0.15440148888637661
26.014517041665385,0.06256306171417236,-0.03220564126968384,-0.1304911971092224,-0.18324096500873566,0.7006610631942749,-0.16741779446601868,-0.3166829432533972,-0.011759763604472135,-0.15661813666753815
26.024573041664553,0.05337908864021301,-0.048845887184143066,-0.10141092538833618,-0.2336127907037735,0.6266344785690308,-0.15193843841552734,-0.31007568482887654,-0.013290775663004687,-0.1587828487678915
26.034629041670996,0.042693451046943665,-0.051026225090026855,-0.07125645130872726,-0.2836456596851349,0.5875087380409241,-0.13491074740886688,-0.3040066909483806,-0.015360186559181829,-0.1609507708088831
26.044684041669825,0.036694884300231934,-0.0611802339553833,-0.019531480967998505,-0.2671348452568054,0.5551295280456543,-0.12801049649715424,-0.29830702724763225,-0.017678437216477615,-0.1630475987446533
26.054740041668992,0.03370065987110138,-0.05550616979598999,0.024137087166309357,-0.2401542365550995,0.529630720615387,-0.11943168193101883,-0.29290702538396424,-0.01978784305070102,-0.16498275995117528
26.06479604166816,0.038499146699905396,-0.012607038021087646,0.03577721118927002,-0.23311230540275574,0.5156033039093018,-0.10774253308773041,-0.2876782772193846,-0.02175150408787872,-0.16675389190972809
26.074852041667327,0.0587322860956192,-0.005611896514892578,0.05251669883728027,-0.24284864962100983,0.4300055503845215,-0.1029026135802269,-0.28295456881094394,-0.023753084262719344,-0.16844029511475253
26.084908041666495,0.0757005363702774,-0.030243396759033203,0.013997383415699005,-0.2652985453605652,0.36421269178390503,-0.09519436210393906,-0.27905361247516924,-0.025952283816275973,-0.17009204587032867
26.094963875002577,0.07557611167430878,-0.03727084398269653,-0.0716550275683403,-0.2479218691587448,0.3635013699531555,-0.09171931445598602,-0.2754508926525605,-0.028204665384889003,-0.17171876262767136
26.105018875001406,0.05783414840698242,-0.02204376459121704,-0.05213397741317749,-0.2126656174659729,0.34995147585868835,-0.08618179708719254,-0.27191403830927724,-0.030257036956504692,-0.17322697156617717
26.115074875000573,0.04727017879486084,-0.00835716724395752,-0.030750274658203125,-0.17919239401817322,0.32622283697128296,-0.06419412791728973,-0.2685597627125459,-0.031899081149128164,-0.17447200750915956
26.12513087499974,0.03844514489173889,-0.02556443214416504,-0.017802774906158447,-0.17676357924938202,0.3278694748878479,-0.03221169486641884,-0.2653181589694223,-0.033499151378306787,-0.17540961265281022
26.135186874998908,0.02663169801235199,-0.03486943244934082,-0.015739448368549347,-0.2063305824995041,0.3423425555229187,0.00651144003495574,-0.26196263721585417,-0.035246844724606936,-0.17604448294620267
26.145242874998075,0.016185298562049866,-0.04430145025253296,0.011411130428314209,-0.2557401955127716,0.34235134720802307,0.03583018109202385,-0.25852982697279153,-0.037545761159576106,-0.17643837881396016
26.15529887500452,0.010356366634368896,-0.048649728298187256,0.006439685821533203,-0.32960987091064453,0.3431227207183838,0.07074243575334549,-0.2550637081633975,-0.04053916138592791,-0.17668650792971308
26.165354875003686,0.01721997559070587,-0.0488361120223999,0.0031247809529304504,-0.29623112082481384,0.32703670859336853,0.05689666420221329,-0.25166715099419745,-0.04386698311807282,-0.1768331081998256
26.175409875002515,0.018864765763282776,-0.05204415321350098,0.0031355544924736023,-0.19077716767787933,0.26413801312446594,0.038603704422712326,-0.2487374485219451,-0.04634061448072912,-0.17692810697480632
26.185465875001682,0.03096635639667511,0.0427166223526001,-0.06781870126724243,-0.030641838908195496,0.25536370277404785,0.05678616836667061,-0.24620509752887007,-0.04752667826566872,-0.17675085771984692
26.19552187500085,0.024904489517211914,0.10314798355102539,-0.11634773015975952,0.09018272161483765,0.2647687792778015,0.05502201244235039,-0.24362226142389543,-0.04733269888671061,-0.1761083258804505
26.205577875000017,0.012768581509590149,0.04102438688278198,-0.10854655504226685,0.033604126423597336,0.2781202793121338,0.07388252019882202,-0.24084546544602262,-0.04681834249788707,-0.17531896837428365
26.215633874999185,0.006759375333786011,-0.003535330295562744,-0.12255412340164185,-0.15095272660255432,0.3535808324813843,0.11604800075292587,-0.23767976571471677,-0.047565067109045185,-0.17451637832750233
26.225689874998352,-0.009254023432731628,0.0207899808883667,-0.11114782094955444,-0.30830317735671997,0.4755445420742035,0.16986249387264252,-0.23347495987155012,-0.050203882275158686,-0.17366301724065775
26.235745875004795,-0.012537404894828796,0.07513946294784546,-0.08110653609037399,-0.2792225778102875,0.543043851852417,0.17111192643642426,-0.22827821068372348,-0.053691626477778975,-0.17264560295409795
26.245800875003624,-0.02381916344165802,0.016940772533416748,0.04123967885971069,-0.05420064926147461,0.45096316933631897,0.06724517792463303,-0.22320727622502431,-0.05565267635649419,-0.17180916361216056
26.25585687500279,-0.0002697557210922241,0.02083301544189453,0.007865313440561295,0.016298018395900726,0.37584763765335083,0.035092566162347794,-0.2191007918993964,-0.05587412435822447,-0.17140424995222447
26.26591287500196,0.04075385630130768,0.1603374481201172,-0.09537721425294876,0.14466583728790283,0.40138548612594604,0.06117876246571541,-0.21516633344983557,-0.05524376589900722,-0.17077672470186012
26.275968875001126,0.04284806549549103,0.1441860795021057,-0.12870079278945923,0.27101045846939087,0.3605414032936096,0.03312608599662781,-0.21132529104564537,-0.05320562532187131,-0.1698296369411451
26.286024875000294,0.02008296549320221,0.04960411787033081,-0.1515524983406067,0.2218961864709854,0.3619976043701172,0.04127669334411621,-0.20766964612429986,-0.050750647237564256,-0.16894561033293198
26.29608087499946,-0.004706680774688721,0.008604943752288818,-0.11381959915161133,0.14353586733341217,0.37803915143013,0.024217545986175537,-0.20386679568745822,-0.0489510998395396,-0.1681867192889741
26.30613687499863,-0.015579238533973694,0.011351704597473145,-0.0641142725944519,0.05225122347474098,0.33150866627693176,-0.010369991883635521,-0.200329398450662,-0.048106772458002246,-0.16797765162297518
26.316191875004733,0.002192199230194092,0.008519589900970459,-0.07555044442415237,0.014165624976158142,0.288707435131073,-0.0010069567942991853,-0.19721820339038854,-0.04790637926996119,-0.16797799031335084
26.3262478750039,-0.0045569539070129395,-0.0030090808868408203,0.0022590085864067078,0.055586304515600204,0.2222823202610016,-0.058492884039878845,-0.194608065514045,-0.047464016310124986,-0.16815702599142765
26.33630387500307,-0.012312754988670349,0.045683860778808594,0.08061051368713379,0.014361944049596786,0.15589118003845215,-0.07126804441213608,-0.1927495001927496,-0.047003873690300325,-0.16875040422947138
26.346359875002236,0.0030282139778137207,0.09268975257873535,0.0441889762878418,0.04730258509516716,0.08549930155277252,-0.06933218985795975,-0.1915796363922438,-0.04662238311371001,-0.16934034959535457
26.356415875001403,0.015513107180595398,0.022655844688415527,-0.0458749458193779,0.08239226043224335,0.03629167750477791,-0.10529112815856934,-0.19089127104866999,-0.045785889788555266,-0.17011152507888241
26.36647187500057,0.0029663890600204468,-0.012639999389648438,-0.026528596878051758,0.035570159554481506,0.03209879994392395,-0.1214011162519455,-0.19060564352852477,-0.04493306229162411,-0.1711336045741373
26.3765268749994,-0.009058237075805664,0.006286501884460449,0.013898923993110657,-0.03276078402996063,0.04188697785139084,-0.12006095796823502,-0.19029040843614198,-0.04472318829151141,-0.17230230453196818
26.386582874998567,-0.007203221321105957,-0.0025864243507385254,0.0011814981698989868,-0.05451241880655289,0.04458822309970856,-0.11443609744310379,-0.1896712046745121,-0.04487704509445312,-0.17344455950492949
26.39663887500501,-0.005453258752822876,-0.008718729019165039,-0.00159454345703125,-0.11070866137742996,0.11183863133192062,-0.10832446813583374,-0.18889383580609695,-0.045500783036062996,-0.174722022498186
26.406694875004177,-0.0073283761739730835,-0.03935188055038452,0.0684272050857544,-0.1520284116268158,0.12267211079597473,-0.13354752957820892,-0.18779084221407027,-0.0466054531597588,-0.17618403951605596
26.416750875003345,-0.022344917058944702,-0.05330371856689453,0.1524447798728943,-0.21674251556396484,0.1286277323961258,-0.1336955577135086,-0.1866216774102685,-0.048250540960369535,-0.17784318955343062
26.426806875002512,-0.02362869679927826,-0.02024167776107788,0.18523448705673218,-0.1835363656282425,0.1254814714193344,-0.1299263834953308,-0.1852799162281055,-0.05003278864011895,-0.17955163208749444
26.43686287500168,-0.01587863266468048,0.0007309317588806152,0.12895768880844116,-0.1304897964000702,0.1462012678384781,-0.13033588230609894,-0.18403431813839113,-0.05131448028246911,-0.18118831056652207
26.44691787500051,-0.005084916949272156,-0.030687570571899414,0.08574098348617554,-0.15834563970565796,0.17049703001976013,-0.11650769412517548,-0.18250598000646345,-0.05243397140929407,-0.18262445018956736
26.456973874999676,-0.012202173471450806,-0.06805843114852905,0.05608934536576271,-0.22634956240653992,0.23795382678508759,-0.0633976012468338,-0.18054228565296848,-0.05425925073906166,-0.1839438561701932
26.467029874998843,-0.017805323004722595,-0.0845026969909668,0.037223342806100845,-0.2546786665916443,0.25011277198791504,-0.052593424916267395,-0.17812772055519244,-0.056461218363016985,-0.18495394643946222
26.47708587499801,-0.01108783483505249,-0.0747607946395874,0.036982834339141846,-0.3192708492279053,0.29497435688972473,-0.0019648957531899214,-0.17541058426813316,-0.05928369607391519,-0.1858005102314052
26.487141875004454,-0.0018190890550613403,-0.08173590898513794,0.007836572825908661,-0.33922138810157776,0.30948272347450256,0.034119073301553726,-0.1724490597821087,-0.06266746447114273,-0.1862505587791918
26.49719787500362,-0.0038616806268692017,-0.112326979637146,0.015117458999156952,-0.2841174602508545,0.30635857582092285,0.04248656705021858,-0.1693596785724749,-0.06595888652903281,-0.18642780841575893
26.50725387500279,-0.0061345696449279785,-0.10781139135360718,0.045185331255197525,-0.24140143394470215,0.28736332058906555,0.05588705837726593,-0.16634795008955494,-0.06875666867168101,-0.18641804967132122
26.517308875001618,0.009224876761436462,-0.07405859231948853,0.009313583374023438,-0.24562618136405945,0.26806336641311646,0.10724692046642303,-0.16352829252557236,-0.07132871831504574,-0.1860196753268147
26.527364875000785,0.02387624979019165,-0.09508353471755981,-0.03060859441757202,-0.24673539400100708,0.24071326851844788,0.14451652765274048,-0.16087948599640126,-0.07391763098730955,-0.18511753875543466
26.537420874999953,0.016530632972717285,-0.12742018699645996,-0.04925394058227539,-0.2516533434391022,0.19479049742221832,0.1723066121339798,-0.15857360019205605,-0.07673158360171836,-0.18396007475637502
26.54747687499912,0.013836458325386047,-0.10200411081314087,-0.1056138277053833,-0.24419358372688293,0.17366977035999298,0.2106100618839264,-0.15661133778192868,-0.07954296573169285,-0.1824711887072158
26.557532874998287,0.019550949335098267,-0.09168481826782227,-0.12182986736297607,-0.2078256756067276,0.11412882059812546,0.2559468150138855,-0.15495450245637582,-0.08213722217254164,-0.18048157536073556
26.56758887500473,0.02590838074684143,-0.11138826608657837,-0.11713433265686035,-0.20668265223503113,0.024808261543512344,0.2911143898963928,-0.15404884580427794,-0.08459734493209664,-0.17807181251102297
26.577644875003898,0.020511358976364136,-0.10787439346313477,-0.1451348066329956,-0.14576731622219086,-0.039849162101745605,0.32314375042915344,-0.15387150614065304,-0.08686678628695714,-0.1752957021378417
26.587699875002727,0.015771672129631042,-0.08257818222045898,-0.171919584274292,-0.03508021682500839,-0.10805778205394745,0.34753990173339844,-0.15436224750327576,-0.08837942592762085,-0.1721098956673901
26.597755875001894,0.017173558473587036,-0.05290353298187256,-0.19347316026687622,0.10977780818939209,-0.2014489769935608,0.3773348033428192,-0.15558389730045724,-0.08853906616180726,-0.16842645352805086
26.60781187500106,0.033816128969192505,-0.028144896030426025,-0.2360849380493164,0.2073773443698883,-0.301099956035614,0.4202471077442169,-0.1577431244133729,-0.08755479952266605,-0.1642079137790692
26.61786787500023,0.05244848132133484,-0.05736351013183594,-0.2534177899360657,0.25712117552757263,-0.41569989919662476,0.4514670670032501,-0.1609476622959658,-0.08594189655905743,-0.1594856386291213
26.627923874999397,0.06246647238731384,-0.10378849506378174,-0.28043198585510254,0.26683372259140015,-0.5116524696350098,0.46509552001953125,-0.1651745721102788,-0.08404218412708543,-0.15448250453230364
26.637979874998564,0.06742465496063232,-0.08073598146438599,-0.28973907232284546,0.23084135353565216,-0.610328733921051,0.4821908473968506,-0.1703851366880233,-0.08236341681724985,-0.14935745944847906
26.64803487500467,0.08692491054534912,-0.07447129487991333,-0.302406370639801,0.17530858516693115,-0.7149739265441895,0.5013024806976318,-0.17661781942254381,-0.0811654377778577,-0.14408488761153307
26.658090875003836,0.1108328104019165,-0.10397893190383911,-0.27197033166885376,0.06983150541782379,-0.7957561016082764,0.4977034628391266,-0.1838051367811184,-0.08086410217558496,-0.13890782419964118
26.668146875003004,0.12127336859703064,-0.0844336748123169,-0.21798580884933472,-0.00021415762603282928,-0.8912901282310486,0.5089841485023499,-0.19186431709599222,-0.08150450423633789,-0.1338668356968338
26.67820287500217,0.14850905537605286,-0.026489436626434326,-0.20141196250915527,0.02222612500190735,-1.006792426109314,0.5533177256584167,-0.2009386499648882,-0.08249185710481971,-0.12859404144419595
26.68825887500134,0.1663612723350525,0.014313995838165283,-0.21137970685958862,0.19202686846256256,-1.1362494230270386,0.5806196928024292,-0.21123376267851726,-0.08266996061987979,-0.1227552840865348
26.698314875000506,0.14755137264728546,0.020586609840393066,-0.24608755111694336,0.3375971019268036,-1.2102044820785522,0.5980452299118042,-0.2225272706326835,-0.08123909663111827,-0.11634636502192176
26.708370874999673,0.12438558042049408,0.031701624393463135,-0.23255324363708496,0.3527563214302063,-1.2876766920089722,0.617557942867279,-0.2345269794346285,-0.0791409492114302,-0.10956154439337615
26.718425874998502,0.1254516839981079,-0.0008108615875244141,-0.24782788753509521,0.19428062438964844,-1.3751651048660278,0.5970929861068726,-0.24745899503188992,-0.07783453844614431,-0.10294593793747349
26.728481875004945,0.12483353912830353,-0.028722524642944336,-0.20842361450195312,-0.01878185011446476,-1.379954218864441,0.5861939787864685,-0.2608590096218935,-0.07845765816467207,-0.09692437226231727
26.738537875004113,0.117693230509758,-0.0314335823059082,-0.12083977460861206,-0.19874247908592224,-1.4097198247909546,0.5963045954704285,-0.27442131007038106,-0.08117475007164955,-0.09152334291927913
26.74859387500328,0.13804475963115692,0.045403361320495605,-0.09604501724243164,-0.20585285127162933,-1.4838558435440063,0.6027920246124268,-0.2885310472187592,-0.0848587804840241,-0.08627750930642306
26.758649875002448,0.14860425889492035,0.08163613080978394,-0.07923388481140137,-0.09079940617084503,-1.5503275394439697,0.5920398235321045,-0.30333189392797094,-0.08810764515571914,-0.0809599544972052
26.768705875001615,0.13465791940689087,0.08014583587646484,-0.03319191932678223,0.016633842140436172,-1.6108756065368652,0.5730013847351074,-0.318731807310103,-0.09026443120222252,-0.07548006120025817
26.778761875000782,0.12012115865945816,0.09001922607421875,-0.01237267255783081,0.10855764150619507,-1.6414397954940796,0.5655199885368347,-0.33458706392530024,-0.09145619191753979,-0.06980441446166868
26.78881687499961,0.10968179255723953,0.08016663789749146,0.004139721393585205,0.20217786729335785,-1.6694695949554443,0.5538763999938965,-0.35071828824477597,-0.09186426652964035,-0.06397136290813021
26.79887287499878,0.0916907787322998,0.07924818992614746,0.005597652867436409,0.24941430985927582,-1.6458438634872437,0.5442185997962952,-0.3668551987944088,-0.09163976505133369,-0.057943212122255845
26.808928874997946,0.07134924829006195,0.06653881072998047,0.01490151509642601,0.26618024706840515,-1.674294352531433,0.540269672870636,-0.38301581656008393,-0.09121095849873583,-0.05193432008590138
26.81898487500439,0.07188016921281815,0.043139100074768066,-0.0216599702835083,0.19320541620254517,-1.695320725440979,0.5299704670906067,-0.39949131159105994,-0.09110347404540124,-0.04599342288565561
26.829040875003557,0.07216319441795349,0.008753061294555664,-0.04151201248168945,0.11942493915557861,-1.7094227075576782,0.5119512677192688,-0.41617652820309403,-0.09171544436643767,-0.04056325510439323
26.839096875002724,0.07249034196138382,0.016854822635650635,-0.03264099359512329,0.06692550331354141,-1.7589033842086792,0.48600801825523376,-0.43312466809060546,-0.09297587592272097,-0.035569351181726404
26.849151875001553,0.07757023721933365,0.024210095405578613,-0.07571732997894287,0.0423639714717865,-1.838653326034546,0.43778589367866516,-0.4506682451495948,-0.09476582350593656,-0.03132062267384159
26.85920787500072,0.08030208945274353,0.03988492488861084,-0.04225438833236694,0.007183748297393322,-1.9128360748291016,0.3955205976963043,-0.4690312566168847,-0.09648487378479527,-0.027440681120854404
26.869263874999888,0.0809975191950798,0.05886763334274292,-0.012234924361109734,-0.017312806099653244,-2.0082273483276367,0.3554522693157196,-0.4883388233564495,-0.09842532797542539,-0.0241480612109213
26.879319874999055,0.0779755488038063,0.07953232526779175,-0.06687331199645996,0.0032075161579996347,-2.107607126235962,0.31617990136146545,-0.5086059556694422,-0.10025076980073493,-0.021335563984820557
26.889375874998223,0.08356686681509018,0.13737165927886963,-0.1959688663482666,0.10054472833871841,-2.1450905799865723,0.31495457887649536,-0.5295876492297328,-0.10133882956153176,-0.018277667460638834
26.899431875004666,0.09888917952775955,0.12599867582321167,-0.2606505751609802,0.1395701915025711,-2.222989320755005,0.26637908816337585,-0.5511349150573568,-0.1018384400936488,-0.015069139981890127
26.909487875003833,0.10030130296945572,0.07666391134262085,-0.2736397385597229,0.09096750617027283,-2.2710249423980713,0.21456541121006012,-0.5733841899500446,-0.10219766636015258,-0.01245671528224817
26.919542875002662,0.08333814889192581,0.10626745223999023,-0.2401161789894104,0.0024041293654590845,-2.327712059020996,0.23180179297924042,-0.5961671645026965,-0.10288121876191766,-0.010129079681211246
26.92959887500183,0.06998133659362793,0.049406468868255615,-0.20168840885162354,-0.21820440888404846,-2.3733344078063965,0.1895209103822708,-0.6196214531807118,-0.10495353245487388,-0.008931212854591744
26.939654875000997,0.0755188912153244,-0.08780276775360107,-0.12735247611999512,-0.24686548113822937,-2.5267443656921387,0.22012609243392944,-0.6441767625119205,-0.10802590310441232,-0.00866594829515211
26.949710875000164,0.0815134048461914,0.009563565254211426,-0.16103333234786987,-0.13319218158721924,-2.7320175170898438,0.22713179886341095,-0.6704809411042708,-0.11097391157516205,-0.008135781556639458
26.95976687499933,0.1100316047668457,0.05615353584289551,-0.27265065908432007,0.014233490452170372,-2.9915249347686768,0.30748745799064636,-0.6990932802454817,-0.11316460831937186,-0.006540046099793915
26.9698228749985,0.14562252163887024,0.014848172664642334,-0.3763781785964966,0.15926870703697205,-3.186061382293701,0.40242090821266174,-0.7297689833981816,-0.11472593719567048,-0.0030460161922162858
26.979878875004943,0.15604066848754883,-0.10562539100646973,-0.3683680295944214,0.038283299654722214,-3.318331003189087,0.45580974221229553,-0.7620659882191232,-0.11675858433476421,0.0009246288235369513
26.98993387500377,0.1716594099998474,-0.2414221167564392,-0.2908811569213867,-0.17732222378253937,-3.365084171295166,0.5468400716781616,-0.7953718068361018,-0.12089707380119209,0.00400075914934428
26.99998987500294,0.19108515977859497,-0.30304139852523804,-0.25426769256591797,-0.31277939677238464,-3.3104512691497803,0.6230065226554871,-0.8287703635425162,-0.12693229026152095,0.006195122012873633
27.010045875002106,0.22208073735237122,-0.21192067861557007,-0.2144700288772583,-0.38400590419769287,-3.190932273864746,0.5977264642715454,-0.8612765044370563,-0.13382114769656436,0.007729076249018994
27.020101875001274,0.28828567266464233,-0.11021751165390015,-0.08839046955108643,-0.5606461763381958,-3.0916919708251953,0.5615595579147339,-0.892776070934019,-0.14131280142349203,0.007894177182773344
27.03015787500044,0.37194082140922546,-0.10934185981750488,0.08642041683197021,-0.61264568567276,-3.0950937271118164,0.4524359405040741,-0.9240314911428722,-0.1490493847345686,0.006357403751030343
27.04021387499961,0.4213777184486389,-0.01692575216293335,0.172621488571167,-0.5838502645492554,-3.061462879180908,0.3723072111606598,-0.9554307797328501,-0.15596998935004644,0.0037964970596840995
27.050269874998776,0.43150609731674194,0.20821857452392578,0.2631552219390869,-0.46921873092651367,-3.0074076652526855,0.32865214347839355,-0.9863514920517056,-0.16186759166018921,0.0014086236426193535
27.06032487500488,0.41039344668388367,0.3330824375152588,0.3242276906967163,-0.3393179774284363,-2.9689931869506836,0.2711157500743866,-1.0167258973152689,-0.166612803547643,-0.00039085070800646426
27.070380875004048,0.37056708335876465,0.19879889488220215,0.27071094512939453,-0.3807373046875,-2.860081195831299,0.1851521134376526,-1.0463534600632634,-0.17036107271625908,-0.002198297237990691
27.080436875003215,0.33490681648254395,0.09355020523071289,0.26770520210266113,-0.5163295269012451,-2.6777684688568115,0.08659045398235321,-1.0748162181333365,-0.17372316044910827,-0.005498471569382114
27.090492875002383,0.296627938747406,0.066444993019104,0.2966618537902832,-0.5471012592315674,-2.4717516899108887,0.02829066477715969,-1.101494288948752,-0.17674802188375224,-0.010176782458110854
27.100549125003454,0.2662065625190735,0.06347358226776123,0.29499948024749756,-0.4308445155620575,-2.2820019721984863,-0.013839185237884521,-1.1261572711407435,-0.1789379923042846,-0.014593088915086322
27.11060512500262,0.22076964378356934,0.0718994140625,0.3266119956970215,-0.30957934260368347,-2.150538206100464,-0.039673179388046265,-1.1489891667565977,-0.18031590547852613,-0.018167476651672187
27.12066012500145,0.16898919641971588,-0.008819937705993652,0.32594048976898193,-0.22620247304439545,-2.0848588943481445,-0.08978718519210815,-1.1707893300967074,-0.18074282617109788,-0.020871551277207887
27.130716125000617,0.10307904332876205,0.03154587745666504,0.3696413040161133,-0.1717754453420639,-1.9878253936767578,-0.07389077544212341,-1.1916519341953233,-0.1807284132787922,-0.0230186885447221
27.140772124999785,0.058131009340286255,0.09162747859954834,0.34342122077941895,-0.10018029808998108,-1.9364014863967896,-0.04228856414556503,-1.2116620179189832,-0.1807341868155325,-0.02462483705735547
27.150828124998952,0.03441451117396355,0.033904075622558594,0.19142234325408936,0.017288004979491234,-1.9071913957595825,-0.04964900761842728,-1.231080482595575,-0.1804086086345856,-0.025019014545985655
27.16088412499812,-0.018981395289301872,0.04089343547821045,0.16346561908721924,-0.04110606387257576,-1.8617228269577026,-0.05466458946466446,-1.2500953613849315,-0.17991840311793117,-0.02524331537883904
27.170940125004563,-0.0640527531504631,0.018232345581054688,0.1253340244293213,-0.09314423054456711,-1.8220003843307495,-0.049958519637584686,-1.2687532671012216,-0.17966141351461742,-0.02604386403539138
27.18099612500373,-0.10735896974802017,-0.0183408260345459,0.04458129405975342,-0.15192937850952148,-1.723793387413025,-0.07736844569444656,-1.2868357668623045,-0.17936550185843103,-0.0273797313629787
27.19105112500256,-0.12448155879974365,0.030471980571746826,0.013932943344116211,-0.21354933083057404,-1.6298671960830688,-0.12482970207929611,-1.3040024687780019,-0.17889531658850258,-0.029405889475975125
27.201107125001727,-0.07471386343240738,0.02767735719680786,0.10611069947481155,-0.1908583641052246,-1.6211161613464355,-0.13937798142433167,-1.3207516441470906,-0.17815528691499244,-0.03187738557708063
27.211163125000894,-0.0030601387843489647,0.05842387676239014,0.12875032424926758,-0.020416587591171265,-1.5755412578582764,-0.13873296976089478,-1.337125828923726,-0.17708479528817667,-0.03333631901881794
27.22121912500006,0.039943523705005646,0.1606031060218811,0.09503650665283203,0.17945139110088348,-1.4905736446380615,-0.13000625371932983,-1.3524549403123616,-0.1755701710033314,-0.03284535533253927
27.23127512499923,0.07316844165325165,0.18518614768981934,0.11999545991420746,0.44685593247413635,-1.4572100639343262,-0.14501316845417023,-1.3667461911888088,-0.17363475237702766,-0.02993643161760764
27.241331124998396,0.07938394695520401,0.12726110219955444,0.1012878268957138,0.6603948473930359,-1.3939670324325562,-0.19996173679828644,-1.3801969087824335,-0.17082909623786988,-0.024640191967393317
27.25138712500484,0.04675120487809181,0.13320201635360718,0.07516728341579437,0.7247589230537415,-1.2852312326431274,-0.2579747140407562,-1.3925623037142925,-0.16729788354122932,-0.017988371039763577
27.26144212500367,0.022139079868793488,0.11133992671966553,0.03711366653442383,0.6175196766853333,-1.1554008722305298,-0.31742775440216064,-1.4037774905278286,-0.16323455928461084,-0.011538600938630223
27.271498125002836,0.02201874367892742,0.03791224956512451,0.14842069149017334,0.39025914669036865,-1.0449118614196777,-0.37653714418411255,-1.4140726762261826,-0.1590143553397222,-0.0071186429927978
27.281554125002003,0.032836876809597015,-0.009794175624847412,0.23845970630645752,0.3175124526023865,-0.9815346598625183,-0.4382815957069397,-1.4238316800651492,-0.15447087256925918,-0.004259636466165809
27.29161012500117,0.06777023524045944,0.09350472688674927,0.2351832389831543,0.38968783617019653,-0.9440360069274902,-0.48631489276885986,-1.4330592348416553,-0.14934996754118393,-0.001511993655934263
27.301666125000338,0.12336190789937973,0.227338969707489,0.20670974254608154,0.43350234627723694,-0.9725654125213623,-0.47763198614120483,-1.4421219935035545,-0.14393591351688634,0.0021315871254596456
27.311722124999505,0.18241605162620544,0.20873230695724487,0.2113276720046997,0.41717344522476196,-1.0272119045257568,-0.4345015585422516,-1.4516142560746714,-0.13886132145754282,0.005687616233230449
27.321777124998334,0.18682149052619934,-0.017119109630584717,0.14354634284973145,0.17207255959510803,-0.9903954267501831,-0.4144819676876068,-1.4615472722148952,-0.13427153518121668,0.008183933884309977
27.331833125004778,0.12789709866046906,-0.09826362133026123,0.1905750036239624,-0.027710318565368652,-0.9362834692001343,-0.36389148235321045,-1.471217537362952,-0.13027266744708757,0.008303826311432899
27.341889125003945,0.09984567761421204,-0.042925119400024414,0.09505151957273483,-0.00370875746011734,-0.9266153573989868,-0.329916387796402,-1.480650906635425,-0.12687478057812054,0.007673542310740162
27.351945125003112,0.04645831882953644,-0.04913365840911865,0.03984856605529785,-0.009618844836950302,-0.9623568654060364,-0.37691718339920044,-1.4901478640291697,-0.12335838997697493,0.007307375784449157
27.36200112500228,-0.033910658210515976,-0.06940257549285889,0.04406559839844704,-0.0977664589881897,-0.9962003231048584,-0.3982166349887848,-1.5001033490834104,-0.1194933828052539,0.006489231329647746
27.372057125001447,-0.0759909600019455,-0.07482659816741943,0.0654909610748291,-0.15525291860103607,-1.030996322631836,-0.4227510094642639,-1.5104362441444454,-0.11547130773182478,0.005005606749913844
27.382113125000615,-0.08636339008808136,-0.08990985155105591,0.11440026760101318,-0.20594987273216248,-1.0298758745193481,-0.4086875021457672,-1.5210939226108513,-0.1113827512787404,0.0028446808552498853
27.392168124999444,-0.05546945333480835,-0.018626153469085693,0.10630059242248535,-0.13978736102581024,-1.0590298175811768,-0.368584007024765,-1.5317893544147954,-0.10758424624290766,0.0008430345704474327
27.40222412499861,-0.028392594307661057,0.01925790309906006,0.06427597999572754,-0.06644834578037262,-1.1575720310211182,-0.3336467444896698,-1.5430337891749002,-0.10409345506292132,-0.0003515042390718881
27.412280125005054,-0.03306584432721138,-0.02615201473236084,-0.05176389217376709,-0.03957812115550041,-1.1962077617645264,-0.3263198435306549,-1.5550241536898703,-0.10081413875968445,-0.0008197664491287241
27.42233612500422,-0.06039390712976456,-0.0772247314453125,-0.07772195339202881,-0.15033988654613495,-1.1927810907363892,-0.32392823696136475,-1.5671390267811212,-0.09755660877362139,-0.001754036857511191
27.43239212500339,-0.040484219789505005,-0.11223125457763672,0.010770797729492188,-0.2772592008113861,-1.233297348022461,-0.30589598417282104,-1.579501385880069,-0.09437769290569693,-0.0039348260186061815
27.442448125002556,0.030913520604372025,-0.09889888763427734,0.0367882177233696,-0.37703654170036316,-1.260277271270752,-0.2886989414691925,-1.5923980491856853,-0.0913449205918371,-0.007302852717586938
27.452504125001724,0.07688087970018387,-0.04487401247024536,-0.04550588130950928,-0.39844968914985657,-1.246009349822998,-0.304872065782547,-1.6053250750917296,-0.08831508883226913,-0.011130384330827185
27.462559125000553,0.05988933891057968,-0.004173159599304199,-0.07686257362365723,-0.2790537476539612,-1.2197507619857788,-0.37123018503189087,-1.6180132604988102,-0.08482647940260511,-0.014448608867328834
27.47261512499972,0.03684036433696747,0.0020198822021484375,-0.0869140550494194,-0.14704084396362305,-1.2731319665908813,-0.4577682614326477,-1.630633990590412,-0.0805026978465641,-0.016417531846830466
27.482671124998888,0.0703815221786499,0.05872678756713867,-0.11170636862516403,-0.05401130020618439,-1.33885657787323,-0.4129936397075653,-1.6437583496951613,-0.07603147191657025,-0.017110607258309308
27.492727124998055,0.12118696421384811,0.10126358270645142,-0.14288067817687988,-0.010978343896567822,-1.4834409952163696,-0.37590619921684265,-1.6578744272136672,-0.0720893742003999,-0.016942162409673004
27.5027831250045,0.1544448733329773,-0.014612197875976562,-0.14328159391880035,0.004398437216877937,-1.716383695602417,-0.324223130941391,-1.6739341343407195,-0.06857991593226752,-0.016676198621750696
27.512839125003666,0.1489374041557312,-0.04602319002151489,-0.26627612113952637,0.0054831430315971375,-1.9942071437835693,-0.2843361794948578,-1.6925444568410304,-0.06557821966478325,-0.016295224336887612
27.522894125002495,0.07219226658344269,-0.10122042894363403,-0.35483646392822266,-0.0849427580833435,-2.243727922439575,-0.2795928418636322,-1.7138706910986305,-0.06268355142329816,-0.016241804102188142
27.532950125001662,-0.013830691576004028,-0.20131123065948486,-0.36877763271331787,-0.26440492272377014,-2.3991591930389404,-0.2161901593208313,-1.7373474989734694,-0.059928304446631074,-0.017594021220116423
27.54300612500083,-0.04441579431295395,-0.2392978072166443,-0.3470935821533203,-0.3685881495475769,-2.4805421829223633,-0.14793184399604797,-1.7620698493442148,-0.057621680057043996,-0.020316084099296163
27.553062124999997,-0.03147941082715988,-0.2522531747817993,-0.2823011875152588,-0.32019585371017456,-2.5117671489715576,-0.039204034954309464,-1.7873951497051783,-0.05602485418748773,-0.023560180083612856
27.563118124999164,0.00040756911039352417,-0.2307978868484497,-0.21524524688720703,-0.17997117340564728,-2.4731063842773438,0.03153852000832558,-1.8126771839678224,-0.05535172870448616,-0.026149493971432576
27.57317412499833,0.04453711211681366,-0.17463505268096924,-0.16044402122497559,0.043395061045885086,-2.3856289386749268,0.08272767812013626,-1.8371204633343388,-0.0557752027315221,-0.026937931554277744
27.583230125004775,0.11462144553661346,-0.09991234540939331,-0.052456147968769073,0.18578366935253143,-2.3746910095214844,0.10768498480319977,-1.860963943061703,-0.05706863349635712,-0.026046976505891467
27.593285125003604,0.17348748445510864,-0.033301353454589844,0.044639475643634796,0.18009249866008759,-2.3741488456726074,0.13168512284755707,-1.8848710845301233,-0.058762153916783216,-0.024603706289695985
27.60334112500277,0.19341528415679932,-0.012499809265136719,0.0054231807589530945,0.08121057599782944,-2.2841432094573975,0.14003579318523407,-1.9082991306041583,-0.06045439557171986,-0.02377329424932757
27.61339712500194,0.18602383136749268,-0.013992905616760254,0.06749962270259857,-0.03877602145075798,-2.1664154529571533,0.1704922318458557,-1.9306418437717798,-0.06199984381725893,-0.024115712610457838
27.623453125001106,0.2011352777481079,-0.010988354682922363,0.1736661195755005,-0.062013253569602966,-2.077195882797241,0.1985628455877304,-1.9520841071818678,-0.06354342950917298,-0.02531478981249929
27.633509125000273,0.23085957765579224,-0.03144639730453491,0.14371740818023682,-0.05586455017328262,-1.909356951713562,0.20626604557037354,-1.97225030853021,-0.06526005681469843,-0.02653850088993826
27.64356512499944,0.21600595116615295,-0.05586421489715576,0.2200688123703003,-0.03530321270227432,-1.7160818576812744,0.23500950634479523,-1.9905653423430703,-0.0670544936216848,-0.027909063479616143
27.653621124998608,0.22153803706169128,-0.06524485349655151,0.29525208473205566,-0.006036670878529549,-1.5158531665802002,0.2804342806339264,-2.006929717814376,-0.0693302512395373,-0.029230987103683537
27.663676125004713,0.2422831505537033,0.0020021796226501465,0.29325640201568604,0.13226403295993805,-1.2862250804901123,0.26681554317474365,-2.0210745436972632,-0.07209048046950901,-0.029888418219545337
27.67373212500388,0.22916649281978607,-0.026288986206054688,0.25973474979400635,0.27228665351867676,-1.053449034690857,0.24167823791503906,-2.032785310256058,-0.07531956626544918,-0.029136142180560213
27.683788125003048,0.18438109755516052,0.01926898956298828,0.31350111961364746,0.30840417742729187,-0.8743144273757935,0.19408541917800903,-2.042280992016866,-0.07859375373590914,-0.027531118365858028
27.693844125002215,0.16564862430095673,0.0262259840965271,0.38318681716918945,0.36278966069221497,-0.7318726181983948,0.17432528734207153,-2.0501134358397555,-0.08184633898048986,-0.025282387963933596
27.703900125001383,0.10697463154792786,0.10448837280273438,0.43631017208099365,0.2553114891052246,-0.6497077345848083,0.15786391496658325,-2.0568085989224056,-0.08479285900074468,-0.0232033353766696
27.71395612500055,0.0637931302189827,-0.023732364177703857,0.5371456146240234,0.12755991518497467,-0.6130109429359436,0.14937882125377655,-2.0630751081696466,-0.08697601032960559,-0.022334378978827115
27.724012124999717,0.046347782015800476,-0.10306495428085327,0.496151328086853,0.1316320300102234,-0.5491053462028503,0.17798049747943878,-2.0688776203124153,-0.08902983382901297,-0.0219782326334146
27.734067124998546,0.011351389810442924,-0.0024825334548950195,0.38652610778808594,0.11066015809774399,-0.4665848910808563,0.20693013072013855,-2.0740014604106167,-0.09134035203166523,-0.02178820494102767
27.74412312500499,-0.064169742166996,-0.10124236345291138,0.26909852027893066,0.15752069652080536,-0.27980437874794006,0.22764477133750916,-2.0777457552563705,-0.09390789768916162,-0.021737893173580155
27.754179125004157,-0.1349021941423416,-0.09336984157562256,0.22888290882110596,0.19064056873321533,-0.11863572150468826,0.25804397463798523,-2.079640373552727,-0.09690001570578055,-0.021279786492018535
27.764235125003324,-0.1315997838973999,-0.02318882942199707,0.23025023937225342,0.047478754073381424,-0.02627423219382763,0.2759513258934021,-2.080350447904992,-0.0998797370503781,-0.021534591531111463
27.77429112500249,-0.15233157575130463,-0.08391320705413818,0.26948869228363037,-0.05695284903049469,0.027567695826292038,0.28515705466270447,-2.080432966077629,-0.10233289669499568,-0.022957124155193128
27.78434712500166,-0.1678236722946167,-0.04961889982223511,0.41238677501678467,-0.07390129566192627,-0.05069461837410927,0.29879865050315857,-2.0807173990550747,-0.10451821496173887,-0.02504901200366454
27.794403125000827,-0.10936350375413895,0.06351691484451294,0.38786137104034424,-0.02099946327507496,-0.1074545681476593,0.2761165201663971,-2.0818011292964282,-0.10674014850634533,-0.027019248025048
27.804458124999655,-0.07490070909261703,0.17293351888656616,0.16987979412078857,0.1008443683385849,-0.14803674817085266,0.18658097088336945,-2.0831780135118034,-0.10898736373219564,-0.02779530406745997
27.814514124998823,-0.09810766577720642,0.21459662914276123,0.09365890920162201,0.08080194890499115,-0.1515989899635315,0.1081242486834526,-2.0847143536227732,-0.11074841135890717,-0.027657549469069332
27.82457012499799,-0.07437486201524734,0.1941184401512146,0.030491583049297333,-0.016600588336586952,-0.07127992063760757,0.07264891266822815,-2.0858899154796346,-0.11172077416989477,-0.027794389945993293
27.834626125004434,-0.0412212535738945,0.16544592380523682,0.017410874366760254,-0.09611911326646805,0.028167041018605232,0.03255901858210564,-2.0861941426144077,-0.11190043395042557,-0.028573107434052062
27.8446821250036,-0.005007302388548851,0.17988020181655884,0.036766521632671356,-0.0854840874671936,0.10201396048069,-0.006601299624890089,-2.0856632332741065,-0.11157450538155038,-0.02949573289592995
27.85473812500277,-0.009668518789112568,0.1748836636543274,0.004726409912109375,0.01384409237653017,0.15662820637226105,-0.06603213399648666,-2.0843721447984773,-0.11105334000119652,-0.029747738468582946
27.864793125001597,-0.05370105057954788,0.1379745602607727,-0.04635215550661087,0.11608760058879852,0.17102113366127014,-0.14191067218780518,-2.0825271807022947,-0.11051258686068251,-0.02853773836825307
27.874849125000765,-0.07754983007907867,0.1464989185333252,-0.02900254726409912,0.0932704359292984,0.1480361819267273,-0.1657707393169403,-2.080701576719919,-0.10971968257783014,-0.026792687543449198
27.884905124999932,-0.05814885348081589,0.08691823482513428,0.0048896074295043945,0.036305371671915054,0.08220776915550232,-0.18956105411052704,-2.0793505235694205,-0.10853063891829655,-0.025354999959237633
27.8949611249991,-0.02119225636124611,0.05262511968612671,0.002151384949684143,-0.003963755443692207,0.017434898763895035,-0.21945025026798248,-2.0788062201879565,-0.10679589476475887,-0.024254056962019394
27.905017124998267,0.007667337544262409,0.08601915836334229,-0.12376606464385986,0.010534227825701237,0.04224437475204468,-0.24946348369121552,-2.078415809186453,-0.10474889214402033,-0.023078907572884357
27.91507312500471,0.008336097933351994,0.05557572841644287,-0.07733810693025589,0.008446309715509415,0.0349116288125515,-0.2566295266151428,-2.0778584102609376,-0.10255122081479752,-0.021774372311646806
27.925129125003878,0.0439477413892746,0.028523564338684082,-0.04143501818180084,0.013732239603996277,0.054988402873277664,-0.2691899836063385,-2.0772915857069942,-0.10032285867741125,-0.020398925116604166
27.935184125002706,0.04701770097017288,0.022436559200286865,-0.0387498214840889,0.03263908624649048,0.1106567233800888,-0.28559187054634094,-2.076292486724297,-0.09799939138484988,-0.01880689553862992
27.945240125001874,0.06378424167633057,-0.003323376178741455,0.03187011927366257,0.002631652168929577,0.16888700425624847,-0.2679484784603119,-2.074737130728658,-0.09566961465811614,-0.01726453390955654
27.95529612500104,0.08965621888637543,0.005725443363189697,0.031040430068969727,-0.03322115167975426,0.21304595470428467,-0.2805902361869812,-2.072670055961821,-0.09319671302160523,-0.01604688680354411
27.96535212500021,0.049609024077653885,-0.017351269721984863,0.058369286358356476,-0.04721517488360405,0.2115367203950882,-0.31582704186439514,-2.0703791608807816,-0.09033352983440655,-0.014979774782062517
27.975408124999376,0.024896100163459778,-0.020908713340759277,0.09903419762849808,-0.04777257516980171,0.16846010088920593,-0.32442107796669006,-2.0683696740317017,-0.08727435652124345,-0.013846792220949691
27.985464124998543,0.018970612436532974,-0.00843667984008789,0.07328832894563675,-0.014727186411619186,0.15168032050132751,-0.3051545023918152,-2.0666650159316395,-0.0843575855819695,-0.012553852143210122
27.995520125004987,0.0007242783904075623,-0.066192626953125,0.06771743297576904,0.009523823857307434,0.1630014181137085,-0.2638067901134491,-2.0650055740705326,-0.08184775057232833,-0.011191545171546562
28.005575125003816,7.602199912071228e-05,-0.07994979619979858,0.047871820628643036,0.01796639896929264,0.2029472291469574,-0.2179170548915863,-2.063064285214733,-0.07979812924048325,-0.009883672072488308
28.015631125002983,-0.002872135490179062,-0.11756885051727295,0.07554733753204346,0.005172307603061199,0.25082847476005554,-0.16643601655960083,-2.060691586028398,-0.07816219465701298,-0.00884180371839585
28.02568712500215,-0.008088439702987671,-0.12166988849639893,0.07350634783506393,-0.01986890658736229,0.26951363682746887,-0.1192956492304802,-2.058025550283032,-0.07690281310063335,-0.008210578680442395
28.035743125001318,-0.030315034091472626,-0.11045604944229126,0.058639995753765106,-0.050228677690029144,0.2562668025493622,-0.08400290459394455,-2.0553735090703045,-0.07584332289536323,-0.008086000273072623
28.045799125000485,-0.03930022567510605,-0.08722692728042603,0.02626275271177292,-0.07738279551267624,0.2636365592479706,-0.05129343271255493,-2.052789206015029,-0.07495729506507574,-0.008362287849695584
28.055855124999653,-0.025656048208475113,-0.060386717319488525,0.03638254851102829,-0.13586342334747314,0.24926559627056122,-0.041676491498947144,-2.050225247659693,-0.07405176267863434,-0.009117116873345016
28.06591012499848,0.0025285184383392334,-0.05216670036315918,0.10581491887569427,-0.1352585405111313,0.22954809665679932,-0.030486205592751503,-2.0479533845114934,-0.07307125538227499,-0.010252639147690173
28.075966125004925,0.031014233827590942,0.0068405866622924805,0.07851289957761765,-0.05942714586853981,0.2564023435115814,-0.02493458054959774,-2.0455855576604565,-0.07238380412960933,-0.011019800893728443
28.086022125004092,0.0241469144821167,0.017173051834106445,0.05431579798460007,0.006491815205663443,0.2962300479412079,-0.02571379579603672,-2.042828147024345,-0.0720468813765007,-0.011133465151514144
28.096078374997887,0.018122419714927673,0.0009590387344360352,0.03624773770570755,0.048228874802589417,0.33889999985694885,-0.022252218797802925,-2.039618182088955,-0.07195449034658227,-0.010799681346306336
28.10613437500433,0.010083332657814026,0.0034052133560180664,0.0017037317156791687,0.11094285547733307,0.37594538927078247,-0.020871208980679512,-2.0359509627358565,-0.07216398436392829,-0.010004322386871671
28.116190375003498,-0.01402037963271141,-0.007227897644042969,-0.006052613258361816,0.12758174538612366,0.3900577425956726,-0.0008615481783635914,-2.032034817899276,-0.07259746311610528,-0.00887983354502313
28.126246375002665,-0.02460988238453865,-0.026369452476501465,-0.010913841426372528,0.04741679131984711,0.39181089401245117,0.03245145455002785,-2.028011827717629,-0.07317600663818544,-0.008098223536411292
28.136301375001494,-0.023600593209266663,-0.07550382614135742,0.037426240742206573,-0.058804191648960114,0.3388161361217499,0.047829609364271164,-2.0243184635498106,-0.07352859381714999,-0.008343862540083995
28.14635737500066,-0.03229668736457825,-0.07606184482574463,0.07078718394041061,-0.13230620324611664,0.28597715497016907,0.07202538847923279,-2.02129323926013,-0.0736022591412682,-0.009556547457596806
28.15641337499983,-0.016101397573947906,-0.027426719665527344,0.01638459414243698,-0.13274694979190826,0.2771836519241333,0.07687713205814362,-2.0185685650389615,-0.0737205716889509,-0.011090505368977861
28.166469374998996,-0.01737438514828682,-0.03158009052276611,0.014311306178569794,-0.14891499280929565,0.2906438112258911,0.0864281877875328,-2.0158628140238073,-0.073855608961802,-0.012739432086843165
28.176525374998164,-0.006665870547294617,-0.009421706199645996,0.012560844421386719,-0.15176111459732056,0.3598220944404602,0.10703945904970169,-2.012771339815041,-0.07406967758042934,-0.014559303348544857
28.186581375004607,0.005926717072725296,-0.011093199253082275,0.02622724324464798,-0.06848233938217163,0.4548048973083496,0.12947507202625275,-2.0087833112161055,-0.0746738882935144,-0.016121613744669763
28.196637375003775,-0.00029726698994636536,0.001997530460357666,0.06862903386354446,0.0337955616414547,0.5639585852622986,0.13284529745578766,-2.0037251407189225,-0.07580266413786405,-0.016848937759093095
28.206692375002604,0.011551719158887863,0.012412190437316895,0.1070471927523613,0.07798437029123306,0.6793721318244934,0.13001658022403717,-1.997457041495968,-0.07727365543193081,-0.016816563211912095
28.21674837500177,0.03073655068874359,-0.012899696826934814,0.17477548122406006,0.13077354431152344,0.7411680817604065,0.09964854270219803,-1.9902195658613586,-0.07876263612256532,-0.016388234411949996
28.22680437500094,0.04231841117143631,0.003684818744659424,0.23002362251281738,0.21554020047187805,0.7741995453834534,0.05125662311911583,-1.9825115498136268,-0.0801347509063655,-0.015124602197925528
28.236860375000106,0.061587776988744736,0.11544263362884521,0.17498362064361572,0.27371588349342346,0.8287760019302368,0.027889778837561607,-1.974302211065713,-0.08149007509806948,-0.012978886643798431
28.246916374999273,0.08033473789691925,0.0815468430519104,0.16784584522247314,0.24646437168121338,0.906082272529602,0.0016475223237648606,-1.9653928049770295,-0.08266106126035094,-0.010582709050664428
28.25697237499844,0.07351522147655487,0.050272345542907715,0.21442711353302002,0.21638263761997223,1.0401020050048828,-0.01615304686129093,-1.9554476896624018,-0.0834658988418253,-0.008399700412561266
28.267027375004545,0.07059244811534882,0.049591004848480225,0.25127339363098145,0.24669837951660156,1.1958609819412231,-0.013582190498709679,-1.944028738207903,-0.08417765851796268,-0.0062808073978032125
28.277083375003713,0.061776578426361084,0.022686123847961426,0.24507367610931396,0.30357256531715393,1.3045893907546997,-0.037629202008247375,-1.9311835565734985,-0.08495009692359069,-0.003579524139575465
28.28713937500288,0.025989901274442673,0.0380062460899353,0.24830973148345947,0.29193732142448425,1.349420428276062,-0.053726572543382645,-1.9175308230459955,-0.08558680725122672,-0.0005544848600585005
28.297195375002048,-0.0029749609529972076,-0.005360960960388184,0.2488386631011963,0.17314249277114868,1.3615599870681763,-0.055840589106082916,-1.9037079080850277,-0.08584697889403103,0.001810597358256547
28.307251375001215,-0.03870071843266487,-0.03659975528717041,0.2750697135925293,0.07672465592622757,1.4038569927215576,-0.06840551644563675,-1.8897007447269476,-0.08563940899679967,0.003131168738868345
28.317307375000382,-0.04654691740870476,0.002690434455871582,0.2956817150115967,0.1394442319869995,1.4848195314407349,-0.06700948625802994,-1.8751310081069632,-0.08529097227237674,0.004252915345546673
28.32736337499955,-0.01601550355553627,0.06486910581588745,0.22224056720733643,0.3904688358306885,1.5996992588043213,-0.08077680319547653,-1.8594171485160744,-0.08534157086531827,0.006897157465166908
28.33741837499838,-0.006858889013528824,0.07399642467498779,0.16667425632476807,0.6510873436927795,1.68183434009552,-0.09713607281446457,-1.8424348878540118,-0.08592678860421102,0.012154706961603791
28.347474375004822,0.009793590754270554,0.07812130451202393,0.11453819274902344,0.8017621040344238,1.6735222339630127,-0.14654052257537842,-1.8248623031771072,-0.08667611089454073,0.019552014618435948
28.35753037500399,0.006849315017461777,0.07486683130264282,0.00910961627960205,0.9238438010215759,1.6334542036056519,-0.22569526731967926,-1.8074594700354296,-0.08697164337548378,0.028390848354421183
28.367586375003157,-0.030008137226104736,0.08790725469589233,-0.08643412590026855,1.1890945434570312,1.5535601377487183,-0.35526469349861145,-1.7904501640371107,-0.08655757861317939,0.03935060186382398
28.377642375002324,-0.044866785407066345,0.10931277275085449,-0.1094667911529541,1.5696570873260498,1.419674038887024,-0.48188602924346924,-1.7742443628422602,-0.08531136662989391,0.05384744516432646
28.38769837500149,-0.023239634931087494,0.11669015884399414,-0.13554704189300537,1.9031658172607422,1.3164703845977783,-0.5421714782714844,-1.758995105145114,-0.08371784560831294,0.07211512719703671
28.39775437500066,-0.014362737536430359,0.07235437631607056,-0.1271941065788269,1.782504677772522,1.241340160369873,-0.562893271446228,-1.7445816385908688,-0.08156919168637526,0.09178820996440913
28.407809374999488,0.021113760769367218,-0.02024012804031372,-0.0376468300819397,1.136572241783142,1.1966361999511719,-0.4635060131549835,-1.731077101439979,-0.07887886489938209,0.10732534257071455
28.417865374998655,0.05748327076435089,-0.11165940761566162,0.022370345890522003,0.3972207307815552,1.218163251876831,-0.3779338598251343,-1.7183204603509317,-0.07586165731325026,0.11550974925327726
28.427921374997823,0.0762394592165947,-0.14837592840194702,0.028498239815235138,-0.019809652119874954,1.2893726825714111,-0.30590277910232544,-1.7055545809119446,-0.07272029134906327,0.11764544814180064
28.437977375004266,0.10264065861701965,-0.06570011377334595,0.015452153980731964,-0.11449701339006424,1.3896126747131348,-0.26868537068367004,-1.6921507323981888,-0.06975872107779131,0.11713001590001813
28.448033375003433,0.11681235581636429,0.04448080062866211,-0.025080792605876923,0.0511571541428566,1.5121575593948364,-0.25232386589050293,-1.6775978636854252,-0.06713060095886693,0.11698868480995707
28.4580893750026,0.1252322494983673,0.05594605207443237,-0.02480161190032959,0.22598275542259216,1.5895134210586548,-0.3019377589225769,-1.6618213066030731,-0.0645233396485718,0.11868229562861715
28.46814437500143,0.1255127489566803,0.03171205520629883,0.05146999657154083,0.3296273648738861,1.578210473060608,-0.3775296211242676,-1.6456668195048154,-0.061367601998212055,0.1218051316236145
28.478200375000597,0.141057550907135,0.054705798625946045,0.030629940330982208,0.3291333317756653,1.633780598640442,-0.4088606536388397,-1.6293597099816877,-0.057583864121866286,0.1254600540720052
28.488256374999764,0.1559995859861374,0.10357165336608887,0.0047383978962898254,0.21287041902542114,1.7376177310943604,-0.4594027101993561,-1.6122483771608596,-0.05338225631844004,0.12842626073268837
28.49831237499893,0.15150663256645203,0.03283834457397461,0.07838285714387894,0.1281225085258484,1.8246314525604248,-0.5060674548149109,-1.5942538170141383,-0.04858199082857858,0.13022933795683225
28.5083683749981,0.13519945740699768,0.06373590230941772,0.17096632719039917,0.12416043877601624,1.962584376335144,-0.5038723945617676,-1.5751815683027601,-0.04349099492719788,0.1314753860706953
28.518424375004543,0.12414289265871048,0.14887148141860962,0.22186726331710815,0.14896884560585022,2.149766683578491,-0.4979974627494812,-1.554457299268888,-0.038490028458590037,0.132794563398251
28.52848037500371,0.11677828431129456,0.09057921171188354,0.25475579500198364,0.23726235330104828,2.3243870735168457,-0.5348049998283386,-1.5318630301394298,-0.033270213166144064,0.1345808410152006
28.53853537500254,0.09347052872180939,0.053769826889038086,0.25809234380722046,0.23948822915554047,2.428518772125244,-0.5509759783744812,-1.5078939244028078,-0.027647306749632162,0.1367901047818636
28.548591375001706,0.06588367372751236,0.09793835878372192,0.27881020307540894,0.12482397258281708,2.468687057495117,-0.542762279510498,-1.4831453466935816,-0.0220766345178682,0.13822315648347297
28.558647375000874,0.03766922652721405,-0.031555771827697754,0.34981971979141235,-0.01139006856828928,2.3973658084869385,-0.6145432591438293,-1.4585722165824369,-0.016251900238890837,0.13816584089393574
28.56870337500004,0.04390901327133179,-0.0839463472366333,0.2915431261062622,-0.032270316034555435,2.293724775314331,-0.6575412750244141,-1.4350732313345886,-0.009848137290022386,0.1370763230938966
28.57875937499921,0.058293238282203674,0.08207148313522339,0.10571783781051636,-0.021429654210805893,2.304473638534546,-0.6321755051612854,-1.4119874158679768,-0.003481348968487223,0.13586751731244404
28.588815374998376,0.04316672682762146,0.0619511604309082,0.0571674108505249,-0.05204268917441368,2.310641288757324,-0.6405665278434753,-1.3887298786467814,0.002764218936093693,0.13445673098548686
28.59887137500482,0.038629546761512756,-0.052687883377075195,0.09899377822875977,-0.16623930633068085,2.276154041290283,-0.6502463221549988,-1.3656502540359536,0.008959214287877867,0.132132864063008
28.608926375003648,0.051356345415115356,-0.016737520694732666,0.052121520042419434,-0.22885674238204956,2.2715749740600586,-0.6019315123558044,-1.342742816736803,0.014686335661334841,0.12882773498919173
28.618982375002815,0.06275518238544464,0.0007961392402648926,-0.006289124488830566,-0.23784758150577545,2.23445987701416,-0.5706745386123657,-1.3199835765416204,0.0198195631210319,0.12514452249969665
28.629038375001983,0.07602141797542572,-0.03759050369262695,-0.07482849061489105,-0.20818138122558594,2.1263580322265625,-0.5472425222396851,-1.297981980219391,0.0246562748296665,0.1214736551735856
28.63909437500115,0.06930303573608398,-0.055641770362854004,-0.1464008241891861,-0.19795724749565125,2.007006883621216,-0.5475701093673706,-1.277096082307497,0.029369809082723655,0.11795864667552942
28.649150375000318,0.047876834869384766,-0.05577486753463745,-0.19193397462368011,-0.19703201949596405,1.867937445640564,-0.5672368407249451,-1.2574987119476178,0.0341149313144428,0.11437303243128397
28.659206374999485,0.040072962641716,-0.045628905296325684,-0.2764570116996765,-0.21017125248908997,1.7389123439788818,-0.5678339004516602,-1.239212078503541,0.03887592143986169,0.11060807688025784
28.669262374998652,0.04158593714237213,-0.028864920139312744,-0.2971639037132263,-0.23321163654327393,1.5967463254928589,-0.533241331577301,-1.2222667459450716,0.043400426261145375,0.10669429694329163
28.679317375004757,0.04947924613952637,-0.04701966047286987,-0.3180350661277771,-0.27494654059410095,1.4914944171905518,-0.47569358348846436,-1.2065914085578064,0.04726398641369152,0.10250375644324089
28.689373375003925,0.05172765254974365,-0.11927342414855957,-0.3405699133872986,-0.27002450823783875,1.4345699548721313,-0.4350806474685669,-1.1917019472731425,0.050506564398417664,0.09823242282750029
28.699429375003092,0.06569156050682068,-0.1238359808921814,-0.3085763454437256,-0.24645261466503143,1.4176095724105835,-0.37111523747444153,-1.1772105640365926,0.05332512258487236,0.09425491256959354
28.70948537500226,0.10405784845352173,-0.09488445520401001,-0.2696821093559265,-0.16871969401836395,1.3901785612106323,-0.3108244240283966,-1.1629379713072685,0.05560154261091861,0.09094484325162844
28.719541375001427,0.13181714713573456,-0.1339905858039856,-0.2371334284543991,-0.08645516633987427,1.3252238035202026,-0.2761386036872864,-1.1491189021403914,0.0577879635268408,0.08858630678830678
28.729597375000594,0.16309218108654022,-0.11545544862747192,-0.17719006538391113,-0.08245110511779785,1.215064287185669,-0.2392871230840683,-1.1361973671108514,0.059787571940069964,0.08672062337401742
28.739652374999423,0.19525986909866333,-0.08856940269470215,-0.1379331350326538,-0.13395345211029053,1.0475331544876099,-0.22177843749523163,-1.1247126694565417,0.06143008712969521,0.08477829978623146
28.74970837499859,0.220502108335495,-0.07158637046813965,-0.15341335535049438,-0.22855904698371887,0.9161801338195801,-0.187313973903656,-1.1147221351557837,0.06245101931193098,0.0822148077140352
28.759764375005034,0.20731566846370697,-0.05353140830993652,-0.14894478023052216,-0.3112661838531494,0.855972170829773,-0.17314410209655762,-1.1056402241909864,0.06286714814227873,0.07896460455432824
28.7698203750042,0.17850424349308014,-0.051172852516174316,-0.09576921164989471,-0.41540005803108215,0.8457484245300293,-0.15181444585323334,-1.096876406125037,0.0626619467729393,0.07499175469534004
28.77987637500337,0.14198456704616547,-0.041906893253326416,-0.005432352423667908,-0.5250540971755981,0.918843686580658,-0.10831889510154724,-1.0877413162949463,0.06162362383013321,0.07015952461826508
28.789932375002536,0.10029980540275574,-0.026873230934143066,0.11102336645126343,-0.5672821402549744,1.0715703964233398,-0.0821596309542656,-1.0774569168381216,0.059878618217517776,0.0648395674187027
28.799988375001703,0.06450523436069489,-0.01719963550567627,0.24339187145233154,-0.61640864610672,1.2946466207504272,-0.05677064508199692,-1.0652629193314322,0.057627920780623856,0.05922731119516073
28.810043375000532,0.04040764272212982,0.002314448356628418,0.3661714196205139,-0.6073246598243713,1.5495723485946655,-0.03479216247797012,-1.0506674765436304,0.054970487938139335,0.05365846020886151
28.8200993749997,0.020314648747444153,0.01602005958557129,0.49703913927078247,-0.5660243630409241,1.8328956365585327,-0.047383323311805725,-1.03334083877153,0.05229499245933078,0.04832169141786163
28.830155374998867,0.008981943130493164,0.02011483907699585,0.6150393486022949,-0.49811431765556335,2.0177855491638184,-0.10208652168512344,-1.013653350539378,0.05013318041640062,0.04330182928651386
28.840211374998034,0.03945876657962799,0.07645761966705322,0.535061776638031,-0.30539652705192566,2.105998992919922,-0.12313907593488693,-0.9926786704775195,0.0489079040990281,0.039259668558233485
28.850267375004478,0.06804051995277405,0.13899236917495728,0.38855624198913574,-0.20946094393730164,2.1527740955352783,-0.1718573421239853,-0.9711008425811508,0.04874921248906988,0.03640898371623797
28.860323375003645,0.04948796331882477,0.12278515100479126,0.3229355812072754,-0.29153209924697876,2.154845952987671,-0.21863442659378052,-0.9492413833458049,0.04896638833514425,0.03327357374108603
28.870379375002813,0.031208917498588562,0.015501976013183594,0.27855372428894043,-0.5170997381210327,2.166672468185425,-0.24071656167507172,-0.927331904336583,0.04846561588739793,0.028630500600232405
28.88043437500164,-0.001499667763710022,-0.015092790126800537,0.28341609239578247,-0.673086941242218,2.2454566955566406,-0.20760254561901093,-0.904889903180852,0.04656350880470122,0.02241394161344979
28.89049037500081,-0.0257730633020401,-0.0015903711318969727,0.29946792125701904,-0.7708173394203186,2.367671012878418,-0.16708998382091522,-0.8814179534262566,0.043423416613152424,0.015507070648849292
28.900546374999976,-0.01588357985019684,0.003408074378967285,0.32561594247817993,-0.8166961073875427,2.527261734008789,-0.14595620334148407,-0.8564684820311742,0.03935819595197863,0.008324561823769479
28.910602374999144,0.0012959986925125122,0.0008019208908081055,0.27857351303100586,-0.6625160574913025,2.5840721130371094,-0.17407304048538208,-0.8304626338754965,0.03557120094101351,0.001619902249297345
28.92065837499831,0.03907100856304169,0.09761488437652588,0.10819704085588455,-0.4261322617530823,2.5671145915985107,-0.21425002813339233,-0.8043660866998275,0.03324284839150271,-0.003721299575142861
28.930714375004754,0.060891762375831604,0.15889286994934082,-0.039244405925273895,-0.2690841853618622,2.4628312587738037,-0.2704750597476959,-0.778867758186197,0.03255205768065188,-0.007878560163972254
28.940769375003583,0.08311474323272705,0.0971863865852356,-0.1673794835805893,-0.27616313099861145,2.289318561553955,-0.30927732586860657,-0.7548098078446782,0.032651615980882044,-0.011864481463098365
28.95082537500275,0.09171468019485474,0.052659690380096436,-0.2690567970275879,-0.38712936639785767,2.1155197620391846,-0.33102160692214966,-0.7325359559549594,0.032376835863271815,-0.016507212801731952
28.960881375001918,0.07249252498149872,0.009657859802246094,-0.3429889678955078,-0.5250097513198853,1.9838364124298096,-0.3280505836009979,-0.711804440595557,0.031075635139619685,-0.02212286271507748
28.970937375001085,0.04946795105934143,-0.03339904546737671,-0.34983086585998535,-0.5951878428459167,1.9123753309249878,-0.3054705262184143,-0.6920797991958888,0.02874077833867615,-0.028304328344904893
28.980993375000253,0.036032095551490784,-0.03107994794845581,-0.29825061559677124,-0.6045216917991638,1.8972663879394531,-0.2657902240753174,-0.6728239239040638,0.025829962200912472,-0.034413699697232784
28.99104937499942,0.04269251227378845,-0.013879001140594482,-0.2295016050338745,-0.5756008625030518,1.9146432876586914,-0.20925387740135193,-0.6535415212819761,0.022578264388779364,-0.03998783238252658
29.001105374998588,0.07657109200954437,-0.012918710708618164,-0.1731243133544922,-0.5622687935829163,1.9383312463760376,-0.17272676527500153,-0.6340474126205682,0.019071260320011593,-0.04498575908601297
29.011160375004692,0.11717769503593445,0.01706010103225708,-0.1643313765525818,-0.5112963318824768,1.8916531801223755,-0.1844470202922821,-0.6147162918177642,0.015696159154207273,-0.04962013999244203
29.02121637500386,0.15120269358158112,0.06694537401199341,-0.15040069818496704,-0.5084510445594788,1.782532811164856,-0.20935370028018951,-0.5962071456125704,0.012576419111326034,-0.05420952932591274
29.031272375003027,0.1749972403049469,0.0872545838356018,-0.15076524019241333,-0.4852578938007355,1.6631449460983276,-0.23930791020393372,-0.5788827746058328,0.009663163185667525,-0.05888164600495842
29.041328375002195,0.17538268864154816,0.07238316535949707,-0.12907403707504272,-0.5202816724777222,1.5440449714660645,-0.2767445147037506,-0.5627181332365055,0.006827016245736007,-0.06379984861468103
29.051384375001362,0.16955748200416565,0.07630473375320435,-0.09337770938873291,-0.5657072067260742,1.464619517326355,-0.2709719240665436,-0.5476155155210668,0.0035918302282819886,-0.06909119857990748
29.06144037500053,0.14994361996650696,0.06432324647903442,-0.044900715351104736,-0.5712210536003113,1.4378875494003296,-0.254982054233551,-0.5330294251334872,1.0179592973810459e-05,-0.07434865151148032
29.07149537499936,0.1214500367641449,0.04879724979400635,0.019420266151428223,-0.5762844085693359,1.4496269226074219,-0.24805457890033722,-0.5185679502304502,-0.003732608499227234,-0.07943319524951246
29.081551374998526,0.10499595105648041,0.05277740955352783,0.06581181287765503,-0.6353514790534973,1.5122617483139038,-0.21160416305065155,-0.503721387473128,-0.0079553923651098,-0.0844361304483801
29.09160737500497,0.10008421540260315,0.026040971279144287,0.13373017311096191,-0.7144918441772461,1.5665957927703857,-0.1986132711172104,-0.488325982861013,-0.012956322079365297,-0.08947792226392294
29.101663166671642,0.09218128025531769,0.008582353591918945,0.12890654802322388,-0.7110821604728699,1.6096268892288208,-0.1928563117980957,-0.47243375156464734,-0.01851758114148151,-0.09460274840463025
29.11171916667081,0.08810172975063324,0.023128807544708252,0.0651937797665596,-0.6304547190666199,1.6319752931594849,-0.20864814519882202,-0.456222394306607,-0.023675030774543183,-0.09944055080453065
29.121775166669977,0.085519939661026,0.049338340759277344,0.03376573324203491,-0.5564465522766113,1.6233080625534058,-0.220549538731575,-0.43999982273605237,-0.028134661106502368,-0.10400602159415522
29.131831166669144,0.08505095541477203,0.028507590293884277,0.006681147962808609,-0.538399338722229,1.585920810699463,-0.21522292494773865,-0.42400476573476786,-0.03218477499995905,-0.10829199807464666
29.141886166667973,0.07934480905532837,-0.013919055461883545,-0.01588040590286255,-0.5493220686912537,1.558855652809143,-0.1982087939977646,-0.4083323096095917,-0.03637729840698989,-0.11243123739296897
29.15194216666714,0.06850361824035645,-0.02907341718673706,-0.04940444231033325,-0.5996702909469604,1.5366945266723633,-0.17753875255584717,-0.39294410024759796,-0.04092204807652744,-0.11644073373775936
29.161998166666308,0.05890743434429169,-0.02851051092147827,-0.06405031681060791,-0.6791528463363647,1.5102168321609497,-0.15352556109428406,-0.377770659495858,-0.04629761815319612,-0.12040579168725002
29.172054166665475,0.05178533494472504,-0.04336738586425781,-0.07289683818817139,-0.7957955598831177,1.4863224029541016,-0.12724554538726807,-0.3629533840469236,-0.05275406623017715,-0.12444198436697866
29.182110166664643,0.050307124853134155,-0.05668926239013672,-0.08332657814025879,-0.9074496626853943,1.4783936738967896,-0.0823449045419693,-0.3483192934126503,-0.06045189071209628,-0.1284337988789352
29.192166166671086,0.05381175875663757,-0.039813220500946045,-0.11029815673828125,-0.8939798474311829,1.4740389585494995,-0.06352554261684418,-0.333700954962403,-0.06878741364194395,-0.13213722409126588
29.202222166670254,0.06389901041984558,0.020641684532165527,-0.1327318549156189,-0.7044407725334167,1.411831021308899,-0.07996230572462082,-0.3193871383954246,-0.07631729524549018,-0.13545258456333673
29.212277166669082,0.08494704961776733,0.06833863258361816,-0.16847330331802368,-0.5206823348999023,1.2889431715011597,-0.07824632525444031,-0.30604545139142075,-0.08191543505513599,-0.13812157170597417
29.22233316666825,0.100444495677948,0.09255462884902954,-0.22528165578842163,-0.3490719199180603,1.159058690071106,-0.10620632022619247,-0.2938716189275304,-0.08581569274368554,-0.14029087095177364
29.232389166667417,0.10369940102100372,0.0766763687133789,-0.2629895806312561,-0.31284233927726746,1.0371142625808716,-0.14147527515888214,-0.28300691641179787,-0.08858896645984443,-0.14240287773938196
29.242445166666585,0.09970740973949432,0.024873673915863037,-0.257343053817749,-0.4118266999721527,0.9065184593200684,-0.1562289297580719,-0.27345166286629735,-0.09161605649728097,-0.14484714424661355
29.252501166665752,0.10011933743953705,0.0018265247344970703,-0.2515549063682556,-0.5641961693763733,0.7890180349349976,-0.1567654311656952,-0.26515488384499003,-0.09593080036025921,-0.1476699544710851
29.26255716666492,0.10372120141983032,-0.006938278675079346,-0.2759173512458801,-0.6773650646209717,0.6785341501235962,-0.16554933786392212,-0.25806247845862945,-0.101544430369088,-0.15081163426373587
29.272612166671024,0.10496686398983002,0.003542006015777588,-0.26621782779693604,-0.714863121509552,0.5939490795135498,-0.16134768724441528,-0.25205787858802536,-0.10795999242323599,-0.154205006865515
29.28266816667019,0.0986701250076294,0.014411211013793945,-0.25115716457366943,-0.5761352777481079,0.49752774834632874,-0.1568823605775833,-0.24690315328213025,-0.1139080007864569,-0.1573546193423618
29.29272416666936,0.0910564512014389,0.05458426475524902,-0.2299286127090454,-0.3887915313243866,0.41651397943496704,-0.14291197061538696,-0.24261589547843146,-0.11832335778797241,-0.16003428918512208
29.302780166668526,0.08201634883880615,0.05765718221664429,-0.21246862411499023,-0.19263562560081482,0.35604825615882874,-0.1174905076622963,-0.23896227959638836,-0.12082212534229655,-0.1619984243987366
29.312836166667694,0.07081630825996399,0.026421546936035156,-0.17354977130889893,-0.03996645286679268,0.324468731880188,-0.09195281565189362,-0.23571343749586357,-0.12165291449041596,-0.16329737595289937
29.32289216666686,0.05785560607910156,-0.00385892391204834,-0.11873698234558105,0.02104017697274685,0.2908857464790344,-0.07251759618520737,-0.23270627593444665,-0.12152797583409125,-0.16408738817688961
29.33294816666603,0.053682923316955566,-0.03442263603210449,-0.07695591449737549,0.004480462521314621,0.260434091091156,-0.05054454877972603,-0.23001201112767325,-0.12122926405127706,-0.1646482765834697
29.343003166664857,0.053009033203125,-0.0568656325340271,-0.06161081790924072,-0.06003275141119957,0.2322022020816803,-0.03925434499979019,-0.22761993651266302,-0.12135550634416932,-0.16514233080424073
29.3530591666713,0.045408859848976135,-0.06854307651519775,-0.04431259632110596,-0.11143361777067184,0.21653056144714355,-0.015361101366579533,-0.22544487376344638,-0.12215715089694565,-0.16563563028613618
29.363115166670468,0.037360936403274536,-0.07137441635131836,-0.04131877422332764,-0.13742101192474365,0.2028573602437973,0.006975628901273012,-0.2233626596677554,-0.1233688213885845,-0.16594209045036498
29.373171166669636,0.02951847016811371,-0.05603986978530884,-0.03168666362762451,-0.1551109254360199,0.18899120390415192,0.02830406092107296,-0.22142141718419237,-0.12489844806641129,-0.16610081226973775
29.383227166668803,0.018199309706687927,-0.06808865070343018,-0.013919351622462273,-0.14898087084293365,0.19503073394298553,0.061497703194618225,-0.21948776191526775,-0.12650869089682015,-0.1659857219609183
29.39328316666797,0.006365373730659485,-0.06527036428451538,-0.008612750098109245,-0.10814169049263,0.2093525379896164,0.08236987888813019,-0.21740164682603386,-0.1279331452455012,-0.1655525344106344
29.403339166667138,0.0004181116819381714,-0.04595601558685303,-0.011709453538060188,-0.0818517655134201,0.22447636723518372,0.11655580997467041,-0.21507228126336805,-0.12906877209815612,-0.1647705546291565
29.413394166665967,0.0007452964782714844,-0.048949599266052246,0.00037932582199573517,-0.033695150166749954,0.21973514556884766,0.08880535513162613,-0.21270649263417854,-0.1298438235606801,-0.16378136747349864
29.423450166665134,-0.010718181729316711,-0.07803428173065186,0.04499328136444092,-0.061615731567144394,0.20744864642620087,0.07491564005613327,-0.21044416774248328,-0.1304345697356664,-0.16307805647772589
29.433506166671577,-0.002207651734352112,-0.03797793388366699,0.04687225818634033,-0.10463790595531464,0.16564594209194183,0.07685881108045578,-0.20852674400004204,-0.1314287432720621,-0.1625143861888114
29.443562166670745,0.003705725073814392,-0.006578803062438965,0.01979696750640869,-0.11737793684005737,0.14115071296691895,0.07862795144319534,-0.2068960374373871,-0.13273488273014167,-0.16195222464065112
29.453618166669912,-0.0024390220642089844,-0.028645694255828857,0.01805269718170166,-0.10905533283948898,0.12406773120164871,0.07985527068376541,-0.20543269188707777,-0.13401938602698474,-0.16138176856616332
29.46367416666908,-0.006652861833572388,-0.015279114246368408,-0.013380886986851692,-0.07608219981193542,0.1368064433336258,0.09152257442474365,-0.2040440095737468,-0.13512343196145257,-0.16071712433689442
29.473730166668247,-0.002171546220779419,0.018088996410369873,-0.05020546913146973,-0.028395861387252808,0.14013952016830444,0.09439093619585037,-0.2025361678693275,-0.13580226778334267,-0.15990936439794445
29.483785166667076,-0.0015070587396621704,0.024255096912384033,-0.048727624118328094,-0.01656316965818405,0.18142597377300262,0.10451094806194305,-0.2007525037277669,-0.13613499703661944,-0.1590056212299955
29.493841166666243,-0.001889154314994812,0.021257758140563965,-0.037212252616882324,-0.01338158082216978,0.20486977696418762,0.11292451620101929,-0.19866803425684734,-0.13648390188089435,-0.15789793300843227
29.50389716666541,0.00011770427227020264,-0.01917499303817749,-0.02239191345870495,-0.03134353458881378,0.21335381269454956,0.1249215230345726,-0.19635028275925331,-0.1369020697954825,-0.15676086117984447
29.513953166664578,0.008119046688079834,-0.042376160621643066,0.006543397903442383,-0.06667929142713547,0.22316262125968933,0.09086839854717255,-0.19404847392729113,-0.13764134665528882,-0.15582918234882878
29.52400916667102,0.009685918688774109,-0.04327690601348877,0.042594075202941895,-0.10321120172739029,0.1798393875360489,0.05645876005291939,-0.19196037999421395,-0.1386302872978807,-0.15527329829732245
29.53406516667019,0.015657320618629456,-0.0002875328063964844,0.07455754280090332,-0.1307584047317505,0.14423638582229614,0.06727460026741028,-0.1902812785868822,-0.13998868098851988,-0.15493302967386507
29.544120166669018,0.01717759668827057,0.028470396995544434,0.05152463912963867,-0.08520504087209702,0.13442184031009674,0.07562174648046494,-0.18882285884583425,-0.14114148506378507,-0.15443168195185286
29.554176166668185,-0.0036706924438476562,0.019782304763793945,0.0456693172454834,-0.07860741019248962,0.1630617380142212,0.06586924940347672,-0.1872463025071151,-0.14196098479736374,-0.15389403972620713
29.564232166667352,-0.017284125089645386,0.013406217098236084,0.033259034156799316,-0.04781061410903931,0.2129368782043457,0.07634692639112473,-0.18525559884862633,-0.14262423714012923,-0.15330172595273117
29.57428816666652,-0.01452125608921051,-0.0050833821296691895,0.004261136054992676,0.02302396483719349,0.26129215955734253,0.08278272300958633,-0.18272602737176977,-0.1428662210986902,-0.15252520376126671
29.584344166665687,-0.007946580648422241,-0.023388266563415527,-0.01153421401977539,0.11618532985448837,0.3068125247955322,0.0692935436964035,-0.17972640778653304,-0.1422801844650378,-0.15161604395478376
29.594400166664855,-0.015679776668548584,-0.0236663818359375,0.006757497787475586,0.1846064180135727,0.3600388467311859,0.06820178776979446,-0.1762471320247437,-0.14087354451033146,-0.1506724779030203
29.604456166671298,-0.020517125725746155,-0.02793210744857788,0.012538908049464226,0.20196810364723206,0.40094178915023804,0.06732161343097687,-0.17229352856935037,-0.13915249185588516,-0.14965949865168598
29.614511166670127,-0.021015554666519165,-0.06768977642059326,0.021951671689748764,0.15208381414413452,0.4408615529537201,0.04062171280384064,-0.16799897772658728,-0.13764202180423538,-0.14881238668898863
29.624567166669294,-0.017450064420700073,-0.09393292665481567,0.06577813625335693,0.05500093847513199,0.43786150217056274,0.0187853891402483,-0.16349904184801972,-0.136648838338153,-0.14830975851513953
29.63462316666846,0.002139747142791748,-0.04965144395828247,0.06337296962738037,-0.03608134388923645,0.4167581796646118,0.03737598657608032,-0.15915449896033398,-0.13661002853777288,-0.14805858056234586
29.64467916666763,0.021863818168640137,0.003617227077484131,0.032832980155944824,-0.0749477818608284,0.34681639075279236,0.062477607280015945,-0.1552689245762639,-0.137288514446365,-0.14762558716799046
29.654735166666796,0.024314939975738525,0.0031223297119140625,-0.02630031108856201,-0.06262218952178955,0.2944691479206085,0.0878659263253212,-0.15196596899085618,-0.13809558682854195,-0.14699542967130938
29.664791166665964,0.012118622660636902,-0.02754533290863037,-0.035662174224853516,-0.059984590858221054,0.2790694236755371,0.08926674723625183,-0.1490191628366687,-0.13882810608415694,-0.14615079743773784
29.674846166664793,-0.0025874674320220947,-0.04842352867126465,-0.02796804904937744,-0.1185908168554306,0.26242175698280334,0.0973370298743248,-0.14619168340532812,-0.13982671718296802,-0.14536915141438983
29.684902166671236,0.012984231114387512,-0.026699960231781006,-0.03525888919830322,-0.13405659794807434,0.22695429623126984,0.11850196868181229,-0.1435791390124309,-0.14133066444410547,-0.14444349760937883
29.694958166670403,0.02048458158969879,-0.0277748703956604,-0.06884872913360596,-0.12311939895153046,0.19742052257061005,0.09240785986185074,-0.14133596335082313,-0.14276249511564404,-0.14357053345270496
29.70501416666957,0.01653730869293213,-0.03439813852310181,-0.09198105335235596,-0.05002467706799507,0.15231722593307495,0.07039257884025574,-0.13943652104592583,-0.14383523727825856,-0.14286435240367995
29.71507016666874,0.005497738718986511,-0.0048754215240478516,-0.08288180828094482,0.07366117835044861,0.14612416923046112,0.06325895339250565,-0.13788706825502317,-0.1437618116560182,-0.1422400320460549
29.725126166667906,0.02487461268901825,0.10018318891525269,-0.07159709930419922,0.15772971510887146,0.05352499336004257,0.15358911454677582,-0.1365774192344041,-0.14272392378860413,-0.1409711969201409
29.735182166667073,0.06536261737346649,0.18564379215240479,-0.07308328151702881,0.26522594690322876,-0.12178464233875275,0.1591373085975647,-0.1367128343276685,-0.14088159832673214,-0.13906670446620364
29.745237166665902,0.05094800889492035,0.10513722896575928,-0.08076608180999756,0.35124313831329346,-0.23659005761146545,0.16573475301265717,-0.13826911895395552,-0.13797344919309956,-0.13703886845587038
29.75529316666507,0.025758177042007446,0.001752018928527832,-0.11541903018951416,0.36607107520103455,-0.28791344165802,0.17945173382759094,-0.14064048641621313,-0.13458987918960982,-0.1347617937071878
29.765349166671513,0.007204949855804443,-0.002757847309112549,-0.16839909553527832,0.28816428780555725,-0.32881292700767517,0.17152802646160126,-0.14344682399345945,-0.13154605212354037,-0.1325177217892727
29.77540516667068,0.01532803475856781,-0.02833843231201172,-0.18369132280349731,0.20100000500679016,-0.38974446058273315,0.13415488600730896,-0.14680774084978016,-0.12939518002771608,-0.13061424005549743
29.785461166669847,0.022243410348892212,-0.07032489776611328,-0.17501187324523926,0.1837776005268097,-0.4508482813835144,0.1345042884349823,-0.15082393792011284,-0.12771684446139664,-0.1290024461162634
29.795517166669015,0.030202701687812805,0.0018706917762756348,-0.19797241687774658,0.33610671758651733,-0.5011211633682251,0.12831997871398926,-0.15541211653333442,-0.12546165626077727,-0.12726068714751046
29.805573166668182,0.02358706295490265,0.08473658561706543,-0.1758207082748413,0.5156975388526917,-0.5318666100502014,0.10726822912693024,-0.1603791656922316,-0.12134531939231413,-0.1254127761208321
29.81562816666701,0.031551092863082886,0.12092864513397217,-0.13772714138031006,0.617143452167511,-0.5759859681129456,0.09409502893686295,-0.16568602698167115,-0.11589116067934542,-0.12343069442506327
29.82568416666618,0.04714685678482056,0.08942455053329468,-0.053829967975616455,0.657355546951294,-0.6880393028259277,0.05078430846333504,-0.17177134903044233,-0.1095887231530036,-0.12162894312394135
29.835740166665346,0.06010723114013672,0.08226782083511353,-0.054924726486206055,0.5616863369941711,-0.8333079218864441,0.019084835425019264,-0.17925453296549934,-0.10349195747834862,-0.12017509492012558
29.845796166664513,0.05974504351615906,0.070168137550354,-0.09902602434158325,0.378455251455307,-0.929857611656189,-0.001959995599463582,-0.1880950848218606,-0.0989188358438922,-0.11922172778749807
29.855852166670957,0.028821080923080444,-0.05249375104904175,-0.12418335676193237,0.23080675303936005,-0.949876070022583,0.0074804844334721565,-0.19754670012742204,-0.09588653739848825,-0.11863489706704435
29.865908166670124,-0.0018515735864639282,-0.10019087791442871,-0.1572015881538391,0.17340286076068878,-0.9123526811599731,0.05409059673547745,-0.2068664019896724,-0.09405018026655666,-0.11794912822622938
29.875963166668953,-0.013247266411781311,-0.05058920383453369,-0.16775506734848022,0.2637306749820709,-0.8491101861000061,0.07730763405561447,-0.21560580039457186,-0.09202132015293128,-0.11682180167376773
29.88601916666812,0.0034695714712142944,0.008661627769470215,-0.12276524305343628,0.3270273506641388,-0.8230098485946655,0.12037734687328339,-0.22381435142384795,-0.08924747006029252,-0.1151833820592965
29.896075166667288,0.045773014426231384,0.005830347537994385,-0.09124058485031128,0.3684438169002533,-0.794241189956665,0.1626281589269638,-0.23174428501644448,-0.08617614496444621,-0.11297676347410035
29.906131166666455,0.04550322890281677,-0.06742304563522339,-0.006867107003927231,0.44336065649986267,-0.7436366081237793,0.14094017446041107,-0.23927687427815852,-0.08259253777139643,-0.11051497930795245
29.916187166665622,0.014842644333839417,-0.019143998622894287,0.04644495248794556,0.49774494767189026,-0.6755954027175903,0.08256780356168747,-0.24621813194156766,-0.07827899927318986,-0.10826058482865916
29.92624316666479,0.030167490243911743,0.14919817447662354,-0.004529178142547607,0.48399877548217773,-0.6497736573219299,0.04599940776824951,-0.25268693955463967,-0.07352571890390097,-0.10639447049887542
29.936299166671233,0.08070006966590881,0.19001591205596924,-0.0733385682106018,0.46920475363731384,-0.7249586582183838,0.015791811048984528,-0.2594015382926125,-0.069030364894141,-0.10488501948674522
29.946354166670062,0.09462711215019226,0.05183863639831543,-0.11676025390625,0.45584365725517273,-0.8185440301895142,-0.0034918724559247494,-0.2670274529068121,-0.06451306931175373,-0.10357153030165545
29.95641016666923,0.0734667032957077,0.050053954124450684,-0.13266360759735107,0.40430450439453125,-0.8810053467750549,-0.03657560423016548,-0.2755503972474534,-0.06026572569284446,-0.10256883652643226
29.966466166668397,0.0679895430803299,0.1200292706489563,-0.16442668437957764,0.3323988914489746,-0.9485108852386475,-0.04638562351465225,-0.2846832389815831,-0.05662724324190202,-0.10195012887086503
29.976522166667564,0.10454773902893066,0.07194125652313232,-0.2223767638206482,0.308702677488327,-1.1052601337432861,-0.07810746878385544,-0.2949144944119697,-0.05328619775190086,-0.1016241248960391
29.98657816666673,0.1239137053489685,0.005035340785980225,-0.2296464443206787,0.24252472817897797,-1.2684587240219116,-0.10971838980913162,-0.30686347343470843,-0.050325919390102586,-0.10169237543640033
29.9966341666659,0.10506643354892731,0.004008591175079346,-0.17027664184570312,0.191293403506279,-1.3582208156585693,-0.13393856585025787,-0.3201177246751052,-0.04786061762672024,-0.10212304238914816
30.006690166665066,0.06914567947387695,0.01007986068725586,-0.09662574529647827,0.18997620046138763,-1.421329379081726,-0.13458171486854553,-0.3341058042354708,-0.04561144523813365,-0.10280274907446128
30.01674516667117,0.06436417996883392,0.023070335388183594,-0.05954563617706299,0.22824591398239136,-1.483864188194275,-0.13565991818904877,-0.3487341831099087,-0.04318232665108563,-0.10335351221350536
30.02680116667034,0.0728026032447815,0.045570552349090576,-0.048156797885894775,0.24926066398620605,-1.5212957859039307,-0.12923558056354523,-0.36385185352588856,-0.040417385671394426,-0.10372745826319772
30.036857166669506,0.08816546201705933,0.058657944202423096,-0.045117612928152084,0.2786255478858948,-1.5475683212280273,-0.11590725928544998,-0.3793173640507275,-0.03744658292598106,-0.10389142653813928
30.046913166668674,0.10398408770561218,0.021679997444152832,-0.015678882598876953,0.28215745091438293,-1.553039312362671,-0.10055546462535858,-0.3948827387401015,-0.03437058045706751,-0.10379033216382967
30.05696916666784,0.11718471348285675,0.022799193859100342,0.027874350547790527,0.24028871953487396,-1.5760992765426636,-0.0725323036313057,-0.41056917483659405,-0.03160497578435631,-0.1035367585484734
30.06702516666701,0.1272546648979187,0.03598952293395996,0.040259603410959244,0.2211214154958725,-1.5998896360397339,-0.0591411255300045,-0.4265540496891068,-0.02925563702009704,-0.10317051556988631
30.077080166665837,0.12005186080932617,-0.011156797409057617,0.013765394687652588,0.24512432515621185,-1.5590932369232178,-0.0659652054309845,-0.44242961547269893,-0.026878994704547365,-0.10271727335268019
30.087136166665005,0.09215359389781952,-0.04257172346115112,0.05082093924283981,0.29784637689590454,-1.5266263484954834,-0.05959466099739075,-0.4578823318300146,-0.02411014591116097,-0.10207710000993583
30.097191875000135,0.07953645288944244,-0.015295803546905518,0.051272034645080566,0.37046533823013306,-1.5454035997390747,-0.05006302520632744,-0.47328308887107434,-0.020841501720396772,-0.10105841389064447
30.107247874999302,0.09126581251621246,-0.015197515487670898,0.03213757276535034,0.3385092616081238,-1.608059287071228,-0.024404531344771385,-0.489083328264724,-0.01742132725292251,-0.09968291238692636
30.11730387499847,0.09834502637386322,-0.04629749059677124,0.03025895729660988,0.30408236384391785,-1.6598997116088867,-0.004865371156483889,-0.5054943867196132,-0.014548763190992018,-0.09824853048767027
30.127359875004913,0.08844800293445587,-0.07345545291900635,-0.0074672698974609375,0.30821001529693604,-1.7155005931854248,0.017965110018849373,-0.5224181715715768,-0.01190965933836693,-0.0966817428818851
30.13741587500408,0.09315064549446106,-0.02885037660598755,-0.07564687728881836,0.3472779393196106,-1.778825044631958,0.03893372416496277,-0.5399849021118724,-0.009210773240956427,-0.094758843307938
30.14747087500291,0.108034148812294,0.004935264587402344,-0.08965557813644409,0.36319220066070557,-1.90545654296875,0.05086548253893852,-0.5584293538514347,-0.0063883262285189275,-0.09249139477000566
30.157526875002077,0.1370314061641693,0.007728993892669678,-0.18490207195281982,0.3696702718734741,-2.106595754623413,0.056674182415008545,-0.5785896675287244,-0.003563416831260947,-0.0899903262408849
30.167582875001244,0.14786455035209656,0.01943838596343994,-0.27902090549468994,0.29002925753593445,-2.2380926609039307,0.04647640883922577,-0.6004933158457801,-0.0010345242355146206,-0.08765013686669341
30.17763887500041,0.14012204110622406,0.017890214920043945,-0.2836523652076721,0.1481994092464447,-2.341379404067993,-0.0046721589751541615,-0.6235223178704653,0.0006262804036596556,-0.08618544290382374
30.18769487499958,0.14188289642333984,0.014868080615997314,-0.2780616879463196,0.04431669041514397,-2.4296393394470215,-0.030542105436325073,-0.6475205919877693,0.0015784698338557645,-0.0857401088960611
30.197750874998746,0.15744519233703613,0.06735748052597046,-0.25722700357437134,-0.0399913527071476,-2.440511465072632,-0.06909492611885071,-0.6720465638607139,0.0018502560852181518,-0.08613462250855727
30.207806874997914,0.15888890624046326,0.07225954532623291,-0.21892058849334717,-0.0022738021798431873,-2.3613126277923584,-0.0986672043800354,-0.6962016717246688,0.00225400674036611,-0.086892952445107
30.21786187500402,0.18418794870376587,0.08684664964675903,-0.16839414834976196,0.16136354207992554,-2.335146427154541,-0.10377006232738495,-0.7197885784220128,0.0035088114286002535,-0.08716684882578736
30.227917875003186,0.21586593985557556,0.13805890083312988,-0.13302642107009888,0.3713010847568512,-2.297208070755005,-0.10700127482414246,-0.7430702022148878,0.006271598234753279,-0.08604574979770577
30.237973875002353,0.21793706715106964,0.1241077184677124,-0.009912367910146713,0.501781165599823,-2.2567710876464844,-0.08838356286287308,-0.7659577501012614,0.010157690012966547,-0.08367595513633147
30.24802987500152,0.21104532480239868,0.057497501373291016,0.08075398206710815,0.5759419798851013,-2.2323741912841797,-0.06301002949476242,-0.7885585756365824,0.014598619402764688,-0.0803516340031896
30.25808587500069,0.19730718433856964,0.009841620922088623,0.13082736730575562,0.5722233057022095,-2.2350680828094482,-0.0421290397644043,-0.8110283683208801,0.01910872488855152,-0.07642221214913192
30.268141874999856,0.18384294211864471,-0.045848548412323,0.1561659574508667,0.49636873602867126,-2.2300477027893066,-0.00013098990893922746,-0.8336166921320812,0.022945619631246493,-0.07261322294907335
30.278196874998685,0.16598345339298248,-0.13411486148834229,0.14860838651657104,0.4569062888622284,-2.1898374557495117,0.06435862183570862,-0.8559286229751764,0.02587454736502899,-0.06877433231717943
30.288252874997852,0.15402530133724213,-0.17029190063476562,0.14666199684143066,0.30532556772232056,-2.1808700561523438,0.12546059489250183,-0.8779672433328356,0.02768748934116609,-0.06513790449162511
30.298308875004295,0.15859486162662506,-0.19051218032836914,0.17013216018676758,0.1464526355266571,-2.1714611053466797,0.1710101217031479,-0.8999214640256257,0.027940943005490264,-0.06242785952007596
30.308364875003463,0.15507714450359344,-0.25199615955352783,0.14872461557388306,0.10498776286840439,-2.1545989513397217,0.23304979503154755,-0.9217510280845803,0.027080091385391213,-0.06023781477414493
30.31842087500263,0.1303991675376892,-0.23152822256088257,0.1619930863380432,0.1520364135503769,-2.097799777984619,0.2880469560623169,-0.9432081421395061,0.025712433628468513,-0.057626448242426805
30.328476875001797,0.0754154622554779,-0.18151092529296875,0.23884540796279907,0.1705874651670456,-2.0994274616241455,0.3204706907272339,-0.9643344734221989,0.024167538893404304,-0.054529709814603936
30.338532875000965,0.05263654887676239,-0.1720215082168579,0.21754485368728638,0.15604087710380554,-2.0894405841827393,0.35195887088775635,-0.9855268415299415,0.022306526598642903,-0.051228986221246074
30.348587874999794,0.033382147550582886,-0.17833268642425537,0.21446973085403442,0.08890736848115921,-2.0455214977264404,0.3954850435256958,-1.006423934971429,0.019842417259504478,-0.04816822277590337
30.35864387499896,0.0324043333530426,-0.143299400806427,0.19639557600021362,-0.004025718197226524,-1.969531774520874,0.45717480778694153,-1.0266557507853042,0.016384811431002275,-0.0455688312742787
30.36869987499813,0.041048139333724976,-0.09285753965377808,0.17862552404403687,-0.05110614374279976,-1.9234400987625122,0.46999287605285645,-1.046245703782793,0.012203432700664528,-0.043419249377095695
30.378755875004572,0.05174471437931061,-0.05288076400756836,0.15521132946014404,-0.11210398375988007,-1.9147979021072388,0.4608435034751892,-1.0655593029966322,0.007726569013319433,-0.04180736694682735
30.38881187500374,0.06459948420524597,0.03016561269760132,0.07736223936080933,-0.23372763395309448,-1.9112250804901123,0.42892950773239136,-1.0848109838729096,0.002967575037779455,-0.04115936460517306
30.398867875002907,0.05116511881351471,0.06264251470565796,0.035918235778808594,-0.46161115169525146,-1.868994951248169,0.3199974000453949,-1.10384756807367,-0.0020222443720691484,-0.04253906601810592
30.408922875001736,0.02037838101387024,-0.0008881092071533203,0.10032045841217041,-0.6052197217941284,-1.7866690158843994,0.27540889382362366,-1.1222518774966947,-0.007087581948343128,-0.04611227785430878
30.418978875000903,-0.004622161388397217,0.03853636980056763,0.12261700630187988,-0.5507040023803711,-1.690393328666687,0.26841554045677185,-1.1397657513091275,-0.012155542079103033,-0.050342103103891006
30.42903487500007,-0.03916792571544647,0.09429484605789185,0.1459980010986328,-0.5773375034332275,-1.564782738685608,0.23667386174201965,-1.1561590021845558,-0.016690154947168627,-0.05439595803798875
30.439090874999238,-0.024980634450912476,0.044317424297332764,0.14128756523132324,-0.7129332423210144,-1.4334759712219238,0.27550020813941956,-1.1713021197743014,-0.021657846702631427,-0.05936127887965291
30.449146874998405,0.011014223098754883,-0.053687870502471924,0.10014355182647705,-0.8061686754226685,-1.3577274084091187,0.3278723359107971,-1.1854373284577207,-0.027384404579225256,-0.06529058579418737
30.45920287500485,0.026909857988357544,-0.05414879322052002,0.04812872037291527,-1.0892988443374634,-1.3828725814819336,0.35551705956459045,-1.1994543749221451,-0.034156118571298986,-0.07266648484908897
30.469258875004016,0.01857200264930725,-0.06870019435882568,-0.03053475171327591,-1.7136263847351074,-1.4157476425170898,0.25951704382896423,-1.213997605509019,-0.04207686762976619,-0.08467174707968729
30.479313875002845,0.0025791972875595093,-0.2631484270095825,-0.03564631938934326,-1.999529242515564,-1.4658077955245972,0.24622510373592377,-1.2291132157090376,-0.05088225502059363,-0.10191639669038349
30.489369875002012,0.016659438610076904,-0.25052589178085327,-0.0283595472574234,-1.7115705013275146,-1.6163743734359741,0.3418925106525421,-1.2454527774268098,-0.05982358211128139,-0.1188201441329493
30.49942587500118,0.04802916944026947,0.12319940328598022,-0.15100431442260742,-1.1674704551696777,-1.7714260816574097,0.24818065762519836,-1.2632803491443412,-0.06726883958628338,-0.1318374483332973
30.509481875000347,0.09261652827262878,0.26591938734054565,-0.286729097366333,-0.6063916683197021,-1.8562713861465454,0.17234767973423004,-1.2819989833144685,-0.07167421376199067,-0.13968804739564925
30.519537874999514,0.1479010283946991,0.15997695922851562,-0.1915077120065689,-0.43265408277511597,-1.9817547798156738,0.14064547419548035,-1.301611246653605,-0.07470032754424875,-0.14405274662337952
30.52959387499868,0.17521220445632935,0.1161310076713562,-0.12490546703338623,-0.5103707313537598,-2.065582275390625,0.09426573663949966,-1.3222711757085939,-0.07694919757125303,-0.14815914635019353
30.53964987499785,0.21371135115623474,0.13706707954406738,-0.12468017637729645,-0.756696879863739,-2.18342924118042,-0.045610323548316956,-1.3441661183009397,-0.07871016208480075,-0.1541853960414184
30.549704875003954,0.1949208676815033,0.11347013711929321,-0.0824834555387497,-0.928996741771698,-2.2338345050811768,-0.15865565836429596,-1.367041757671898,-0.07951836531063708,-0.16279696176392436
30.55976087500312,0.18355827033519745,0.16693443059921265,-0.10368227958679199,-0.8210904598236084,-2.2630832195281982,-0.2432825267314911,-1.3903108237072745,-0.07926910515169824,-0.1721019018699854
30.56981687500229,0.17962102591991425,0.2762356400489807,-0.17694315314292908,-0.4607492685317993,-2.2299976348876953,-0.2782879173755646,-1.4133935913179687,-0.07780370474343361,-0.1790506829497565
30.579872875001456,0.14306937158107758,0.3410786986351013,-0.1981443166732788,0.08044855296611786,-2.171265125274658,-0.29667437076568604,-1.43576152939112,-0.07518067478924857,-0.1814037519269583
30.589928875000624,0.12666001915931702,0.31400495767593384,-0.190043643116951,0.6939319372177124,-2.076237201690674,-0.27271711826324463,-1.4569437535235956,-0.07191424889171842,-0.1779475951686119
30.59998487499979,0.09800496697425842,0.2569531798362732,-0.10427498817443848,1.0520753860473633,-1.9756717681884766,-0.2908530831336975,-1.476662704771514,-0.0681652596155235,-0.16913098714438918
30.61003987499862,0.08601462841033936,0.16994810104370117,-0.03182436525821686,0.7550767660140991,-1.9273357391357422,-0.32042402029037476,-1.495611248250544,-0.06428665754100353,-0.159804993129655
30.620095875005063,0.09651904553174973,-0.044416725635528564,0.11771105229854584,0.16377420723438263,-1.9426943063735962,-0.3115695118904114,-1.5147340349452771,-0.06082218790126687,-0.15536214193381845
30.63015187500423,0.10633209347724915,-0.08818554878234863,0.10475695133209229,0.03275813162326813,-1.9769989252090454,-0.26741671562194824,-1.534424352298315,-0.05794472578428247,-0.15486681473788014
30.640207875003398,0.10476882010698318,0.06755185127258301,-0.0720796287059784,0.11281421780586243,-1.9384243488311768,-0.3140032887458801,-1.5540900105973123,-0.05502771206958966,-0.15421389952881726
30.650263875002565,0.08918773382902145,0.14270758628845215,-0.035216450691223145,0.1888224333524704,-1.9445573091506958,-0.3473564386367798,-1.573469109266596,-0.05167342098518246,-0.1527161766403713
30.660319875001733,0.12233985215425491,0.04378896951675415,0.059310078620910645,0.25327926874160767,-1.996056079864502,-0.33349862694740295,-1.5931789818532827,-0.04825625665788963,-0.15044943061051896
30.6703758750009,0.13923196494579315,0.004643917083740234,0.11472265422344208,0.4405522346496582,-2.0398473739624023,-0.3401067554950714,-1.6133611573421422,-0.04503566549388199,-0.1469087610152655
30.68043087499973,0.11333922296762466,0.020245134830474854,0.16243314743041992,0.6057085990905762,-1.999435544013977,-0.3288787305355072,-1.6334472098727724,-0.041897690384334475,-0.14140715150847072
30.690486874998896,0.11482813954353333,0.006012141704559326,0.22996141016483307,0.781906008720398,-1.9345910549163818,-0.26794907450675964,-1.6529360776799802,-0.03941051109007498,-0.1343162684269523
30.700542874998064,0.11145271360874176,-0.04327058792114258,0.24655520915985107,0.7984938025474548,-1.8698447942733765,-0.2564133107662201,-1.6717936694634055,-0.03757210482651553,-0.12585444856859268
30.710598875004507,0.09726453572511673,-0.09379327297210693,0.3294137716293335,0.6002233028411865,-1.7605217695236206,-0.22476564347743988,-1.68976407625741,-0.035984730798236886,-0.11856129416649626
30.720654875003675,0.07317396253347397,-0.15246117115020752,0.37285637855529785,0.5278488993644714,-1.6867014169692993,-0.18260924518108368,-1.7068557418029686,-0.03465752489773997,-0.11286763652610483
30.730710875002842,0.07045545428991318,-0.0958554744720459,0.2990414798259735,0.6814174056053162,-1.7125425338745117,-0.21944501996040344,-1.7237107866050172,-0.033565743472349245,-0.10656375336505831
30.74076587500167,0.05986841768026352,-0.025420188903808594,0.30874550342559814,0.810768723487854,-1.7484771013259888,-0.2313324213027954,-1.7409105447255218,-0.032492587250959715,-0.09879823709721428
30.750821875000838,0.047647587954998016,-0.038070499897003174,0.2839432954788208,1.1492687463760376,-1.7173093557357788,-0.1745583564043045,-1.7580903422533116,-0.03216398961693467,-0.08898717243971947
30.760877875000006,0.011535197496414185,-0.06515651941299438,0.2779334783554077,1.9120672941207886,-1.652261734008789,-0.07167534530162811,-1.774560084551744,-0.03387922367742107,-0.07382315956386655
30.770933874999173,-0.007142230868339539,0.059237003326416016,0.2975481450557709,2.8093035221099854,-1.526135802268982,0.07247810065746307,-1.7896808002148252,-0.03897988021352152,-0.05044825946670687
30.78098987499834,0.0018099397420883179,0.13053643703460693,0.31370365619659424,2.75949764251709,-1.3014962673187256,0.05500701442360878,-1.8028094923044056,-0.046110465028398745,-0.02246137278936334
30.791045875004784,-0.0028402283787727356,-0.17920535802841187,0.5405082702636719,1.7554841041564941,-1.024623155593872,0.1380728781223297,-1.8134570468474378,-0.05230569731374435,-0.00030605343073680086
30.80110187500395,-0.010921366512775421,-0.5181469917297363,0.711471438407898,0.8471356630325317,-0.874445915222168,0.35646551847457886,-1.8222344439200655,-0.057845833682513656,0.011725045569241076
30.81115687500278,-0.026396363973617554,-0.3807380199432373,0.5407485961914062,0.4531617760658264,-0.7865629196166992,0.4014774560928345,-1.8302986547620639,-0.06326889317512488,0.016603515529646458
30.821212875001947,-0.058427438139915466,-0.09385925531387329,0.29287946224212646,0.37890976667404175,-0.7228522300720215,0.3109216094017029,-1.8376476833755102,-0.06777009277916227,0.019785060402954795
30.831268875001115,-0.0584457665681839,0.026302099227905273,0.26291215419769287,0.3213585913181305,-0.7106949090957642,0.3022764325141907,-1.8447011809964786,-0.07164171485638662,0.022334569198274812
30.841324875000282,-0.04751238226890564,-0.01185375452041626,0.21077704429626465,0.2666732370853424,-0.6291041374206543,0.3003213107585907,-1.851291334485598,-0.07539505964810801,0.024342361362252554
30.85138087499945,-0.04597717523574829,0.029031038284301758,0.14565575122833252,0.3363809585571289,-0.5429530143737793,0.26620087027549744,-1.8570375449730587,-0.07896455993102801,0.02642836671344435
30.861436874998617,-0.010096170008182526,0.1311778426170349,0.11858737468719482,0.34677931666374207,-0.5196558833122253,0.21699538826942444,-1.862102732173775,-0.0822869497676302,0.029052708688307328
30.87149287500506,0.002110309898853302,0.17856532335281372,0.014284010976552963,0.23827598989009857,-0.4696371555328369,0.15583829581737518,-1.8669058298752463,-0.08493474383799716,0.03139388677301855
30.88154787500389,-0.04368497431278229,0.12781083583831787,-0.0970456600189209,0.198558047413826,-0.4208807945251465,0.10426574945449829,-1.8712988175599665,-0.08685902337912166,0.033116096693512675
30.891603875003057,-0.09706433862447739,0.16080200672149658,-0.15095078945159912,0.1695636808872223,-0.407280296087265,0.05431949347257614,-1.8752685521680792,-0.08810867931846965,0.034582109725424845
30.901659875002224,-0.11056342720985413,0.2606474757194519,-0.21988821029663086,0.13932128250598907,-0.5132951140403748,-0.07222827523946762,-1.8796998217244578,-0.0886020564950533,0.036165274555373585
30.91171587500139,-0.12011069059371948,0.20024943351745605,-0.25213754177093506,-0.013701027259230614,-0.6230402588844299,-0.15812960267066956,-1.8852994497998314,-0.08766728584644337,0.03714541756295884
30.92177187500056,-0.10657837241888046,0.15042346715927124,-0.22833716869354248,-0.05389882251620293,-0.7722733616828918,-0.2497294694185257,-1.8923123126971582,-0.08566414015351641,0.0374406235788561
30.931827874999726,-0.07592054456472397,0.2066556215286255,-0.18866217136383057,-0.04765211418271065,-0.9217320680618286,-0.32713186740875244,-1.9007937375536077,-0.08270214300745961,0.037778938791782374
30.941882874998555,-0.036170594394207,0.20968741178512573,-0.2216053009033203,-0.03107224777340889,-0.9736152291297913,-0.3681819438934326,-1.9102995183583003,-0.07934002855271219,0.038580499744027226
30.951938875005,-0.02434191107749939,0.1591746211051941,-0.15792763233184814,-0.05219724029302597,-0.9913992881774902,-0.3982873857021332,-1.9200941978295996,-0.07555439089073965,0.03949793805451074
30.961994875004166,-0.021388858556747437,0.1257200837135315,-0.10871779918670654,-0.21186555922031403,-0.9769705533981323,-0.4297390282154083,-1.9300155248658137,-0.07121412238361453,0.039788392545574446
30.972050875003333,-0.026711367070674896,0.08032834529876709,-0.05801248550415039,-0.2866942584514618,-0.8980770707130432,-0.42409154772758484,-1.9395677869391856,-0.066265470171236,0.038797049504810985
30.9821068750025,-0.030719414353370667,0.056807756423950195,-0.011810783296823502,-0.1265876740217209,-0.8008548617362976,-0.416371613740921,-1.9480845299863416,-0.061528029229739996,0.0383727843453526
30.992162875001668,-0.010543495416641235,0.13937777280807495,0.046517010778188705,0.05149471014738083,-0.756217896938324,-0.4215112626552582,-1.9558128935672214,-0.057529138970023416,0.03957359348022325
31.002218875000835,0.011969596147537231,0.09027212858200073,0.02140330895781517,0.10260574519634247,-0.6387312412261963,-0.43494972586631775,-1.9627586485660624,-0.0538008813514794,0.04196304352986315
31.012273874999664,0.04588001221418381,-0.028609097003936768,0.10901868343353271,0.18010638654232025,-0.5872811079025269,-0.4085790812969208,-1.9687089057323073,-0.0504060614010218,0.04480314494109177
31.02232987499883,0.06924335658550262,-0.007466018199920654,0.12167942523956299,0.24607299268245697,-0.5600449442863464,-0.4223918616771698,-1.9742869959426825,-0.04746553425184154,0.048564774889308986
31.032385874998,0.08032656461000443,0.006880342960357666,0.1422182321548462,0.1925266683101654,-0.5140228271484375,-0.37279659509658813,-1.9795124496065069,-0.044639791979139164,0.05220679516459431
31.042441875004442,0.07890576124191284,-0.05687958002090454,0.14572620391845703,0.1053440049290657,-0.45105186104774475,-0.3104207217693329,-1.9842724222361694,-0.042133793716460324,0.05502072830040431
31.05249787500361,0.06784622371196747,-0.0633918046951294,0.16735398769378662,-0.019454386085271835,-0.34104016423225403,-0.21409261226654053,-1.9882365014135577,-0.0398356322777608,0.05640416227797468
31.062553875002777,0.09570969641208649,-0.08827340602874756,0.12748491764068604,0.03401532024145126,-0.23312993347644806,-0.1630290448665619,-1.991070231510282,-0.03814693745140264,0.05713727734852988
31.072608875001606,0.0817614272236824,-0.10265511274337769,0.1674257516860962,0.16940189898014069,-0.13628675043582916,-0.17299646139144897,-1.992869166249897,-0.03700578793105635,0.058747552956179845
31.082664875000773,0.0531129315495491,-0.1157301664352417,0.2223583459854126,0.29224151372909546,-0.09393303096294403,-0.1363900601863861,-1.9938759992525772,-0.03654323965792679,0.06148986672038141
31.09272087499994,0.06375691294670105,-0.15473395586013794,0.20343971252441406,0.32835105061531067,-0.1438843458890915,-0.14066043496131897,-1.9949113123695443,-0.036601667759861144,0.06497066615845933
31.102777250001964,0.03932972252368927,-0.16420042514801025,0.11068367958068848,0.2523696720600128,-0.18768149614334106,-0.14757594466209412,-1.9964568905651507,-0.03649595463457632,0.06830757901282981
31.11283325000113,-0.019983388483524323,-0.15664994716644287,0.09068584442138672,0.08183415234088898,-0.25709068775177,-0.12515504658222198,-1.998615760891124,-0.03601477318075165,0.07048119054703551
31.1228892500003,-0.03194326162338257,-0.17862921953201294,0.07748937606811523,-0.1412675529718399,-0.28991732001304626,-0.10343335568904877,-2.0014370259390275,-0.034818342225776434,0.07067764288127859
31.132945249999466,-0.016927488148212433,-0.1678234338760376,0.052300095558166504,-0.259550005197525,-0.27222728729248047,-0.04964575916528702,-2.0043291430714647,-0.03323788726143526,0.06909485927867494
31.143000249998295,0.01509615033864975,-0.09153401851654053,0.07810521125793457,-0.35122108459472656,-0.2234864979982376,0.010194910690188408,-2.0069449193519957,-0.03177513575214043,0.0664521113413541
31.153056250004738,0.04409729689359665,-0.10094451904296875,0.11676716804504395,-0.5646140575408936,-0.07096327096223831,0.10548388212919235,-2.0086473424993554,-0.030363354943831928,0.0620702143564961
31.163112250003906,0.04221281409263611,-0.18347102403640747,0.22513854503631592,-0.7522616386413574,0.1567540466785431,0.1778491586446762,-2.008442045628934,-0.02877552302328162,0.05535791661146909
31.173168250003073,0.04987538605928421,-0.2092428207397461,0.30972588062286377,-0.6822394132614136,0.36278414726257324,0.23060131072998047,-2.006061445628944,-0.02756831714973523,0.0477480204692744
31.18322425000224,0.04462401568889618,-0.1717132329940796,0.3138589859008789,-0.37020719051361084,0.5395220518112183,0.19534295797348022,-2.0016562742887265,-0.027268152926169263,0.04187478916145135
31.193280250001408,0.03288578987121582,-0.1293773651123047,0.29020261764526367,0.09563402831554413,0.640706479549408,0.15525412559509277,-1.995731591035696,-0.02816660556385182,0.03991023816406286
31.203336250000575,0.07288742810487747,0.05466818809509277,0.23492825031280518,0.4597928822040558,0.6519681811332703,0.24989019334316254,-1.9890966527932203,-0.031216271526197322,0.041763308525441266
31.213391249999404,0.0923827514052391,0.32796889543533325,0.24529814720153809,0.34407347440719604,0.46326136589050293,0.23901891708374023,-1.9833627933299132,-0.035265233615062,0.044662140771968735
31.22344724999857,0.07035844773054123,0.042532145977020264,0.06454193592071533,0.042289894074201584,0.34763556718826294,0.24547038972377777,-1.9793218757936146,-0.03826267992302428,0.045612861693470695
31.233503250005015,0.0034323185682296753,-0.15446186065673828,-0.08465409278869629,-0.32574963569641113,0.3320733904838562,0.26801297068595886,-1.976012836208192,-0.04008077062301875,0.043267243530372125
31.243559250004182,-0.023315533995628357,0.07848727703094482,-0.1443784236907959,-0.4982878267765045,0.29956352710723877,0.268627405166626,-1.9729655878241208,-0.040914405882445125,0.03833088151177556
31.25361525000335,0.040930964052677155,0.015411555767059326,-0.2142012119293213,-0.5348343253135681,0.22537505626678467,0.29134735465049744,-1.9706240119922698,-0.041524613352757686,0.03234685873781709
31.263671250002517,-0.01907125860452652,-0.02037036418914795,-0.23159945011138916,-0.4927259385585785,0.18764564394950867,0.23715774714946747,-1.9688252905103665,-0.041924785944200085,0.026519155801143533
31.273726250001346,-0.09076859056949615,-0.007960677146911621,-0.14749979972839355,-0.43946218490600586,0.12351299822330475,0.21660161018371582,-1.9673828342459334,-0.042208660588201496,0.021319006001028068
31.283782250000513,-0.1007394939661026,-0.03306490182876587,-0.06006193161010742,-0.41415077447891235,0.056633301079273224,0.22124195098876953,-1.9666783350399346,-0.04257870192199637,0.016545392171638276
31.29383824999968,-0.07796241343021393,-0.0217740535736084,-0.02932501584291458,-0.38037043809890747,0.02232273295521736,0.2146032154560089,-1.9665336884440734,-0.043072013223480816,0.01199684604062243
31.303894249998848,-0.05843650549650192,0.037462592124938965,-0.03193115442991257,-0.30763354897499084,0.038497574627399445,0.19452504813671112,-1.9664206121895387,-0.04358764985502833,0.007941760817918472
31.313950249998015,-0.044211290776729584,0.049260079860687256,-0.04671525955200195,-0.14394313097000122,0.14363038539886475,0.1753111332654953,-1.9656635844062125,-0.044420561219452634,0.005113135201868269
31.32400625000446,-0.027793191373348236,0.09275048971176147,0.015062816441059113,0.002364270854741335,0.2578781247138977,0.17448790371418,-1.9637014777517094,-0.04579377682548336,0.0038650266614618342
31.334062250003626,0.03184123337268829,0.10241413116455078,0.0519329234957695,0.02072756364941597,0.37434667348861694,0.1694372147321701,-1.9605495421969457,-0.04749348408108551,0.0033921393913988193
31.344117250002455,0.07598067820072174,0.11238604784011841,0.08916103094816208,0.012796316295862198,0.5084584355354309,0.16217467188835144,-1.9561068451243127,-0.04909518176198703,0.002779465695887792
31.354173250001622,0.0776267871260643,0.12869322299957275,0.1294267177581787,0.06986945122480392,0.5897610187530518,0.08000949025154114,-1.9505644285029562,-0.050373168427034314,0.0026482174654595273
31.36422925000079,0.07519301772117615,0.10954660177230835,0.1765373945236206,0.10819590091705322,0.6205146312713623,-0.000888019916601479,-1.9444348795643864,-0.051127489463165615,0.0033907926739759663
31.374285249999957,0.06941395998001099,0.12535101175308228,0.20259332656860352,0.1001419648528099,0.6917192935943604,-0.09117423743009567,-1.937753250370746,-0.05107091782194173,0.004519258460467941
31.384341249999125,0.06059669703245163,0.13899141550064087,0.23950529098510742,0.11723146587610245,0.7121201753616333,-0.1164136528968811,-1.9306137228094076,-0.050475565334784644,0.005874245558557719
31.394397249998292,0.06806730479001999,0.13988280296325684,0.19446420669555664,0.12673257291316986,0.7328422665596008,-0.17598110437393188,-1.92328882932262,-0.049593325242383635,0.0075146935697336815
31.404452250004397,0.030444666743278503,0.10016900300979614,0.18325817584991455,0.12480337172746658,0.7826588153839111,-0.2251603752374649,-1.915556153749991,-0.048095037991963345,0.00941923388866271
31.414508250003564,0.01040775328874588,0.04836922883987427,0.19081604480743408,0.10714660584926605,0.834831178188324,-0.21767103672027588,-1.9073500186521253,-0.04639160549089363,0.011257982413613435
31.42456425000273,-0.005006521940231323,0.07464802265167236,0.18571114540100098,0.08588153123855591,0.9020608067512512,-0.2069145292043686,-1.8985414559100202,-0.04468249208959728,0.012802217832607904
31.4346202500019,-0.03377073258161545,0.038559794425964355,0.17140352725982666,0.10268128663301468,0.9833077192306519,-0.19445225596427917,-1.8889800867677033,-0.043066587048850906,0.014322246252368815
31.444676250001066,-0.05892985314130783,-0.022788047790527344,0.17311179637908936,0.12350400537252426,1.0573524236679077,-0.1656499058008194,-1.878656280477331,-0.041669200634541395,0.015931797158612763
31.454732250000234,-0.06250989437103271,-0.012842655181884766,0.1585090160369873,0.14965252578258514,1.1296855211257935,-0.16520223021507263,-1.867587136366393,-0.04050431472135646,0.017764895740890272
31.4647882499994,-0.05476865917444229,-0.01115494966506958,0.18356609344482422,0.16833007335662842,1.1712528467178345,-0.1386248916387558,-1.8558826204022056,-0.0395144714821067,0.019740597277858592
31.47484324999823,-0.0377674475312233,-0.03530299663543701,0.1747126579284668,0.22719751298427582,1.1881054639816284,-0.12706856429576874,-1.8439408784775093,-0.03881014524294855,0.022024903354767734
31.484899250004673,-0.05509083718061447,-0.034464895725250244,0.17596924304962158,0.2423717975616455,1.2644115686416626,-0.12546126544475555,-1.8315428181207853,-0.03817780840897045,0.02465615500961924
31.49495525000384,-0.06326938420534134,-0.04172015190124512,0.21171295642852783,0.2599196434020996,1.3652681112289429,-0.08244695514440536,-1.81823463617293,-0.0377877488159456,0.027356103966512505
31.505011250003008,-0.04808013141155243,-0.04898625612258911,0.25266289710998535,0.26322922110557556,1.474217414855957,-0.06533899158239365,-1.8038813300559124,-0.037689166004616914,0.03005699401312268
31.515067250002176,-0.038296617567539215,-0.05408364534378052,0.31190359592437744,0.23382548987865448,1.6236572265625,-0.02866726741194725,-1.7882210024542957,-0.0377771379021516,0.03262771597905646
31.525123250001343,-0.024050943553447723,-0.07519698143005371,0.3568168878555298,0.19490712881088257,1.7708338499069214,-0.019681548699736595,-1.771038830129656,-0.03802208049059165,0.03478016701047057
31.535178250000172,-0.0200599804520607,-0.08710360527038574,0.37893056869506836,0.20107980072498322,1.8875969648361206,-0.00021650388953275979,-1.7525526830739149,-0.03826506848213318,0.03665560666485556
31.54523424999934,0.004065103828907013,-0.0482255220413208,0.34007060527801514,0.2966626286506653,1.9815845489501953,0.011387261562049389,-1.7329930583148625,-0.038772669581249815,0.039118881596450994
31.555290249998507,0.023157835006713867,0.00456768274307251,0.31589341163635254,0.29424792528152466,2.061530828475952,-0.012575329281389713,-1.7125771122378974,-0.03921686044528754,0.042070809529808344
31.56534625000495,0.03886440396308899,-0.024691283702850342,0.34507906436920166,0.16878609359264374,2.0991644859313965,-0.04843572527170181,-1.6915255716644693,-0.03922264748364916,0.044426011458942434
31.575402250004117,0.07235688716173172,-0.0614851713180542,0.356029748916626,-0.00040293147321790457,2.1132137775421143,-0.059224456548690796,-1.6703212063774682,-0.038764662383630015,0.04525751671478471
31.585458250003285,0.10414723306894302,0.0011714696884155273,0.27911376953125,0.050845518708229065,2.1173553466796875,-0.08889532089233398,-1.6490163313812805,-0.03806405714906825,0.04533609511888464
31.595514250002452,0.09905901551246643,0.08452862501144409,0.1560838222503662,0.2545624375343323,2.1042773723602295,-0.11787424236536026,-1.6277231171723143,-0.03709931152678569,0.04688225329722164
31.60556925000128,0.09207995980978012,0.1358705759048462,0.05654627084732056,0.36437562108039856,2.0723471641540527,-0.14875847101211548,-1.6066447082461044,-0.03592571949577629,0.05012494114307072
31.61562525000045,0.09821035712957382,0.0890008807182312,-0.02295762300491333,0.26069822907447815,2.0062031745910645,-0.1668250858783722,-1.5859803909848764,-0.03438389320115416,0.053354472763858844
31.625681249999616,0.1029227152466774,0.030953705310821533,-0.0637170672416687,0.10500218719244003,1.9062503576278687,-0.17716799676418304,-1.5662500664493209,-0.032695581802681346,0.055139748093791054
31.635737249998783,0.07703055441379547,0.02842533588409424,-0.15467798709869385,0.03889933228492737,1.8318363428115845,-0.21510685980319977,-1.5474644601639316,-0.030714766186832207,0.055768785878241994
31.64579324999795,0.046966493129730225,0.04312777519226074,-0.1986956000328064,-0.0020098828244954348,1.7200456857681274,-0.2664716839790344,-1.5295628792229974,-0.02829750324984371,0.05584223948246733
31.655849250004394,0.04268401861190796,0.026081621646881104,-0.23915964365005493,-0.050569962710142136,1.6119786500930786,-0.2728843092918396,-1.5128421576789126,-0.025586128639279896,0.05544087791040481
31.66590525000356,0.05065545439720154,0.022889673709869385,-0.2568618655204773,-0.13093732297420502,1.5248723030090332,-0.2545936405658722,-1.4971320214054853,-0.022980759616616803,0.05437675152717114
31.67596025000239,0.06880801916122437,0.014865875244140625,-0.2256132960319519,-0.18712416291236877,1.4763177633285522,-0.23434321582317352,-1.4821314489708886,-0.020668308944235155,0.052548525181601184
31.686016250001558,0.10292689502239227,0.0001537799835205078,-0.2390737533569336,-0.14380939304828644,1.4474513530731201,-0.20380841195583344,-1.4674906673357913,-0.018672613170851508,0.05056105896863481
31.696072250000725,0.1364939659833908,0.024210333824157715,-0.2531386613845825,-0.017387818545103073,1.424367904663086,-0.23496659100055695,-1.4530699509515055,-0.016600034959049544,0.04948946131769785
31.706128249999892,0.14839786291122437,0.05249977111816406,-0.21955037117004395,0.03126564621925354,1.3935916423797607,-0.24517065286636353,-1.438916934599713,-0.014138919859580193,0.049341955817101914
31.71618424999906,0.15760450065135956,0.03175163269042969,-0.19510918855667114,-0.03210347145795822,1.386051893234253,-0.23147934675216675,-1.424981384394494,-0.01179136196056905,0.04906036636983839
31.726240249998227,0.16184382140636444,-0.01976609230041504,-0.14393717050552368,-0.10663940012454987,1.3975812196731567,-0.25384002923965454,-1.4109984614139766,-0.009489192533908362,0.047965214067069564
31.736295250004332,0.1637304276227951,-0.011869668960571289,-0.05380767583847046,-0.1485690027475357,1.4194159507751465,-0.24675948917865753,-1.396893420823934,-0.00722651218996536,0.046233618570900886
31.7463512500035,0.167088583111763,0.012669622898101807,-0.00012265890836715698,-0.08665912598371506,1.4530389308929443,-0.24445989727973938,-1.3824337894976149,-0.005050971463773282,0.044566076752116796
31.756407250002667,0.1564626693725586,-0.012191414833068848,0.036465708166360855,0.01207704097032547,1.4671638011932373,-0.2606186270713806,-1.3677855966497452,-0.002586668992083023,0.043715874864935146
31.766463250001834,0.154511496424675,0.0022997260093688965,0.06284433603286743,0.023567160591483116,1.4903937578201294,-0.243657648563385,-1.352966298967294,-7.921490968292062e-05,0.04339089738024701
31.776519250001,0.13720741868019104,0.004415392875671387,0.09104442596435547,-0.008170794695615768,1.542212963104248,-0.23594912886619568,-1.3377065791994545,0.0022871553175691822,0.042968638085745345
31.78657525000017,0.12007519602775574,-0.052837371826171875,0.12380117177963257,-0.10199063271284103,1.5852009057998657,-0.23774194717407227,-1.3219885703034717,0.00445370071909033,0.04187919264425101
31.796631249999336,0.09426973760128021,-0.08007049560546875,0.16188806295394897,-0.22340147197246552,1.6365019083023071,-0.23041746020317078,-1.3057936915818105,0.0063343059695947805,0.03965801919745679
31.806686249998165,0.0688338577747345,-0.07299327850341797,0.1760392189025879,-0.2089417576789856,1.6806138753890991,-0.1966724395751953,-1.2890498608611332,0.00773008051462408,0.03687760591144375
31.81674225000461,0.059105291962623596,-0.05430912971496582,0.1446487307548523,-0.1298655867576599,1.7038236856460571,-0.18206952512264252,-1.2720297226065147,0.009056396928070524,0.03476052034591433
31.826798250003776,0.046432673931121826,-0.031806886196136475,0.13022381067276,-0.11122633516788483,1.7447806596755981,-0.157944455742836,-1.2546793147284134,0.010288798677335847,0.03303361090997328
31.836854250002943,0.039089351892471313,-0.07993823289871216,0.12756860256195068,-0.15889479219913483,1.7412914037704468,-0.12249138951301575,-1.2371340619973978,0.011206058552610493,0.031242093587662022
31.84691025000211,0.047260403633117676,-0.0970001220703125,0.10396641492843628,-0.16198992729187012,1.7380282878875732,-0.0776243656873703,-1.2195936761748662,0.01154781213196762,0.029330296852110534
31.85696625000128,0.05146312713623047,-0.08321040868759155,0.06323730200529099,-0.1451888382434845,1.6870609521865845,-0.059971071779727936,-1.202321615594087,0.01168681741906893,0.02764652413297265
31.867022250000446,0.06312595307826996,-0.04470419883728027,-0.005369603633880615,-0.16146981716156006,1.6339402198791504,-0.029729655012488365,-1.1856084016925097,0.01151868009040341,0.0260374414002386
31.877077249999274,0.04466457664966583,-0.0424843430519104,-0.045973002910614014,-0.1618809998035431,1.5532782077789307,-0.011298716068267822,-1.169543687778976,0.011047040672306243,0.024419374504006212
31.887133249998442,0.015525296330451965,-0.05695497989654541,-0.08547365665435791,-0.13749954104423523,1.4950748682022095,-0.00246066995896399,-1.1542384094861895,0.010503492905857432,0.023026072239630845
31.897189250004885,-0.01972237229347229,-0.025650322437286377,-0.08503085374832153,-0.17109264433383942,1.4813934564590454,0.011188297532498837,-1.1392760574280347,0.009846948927276635,0.021648065350752685
31.907245250004053,-0.020200401544570923,-0.04521447420120239,-0.0637972354888916,-0.21919697523117065,1.5039048194885254,0.06110163405537605,-1.124263542017117,0.008691532053114626,0.019975152230016523
31.91730125000322,0.0010343044996261597,-0.09389650821685791,-0.022066302597522736,-0.20880451798439026,1.5744088888168335,0.11488310992717743,-1.1087915017659187,0.0069201490129195175,0.01838628120760732
31.927357250002387,0.01945433020591736,-0.06837403774261475,0.025988519191741943,-0.15801408886909485,1.6423581838607788,0.1452292650938034,-1.0925726075681543,0.0048986559527149426,0.01728645280934275
31.937412250001216,0.06097722053527832,-0.05952197313308716,-0.013993799686431885,-0.044013213366270065,1.6788064241409302,0.16339708864688873,-1.0758479676824944,0.0030314708918147276,0.01714114299444122
31.947468250000384,0.09327143430709839,-0.05248868465423584,-0.026217520236968994,0.053420133888721466,1.6578997373580933,0.1802445650100708,-1.0590196186395486,0.0015634008305239844,0.0179870725551367
31.95752424999955,0.10707606375217438,-0.007319748401641846,-0.06296712160110474,0.1510918289422989,1.6016480922698975,0.19298511743545532,-1.0425986331903865,0.0004396704843453303,0.019869234878464582
31.96758024999872,0.10414893925189972,-0.0022559762001037598,-0.1086636632680893,0.12089557945728302,1.501019835472107,0.17412514984607697,-1.0269576301826342,-0.00041094272181649673,0.02205346320158481
31.977636249997886,0.10227058827877045,-0.029512405395507812,-0.09236204624176025,-0.04700234532356262,1.3796920776367188,0.14050807058811188,-1.0124813743189485,-0.0015125289579054175,0.023289222848880894
31.98769225000433,0.09313453733921051,-0.04401916265487671,-0.058224745094776154,-0.25044384598731995,1.3134467601776123,0.13053593039512634,-0.9989956017591665,-0.0034842037922910027,0.022724908505996837
31.997748250003497,0.07696054875850677,-0.03839313983917236,-0.018299035727977753,-0.3471040725708008,1.3325339555740356,0.14336279034614563,-0.985751747012362,-0.006333053972090945,0.02084541521417417
32.007803250002326,0.06471982598304749,-0.019696414470672607,0.0341947078704834,-0.31065991520881653,1.4159228801727295,0.17126864194869995,-0.9719732462143915,-0.009524794352203223,0.018923536926595867
32.01785925000149,0.060492709279060364,-0.014085352420806885,0.05398935824632645,-0.19908811151981354,1.5261809825897217,0.1981133073568344,-0.9571865850163636,-0.01252228682884956,0.01787046386540428
32.02791525000066,0.06889509409666061,-0.019193291664123535,0.04961907118558884,-0.10803906619548798,1.595935344696045,0.2198702096939087,-0.94143155389225,-0.01515119427531654,0.01780844356057293
32.03797124999983,0.0917074978351593,-0.013221144676208496,-0.012727856636047363,0.0511508509516716,1.5926820039749146,0.23583027720451355,-0.9253426836236772,-0.017177905453308884,0.018918261112465452
32.048027249998995,0.09917370975017548,0.01587498188018799,-0.09479379653930664,0.15394367277622223,1.5220905542373657,0.2389349490404129,-0.9096440296227134,-0.01845489456758378,0.021196376964878295
32.05808324999816,0.09518542140722275,0.034573137760162354,-0.13039594888687134,0.13035738468170166,1.4472250938415527,0.2014232724905014,-0.8946453725026038,-0.019223510740857822,0.023763172863826943
32.06813825000427,0.09117664396762848,0.011867940425872803,-0.04593157768249512,-0.05178067833185196,1.3144900798797607,0.1742015928030014,-0.8807006577389019,-0.020438238025673554,0.02525044634287415
32.078194250003435,0.09280244261026382,-0.0044152140617370605,0.00143510103225708,-0.26988768577575684,1.1970840692520142,0.18193353712558746,-0.8681695291829767,-0.022796423321210405,0.02518196960806394
32.0882502500026,0.08578439056873322,0.012049317359924316,-0.019400715827941895,-0.34890279173851013,1.2320846319198608,0.20974551141262054,-0.8560518408088293,-0.026397307332261498,0.024003347126394778
32.098304874998576,0.04702962934970856,0.02545982599258423,0.018492579460144043,-0.3324767053127289,1.345834732055664,0.2056216150522232,-0.8431457670267751,-0.03026669815959334,0.022762707131331623
32.10836087500502,0.03244488686323166,0.05865621566772461,0.0172085240483284,-0.1322808563709259,1.4343136548995972,0.22350868582725525,-0.8291624638884095,-0.0335442949089242,0.02237555834574782
32.118416875004186,0.06232409179210663,0.10810494422912598,-0.0739402174949646,0.07594958692789078,1.4651530981063843,0.19187699258327484,-0.8144942136568892,-0.03521789470869378,0.02365616761076416
32.128472875003354,0.080284483730793,0.16281479597091675,-0.09194952249526978,0.1463395208120346,1.436089277267456,0.19290095567703247,-0.7998123032922199,-0.03579491639647977,0.025828995787350387
32.13852787500218,0.0824206992983818,0.10739147663116455,-0.12513774633407593,0.1271972507238388,1.3370378017425537,0.12067923694849014,-0.7856835654666409,-0.03585090838978047,0.027984503643075562
32.14858387500135,0.06347565352916718,0.051138103008270264,-0.09605901688337326,-0.039717357605695724,1.2688874006271362,0.06484228372573853,-0.7725283874800326,-0.03623099925240898,0.028973316275981275
32.15863987500052,0.046909965574741364,0.0674591064453125,-0.07447957247495651,-0.21162866055965424,1.2101887464523315,0.003919012378901243,-0.7601310902600907,-0.037401055126891326,0.02831725373494845
32.168695874999685,0.03810470551252365,0.07112544775009155,-0.05119246244430542,-0.2981949746608734,1.1862982511520386,-0.03773517161607742,-0.7481893183317389,-0.03917341512652337,0.026401823782645516
32.17875187499885,0.03559107333421707,0.07629412412643433,-0.005629248917102814,-0.3814888000488281,1.2086960077285767,-0.06567279994487762,-0.7362938216630704,-0.041327658208671514,0.023703458970136263
32.18880787499802,0.022237204015254974,0.09698385000228882,0.056619226932525635,-0.4706577956676483,1.2855968475341797,-0.06131653115153313,-0.7239280745458242,-0.044100287873052556,0.02034746254907402
32.198862875004124,0.019875138998031616,0.05083423852920532,0.08160649985074997,-0.4870106875896454,1.3670557737350464,-0.07497721165418625,-0.7107503591369702,-0.047324610252455636,0.016645293757806493
32.20891887500329,0.03219153732061386,0.032043278217315674,0.05083495378494263,-0.39850568771362305,1.404213547706604,-0.08048966526985168,-0.6969607917326899,-0.05031173454623501,0.013040254886002172
32.21897487500246,0.055068835616111755,0.10628855228424072,-0.012336842715740204,-0.2186318039894104,1.3813815116882324,-0.07134436815977097,-0.6830461239988368,-0.05225770181696803,0.010477383159319316
32.22903087500163,0.062056295573711395,0.1287248134613037,-0.05345684289932251,-0.18146798014640808,1.339314341545105,-0.09848999232053757,-0.6694396614518536,-0.05321108089833788,0.008627166432357168
32.239086875000794,0.06095780432224274,0.06503933668136597,-0.06793266534805298,-0.2513173520565033,1.2552602291107178,-0.1337641030550003,-0.6565448559414019,-0.05418613245195655,0.006408371468613923
32.24914287499996,0.04448920488357544,-0.018632709980010986,-0.04670590162277222,-0.3796750009059906,1.177039623260498,-0.1677405834197998,-0.6445040377149888,-0.05584950852635512,0.003265964995760392
32.25919887499913,0.028302811086177826,-0.03016352653503418,-0.026656270027160645,-0.4305022358894348,1.1130189895629883,-0.1698777675628662,-0.633201049200378,-0.058129229026692514,-0.0005936336800538175
32.26925387499796,0.026061445474624634,-0.022180140018463135,-0.07413089275360107,-0.38961079716682434,1.0502619743347168,-0.13937751948833466,-0.6225935895143946,-0.06060542648601294,-0.0043735897607498995
32.2793098750044,0.025093570351600647,-0.03883570432662964,-0.14628523588180542,-0.298073410987854,0.9910050630569458,-0.08863656222820282,-0.6124757714643392,-0.06283403360437882,-0.007334560455998458
32.28936587500357,0.0122031569480896,-0.0722845196723938,-0.18227970600128174,-0.27130040526390076,0.902743399143219,-0.05358201637864113,-0.603112581868936,-0.06468561988069224,-0.009480792270524474
32.299421875002736,0.0031267330050468445,-0.06772321462631226,-0.17087960243225098,-0.4494360387325287,0.8533740043640137,-0.02026320993900299,-0.5944487568585244,-0.06741716503285762,-0.011763047267000415
32.3094778750019,0.0015437379479408264,-0.07488423585891724,-0.15171635150909424,-0.6489611268043518,0.7873233556747437,0.015374519862234592,-0.5863933809575615,-0.07202264921897053,-0.014889868579423185
32.31953387500107,0.011754177510738373,-0.09694325923919678,-0.16024237871170044,-0.7424364686012268,0.7182007431983948,0.029787279665470123,-0.5790823184349789,-0.07814884666732261,-0.018590969618378063
32.3295888749999,-0.002780534327030182,-0.06324970722198486,-0.15738356113433838,-0.6475608348846436,0.6709213852882385,0.03262626379728317,-0.5723668603044285,-0.08431422300388451,-0.022205289156954428
32.33964487499907,-0.02371349185705185,0.0026792287826538086,-0.13377350568771362,-0.5017122626304626,0.6701895594596863,0.00827059056609869,-0.5658970941839067,-0.08929449099332229,-0.02519795196450426
32.349700874998234,-0.02345690131187439,0.033522188663482666,-0.09631979465484619,-0.3913065493106842,0.6832578182220459,0.010253660380840302,-0.5592934097400213,-0.09309755983946354,-0.027470258249468034
32.35975687500468,-0.0027479007840156555,0.018827319145202637,-0.05590754747390747,-0.3454495668411255,0.6941272616386414,0.007074645254760981,-0.5525196824830748,-0.09632787515308526,-0.029350089253939938
32.369812875003845,0.01915890723466873,-0.010840833187103271,-0.05047327280044556,-0.2688137888908386,0.6874145865440369,0.02893645502626896,-0.5457343818855988,-0.09907411790187745,-0.030816592179092394
32.37986887500301,0.048644550144672394,0.005866885185241699,-0.06267613172531128,-0.21985822916030884,0.6512411236763,0.02569751814007759,-0.5390962624396016,-0.10128559487732584,-0.03182005288665278
32.38992487500218,0.05954614281654358,0.03985559940338135,-0.027534544467926025,-0.24252644181251526,0.6416481137275696,0.022648997604846954,-0.5327066281724332,-0.10338969453254108,-0.032780270345691455
32.39997987500101,0.05810200423002243,0.020320475101470947,0.021068274974822998,-0.3510763645172119,0.628833532333374,0.02315819449722767,-0.526492244372705,-0.10607808163185062,-0.034103205926133535
32.410035875000176,0.05447003245353699,0.0012894272804260254,0.06892639398574829,-0.4529353678226471,0.6427897214889526,0.027731453999876976,-0.520295252360975,-0.10980390167979469,-0.03592505055264378
32.42009187499934,0.037033505737781525,-0.018409013748168945,0.12728571891784668,-0.45849713683128357,0.6434416770935059,-0.010769332759082317,-0.5140688415950355,-0.11381170765482689,-0.03812250934661916
32.43014787499851,0.027117542922496796,-0.00789034366607666,0.15591919422149658,-0.49516865611076355,0.6972437500953674,0.00013165108975954354,-0.5076421312283338,-0.118024381227382,-0.04059811420571586
32.440203875004954,0.027916237711906433,0.028228402137756348,0.145849347114563,-0.4204174280166626,0.7459527254104614,-0.01240731030702591,-0.5006721447101683,-0.12206908449618865,-0.04285650291569153
32.45025987500412,0.015466161072254181,0.01863718032836914,0.12629544734954834,-0.308429479598999,0.8048655986785889,-0.02511330507695675,-0.4930795723506392,-0.12524448554079803,-0.04482243699851385
32.46031587500329,0.022019825875759125,0.008438289165496826,0.10005795955657959,-0.20176027715206146,0.8211728930473328,-0.04052048921585083,-0.48508498480012474,-0.12736048751876783,-0.04634173000363479
32.47037087500212,0.03570707142353058,0.05221766233444214,0.04901003837585449,-0.0977586954832077,0.8093596696853638,-0.046398404985666275,-0.47700926318656417,-0.12848908985826538,-0.04741873699362291
32.480426875001285,0.04186346381902695,0.05203258991241455,-0.005484102293848991,-0.06531126797199249,0.7591193914413452,-0.055422794073820114,-0.4692195635285232,-0.12896434482110222,-0.04824230245402377
32.49048287500045,0.039883337914943695,0.010722994804382324,-0.03287911415100098,-0.09435366094112396,0.6957284808158875,-0.06899921596050262,-0.4620356610649591,-0.12938078095684125,-0.0491918433147076
32.50053887499962,0.020677641034126282,-0.028553307056427002,-0.04103386402130127,-0.147381991147995,0.6541045904159546,-0.08474116027355194,-0.45542706542841527,-0.13014152661868375,-0.05043716326474828
32.51059487499879,-0.004255734384059906,-0.03921365737915039,-0.041414499282836914,-0.1945202648639679,0.6155815124511719,-0.08967182040214539,-0.4492382396273924,-0.13132982897244022,-0.05199877525501468
32.520650874997955,-0.0062279850244522095,-0.028019189834594727,-0.06821906566619873,-0.19728222489356995,0.5843202471733093,-0.07130799442529678,-0.44340635588019645,-0.13279877435344395,-0.05362788151777882
32.53070587500406,-0.0005081668496131897,-0.007415652275085449,-0.11219644546508789,-0.15426693856716156,0.5536598563194275,-0.048860419541597366,-0.43787412792376146,-0.13418442482940127,-0.05496627577750218
32.54076187500323,0.00404580682516098,-0.00878918170928955,-0.1734551191329956,-0.047532759606838226,0.5078662633895874,-0.03401808813214302,-0.4326231781228852,-0.134997291920003,-0.0557824691066941
32.550817875002394,0.01898650825023651,-0.00961601734161377,-0.2246760129928589,0.044020503759384155,0.44165608286857605,-0.02402164787054062,-0.4278970983544616,-0.1348891871191337,-0.056056746717721026
32.56087387500156,0.03305698186159134,0.018608391284942627,-0.21983695030212402,0.06654791533946991,0.3465958833694458,-0.02546561509370804,-0.42393784899979,-0.13419523179600454,-0.05603482889458352
32.57092987500073,0.04901580512523651,0.019189953804016113,-0.20171892642974854,-0.006347284652292728,0.25238481163978577,-0.024537794291973114,-0.420971665407274,-0.13378242019218572,-0.05613141787974559
32.5809858749999,0.06506383419036865,-0.008608400821685791,-0.1811913251876831,-0.07134439051151276,0.1738591194152832,-0.032963238656520844,-0.4188935185542423,-0.13408250340333286,-0.05655095800641074
32.591041874999064,0.06141208857297897,-0.02613145112991333,-0.15068495273590088,-0.0739942416548729,0.12398131936788559,-0.04694867134094238,-0.4174924535198522,-0.1346177126728769,-0.057240939750074465
32.60109687499789,0.05568910390138626,0.03544563055038452,-0.13220274448394775,-0.00872788392007351,0.11872982978820801,-0.04657129943370819,-0.41637009353223614,-0.13482649654066162,-0.057845471626380464
32.611152875004336,0.04895707964897156,0.0546075701713562,-0.10863959789276123,0.058610230684280396,0.10770674049854279,-0.0562882162630558,-0.41528379112764596,-0.134366790454891,-0.05820189271678555
32.621208875003504,0.051178060472011566,0.02884739637374878,-0.05862569808959961,0.08140929043292999,0.10999599099159241,-0.060841154307127,-0.41424823496523216,-0.13346660297809582,-0.05846231446275312
32.63126487500267,0.046636924147605896,0.013963937759399414,0.0030736923217773438,0.08087949454784393,0.12893399596214294,-0.0569034069776535,-0.41306194280069736,-0.13249225615863516,-0.058668928828854196
32.64132087500184,0.039128899574279785,0.00512242317199707,0.05192244052886963,0.07395821064710617,0.15486067533493042,-0.05477127805352211,-0.411685245354483,-0.13156223358700633,-0.05886908535387644
32.651376875001006,0.031411148607730865,-0.008163034915924072,0.0804133415222168,0.0626692846417427,0.20337533950805664,-0.04262595996260643,-0.4099029697517931,-0.13073971109427907,-0.059047739876946746
32.66143287500017,0.021984420716762543,-0.014688432216644287,0.10992026329040527,0.05197776108980179,0.2696206867694855,-0.02426186576485634,-0.4075170626791904,-0.13009031744498306,-0.059108250712785394
32.671487874999,0.015709303319454193,-0.017534077167510986,0.1333632469177246,0.04988589510321617,0.2948600947856903,-0.009839490056037903,-0.40466285470198315,-0.1295767276962334,-0.059063674639071945
32.68154387499817,0.02261226624250412,-0.021373093128204346,0.12157201766967773,0.06577431410551071,0.31154268980026245,0.007342958357185125,-0.4015642180017095,-0.12904933430484572,-0.058839180197368765
32.69159987500461,0.02244184911251068,-0.02206355333328247,0.10014617443084717,0.05079976096749306,0.3046540319919586,0.009858554229140282,-0.398407455146879,-0.12851280430271092,-0.058504914673600576
32.70165587500378,0.024725720286369324,-0.010045647621154785,0.07937538623809814,0.008013145998120308,0.29088547825813293,0.018650181591510773,-0.39537472362183185,-0.12830572029791681,-0.05822999515165214
32.71171187500295,0.02432969957590103,-0.02294003963470459,0.07234644889831543,-0.044520456343889236,0.25856348872184753,0.019150428473949432,-0.39263281147054996,-0.12856782151747728,-0.058130708743680044
32.721767875002115,0.011350058019161224,-0.03277468681335449,0.06523191928863525,-0.0695621594786644,0.23115184903144836,0.014165258035063744,-0.39020979513671805,-0.12918418950820096,-0.0582045654857321
32.731822875000944,0.0049328431487083435,-0.015465080738067627,0.030347587540745735,-0.05923575535416603,0.22296208143234253,0.025737972930073738,-0.3879512402378572,-0.1298942888886109,-0.058285034857164346
32.74187887500011,0.0003755539655685425,-0.008525073528289795,-0.007355093955993652,-0.026346780359745026,0.2102058082818985,0.02406524121761322,-0.3857729725655179,-0.13044420506215312,-0.05823013749362758
32.75193487499928,-0.001059405505657196,-0.020750045776367188,-0.04155552387237549,0.016465263441205025,0.20820192992687225,0.04657861590385437,-0.38363501428689656,-0.1306746898830534,-0.05793828428168489
32.761990874998446,0.0067068710923194885,-0.017753541469573975,-0.06595170497894287,0.11561155319213867,0.2024678736925125,0.08149266242980957,-0.381482085886395,-0.13043046833627667,-0.05713879385888946
32.77204687500489,0.015637032687664032,-0.0025382637977600098,-0.09567582607269287,0.26085734367370605,0.17617341876029968,0.1116681918501854,-0.37936065178868705,-0.12911947827027867,-0.0555370222597906
32.78210287500406,0.023689791560173035,0.010972023010253906,-0.13681256771087646,0.4103594720363617,0.1378534585237503,0.14361441135406494,-0.3774625321616422,-0.12643821591069532,-0.053042513681649056
32.792158875003224,0.02852795273065567,0.01639944314956665,-0.15640830993652344,0.43308883905410767,0.07192637026309967,0.15384510159492493,-0.37599723387062317,-0.12296441190809906,-0.05000611667044021
32.80221387500205,0.03115968406200409,-0.00887209177017212,-0.14503812789916992,0.32298070192337036,0.005560664460062981,0.1556142419576645,-0.3752452839292095,-0.11998115353619669,-0.04711832507144523
32.81226987500122,0.03217386454343796,-0.04325366020202637,-0.13901078701019287,0.1254146546125412,-0.06686186790466309,0.12522576749324799,-0.3753097707631839,-0.11842397571425352,-0.04499868514636348
32.82232587500039,0.03278788924217224,-0.048655807971954346,-0.1360425353050232,0.03206685930490494,-0.12640216946601868,0.11527299135923386,-0.37612805198123145,-0.11817862423940294,-0.04359293473705697
32.832381874999555,0.03348718583583832,-0.004585683345794678,-0.13718295097351074,0.07509351521730423,-0.17790795862674713,0.11845164000988007,-0.37749660098731325,-0.11817193788050884,-0.042306016478253126
32.84243787499872,0.028906799852848053,0.04183924198150635,-0.13682395219802856,0.16401059925556183,-0.2196330428123474,0.11513201147317886,-0.37933938343727097,-0.11749300730845944,-0.04076295810176317
32.85249387499789,0.02330034226179123,0.04901409149169922,-0.10683727264404297,0.20583797991275787,-0.24454890191555023,0.10533405095338821,-0.38145871416422766,-0.11612566468315078,-0.03899840669516972
32.86254987500433,0.02622668445110321,0.03098207712173462,-0.05404031276702881,0.17038598656654358,-0.2818501889705658,0.08693293482065201,-0.3839168761812754,-0.11471849856342005,-0.037359875525207795
32.87260487500316,0.028655976057052612,0.016416490077972412,-0.00865328311920166,0.10840916633605957,-0.3027176856994629,0.06532900035381317,-0.38672919600652456,-0.11370405367921538,-0.03610983217279326
32.88266087500233,0.017587393522262573,0.01655733585357666,0.0194932222366333,0.07985901087522507,-0.2829149663448334,0.05155087262392044,-0.38960907873310874,-0.11306560591967506,-0.03519700769289391
32.8927168750015,-0.0005761012434959412,0.024570763111114502,0.06391209363937378,0.06688614189624786,-0.243329718708992,0.03170888498425484,-0.39218711121722155,-0.11256374920140826,-0.03453995797085576
32.902772875000664,-0.01427316665649414,0.03804594278335571,0.11522966623306274,0.05849052220582962,-0.21688106656074524,0.014557329006493092,-0.39444394223128676,-0.11210469461044079,-0.03409667481811451
32.91282887499983,-0.014027982950210571,0.02917879819869995,0.12935417890548706,0.06138848885893822,-0.18250152468681335,-0.0003893430402968079,-0.3964146912176292,-0.11156807517365959,-0.03376715786542954
32.922884874999,-0.011933721601963043,0.020248234272003174,0.12553000450134277,0.07448910921812057,-0.1539527028799057,-0.008823041804134846,-0.3980962095698754,-0.11091917808968313,-0.033544829798806214
32.93293987499783,-0.011765390634536743,0.019760191440582275,0.11374568939208984,0.08814672380685806,-0.11472952365875244,-0.011420715600252151,-0.3994185948209861,-0.11012645101955901,-0.033293319692313944
32.94299587500427,-0.015150517225265503,0.01022428274154663,0.10976213216781616,0.08818481117486954,-0.07876487076282501,-0.0031718402169644833,-0.40036298563830663,-0.10927862931302966,-0.03300636804550022
32.95305187500344,-0.01577489823102951,-0.004320383071899414,0.09936666488647461,0.06921591609716415,-0.054289884865283966,-0.0013122614473104477,-0.4009907780732395,-0.10851738417549583,-0.03270771210199093
32.963107875002606,-0.020401649177074432,-0.009165644645690918,0.09977918863296509,0.04580273479223251,-0.03319711610674858,0.003160251071676612,-0.4014120522345459,-0.10797877995209776,-0.032467727602299955
32.973163875001774,-0.025968201458454132,-0.013297200202941895,0.08542114496231079,0.013752035796642303,-0.024265673011541367,-0.004116197116672993,-0.4016893046321045,-0.10773094936376386,-0.032360782038723994
32.98321987500094,-0.027097031474113464,-0.011249661445617676,0.06026798486709595,0.008749553933739662,0.006132178008556366,-0.0055167535319924355,-0.40179104701950447,-0.10768970415913957,-0.032375443601185744
32.99327587500011,-0.03169754147529602,-0.00841599702835083,0.06470048427581787,-0.0005742169450968504,0.022057747468352318,-0.018666138872504234,-0.40165308264898736,-0.1076569013783837,-0.032506010651595495
33.00333087499894,-0.03154130280017853,0.011453211307525635,0.060301363468170166,0.015994904562830925,0.034989792853593826,-0.01940862648189068,-0.40137969851157296,-0.10756065769378544,-0.03269088251867183
33.013386874998105,-0.026939570903778076,0.008454203605651855,0.04264277219772339,0.032661501318216324,0.05099352449178696,-0.02349519543349743,-0.4009886832875495,-0.10734575676354285,-0.03286607044745277
33.02344287500455,-0.018568620085716248,-0.0023375749588012695,0.023771286010742188,0.03189131245017052,0.06586221605539322,-0.028411123901605606,-0.40043243361101866,-0.10708963054406424,-0.03307698031978557
33.033498875003716,-0.007979698479175568,0.008920013904571533,0.015027998015284538,0.03304721415042877,0.07340215891599655,-0.024999720975756645,-0.3997522521053289,-0.10685813197148716,-0.03330651993160222
33.04355487500288,0.004923291504383087,0.006762981414794922,-0.0013940315693616867,0.03680946305394173,0.07781342417001724,-0.02154640108346939,-0.3990349374256683,-0.10659030082441062,-0.0334821842346609
33.05361087500205,0.011346705257892609,0.005492687225341797,-0.007933318614959717,0.025289738550782204,0.08002158254384995,-0.022594593465328217,-0.39827031219608716,-0.10625761834410553,-0.03363743123616265
33.06366587500088,0.013344764709472656,0.008280515670776367,-0.023635508492588997,0.03903910517692566,0.0859827995300293,-0.02820134535431862,-0.39746376587053034,-0.10589874601410676,-0.033765674908844474
33.07372187500005,0.01416238397359848,0.002180337905883789,-0.015071270987391472,0.04958753287792206,0.09897103905677795,-0.030896518379449844,-0.3965604561092538,-0.1054307669497729,-0.03392769057240586
33.083777874999214,0.008527420461177826,0.013056159019470215,0.005368294194340706,0.06773484498262405,0.1036323681473732,-0.043470900505781174,-0.39556418319585884,-0.10480030680948745,-0.034092827170425034
33.09383387499838,0.0074019357562065125,0.017669320106506348,0.005399229004979134,0.09260419011116028,0.09783293306827545,-0.036961574107408524,-0.3945784578520982,-0.10395738000185294,-0.034228895105702165
33.103890791666345,0.013985894620418549,0.0077245235443115234,-0.007093369960784912,0.09884078800678253,0.07669888436794281,-0.0348355732858181,-0.3936912627796956,-0.10296916568393744,-0.034241208813680014
33.11394679166551,0.012864910066127777,-0.005246460437774658,-0.015395820140838623,0.09326430410146713,0.06300145387649536,-0.025762023404240608,-0.39296977846609576,-0.10197455032590128,-0.03416651917413963
33.12400279166468,0.009442031383514404,-0.0033242106437683105,-0.020199477672576904,0.06858904659748077,0.057904694229364395,-0.013365276157855988,-0.39234448272714173,-0.10120404470528496,-0.03403676077959318
33.134057791670784,0.010825194418430328,-0.005243837833404541,-0.03005320020020008,0.052028052508831024,0.04080866649746895,-0.006665801163762808,-0.39182365312619044,-0.10060732736304795,-0.03386064161437783
33.14411379166995,0.010371766984462738,-0.007386386394500732,-0.032078325748443604,0.06322052329778671,0.03571563586592674,0.009059633128345013,-0.3914076910887524,-0.10004449653366461,-0.03357398442225827
33.15416979166912,0.006688728928565979,0.0151481032371521,-0.02793598361313343,0.07445812225341797,0.03075084090232849,0.01843095012009144,-0.3910026009382811,-0.09945367313069642,-0.03309816209645556
33.16422579166829,-0.00027029961347579956,0.010458767414093018,-0.026212630793452263,0.10107189416885376,0.020480092614889145,0.023777510970830917,-0.3906977776691095,-0.09878462881802545,-0.032526325927001665
33.174281791667454,-0.001086995005607605,-0.014794349670410156,-0.03031611442565918,0.12031390517950058,0.0194501131772995,0.017151113599538803,-0.39046232834350647,-0.0979262506721091,-0.03186717930373148
33.18433779166662,-0.006363876163959503,-0.017061889171600342,-0.013619838282465935,0.12508735060691833,0.012756790965795517,0.01737561821937561,-0.39017576006935595,-0.09688651738997908,-0.031129751913737985
33.19439379166579,-0.008661068975925446,-0.01457279920578003,-0.0084228515625,0.12817448377609253,-0.0007499625207856297,0.011859733611345291,-0.39005477606671274,-0.0957137941104835,-0.030421294779045458
33.20444879166462,-0.00935729593038559,-0.01836603879928589,-0.0020287614315748215,0.10467714816331863,-0.005417951382696629,0.006879089400172234,-0.39001338746795844,-0.0946061348187623,-0.029803128512785108
33.21450479167106,-0.006521157920360565,-0.02443826198577881,0.005460681393742561,0.06412363797426224,-0.020916083827614784,0.00850678700953722,-0.39008018916926795,-0.09373277290106279,-0.029287001327182892
33.22456079167023,0.0011100247502326965,-0.01604151725769043,-0.01052052155137062,0.05134499445557594,-0.029807312414050102,0.01821880415081978,-0.39030029252274673,-0.09315128214833096,-0.028840799256889232
33.234616791669396,-0.001515217125415802,-0.002458810806274414,-0.016585230827331543,0.06244291737675667,-0.03568810597062111,0.0159457940608263,-0.3905694528841587,-0.09256672518403254,-0.02835523946862407
33.24467279166856,-0.007181666791439056,0.010722041130065918,-0.011893808841705322,0.06349220871925354,-0.03543270751833916,0.012821373529732227,-0.3908802094765627,-0.09191390655895837,-0.02795118698701188
33.25472879166773,-0.002744540572166443,0.008314907550811768,-0.0034490786492824554,0.05904712527990341,-0.03155461326241493,0.002214695792645216,-0.39115430142553753,-0.09122610193544675,-0.027602632331900575
33.26478379166656,0.0016333386301994324,0.007242083549499512,0.004605472087860107,0.05627956613898277,-0.036142975091934204,-0.004418439231812954,-0.391463830935202,-0.09061094481312125,-0.02741814590649518
33.27483979166573,0.009083740413188934,0.016339778900146484,0.004319310188293457,0.07296507060527802,-0.03579516336321831,-0.013860783539712429,-0.39180281953648227,-0.08994347634349617,-0.02729991455641091
33.284895791664894,0.007036559283733368,0.009158670902252197,0.012128952890634537,0.08308614790439606,-0.037579480558633804,-0.026624515652656555,-0.3921708415052207,-0.08911996154843176,-0.027291660331970766
33.29495179167134,0.006488189101219177,-0.002170860767364502,0.017007168382406235,0.06744877249002457,-0.030238745734095573,-0.031039290130138397,-0.392528553576342,-0.08832827430390375,-0.027333640116881212
33.305007791670505,0.001786753535270691,-0.008364379405975342,0.021697700023651123,0.03089715540409088,-0.02438218705356121,-0.036149363964796066,-0.39280858461742696,-0.0877174640414569,-0.027450651777098895
33.31506379166967,0.007542900741100311,-0.0076528191566467285,0.012827694416046143,-0.001521991565823555,-0.023374048992991447,-0.041978783905506134,-0.393064345607208,-0.08737414612292417,-0.02771919996595248
33.32511979166884,0.01174059510231018,-0.00558549165725708,0.0056874118745327,-0.014064148999750614,-0.0301376786082983,-0.04460492730140686,-0.39336721147922554,-0.0872352717782551,-0.028152640426374425
33.33517479166767,0.006243765354156494,-7.104873657226562e-05,0.00022876262664794922,0.008380218409001827,-0.03128083795309067,-0.039583832025527954,-0.39370817055815377,-0.08709862227271137,-0.0285631663886065
33.345230791666836,-0.0023025795817375183,-0.00044733285903930664,-0.014927979558706284,0.0394824743270874,-0.014491474255919456,-0.030973831191658974,-0.39396924293251795,-0.08678804730608929,-0.028789421918371354
33.355286791666,-0.00828263908624649,0.00042623281478881836,-0.021781567484140396,0.07958368957042694,0.010799634270370007,-0.017617039382457733,-0.39399741904879976,-0.08621312063407842,-0.028733037972169605
33.36534279166517,-0.005798332393169403,-0.010510802268981934,-0.003765881061553955,0.07625367492437363,0.020809393376111984,-0.01711263507604599,-0.3938113772993746,-0.08551574039289157,-0.0285455771268255
33.375398791671614,0.00030528008937835693,-0.022893309593200684,0.020765185356140137,0.05073357746005058,0.019166752696037292,-0.007628161460161209,-0.39360199801946916,-0.08503480394388101,-0.02840302478875413
33.38545479167078,0.0024224519729614258,-0.02875310182571411,0.016130506992340088,0.03268720209598541,0.02186267077922821,-0.008544288575649261,-0.39342900237415884,-0.08477987539991015,-0.02836611801437597
33.39550979166961,-0.0023364871740341187,-0.024789869785308838,0.007208827883005142,0.01710304617881775,0.02977612055838108,-0.012313167564570904,-0.39317636002249645,-0.0846042976243615,-0.0283551513504376
33.40556579166878,-0.0020314007997512817,-0.014578044414520264,-0.0025895237922668457,0.019772598519921303,0.039861515164375305,-0.006167656742036343,-0.3928174676873325,-0.08450878221664516,-0.028313098315409076
33.415621791667945,0.006037719547748566,-0.008144021034240723,-0.001124262809753418,0.03189069405198097,0.02978597767651081,-0.004612796939909458,-0.3924512936422842,-0.08427876582484423,-0.02822916800861821
33.42567779166711,0.009101077914237976,-0.003544151782989502,-0.002135038375854492,0.041065018624067307,0.0264572910964489,-0.003893211018294096,-0.39214062220362056,-0.08383302049045245,-0.028102444566997883
33.43573379166628,0.009368091821670532,-0.010247468948364258,-0.005101736634969711,0.03213965520262718,0.020585421472787857,-0.00200686720199883,-0.3919140329695021,-0.08334560066530779,-0.027984177959589705
33.44578979166545,0.0056944191455841064,-0.008737564086914062,-0.014357566833496094,0.024074004963040352,0.02185947448015213,0.0052350666373968124,-0.39172240687922827,-0.08306989771892309,-0.027915038361057003
33.455845791664615,0.0031752362847328186,-0.009162724018096924,-0.015480991452932358,0.029943035915493965,0.036789558827877045,0.005656085442751646,-0.39143710884956784,-0.08295973566827652,-0.027829686682416074
33.46590079167072,-0.0061174556612968445,-0.010628283023834229,0.00261026993393898,0.028848741203546524,0.041295893490314484,0.011652193032205105,-0.39103724414871416,-0.08281933919023869,-0.027671527662392958
33.47595679166989,-0.006126686930656433,-0.003913283348083496,0.0016663111746311188,0.03562386706471443,0.044093143194913864,0.015661874786019325,-0.3905872488255848,-0.08259881121728181,-0.027455787280834244
33.486012791669054,-0.007822729647159576,-0.009681284427642822,-0.0030670203268527985,0.013335339725017548,0.05061975121498108,0.011876191943883896,-0.39009689256121144,-0.08242549012749487,-0.027269207645465737
33.49606879166822,-0.008887477219104767,-0.014636397361755371,-0.003217637538909912,-0.008092187345027924,0.05399557575583458,0.009367493912577629,-0.3895421392012555,-0.08247446265671507,-0.02715047054138855
33.50612479166739,-0.0053855180740356445,-0.0029761791229248047,-0.011041700839996338,0.005215628072619438,0.051258910447359085,0.011657812632620335,-0.38899662389058587,-0.08253919912818683,-0.027025906895513374
33.51618079166656,-0.0034265518188476562,0.004966139793395996,-0.014198604971170425,0.018317049369215965,0.045363739132881165,0.009371221996843815,-0.3884969500999087,-0.08245263045717185,-0.02681829267019536
33.526236791665724,8.236616849899292e-05,0.0033779144287109375,-0.013243917375802994,0.0075685312040150166,0.03570232167840004,0.008378395810723305,-0.3880677562077099,-0.08228300266916289,-0.0266165556721359
33.53629179166455,0.002127408981323242,0.0011144280433654785,-0.019343074411153793,-0.02100163884460926,0.018433451652526855,6.925328489160165e-05,-0.3877653509828449,-0.08229919993606409,-0.02655359077711822
33.546347791670996,0.009125344455242157,0.0031391382217407227,-0.03968596085906029,-0.016768012195825577,0.014037372544407845,-0.002030915580689907,-0.3876312075455884,-0.08248072618235194,-0.026677802980146707
33.556403791670164,0.00803016871213913,0.021651268005371094,-0.04395556077361107,0.01276426948606968,0.026690449565649033,0.002178024034947157,-0.3874487679299995,-0.0825001538528852,-0.026747613164592666
33.56645979166933,0.0033714547753334045,0.03178513050079346,-0.02745872735977173,0.04110350087285042,0.02414420060813427,-0.001998078776523471,-0.3871895222769059,-0.08218708186328012,-0.026675228122062005
33.5765157916685,0.0027026385068893433,0.020202040672302246,-0.015302717685699463,0.03761449456214905,0.01860722526907921,-0.007173239719122648,-0.38698257837627315,-0.0817463792341485,-0.026639720834425267
33.586571791667666,0.0010882839560508728,0.005065202713012695,-0.011592745780944824,0.015761123970150948,0.015446051023900509,-0.022225426509976387,-0.386818462605643,-0.08137270369431755,-0.026697222407030013
33.596626791666495,-0.005495250225067139,-0.011061668395996094,-0.008596543222665787,0.006342500448226929,0.024041935801506042,-0.027275312691926956,-0.38662730804142,-0.08109515227128243,-0.02688446990442615
33.60668279166566,-0.0073636919260025024,-0.006210148334503174,-0.003259420394897461,0.01755387708544731,0.02360863983631134,-0.022816115990281105,-0.3863859739644856,-0.08082657668783681,-0.027044554082068215
33.61673879166483,-0.005222819745540619,0.005308747291564941,-0.01524442434310913,0.03336222469806671,0.01831534132361412,-0.01306228805333376,-0.3861618213323008,-0.08042482452301791,-0.027045362022566084
33.62679479167127,-0.005467943847179413,-0.014988064765930176,-0.015982989221811295,0.0187289509922266,0.010786318220198154,-0.01336855161935091,-0.3859818128541225,-0.07992179121378962,-0.02691343120539636
33.63685079167044,-0.010172367095947266,-0.023936033248901367,-0.010183867067098618,-0.004386087879538536,0.003276337403804064,-0.017933236435055733,-0.385888107430122,-0.07956188508827171,-0.026882083577192368
33.64690679166961,-0.0072063058614730835,-0.009841382503509521,-0.024097919464111328,-0.007884150370955467,0.0035983137786388397,-0.006724524311721325,-0.3858697346688798,-0.07948218140018708,-0.026956712057776087
33.656962791668775,0.0016710758209228516,-0.0046620965003967285,-0.03466874361038208,0.007355877663940191,0.014745773747563362,-0.006835205014795065,-0.38576758447112086,-0.07939017688034361,-0.026953714410944817
33.667017791667604,-0.002701699733734131,0.0037462711334228516,0.0019693411886692047,0.016656167805194855,0.011643457226455212,-0.013833992183208466,-0.3856401850896456,-0.07918104831171681,-0.02696464628895113
33.67707379166677,-0.0005556195974349976,0.013966798782348633,0.012964960187673569,0.020183615386486053,-0.0019804760813713074,-0.01778005249798298,-0.3855827483563915,-0.07889052073497375,-0.02705931477079971
33.68712979166594,-0.0007934123277664185,0.0014232993125915527,0.007182121276855469,0.00941725354641676,0.00019692443311214447,-0.022310888394713402,-0.38560294601069717,-0.07863889608759098,-0.027229053630108174
33.697185791665106,-0.006667487323284149,-0.007626652717590332,-0.00039565563201904297,0.0029759544413536787,0.025462066754698753,-0.024425063282251358,-0.3854812728621136,-0.0784307648729239,-0.027433739930458795
33.70724179167155,-0.01142013818025589,-0.0035206079483032227,0.013438042253255844,0.013534056022763252,0.038834866136312485,-0.019357334822416306,-0.38515889544773635,-0.07816457999887855,-0.027615946858207487
33.71729779167072,-0.010156705975532532,0.0035587549209594727,0.024486541748046875,0.013857008889317513,0.05187369883060455,-0.010741476900875568,-0.3847133590677357,-0.07788718157971443,-0.027754222583111127
33.727353791669884,-0.010222204029560089,-0.006869316101074219,0.02344655990600586,0.0024650711566209793,0.06754906475543976,-0.0088815251365304,-0.38411302999208924,-0.07760126252033829,-0.02779531529509531
33.73740879166871,-0.01183328777551651,-0.020347654819488525,0.022810816764831543,-0.007480592466890812,0.08296743780374527,-1.1706802979460917e-05,-0.3833451530435412,-0.07742348594812175,-0.02775089427192541
33.74746479166788,-0.010409191250801086,-0.012078166007995605,0.021394431591033936,-0.00436762347817421,0.0946110412478447,-0.0039012536872178316,-0.3824361426602814,-0.07748609218746019,-0.027809647123130617
33.75752079166705,-0.006672568619251251,0.003008246421813965,0.02111506462097168,0.003359893336892128,0.09692107141017914,0.0008024746784940362,-0.38147464754727445,-0.0775730360124204,-0.027840053667009333
33.767576791666215,-0.0030682310461997986,-0.006207644939422607,0.017225373536348343,-0.009682672098279,0.08805940300226212,-0.007357184775173664,-0.3805552529414111,-0.07760966467639141,-0.027886785854736265
33.77763279166538,-0.0034475326538085938,-0.016260206699371338,0.014479879289865494,-0.029915284365415573,0.08722010999917984,-0.013062660582363605,-0.37968422756631454,-0.07774747258572486,-0.028086967756616274
33.78768879166455,-0.0030985698103904724,-0.007609128952026367,0.006013393402099609,-0.041776202619075775,0.08492819219827652,-0.01625153049826622,-0.37887335741732564,-0.07809086940370914,-0.02846151129662729
33.797743791670655,-0.005833521485328674,-0.0009922385215759277,0.002611398696899414,-0.03732322156429291,0.08828803151845932,-0.016749221831560135,-0.3780579691787207,-0.07853710452131181,-0.0288748661808822
33.80779979166982,-0.010585151612758636,-7.683038711547852e-05,0.002208232879638672,-0.04030622914433479,0.0918113961815834,-0.02184464782476425,-0.37720201764596706,-0.07892621554315529,-0.02929693702625236
33.81785579166899,-0.014847993850708008,-0.0018416047096252441,0.0036862529814243317,-0.0450371578335762,0.1030062660574913,-0.02295481227338314,-0.37628117404473105,-0.07933135471108474,-0.029811110499693788
33.82791179166816,-0.010179601609706879,-0.005396902561187744,-0.000978998839855194,-0.04382142424583435,0.10667982697486877,-0.019363272935152054,-0.37527890712448586,-0.07977217799430729,-0.030281031095777834
33.837967791667324,-0.006164617836475372,-0.006971538066864014,-0.0052427612245082855,-0.03220711275935173,0.11392495036125183,-0.015946652740240097,-0.3741999953682457,-0.08016982207743163,-0.030656241143635497
33.84802379166649,-0.0058659762144088745,-0.0035091042518615723,-0.0027313195168972015,-0.0197451151907444,0.1099264845252037,-0.009712191298604012,-0.37311741380317154,-0.08044464189396419,-0.030923251519477023
33.85807979166566,-0.007974602282047272,-0.003498852252960205,-0.0038887858390808105,-0.03188407048583031,0.10147388279438019,-0.002693749964237213,-0.37207144376531115,-0.0807014575378576,-0.031118395818044924
33.86813479166449,-0.013575844466686249,-0.010222911834716797,0.004518512636423111,-0.04142484441399574,0.09942936897277832,-0.004691919311881065,-0.3710634729236574,-0.08102597797779967,-0.031306443615096734
33.87819079167093,-0.018927477300167084,-0.01098412275314331,0.01612389087677002,-0.05539032816886902,0.10551029443740845,-0.007120322901755571,-0.3700607565433547,-0.08146337032270957,-0.031560137262107234
33.8882467916701,-0.022598177194595337,0.007274270057678223,0.01600385084748268,-0.04577924311161041,0.11082436144351959,-0.011957954615354538,-0.3689908057846077,-0.0818843398550955,-0.03189487363001795
33.898302791669266,-0.02462628483772278,0.0176122784614563,0.00821751356124878,-0.035293981432914734,0.1156216561794281,-0.023154443129897118,-0.3678925763281047,-0.08216297469499578,-0.03228461845724865
33.908358791668434,-0.02408762276172638,0.021415650844573975,0.007972244173288345,-0.032167963683605194,0.12623408436775208,-0.03472800552845001,-0.3667167171875795,-0.08233079195954299,-0.0327202952237371
33.9184147916676,-0.02251499891281128,0.02185875177383423,0.003845270723104477,-0.030481159687042236,0.1338103860616684,-0.046479981392621994,-0.3654472778356537,-0.08241789407319014,-0.033240140319546266
33.92847079166677,-0.01486959308385849,0.029010236263275146,0.009182155132293701,-0.03550095111131668,0.13576354086399078,-0.060437873005867004,-0.36415277694148457,-0.08250513989360579,-0.033892526090089005
33.9385257916656,-0.0028029531240463257,0.03812706470489502,0.002298954874277115,-0.03133212774991989,0.1295439898967743,-0.0682152658700943,-0.36287611177155843,-0.0825348154498689,-0.034649496710428856
33.948581791664765,0.007702581584453583,0.038579344749450684,0.0017186999320983887,-0.010874791070818901,0.1317616105079651,-0.08587601780891418,-0.36163228923128193,-0.08246238222350469,-0.03554215192889854
33.95863779167121,0.009840697050094604,0.04542487859725952,0.003867272287607193,-0.02192060649394989,0.13295230269432068,-0.09227878600358963,-0.360408556771792,-0.08230412086981037,-0.03654341009449454
33.968693791670376,0.011515125632286072,0.03551286458969116,0.005477488040924072,-0.006232191808521748,0.12822465598583221,-0.11222825944423676,-0.35918478581072766,-0.08211168236677745,-0.03765705417586092
33.97874979166954,0.021458551287651062,0.011214017868041992,-0.002786874771118164,-0.02204390987753868,0.12976236641407013,-0.12435869127511978,-0.3580268583190854,-0.08186120359619113,-0.038925816253766045
33.98880579166871,0.025007136166095734,0.020275890827178955,7.063150405883789e-05,-0.013567069545388222,0.13485540449619293,-0.12423751503229141,-0.3567894036965885,-0.08159721507593427,-0.040224083769856
33.99886079166754,0.02577809989452362,0.0035350918769836426,0.0018987096846103668,-0.03258150815963745,0.13158370554447174,-0.12154293060302734,-0.35554127845467054,-0.0813730413626355,-0.041536859085559506
34.00891679166671,0.033677615225315094,-0.01923501491546631,-0.01158285140991211,-0.04249991849064827,0.11625508964061737,-0.11025405675172806,-0.3544033758877691,-0.08134728964770017,-0.04278967487451122
34.018972791665874,0.037213608622550964,-0.03192538022994995,-0.02701389789581299,-0.06427872180938721,0.10774921625852585,-0.09743626415729523,-0.35337533109551056,-0.08151339264424606,-0.04392774610064485
34.02902879166504,0.03802166134119034,-0.02476191520690918,-0.03345322608947754,-0.06527367979288101,0.09529867768287659,-0.07260787487030029,-0.35244464922434954,-0.08186715701039399,-0.04487049508885506
34.039084791671485,0.04430835694074631,-0.020880162715911865,-0.041071414947509766,-0.030411873012781143,0.07826122641563416,-0.05156589671969414,-0.3516372707441934,-0.08215829144982659,-0.04555431400287652
34.04914079167065,0.04878030717372894,-0.02202552556991577,-0.04792207479476929,-0.007668744772672653,0.06454035639762878,-0.035900652408599854,-0.3509491317019317,-0.08220859573422,-0.04594747241543382
34.05919679166982,0.05049982666969299,-0.019981443881988525,-0.038729485124349594,-0.0020467673894017935,0.05605512857437134,-0.01993124559521675,-0.350344674409186,-0.0821944950927846,-0.04610959297235991
34.06925179166865,0.04966413229703903,-0.046984195709228516,-0.01372503861784935,-0.0325053408741951,0.03121555969119072,-0.017901916056871414,-0.3499293088538545,-0.08227990293337296,-0.04624378875617844
34.079307791667816,0.04575736075639725,-0.06034964323043823,-0.010655943304300308,-0.08017383515834808,0.018837586045265198,-0.008298372849822044,-0.34972036404171347,-0.08279596454451013,-0.046506918424328
34.08936379166698,0.03776382654905319,-0.05344653129577637,-0.005991220474243164,-0.09770862013101578,0.015611699782311916,0.006301875691860914,-0.3495405902284766,-0.08366506766629503,-0.04675292349160619
34.09941979166615,0.03260396420955658,-0.05039215087890625,-0.005902886390686035,-0.1008293554186821,0.01870775781571865,0.02618522383272648,-0.34936089095243544,-0.08463466842278117,-0.04684970980566693
34.109476249999716,0.026188209652900696,-0.04346573352813721,-0.008478038012981415,-0.09444230049848557,0.021069183945655823,0.04877229034900665,-0.34916493916641217,-0.08560054164398194,-0.04671009736667861
34.11953224999888,0.019666656851768494,-0.03976386785507202,-0.00846373662352562,-0.08434922993183136,0.0270310677587986,0.07204072922468185,-0.3488897657179767,-0.08658160293993458,-0.046332984798904166
34.12958725000499,0.014477945864200592,-0.04090070724487305,-0.004837270826101303,-0.0656205490231514,0.04195169359445572,0.09605471789836884,-0.34845603878799397,-0.08751056522159861,-0.04570107807392155
34.139643250004156,0.010418727993965149,-0.04122185707092285,0.006916586309671402,-0.05539423227310181,0.03986044600605965,0.09860589355230331,-0.3479961840795445,-0.0884003925430377,-0.04492415290211164
34.14969925000332,0.007764995098114014,-0.03059244155883789,0.013555046170949936,-0.053576625883579254,0.030995583161711693,0.11211397498846054,-0.3475677357307432,-0.08928617557637798,-0.04406388451008328
34.15975525000249,0.003054797649383545,-0.0290679931640625,0.011500000953674316,-0.04718077927827835,0.02531852386891842,0.12350858002901077,-0.3472066137004539,-0.09017783130282923,-0.043058916738017754
34.16981125000166,-0.005856022238731384,-0.03094559907913208,0.01309293694794178,-0.06490198522806168,0.02086065709590912,0.1204581931233406,-0.3468994466076535,-0.09113191091858198,-0.042086319124393076
34.179867250000825,-0.014290481805801392,-0.020661473274230957,0.014876129105687141,-0.054861024022102356,0.01697816699743271,0.12371452152729034,-0.34661476286749116,-0.0920950703601098,-0.041103227728632355
34.18992324999999,-0.012600012123584747,0.0010597705841064453,0.010281741619110107,-0.055935878306627274,0.0071417829021811485,0.1124086081981659,-0.3463987258358434,-0.0929899393113385,-0.040151138238432464
34.19997824999882,-0.009153999388217926,0.018074989318847656,-0.004945635795593262,-0.07516385614871979,-0.003076899331063032,0.10042967647314072,-0.34631930215214407,-0.09397488339700745,-0.039359584425377944
34.21003424999799,-0.010291680693626404,0.013113796710968018,-0.010456141084432602,-0.10870663821697235,-0.011132961139082909,0.07740691304206848,-0.34633744101200487,-0.095112722501166,-0.03881114109606164
34.22009025000443,-0.014312207698822021,0.01639103889465332,0.0016061700880527496,-0.12750451266765594,-0.0191180519759655,0.05954805016517639,-0.3464775556894454,-0.09647258589457917,-0.03858746377844233
34.2301462500036,-0.011708490550518036,0.036954641342163086,-0.007470902055501938,-0.11295832693576813,-0.021858178079128265,0.048012301325798035,-0.3466948949155268,-0.09782884291254573,-0.03851062687056
34.24020225000277,-0.008229084312915802,0.04770803451538086,-0.02036118321120739,-0.08670421689748764,-0.0218023844063282,0.04149738699197769,-0.3469184553959568,-0.09893375621376718,-0.03844759761090808
34.250258250001934,-0.00559234619140625,0.056387901306152344,-0.0204126238822937,-0.05587386712431908,-0.02805948071181774,0.03130120784044266,-0.34717051970503615,-0.0997501617583917,-0.03839044768668741
34.26031325000076,-0.009215079247951508,0.05693858861923218,-0.011321784928441048,-0.03775114566087723,-0.028321003541350365,0.015462909825146198,-0.34747146351626285,-0.10027022269736495,-0.03836854310523918
34.27036924999993,-0.013655446469783783,0.04949599504470825,-0.00863349437713623,-0.04571053385734558,-0.029508506879210472,-0.004633036907762289,-0.3477802531045398,-0.10066782806230022,-0.0384895800538919
34.2804252499991,-0.012235306203365326,0.04074275493621826,-0.0040850043296813965,-0.04094769433140755,-0.021845126524567604,-0.021965980529785156,-0.3480461321430106,-0.10100811342611762,-0.038789286392132506
34.290481249998265,-0.009944237768650055,0.03598594665527344,-0.007669985294342041,-0.03759024664759636,-0.02086242102086544,-0.03390466421842575,-0.34829490413932185,-0.10126038541538832,-0.03920655777428737
34.30053725000471,-0.009203620254993439,0.035574138164520264,-0.009277762845158577,-0.027869131416082382,-0.012064268812537193,-0.04091392084956169,-0.34851439118517835,-0.10143969773143265,-0.039719444351255
34.310593250003876,-0.010598763823509216,0.0271756649017334,-0.0032228827476501465,-0.016645772382616997,-0.016516808420419693,-0.05036335065960884,-0.34870469193459686,-0.1014680348674193,-0.04024408713791185
34.320649250003044,-0.009300179779529572,0.01687568426132202,-0.002690732479095459,-0.012931639328598976,-0.02245885320007801,-0.051127783954143524,-0.3489434293064109,-0.1013916097835887,-0.040771011986216854
34.33070425000187,-0.008014872670173645,0.01177746057510376,-0.007122039794921875,-0.0054311128333210945,-0.02467380464076996,-0.04693969711661339,-0.3492225277749814,-0.10128210871951285,-0.041254192879541594
34.34076025000104,-0.009486749768257141,-0.0018662214279174805,-0.001437244936823845,0.008540229871869087,-0.03390685096383095,-0.04176253452897072,-0.3495642999948179,-0.1011042298961992,-0.04168308073206775
34.35081625000021,-0.01347845047712326,-0.007273495197296143,0.0049103498458862305,0.016715601086616516,-0.032441046088933945,-0.03583327308297157,-0.34992694656893913,-0.10083810181644094,-0.042010977513291935
34.360872249999375,-0.016920357942581177,-0.014529764652252197,0.011804817244410515,0.01122673787176609,-0.04239301383495331,-0.034122247248888016,-0.35033841797739107,-0.10058011111743506,-0.04230827029748109
34.37092824999854,-0.016931749880313873,-0.030522704124450684,0.01684880442917347,-0.013995528221130371,-0.03284957632422447,-0.02699189819395542,-0.35074270175485206,-0.10046361093452576,-0.042589090147987244
34.380984250004985,-0.01942448318004608,-0.03688293695449829,0.022311927750706673,-0.04251736029982567,-0.022914651781320572,-0.020101342350244522,-0.3510618136924669,-0.10062559312375023,-0.042915122620792924
34.39104025000415,-0.01901485025882721,-0.037258684635162354,0.02918875403702259,-0.0498860627412796,-0.006034739315509796,-0.010576813481748104,-0.35123962648469065,-0.10100727972001032,-0.04323037295924448
34.40109525000298,-0.01575537770986557,-0.026245713233947754,0.03328883647918701,-0.039470039308071136,0.004628957249224186,0.004131586290895939,-0.35126044931071515,-0.1014099813596932,-0.04343800054346141
34.41115125000215,-0.007942982017993927,-0.013960540294647217,0.028696654364466667,-0.02439494989812374,0.012465574778616428,0.01433788426220417,-0.35116308882311503,-0.10173179467956993,-0.0434765373406861
34.421207250001316,-0.004035972058773041,-0.011856913566589355,0.021640241146087646,-0.007430259138345718,0.02707647532224655,0.019998060539364815,-0.3509751596087019,-0.10193515281864474,-0.04339190861152037
34.431263250000484,-0.00876636803150177,-0.012241482734680176,0.027862487360835075,-0.00969234760850668,0.03523986041545868,0.022301960736513138,-0.35065893595350195,-0.10206954913871823,-0.04325062864727387
34.44131924999965,-0.009733989834785461,-0.009482860565185547,0.026408491656184196,-0.03637992963194847,0.03524079546332359,0.022976992651820183,-0.3503080362565585,-0.10238230189193091,-0.04321839115878897
34.45137524999882,0.0009688660502433777,-0.0034961700439453125,0.01708376407623291,-0.05469102784991264,0.03893886134028435,0.027436455711722374,-0.34994551109603994,-0.10295938155630127,-0.04326427588988991
34.46143025000492,-0.00015835464000701904,-0.00269162654876709,0.014424324035644531,-0.055603157728910446,0.03526103496551514,0.02043207548558712,-0.3496023257044745,-0.10363807185930062,-0.043440419690903655
34.47148625000409,-0.0040387436747550964,0.012458205223083496,0.012051582336425781,-0.019778314977884293,0.04630649834871292,0.02807934395968914,-0.34923403940080844,-0.1042087774489487,-0.0435698373977338
34.48154225000326,-0.01112811267375946,0.026161015033721924,0.009053470566868782,0.005500320345163345,0.0588742196559906,0.017803270369768143,-0.3487249959563981,-0.10449933424686221,-0.04356092814078321
34.491598250002426,-0.013174377381801605,0.019695401191711426,0.022180018946528435,0.013303915038704872,0.06042684242129326,0.016239728778600693,-0.3481426246941454,-0.1046379550093987,-0.04350589032011201
34.50165425000159,-0.005482226610183716,0.00800997018814087,0.009837804362177849,0.011967984028160572,0.05917941778898239,0.014986177906394005,-0.34755737919773905,-0.10471536287144147,-0.04339914697395557
34.51171025000076,-0.008438549935817719,0.005105078220367432,-0.0004345197230577469,0.006409434601664543,0.059504587203264236,0.011141105554997921,-0.3469869115938322,-0.10479916354068837,-0.04337888527634178
34.52176624999993,-0.013557069003582,0.007127583026885986,-0.0006551165133714676,-0.00894759502261877,0.07074925303459167,0.012483285740017891,-0.34634344751762614,-0.10497789386031288,-0.04339934051597161
34.53182124999876,-0.013145513832569122,-0.00044345855712890625,0.0035669803619384766,-0.02472922019660473,0.06441972404718399,0.015741396695375443,-0.345667146060567,-0.10527719082388526,-0.0433559196554333
34.541877249997924,-0.0072554126381874084,-0.002155482769012451,0.002238154411315918,-0.03094610385596752,0.05993069335818291,0.011357993818819523,-0.34506114342164595,-0.10567798399502369,-0.04336476745460932
34.55193325000437,-0.005827374756336212,0.005139410495758057,-0.0029257554560899734,-0.022480180487036705,0.06045001000165939,0.008831718936562538,-0.3444647966364536,-0.1060407908272913,-0.04340144591337364
34.561989250003535,-0.008613690733909607,0.010156989097595215,0.0010333657264709473,0.0014663413166999817,0.06606821715831757,0.0055696661584079266,-0.34385347481344025,-0.10618923437630462,-0.0434559486995234
34.5720452500027,-0.012834243476390839,0.014065742492675781,0.009907843545079231,0.03883714973926544,0.07969481498003006,0.00616248557344079,-0.3431649294215761,-0.10613439314108548,-0.043454931785757704
34.58210125000187,-0.01049700379371643,0.020662307739257812,0.010351719334721565,0.10304240882396698,0.0832061916589737,0.013324152678251266,-0.34232620081721293,-0.10557513870212594,-0.043189897580652725
34.59215725000104,-0.011224530637264252,0.02274465560913086,0.009585320949554443,0.3237563967704773,0.11024952679872513,0.03307601809501648,-0.34129208880654094,-0.10369400207893556,-0.04234440682085885
34.602212249999866,-0.017377078533172607,0.061552345752716064,0.0031181536614894867,0.6423147320747375,0.15990909934043884,0.08099110424518585,-0.3397102597245485,-0.09931400859006052,-0.040339139137594994
34.61226824999903,-0.014760658144950867,0.12072378396987915,-0.019434038549661636,1.1066604852676392,0.19822771847248077,0.12639959156513214,-0.33754299291864187,-0.0914938084688272,-0.036443115288771845
34.6223242499982,-0.020581260323524475,0.13592666387557983,-0.030028946697711945,1.9295166730880737,0.28356510400772095,0.16756677627563477,-0.3346178089479994,-0.0777564009756003,-0.030060233213512075
34.632380250004644,-0.027345091104507446,0.20405888557434082,-0.035432517528533936,3.11135196685791,0.37245503067970276,0.2657495439052582,-0.3305254729558983,-0.05469711334126934,-0.01988719639651232
34.64243625000381,-0.01766473799943924,0.3953437805175781,-0.08439266681671143,4.376506805419922,0.4572523534297943,0.3930202126502991,-0.3258184608993104,-0.020243969662417084,-0.0045621449706434915
34.65249225000298,-0.045517466962337494,0.49988728761672974,-0.09891438484191895,5.379378795623779,0.5308128595352173,0.34455227851867676,-0.3209668099770738,0.025455191914413654,0.014969900272272853
34.66254725000181,-0.07742929458618164,0.39167922735214233,-0.016101181507110596,5.395398139953613,0.46226218342781067,0.12985748052597046,-0.3167752376694719,0.0767733289142067,0.03448901242174231
34.672603250000975,-0.02084902673959732,0.07735943794250488,0.17400681972503662,3.895517110824585,0.5413615107536316,0.25191226601600647,-0.31383163146464704,0.12033131259359528,0.051092627173716196
34.68265925000014,-0.08570728451013565,-0.45460981130599976,0.30865201354026794,2.3291983604431152,0.533336877822876,0.07834485918283463,-0.30968760994505684,0.1497427920122542,0.06219139392443694
34.69271524999931,-0.07116606831550598,-0.6632775068283081,0.30382394790649414,0.9392340183258057,0.4573209285736084,0.02168876864016056,-0.3055706524600899,0.16493682938796753,0.06780082181558188
34.70277124999848,-0.05933783948421478,-0.4548553228378296,0.23070162534713745,0.06751193851232529,0.4485063850879669,-0.07077650725841522,-0.3012470716562374,0.1694136183632171,0.06886113493230271
34.71282725000492,-0.020287983119487762,-0.11420834064483643,0.09159871935844421,-0.08242323249578476,0.420708566904068,-0.11317296326160431,-0.29668853513625965,0.16933883561083551,0.06787088649999394
34.72288325000409,0.023558996617794037,0.06837248802185059,-0.03367146849632263,0.08786305785179138,0.34103867411613464,-0.1316801905632019,-0.2926151966466518,0.16951662355124245,0.06668954126552032
34.73293825000292,0.062046319246292114,0.10138601064682007,-0.08246433734893799,0.21779842674732208,0.21390201151371002,-0.1162748783826828,-0.28968376643530075,0.1713946718892123,0.06580917015115877
34.742994250002084,0.08078116178512573,0.03092777729034424,-0.06862941384315491,0.37887728214263916,0.09706687182188034,-0.05414341017603874,-0.28811239878160133,0.17455707454249697,0.06590228641236431
34.75305025000125,0.06170891225337982,-0.039651453495025635,-0.05544725060462952,0.37041693925857544,0.019498851150274277,-0.06309056282043457,-0.287685189198125,0.17850047809903932,0.06648858191563481
34.76310625000042,0.03789399564266205,-0.05447530746459961,-0.024963170289993286,0.19845366477966309,-0.014015301130712032,-0.016907919198274612,-0.28777064703862587,0.18134295558388822,0.06689832708659936
34.77316224999959,0.045075640082359314,-0.11050993204116821,-0.0005887150764465332,-0.003437381237745285,-0.046668317168951035,-0.016004042699933052,-0.2881183211255254,0.1822952402726315,0.0670337780306265
34.783218249998754,0.04234261065721512,-0.13148510456085205,0.0384545624256134,-0.022354790940880775,-0.049205247312784195,0.0013261586427688599,-0.28859881503235313,0.1820883649452547,0.06693131485274255
34.79327424999792,0.038475401699543,-0.04393118619918823,0.0495874285697937,0.41787612438201904,-0.015131965279579163,0.04225281998515129,-0.2891036841944399,0.18360939093661308,0.06757384307233896
34.803329250004026,0.02895543724298477,0.1345207691192627,0.002009749412536621,1.1646628379821777,0.04894741624593735,0.06269305944442749,-0.28946165776281185,0.19114317464648659,0.07047480074135883
34.81338525000319,0.019944578409194946,0.31475216150283813,-0.04426482319831848,1.813926339149475,0.15163172781467438,0.07490125298500061,-0.28947480498795247,0.20530760994985406,0.07553403705012321
34.82344125000236,0.010456942021846771,0.26228517293930054,-0.0281507670879364,2.0508670806884766,0.18054845929145813,0.05237717181444168,-0.28882295498325133,0.22405336322830807,0.08184171049438016
34.83349725000153,0.023417331278324127,0.04859691858291626,0.08821746706962585,1.7597095966339111,0.23023958504199982,0.08014754951000214,-0.28840676659929787,0.2423704173743917,0.08823241760313572
34.843553250000696,-0.003515418618917465,-0.1420806646347046,0.13699334859848022,1.384992003440857,0.12941017746925354,0.057532038539648056,-0.28787989208998915,0.25766900160006934,0.09358734155951633
34.85360924999986,-0.022839516401290894,-0.14639997482299805,0.1202305257320404,1.2461217641830444,0.24742043018341064,0.021196935325860977,-0.28712179481990774,0.26986515989442955,0.09786325516792282
34.86366424999869,-0.04571975767612457,-0.03433859348297119,0.022907912731170654,1.3468177318572998,0.20988237857818604,0.03300347551703453,-0.28577550145168534,0.2824237766576953,0.10168132576024395
34.87372024999786,-0.04374529421329498,0.12817221879959106,-0.008160710334777832,1.6339865922927856,0.3204917013645172,0.1456485241651535,-0.28477480748141143,0.2959639183821286,0.10701789658677442
34.8837762500043,-0.08257407695055008,0.15260690450668335,-0.0874280333518982,2.2278921604156494,0.35718393325805664,0.23821038007736206,-0.28370890273254046,0.31414768289896017,0.1146889868821539
34.89383225000347,-0.05825839564204216,0.20597928762435913,-0.08670538663864136,2.879302978515625,0.281278520822525,0.19942063093185425,-0.28369957734935886,0.3382110032323722,0.12446674097491955
34.90388825000264,-0.04330000653862953,0.2205635905265808,-0.05230998992919922,3.32536244392395,0.23856115341186523,0.2515377700328827,-0.28513509838141504,0.36766631101315,0.13622095752104704
34.913944250001805,-0.033012617379426956,0.16187572479248047,-0.02017974853515625,3.5347156524658203,0.16701532900333405,0.28783106803894043,-0.28833428034468367,0.4000604086041149,0.14963305517244488
34.92400025000097,-0.03956881910562515,0.07173091173171997,-0.0070656538009643555,3.2416884899139404,0.13797277212142944,0.3237145245075226,-0.2923177681660661,0.432000850561095,0.1637815157633663
34.9340552499998,-0.04647805541753769,-0.050593554973602295,0.017396748065948486,2.7882518768310547,0.17568258941173553,0.20853786170482635,-0.2963213508242707,0.4605118187040193,0.17639863285759513
34.94411124999897,-0.026205886155366898,-0.16603469848632812,0.045201003551483154,2.1486568450927734,0.09149421751499176,0.2225482165813446,-0.2996486299673813,0.4835200285285105,0.1867556341085851
34.954167249998136,0.02123555913567543,-0.1765819787979126,0.03827470541000366,1.7489137649536133,0.020043199881911278,0.1649072915315628,-0.3031163811942242,0.5015210494917849,0.19532234495548134
34.96422325000458,0.03251512721180916,-0.07742440700531006,-0.01419520378112793,1.7097240686416626,-0.010187139734625816,0.15608587861061096,-0.30685862239819917,0.5172650173779062,0.20294847887486533
34.97427925000375,0.03675810620188713,0.07418125867843628,-0.08995753526687622,2.101102113723755,-0.0736641138792038,0.20774295926094055,-0.311427826473303,0.5349514719063324,0.211514761196492
34.984335250002914,0.07160627096891403,0.23924469947814941,-0.11604785919189453,2.555962085723877,-0.13935938477516174,0.2732328474521637,-0.3184082507106331,0.5564475952237115,0.22279341577175754
34.99439025000174,0.06643395125865936,0.23437148332595825,-0.09549152851104736,3.041314125061035,-0.2064199000597,0.36039304733276367,-0.32770576563709497,0.5824829858660167,0.23688956827192945
35.00444625000091,0.06860024482011795,0.15697640180587769,-0.021477580070495605,3.2501871585845947,-0.2758997976779938,0.3765037953853607,-0.33950636438573817,0.6110698448805109,0.25350313784316864
35.01450225000008,0.03658522665500641,0.06065702438354492,0.03985941410064697,3.2813103199005127,-0.23415791988372803,0.384590744972229,-0.3526214280483386,0.640898598872051,0.2717599084824082
35.024558249999245,0.00340438075363636,0.013826847076416016,0.11883753538131714,3.278247117996216,-0.2300174981355667,0.44422006607055664,-0.3669621882543171,0.6702336462127825,0.29141698308881814
35.03461424999841,-0.024983974173665047,0.01770418882369995,0.11339187622070312,3.4999070167541504,-0.1476890742778778,0.3878771662712097,-0.38219665175467055,0.7005980477401016,0.31261656551556316
35.044670250004856,-0.021327674388885498,0.12805312871932983,0.11034095287322998,3.6232848167419434,-0.1316436529159546,0.4446088671684265,-0.3984445468747742,0.732016681904649,0.3354779163214703
35.05472625000402,0.014610294252634048,0.17812871932983398,0.10383182764053345,3.8533453941345215,-0.06390296667814255,0.42959052324295044,-0.4171181746718159,0.7643779532241134,0.3614080083642139
35.06478125000285,-0.0037221908569335938,0.15198171138763428,0.10508072376251221,3.885746955871582,-0.08592037856578827,0.43929773569107056,-0.4375458963116849,0.798255129225898,0.389462072364081
35.07483725000202,0.0466681569814682,0.15556931495666504,0.15162420272827148,4.006378650665283,-0.14455093443393707,0.5591080188751221,-0.4619888005052979,0.8318978969769261,0.4216550909506945
35.08489325000119,0.07620259374380112,0.18400666117668152,0.16528856754302979,3.839292287826538,-0.3635569214820862,0.3455556333065033,-0.4902969980333313,0.8648229963792884,0.4559610125932261
35.094949250000354,-0.12448368221521378,0.18674272298812866,0.23051142692565918,3.318234443664551,-0.027919799089431763,-0.6037081480026245,-0.512723092169451,0.8972596844652556,0.4819703932860802
35.105004416669544,-0.3108599781990051,0.022182941436767578,0.25090324878692627,3.018592357635498,0.3657025992870331,-0.24311429262161255,-0.5251526819450911,0.9272400177741026,0.5006905947459752
35.11506041666871,-0.07596749812364578,0.08500412106513977,0.1786249279975891,2.671041965484619,0.40543481707572937,-0.4241969883441925,-0.5386472639553411,0.9532494339004508,0.521737378542373
35.12511541666754,-0.20742836594581604,0.1697162687778473,0.15414589643478394,2.574186325073242,0.5560683608055115,-0.8332589864730835,-0.5448388392020953,0.9791969353634122,0.5354421013794735
35.13517141666671,-0.12979689240455627,0.15413323044776917,0.09723925590515137,2.3549599647521973,0.6016454696655273,-0.7564177513122559,-0.5477680730383833,1.0044222343347202,0.545760028678851
35.145227416665875,-0.0834110826253891,0.12763431668281555,0.07278233766555786,2.33144211769104,0.7110520005226135,-0.9745141267776489,-0.5495337074463728,1.0292107662034982,0.5553211009132659
35.15528341666504,-0.09625041484832764,0.11085891723632812,0.059630632400512695,2.162203311920166,0.7076210975646973,-1.028984785079956,-0.5482191706447337,1.0537368980871156,0.5620093994002539
35.165339416671486,-0.05089280754327774,0.10812342166900635,0.07340747117996216,2.1680097579956055,0.7369000911712646,-0.8917109966278076,-0.5457901538258795,1.0771497344100478,0.5675154205349673
35.17539541667065,-0.04725123941898346,0.11455559730529785,0.06980329751968384,2.0330703258514404,0.782676637172699,-1.1164494752883911,-0.5420732259237303,1.1003786775419424,0.5717249305055381
35.18545141666982,-0.07762400805950165,0.03275996446609497,0.0869290828704834,1.9182428121566772,0.7935813665390015,-1.2330402135849,-0.5346486140350425,1.1235621130481546,0.5721363054700004
35.19550641666865,-0.043769471347332,-0.046465471386909485,0.1368248462677002,1.784055233001709,0.7973188161849976,-1.2139967679977417,-0.5250343906020921,1.1459111967858577,0.570749823157901
35.20556241666782,-0.026260025799274445,-0.09394434094429016,0.17732179164886475,1.672473669052124,0.822006344795227,-1.1676772832870483,-0.5117433590235327,1.1669609942911434,0.5651943690936216
35.215618416666985,0.06644610315561295,-0.1227620542049408,0.10950279235839844,1.3929182291030884,0.6948047280311584,-1.2243064641952515,-0.49713068771792734,1.1862824513661678,0.5574966904740626
35.22567441666615,0.09612319618463516,-0.17024341225624084,0.07918018102645874,1.2037043571472168,0.6193065047264099,-1.1005120277404785,-0.4793259811313653,1.2032138689552443,0.5454706773136313
35.23573041666532,0.15983498096466064,-0.16050052642822266,0.010633707046508789,0.9108731746673584,0.4887261390686035,-1.047264814376831,-0.46229557023826956,1.2177083603674552,0.5332611243612598
35.24578641666449,0.12251889705657959,-0.15107573568820953,0.035018205642700195,0.7409948706626892,0.39303314685821533,-0.9300363063812256,-0.4423299593838341,1.22951222761389,0.516791117999193
35.25584241667093,0.15009759366512299,-0.1532149463891983,-0.024025022983551025,0.6168859601020813,0.32919639348983765,-0.7676830887794495,-0.42498072956147465,1.2392523228313133,0.5021953650353577
35.26589741666976,0.11466855555772781,-0.09772355854511261,-0.0456046462059021,0.5366166830062866,0.27673983573913574,-0.654094934463501,-0.4093801274298167,1.2474244601309985,0.48894008406687045
35.275953416668926,0.10827131569385529,-0.07665421068668365,-0.06883329153060913,0.47593340277671814,0.2355061173439026,-0.5317364931106567,-0.39630252070385696,1.2544211442225837,0.4778811680790337
35.286009416668094,0.10997429490089417,-0.06594264507293701,-0.07968407869338989,0.4536740779876709,0.18457581102848053,-0.4168313443660736,-0.3861382220356899,1.2605670913481049,0.46936013678091004
35.29606541666726,0.10777505487203598,-0.03990909457206726,-0.07693451642990112,0.375250905752182,0.14599859714508057,-0.32102733850479126,-0.378568942850201,1.2658084657783817,0.4631633668810473
35.30612141666643,0.11003507673740387,-0.045802466571331024,-0.044598519802093506,0.31750109791755676,0.07232984155416489,-0.2815546691417694,-0.3726405330789066,1.270146946823377,0.45810068047783614
35.316177416665596,0.10690799355506897,-0.057951971888542175,0.002884209156036377,0.27865487337112427,0.02481957897543907,-0.23571263253688812,-0.3679319594656471,1.2739376287588262,0.45369483705884517
35.3262324166717,0.08990327268838882,-0.016866885125637054,0.041423022747039795,0.20639117062091827,-0.030834626406431198,-0.19386349618434906,-0.3636771386247436,1.2768730007720481,0.4492306405500288
35.33628841667087,0.10257301479578018,0.008433178067207336,0.05160677433013916,0.09533841907978058,-0.10004699230194092,-0.16770592331886292,-0.3605304854504401,1.2789230586411269,0.44524419931732456
35.346344416670036,0.10187949240207672,0.027893751859664917,0.04651308059692383,0.0560305193066597,-0.15612171590328217,-0.12416228652000427,-0.3580568401002524,1.2801432256250738,0.4413085912374446
35.3564004166692,0.09929418563842773,0.035806380212306976,0.01706773042678833,0.044585585594177246,-0.21353067457675934,-0.0924120843410492,-0.357086205749246,1.280940040877239,0.43836187211952343
35.36645641666837,0.07351863384246826,0.035726726055145264,-0.00044161081314086914,0.035035084933042526,-0.20781272649765015,-0.1051325872540474,-0.3565355115176669,1.2816882749528307,0.4355394920497251
35.37651241666754,0.04192209988832474,0.05343067646026611,0.0006214380264282227,0.005714748986065388,-0.19472436606884003,-0.05539432540535927,-0.3561065497678383,1.282092786497069,0.4329893613754704
35.386568416666705,0.03133513778448105,0.05661840736865997,0.017863214015960693,0.013945027254521847,-0.18647561967372894,-0.0817054733633995,-0.3560871707984445,1.2824103989551245,0.43097607362567575
35.396623416665534,0.00773211382329464,0.05499362200498581,0.023336350917816162,-0.009566424414515495,-0.16686409711837769,-0.05490688979625702,-0.35541979869600565,1.2826794437440423,0.4284461736881798
35.4066794166647,0.013220209628343582,0.04095650464296341,0.04917562007904053,-0.014540543779730797,-0.15231698751449585,-0.020597301423549652,-0.3557910478812855,1.2825636317502973,0.4271600672307071
35.416735416671145,-0.003666117787361145,0.015200138092041016,0.056059062480926514,-0.08688025176525116,-0.14242655038833618,-0.02064364217221737,-0.35594720818941605,1.2821912589566142,0.4257911088627228
35.42679141667031,-0.0073019396513700485,-0.007229171693325043,0.06942981481552124,-0.17299985885620117,-0.14948657155036926,-0.015078061260282993,-0.3558248897346956,1.2810540986647614,0.4241654858560777
35.43684741666948,-0.012172557413578033,-0.023030906915664673,0.06820964813232422,-0.16830657422542572,-0.14727109670639038,0.015530714765191078,-0.3550995710405917,1.2794238789312768,0.4218463954299083
35.44690341666865,-0.017636623233556747,0.02137262374162674,0.03568786382675171,-0.13188551366329193,-0.11273588985204697,0.03060833364725113,-0.3552003624319239,1.2778511147562017,0.4205636964971097
35.456958416667476,-0.02337857522070408,0.0491361990571022,0.006993889808654785,-0.10813117027282715,-0.09571988880634308,0.036607902497053146,-0.35622242569728063,1.2766293257136534,0.42061712415706287
35.46701441666664,-0.025444410741329193,0.03636141121387482,0.010291457176208496,-0.13791786134243011,-0.08248863369226456,0.0021769320592284203,-0.35576050037453844,1.2752806975642328,0.4192289570748144
35.47707041666581,0.00028855912387371063,-0.0011729970574378967,-0.014011740684509277,-0.17608869075775146,-0.09402518719434738,-0.04353596270084381,-0.35488773770746085,1.2738968413520577,0.4174887618570204
35.48712641666498,-0.018406609073281288,-0.006373614072799683,-0.009215593338012695,-0.17217761278152466,-0.05613678693771362,-0.08143708109855652,-0.35142711510232494,1.2724527853609426,0.41312750677138466
35.49718241667142,-0.012799696996808052,0.008522644639015198,-0.011569082736968994,-0.16330662369728088,-0.04593368619680405,-0.0653047189116478,-0.34811029186746656,1.2710883422099384,0.40907619422308655
35.50723841667059,-0.015535764396190643,0.014944031834602356,-0.0007377862930297852,-0.15021274983882904,-0.031013857573270798,-0.09240574389696121,-0.3443983778011991,1.2699385613255367,0.4048036331593301
35.517294416669756,-0.008184043690562248,-0.017847448587417603,0.011868059635162354,-0.19804339110851288,-0.021605975925922394,-0.08341491222381592,-0.3401926452548563,1.2686545947282575,0.400119477638288
35.527349416668585,-0.004603132605552673,-0.05598577857017517,0.0008852481842041016,-0.2056429535150528,-0.012366537936031818,-0.05789519101381302,-0.3359796244548139,1.2669159136365349,0.395457650511203
35.53740541666775,-0.0016160029917955399,-0.061944663524627686,-0.0024694204330444336,-0.20744271576404572,-0.015050471760332584,-0.03473847359418869,-0.3324960866490884,1.265003291381483,0.3916008088207306
35.54746141666692,-0.000520726665854454,-0.03570052981376648,-0.006082653999328613,-0.18411269783973694,-0.02449723705649376,-0.012631680816411972,-0.32994211720372996,1.2631502976060667,0.38862160997443446
35.55751741666609,0.0009967666119337082,-0.03345143795013428,-0.012144267559051514,-0.17163819074630737,-0.03742661699652672,0.005953454412519932,-0.32842930178187724,1.2615140541872127,0.3867217853754261
35.567573416665255,-0.007445245981216431,-0.05319756269454956,-0.024186789989471436,-0.19374723732471466,-0.038486286997795105,0.0023759768810123205,-0.32720958713228343,1.2598705323383579,0.3849723325662776
35.5776294166717,-0.0197317935526371,-0.058166638016700745,-0.04078817367553711,-0.20294871926307678,-0.01012149266898632,0.0064958869479596615,-0.325641792599579,1.2579781944101656,0.38303063012221866
35.587685416670865,-0.02323569916188717,-0.05443616211414337,-0.04180866479873657,-0.20056597888469696,0.005928313359618187,-0.010389565490186214,-0.32368452350387733,1.2560615304606744,0.3808881994996765
35.597740416669694,-0.02106591872870922,-0.037026241421699524,-0.0402529239654541,-0.1734190434217453,0.017526911571621895,-0.030900433659553528,-0.3212098815436496,1.254437150205227,0.37839655163523733
35.60779641666886,-0.007730027660727501,-0.02246887981891632,-0.04757499694824219,-0.14114020764827728,0.0197242870926857,-0.04887506738305092,-0.31855232607188905,1.253314101531546,0.37581021415500243
35.61785241666803,0.006070772185921669,-0.030941829085350037,-0.0360865592956543,-0.10509299486875534,0.004739478230476379,-0.06271125376224518,-0.31611047693216515,1.252696478926825,0.3733336252123265
35.627908416667196,0.007823411375284195,-0.03315161168575287,-0.027983009815216064,-0.07812782377004623,-0.0004391716793179512,-0.0705157220363617,-0.3134595230598435,1.252230281628438,0.3705703192129683
35.637964416666364,0.0041428543627262115,-0.02028040587902069,-0.021998107433319092,-0.0399431474506855,-0.01150433998554945,-0.08221818506717682,-0.3109828987686522,1.2520861632992157,0.3678902347371911
35.64802041666553,0.0007195416837930679,-0.008303433656692505,-0.018535137176513672,-0.024789096787571907,-0.0015253419987857342,-0.1019897311925888,-0.30834866301381014,1.2523577445935312,0.3650113162233917
35.658075416671636,0.0022551417350769043,-0.013743206858634949,-0.016515374183654785,-0.027840014547109604,-0.0005330481799319386,-0.10528939217329025,-0.30546520141931566,1.2526965070161447,0.36185425596778276
35.6681314166708,0.006779676303267479,-0.04133734107017517,-0.0114402174949646,-0.03799211606383324,0.0035172204952687025,-0.10592975467443466,-0.302404113792814,1.2529693563752393,0.3585331685241403
35.67818741666997,0.0072777289897203445,-0.04943397641181946,-0.004041492938995361,-0.040098678320646286,-0.0002546145115047693,-0.10878758877515793,-0.29908193535138844,1.2530803099939023,0.35497184336844373
35.68824341666914,0.010756336152553558,-0.02743855118751526,-0.00845026969909668,-0.023822281509637833,-0.007947554811835289,-0.10676605999469757,-0.2958232151307534,1.253200656351898,0.3514544619042465
35.698299416668306,0.012060126289725304,-0.015810802578926086,-0.018520355224609375,-0.00809524953365326,-0.0033573301043361425,-0.10598522424697876,-0.29270863203182107,1.2535159550052992,0.3481456012014892
35.70835541666747,0.012535113841295242,-0.024637028574943542,-0.01670295000076294,-0.018968360498547554,-0.0018106994684785604,-0.09652288258075714,-0.2897726393929364,1.2538159754851554,0.3450361123074304
35.71841141666664,0.008372366428375244,-0.03213067352771759,-0.009034335613250732,-0.02098783478140831,0.002954494673758745,-0.08540338277816772,-0.2869457279858966,1.253939321552814,0.34210535644663415
35.72846641666547,0.006129574030637741,-0.030263900756835938,-0.005988717079162598,-0.014012971892952919,0.011093780398368835,-0.07487428188323975,-0.28438856789147293,1.254037112633932,0.3394784427510683
35.73852241666464,0.01194094866514206,-0.022841155529022217,-0.005862116813659668,-0.010454988107085228,0.008581087924540043,-0.0596708320081234,-0.28226201321511113,1.2541665061436054,0.3373656306184787
35.74857841667108,0.014108569361269474,-0.044555410742759705,-0.006494402885437012,-0.020323242992162704,0.004206846002489328,-0.04193369671702385,-0.2807953460793243,1.254366773299119,0.3359310604561677
35.75863441667025,0.010404771193861961,-0.05771218240261078,-0.0062833428382873535,-0.022746453061699867,0.003986869007349014,-0.030374780297279358,-0.2797250258497873,1.25455659725792,0.33490637006666146
35.768690416669415,0.013464842922985554,-0.04402190446853638,-0.0013818740844726562,-0.028956856578588486,-0.005543785635381937,-0.013133954256772995,-0.2790165772044091,1.254540980349915,0.3342477302115297
35.77874641666858,0.014633100479841232,-0.03724081814289093,-0.003900587558746338,-0.04250728338956833,-0.009780341759324074,0.005012293346226215,-0.2787454047235144,1.2543474722084387,0.3339740467260373
35.78880241666775,0.008358304388821125,-0.04045295715332031,-0.009003937244415283,-0.062268827110528946,-0.002997537376359105,0.017992062494158745,-0.2788286008480915,1.2539750675546044,0.33407647692473835
35.79885741666658,0.004063970409333706,-0.036977365612983704,-0.01177978515625,-0.05961179360747337,-0.0046351151540875435,0.031836237758398056,-0.2793085344266295,1.253516698089135,0.33462339461896307
35.808913416665746,0.0015337029471993446,-0.01611572504043579,-0.006237447261810303,-0.0421597883105278,-0.006054180674254894,0.03535962477326393,-0.2801288600308166,1.2531467316044558,0.335490835380115
35.81896941666491,0.0031635602936148643,0.00024022161960601807,-0.007439672946929932,-0.030508190393447876,-0.0033332286402583122,0.04270515590906143,-0.281133130576104,1.2528637758621401,0.3365832491924069
35.82902541667136,0.00025179702788591385,-0.0035002678632736206,0.0002275705337524414,-0.027273960411548615,-0.006782821379601955,0.04224453866481781,-0.28243999460933666,1.2527900828010141,0.33799835852379445
35.839081416670524,-0.001310674473643303,-0.010153263807296753,0.004678010940551758,-0.043288346379995346,-0.0025300192646682262,0.03646201640367508,-0.2836738436408817,1.2527422591899469,0.33933469193119825
35.84913741666969,-0.00365268811583519,-0.0007722526788711548,0.012741625308990479,-0.04771128296852112,-0.0019802097231149673,0.031944841146469116,-0.28453772201219774,1.2524976559147756,0.3403233888085407
35.85919241666852,-0.007218947634100914,0.003217846155166626,0.01379859447479248,-0.04186297953128815,-0.0023607753682881594,0.014080889523029327,-0.28505266327054796,1.2522666724031768,0.34095027510743675
35.86924841666769,-0.008414451032876968,0.018997207283973694,0.009313464164733887,-0.03191247582435608,-3.357231616973877e-05,-0.001186880050227046,-0.285161002579512,1.2521580575995195,0.3410908078138892
35.879304416666855,-0.008939366787672043,0.023106828331947327,-0.0002593994140625,-0.028271134942770004,0.006369465962052345,-0.007889789529144764,-0.2848842533414188,1.252041712434015,0.3408450577462173
35.88936041666602,-0.005366208031773567,0.018536388874053955,-0.0008629560470581055,-0.017360474914312363,0.013817662373185158,-0.019854120910167694,-0.2842793791514715,1.251938777774254,0.34032352163325175
35.89941641666519,-0.00966920331120491,0.0333532840013504,-0.0016860365867614746,0.0009745885618031025,0.019400712102651596,-0.015246852301061153,-0.2834878342975797,1.251919278570431,0.33969833182461395
35.90947241667163,-0.010632961988449097,0.02819235622882843,0.0024513602256774902,0.016782622784376144,0.028324833139777184,-0.03172103315591812,-0.2826935989560968,1.2521192510811294,0.33909787651555084
35.9195284166708,-0.015752820298075676,0.020027756690979004,0.010337352752685547,-0.003737830324098468,0.03313130512833595,-0.038300372660160065,-0.28144392055937634,1.2523291846083315,0.33807724912814757
35.92958341666963,-0.016747595742344856,0.018650799989700317,0.01246875524520874,-0.006825810298323631,0.04278832674026489,-0.03907980024814606,-0.2798053741853586,1.2523548747680446,0.3367615007541652
35.9396394166688,-0.013737868517637253,0.02057868242263794,0.008886754512786865,0.0056689428165555,0.04139256477355957,-0.04194189980626106,-0.27820897466671013,1.2524358956644723,0.33546817716256433
35.949695416667964,-0.005876827985048294,0.0335724800825119,0.0022415518760681152,0.01640760712325573,0.03493120148777962,-0.045358311384916306,-0.2765346529361789,1.2525485743499383,0.3340369835673294
35.95975141666713,0.0005455669015645981,0.024490877985954285,-0.002108275890350342,0.015261116437613964,0.031312767416238785,-0.0479879155755043,-0.2748714337348521,1.25270272320766,0.3325455818049777
35.9698074166663,-0.003707490861415863,0.004925727844238281,0.0014523863792419434,0.0012163149658590555,0.02357947826385498,-0.047042760998010635,-0.27317001226677845,1.25279837060293,0.3309766452513989
35.97986341666547,-0.0017366670072078705,0.004229515790939331,-0.0035614371299743652,-0.004385644569993019,0.014719408005475998,-0.0420868843793869,-0.27148918887761686,1.2526860716264614,0.32931307756317235
35.98991841667157,0.0017267093062400818,0.012414142489433289,-0.0031899213790893555,-0.008177763782441616,0.006456817500293255,-0.036853689700365067,-0.2700313848291013,1.2525436440673927,0.3277976535922451
35.99997441667074,0.0019593071192502975,0.01381567120552063,-0.007151305675506592,-0.021783320233225822,0.0006370118353515863,-0.034551385790109634,-0.2687859929850571,1.2523820137115265,0.326382135052429
36.010030416669906,0.0007437914609909058,0.014108613133430481,-0.006415069103240967,-0.02797596901655197,-0.00392391812056303,-0.04169595614075661,-0.2674419014717545,1.2521107249966168,0.32481519136391546
36.02008641666907,-0.004752803593873978,0.011860162019729614,-0.003609895706176758,-0.07926658540964127,0.1538878232240677,-0.05475343391299248,-0.26526544639300825,1.2516782387284284,0.3228027272537819
36.03014241666824,0.0025061368942260742,0.028088688850402832,0.12298011779785156,-0.39104244112968445,0.2787896692752838,0.0364718958735466,-0.2577862563868915,1.248273538259192,0.3195047729078024
36.04019841666741,-0.00949801504611969,-0.06848330795764923,0.0944482684135437,-0.4732443690299988,0.7343369126319885,-0.14311011135578156,-0.24915176816062387,1.2449251664657333,0.31568348948509756
36.050254416666576,-0.1851043999195099,0.11425232887268066,0.1264026165008545,-0.1849895566701889,0.5562182068824768,-0.0916416272521019,-0.23606456504241782,1.2419801478641377,0.3087568335260619
36.060309416665405,-0.04222327098250389,0.09633752703666687,0.022081494331359863,0.07983971387147903,0.2874847650527954,-0.09684278070926666,-0.22927619722880455,1.2415123130807537,0.3060664192946822
36.07036541666457,0.06750482320785522,0.028110429644584656,-0.031148791313171387,0.27413973212242126,0.07872528582811356,-0.13997530937194824,-0.2251401699404563,1.243677728248108,0.3034297719200018
36.080421416671015,0.04357045143842697,-0.013796046376228333,-0.04980677366256714,0.3029111921787262,0.04709199443459511,0.05171183496713638,-0.22461558585631589,1.2466806156094876,0.3036425940843744
36.09047741667018,0.04261916130781174,-0.055597901344299316,-0.03920978307723999,0.11333557218313217,-0.474443644285202,0.22392280399799347,-0.2325934979463979,1.2485038986295771,0.3103914652571412
36.10053341666935,0.28467780351638794,-0.11970941722393036,0.011420845985412598,-0.010222584009170532,-0.28710436820983887,-0.19344806671142578,-0.23729284648925286,1.2490907397918505,0.31089985266935716
36.110590291667904,-0.03798166662454605,0.15385234355926514,0.0077585577964782715,-0.05885478854179382,-0.01724265329539776,-0.1622529923915863,-0.23263980803490908,1.2490521738403497,0.3043564761166438
36.12064529166673,-0.1618756651878357,0.02624739706516266,-0.017247319221496582,-0.08639240264892578,0.14187297224998474,-0.06946287304162979,-0.2279466003861905,1.248652879152611,0.3002663969421944
