t,ax,ay,az,gx,gy,gz,roll,pitch,yaw
0.0,0.0026849955320358276,-0.00037217140197753906,0.0011829733848571777,0.0032984071876853704,0.008940731175243855,0.0031117594335228205,-7.260553440183886e-19,-3.270425793879339e-19,3.6426464731287985e-19
0.010056000000076892,-0.0023677609860897064,-0.0005373358726501465,0.0032792091369628906,0.005351393483579159,0.010364057496190071,0.0005577615229412913,0.0001163391474869856,5.2652401013098606e-05,2.951690794778085e-05
0.020111000000042623,-0.0028786510229110718,0.004191040992736816,-0.00023746490478515625,0.012982415966689587,0.011455688625574112,-0.0016313568921759725,0.0002169641853005561,0.00012637813012543854,2.002029732510864e-05
0.030167000000119515,-0.025861650705337524,0.003804028034210205,-0.008070528507232666,-0.1746336817741394,-0.06728053838014603,-0.02171097882091999,0.0002217648832379002,5.138149382075959e-06,0.00015463747360933185
0.040222999999969034,-0.2185116708278656,-0.02473294734954834,-0.04549527168273926,-0.533069908618927,-0.3010919690132141,0.4160144329071045,0.00039378702829792915,0.0003286044699021734,0.00047479063807650515
0.050277999999934764,-0.1278565376996994,0.00044101476669311523,0.0030840635299682617,-0.3727564215660095,-0.21507039666175842,0.37952226400375366,0.0007362913461236213,0.0008803680084426669,0.0001541297379051387
0.060334000000011656,0.04277784377336502,0.02926713228225708,0.0352095365524292,-0.050086475908756256,-0.015498697757720947,0.04738188534975052,0.0007771624801259689,0.0008324962035309597,0.0001673503989638327
0.07039000000008855,0.011257961392402649,0.013904035091400146,0.005280435085296631,0.0008201585151255131,0.012114420533180237,-0.033745113760232925,0.0007997516468317347,0.0007298079151552801,0.0002401204070542701
0.08044500000005428,-0.014116734266281128,-0.011143505573272705,-0.005568087100982666,0.010419522412121296,0.005010172724723816,0.0028525807429105043,0.0008806616473114148,0.000773758938558626,0.00015877222885817767
0.0905009999999038,-0.001762639731168747,0.003162562847137451,-0.002564549446105957,0.0072277686558663845,0.005722967442125082,-0.010833537206053734,0.0009485085268618914,0.0008704464578929075,7.587054416713598e-05
0.10055699999998069,-0.003429841250181198,-0.004106402397155762,-0.0022388100624084473,0.00549884419888258,0.005125087685883045,-0.006975948344916105,0.000983542242831265,0.0009177146326103964,-3.191578213381374e-06
0.11061199999994642,-0.00545874610543251,-0.0009142756462097168,-0.004636406898498535,0.014667041599750519,0.004809769801795483,-0.006432130932807922,0.0010162409005932227,0.0010320365098279102,-0.00010539154151927935
0.12066800000002331,-0.0022099800407886505,-0.0015384554862976074,-0.0042681097984313965,0.013185792602598667,0.0036259943153709173,-0.006175668444484472,0.000861862240056728,0.001312454316703572,-0.0004275871595876824
0.1307240000001002,-0.0016620904207229614,-0.00015795230865478516,-0.0035651326179504395,0.01072334498167038,0.004061155021190643,-0.005266145803034306,0.0007869355440068232,0.0014434420107999801,-0.0006564801944381894
0.14077900000006593,-0.002850394695997238,-0.004295170307159424,0.0035558342933654785,0.011883418075740337,-0.000396976713091135,-0.010426286607980728,0.0008599232079366094,0.0014417448472288455,-0.000675887580566798
0.15083499999991545,-0.001588091254234314,-0.00014418363571166992,0.0023335814476013184,0.007747084368020296,0.004474744200706482,-0.006754000671207905,0.0008867699966389485,0.0014988363821304186,-0.0007485311717013385
0.16089099999999235,0.001331239938735962,-0.00226670503616333,-0.0016465187072753906,0.004128914326429367,0.0007260784041136503,-0.006753734312951565,0.0008964451930403062,0.001579207582080712,-0.0008387416696120684
0.17094599999995808,0.002269759774208069,-0.0022162795066833496,-0.0018871426582336426,0.008145848289132118,0.004139718599617481,-0.004013874568045139,0.0009255078261687546,0.0016427832002695523,-0.0009088749001206457
0.18100200000003497,-0.0010074898600578308,-0.003552854061126709,5.4836273193359375e-05,-0.001588005106896162,0.0002091587521135807,-0.0024037270341068506,0.0009430572248586366,0.0017064854546975543,-0.0009456667279910388
0.19105800000011186,0.0015571117401123047,-0.0071596503257751465,0.0027513504028320312,-0.01736985333263874,-0.0068701887503266335,-0.0007645246223546565,0.0009205433062356462,0.0016230132997789946,-0.0009682393011994457
0.2011130000000776,0.0051324740052223206,-0.011244654655456543,-0.0018808841705322266,-0.024558523669838905,-0.010293682105839252,0.004186824429780245,0.0008379579748850522,0.0014534245526080394,-0.0009689609719631453
0.2111689999999271,0.006440840661525726,-0.012898385524749756,-0.011550545692443848,-0.017908256500959396,-0.024180736392736435,0.008254003711044788,0.0006388581654362354,0.0013129397045105627,-0.0009087756050806881
0.221225000000004,0.00727163627743721,-0.01380378007888794,-0.015047907829284668,-0.00450749509036541,-0.025423899292945862,0.016131367534399033,0.00035950907571946194,0.0011964872614982993,-0.0008204142966979653
0.23127999999996973,0.0032999180257320404,-0.009293735027313232,-0.01658034324645996,0.007262700237333775,-0.02552669867873192,0.021426532417535782,9.477389768760704e-05,0.0011724666575962889,-0.0006524235129071691
0.24133600000004662,0.0020664818584918976,-0.008780121803283691,-0.01019132137298584,0.009084834717214108,-0.022513598203659058,0.023506194353103638,-0.00012322951494498456,0.0013456850039684106,-0.00039446617492101225
0.2513920000001235,-0.0029647499322891235,-0.006151854991912842,-0.001753091812133789,0.005772839300334454,-0.01776331663131714,0.02357490174472332,-0.0003096373815897001,0.0015071673517482933,-0.00012413848892184996
0.26144700000008925,-0.003927752375602722,0.0004067420959472656,0.0014455318450927734,-0.000495176762342453,-0.009474494494497776,0.022118685767054558,-0.00045858360606226215,0.0015868237612567404,8.683996890046152e-05
0.27150299999993877,-0.0019831545650959015,0.006711900234222412,0.002588033676147461,0.008248290978372097,-0.00608096132054925,0.016790634021162987,-0.0005281400696455231,0.0016761416763864047,0.00030365093068100024
0.28155900000001566,-0.00477580726146698,0.010989129543304443,0.003013432025909424,0.014828963205218315,0.0003814653027802706,0.012503210455179214,-0.0005195539353569377,0.0020195686739055965,0.000527619768601387
0.2916139999999814,-0.005061715841293335,0.01197737455368042,0.00901949405670166,0.01798267848789692,0.005722701083868742,0.006763938814401627,-0.00046254993819818633,0.0026298384971438914,0.000709530721717279
0.3016700000000583,-0.0056470222771167755,0.01621466875076294,0.01172935962677002,0.01925646699965,0.00918587576597929,0.006956218741834164,-0.0003363731416242554,0.0033402664351926854,0.0008698810773774019
0.3117259999999078,-0.0055192820727825165,0.013157784938812256,0.01213693618774414,0.016019128262996674,0.010485764592885971,-0.0011561957653611898,-0.00023203752076162608,0.003956064781222322,0.0009368478766880213
0.3217810000001009,-0.004111837595701218,0.015787243843078613,0.008537054061889648,0.02485416643321514,0.00975339487195015,-0.0072633568197488785,-0.00013070463884855648,0.004444379713448411,0.0009127046631956042
0.3318369999999504,-0.004239913076162338,0.011527061462402344,0.005084514617919922,0.02342156134545803,0.013296198099851608,-0.00776829244568944,-6.763978549903429e-05,0.004750774081689452,0.0007955862765003008
0.3418930000000273,-0.0019344314932823181,0.003553032875061035,0.0036388635635375977,0.007844201289117336,0.006027100142091513,-0.005664394702762365,-9.455751211472505e-06,0.004797756737533435,0.0006536815433664131
0.35194799999999304,0.00041765347123146057,-0.006875574588775635,0.0026724934577941895,-0.010598277673125267,-0.00513820257037878,0.0008189642685465515,-2.6838537332604433e-05,0.0045402114050628346,0.0005874693977427961
0.36200400000006994,0.0003332272171974182,-0.013006508350372314,-0.0045545101165771484,-0.029545336961746216,-0.012636599130928516,0.002873859368264675,-0.00015803180700862745,0.004020313017464828,0.0005442364273198986
0.37205900000003567,0.004693161696195602,-0.01832789182662964,-0.012336492538452148,-0.04282541200518608,-0.026299014687538147,0.01497342623770237,-0.00038474634925565455,0.0032187355675007785,0.0005683341261547722
0.38211500000011256,0.006260324269533157,-0.02717268466949463,-0.019101500511169434,-0.04559989273548126,-0.037002258002758026,0.020460868254303932,-0.0007478451508927004,0.002287280528643626,0.0006577658838210031
0.3921709999999621,0.009389899671077728,-0.03380769491195679,-0.027541279792785645,-0.049454864114522934,-0.05100209638476372,0.032630156725645065,-0.0012353599505340292,0.00139218910849556,0.0008525612909981209
0.40222700000003897,0.01500466838479042,-0.0369340181350708,-0.036939144134521484,-0.06963496655225754,-0.07126636058092117,0.05263395980000496,-0.0018717950265845758,0.000453921976734376,0.0012384088463286995
0.4122820000000047,0.015113119035959244,-0.04803067445755005,-0.044677019119262695,-0.0741741955280304,-0.09167908132076263,0.08016728609800339,-0.0027140560104986916,-0.00046265067712797234,0.001852950802049883
0.4223380000000816,0.017917506396770477,-0.04492098093032837,-0.05325889587402344,-0.06375617533922195,-0.10887324810028076,0.09526128321886063,-0.0037331554010058836,-0.0011476479839779689,0.002721685769870638
0.4323930000000473,0.02099437266588211,-0.0399819016456604,-0.05333966016769409,-0.050673212856054306,-0.12535768747329712,0.11039076000452042,-0.00490540667660561,-0.0015732076905366707,0.003766401537235242
0.44244899999989684,0.018568366765975952,-0.03590238094329834,-0.04523187875747681,-0.04301396384835243,-0.13845723867416382,0.12525226175785065,-0.0062253770802005075,-0.0016912824354010918,0.004955195974876522
0.45250499999997373,0.01729556918144226,-0.03668475151062012,-0.038869619369506836,-0.042552750557661057,-0.16577261686325073,0.13323310017585754,-0.007723886885235319,-0.0015626107114305018,0.006308080612506335
0.46255999999993946,0.02392091602087021,-0.030376970767974854,-0.039970338344573975,-0.05588719621300697,-0.18598760664463043,0.14970794320106506,-0.009479769731901308,-0.001206663203485778,0.007827641599403046
0.47261600000001636,0.02636970579624176,-0.03209775686264038,-0.039444804191589355,-0.08312041312456131,-0.2210787534713745,0.16923902928829193,-0.011484805653845142,-0.0008026680925270128,0.00957102121197582
0.48267200000009325,0.033039383590221405,-0.048055827617645264,-0.04621618986129761,-0.09984932839870453,-0.26764440536499023,0.2007032185792923,-0.013864116964598395,-0.000433816818781075,0.011626336397349038
0.492727000000059,0.039355892688035965,-0.05368262529373169,-0.06501352787017822,-0.12219444662332535,-0.31424185633659363,0.23126152157783508,-0.01672978732287111,2.6509778766496768e-05,0.014000098116930438
0.5027829999999085,0.04433790221810341,-0.0646330714225769,-0.07714080810546875,-0.15865498781204224,-0.36026501655578613,0.2668251097202301,-0.0200422797397209,0.00021684906755677733,0.01673980158837057
0.5128389999999854,0.05105487257242203,-0.07735711336135864,-0.08112120628356934,-0.1793110966682434,-0.4138706922531128,0.29408779740333557,-0.023809468818970572,-2.4358715926700078e-05,0.01982358561228636
0.5228939999999511,0.06010065972805023,-0.08571738004684448,-0.10089975595474243,-0.14387933909893036,-0.47066792845726013,0.32831287384033203,-0.028179887866805284,-0.0006369345397254879,0.023171279989646937
0.532950000000028,0.07300153374671936,-0.07497745752334595,-0.11145555973052979,-0.09421434253454208,-0.513035774230957,0.3587189316749573,-0.03306838923912187,-0.001124635151274675,0.026786885537321968
0.5430060000001049,0.07892701029777527,-0.07422494888305664,-0.11048907041549683,-0.09836221486330032,-0.5476744771003723,0.37406328320503235,-0.03837795106829449,-0.002230334295572449,0.0304316632966014
0.5530610000000706,0.08702141046524048,-0.09729808568954468,-0.08754199743270874,-0.12744566798210144,-0.5973172187805176,0.4090864658355713,-0.04412088868805005,-0.0035710297332431176,0.03428918756895652
0.5631169999999202,0.10088102519512177,-0.08857136964797974,-0.07200348377227783,-0.1555689126253128,-0.6228502988815308,0.43521103262901306,-0.05022091415792691,-0.005228111265404317,0.0384529146236526
0.573172999999997,0.10308699309825897,-0.0937492847442627,-0.06296461820602417,-0.18070267140865326,-0.6582586169242859,0.47843003273010254,-0.05662919536636934,-0.007193740485300306,0.04294885879056784
0.5832279999999628,0.10965332388877869,-0.09093409776687622,-0.045860111713409424,-0.17989253997802734,-0.6867496371269226,0.5154764652252197,-0.06336182952566032,-0.009352024939212089,0.047819645072455286
0.5932840000000397,0.1012207418680191,-0.07661300897598267,-0.03654688596725464,-0.17084693908691406,-0.7012553215026855,0.5546098947525024,-0.07027863809282105,-0.011478102425723924,0.053081941591368254
0.6033400000001166,0.09732954949140549,-0.0796440839767456,-0.021902501583099365,-0.17300117015838623,-0.716905415058136,0.5901117324829102,-0.07734578327732988,-0.013634222861148368,0.05871500900947761
0.6133950000000823,0.10004259645938873,-0.05942147970199585,-0.017079174518585205,-0.1608567088842392,-0.7284741997718811,0.6349869966506958,-0.08449813278680561,-0.015825904137749203,0.06472431324607603
0.6234509999999318,0.09538288414478302,-0.0663641095161438,-0.026639699935913086,-0.12849238514900208,-0.7638668417930603,0.6802687048912048,-0.09187866328819996,-0.01784840039434487,0.07118028986675776
0.6335070000000087,0.09995260834693909,-0.06552404165267944,-0.04477280378341675,-0.10922010242938995,-0.7892929315567017,0.7314106225967407,-0.09953585231710416,-0.019685697276763617,0.07812677988137401
0.6435619999999744,0.10305967926979065,-0.06198185682296753,-0.04845726490020752,-0.16740858554840088,-0.8282893300056458,0.7770715951919556,-0.10750016855293185,-0.02181556688827393,0.08555604754050233
0.6536180000000513,0.10298774391412735,-0.07394349575042725,-0.02935957908630371,-0.25705796480178833,-0.876548171043396,0.8116243481636047,-0.11587462021180621,-0.024845022838743864,0.09326571864615064
0.6636739999999008,0.10199950635433197,-0.06316393613815308,-0.023681282997131348,-0.33132925629615784,-0.9085290431976318,0.8304198980331421,-0.12464048882637369,-0.028832925115639264,0.10112849649677483
0.673729000000094,0.09813342988491058,-0.04396843910217285,-0.042987823486328125,-0.31736817955970764,-0.9349831342697144,0.8397687673568726,-0.1336670289499803,-0.033186721141423466,0.10903345167508517
0.6837849999999435,0.09844264388084412,-0.02559483051300049,-0.05693340301513672,-0.24896304309368134,-0.9559310078620911,0.8458653092384338,-0.13958866480575388,-0.036603661756516075,0.114612611552877
0.6938410000000204,0.10000449419021606,-0.013215422630310059,-0.06185579299926758,-0.20235368609428406,-0.9750643372535706,0.8471322655677795,-0.14964433449389591,-0.04016937080127266,0.12320909479713993
0.7038959999999861,0.09491229057312012,-0.020658373832702637,-0.050778210163116455,-0.19300280511379242,-1.0002433061599731,0.8568648099899292,-0.15928995115452488,-0.04343196482170329,0.13142354554176267
0.713952000000063,0.09415023028850555,-0.027438223361968994,-0.03628486394882202,-0.20261187851428986,-1.041864275932312,0.8577530980110168,-0.1675159593797934,-0.046474304743962795,0.13840800515870788
0.7240079999999125,0.09211476147174835,-0.033949971199035645,-0.04297828674316406,-0.2225264608860016,-1.0840706825256348,0.8763595223426819,-0.17607066379791156,-0.049724330933943205,0.14541850891670777
0.7340630000001056,0.09410147368907928,-0.050060153007507324,-0.05377554893493652,-0.2568942904472351,-1.1317392587661743,0.8940103054046631,-0.18620095596757727,-0.05357185646365207,0.15332162418600384
0.7441189999999551,0.09347402304410934,-0.05299180746078491,-0.05006110668182373,-0.3062754273414612,-1.1815025806427002,0.9204213619232178,-0.19857097250910277,-0.05836492003124166,0.16263547906404502
0.754175000000032,0.08397627621889114,-0.05163198709487915,-0.04394352436065674,-0.36913442611694336,-1.2182443141937256,0.9384022951126099,-0.21104495870135165,-0.06377823961941864,0.17179474452651544
0.7642299999999977,0.07791367173194885,-0.05151647329330444,-0.03668391704559326,-0.41399696469306946,-1.255958914756775,0.9630921483039856,-0.22399139621370134,-0.06999138615610287,0.1810661698217741
0.7742860000000746,0.06745977699756622,-0.04213738441467285,-0.02228832244873047,-0.37729978561401367,-1.2706873416900635,0.9790732264518738,-0.236430431627775,-0.07623601630224727,0.18994353346254367
0.7843419999999242,0.06290020793676376,-0.00137251615524292,-0.02402353286743164,-0.3285817801952362,-1.2608304023742676,0.9890113472938538,-0.2487331343431667,-0.0820967358010589,0.19892676710849155
0.7943970000001173,0.0541083961725235,-0.006386876106262207,-0.006283879280090332,-0.2738817632198334,-1.270151972770691,1.0006983280181885,-0.2608145150469347,-0.08760382721626414,0.20795800411221063
0.8044529999999668,0.04980243742465973,0.012749314308166504,0.009501755237579346,-0.20159503817558289,-1.2541801929473877,1.0058292150497437,-0.27303517824420404,-0.09266237888751966,0.21738032369100257
0.8145090000000437,0.041048526763916016,0.022922933101654053,0.020618081092834473,-0.18458525836467743,-1.2492139339447021,1.0130716562271118,-0.2852140297905494,-0.09741292375098766,0.22702801070181858
0.8245640000000094,0.047152407467365265,0.03498584032058716,0.04095578193664551,-0.20699256658554077,-1.24129319190979,1.0035841464996338,-0.2975306939386427,-0.10242504210266919,0.236744085636047
0.8346200000000863,0.04172425717115402,0.041210711002349854,0.050156235694885254,-0.2352832704782486,-1.252573847770691,1.0015255212783813,-0.30886545985544656,-0.10750182959301266,0.24561217785135203
0.8446759999999358,0.04546990245580673,0.033804357051849365,0.045091450214385986,-0.2536635994911194,-1.2620145082473755,0.9968380331993103,-0.320319778677122,-0.11291758225712702,0.254351835644013
0.8547309999999015,0.04594602435827255,0.04233342409133911,0.038958847522735596,-0.26584887504577637,-1.2655935287475586,0.9915866851806641,-0.33301865559976035,-0.11897178145095502,0.26372530419385076
0.8647869999999784,0.03656437247991562,0.04366862773895264,0.03837162256240845,-0.26953786611557007,-1.2687901258468628,0.9833332896232605,-0.34505757631267786,-0.12497698524620246,0.2725002888743088
0.8748430000000553,0.03080354630947113,0.04292243719100952,0.024899780750274658,-0.24377010762691498,-1.2744303941726685,0.9638567566871643,-0.35685425647416885,-0.1308201282646887,0.28091753503704203
0.8848980000000211,0.03694462776184082,0.036475956439971924,0.004868566989898682,-0.2047169804573059,-1.2816357612609863,0.9635009765625,-0.3688070391777848,-0.1364533344418997,0.2894215884784526
0.894954000000098,0.04299430549144745,0.039845824241638184,0.003705918788909912,-0.18099132180213928,-1.2855690717697144,0.9653616547584534,-0.3806079326143583,-0.1418104532624159,0.2978936609890298
0.9050099999999475,0.043128520250320435,0.02467036247253418,0.00021523237228393555,-0.2102205753326416,-1.3011083602905273,0.9574890732765198,-0.39251973207918955,-0.14731821569781053,0.30629256818987954
0.9150649999999132,0.048583053052425385,0.00746995210647583,-0.0038785934448242188,-0.21504183113574982,-1.3277770280838013,0.9552197456359863,-0.4042435443409859,-0.15292247833766748,0.31424412669391993
0.9251209999999901,0.047484032809734344,0.01773136854171753,-0.03051239252090454,-0.19238978624343872,-1.3460001945495605,0.9593793153762817,-0.4161818564405161,-0.15853257015850353,0.322219208037023
0.935177000000067,0.046732351183891296,0.0018922090530395508,-0.06196320056915283,-0.1839185357093811,-1.3916816711425781,0.9699667096138,-0.4290278934620114,-0.1643995653245816,0.33070183038495493
0.9452320000000327,0.048656053841114044,-0.021640419960021973,-0.07166421413421631,-0.18601231276988983,-1.4431015253067017,0.9827184677124023,-0.4419362964610713,-0.17023186999119228,0.33897332051532997
0.9552880000001096,0.04285569489002228,-0.02818012237548828,-0.09085714817047119,-0.22744067013263702,-1.5005789995193481,0.9973840117454529,-0.45514535642046156,-0.17634618087005907,0.34712184053470785
0.9653439999999591,0.04748521000146866,-0.028605997562408447,-0.0863032341003418,-0.32956835627555847,-1.5471928119659424,1.0110657215118408,-0.4690290846877381,-0.18336112629999657,0.3550787149168001
0.9753989999999249,0.05025426298379898,-0.03543210029602051,-0.06969499588012695,-0.41337457299232483,-1.6109156608581543,1.020983338356018,-0.483394019227045,-0.19135250235067455,0.36253219246080404
0.9854550000000017,0.05965115875005722,-0.035165250301361084,-0.06451159715652466,-0.43570810556411743,-1.666547417640686,1.020318865776062,-0.49817328236311015,-0.19985167973231063,0.3695709214204914
0.995511125000121,0.06636795401573181,0.001916348934173584,-0.04742848873138428,-0.4146629273891449,-1.6827443838119507,1.0062453746795654,-0.5135078614382543,-0.20851227441578307,0.37659229847832665
1.0055661250000867,0.07563211768865585,0.026842117309570312,-0.02954888343811035,-0.38484299182891846,-1.6838583946228027,0.9770219326019287,-0.5288207732174756,-0.21692301238483816,0.3834058696359079
1.0156221249999362,0.08287963271141052,0.05041062831878662,0.0065686702728271484,-0.329204261302948,-1.6807761192321777,0.972995400428772,-0.5442206119758204,-0.22505213201414584,0.3902064657983978
1.025678125000013,0.08169230818748474,0.03906881809234619,0.024073243141174316,-0.2469080686569214,-1.6738848686218262,0.942506730556488,-0.5595400311144867,-0.23256949933180435,0.39718696891305705
1.0357331249999788,0.08522001653909683,0.052243053913116455,0.043692588806152344,-0.18377847969532013,-1.6509618759155273,0.9274622201919556,-0.5746593568357274,-0.23950155389774294,0.4042975193744755
1.0457891250000557,0.09529200196266174,0.07032722234725952,0.07582777738571167,-0.16711322963237762,-1.617786169052124,0.8956928253173828,-0.589629021080307,-0.2461287054321099,0.4114590300973836
1.0558451249999052,0.09155700355768204,0.06389862298965454,0.1000012755393982,-0.17281989753246307,-1.5932697057724,0.8693896532058716,-0.6043000685487285,-0.2526591088375959,0.4182678478723498
1.0659001250000983,0.08770464360713959,0.06083410978317261,0.11297237873077393,-0.18254922330379486,-1.5709739923477173,0.8505216836929321,-0.6189794598215124,-0.25933208324243073,0.42483653556018347
1.0759561249999479,0.07463029772043228,0.04606097936630249,0.10395777225494385,-0.14919495582580566,-1.5449087619781494,0.8405417203903198,-0.633198147871196,-0.2658318654396349,0.43112532033395917
1.0860121250000248,0.06201322376728058,0.050637900829315186,0.09735071659088135,-0.09302275627851486,-1.5137510299682617,0.8415073752403259,-0.6469953560101606,-0.27196513393084815,0.4375455724798293
1.0960671249999905,0.048954904079437256,0.04249793291091919,0.0850563645362854,-0.07293391227722168,-1.4891184568405151,0.8460708260536194,-0.6605251079249039,-0.27792442504508647,0.44428655893696956
1.1061231250000674,0.03726807236671448,0.03384619951248169,0.091860830783844,-0.10596136748790741,-1.4545879364013672,0.8461723327636719,-0.6739161443129077,-0.28414166951464487,0.45096917585868707
1.116179124999917,0.035721853375434875,0.04649233818054199,0.09990882873535156,-0.15853990614414215,-1.421000599861145,0.8345341682434082,-0.6870515754981829,-0.2907475868514612,0.4572061519365089
1.12623412500011,0.03493144363164902,0.042581796646118164,0.09479230642318726,-0.18574994802474976,-1.3907098770141602,0.8308901786804199,-0.6999016673395803,-0.2977640251556594,0.46302355185282845
1.1362901249999595,0.027844592928886414,0.02069270610809326,0.0764780044555664,-0.15426982939243317,-1.3767033815383911,0.8250603079795837,-0.7125771448077616,-0.30478613155938455,0.4687755452886808
1.1463461250000364,0.022478953003883362,0.042344629764556885,0.07740134000778198,-0.1131916344165802,-1.3341803550720215,0.8079521656036377,-0.7246509474711184,-0.31135592702699577,0.4745370808871979
1.1564011250000021,0.014112420380115509,0.04678082466125488,0.08109486103057861,-0.11698822677135468,-1.3103458881378174,0.7929722666740417,-0.7364181543471274,-0.3177593580176042,0.4802462872619364
1.166457125000079,0.01947496086359024,0.021789371967315674,0.0754551887512207,-0.1382003128528595,-1.2945232391357422,0.7879894971847534,-0.7481221779683039,-0.32429039117892594,0.4857367616554545
1.1765131249999286,0.021290726959705353,0.03272998332977295,0.07086509466171265,-0.13588322699069977,-1.2634601593017578,0.7784368395805359,-0.7595909980537415,-0.33091889282758175,0.4910366104790013
1.1865681250001217,0.00267811119556427,0.024889826774597168,0.0623553991317749,-0.11509992182254791,-1.2552134990692139,0.7890695333480835,-0.7706403543925004,-0.33741644174979696,0.4962315834364868
1.1966241249999712,0.000901881605386734,0.020737409591674805,0.05057418346405029,-0.11706577241420746,-1.2389063835144043,0.7853182554244995,-0.7814412242989045,-0.34384000702561546,0.501434001446768
1.206680125000048,-0.003290034830570221,0.031147122383117676,0.05008023977279663,-0.12167304009199142,-1.236249327659607,0.7777391672134399,-0.7922135194729232,-0.3503504902577857,0.5065789867007767
1.2167351250000138,-0.006419505923986435,0.013661086559295654,0.03696936368942261,-0.15278440713882446,-1.244850754737854,0.7815927863121033,-0.8030227239102885,-0.3570001698682538,0.5114618021515822
1.2267911250000907,0.006430238485336304,0.01375722885131836,0.028181254863739014,-0.17583273351192474,-1.2332020998001099,0.7751908302307129,-0.8140892618418201,-0.36400615719308405,0.5161229740712029
1.2368471249999402,0.01049087941646576,0.026957392692565918,0.01640915870666504,-0.209944948554039,-1.2326892614364624,0.7756015062332153,-0.8249350528093271,-0.3710645623620116,0.5203711413809728
1.246902124999906,0.02308846265077591,0.011173427104949951,0.019526660442352295,-0.24811869859695435,-1.2312424182891846,0.7717798352241516,-0.8360043963571592,-0.3785408798798508,0.5243683775255488
1.2569581249999828,0.01748211309313774,0.026398420333862305,0.018791377544403076,-0.25903844833374023,-1.2320804595947266,0.7657371163368225,-0.8471679503347135,-0.3861349498649673,0.5279370590938486
1.2670141250000597,0.02710408717393875,0.03858602046966553,0.027179360389709473,-0.22606532275676727,-1.2338213920593262,0.7512431740760803,-0.858323176748213,-0.3935952362210616,0.5314756018323162
1.2770691250000255,0.020470112562179565,0.04338771104812622,0.012130320072174072,-0.20297585427761078,-1.2304433584213257,0.7059913277626038,-0.8693551617556107,-0.4006167206759047,0.5349553545490484
1.2871251250001023,0.03253858536481857,0.06488823890686035,0.02034670114517212,-0.2185782492160797,-1.2041107416152954,0.6867673397064209,-0.8802111732380982,-0.40732346539874037,0.5381282152628395
1.2971811249999519,0.030255410820245743,0.06759840250015259,0.047242701053619385,-0.2454177588224411,-1.1968413591384888,0.6391506195068359,-0.8911602019164435,-0.4139811075535138,0.5408301043938687
1.3072361249999176,0.020760394632816315,0.07035744190216064,0.07004863023757935,-0.24717916548252106,-1.171363115310669,0.6021712422370911,-0.9021011165843049,-0.42043839502667224,0.5430217489255167
1.3172921249999945,0.01914259046316147,0.09059733152389526,0.06436353921890259,-0.21681012213230133,-1.1577351093292236,0.555600106716156,-0.9130514033279103,-0.42658948525794416,0.5449878907106566
1.3273481250000714,0.01714230701327324,0.09770244359970093,0.07261443138122559,-0.1502944827079773,-1.1114799976348877,0.5173871517181396,-0.923720105682085,-0.43215938948839555,0.54713381564554
1.337403125000037,0.019529283046722412,0.11217063665390015,0.0691179633140564,-0.10786566883325577,-1.0709478855133057,0.46493980288505554,-0.9338810151539395,-0.43707186764707173,0.54940283066731
1.347459125000114,0.022822678089141846,0.08354300260543823,0.0771249532699585,-0.07413513213396072,-1.0513241291046143,0.43291953206062317,-0.9439054369669443,-0.4415003581510127,0.5516711958308433
1.3575151249999635,0.012016098946332932,0.07599031925201416,0.07665038108825684,-0.06078767776489258,-1.0258724689483643,0.41909611225128174,-0.9535242097744355,-0.4455243275045391,0.5539459071425141
1.3675701249999292,0.013496626168489456,0.07156151533126831,0.09545743465423584,-0.0971187949180603,-1.0123414993286133,0.3975428640842438,-0.9631640722532712,-0.449540226660253,0.5560637104326039
1.3776261250000061,0.016146380454301834,0.04069173336029053,0.1059943437576294,-0.17269840836524963,-1.0005213022232056,0.38918840885162354,-0.9729141359205955,-0.45378529247994787,0.5574533648869684
1.387682125000083,0.015830006450414658,0.041918277740478516,0.11326360702514648,-0.2282988280057907,-0.9721812605857849,0.37340065836906433,-0.9828338587835256,-0.4583241231684613,0.5580861379277581
1.3977371250000488,0.016281329095363617,0.038619935512542725,0.11315417289733887,-0.22288404405117035,-0.9374241828918457,0.36115774512290955,-0.992527064698299,-0.46287442178071153,0.5584079061529126
1.4077931249998983,0.001953139901161194,0.03446805477142334,0.11929351091384888,-0.23459556698799133,-0.8707215785980225,0.33767130970954895,-1.0017850271708377,-0.4672503589327948,0.5585137766704177
1.4178491249999752,-0.0012092255055904388,0.040290236473083496,0.13742494583129883,-0.24989156424999237,-0.7856398820877075,0.3042845129966736,-1.0103407629649315,-0.47140200440577307,0.558213789966593
1.427904124999941,0.0012912377715110779,0.036975741386413574,0.14512205123901367,-0.20052693784236908,-0.711563766002655,0.289278119802475,-1.0182316547239725,-0.4753860203276836,0.5578990249870871
1.4379601250000178,-0.0006170123815536499,0.04826188087463379,0.14260780811309814,-0.13666468858718872,-0.6099018454551697,0.2633095681667328,-1.025024112894754,-0.4788372050327935,0.5579828744225528
1.4480161250000947,0.014981023967266083,0.0478057861328125,0.13406658172607422,-0.05378764867782593,-0.5366031527519226,0.2517748773097992,-1.0304783206741654,-0.481631122363494,0.5585420112146287
1.4580711250000604,0.010589126497507095,0.011187195777893066,0.11542016267776489,0.027743030339479446,-0.4619860351085663,0.26733750104904175,-1.034908402049183,-0.48405741754365206,0.5599970173373445
1.46812712499991,-0.0029809698462486267,0.02194434404373169,0.1364244818687439,0.028331588953733444,-0.4024316370487213,0.25863587856292725,-1.038296128616452,-0.4862280033994427,0.5618474955788616
1.4781831249999868,0.01759418472647667,0.00564950704574585,0.12731122970581055,0.0010934430174529552,-0.3741178512573242,0.26215437054634094,-1.0414096596950222,-0.4884751481624646,0.5634384409235376
1.4882381249999526,0.028231602162122726,0.030511796474456787,0.09409672021865845,0.02515457011759281,-0.3386472165584564,0.26155704259872437,-1.0442565048944707,-0.4907876021867919,0.5650649013652087
1.4982941250000295,0.003664229065179825,0.026865661144256592,0.08472681045532227,0.04684668406844139,-0.32444310188293457,0.2595684826374054,-1.0467812513750914,-0.4930027144473767,0.5669486941914069
1.5083501250001063,-0.014474842697381973,0.030502676963806152,0.07475852966308594,0.024662286043167114,-0.31787651777267456,0.2645677626132965,-1.0491860958849883,-0.49521213010902393,0.5688667359911106
1.518405125000072,-0.04173814877867699,0.02645772695541382,0.07414448261260986,-0.05567596107721329,-0.3103373944759369,0.2599349319934845,-1.0517632150821727,-0.497677267004055,0.5702680751533878
1.5284611249999216,-0.05718328803777695,0.03550267219543457,0.08246809244155884,-0.14363963901996613,-0.3038342297077179,0.24771101772785187,-1.0548333535296468,-0.5006071511799954,0.5707553830061979
1.5385171249999985,-0.055769771337509155,0.05160784721374512,0.08418118953704834,-0.19454529881477356,-0.2872753441333771,0.2156303972005844,-1.0581305279827669,-0.5036284973402707,0.5703384062120442
1.5485731250000754,-0.05110045149922371,0.06600075960159302,0.0754057765007019,-0.17276489734649658,-0.25322017073631287,0.17166480422019958,-1.0614191214078645,-0.5064206886544472,0.5696244489750643
1.558628125000041,-0.04522528499364853,0.09636783599853516,0.07575720548629761,-0.15773224830627441,-0.20614135265350342,0.11757934838533401,-1.0642013866644497,-0.5085958998634124,0.5688276990686044
1.568684125000118,-0.03670202195644379,0.09899330139160156,0.09627139568328857,-0.13385088741779327,-0.1582699567079544,0.0648125410079956,-1.0665972306362885,-0.5102402742672485,0.5678920320913764
1.5787401249999675,-0.02879338711500168,0.13499969244003296,0.12386709451675415,-0.1224464699625969,-0.08416736871004105,0.005426899064332247,-1.0682446932435719,-0.5111730694977001,0.5667932252085746
1.5887951249999333,-0.015114109963178635,0.14678311347961426,0.1427748203277588,-0.11869487166404724,-0.02475012093782425,-0.05269552767276764,-1.069496341200722,-0.511715722211212,0.5653597948696648
1.5988511250000101,-0.014677569270133972,0.13568085432052612,0.15660721063613892,-0.029418926686048508,0.040648460388183594,-0.10500791668891907,-1.070094226273068,-0.5115209991492375,0.5641126695601314
1.608907125000087,-0.00199880450963974,0.15687018632888794,0.16863226890563965,0.03404872864484787,0.12007750570774078,-0.1619441658258438,-1.0697847977276267,-0.5105415510910662,0.5634458576934716
1.6189621250000528,0.0077812038362026215,0.12431639432907104,0.19067096710205078,0.05498894304037094,0.16692477464675903,-0.21196220815181732,-1.0687673579406793,-0.5088361236779744,0.5628100278979867
1.6290181249999023,0.018453683704137802,0.11704397201538086,0.19171547889709473,0.08915597200393677,0.23674407601356506,-0.24803924560546875,-1.0671210865475815,-0.5066057262657012,0.5622258875136115
1.6390741249999792,0.007304977625608444,0.10121023654937744,0.20177650451660156,0.061276134103536606,0.27909553050994873,-0.2591385543346405,-1.06483417590089,-0.5041005180255029,0.56152194218666
1.649129124999945,-0.005013957619667053,0.06044912338256836,0.22555792331695557,0.02484489046037197,0.33375850319862366,-0.26215749979019165,-1.062415347470594,-0.5017880020153782,0.5603970839798093
1.6591851250000218,-0.021877069026231766,0.07593941688537598,0.22898703813552856,-0.03882499039173126,0.40462973713874817,-0.26479974389076233,-1.0595640163205244,-0.49964181265443447,0.5588068128696513
1.6692411250000987,-0.023170530796051025,0.07445412874221802,0.24480211734771729,-0.1027485802769661,0.47631165385246277,-0.2738579511642456,-1.0563090863624385,-0.49781137421204313,0.5564932366587226
1.6792961250000644,-0.03331756219267845,0.08774453401565552,0.2596338391304016,-0.1842295527458191,0.5867096185684204,-0.30492037534713745,-1.0526168221898162,-0.4961896361963066,0.5533896489065203
1.689352124999914,-0.025161560624837875,0.10722470283508301,0.2657315731048584,-0.22342541813850403,0.6828436255455017,-0.34644120931625366,-1.0482223860305935,-0.4945349622680451,0.5494066682539855
1.6994081249999908,-0.01594150811433792,0.11886489391326904,0.2586977481842041,-0.17335283756256104,0.7835502624511719,-0.3891582190990448,-1.042879043824814,-0.49246108787582776,0.5452548654467979
1.7094631249999566,-0.0081058070063591,0.148959219455719,0.2268795371055603,-0.06546871364116669,0.867743194103241,-0.43703413009643555,-1.0363295306343505,-0.48957548942442086,0.5415976852945645
1.7195191250000335,-0.001322329044342041,0.1264442801475525,0.17532169818878174,0.08108663558959961,0.9169592261314392,-0.46621444821357727,-1.0285950177653858,-0.4857037105427066,0.5389756238739228
1.7295751250001103,-0.009594947099685669,0.11776608228683472,0.13382095098495483,0.13624709844589233,0.9537015557289124,-0.5043416023254395,-1.020043459247589,-0.4810288698498838,0.5371953375349815
1.739630125000076,-0.013721577823162079,0.0984182357788086,0.12987792491912842,0.061196282505989075,0.9593151807785034,-0.5339966416358948,-1.0114639807100168,-0.476179537534592,0.5349907985561064
1.7496861249999256,-0.018319278955459595,0.07027411460876465,0.11799478530883789,-0.014118177816271782,0.9522077441215515,-0.560135006904602,-1.0033877640178848,-0.47159324060761926,0.5317630652480672
1.7597421250000025,-0.020136170089244843,0.05933403968811035,0.07594883441925049,-0.03806953877210617,0.9615457057952881,-0.5725101232528687,-0.9955001537252629,-0.4670623619811131,0.5279240963291568
1.7697971249999682,-0.024193376302719116,0.07976120710372925,0.057150840759277344,-0.10252922028303146,0.984269380569458,-0.5974679589271545,-0.9877535738747687,-0.4626945071898834,0.5235805151610252
1.779853125000045,-0.028249971568584442,0.033800363540649414,0.06108731031417847,-0.13645510375499725,0.9902890920639038,-0.618457019329071,-0.9802402262010996,-0.45850968441559375,0.5184506705651554
1.789909125000122,-0.02610643580555916,0.07109534740447998,0.04282337427139282,-0.1160355806350708,1.0420609712600708,-0.6515161991119385,-0.9724671763158894,-0.4541355355292421,0.5131907393822019
1.7999641250000877,-0.022409822791814804,0.09536665678024292,0.059597790241241455,-0.16405414044857025,1.1062690019607544,-0.7004536390304565,-0.9642821175450621,-0.4495523287250375,0.5075141482930706
1.8100201249999373,-0.003651615232229233,0.09772807359695435,0.09055227041244507,-0.16575483977794647,1.167789340019226,-0.747572660446167,-0.9557139607466112,-0.4447705926423058,0.5011602152398302
1.8200761250000141,0.01765923947095871,0.1159394383430481,0.08589673042297363,-0.09321876615285873,1.2457611560821533,-0.7997542023658752,-0.9464308423072519,-0.43941578477005805,0.49484271760495274
1.8301311249999799,0.04220213368535042,0.1567651629447937,0.09619385004043579,-0.04338010400533676,1.3211562633514404,-0.8621981143951416,-0.9361888688436977,-0.4332318416094377,0.4886228278662367
1.8401871250000568,0.06413508951663971,0.1247485876083374,0.09512406587600708,0.07359742373228073,1.3441301584243774,-0.9111491441726685,-0.9253264910382066,-0.4261772138916634,0.4826528001671217
1.8502431249999063,0.06804296374320984,0.11476528644561768,0.039002418518066406,0.2480991929769516,1.356418251991272,-0.9414788484573364,-0.9138317393059462,-0.41789137467772275,0.47781308877273787
1.8602981250000994,0.05376408249139786,0.07673120498657227,-5.245208740234375e-05,0.28257542848587036,1.3277109861373901,-0.9631156921386719,-0.9020816780205314,-0.4087493823725752,0.4736679124207
1.870354124999949,0.032766908407211304,0.03334677219390869,0.02913329005241394,0.1742561310529709,1.3082771301269531,-0.9737920165061951,-0.8909051161772295,-0.3998443581815938,0.4690772000071572
1.8804101250000258,0.007801314815878868,-0.011306226253509521,0.0507853627204895,-0.010544614866375923,1.287596344947815,-0.9655678868293762,-0.8804043855596229,-0.3919169463488635,0.4630445772589055
1.8904651249999915,0.011393556371331215,-0.006625711917877197,0.07382795214653015,-0.16145077347755432,1.3214941024780273,-0.9502251744270325,-0.8702810505546191,-0.38521122968305566,0.45558673025695456
1.9005211250000684,0.02002861350774765,0.01756608486175537,0.10400629043579102,-0.32199275493621826,1.3874722719192505,-0.9602373242378235,-0.8601513755981138,-0.3796724091615353,0.4468949548263603
1.910577124999918,0.04802815243601799,0.0429377555847168,0.14701586961746216,-0.3783266246318817,1.4652019739151,-0.9926671981811523,-0.8496708263845583,-0.37483850352124704,0.4369704957311313
1.920632125000111,0.0831250473856926,0.06952852010726929,0.09512251615524292,-0.1298663467168808,1.4920036792755127,-1.0038975477218628,-0.838473245050886,-0.3693537739293309,0.42757573631459705
1.9306881249999606,0.09798331558704376,0.10018575191497803,0.0056302547454833984,0.2112286537885666,1.5404409170150757,-1.0211436748504639,-0.825842080723635,-0.36164947696781,0.42054924540425653
1.9407441250000375,0.08607915043830872,0.09104186296463013,-0.02096855640411377,0.301235169172287,1.521294116973877,-1.057701587677002,-0.8124121593011647,-0.35222556287549744,0.4149897711530373
1.9507991250000032,0.0823654755949974,0.018297970294952393,-0.008163213729858398,0.28792867064476013,1.475858449935913,-1.066965103149414,-0.7994365333448712,-0.3425610302489884,0.4093919604040102
1.96085512500008,0.04704827070236206,0.02811574935913086,-0.0035333633422851562,0.15930354595184326,1.4518853425979614,-1.0754038095474243,-0.7868863529034921,-0.3333181928631956,0.40317043801559277
1.9709111249999296,0.03340555354952812,-0.015566587448120117,0.017415881156921387,-0.06685981899499893,1.4127718210220337,-1.064711332321167,-0.7752052348809149,-0.3255475080847915,0.39540041716169544
1.9809661250001227,0.03713612258434296,-0.019802868366241455,0.03707394003868103,-0.15078459680080414,1.4176768064498901,-1.0544872283935547,-0.7640452696032232,-0.31914125850495667,0.3865104724552764
1.991021666666711,0.04827644303441048,0.02433609962463379,0.023223400115966797,-0.19991299510002136,1.4591577053070068,-1.0533069372177124,-0.7527590946946688,-0.3133064276907217,0.3772127024245709
2.001077666666788,0.08306246995925903,0.03799450397491455,0.0335693359375,-0.13236874341964722,1.4717864990234375,-1.0544288158416748,-0.7411553472415005,-0.3075994443020748,0.3677840370873111
2.0111326666667537,0.10033681243658066,0.020096898078918457,-0.025727391242980957,0.1575469672679901,1.4467018842697144,-1.0343736410140991,-0.7292174003037808,-0.3006957005370216,0.3597112338179942
2.0211886666666032,0.09921467304229736,0.04475647211074829,-0.10802263021469116,0.34351205825805664,1.426759958267212,-1.0219601392745972,-0.7166395508335308,-0.29190375412211306,0.3534661029944325
2.03124466666668,0.08414401113986969,0.022613704204559326,-0.07548004388809204,0.234552264213562,1.4006528854370117,-1.0306659936904907,-0.7043408511888426,-0.28295530921683115,0.34744038352369144
2.041299666666646,0.06094396859407425,-0.0058402419090271,0.016107559204101562,-0.03367292881011963,1.377860426902771,-1.040406346321106,-0.6925681684180127,-0.275557751786498,0.33986108492321204
2.0513556666667228,0.05185875669121742,0.00147932767868042,0.08112618327140808,-0.2758759558200836,1.394904375076294,-1.058914065361023,-0.6813088697377608,-0.27017317098723953,0.33031133104162597
2.0614116666665723,0.060380034148693085,0.040624141693115234,0.13011255860328674,-0.48989972472190857,1.4886820316314697,-1.0987831354141235,-0.6699472039875043,-0.266432923732356,0.3191102641044122
2.071467666666649,0.06914084404706955,0.08141261339187622,0.21340078115463257,-0.6428181529045105,1.6092125177383423,-1.1713076829910278,-0.6579886313654079,-0.2640973763249911,0.30615580944234844
2.081522666666615,0.10104437172412872,0.10840338468551636,0.22827628254890442,-0.372528076171875,1.6733759641647339,-1.2010794878005981,-0.6450336648601115,-0.2612500131495258,0.2929019638408558
2.091578666666692,0.1133781373500824,0.0949057936668396,0.086087167263031,0.26848146319389343,1.7375030517578125,-1.182413101196289,-0.6308525225110413,-0.25473793264695477,0.28265252057373996
2.1016336666666575,0.10855748504400253,0.12344616651535034,-0.010042309761047363,0.6312306523323059,1.7947551012039185,-1.1963387727737427,-0.6149923575555917,-0.24392718681526251,0.2755965291202972
2.1116896666667344,0.10192281007766724,0.02401447296142578,0.04705452919006348,0.5856797099113464,1.781427264213562,-1.2041306495666504,-0.5987177452705962,-0.23198657685759388,0.26909994680969634
2.121745666666584,0.07510146498680115,-0.02238166332244873,0.0980745255947113,0.3906954526901245,1.7611613273620605,-1.2096662521362305,-0.5828438551582038,-0.2211992772869755,0.2616814572265329
2.131801666666661,0.06222813203930855,-0.04028850793838501,0.09995642304420471,0.08205664902925491,1.7458182573318481,-1.2079429626464844,-0.5673873999761649,-0.2126867633002917,0.25264529105963496
2.1418566666666266,0.0860666036605835,-0.020874619483947754,0.0870496928691864,-0.15360257029533386,1.7513542175292969,-1.2048760652542114,-0.5521985788669986,-0.20674259413411042,0.2418725668682533
2.1519126666667034,0.0893840566277504,0.016546010971069336,0.0753527581691742,-0.23713074624538422,1.7948607206344604,-1.2007702589035034,-0.5368393593089259,-0.20235669390843433,0.23018217755499593
2.1619686666667803,0.10162805020809174,0.044780433177948,0.08175539970397949,-0.1841391772031784,1.8573381900787354,-1.2261888980865479,-0.520919241952871,-0.19819285985355603,0.21827107548487026
2.172023666666746,0.12399547547101974,0.0730019211769104,0.061135292053222656,0.06794260442256927,1.8690321445465088,-1.2282251119613647,-0.5045237499674937,-0.1929051747783929,0.20693393254104978
2.1820796666665956,0.16748687624931335,0.04749798774719238,-0.05950194597244263,0.4304530918598175,1.8431169986724854,-1.2031666040420532,-0.48800266695505373,-0.18499574179910694,0.1972959069366186
2.1921356666666725,0.1493753343820572,0.05527222156524658,-0.10935142636299133,0.5743796229362488,1.8176175355911255,-1.2056585550308228,-0.471338737578799,-0.17482913012091128,0.1889468637127045
2.202190666666638,0.13186942040920258,-0.01182699203491211,-0.06627041101455688,0.3802989423274994,1.7482937574386597,-1.2063970565795898,-0.4550742148278868,-0.16509790961781248,0.1802295002247875
2.212246666666715,0.12076368927955627,-0.05709481239318848,0.0011419057846069336,0.07917133718729019,1.7081668376922607,-1.2101603746414185,-0.43949991136225075,-0.15786087317393782,0.17019958929453047
2.2223026666665646,0.11546176671981812,-0.05281376838684082,0.014159440994262695,-0.14232203364372253,1.6844435930252075,-1.200696587562561,-0.4243173993197073,-0.1532375871775176,0.15887363915845523
2.2323576666667577,0.126901313662529,-0.04135531187057495,0.00955343246459961,-0.19597408175468445,1.6868064403533936,-1.1917201280593872,-0.40922346329149867,-0.15011264151225495,0.146986551395923
2.2424136666666072,0.13317492604255676,-0.01945054531097412,-0.017255544662475586,-0.05433448404073715,1.6919095516204834,-1.1670010089874268,-0.3940103563730288,-0.14682530009333114,0.13538804504372143
2.252469666666684,0.15184101462364197,-0.03441876173019409,-0.0741235613822937,0.26185092329978943,1.6401581764221191,-1.1165945529937744,-0.378909956350494,-0.14170653285855708,0.12504326038384692
2.26252466666665,0.14471493661403656,-0.06384438276290894,-0.16098880767822266,0.5305269360542297,1.5707887411117554,-1.0637028217315674,-0.3639880425608082,-0.1339698220870244,0.11618061221217581
2.2725806666667268,0.12506331503391266,-0.08977341651916504,-0.17252182960510254,0.5136387944221497,1.481982946395874,-1.0063118934631348,-0.3501043628911037,-0.12538912634818333,0.10850641784863223
2.2826366666665763,0.10075773298740387,-0.1475924253463745,-0.12612468004226685,0.24299991130828857,1.380906105041504,-0.9569207429885864,-0.3366900431840963,-0.11842695892878052,0.10044337704773658
2.2926916666667694,0.0772852748632431,-0.19099611043930054,-0.08811026811599731,-0.07278309017419815,1.275607943534851,-0.9079840779304504,-0.3244783944877345,-0.1147144435003562,0.09180011137616705
2.302747666666619,0.06895629316568375,-0.1578410267829895,-0.08972644805908203,-0.2621976435184479,1.2234138250350952,-0.8510326743125916,-0.3134292714535533,-0.11375949547936155,0.08303332998650344
2.312803666666696,0.05740560591220856,-0.13058656454086304,-0.10196954011917114,-0.36358311772346497,1.1861149072647095,-0.8112977743148804,-0.3023825071624473,-0.11441683556144953,0.07399837665207876
2.3228586666666615,0.05236981809139252,-0.09745645523071289,-0.07858949899673462,-0.3954744338989258,1.1911309957504272,-0.7913423776626587,-0.29180509735792454,-0.11594257764923403,0.06522926441299352
2.3329146666667384,0.05538212135434151,-0.053343772888183594,-0.05271279811859131,-0.3010944128036499,1.1853433847427368,-0.7744113206863403,-0.28120878291495044,-0.11734815408666333,0.05673406150356358
2.342970666666588,0.07396239787340164,-0.013573765754699707,-0.0511283278465271,-0.10423368960618973,1.1887611150741577,-0.7592107057571411,-0.27048694484036667,-0.11741049368942258,0.04878348862180422
2.353025666666781,0.09755966812372208,-0.013505280017852783,-0.06224417686462402,0.10011544823646545,1.175270915031433,-0.7332965731620789,-0.2597372247019226,-0.11558301801722459,0.04161492097066404
2.3630816666666306,0.10359629988670349,0.016078412532806396,-0.034207940101623535,0.18669970333576202,1.1827261447906494,-0.7233420610427856,-0.24887279404617432,-0.11237990307716988,0.034963441325057465
2.3731376666667074,0.09803327918052673,0.01133054494857788,0.018056929111480713,0.10312385112047195,1.166106939315796,-0.729378342628479,-0.23795397223435788,-0.10927623335405709,0.028213533775540183
2.383192666666673,0.10212697833776474,0.007025241851806641,0.06126934289932251,-0.0026040009688585997,1.1657741069793701,-0.7324609160423279,-0.22717091492133024,-0.10722904521058871,0.021175829401682205
2.39324866666675,0.0950281098484993,0.020428121089935303,0.066078782081604,-0.07366938889026642,1.1731436252593994,-0.7454289197921753,-0.2163752794090144,-0.10613479498656278,0.013861344708831711
2.4033046666665996,0.09307117760181427,0.015240013599395752,0.05253368616104126,-0.027132291346788406,1.1787177324295044,-0.7507612705230713,-0.20523092086021974,-0.10527867965058774,0.006211721970290929
2.4133596666665653,0.09090694785118103,-0.006515145301818848,-0.01543956995010376,0.18858109414577484,1.1530203819274902,-0.7196909785270691,-0.19404931656115704,-0.1031791775741553,-0.0010974278127560163
2.423415666666642,0.0972239077091217,-0.037507593631744385,-0.10060864686965942,0.392260879278183,1.1044261455535889,-0.680426836013794,-0.18328342597726646,-0.09901860317829955,-0.007545166989772726
2.433471666666719,0.08919147402048111,-0.05513054132461548,-0.11767160892486572,0.41626420617103577,1.0584765672683716,-0.6320816874504089,-0.17297941045834012,-0.09379804527526232,-0.013341114729415366
2.443526666666685,0.07395489513874054,-0.12343353033065796,-0.0979204773902893,0.26259252429008484,0.9769985675811768,-0.5868155360221863,-0.16320767853729395,-0.08944692148621443,-0.018874742195728465
2.4535826666667617,0.06603018939495087,-0.15431863069534302,-0.09349215030670166,0.07200285792350769,0.9167194962501526,-0.5368956327438354,-0.1540550220353476,-0.0870075802997462,-0.024272171289078933
2.4636386666666112,0.058897409588098526,-0.1456661820411682,-0.11007076501846313,-0.05844622850418091,0.8515724539756775,-0.4812433123588562,-0.14553661275152863,-0.08631867867148162,-0.029413629511814962
2.473693666666577,0.0483316034078598,-0.14597159624099731,-0.13286125659942627,-0.09193175286054611,0.8066550493240356,-0.420702189207077,-0.13743365696969484,-0.0865198130060326,-0.03413967369711827
2.483749666666654,0.0380183570086956,-0.13008201122283936,-0.13897967338562012,-0.08663774281740189,0.782708466053009,-0.3768001198768616,-0.12968903735278756,-0.08693418271445964,-0.038307944202375384
2.4938056666667308,0.028302930295467377,-0.10640203952789307,-0.11386340856552124,-0.06674659252166748,0.7560003995895386,-0.3495434820652008,-0.121996185404745,-0.08730867888836855,-0.042215828215956264
2.5038606666666965,0.02880420908331871,-0.08237254619598389,-0.09430509805679321,0.008180337026715279,0.7221232652664185,-0.3210463523864746,-0.11467622309125912,-0.08725767042398379,-0.04572720543057587
2.5139166666667734,0.045184239745140076,-0.04887819290161133,-0.1005328893661499,0.1188405379652977,0.6923645734786987,-0.2887648344039917,-0.1077136343695837,-0.0863059556386982,-0.048772040871153596
2.523972666666623,0.06390446424484253,-0.028700649738311768,-0.1102786660194397,0.19731569290161133,0.6432983875274658,-0.27146032452583313,-0.10099214992766496,-0.08439235925308923,-0.05153310044974715
2.5340276666665886,0.07689990103244781,-0.009052395820617676,-0.09137725830078125,0.1894436478614807,0.594866931438446,-0.26146894693374634,-0.09484210784588491,-0.0821751297504033,-0.054094823630996186
2.5440836666666655,0.07558101415634155,0.0010142326354980469,-0.06854265928268433,0.10747838020324707,0.5397961735725403,-0.2692173719406128,-0.08926450936331982,-0.08042834452146984,-0.05664886901867958
2.5541396666667424,0.07820907235145569,-0.007911384105682373,-0.05031198263168335,0.016787627711892128,0.4896600842475891,-0.2776004672050476,-0.08413829535579209,-0.07962238085019196,-0.0594370850548511
2.564195666666592,0.07239927351474762,0.0025700926780700684,-0.04130595922470093,-0.030352141708135605,0.45969563722610474,-0.2847033143043518,-0.07942920583294265,-0.07951405691946971,-0.06235605836726224
2.574250666666785,0.06594093143939972,0.007501542568206787,-0.03811764717102051,-0.03695012256503105,0.4484775960445404,-0.2914954423904419,-0.0748984671938279,-0.07969524430529465,-0.06539846386785299
2.5843066666666346,0.06241820380091667,0.006102144718170166,-0.02384406328201294,0.009872909635305405,0.455559104681015,-0.30127114057540894,-0.07032328951257993,-0.07966105471015142,-0.06851703015173996
2.5943626666667114,0.05910460278391838,0.0076808929443359375,-0.00850224494934082,0.06433508545160294,0.4773043394088745,-0.313264936208725,-0.06570756782673788,-0.07909761789545751,-0.07165832294926992
2.604417666666677,0.06664560735225677,0.002562880516052246,0.006882905960083008,0.11785383522510529,0.49780601263046265,-0.33031585812568665,-0.06086881350778861,-0.07801092479108705,-0.07494735314397367
2.614473666666754,0.06233595684170723,-0.046894192695617676,0.02277439832687378,0.17989297211170197,0.5053837895393372,-0.32254502177238464,-0.05584520750585055,-0.07634461980755448,-0.07828711477227866
2.6245296666666036,0.057706378400325775,-0.06280213594436646,0.04014092683792114,0.24573199450969696,0.5263739824295044,-0.29136812686920166,-0.05068554079983642,-0.074025658713552,-0.08141510832375462
2.6345846666665693,0.056678980588912964,-0.07241982221603394,0.04406440258026123,0.23655927181243896,0.5552769899368286,-0.2389368861913681,-0.04518702904702113,-0.07142666662373547,-0.08409808046386119
2.644640666666646,0.052042603492736816,-0.11579161882400513,0.05627107620239258,0.18143397569656372,0.5629932880401611,-0.17328250408172607,-0.039707895894388556,-0.06924380054215874,-0.08607842061677731
2.654696666666723,0.04143527150154114,-0.11413133144378662,0.06249433755874634,0.13894110918045044,0.5756558179855347,-0.11168145388364792,-0.033980750316408535,-0.06760253155255048,-0.0875026798970134
2.664751666666689,0.02943285182118416,-0.11056965589523315,0.04109090566635132,0.12227734923362732,0.5705206990242004,-0.04037206619977951,-0.028129429409306805,-0.06625936131316265,-0.0883065486339038
2.6748076666667657,0.038746073842048645,-0.10095852613449097,0.004705965518951416,0.14523139595985413,0.5525456666946411,0.02027796395123005,-0.022329431158178318,-0.06490891481619845,-0.08847927351075009
2.6848636666666152,0.030631687492132187,-0.08200651407241821,-0.020608901977539062,0.1578010767698288,0.5336644053459167,0.07008302211761475,-0.01664483805943264,-0.06336757784566653,-0.08808668837375734
2.694918666666581,0.024007773026823997,-0.08255642652511597,-0.046444594860076904,0.1195804551243782,0.5022673010826111,0.10646259784698486,-0.011247308060830997,-0.061979532295736973,-0.08722367706912185
2.704974666666658,0.027678130194544792,-0.07267212867736816,-0.0671612024307251,0.0762956514954567,0.46724626421928406,0.13295939564704895,-0.006136354655400695,-0.06100435523278104,-0.08609793813616808
2.7150306666667348,0.029266217723488808,-0.06436240673065186,-0.0925757884979248,0.0406939834356308,0.4029751121997833,0.1474408656358719,-0.001555896222342643,-0.06044351923280146,-0.08475985691250501
2.7250856666667005,0.03635726124048233,-0.05637747049331665,-0.13036459684371948,0.04446457326412201,0.34031814336776733,0.164168119430542,0.0022765052796306366,-0.06002335095629249,-0.08318776048209973
2.7351416666667774,0.0455932579934597,-0.04881101846694946,-0.17437756061553955,0.04983590543270111,0.2660217881202698,0.17726555466651917,0.005535446512181365,-0.05953348119539923,-0.0815190066851414
2.745197666666627,0.05782094597816467,-0.05539250373840332,-0.19360864162445068,0.04288003593683243,0.18714575469493866,0.19249466061592102,0.00813607108126397,-0.059051681475655746,-0.07979864571102066
2.7552526666665926,0.05707521736621857,-0.06576359272003174,-0.2061769962310791,0.0468558743596077,0.09521237015724182,0.2069854587316513,0.009799947575236282,-0.05860644540958818,-0.07786408862322808
2.7653086666666695,0.0644477978348732,-0.07084852457046509,-0.21154093742370605,0.0553283654153347,0.010948089882731438,0.2275906354188919,0.010520009303676357,-0.05806736790841323,-0.075696307908234
2.7753646666667464,0.07113508880138397,-0.06840229034423828,-0.20992249250411987,0.0520060695707798,-0.07180458307266235,0.2433573603630066,0.01029023471387697,-0.05748775541987821,-0.0732710044881599
2.785419666666712,0.08143318444490433,-0.07371175289154053,-0.1954018473625183,0.048726655542850494,-0.15612292289733887,0.2613058388233185,0.009379757867327069,-0.056951204091178036,-0.07078397214555182
2.795475666666789,0.0835120752453804,-0.06431812047958374,-0.17541736364364624,0.007706516422331333,-0.2224726527929306,0.27738866209983826,0.0077709562412392056,-0.05659804273108102,-0.06815788683897778
2.8055316666666386,0.08990782499313354,-0.05645740032196045,-0.14163446426391602,-0.07230634242296219,-0.285515695810318,0.29042908549308777,0.0055620456421149565,-0.056869312472826915,-0.0653932191969854
2.8155866666666043,0.09184523671865463,-0.05023115873336792,-0.10513031482696533,-0.13213904201984406,-0.33553382754325867,0.30202847719192505,0.0026115692062358164,-0.05789517849865606,-0.06239409667883653
2.825642666666681,0.09103825688362122,-0.04563349485397339,-0.08376705646514893,-0.13331566751003265,-0.37696129083633423,0.31784623861312866,-0.0006715295855732929,-0.05923059975688696,-0.059325971483173506
2.835698666666758,0.09105277061462402,-0.03497135639190674,-0.07032406330108643,-0.09606551378965378,-0.4020634591579437,0.3334012031555176,-0.004278619940241377,-0.06037816235162333,-0.05609559248365249
2.845753666666724,0.09401080757379532,-0.03363227844238281,-0.05835479497909546,-0.05588666349649429,-0.4256758391857147,0.3474081754684448,-0.008114197992294939,-0.06113035218620309,-0.05271023145995531
2.8558096666665733,0.09171610325574875,-0.032704830169677734,-0.04094529151916504,-0.015537109225988388,-0.4336605370044708,0.37088286876678467,-0.01208988489988977,-0.06148787203177765,-0.049147345895664746
2.86586566666665,0.08807358890771866,-0.043067336082458496,-0.024846136569976807,-0.016094421967864037,-0.45301637053489685,0.38975414633750916,-0.01619393286218506,-0.061644652124291495,-0.04537346299864129
2.875920666666616,0.08152538537979126,-0.05819576978683472,1.3113021850585938e-06,-0.04710453376173973,-0.46562299132347107,0.4180789887905121,-0.02048825663496553,-0.06200427383951449,-0.04133045548971397
2.885976666666693,0.06716078519821167,-0.05929511785507202,0.006108522415161133,-0.06341670453548431,-0.4841771125793457,0.449332058429718,-0.024844880910213068,-0.06263293442921594,-0.03705706113507787
2.8960326666667697,0.06634557247161865,-0.06855762004852295,-0.013431072235107422,-0.06557866185903549,-0.5108052492141724,0.4883947968482971,-0.029433198279669965,-0.06338700602216818,-0.0323819709842547
2.9060876666667355,0.06772952526807785,-0.0721936821937561,-0.028671741485595703,-0.059869956225156784,-0.5356521010398865,0.5292819142341614,-0.033983140806453566,-0.06416243610641108,-0.027511889037066205
2.916143666666585,0.06597623974084854,-0.07473093271255493,-0.051684439182281494,-0.05224772170186043,-0.5681549310684204,0.5622596144676208,-0.03895910097110809,-0.0648878898351177,-0.022166069510054526
2.926199666666662,0.07041793316602707,-0.07848811149597168,-0.07380348443984985,-0.08644741028547287,-0.612928032875061,0.6026776432991028,-0.04443870581447057,-0.0657949790603586,-0.016350192995976922
2.9362556666667388,0.07928679138422012,-0.07879823446273804,-0.0851622223854065,-0.12617139518260956,-0.6639549732208252,0.6328246593475342,-0.050236325678991695,-0.06710687356326467,-0.010286464972993218
2.9463106666667045,0.08046108484268188,-0.09056437015533447,-0.0979468822479248,-0.1815745085477829,-0.7209241390228271,0.6576905250549316,-0.05674333551031961,-0.06900132001039357,-0.00384920478523885
2.9563666666667814,0.0896177887916565,-0.08379900455474854,-0.11065733432769775,-0.20586785674095154,-0.7733975052833557,0.6826949119567871,-0.06370273292234196,-0.07135704430654988,0.0027716192757201636
2.966422666666631,0.08887727558612823,-0.07704436779022217,-0.12583595514297485,-0.20953626930713654,-0.8205811977386475,0.7099580764770508,-0.07109461319914932,-0.07388148975906504,0.009587601775025874
2.9764776666665966,0.09307792782783508,-0.0732836127281189,-0.12588250637054443,-0.2089567631483078,-0.8724244236946106,0.7280406355857849,-0.07906804226933212,-0.07649199210491663,0.01667524545956092
2.9865336666666735,0.09504181891679764,-0.07115620374679565,-0.12232375144958496,-0.2402351051568985,-0.9184610843658447,0.7413188219070435,-0.08741553234573131,-0.0793118097224891,0.023847204572322762
2.9965901666666923,0.09821751713752747,-0.07743954658508301,-0.11144977807998657,-0.2993524968624115,-0.965583860874176,0.7618464827537537,-0.09625556885277878,-0.08264221526785309,0.03114745627105293
3.006645166666658,0.09965826570987701,-0.07930505275726318,-0.09822452068328857,-0.3603459596633911,-1.0118070840835571,0.7813730835914612,-0.10556381490864492,-0.08667837175670456,0.03860109863949078
3.016701166666735,0.09299155324697495,-0.08202576637268066,-0.08118855953216553,-0.4114413559436798,-1.0601423978805542,0.8060009479522705,-0.11529184281438895,-0.0913879999395621,0.04614892188745315
3.0267571666665845,0.09125728160142899,-0.07199341058731079,-0.06497424840927124,-0.44686973094940186,-1.0999127626419067,0.8286122679710388,-0.1254003676074403,-0.09662567441321966,0.05382674776058065
3.0368121666667776,0.09869648516178131,-0.06236475706100464,-0.07099765539169312,-0.44768601655960083,-1.1464844942092896,0.8537769913673401,-0.13575833255327163,-0.10214192623367055,0.0615842589754404
3.046868166666627,0.10319863259792328,-0.057333528995513916,-0.07575535774230957,-0.4021563231945038,-1.1851284503936768,0.8762853145599365,-0.14650751201731166,-0.10753014777445877,0.06958457010907204
3.056924166666704,0.09825167059898376,-0.03808581829071045,-0.061286985874176025,-0.3648262619972229,-1.2078937292099,0.8960939049720764,-0.1575722053055859,-0.11262405966439702,0.07786458927134259
3.0669791666666697,0.09068987518548965,-0.033256471157073975,-0.045659005641937256,-0.3588576912879944,-1.2376588582992554,0.9180173873901367,-0.16888925345104913,-0.11764094408507089,0.08635731576380476
3.0770351666667466,0.0964706689119339,-0.026781201362609863,-0.02897268533706665,-0.3413223624229431,-1.2692737579345703,0.9356880187988281,-0.18038831404481612,-0.12269095575312869,0.09496475797246257
3.087091166666596,0.09138698130846024,-0.0069522857666015625,-0.0318949818611145,-0.3066338300704956,-1.2898081541061401,0.9539213180541992,-0.19203481659275828,-0.12759345545017778,0.10371285725575456
3.097146166666789,0.08695143461227417,0.003542602062225342,-0.02811640501022339,-0.2739968001842499,-1.3141212463378906,0.9612407684326172,-0.203864494890392,-0.13232326126303393,0.11263173119431852
3.1072021666666387,0.08590961247682571,0.01779961585998535,-0.029632925987243652,-0.22215934097766876,-1.3456411361694336,0.9722881317138672,-0.21594974875689044,-0.1367482808292213,0.12171505274531354
3.1172581666667156,0.08906485885381699,0.03292316198348999,-0.033083558082580566,-0.17484775185585022,-1.3726361989974976,0.9790940880775452,-0.2282684864722111,-0.14079453796691965,0.1309517419514484
3.1273131666666814,0.07639221847057343,0.032159626483917236,-0.03168833255767822,-0.16144362092018127,-1.411280632019043,0.9824967980384827,-0.2408750713961707,-0.1446691330984676,0.14020966349398262
3.1373691666667582,0.07137592136859894,0.03914988040924072,-0.025458574295043945,-0.16146758198738098,-1.442893624305725,0.9711154699325562,-0.253716363806779,-0.1485762796445397,0.14938407137784512
3.1474251666666078,0.059844303876161575,0.04656839370727539,-0.03322988748550415,-0.1768576055765152,-1.4783735275268555,0.9589371085166931,-0.26698522200912744,-0.15263886910934318,0.15846266455268565
3.1574801666665735,0.053282786160707474,0.041252315044403076,-0.03480195999145508,-0.1995522677898407,-1.5051683187484741,0.9400643706321716,-0.2805950151095299,-0.15696339151049857,0.1672497164230393
3.1675361666666504,0.054195769131183624,0.05273669958114624,-0.03237837553024292,-0.22663873434066772,-1.5207091569900513,0.9174041748046875,-0.2945044133296326,-0.16162530290113677,0.17575729648770927
3.1775921666667273,0.04879775270819664,0.04893273115158081,-0.02774965763092041,-0.24855655431747437,-1.544089913368225,0.8911861181259155,-0.3086172938674267,-0.1665643284922601,0.18393155980175901
3.187647166666693,0.05037509277462959,0.04997289180755615,-0.02708965539932251,-0.22190119326114655,-1.5563474893569946,0.8701355457305908,-0.322821698623194,-0.1714961205809713,0.19176990158156587
3.19770316666677,0.061180438846349716,0.06076747179031372,-0.03456467390060425,-0.19523124396800995,-1.572898507118225,0.8506912589073181,-0.3371551230678765,-0.17619508172527762,0.19945721672691497
3.2077591666666194,0.06474587321281433,0.04942739009857178,-0.023397833108901978,-0.15972281992435455,-1.5855497121810913,0.8296758532524109,-0.3516950434613164,-0.18061065246912486,0.20706532461409277
3.217814166666585,0.05898675695061684,0.06181150674819946,-0.010168284177780151,-0.13398683071136475,-1.5808145999908447,0.811368465423584,-0.36625963709712106,-0.1847102593462907,0.21457481414855453
3.227870166666662,0.0568784698843956,0.03957170248031616,-0.010437816381454468,-0.14692549407482147,-1.5969418287277222,0.7993457913398743,-0.38081476675530723,-0.1887820542939146,0.2218385027923499
3.237926166666739,0.062157511711120605,0.03246492147445679,0.0063696205615997314,-0.12148724496364594,-1.6058980226516724,0.792265772819519,-0.395429535515079,-0.19288783588920955,0.22892250894966634
3.2479821666665885,0.0543942004442215,0.03544723987579346,-0.003297656774520874,-0.09471963346004486,-1.6162358522415161,0.7868365049362183,-0.4102711765568559,-0.19682178192877237,0.23613752110611483
3.2580371666667816,0.05661752074956894,0.017731845378875732,-0.0007872581481933594,-0.08451040089130402,-1.6208585500717163,0.783642053604126,-0.42505777545998086,-0.20066544144441867,0.24326749017513039
3.268093166666631,0.05413667485117912,0.02843928337097168,0.01947307586669922,-0.08562755584716797,-1.6153267621994019,0.7807198762893677,-0.43982642063959765,-0.20454927948215723,0.25031531765007936
3.278149166666708,0.04380825161933899,0.018295884132385254,0.04201793670654297,-0.11121893674135208,-1.620617389678955,0.7771491408348083,-0.4546295917526498,-0.20867972639273885,0.2572013912691614
3.2882041666666737,0.05340910702943802,0.014247119426727295,0.05749624967575073,-0.15488839149475098,-1.613430142402649,0.7747077941894531,-0.46954207224764927,-0.21326197042221054,0.2639063000988732
3.2982601666667506,0.059792108833789825,0.02121877670288086,0.06415000557899475,-0.18014660477638245,-1.6054887771606445,0.7653219699859619,-0.48439527242140545,-0.21827225444284584,0.2703104735920488
3.3083161666666,0.06501248478889465,0.015631377696990967,0.05852174758911133,-0.17243994772434235,-1.592225193977356,0.7742316126823425,-0.4991521627872248,-0.2234337497510547,0.27659174643904544
3.318371166666566,0.06987692415714264,0.018812716007232666,0.04899483919143677,-0.13206322491168976,-1.5792020559310913,0.7814498543739319,-0.5136979299221085,-0.22850422138672563,0.28299084547690195
3.3284271666666427,0.0674358531832695,0.01166146993637085,0.04719310998916626,-0.08343910425901413,-1.5667239427566528,0.7954903841018677,-0.5280636867869494,-0.23331418489064684,0.28965529708673815
3.3384831666667196,0.06681150197982788,0.0015131831169128418,0.04769313335418701,-0.06721220165491104,-1.5548475980758667,0.8028607368469238,-0.5422280190758857,-0.23799028486267082,0.2965346795629478
3.3485381666666854,0.0748496875166893,-0.009391844272613525,0.045321255922317505,-0.08406352996826172,-1.5545741319656372,0.8107985258102417,-0.5562724176467032,-0.24282244293898014,0.30337740752596265
3.3585941666667622,0.07739586383104324,-0.011290252208709717,0.051057636737823486,-0.10378903150558472,-1.5360287427902222,0.8253955245018005,-0.5701916984096759,-0.24793995410196457,0.31013973400603967
3.3686501666666118,0.08057280629873276,-0.012222707271575928,0.044763386249542236,-0.12407796829938889,-1.5312285423278809,0.8324165344238281,-0.5839540367903457,-0.25338309679392174,0.3168197815406998
3.3787051666665775,0.0871642678976059,-0.04000204801559448,0.021773576736450195,-0.09758137911558151,-1.5433964729309082,0.846994161605835,-0.5977499503319983,-0.2590093225059757,0.32354401704307434
3.3887611666666544,0.09249190986156464,-0.03983348608016968,-0.0241890549659729,-0.016563137993216515,-1.5647127628326416,0.876524031162262,-0.611522283854434,-0.26434792085138786,0.33067019439939116
3.3988171666667313,0.09396965056657791,-0.04394495487213135,-0.054593950510025024,0.01595938578248024,-1.5825990438461304,0.9037066102027893,-0.6252847907999828,-0.2694393969774226,0.33834180758571775
3.408872166666697,0.09551289677619934,-0.06302064657211304,-0.048887550830841064,-0.05111978203058243,-1.6163759231567383,0.931977391242981,-0.6394298767269906,-0.2750233060060117,0.34615590885237213
3.418928166666774,0.0913286954164505,-0.08867359161376953,-0.03743213415145874,-0.1513628512620926,-1.6536953449249268,0.955247163772583,-0.653991670957416,-0.28158328742994343,0.35352148415373874
3.4289841666666234,0.09631241858005524,-0.09492921829223633,-0.05248522758483887,-0.19278547167778015,-1.681196689605713,0.9872564077377319,-0.6688641783322351,-0.28897171474583494,0.36049457878353436
3.439039166666589,0.1009511724114418,-0.07407474517822266,-0.061891645193099976,-0.20747201144695282,-1.678938865661621,0.9976243376731873,-0.6838386533055023,-0.29677613117169344,0.36741564281195493
3.449095166666666,0.10313623398542404,-0.07966411113739014,-0.05914252996444702,-0.2527707815170288,-1.6783982515335083,0.9995843172073364,-0.6988392938222849,-0.3049602922341815,0.37404733599890266
3.459151166666743,0.11380909383296967,-0.08044421672821045,-0.04820197820663452,-0.23283863067626953,-1.6763191223144531,1.0061551332473755,-0.7138095631163367,-0.31341366494204714,0.3804559460709985
3.4692061666667087,0.10779865831136703,-0.07668989896774292,-0.059385478496551514,-0.14877696335315704,-1.6661463975906372,1.0321134328842163,-0.728454860754676,-0.32159711800995056,0.3872324254025127
3.4792621666667856,0.11472921818494797,-0.06220501661300659,-0.05621945858001709,-0.07770998030900955,-1.6306829452514648,1.0453001260757446,-0.742572772453644,-0.3293772049373915,0.3946165217280191
3.489318166666635,0.12071007490158081,-0.08112311363220215,-0.05578383803367615,-0.012033899314701557,-1.6260863542556763,1.07101571559906,-0.7563949850344401,-0.33696462291823254,0.4025758051216971
3.499374166666712,0.1203857883810997,-0.06658947467803955,-0.02973419427871704,0.03593043237924576,-1.585213541984558,1.0817469358444214,-0.7697474295248061,-0.3442892009164645,0.4110499120166048
3.5094291666666777,0.10521642863750458,-0.04864633083343506,0.010855615139007568,-0.04817814379930496,-1.5438698530197144,1.0871163606643677,-0.7826533095575907,-0.3519068487072305,0.4194094885802623
3.5194851666667546,0.10667896270751953,-0.054171860218048096,0.06361913681030273,-0.21326430141925812,-1.5061794519424438,1.067518949508667,-0.7954555614191938,-0.36048066024313496,0.4265675144669205
3.529541166666604,0.09590156376361847,-0.03343242406845093,0.10646545886993408,-0.3588257133960724,-1.4786556959152222,1.0463534593582153,-0.8085276595281273,-0.37017690326486885,0.4323230195273502
3.53959616666657,0.0869232639670372,-0.0019155144691467285,0.11945798993110657,-0.4544726312160492,-1.4531739950180054,1.0180407762527466,-0.8216186560941738,-0.3805334995419572,0.4368041832775752
3.5496521666666467,0.10311475396156311,0.05216562747955322,0.12161743640899658,-0.48808759450912476,-1.415108323097229,0.988497257232666,-0.8346299868348614,-0.3911810694772044,0.4403886747035797
3.5597081666667236,0.10793586820363998,0.07219153642654419,0.11227208375930786,-0.4141755700111389,-1.4182997941970825,0.9707027673721313,-0.8475520035646971,-0.4015711795950362,0.4438045852730729
3.5697631666666894,0.11141756176948547,0.0959465503692627,0.1175391674041748,-0.27565351128578186,-1.3754163980484009,0.9386726021766663,-0.8599097145183737,-0.4110301821442806,0.4478067094060842
3.5798191666667663,0.11497102677822113,0.15908730030059814,0.14067965745925903,-0.19625483453273773,-1.3216650485992432,0.8970497846603394,-0.871506287115942,-0.41950571092195754,0.4524465604745051
3.5898751666666158,0.10618521273136139,0.12168288230895996,0.1904086470603943,-0.17515282332897186,-1.3058078289031982,0.8523905277252197,-0.88279739829193,-0.4274679657146571,0.4570301004106768
3.5999301666665815,0.10749377310276031,0.14175909757614136,0.2286674976348877,-0.11778247356414795,-1.2687888145446777,0.8075354099273682,-0.8937425004002083,-0.434803273685799,0.46147860147302305
3.6099861666666584,0.08522175252437592,0.16796022653579712,0.21853649616241455,-0.04925721138715744,-1.2281436920166016,0.7736175656318665,-0.9041393073538322,-0.44146723078827566,0.4662301875552472
3.6200421666667353,0.07262542843818665,0.1549275517463684,0.23526149988174438,0.004634781740605831,-1.216244101524353,0.7469438314437866,-0.9141379751387109,-0.44759783678749304,0.4712504138678054
3.630097166666701,0.03883007913827896,0.13858753442764282,0.240095853805542,0.013528895564377308,-1.2171489000320435,0.7218433618545532,-0.9239539254658252,-0.4532906333965783,0.4763050088834296
3.640153166666778,0.009478595107793808,0.1149563193321228,0.23322254419326782,-0.003702288493514061,-1.2391070127487183,0.6954463720321655,-0.9339562428647752,-0.45884933702965397,0.48106405707357924
3.6502091666666274,0.004750926047563553,0.111441969871521,0.2209562063217163,-0.029858479276299477,-1.252629280090332,0.6870441436767578,-0.9443657928690165,-0.4644852487990367,0.4854723919431417
3.660264166666593,0.013099446892738342,0.09047591686248779,0.21775785088539124,-0.08046040683984756,-1.266965627670288,0.6771406531333923,-0.9550916187977957,-0.47030194629562827,0.489428889723442
3.67032016666667,0.017528608441352844,0.04125499725341797,0.21564388275146484,-0.1347883939743042,-1.2680296897888184,0.6662819981575012,-0.9661885188849267,-0.47639076785951,0.4927423518324362
3.680376166666747,0.038417622447013855,0.03261178731918335,0.17477044463157654,-0.17363619804382324,-1.2171244621276855,0.668380081653595,-0.9772805724747461,-0.48276123983610286,0.49553609532293713
3.6904311666667127,0.0504743717610836,0.02919250726699829,0.14486855268478394,-0.190529927611351,-1.1585924625396729,0.6864224076271057,-0.9878537283165604,-0.4893622314363593,0.4980193170539991
3.7004871666667896,0.025257136672735214,0.0058838725090026855,0.15000420808792114,-0.18689817190170288,-1.0856847763061523,0.7058794498443604,-0.9977970985078647,-0.496187988196721,0.5005130881249873
3.710543166666639,-0.004647266119718552,0.006067812442779541,0.14734745025634766,-0.16930319368839264,-1.0123554468154907,0.7191755175590515,-1.006950772828981,-0.5031764011356545,0.5031420899696235
3.720598166666605,-0.020512275397777557,0.029189765453338623,0.12201660871505737,-0.07730668783187866,-0.9355592131614685,0.7344574928283691,-1.0151111453720123,-0.5100375759973292,0.5063436795039771
3.7306541666666817,-0.038087114691734314,0.05864912271499634,0.0692400336265564,0.1119404211640358,-0.8585484027862549,0.7599460482597351,-1.0217889746905293,-0.5163576634247179,0.5110108099381133
3.7407101666667586,-0.0767441987991333,0.10233265161514282,0.0466729998588562,0.2628207504749298,-0.7769688963890076,0.7529669404029846,-1.0266649676746116,-0.5218430544274775,0.5175208868054941
3.7507651666667243,-0.11495865881443024,0.10282748937606812,0.04127246141433716,0.28878888487815857,-0.7331742644309998,0.7128493189811707,-1.0304976323104809,-0.5266186454554037,0.5246951976025862
3.760821166666574,-0.13744819164276123,0.12292039394378662,0.05902692675590515,0.29118651151657104,-0.7033314108848572,0.6710081100463867,-1.0341443958908008,-0.5311159229591633,0.5317410684401417
3.7708771666666507,-0.15170514583587646,0.16402196884155273,0.050610750913619995,0.20562852919101715,-0.6730117201805115,0.6013196706771851,-1.037787971303337,-0.5353085049619226,0.5380807037027844
3.7809331666667276,-0.13430820405483246,0.16504889726638794,0.052944332361221313,0.0904606506228447,-0.6512393355369568,0.5302119851112366,-1.041990215003628,-0.539498812797392,0.5428866300688822
3.7909881666666934,-0.10293123126029968,0.2134852409362793,0.04578679800033569,0.11037980765104294,-0.6241564154624939,0.4602244198322296,-1.0463954616311655,-0.5433326659346459,0.5467391704706979
3.8010441666667703,-0.09708906710147858,0.22619712352752686,0.006981939077377319,0.22055505216121674,-0.6082640290260315,0.3886604905128479,-1.0504460274394383,-0.5462834977535157,0.5509305123539847
3.8111001666666198,-0.08264932781457901,0.23168516159057617,-0.018940389156341553,0.35129621624946594,-0.5819298028945923,0.3122282922267914,-1.0537317180420345,-0.5479263306562486,0.5559304464827876
3.8211551666665855,-0.09644052386283875,0.23888671398162842,0.010876208543777466,0.393279105424881,-0.551475465297699,0.20927046239376068,-1.0563898577531834,-0.5482724469159035,0.5612978657306638
3.8312111666666624,-0.10737039893865585,0.19459515810012817,0.026600241661071777,0.40766966342926025,-0.5470665693283081,0.11893013119697571,-1.059184448163352,-0.5477161620243721,0.5663534508327032
3.8412671666667393,-0.1139623373746872,0.20066916942596436,0.039994657039642334,0.400590717792511,-0.5078225135803223,0.03656095638871193,-1.0619661056674192,-0.5463335489419484,0.5709902461435513
3.851322166666705,-0.11900698393583298,0.17544180154800415,0.0677064061164856,0.3121575117111206,-0.4803229868412018,-0.050832752138376236,-1.0649809238001342,-0.5444957098473229,0.5746130957747434
3.861378166666782,-0.0939866378903389,0.1255420446395874,0.08900332450866699,0.26809340715408325,-0.4539494216442108,-0.11564769595861435,-1.0683704890698718,-0.5423349150290417,0.5770087055104123
3.8714341666666314,-0.060387738049030304,0.1331573724746704,0.07186698913574219,0.30313003063201904,-0.4180300533771515,-0.1423683613538742,-1.071504225024767,-0.5397459162694598,0.579157170215854
3.881489166666597,-0.025870393961668015,0.1077876091003418,0.048746585845947266,0.2793187201023102,-0.40028780698776245,-0.15724104642868042,-1.074502926848373,-0.5370305259135291,0.5813795848830365
3.891545166666674,-0.00023161247372627258,0.0737486481666565,0.06745433807373047,0.1840444952249527,-0.3796754777431488,-0.16899125277996063,-1.0776697562369635,-0.5344885837170397,0.5828711467103889
3.901601166666751,0.003923796117305756,0.07313358783721924,0.09035038948059082,0.05110641196370125,-0.3453742265701294,-0.18371985852718353,-1.081233476605477,-0.5324096405143688,0.5831370219437718
3.9116561666667167,0.008296787738800049,0.05635523796081543,0.0925825834274292,-0.04537041857838631,-0.3239234983921051,-0.2022281289100647,-1.0851449007966683,-0.5307209945166576,0.5820531937413738
3.921712166666566,0.002164997160434723,0.047204434871673584,0.0814521312713623,-0.04935503751039505,-0.29281085729599,-0.22913005948066711,-1.0891776423097224,-0.5291300894450176,0.5803769224884155
3.931768166666643,-0.0036485157907009125,0.046517789363861084,0.06716763973236084,-0.009451387450098991,-0.2662559747695923,-0.262529581785202,-1.0928816006332678,-0.5271530353329876,0.5787565110469147
3.941823166666609,0.015938248485326767,0.03831690549850464,0.0688815712928772,0.03941149264574051,-0.23402078449726105,-0.28511372208595276,-1.096091178472625,-0.524672876127875,0.5774972590035606
3.9518791666666857,0.017017584294080734,0.06348180770874023,0.09748566150665283,-0.0008546592434868217,-0.19150862097740173,-0.31816351413726807,-1.098839819574875,-0.5218374254530297,0.5761129152274863
3.9619351666667626,0.03612466901540756,0.052832186222076416,0.1297234296798706,-0.0548691600561142,-0.13400164246559143,-0.3445975184440613,-1.1014258658056484,-0.5189442780992547,0.5740107670994933
3.971991166666612,0.05599261447787285,0.07170891761779785,0.15122336149215698,-0.07634799927473068,-0.07790880650281906,-0.369439035654068,-1.10371377827034,-0.516032680883375,0.5714005578036381
3.982046166666578,0.049497783184051514,0.043146729469299316,0.15601032972335815,-0.03377896547317505,-0.032153040170669556,-0.3835849463939667,-1.1054923820036646,-0.5129166503753253,0.5688185382836608
3.9921019999999316,0.040422532707452774,0.056351542472839355,0.1535578966140747,0.01240699551999569,0.03586595505475998,-0.4054552912712097,-1.1064880904167007,-0.5093957623947662,0.5666882972619987
4.0021580000000085,0.036577485501766205,0.07431221008300781,0.17166757583618164,-0.059416595846414566,0.11090531945228577,-0.431167870759964,-1.1068424263381609,-0.5057221514811152,0.5643296573628364
4.012212999999974,0.02488735318183899,0.05796253681182861,0.2167268991470337,-0.15704253315925598,0.1746910810470581,-0.44736653566360474,-1.1071404914225988,-0.5023396792960094,0.5609542739317352
4.022269000000051,0.010926706716418266,0.058111369609832764,0.25265175104141235,-0.1878073811531067,0.26102331280708313,-0.46440914273262024,-1.1069597776283449,-0.499039865811189,0.5568149359141341
4.032324999999901,-0.0016898121684789658,0.08858853578567505,0.26576507091522217,-0.18875816464424133,0.3518122136592865,-0.47988107800483704,-1.1059087967190897,-0.4956565216019044,0.5523931106311936
4.042380000000094,-0.0028318576514720917,0.07701295614242554,0.2599050998687744,-0.11094698309898376,0.42119714617729187,-0.4838885962963104,-1.1038395402342054,-0.49196865832034314,0.5482618189773526
4.052435999999943,-0.021310174837708473,0.11260825395584106,0.2696346044540405,-0.07534655928611755,0.5074287056922913,-0.5035099387168884,-1.1006952856354697,-0.4879301542890931,0.544787303494043
4.06249200000002,-0.037465717643499374,0.09559047222137451,0.29547178745269775,-0.1426078826189041,0.5711908936500549,-0.5271891951560974,-1.0969725120229679,-0.48378750565420175,0.5409082837585306
4.072546999999986,-0.03432416170835495,0.10188841819763184,0.2913036346435547,-0.13886024057865143,0.6364235877990723,-0.5376692414283752,-1.0928179824283908,-0.4797031667584232,0.536599615279697
4.082603000000063,-0.03996807336807251,0.11575096845626831,0.27538132667541504,-0.15580619871616364,0.7135689854621887,-0.5617396831512451,-1.087841782427045,-0.47541379104050835,0.5321540732662311
4.092658999999912,-0.027973853051662445,0.11648046970367432,0.2965478301048279,-0.23270480334758759,0.7787221074104309,-0.5977992415428162,-1.082573256511731,-0.4711908538192763,0.5270517750664855
4.102714000000105,-0.01999867521226406,0.10596358776092529,0.29577499628067017,-0.2651844620704651,0.8246914148330688,-0.6129451990127563,-1.077087717463465,-0.4670664968374172,0.5212106216353208
4.112769999999955,-0.011537466198205948,0.12262988090515137,0.27849286794662476,-0.2887854278087616,0.8857038617134094,-0.6234447956085205,-1.0712907443089756,-0.46305824070199403,0.5150407063976802
4.122826000000032,-0.007335190661251545,0.1199149489402771,0.28158101439476013,-0.37623777985572815,0.9436640739440918,-0.6445740461349487,-1.0652475977304492,-0.4592584006340081,0.5081724984125365
4.132880999999998,-0.00020744185894727707,0.11031931638717651,0.29149869084358215,-0.4613570272922516,1.0151225328445435,-0.654861569404602,-1.0588692505819097,-0.45576715484599906,0.5003020984302335
4.1429370000000745,0.014349780976772308,0.10464972257614136,0.2857930660247803,-0.5381748676300049,1.1069080829620361,-0.6753119826316833,-1.0519715581289328,-0.452555424829941,0.4914716742484656
4.152992999999924,0.03257390856742859,0.10960882902145386,0.27506569027900696,-0.5178544521331787,1.2062753438949585,-0.6978527307510376,-1.0443271842784945,-0.4493718489672505,0.4821878623796416
4.163049000000001,0.05104576051235199,0.08654844760894775,0.20603609085083008,-0.33075326681137085,1.2647954225540161,-0.7024091482162476,-1.035475564158137,-0.4456184417155553,0.473825153458374
4.173103999999967,0.049623146653175354,0.07183998823165894,0.11578309535980225,-0.1408088356256485,1.3232091665267944,-0.7177588939666748,-1.0251680013128697,-0.4407994854291007,0.46735255112686724
4.1831600000000435,0.026251288130879402,0.04860198497772217,0.09056663513183594,-0.1445889174938202,1.3441256284713745,-0.7357615828514099,-1.014087030281383,-0.43538356831098785,0.4616295320951162
4.19321600000012,0.018313292413949966,0.027231335639953613,0.11506491899490356,-0.2747592628002167,1.3765803575515747,-0.750627338886261,-1.003076625494889,-0.43025444613591485,0.4550902969410982
4.203271000000086,-0.009563714265823364,0.027756810188293457,0.14263200759887695,-0.4783898890018463,1.4140734672546387,-0.7784637808799744,-0.9923955216478938,-0.4259636100391218,0.4467714302819222
4.213326999999936,-0.01023191399872303,0.007683515548706055,0.14999166131019592,-0.5667893290519714,1.4778865575790405,-0.8023180365562439,-0.9819324001931193,-0.4223954587231954,0.436841260129932
4.2233830000000125,-0.01046764850616455,0.03626531362533569,0.11589401960372925,-0.49745285511016846,1.5645583868026733,-0.8320721983909607,-0.9706558864423048,-0.41869166005698555,0.4266051997625555
4.233437999999978,0.001787763088941574,0.040746092796325684,0.05247250199317932,-0.2856314480304718,1.6061935424804688,-0.8377215266227722,-0.9582724264715204,-0.41415722259375015,0.41753143200913767
4.243494000000055,0.013421396724879742,0.03691208362579346,-0.013278990983963013,-0.06838567554950714,1.6431457996368408,-0.8467448353767395,-0.944728570888109,-0.4083470303782218,0.4104644309155262
4.253549999999905,0.026882920414209366,0.04768615961074829,-0.02336043119430542,-0.03234827145934105,1.661401391029358,-0.8690063953399658,-0.930490374679433,-0.401733942665075,0.4043967103784848
4.263605000000098,0.044572025537490845,0.03554701805114746,0.0035411417484283447,-0.13511459529399872,1.6632336378097534,-0.8925037384033203,-0.9163754280469505,-0.39526378768333903,0.397747067365278
4.273660999999947,0.06707802414894104,0.04870927333831787,0.028389394283294678,-0.2731309235095978,1.6817172765731812,-0.9114957451820374,-0.9026222230070335,-0.3894676815674224,0.38982432883382717
4.283717000000024,0.08254018425941467,0.08795946836471558,0.07738131284713745,-0.4751143753528595,1.7517073154449463,-0.9650732278823853,-0.8890622314439351,-0.384556857337666,0.3801885733887595
4.29377199999999,0.10989806056022644,0.10544675588607788,0.1401228904724121,-0.6166698336601257,1.821765422821045,-1.0315583944320679,-0.8754386423746464,-0.3805003152767047,0.36839465602480903
4.303828000000067,0.14355559647083282,0.09542185068130493,0.07627832889556885,-0.40409502387046814,1.8466182947158813,-1.057824969291687,-0.8613739697628899,-0.37601860766062567,0.3564717146172855
4.313883999999916,0.14722640812397003,0.1312088966369629,-0.0298289954662323,0.0037364973686635494,1.8800464868545532,-1.0798722505569458,-0.8460803874725518,-0.36932949114111846,0.3471835800274974
4.3239390000001094,0.12543432414531708,0.10912245512008667,-0.041076987981796265,0.13028991222381592,1.9098787307739258,-1.12470543384552,-0.8296417535286223,-0.36056022078834526,0.33990557097399776
4.333994999999959,0.11863615363836288,0.07851505279541016,0.05283656716346741,0.027573920786380768,1.9255900382995605,-1.1724025011062622,-0.8129868940605098,-0.3515296423980838,0.33210720888063955
4.344051000000036,0.1119670644402504,0.07247406244277954,0.11277332901954651,-0.11063828319311142,1.9565110206604004,-1.2011512517929077,-0.7966180845558614,-0.343253063577575,0.3229070359526158
4.354107000000113,0.12113198637962341,0.09174585342407227,0.1352713704109192,-0.25902822613716125,2.0308115482330322,-1.2340847253799438,-0.7801204389329494,-0.3358945037356827,0.31234822589446065
4.3641620000000785,0.12338564544916153,0.07501435279846191,0.17286014556884766,-0.4096355736255646,2.101956367492676,-1.275242567062378,-0.7633654878269488,-0.3296449651837039,0.30019318605726597
4.374217999999928,0.14923745393753052,0.06225728988647461,0.14461055397987366,-0.3441266119480133,2.14475679397583,-1.2828773260116577,-0.7462753734630388,-0.3238077681197358,0.28740101700139525
4.384274000000005,0.15378856658935547,0.0836915373802185,0.07005932927131653,-0.07465493679046631,2.169285297393799,-1.2711671590805054,-0.7283521505768922,-0.3168762506065192,0.27581624163313817
4.394328999999971,0.14043031632900238,0.045850396156311035,-0.00785478949546814,0.19267725944519043,2.1534385681152344,-1.2510629892349243,-0.7097230368633595,-0.30810348428460793,0.2662712273707311
4.4043850000000475,0.13281017541885376,0.005030572414398193,-0.051323890686035156,0.2942640781402588,2.132686138153076,-1.2352744340896606,-0.6908190411370903,-0.29817071432376957,0.2580042876345296
4.414440999999897,0.11392432451248169,0.04079771041870117,-0.002166152000427246,0.12491733580827713,2.1506636142730713,-1.2503163814544678,-0.6718281813024731,-0.2885680726256787,0.24939347336352985
4.42449600000009,0.09328369796276093,0.02519083023071289,0.09550201892852783,-0.2800027132034302,2.16788649559021,-1.2861409187316895,-0.6532860529166353,-0.28137567942015385,0.23843474128394654
4.43455199999994,0.10981300473213196,0.051805734634399414,0.1780409812927246,-0.6539208889007568,2.2655577659606934,-1.3338112831115723,-0.635041694604942,-0.2773366375367104,0.22457160720441302
4.4446080000000165,0.13082124292850494,0.096133291721344,0.21636760234832764,-0.9269678592681885,2.362443447113037,-1.390175223350525,-0.6162991030039114,-0.2759750634536494,0.20804324706067853
4.454662999999982,0.19860883057117462,0.10862582921981812,0.16750013828277588,-0.773763120174408,2.42771577835083,-1.3972429037094116,-0.5969601520373794,-0.27534258761400837,0.19072938537590767
4.464719000000059,0.2414587438106537,0.13916736841201782,0.015563338994979858,-0.1133093386888504,2.408541440963745,-1.3754346370697021,-0.5766611091339273,-0.2715599198797812,0.17594512959809339
4.474774999999909,0.23946541547775269,0.10382717847824097,-0.15377753973007202,0.5256022214889526,2.377102851867676,-1.3736257553100586,-0.5555042896945456,-0.2622664218503372,0.16515311903926425
4.484830000000102,0.19993290305137634,0.06499099731445312,-0.1455901861190796,0.7190605998039246,2.3262217044830322,-1.4056159257888794,-0.5342484671468505,-0.2494612005875185,0.15637379156648246
4.494885999999951,0.1651931256055832,0.021119236946105957,-0.024268120527267456,0.5092251300811768,2.319617509841919,-1.4439637660980225,-0.5133965873732543,-0.23684622470092764,0.14693615449712616
4.504942000000028,0.1291455775499344,0.01327735185623169,0.1009756326675415,0.042611099779605865,2.354269027709961,-1.4852092266082764,-0.4928126394509186,-0.22729045388091954,0.13516138063300318
4.514998000000105,0.1300840824842453,-0.001361250877380371,0.16956943273544312,-0.35489320755004883,2.410292148590088,-1.4908130168914795,-0.4721415511952532,-0.2219153037588714,0.12069764538387126
4.525053000000071,0.15258833765983582,0.007770419120788574,0.11007437109947205,-0.30141639709472656,2.3907053470611572,-1.4406888484954834,-0.45132474897228286,-0.2186154211546044,0.10551150013248771
4.53510899999992,0.19959014654159546,0.0015698075294494629,-0.1029159426689148,0.16872914135456085,2.3164894580841064,-1.381459355354309,-0.43073636799840975,-0.21337959866999334,0.09209678932931974
4.545164999999997,0.16751980781555176,0.019167959690093994,-0.24147528409957886,0.5812679529190063,2.2180068492889404,-1.350257158279419,-0.4102853896327253,-0.20423133815814096,0.08097189947973303
4.555219999999963,0.12306464463472366,-0.03398221731185913,-0.25434789061546326,0.6732302904129028,2.09822678565979,-1.3500319719314575,-0.3906914793569629,-0.19301842591451254,0.07076629375010295
4.56527600000004,0.09510397911071777,-0.015608727931976318,-0.18406221270561218,0.5057480335235596,2.018092155456543,-1.3556115627288818,-0.3719904934082103,-0.18231128839964214,0.06022655450141726
4.575332000000117,0.06567182391881943,-0.05706709623336792,-0.11371225118637085,0.06373414397239685,1.9334508180618286,-1.3608413934707642,-0.3542822880320913,-0.17472751579558377,0.04832969847314329
4.5853870000000825,0.08278043568134308,-0.06759142875671387,-0.03351879119873047,-0.3332582414150238,1.890144944190979,-1.3494830131530762,-0.33749639731749886,-0.1715207510097573,0.034805701780608114
4.595442999999932,0.0749051421880722,-0.034525275230407715,-0.03465026617050171,-0.4897935092449188,1.849421501159668,-1.3165863752365112,-0.32124790691348676,-0.17127727342610624,0.020599386394163807
4.605499000000009,0.10731988400220871,-0.04203313589096069,-0.1254878044128418,-0.34062400460243225,1.7873786687850952,-1.2728599309921265,-0.3055241739536647,-0.17145571170068713,0.006759802068111893
4.615553999999975,0.11660877615213394,-0.0062255859375,-0.2003461718559265,0.011277327314019203,1.7333561182022095,-1.2347005605697632,-0.290097087754068,-0.16941897968652256,-0.005910823461581272
4.6256100000000515,0.11343955993652344,-0.01921224594116211,-0.2376381754875183,0.2860231399536133,1.658738374710083,-1.2130498886108398,-0.2750109311093974,-0.16447530982333708,-0.017418189916080202
4.635665999999901,0.12743622064590454,-0.0434269905090332,-0.22271540760993958,0.3579316735267639,1.5620677471160889,-1.1951930522918701,-0.260611875837726,-0.15806794935338234,-0.02834437755655053
4.645721000000094,0.12608648836612701,-0.06874746084213257,-0.17398744821548462,0.26625314354896545,1.4645295143127441,-1.1680335998535156,-0.2471907381689193,-0.15198510251214586,-0.039135265703502606
4.655776999999944,0.11536560207605362,-0.08051007986068726,-0.11958712339401245,0.057572122663259506,1.3738828897476196,-1.136631727218628,-0.23462930112831107,-0.14760483570679386,-0.05005634305083741
4.6658330000000205,0.1103445291519165,-0.07951927185058594,-0.07536506652832031,-0.21270877122879028,1.306181788444519,-1.10674250125885,-0.22285726324409436,-0.14577291490900052,-0.061296157138852614
4.675887999999986,0.09898211061954498,-0.08046746253967285,-0.0358467698097229,-0.4472421705722809,1.2439067363739014,-1.0747555494308472,-0.21180620358908078,-0.14676403132524815,-0.07281914275484216
4.685944000000063,0.0988670065999031,-0.08059513568878174,-0.04939386248588562,-0.5915449857711792,1.190104603767395,-1.036120891571045,-0.2012804952954465,-0.1498068240951793,-0.08444822805134904
4.695999999999913,0.11247727274894714,-0.05055266618728638,-0.04787561297416687,-0.5930295586585999,1.1526002883911133,-0.9913235306739807,-0.1913732927125832,-0.1537685794880782,-0.09568051329428331
4.70605599999999,0.10785778611898422,-0.03624558448791504,-0.060949474573135376,-0.522551953792572,1.1092768907546997,-0.929596483707428,-0.18170781267951344,-0.15750761869515786,-0.10629087224769779
4.716110999999955,0.11972273886203766,-0.06472301483154297,-0.07677975296974182,-0.4059045910835266,1.0452394485473633,-0.8777199387550354,-0.17238873210098277,-0.16058143238685613,-0.11624824405071567
4.726167000000032,0.13082484900951385,-0.061901986598968506,-0.09632942080497742,-0.2064913511276245,0.9854770302772522,-0.8080702424049377,-0.16358816188722175,-0.16225573386051553,-0.1252657301550644
4.736223000000109,0.12669715285301208,-0.040838420391082764,-0.10992205142974854,-0.05064414069056511,0.9480233788490295,-0.7561929821968079,-0.15519459080368328,-0.16222895290454015,-0.13330542334964707
4.746278000000075,0.11887648701667786,-0.04955774545669556,-0.09522467851638794,-0.03868894279003143,0.9161596894264221,-0.7266923785209656,-0.14725564085224838,-0.16150121903961095,-0.14071274318553545
4.756333999999924,0.11017833650112152,-0.06240934133529663,-0.060111284255981445,-0.12596610188484192,0.8896787166595459,-0.7100772261619568,-0.1395466961248835,-0.16122591617345453,-0.14794291033504056
4.766390000000001,0.10488250851631165,-0.06250357627868652,-0.04658573865890503,-0.2084687054157257,0.8551335334777832,-0.6941608190536499,-0.13218304167946984,-0.16193963931254557,-0.1551043377410907
4.776444999999967,0.0995301902294159,-0.06763631105422974,-0.055905044078826904,-0.22496972978115082,0.8419037461280823,-0.6716834902763367,-0.12492267589097988,-0.1632608082457278,-0.16220846781395581
4.786501000000044,0.09684231877326965,-0.05436265468597412,-0.0712742805480957,-0.170279860496521,0.8314753174781799,-0.6423367857933044,-0.11765148455479106,-0.1644911135063237,-0.16910629749663816
4.796557000000121,0.09427972137928009,-0.05714881420135498,-0.08395805954933167,-0.06734789162874222,0.8188780546188354,-0.6109206080436707,-0.11046233008719583,-0.16501207131106493,-0.175567748621675
4.8066120000000865,0.09292027354240417,-0.06594133377075195,-0.09637701511383057,0.053687453269958496,0.7951780557632446,-0.5657699108123779,-0.10358270803895663,-0.1644384812945885,-0.1813715153876915
4.816667999999936,0.09775644540786743,-0.0820082426071167,-0.09807834029197693,0.1515730917453766,0.7651048302650452,-0.5270078182220459,-0.09673479635330247,-0.16283730836201776,-0.1867328579151681
4.826724000000013,0.09797610342502594,-0.09206551313400269,-0.09579765796661377,0.21318532526493073,0.7135817408561707,-0.48455092310905457,-0.09013251131656015,-0.16051627408020203,-0.1916683147139247
4.836778999999979,0.10087290406227112,-0.11007606983184814,-0.09325021505355835,0.23720286786556244,0.6513593196868896,-0.437658429145813,-0.08399870060377405,-0.15785622149041226,-0.1961358942272547
4.8468350000000555,0.10309983789920807,-0.10752236843109131,-0.08358067274093628,0.21424907445907593,0.5967224836349487,-0.3824508488178253,-0.07839038774018216,-0.15522101416439893,-0.2000514624280252
4.856890999999905,0.09228208661079407,-0.13374918699264526,-0.06856244802474976,0.11678248643875122,0.5360925793647766,-0.33093512058258057,-0.07318513589428985,-0.15330229566090328,-0.20355640949182816
4.866946000000098,0.09842443466186523,-0.14035546779632568,-0.04706209897994995,0.041172951459884644,0.4965597987174988,-0.28343549370765686,-0.06840629719818726,-0.15236794705953408,-0.20662926112129482
4.877001999999948,0.09423162043094635,-0.12223953008651733,-0.037312090396881104,0.03185952082276344,0.4702879786491394,-0.22579510509967804,-0.0638075071248642,-0.1518946283925977,-0.20919039363012126
4.8870580000000245,0.09500987827777863,-0.13163936138153076,-0.03426465392112732,0.07271400839090347,0.4404595196247101,-0.165370374917984,-0.05956206648833332,-0.1512948578366335,-0.21103431445597495
4.897114000000101,0.10804785788059235,-0.12301468849182129,-0.05260014533996582,0.17845934629440308,0.42330288887023926,-0.10843983292579651,-0.05544467365296197,-0.14999925792796212,-0.2122738374279662
4.907169000000067,0.1197068989276886,-0.10240429639816284,-0.07973712682723999,0.2953340411186218,0.4033733904361725,-0.051304105669260025,-0.05132809896491729,-0.14758989986329876,-0.2129156485097039
4.917224999999917,0.11548919975757599,-0.1101994514465332,-0.07837134599685669,0.3573917746543884,0.3694024980068207,0.004049139097332954,-0.04740054446451109,-0.14431020584381885,-0.21298760965073135
4.927280999999994,0.11447057127952576,-0.10552161931991577,-0.06683039665222168,0.36944761872291565,0.35305362939834595,0.036716803908348083,-0.0437214016674256,-0.14063627721151814,-0.2125850497319942
4.937335999999959,0.10847330093383789,-0.10021108388900757,-0.05776846408843994,0.31550031900405884,0.3101118803024292,0.07385504245758057,-0.040157152058374855,-0.13718789029232464,-0.2119167594078141
4.947392000000036,0.10190200805664062,-0.11411696672439575,-0.046858787536621094,0.27433183789253235,0.2737829089164734,0.11230496317148209,-0.03704108755055634,-0.13429329531295706,-0.2108373248823593
4.957448000000113,0.09621737897396088,-0.09595131874084473,-0.050372034311294556,0.257576048374176,0.2386133372783661,0.1440640389919281,-0.034205890557291896,-0.13168464479800446,-0.20944396154761993
4.967503000000079,0.0963028222322464,-0.103171706199646,-0.06014087796211243,0.26252633333206177,0.20459945499897003,0.1798129826784134,-0.031797000173763496,-0.12914196775604808,-0.20765314980721866
4.977558999999928,0.10424697399139404,-0.09870582818984985,-0.07949483394622803,0.26415058970451355,0.17431530356407166,0.21825745701789856,-0.02951601511755041,-0.12655480870696217,-0.2055836858096044
4.987615000000005,0.10278849303722382,-0.0952458381652832,-0.08233234286308289,0.23074336349964142,0.13240647315979004,0.24454019963741302,-0.027536998684903304,-0.12410048817915324,-0.20322243222751055
4.997668499999918,0.09080684930086136,-0.10170614719390869,-0.06627118587493896,0.18552397191524506,0.1045340970158577,0.2779879868030548,-0.025948013736001998,-0.12205102952671161,-0.20052905600985704
5.007724499999995,0.07135194540023804,-0.08506840467453003,-0.04877740144729614,0.1111927404999733,0.07490510493516922,0.313838392496109,-0.024704933830594134,-0.12060706324225469,-0.19743323904410462
5.017780500000072,0.05703093111515045,-0.08329987525939941,-0.03731417655944824,0.011027920991182327,0.0452064611017704,0.3539688289165497,-0.023535124638580568,-0.12009514863295435,-0.19415526602133015
5.027835500000037,0.05033475160598755,-0.0699121356010437,-0.027394413948059082,-0.06268864125013351,0.028212031349539757,0.3679043650627136,-0.022625248040375415,-0.12049008654428082,-0.19055824933209772
5.037891500000114,0.04287532716989517,-0.04980063438415527,-0.03309053182601929,-0.08409518003463745,0.003059406764805317,0.39520880579948425,-0.02194926437607838,-0.1213553639353126,-0.1867287519010253
5.047947499999964,0.039126165211200714,-0.03882169723510742,-0.04221600294113159,-0.05856052413582802,-0.01880035176873207,0.4167705476284027,-0.021411400346727658,-0.12219534505629853,-0.18271879856648782
5.058003500000041,0.031690165400505066,-0.02816528081893921,-0.048101842403411865,-0.03476952761411667,-0.029117969796061516,0.42064985632896423,-0.021068841973639372,-0.1227551558853642,-0.17851076407986516
5.0680585000000065,0.02970515936613083,-0.015385866165161133,-0.05054605007171631,-0.016706904396414757,-0.04893694818019867,0.43163567781448364,-0.020930101798446652,-0.12310326848619958,-0.17417588325552832
5.078114500000083,0.03217097371816635,-0.008269786834716797,-0.05640977621078491,0.005188275128602982,-0.06451910734176636,0.442846417427063,-0.021027774348794902,-0.12328605146261569,-0.1697422967008672
5.088170499999933,0.025761254131793976,0.00550764799118042,-0.06340658664703369,0.09026028960943222,-0.08868729323148727,0.45092591643333435,-0.021285306509293875,-0.12291064312591647,-0.16516542833264858
5.098225499999899,0.01548844575881958,0.01114124059677124,-0.07886677980422974,0.13016252219676971,-0.12389454990625381,0.46452778577804565,-0.021658652976406997,-0.12184892963620363,-0.160517395720308
5.1082814999999755,0.018962837755680084,0.004087984561920166,-0.08960926532745361,0.11880972981452942,-0.17105112969875336,0.46072718501091003,-0.022451484898132895,-0.12071211305429662,-0.1558526688383604
5.118337500000052,0.01657416671514511,0.014471352100372314,-0.1022024154663086,0.07485385984182358,-0.21314918994903564,0.47571873664855957,-0.02374580484015067,-0.1197895823039754,-0.15110246910196273
5.128392500000018,0.008155681192874908,0.004003047943115234,-0.0957862138748169,-0.001573269022628665,-0.275480717420578,0.4701652526855469,-0.025559809096361998,-0.119490979813383,-0.1463251043081993
5.138448500000095,0.009793609380722046,-0.010175824165344238,-0.10500937700271606,-0.08354967087507248,-0.335992693901062,0.4666718542575836,-0.02811804032842985,-0.12007940200144325,-0.14152887732496797
5.1485044999999445,0.018013402819633484,0.008702516555786133,-0.1145901083946228,-0.11694064736366272,-0.3856649100780487,0.46373143792152405,-0.03126810158636076,-0.12121011764875937,-0.13675495138092356
5.15855949999991,0.025704681873321533,0.010253727436065674,-0.1341153383255005,-0.11764071136713028,-0.4344705045223236,0.4570353329181671,-0.03485589611511218,-0.12253085239676903,-0.13209475398936354
5.168615499999987,0.030375823378562927,0.006307244300842285,-0.13691860437393188,-0.07354382425546646,-0.47499263286590576,0.45221978425979614,-0.03895940888897155,-0.12365674098268963,-0.12746258755473464
5.178671500000064,0.02895190566778183,0.016381442546844482,-0.14172852039337158,-0.0285795871168375,-0.5097992420196533,0.43455076217651367,-0.043369845654897446,-0.12431339454087803,-0.12292683111390747
5.18872650000003,0.03668714314699173,0.008098602294921875,-0.13847988843917847,0.019833484664559364,-0.561164379119873,0.4182948172092438,-0.048158843341389826,-0.12453348493294586,-0.11858592908666217
5.198782500000107,0.04721774905920029,0.013319313526153564,-0.13613444566726685,0.06067994236946106,-0.5973902344703674,0.4079100489616394,-0.05335802735785365,-0.124305151971137,-0.1143541747099264
5.208838499999956,0.051666729152202606,-0.0008543133735656738,-0.13718342781066895,0.13383936882019043,-0.6649367809295654,0.41314181685447693,-0.059060741998790876,-0.12355830871659196,-0.11014621979124413
5.218894500000033,0.06707625836133957,-0.0116768479347229,-0.14961457252502441,0.20978860557079315,-0.7190139889717102,0.43001970648765564,-0.06538157542022492,-0.12201845754082603,-0.10578101869215276
5.228949499999999,0.07834939658641815,-0.03439396619796753,-0.15521031618118286,0.2386290431022644,-0.7983527183532715,0.44170325994491577,-0.07229502877497064,-0.11994004764874762,-0.1012293322606581
5.239005500000076,0.08586988598108292,-0.05982393026351929,-0.14341723918914795,0.2180994749069214,-0.8626497983932495,0.4584383964538574,-0.07993725674181942,-0.11785326299398348,-0.09647631716842107
5.249061499999925,0.07921020686626434,-0.06412237882614136,-0.12400776147842407,0.11597311496734619,-0.9217655658721924,0.47805362939834595,-0.08817678974603861,-0.11637910319125276,-0.09159424969496185
5.259116500000118,0.07909372448921204,-0.09999734163284302,-0.0843237042427063,-0.0473942868411541,-0.9945821762084961,0.5138320922851562,-0.09706440898090407,-0.11639712140329501,-0.08658211493183585
5.269172499999968,0.06786434352397919,-0.09891027212142944,-0.06895047426223755,-0.15120190382003784,-1.0302435159683228,0.5627748966217041,-0.1064406315562238,-0.11788439916963418,-0.0813090136170887
5.279228500000045,0.06470353156328201,-0.07926911115646362,-0.07054927945137024,-0.24346281588077545,-1.057664155960083,0.6222392320632935,-0.11607504011785577,-0.12040959002463852,-0.07556625622651851
5.2892835000000105,0.06959985941648483,-0.08814918994903564,-0.05504179000854492,-0.31294894218444824,-1.0819611549377441,0.6539119482040405,-0.12600276804657123,-0.12394383348479009,-0.06948110762260154
5.299339500000087,0.06993655860424042,-0.06526786088943481,-0.05415844917297363,-0.2749459445476532,-1.0896079540252686,0.6767651438713074,-0.13604389668999026,-0.12775727902839407,-0.06319015462355737
5.309395499999937,0.08588619530200958,-0.027485787868499756,-0.058025091886520386,-0.17873872816562653,-1.092268705368042,0.6882644295692444,-0.14606305672804046,-0.1309335260821492,-0.05663903249638067
5.319450499999903,0.09924761950969696,-0.025899767875671387,-0.05558392405509949,-0.10280055552721024,-1.09494948387146,0.6826314926147461,-0.15619928000723388,-0.1333028294044931,-0.04992369264287076
5.3295064999999795,0.10811060667037964,-0.001873612403869629,-0.027622580528259277,-0.030932489782571793,-1.0844143629074097,0.6725354790687561,-0.1662797858584403,-0.13498888898854186,-0.0431599340526005
5.339562500000056,0.1145026758313179,0.008826732635498047,-0.006373345851898193,-0.009926051832735538,-1.0805610418319702,0.6601513624191284,-0.17628271190884295,-0.13623078084211723,-0.03645769163593071
5.349617500000022,0.10963847488164902,0.010592281818389893,0.028752177953720093,-0.029435835778713226,-1.073854684829712,0.6508878469467163,-0.18610190803043064,-0.13755515037099858,-0.029959845937991017
5.359673500000099,0.09119483083486557,0.018679499626159668,0.05456039309501648,-0.03459424525499344,-1.0540755987167358,0.6477223038673401,-0.1958481439768673,-0.13906400777569286,-0.023519176768803624
5.3697294999999485,0.06931181252002716,0.0326768159866333,0.06922116875648499,-0.04045240581035614,-1.0167455673217773,0.6604862809181213,-0.20528478220922527,-0.14069762837335686,-0.017067887862237573
5.379784499999914,0.045385465025901794,0.0233767032623291,0.08210328221321106,-0.01886792480945587,-0.9877106547355652,0.6547201871871948,-0.2144542702084418,-0.14234084891609478,-0.010543133041583505
5.389840499999991,0.02539151906967163,0.02407371997833252,0.06668943166732788,0.061925459653139114,-0.9686996936798096,0.6452656984329224,-0.22351172680369216,-0.14355551240098807,-0.003925782218482156
5.399896500000068,0.020741716027259827,0.03964716196060181,0.046050190925598145,0.1529219001531601,-0.9372529983520508,0.6280549168586731,-0.23218340377070176,-0.14392698082995514,0.0026806780728514334
5.409952499999918,0.018638230860233307,0.04381430149078369,0.021779954433441162,0.24863165616989136,-0.9270727634429932,0.6056963801383972,-0.24071981606046516,-0.1433804456609029,0.009334101782335782
5.420007500000111,0.021973121911287308,0.032533228397369385,0.006052166223526001,0.33073943853378296,-0.9334008097648621,0.5941982865333557,-0.24908840524534379,-0.14197205166096724,0.01597462980495621
5.43006349999996,0.02717229351401329,0.027341008186340332,-0.009836733341217041,0.37428638339042664,-0.9431024789810181,0.5847986936569214,-0.2576099296670207,-0.13996317661567026,0.022737973932716916
5.440119500000037,0.01878003031015396,0.018637239933013916,-0.011625349521636963,0.38876575231552124,-0.9750405550003052,0.590199887752533,-0.26633937409289954,-0.13773641821300311,0.029562971061126184
5.450174500000003,0.017084650695323944,0.0012099146842956543,-0.03407832980155945,0.40630054473876953,-1.0255450010299683,0.6030917167663574,-0.2754548333271861,-0.13545156843016504,0.03653310917617262
5.46023050000008,0.01769721508026123,-0.004562973976135254,-0.06664755940437317,0.4050123393535614,-1.0926178693771362,0.6327256560325623,-0.2851565636851832,-0.13318268705051553,0.04377717454899413
5.470286499999929,0.017230700701475143,-0.019127368927001953,-0.08556753396987915,0.32505011558532715,-1.1692978143692017,0.6625847220420837,-0.2955907126578425,-0.1314503357896161,0.05122863540149011
5.480341500000122,0.015589755028486252,-0.03857076168060303,-0.07128888368606567,0.18475976586341858,-1.2566344738006592,0.7008857727050781,-0.30677422359260775,-0.13097409563087364,0.05866885866967719
5.490397499999972,0.022356510162353516,-0.051473140716552734,-0.07761716842651367,0.023340780287981033,-1.3422263860702515,0.723758339881897,-0.31889348313078636,-0.13213804675820473,0.06594357350876984
5.500453500000049,0.02712206169962883,-0.056565046310424805,-0.08427131175994873,-0.09447316080331802,-1.4107518196105957,0.7560204863548279,-0.33179426083972696,-0.13483707506141918,0.0730096622831658
5.5105085000000145,0.029659658670425415,-0.05294841527938843,-0.09291869401931763,-0.1559295952320099,-1.4559680223464966,0.7644946575164795,-0.34524283502623676,-0.1385362515180428,0.0799102778720445
5.520564500000091,0.03754753991961479,-0.04496878385543823,-0.09229287505149841,-0.1950789988040924,-1.4842767715454102,0.7699306607246399,-0.3590985449680273,-0.1428394584718428,0.0866721927022732
5.530620499999941,0.05496560409665108,-0.03451627492904663,-0.07773494720458984,-0.17702597379684448,-1.494240164756775,0.7720949649810791,-0.3732272492969755,-0.14737960309368897,0.09345931756320401
5.540676500000018,0.0645175576210022,-0.025295674800872803,-0.06534767150878906,-0.12248597294092178,-1.496106743812561,0.7652462124824524,-0.3874084374890713,-0.15158509060024133,0.1002894657396658
5.5507314999999835,0.08334120362997055,-0.014580309391021729,-0.035282135009765625,-0.09565569460391998,-1.4922014474868774,0.7652872204780579,-0.4014589180499658,-0.15549289198620536,0.10716625664013911
5.56078750000006,0.08740147948265076,-0.013231635093688965,0.004764735698699951,-0.09515750408172607,-1.48307204246521,0.7620489001274109,-0.4153805551971409,-0.15935507819473269,0.11399044715763652
5.57084349999991,0.08706539124250412,-0.002579033374786377,0.044137001037597656,-0.11169493198394775,-1.461763620376587,0.7690119743347168,-0.4291709528848727,-0.16341653574109893,0.12078277489556473
5.580898500000103,0.08740456402301788,0.011959254741668701,0.08391320705413818,-0.14674031734466553,-1.4344661235809326,0.7572217583656311,-0.442593343294356,-0.16777522030890266,0.12731310253519815
5.5909544999999525,0.08263012766838074,0.0019494891166687012,0.10424256324768066,-0.13396140933036804,-1.4040309190750122,0.7536616325378418,-0.45581393347038895,-0.17234755027719229,0.13369337851006505
5.601010500000029,0.08779196441173553,0.024828970432281494,0.09902572631835938,-0.07533252984285355,-1.3508367538452148,0.7518728971481323,-0.4686181515905916,-0.17665055011733297,0.14019304189532655
5.611065499999995,0.08517434448003769,0.017718255519866943,0.10293787717819214,-0.041450466960668564,-1.3069552183151245,0.7538002133369446,-0.48091893545589237,-0.18060345927302243,0.1468897187857805
5.621121500000072,0.09236540645360947,0.008477270603179932,0.12429174780845642,-0.02581487037241459,-1.2570515871047974,0.7450741529464722,-0.4926481085959294,-0.1843995803352067,0.15356050895265042
5.631177499999922,0.091790109872818,0.014761030673980713,0.12933096289634705,-0.02003447897732258,-1.2160232067108154,0.7406479716300964,-0.503857625215954,-0.18815788177023945,0.16017421317114955
5.641232500000115,0.0951320007443428,0.004566848278045654,0.12021824717521667,0.017201174050569534,-1.176064372062683,0.744375467300415,-0.514692336683339,-0.19182499748312112,0.1668362267312132
5.651288499999964,0.09037362039089203,0.00048029422760009766,0.11097237467765808,0.0622972771525383,-1.1348363161087036,0.7492972612380981,-0.5251204753106994,-0.19520936272598888,0.1737688049990304
5.661344500000041,0.08523078262805939,-0.0013783574104309082,0.10753089189529419,0.0774250477552414,-1.087899088859558,0.7495436072349548,-0.5349801235389924,-0.19839942845578168,0.180822162211971
5.671399500000007,0.08451148867607117,-0.019616901874542236,0.10280662775039673,0.11322379857301712,-1.0646107196807861,0.7706576585769653,-0.5444666670164078,-0.20154856408528726,0.18806679797274398
5.681455500000084,0.07177272439002991,-0.02644556760787964,0.07920369505882263,0.1620522439479828,-1.0132261514663696,0.7904865145683289,-0.553521964308733,-0.20448650974539656,0.19575148746655235
5.691511499999933,0.06380435824394226,-0.02437537908554077,0.0809716284275055,0.14357122778892517,-0.9630208015441895,0.805944561958313,-0.5620128836423915,-0.20743388391779355,0.20367278095872432
5.70156750000001,0.06295091658830643,-0.04563862085342407,0.07571327686309814,0.10234536230564117,-0.9365845322608948,0.8196377158164978,-0.5700787645259394,-0.2108131201582288,0.21148506064725267
5.711622499999976,0.05662659555673599,-0.03884762525558472,0.07300734519958496,0.1025424376130104,-0.8889136910438538,0.8385443091392517,-0.5778002208724247,-0.21457229664990196,0.2192725556428943
5.721678500000053,0.04902268573641777,-0.026263892650604248,0.04943391680717468,0.09265806525945663,-0.8615846633911133,0.8450618982315063,-0.5851877322067939,-0.2184518635697367,0.22722330944009553
5.731734499999902,0.05422453582286835,-0.03349655866622925,0.046435385942459106,0.10550249367952347,-0.8418653011322021,0.8656627535820007,-0.592181032643228,-0.2224613313608554,0.23518227676977524
5.741789500000095,0.05372108891606331,-0.0010451078414916992,0.03311881422996521,0.11247164011001587,-0.8200122117996216,0.8669500350952148,-0.5988816570589116,-0.2264633513489079,0.24332097089244978
5.751845499999945,0.04655688256025314,-0.017366409301757812,0.03674784302711487,0.10774451494216919,-0.8289969563484192,0.8741176724433899,-0.6055007269422561,-0.23058469195526513,0.2515205582598502
5.761901500000022,0.0467548742890358,-0.005385398864746094,0.029265642166137695,0.12543217837810516,-0.8460294604301453,0.8898141980171204,-0.612094028253989,-0.23470081163516252,0.2597008759444665
5.7719564999999875,0.036190442740917206,-0.0006491541862487793,0.0024326741695404053,0.10669976472854614,-0.8782731294631958,0.9041483998298645,-0.6189515292776434,-0.2389483877888654,0.2681113878533794
5.782012500000064,0.027522161602973938,-0.01384437084197998,-0.0028568506240844727,0.04395071789622307,-0.9350906014442444,0.9293081164360046,-0.6263407355623444,-0.24378812424803187,0.27642391807931754
5.792068499999914,0.013014081865549088,0.0070536136627197266,-0.005996197462081909,-0.03154323995113373,-0.9758963584899902,0.9304697513580322,-0.6341447868151703,-0.2492694592965233,0.28431612096284775
5.802123500000107,0.01763664372265339,0.01907968521118164,-0.03130757808685303,-0.10337268561124802,-1.032835602760315,0.9370155334472656,-0.642530507360437,-0.25546595542892697,0.29173523265468315
5.8121794999999565,0.017558306455612183,0.02042102813720703,-0.05352896451950073,-0.12612700462341309,-1.0634467601776123,0.9151965379714966,-0.6513806732543563,-0.26204662246081706,0.2987690493770176
5.822235500000033,0.013006509281694889,0.03213387727737427,-0.060561299324035645,-0.156808003783226,-1.0803618431091309,0.8904743194580078,-0.6606421469494704,-0.2687959544834582,0.3054452748940241
5.832290499999999,0.03084713965654373,0.050936341285705566,-0.05680316686630249,-0.16679725050926208,-1.095872163772583,0.8557352423667908,-0.6701404175043849,-0.27558335634842024,0.311700475270532
5.842346500000076,0.028013261035084724,0.035194337368011475,-0.05142629146575928,-0.13956882059574127,-1.0915253162384033,0.8233565092086792,-0.67979852784499,-0.2821768394381114,0.3177028307481868
5.852402499999926,0.03503371775150299,0.05279260873794556,-0.04815268516540527,-0.10165739804506302,-1.0733574628829956,0.8002195358276367,-0.6893414769839057,-0.2883731470472315,0.32363355493260965
5.8624585000000025,0.04188711941242218,0.0570560097694397,-0.03285449743270874,-0.03403080999851227,-1.0502872467041016,0.7886061072349548,-0.6983880776609548,-0.29402991407692086,0.32960699870066845
5.872513499999968,0.052682798355817795,0.033824384212493896,-0.03858065605163574,0.052761342376470566,-1.0501478910446167,0.7728497385978699,-0.7072483337381117,-0.29910629487328866,0.3360118220886689
5.882569500000045,0.06158364936709404,0.02599191665649414,-0.028970658779144287,0.12449899315834045,-1.0268268585205078,0.768834114074707,-0.7158458264382829,-0.3035360349414729,0.3428838384140905
5.892625500000122,0.06380157172679901,0.049209654331207275,-0.010305821895599365,0.11113712191581726,-1.0172280073165894,0.7618044018745422,-0.7242128018505909,-0.30774061420143217,0.34994587426595214
5.902680500000088,0.04881208389997482,0.005510807037353516,0.02526378631591797,0.06888575851917267,-1.041317343711853,0.7717753648757935,-0.7326666760718651,-0.31223723792306696,0.35672659253199485
5.912736499999937,0.03560198098421097,0.014586448669433594,0.02545166015625,0.03759441897273064,-1.0305818319320679,0.7742121815681458,-0.7411844323085199,-0.3170892701844109,0.36325401807616786
5.922792500000014,0.02693616971373558,0.018203020095825195,0.02172750234603882,-0.0057989065535366535,-1.036130428314209,0.7921207547187805,-0.7497183621153424,-0.3223759145680479,0.3695455827788139
5.93284749999998,0.012610687874257565,0.02017873525619507,0.021682292222976685,-0.049068883061409,-1.0374348163604736,0.7995104789733887,-0.7582685849282522,-0.32803883105763326,0.37554352331279645
5.942903500000057,-0.0012121936306357384,0.02161926031112671,0.02320447564125061,-0.11135546863079071,-1.0332177877426147,0.7847360372543335,-0.7669683328565752,-0.33417634396402407,0.381129897072643
5.952959499999906,-0.027866557240486145,0.012697219848632812,0.03322321176528931,-0.1593640148639679,-1.0338636636734009,0.7874606847763062,-0.7757659088626134,-0.340697442045825,0.3861561446744097
5.963014500000099,-0.02296573296189308,0.044060587882995605,0.03903576731681824,-0.15219272673130035,-1.026105523109436,0.7660835385322571,-0.7845635299853859,-0.34732257382959747,0.3909142673933868
5.973070499999949,-0.01802654191851616,0.07090014219284058,0.03344482183456421,-0.13168266415596008,-1.0058090686798096,0.7550021409988403,-0.7932406764866952,-0.3537860922457764,0.39563184516221095
5.983126500000026,-0.015902908518910408,0.0716443657875061,0.032010018825531006,-0.1167147234082222,-0.9875672459602356,0.7267398238182068,-0.8016693934301135,-0.3600088059590562,0.40025652220715985
5.993183249999902,-0.023376155644655228,0.08669799566268921,0.05294811725616455,-0.08536478877067566,-0.9361211061477661,0.6828993558883667,-0.8096578972956731,-0.3657910883153737,0.4047533147459045
6.003238250000095,-0.014866936951875687,0.12835341691970825,0.06651487946510315,-0.06080418825149536,-0.8918933272361755,0.6280600428581238,-0.8172062249418375,-0.3710556935287866,0.4090541821921035
6.013294249999944,-0.003075582906603813,0.12095904350280762,0.06318587064743042,0.03673994168639183,-0.8535224795341492,0.5819364786148071,-0.8243974437040574,-0.37562523022052957,0.4133458495636143
6.023350250000021,-0.017402011901140213,0.14552253484725952,0.05958262085914612,0.16674809157848358,-0.8142669796943665,0.5266381502151489,-0.83087937467302,-0.37899225858239943,0.41832116432290034
6.033405249999987,-0.028247151523828506,0.11180448532104492,0.06338673830032349,0.20492130517959595,-0.7943963408470154,0.4788791239261627,-0.8371283001909546,-0.3815106978738532,0.4235871882872878
6.043461250000064,-0.016529951244592667,0.12449216842651367,0.07323533296585083,0.21840672194957733,-0.7791751623153687,0.43311455845832825,-0.8432601536211379,-0.3835260443818214,0.42868597884273413
6.0535172499999135,-0.015528624877333641,0.11999601125717163,0.06671968102455139,0.2149781733751297,-0.7669784426689148,0.3992266058921814,-0.8493185620777024,-0.3852707443216532,0.4335869978445126
6.063572250000107,-0.015318743884563446,0.09518349170684814,0.07389694452285767,0.14131046831607819,-0.7636951208114624,0.36598441004753113,-0.8554376650039581,-0.3869808825081662,0.43791927900379396
6.073628249999956,-0.013474641367793083,0.08774584531784058,0.0982908308506012,0.07981302589178085,-0.750941812992096,0.33348745107650757,-0.861702623070955,-0.38895003356227975,0.4413422173359301
6.083684250000033,-0.01041007786989212,0.08031773567199707,0.0809468924999237,0.08534698188304901,-0.7542986869812012,0.30598053336143494,-0.8680751558196478,-0.39087600056562327,0.44430378558131234
6.093739249999999,-0.010683400556445122,0.0761532187461853,0.05381155014038086,0.09979090839624405,-0.7238087058067322,0.2811034023761749,-0.8743342596255806,-0.39248064530589527,0.44719271547266704
6.103795250000076,-0.001536928117275238,0.06854641437530518,0.03780388832092285,0.0841393694281578,-0.7230285406112671,0.26695874333381653,-0.8804675505180322,-0.39399757703533644,0.4498835780812389
6.113851249999925,-0.008694194257259369,0.021520912647247314,0.036090999841690063,0.11375691741704941,-0.7381680607795715,0.2693995237350464,-0.8867274763805745,-0.3954417604170891,0.45261325690799525
6.123906250000118,-0.015401456505060196,0.013649582862854004,0.0038755834102630615,0.09916882961988449,-0.7305967211723328,0.272492915391922,-0.8930175650558368,-0.3968910835833304,0.4554587433958363
6.133962249999968,0.0016238205134868622,0.01339632272720337,-0.00646740198135376,0.05102580785751343,-0.7477283477783203,0.27568870782852173,-0.8994569345631319,-0.3985737521219128,0.45802216239525434
6.144018250000045,-0.013558560982346535,-0.024094343185424805,-0.0037844479084014893,0.05589437484741211,-0.7539370656013489,0.28925129771232605,-0.9061969586916538,-0.40056437127747124,0.46046116777470636
6.1540742500001215,-0.020336207002401352,-0.017645955085754395,-0.03226479887962341,0.07301130890846252,-0.751013457775116,0.2856520414352417,-0.912811271050353,-0.40245066997988843,0.4630366137621008
6.164129250000087,-0.007214313372969627,-0.0036977529525756836,-0.033392518758773804,0.03718695417046547,-0.7324758768081665,0.28520530462265015,-0.9193750424185833,-0.40445443994460933,0.4655003085491045
6.174185249999937,-0.008636394515633583,-0.01389843225479126,-0.015598833560943604,-0.0004094230243936181,-0.7233100533485413,0.2933819890022278,-0.9258640250740758,-0.40662338206684107,0.467593673975948
6.184241250000014,0.005037035793066025,-0.009478926658630371,-0.010509967803955078,-0.058177825063467026,-0.7048636674880981,0.2850414514541626,-0.9323562670982964,-0.4091536962640653,0.4692913808035518
6.194296249999979,0.006702064536511898,-0.010581374168395996,0.004896938800811768,-0.07940880954265594,-0.7008862495422363,0.28222036361694336,-0.9389736486649386,-0.4119130250860544,0.4705723232378748
6.204352250000056,0.012789481319487095,0.01622319221496582,0.014299392700195312,-0.06603384017944336,-0.6700656414031982,0.28254732489585876,-0.9454179341729718,-0.41468269565778576,0.4718395516419544
6.214408249999906,0.018870491534471512,0.02626335620880127,0.034276604652404785,-0.09080017358064651,-0.6552723050117493,0.2673467993736267,-0.951549444941815,-0.4173553503799665,0.47290753583993705
6.224463250000099,0.030827034264802933,0.013356566429138184,0.06360113620758057,-0.03043576516211033,-0.6451915502548218,0.2570745348930359,-0.9575877967288945,-0.4198688000366725,0.473973099105052
6.234519249999948,0.026364117860794067,0.04898864030838013,0.04082557559013367,0.046859558671712875,-0.6139556169509888,0.24769754707813263,-0.9633209843635887,-0.42199318825924864,0.47577126514104473
6.244575250000025,0.028537772595882416,0.058561742305755615,0.07205179333686829,0.05525343865156174,-0.5834161639213562,0.22670041024684906,-0.9686294753479899,-0.42370667236822185,0.47788390851683255
6.254630249999991,0.010124165564775467,0.0661158561706543,0.11982232332229614,0.001714847283437848,-0.5281542539596558,0.19482317566871643,-0.9736228353255392,-0.4253524263753226,0.47955645737281055
6.264686250000068,0.009912723675370216,0.07185524702072144,0.14078104496002197,-0.002527523785829544,-0.48868608474731445,0.170613095164299,-0.9782373781049096,-0.42692600042341383,0.4806421396437129
6.2747422499999175,0.008597933687269688,0.06825470924377441,0.12376430630683899,0.0905504897236824,-0.4517027735710144,0.16378182172775269,-0.9824384526237996,-0.42810889357438453,0.4820935726079814
6.284797250000111,-0.003505331464111805,0.07916843891143799,0.1107427179813385,0.09761971980333328,-0.39405426383018494,0.1516551822423935,-0.9857741212326191,-0.4288246132433542,0.4839911009918883
6.29485324999996,0.0010578385554254055,0.08041960000991821,0.1741544008255005,0.0035811017733067274,-0.34852832555770874,0.1281871497631073,-0.9888660785197187,-0.42969657813870443,0.48529396187976603
6.304909250000037,-0.004092541057616472,0.08035671710968018,0.21497443318367004,-0.018560906872153282,-0.3163960576057434,0.11798417568206787,-0.9920457224743313,-0.4308693687120135,0.48594781565536393
6.314965250000114,-0.014772750437259674,0.07587802410125732,0.1900598704814911,0.01947649009525776,-0.2797616422176361,0.1189327985048294,-0.9948578787513483,-0.4319536951552153,0.4867235687171442
6.32502025000008,-0.02622140571475029,0.11535298824310303,0.21318089962005615,-0.03099813498556614,-0.23722857236862183,0.10607361793518066,-0.9971253997057051,-0.43292072883023347,0.48739699581684737
6.335076249999929,-0.032348163425922394,0.103130042552948,0.2653001546859741,-0.1197623610496521,-0.20427781343460083,0.08431772142648697,-0.9994445972043096,-0.43419201326294593,0.4872634760975
6.345132250000006,-0.040581025183200836,0.14140945672988892,0.299654483795166,-0.2532081604003906,-0.12020114064216614,0.04047295078635216,-1.0017135101771566,-0.43579497221239244,0.48596353350136157
6.355187249999972,-0.02080647088587284,0.16741055250167847,0.3264724314212799,-0.33634060621261597,-0.030244354158639908,-0.015183650888502598,-1.003731698546246,-0.437634195757783,0.48323831502229986
6.365243250000049,-0.013802818953990936,0.18976354598999023,0.34100601077079773,-0.3054606020450592,0.08476331830024719,-0.09600699692964554,-1.0049413724199354,-0.43899584311279266,0.4798694887253116
6.375299249999898,-0.01772056519985199,0.19338607788085938,0.3683370351791382,-0.2330673336982727,0.21568459272384644,-0.185457244515419,-1.0048492956987853,-0.43927986822807547,0.4764137176874832
6.385354250000091,0.001736191101372242,0.21457278728485107,0.37652575969696045,-0.08818548172712326,0.3447817265987396,-0.26657602190971375,-1.0033442406566568,-0.4383492887803427,0.4735135140970952
6.395410249999941,0.014107820577919483,0.19938558340072632,0.34339746832847595,0.05580870807170868,0.43858757615089417,-0.31768450140953064,-1.0002671335730187,-0.4360365137634346,0.47160168827843707
6.405466250000018,0.004595902748405933,0.16912180185317993,0.32184040546417236,0.0648077130317688,0.5147745013237,-0.37111496925354004,-0.9962129600510538,-0.4328588788689918,0.47018790070450306
6.415522250000095,-0.003921959549188614,0.15187036991119385,0.3272029161453247,-0.015862636268138885,0.5569109916687012,-0.4026185870170593,-0.9916600714401945,-0.4294926327322079,0.46793905238891254
6.42557725000006,-0.010645550675690174,0.1024351716041565,0.2626435160636902,-0.004247348755598068,0.5777899026870728,-0.4044119417667389,-0.9869759941273301,-0.4262117038791932,0.46521275201533696
6.43563324999991,-0.016602538526058197,0.0898427963256836,0.16658765077590942,0.045054152607917786,0.59600830078125,-0.3929406404495239,-0.9819409077789893,-0.4227845327926059,0.4628745843291847
6.445689249999987,-0.03351307660341263,0.026836037635803223,0.10809636116027832,0.034219082444906235,0.6146867275238037,-0.3838283121585846,-0.9766298219198956,-0.41934076683871774,0.46078957879993476
6.4557442499999524,-0.042266979813575745,0.012148797512054443,0.06744968891143799,-0.06959173083305359,0.6558074951171875,-0.3785097002983093,-0.9711982029018448,-0.41628409724613435,0.4581922130963957
6.465800250000029,-0.05594972148537636,-0.006660580635070801,0.05339175462722778,-0.21989740431308746,0.702427327632904,-0.38997194170951843,-0.9658106232998247,-0.41396597950773145,0.4543830802454284
6.475856250000106,-0.0715884119272232,-0.024653613567352295,0.04101881384849548,-0.29049620032310486,0.764743447303772,-0.40591177344322205,-0.9603435069792762,-0.41222960503749956,0.4493860347778754
6.485911250000072,-0.06929247081279755,-0.00023186206817626953,-0.005209505558013916,-0.23639149963855743,0.8388535976409912,-0.42137816548347473,-0.9542895060445419,-0.41041913682290043,0.4443169108649359
6.4959672499999215,-0.06588570028543472,0.031067371368408203,-0.011108338832855225,-0.18127845227718353,0.9371724724769592,-0.463387131690979,-0.947305120428235,-0.40810731176322196,0.43962162910705715
6.506023249999998,-0.049466487020254135,0.048288583755493164,0.010359615087509155,-0.08003904670476913,1.0006299018859863,-0.509711503982544,-0.9392860781739871,-0.404972021887993,0.4351624845950678
6.516078249999964,-0.021041451022028923,0.06962376832962036,-0.01338273286819458,0.06557168066501617,1.043925166130066,-0.5570958256721497,-0.9303166992872077,-0.40071296546659146,0.43153278630924535
6.526134250000041,-0.002431476954370737,0.07765281200408936,-0.026455402374267578,0.16418631374835968,1.039074182510376,-0.5944858193397522,-0.9208318122260835,-0.39539027062067045,0.4286460750577464
6.536190250000118,0.017291594296693802,0.05964261293411255,-0.0332740843296051,0.2559013366699219,0.9935077428817749,-0.6081917881965637,-0.9113990737335671,-0.3893254843263171,0.42636529131268147
6.546245250000084,0.02651965245604515,0.06432545185089111,-0.052658140659332275,0.2316008061170578,0.9389421343803406,-0.6247873306274414,-0.9023215808550135,-0.38282439237005506,0.4242913914487116
6.556301249999933,0.026594333350658417,0.06340134143829346,-0.003236234188079834,-0.0012739738449454308,0.8969582319259644,-0.6492394208908081,-0.8942136680903072,-0.3770464371863086,0.4209487993146573
6.56635725000001,0.012298112735152245,0.03052908182144165,0.06638485193252563,-0.23867756128311157,0.857250452041626,-0.6622815132141113,-0.8873483088843229,-0.37269749359612386,0.4152644461525521
6.576413250000087,0.002801483031362295,0.037406206130981445,0.07230514287948608,-0.28888747096061707,0.8554173707962036,-0.6555386185646057,-0.881189306966769,-0.3693269763513228,0.40838141602288724
6.586468250000053,-0.012310182675719261,0.03517979383468628,0.03936019539833069,-0.24183189868927002,0.8840323090553284,-0.656327486038208,-0.8748678169233586,-0.36598271573910995,0.40157163159312137
6.596524249999902,-0.04314040765166283,0.03455698490142822,0.0477527379989624,-0.1959264576435089,0.9309449791908264,-0.6595168709754944,-0.8679524141658789,-0.3623271044568749,0.39515664240436243
6.606580249999979,-0.061551209539175034,0.043969035148620605,0.07311001420021057,-0.20662038028240204,0.9907195568084717,-0.6782940030097961,-0.8604459778442541,-0.3584985827381971,0.3887840896350625
6.616635249999945,-0.04071757197380066,0.04911714792251587,0.08959844708442688,-0.20662836730480194,1.046877384185791,-0.6989446878433228,-0.8524421171936675,-0.3546719850779419,0.38214262344163485
6.626691250000022,-0.01709691807627678,0.05830395221710205,0.08214330673217773,-0.1700771450996399,1.1133534908294678,-0.7237792015075684,-0.8437756215553842,-0.3505303046681558,0.37548704521255755
6.636747250000099,0.00868439581245184,0.09314191341400146,0.09263718128204346,-0.11217763274908066,1.1616747379302979,-0.7630054354667664,-0.8344308763094105,-0.34591313592391326,0.36890599018954434
6.646802250000064,0.03146634250879288,0.06739795207977295,0.06243714690208435,0.038938868790864944,1.1583322286605835,-0.7839871048927307,-0.8246376628606985,-0.34044601685518916,0.36286171712747717
6.656858249999914,0.04056163132190704,0.0675727128982544,-0.0066668689250946045,0.17516914010047913,1.1405898332595825,-0.8002622127532959,-0.8145302905665872,-0.33379740473827085,0.3578731294608243
6.666914249999991,0.0418911948800087,0.06162416934967041,-0.02190256118774414,0.15958036482334137,1.1037700176239014,-0.8100436329841614,-0.8047077013006486,-0.3267464570813522,0.3532672051847305
6.6769692499999564,0.03517802059650421,0.03876549005508423,-0.0011773109436035156,0.03716258704662323,1.0883817672729492,-0.82368403673172,-0.795325947476493,-0.32011683400642366,0.34799209874300413
6.687025250000033,0.024740759283304214,0.036476075649261475,0.04249602556228638,-0.18305762112140656,1.1028319597244263,-0.8477576971054077,-0.7864402498301899,-0.3146567252316199,0.3411885944901024
6.69708125000011,0.02631349116563797,0.044347286224365234,0.09375882148742676,-0.2703792154788971,1.1382054090499878,-0.8612396717071533,-0.777628542412639,-0.3103201580390529,0.3328801150064607
6.70713724999996,0.039678893983364105,0.035498619079589844,0.06242567300796509,-0.10823934525251389,1.1680431365966797,-0.8663652539253235,-0.7686152950059154,-0.30575310683951884,0.32489819546177445
6.7171922499999255,0.05065130069851875,0.06078338623046875,0.0203171968460083,0.07564660161733627,1.2283042669296265,-0.8772032856941223,-0.7586579448884994,-0.29980230556679854,0.3182145735692396
6.727248250000002,0.04578493908047676,0.053263068199157715,0.034790873527526855,0.08846421539783478,1.2413357496261597,-0.8907315135002136,-0.7478544155046118,-0.2930203730421457,0.3119528530990908
6.737304250000079,0.06196959316730499,0.0022596120834350586,0.04721677303314209,0.12868300080299377,1.2196024656295776,-0.8872507810592651,-0.7370667292546871,-0.2861484094101462,0.3056957890652704
6.747359250000045,0.07779023051261902,0.02197718620300293,0.009598493576049805,0.1570904552936554,1.2197353839874268,-0.8755660653114319,-0.7261837010217675,-0.27903433560666485,0.29976242055869756
6.757415250000122,0.08484943211078644,0.01607966423034668,0.011834412813186646,0.05020741745829582,1.2298504114151,-0.8830689787864685,-0.7153959072712692,-0.2723209432653762,0.2934907479725126
6.767471249999971,0.08228091150522232,-0.0031110644340515137,0.044589847326278687,-0.03661398962140083,1.2271672487258911,-0.8926622867584229,-0.7047266564639889,-0.2664327338413331,0.28631916400816215
6.777526249999937,0.07165375351905823,-0.014250874519348145,0.02535879611968994,-0.04827836900949478,1.2233620882034302,-0.8824725151062012,-0.6941054048281972,-0.26095435488587465,0.2787910869538639
6.787582250000014,0.06461970508098602,0.007145226001739502,0.016645967960357666,-0.09365717321634293,1.252339243888855,-0.8884468078613281,-0.6834717049771902,-0.2558017740797802,0.2711774587894059
6.797638250000091,0.051360756158828735,0.008816421031951904,0.046141624450683594,-0.12490244209766388,1.2833153009414673,-0.893536388874054,-0.6726108462926575,-0.25105823060424676,0.263127141443786
6.80769424999994,0.04968823119997978,-0.002095162868499756,0.051934659481048584,-0.0937756821513176,1.313091516494751,-0.8988025784492493,-0.6613944453605276,-0.24634068071403495,0.2550096531316477
6.817749249999906,0.04996899142861366,0.048033058643341064,0.07077533006668091,-0.10349728167057037,1.3769056797027588,-0.9225126504898071,-0.6495944271425036,-0.24147693672891732,0.24678074359914368
6.827805249999983,0.06525378674268723,0.04572182893753052,0.08833301067352295,-0.05968029424548149,1.396467685699463,-0.9409668445587158,-0.6375029100092681,-0.23659636766716213,0.23838688163363528
6.83786125000006,0.08347540348768234,0.04245573282241821,0.0435488224029541,0.09633726626634598,1.4114534854888916,-0.9428027868270874,-0.6250396561123295,-0.23083206648919888,0.23054685975888298
6.847916250000026,0.0773792713880539,0.04418468475341797,0.0030249953269958496,0.13297611474990845,1.4160038232803345,-0.9518663287162781,-0.6123445917172549,-0.22427532061347122,0.22327408031657314
6.857972250000103,0.07856233417987823,0.025718867778778076,0.03567904233932495,0.08243224024772644,1.4152346849441528,-0.9603226780891418,-0.5997048772033845,-0.2178687246224515,0.21578022767658253
6.868028249999952,0.06529778987169266,0.014505863189697266,0.04311013221740723,0.008459525182843208,1.4209314584732056,-0.9750425219535828,-0.5871588426708096,-0.21208099588750218,0.20775739373204719
6.878083249999918,0.0688699260354042,0.020517945289611816,0.046009838581085205,-0.07296156138181686,1.4529650211334229,-0.991540789604187,-0.5745021355217999,-0.20695401368310798,0.1991064061933629
6.888139249999995,0.05884236842393875,0.033114612102508545,0.07520651817321777,-0.1100613996386528,1.5006508827209473,-1.011088490486145,-0.5614664830952794,-0.20236939421180447,0.18982780634539456
6.898195250000072,0.07596120983362198,0.0277097225189209,0.06506526470184326,-0.04393564164638519,1.5359779596328735,-1.02018404006958,-0.5479192658896642,-0.19769804407301966,0.18042615316134542
6.908250250000037,0.09661930054426193,0.055516958236694336,0.053431034088134766,0.06026706099510193,1.5810606479644775,-1.034474492073059,-0.5338092241182241,-0.19230521673438888,0.17129567992116643
6.918306250000114,0.10323485732078552,0.026272833347320557,0.028217077255249023,0.15781784057617188,1.5737589597702026,-1.0340619087219238,-0.5195493451490998,-0.18617279190033256,0.1626721170221393
6.928362249999964,0.11831672489643097,0.024467110633850098,-0.0075953006744384766,0.1872156411409378,1.5740153789520264,-1.0271286964416504,-0.5051229255946079,-0.1795013447699435,0.15427846506385398
6.938418250000041,0.0997944325208664,0.00017946958541870117,0.0009199678897857666,0.08273051679134369,1.5602492094039917,-1.032254695892334,-0.4908682036188353,-0.17331043181232805,0.14571504083819226
6.948473250000006,0.08882015943527222,-0.01576334238052368,0.048140376806259155,-0.08006270229816437,1.5681438446044922,-1.0444973707199097,-0.4767986792922955,-0.16848861731692197,0.136340624468308
6.958529250000083,0.08855313062667847,0.005707681179046631,0.08226943016052246,-0.21650764346122742,1.6342815160751343,-1.0582997798919678,-0.46242771643727937,-0.16507231412744294,0.1260579446275772
6.968585249999933,0.08425832539796829,0.015772461891174316,0.11859786510467529,-0.21968376636505127,1.7087063789367676,-1.071170449256897,-0.4473231672183501,-0.1625364904618286,0.11517608322528151
6.9786402499998985,0.11227478086948395,0.008228003978729248,0.061975061893463135,0.07818733900785446,1.7284982204437256,-1.0265334844589233,-0.43154551918272605,-0.15887376811224796,0.10499352454501999
6.988696249999975,0.1211741641163826,0.031737565994262695,-0.014222562313079834,0.33423253893852234,1.767727017402649,-1.0174449682235718,-0.41520424402015443,-0.15262408168797956,0.09639140974667074
6.998753291666617,0.10449125617742538,-0.0037058591842651367,-0.0036770105361938477,0.31521570682525635,1.729304552078247,-1.0008479356765747,-0.398745472936379,-0.14554446551061143,0.08823237230096798
7.008808291666583,0.10942039638757706,-0.04746079444885254,0.00888073444366455,0.22741499543190002,1.684243083000183,-0.977058470249176,-0.3825739145015666,-0.13922215922451936,0.07984998021348348
7.0188642916666595,0.08709516376256943,-0.050149738788604736,-0.0010683834552764893,0.05054541304707527,1.6412907838821411,-0.9582682251930237,-0.36687706708900686,-0.13433398496374233,0.07114182181821553
7.028920291666736,0.0818607285618782,-0.07585948705673218,0.007831275463104248,-0.13101878762245178,1.6042736768722534,-0.933282196521759,-0.3516425060324806,-0.13145394569103416,0.06184407101575345
7.038975291666702,0.07153578102588654,-0.03884708881378174,0.013377249240875244,-0.1983911693096161,1.6218326091766357,-0.9339874386787415,-0.33650149304301413,-0.1299707089069151,0.052212640829515114
7.049031291666779,0.05774853378534317,-0.05846381187438965,-0.008632957935333252,-0.09036297351121902,1.5996767282485962,-0.9140717387199402,-0.321248512139849,-0.12855114980254376,0.042570969439633684
7.0590872916666285,0.09172115474939346,-0.049238383769989014,-0.09561991691589355,0.1893661469221115,1.5803792476654053,-0.8598932027816772,-0.30607546108653055,-0.12540742326035464,0.03396489312045246
7.069143291666705,0.07774434238672256,-0.05544734001159668,-0.14594417810440063,0.25789642333984375,1.5211979150772095,-0.8284929394721985,-0.29119487885963863,-0.12063569593408596,0.02637995428931168
7.079198291666671,0.068763367831707,-0.10437184572219849,-0.10770082473754883,0.14041666686534882,1.4447484016418457,-0.7942579984664917,-0.2771731740342072,-0.11645636723696132,0.01905067359179939
7.089254291666748,0.048350706696510315,-0.08368939161300659,-0.08355474472045898,-0.044793445616960526,1.383528470993042,-0.7766345739364624,-0.26372586001513004,-0.11392115639952005,0.011423790082639513
7.0993102916665975,0.045201048254966736,-0.08598166704177856,-0.08211064338684082,-0.18881691992282867,1.3338518142700195,-0.7567519545555115,-0.25095131555406847,-0.11322012227520567,0.003577349591027503
7.109365291666791,0.03860805928707123,-0.06393849849700928,-0.07942414283752441,-0.2794400751590729,1.325273036956787,-0.7509698271751404,-0.23835236810925148,-0.11370980754957066,-0.004490028616808357
7.11942129166664,0.02293740212917328,-0.04625922441482544,-0.04617178440093994,-0.33061540126800537,1.320852518081665,-0.7552726864814758,-0.22588120606256482,-0.11501132892128922,-0.012703115627187697
7.129477291666717,0.027137838304042816,-0.0074079036712646484,-0.013714432716369629,-0.33338746428489685,1.3322715759277344,-0.7458624243736267,-0.21331521501763712,-0.11667194905433743,-0.020994559592087892
7.139532291666683,0.04192104935646057,0.011400878429412842,-0.0035420656204223633,-0.353020042181015,1.322368860244751,-0.7452549934387207,-0.20063919409164058,-0.1185228829208387,-0.029251602134111442
7.14958829166676,0.058359742164611816,0.02100229263305664,0.02534031867980957,-0.37038400769233704,1.324299931526184,-0.7507909536361694,-0.18815146398884464,-0.12068220930769537,-0.03749784517996804
7.159644291666609,0.06095503270626068,0.03797316551208496,0.033363163471221924,-0.406064510345459,1.326972246170044,-0.7617618441581726,-0.17561257149799922,-0.1231692356367242,-0.045866103096835587
7.169699291666575,0.0689563974738121,0.041784584522247314,0.04303473234176636,-0.43628770112991333,1.321280598640442,-0.7749834656715393,-0.16305632457532335,-0.12609564439112686,-0.054431730218866416
7.179755291666652,0.07871954143047333,0.04165834188461304,0.04660645127296448,-0.44375813007354736,1.3140469789505005,-0.7716049551963806,-0.15066852466072003,-0.1293105948387358,-0.06302255808148538
7.189811291666729,0.08343679457902908,0.04655301570892334,0.05421590805053711,-0.4843069911003113,1.3296823501586914,-0.789141833782196,-0.1384904463130735,-0.1327828634566025,-0.07152188303092785
7.199867291666578,0.08212146162986755,0.03462052345275879,0.06580382585525513,-0.5760834813117981,1.3511689901351929,-0.8023990392684937,-0.126216537605908,-0.13704883308554858,-0.08021216146864348
7.209922291666771,0.08474870026111603,0.03346890211105347,0.08156520128250122,-0.6528899669647217,1.3913546800613403,-0.8138271570205688,-0.1136325964082761,-0.1422847440996327,-0.08915144890707906
7.219978291666621,0.07504262775182724,0.02770000696182251,0.08027023077011108,-0.6714852452278137,1.43891179561615,-0.8182397484779358,-0.1006615624928266,-0.14810454220534292,-0.09811511614926272
7.230034291666698,0.08222880214452744,0.01659637689590454,0.044598788022994995,-0.5779535174369812,1.4604942798614502,-0.8077247738838196,-0.0872815469745783,-0.15371643952102143,-0.10701760578047088
7.2400892916666635,0.10231398791074753,0.00144195556640625,-0.02226075530052185,-0.3440081477165222,1.4418108463287354,-0.766215980052948,-0.07392975053902565,-0.1577952410371022,-0.1153912246324853
7.25014529166674,0.12026024609804153,-0.017176270484924316,-0.08996564149856567,-0.10589727759361267,1.4084831476211548,-0.7350612282752991,-0.06085394948787856,-0.15951110454267384,-0.12315479806528663
7.26020129166659,0.1175709143280983,-0.04072773456573486,-0.11343985795974731,0.020136553794145584,1.356468915939331,-0.7041914463043213,-0.048107724611850235,-0.15949770547864472,-0.13047166020743614
7.270256291666783,0.10959959030151367,-0.07080674171447754,-0.10598874092102051,0.014018608257174492,1.3116168975830078,-0.6850720047950745,-0.035722021124783045,-0.15901523754643918,-0.13754909430830367
7.2803122916666325,0.09754658490419388,-0.08055001497268677,-0.09663745760917664,-0.1222100779414177,1.2789593935012817,-0.6686919927597046,-0.02361601789878405,-0.15932935784648264,-0.1445393111237557
7.290368291666709,0.07494861632585526,-0.10209667682647705,-0.06586748361587524,-0.3535557985305786,1.2479702234268188,-0.6505452990531921,-0.011883661923033853,-0.16163768406770143,-0.15134248542052015
7.300423291666675,0.0561981201171875,-0.08904552459716797,-0.04010307788848877,-0.5652385354042053,1.2405625581741333,-0.6317495107650757,-0.0004599277944598331,-0.1662754424684738,-0.15786921151274327
7.310479291666752,0.03345245122909546,-0.08883786201477051,-0.0207177996635437,-0.7258529663085938,1.224394679069519,-0.6022942662239075,0.010922578331226932,-0.17290108130277484,-0.16413714608564417
7.3205352916666016,0.029487423598766327,-0.08200263977050781,-0.04176771640777588,-0.6836613416671753,1.188909888267517,-0.5636011958122253,0.022092249279080656,-0.1803022998985965,-0.17001643860818136
7.330591291666678,0.0558030903339386,-0.09180140495300293,-0.15218967199325562,-0.37808170914649963,1.0963376760482788,-0.478846937417984,0.03265554869837858,-0.18591246151724816,-0.17517457897802127
7.340646291666644,0.09214423596858978,-0.05469757318496704,-0.22857552766799927,-0.003892127424478531,1.019817590713501,-0.40847688913345337,0.04252734801830231,-0.1879399435257758,-0.1796355102046721
7.350702291666721,0.06467125564813614,-0.07484149932861328,-0.22376614809036255,0.14524266123771667,0.927185595035553,-0.35512229800224304,0.0516666255931161,-0.18724231259867244,-0.18357874696120122
7.360758291666571,0.06100199371576309,-0.09758859872817993,-0.17328685522079468,0.08373323827981949,0.8394448757171631,-0.33279725909233093,0.05998929419199541,-0.18621876056995734,-0.18722295377360318
7.370813291666764,0.04845345765352249,-0.07656651735305786,-0.12227886915206909,-0.06851159781217575,0.7705565690994263,-0.3020384907722473,0.06755875613050384,-0.18631312206294556,-0.19048008633572386
7.380869291666613,0.03216242045164108,-0.08362609148025513,-0.09807419776916504,-0.23153594136238098,0.7144874334335327,-0.2672370970249176,0.07439648566324034,-0.18799810681753226,-0.19322622700143813
7.39092529166669,0.02813064306974411,-0.0805390477180481,-0.09082537889480591,-0.3818960189819336,0.6682963967323303,-0.24625180661678314,0.08096093845938113,-0.19131310620831637,-0.19563849209603262
7.400980291666656,0.023570753633975983,-0.05900496244430542,-0.07618468999862671,-0.4671834707260132,0.6519728302955627,-0.24162961542606354,0.08716781111052259,-0.19580350345809605,-0.1977363228619899
7.411036291666733,0.018012933433055878,-0.03687572479248047,-0.06649711728096008,-0.46453920006752014,0.6429975628852844,-0.22885574400424957,0.09317789857113817,-0.20071457329444684,-0.19963349403734643
7.421092291666582,0.027925826609134674,-0.036467671394348145,-0.06865566968917847,-0.3678176999092102,0.6211982369422913,-0.20320391654968262,0.09904736112464957,-0.20511967284264757,-0.20134833663369708
7.431147291666775,0.046160392463207245,-0.02509206533432007,-0.09006351232528687,-0.17343769967556,0.6031914949417114,-0.17074406147003174,0.10484245509092707,-0.20804204838580503,-0.20293889162636325
7.441203291666625,0.06573557108640671,-0.004475533962249756,-0.11106312274932861,0.049387916922569275,0.5724636316299438,-0.1393326073884964,0.11030763876164608,-0.20877058350798028,-0.204372962913846
7.451259291666702,0.0741053968667984,-0.01995408535003662,-0.1221766471862793,0.2139970064163208,0.5255424380302429,-0.11011762171983719,0.11546076742047495,-0.20753299861017344,-0.20572578356608756
7.461315291666779,0.07600389420986176,-0.051227569580078125,-0.11144500970840454,0.31366288661956787,0.4719013273715973,-0.08151979744434357,0.12018752070966697,-0.20496996256099267,-0.20699881140081375
7.471370291666744,0.07886555790901184,-0.048669397830963135,-0.10531020164489746,0.34183305501937866,0.4144117832183838,-0.04162859916687012,0.12438683805854356,-0.20171100494825656,-0.20800670774030608
7.481426291666594,0.08168987184762955,-0.07362055778503418,-0.1069985032081604,0.2706259787082672,0.3379686772823334,-0.013388174585998058,0.1280050202469337,-0.1986222734868118,-0.20866129588552376
7.491482291666671,0.08504003286361694,-0.11246675252914429,-0.10383498668670654,0.16321612894535065,0.255916565656662,0.025045527145266533,0.13089140580209738,-0.1964241509046925,-0.20883510870814675
7.5015372916666365,0.09088119864463806,-0.10785460472106934,-0.11512112617492676,0.07746020704507828,0.18607622385025024,0.06948329508304596,0.13325900626593484,-0.19518793613672022,-0.20854292172973082
7.511593291666713,0.09902268648147583,-0.1025627851486206,-0.13793796300888062,0.037168268114328384,0.11249229311943054,0.1073932945728302,0.13493504872253162,-0.19449401936535934,-0.20772926359833124
7.52164929166679,0.10117544233798981,-0.11331403255462646,-0.14471310377120972,0.05520346015691757,0.04427994787693024,0.14821074903011322,0.13601568959250654,-0.1939177541530189,-0.20650627235168217
7.531704291666756,0.09966234862804413,-0.10077804327011108,-0.1663535237312317,0.16166238486766815,-0.026325911283493042,0.1875428557395935,0.13651471079154967,-0.1926413510289635,-0.20499278100905588
7.5417602916666056,0.10464465618133545,-0.09508240222930908,-0.19572573900222778,0.2813669443130493,-0.08795838057994843,0.23365256190299988,0.13635684566612255,-0.1900968809046076,-0.2031720390020408
7.5518162916666824,0.10448576509952545,-0.09309333562850952,-0.19228890538215637,0.3204837143421173,-0.15403980016708374,0.2693166136741638,0.13559669921626105,-0.18663977543499166,-0.2010618990980751
7.561871291666648,0.09554509818553925,-0.10055804252624512,-0.161516934633255,0.24539878964424133,-0.21970562636852264,0.29854080080986023,0.13421470411542927,-0.1833478661491216,-0.19858402761625826
7.571927291666725,0.09265303611755371,-0.09122312068939209,-0.1254187524318695,0.08472180366516113,-0.27738821506500244,0.3280080258846283,0.1323736030820421,-0.1812470578187059,-0.1957141833378893
7.581983291666575,0.08324471116065979,-0.08688110113143921,-0.09626263380050659,-0.11236570030450821,-0.3405565321445465,0.3493277132511139,0.12991203670877394,-0.18093564949037685,-0.19226670537971316
7.5920392916666515,0.05877711996436119,-0.06798088550567627,-0.05656075477600098,-0.24462346732616425,-0.383968323469162,0.3735298812389374,0.12685874949521797,-0.18228729565638332,-0.18829578087042434
7.602094291666617,0.03227252885699272,-0.05217772722244263,-0.04938161373138428,-0.295624315738678,-0.4224960207939148,0.38717326521873474,0.12358348292473871,-0.18453560676254752,-0.18407586435205567
7.612150291666694,0.027524754405021667,-0.022555887699127197,-0.03850874304771423,-0.2471323013305664,-0.4316299855709076,0.40645062923431396,0.11996847619932671,-0.1867819225210986,-0.17958282398500233
7.622206291666771,0.016393400728702545,0.013906240463256836,-0.03604930639266968,-0.15633022785186768,-0.43711450695991516,0.40764960646629333,0.11639202430294607,-0.18828941399379104,-0.17517006774875524
7.632261291666737,0.020947754383087158,0.017490923404693604,-0.028464704751968384,-0.06497008353471756,-0.44703811407089233,0.4020748734474182,0.11274722718144542,-0.18888646690295371,-0.1708923802358149
7.642317291666586,0.02720121294260025,0.047551751136779785,-0.031324923038482666,0.0098567521199584,-0.45514318346977234,0.384010910987854,0.10910288357028468,-0.18867134582797307,-0.1669087261035351
7.652373291666663,0.03249058872461319,0.06549066305160522,-0.015820175409317017,0.06650950759649277,-0.45838624238967896,0.3647410273551941,0.10524537158443528,-0.1878783807232296,-0.16310571139568922
7.662428291666629,0.05013195425271988,0.07141751050949097,-0.02787455916404724,0.1362220048904419,-0.46629956364631653,0.3467428386211395,0.10136669820307635,-0.1864886947810826,-0.1596195084322473
7.672484291666706,0.06343643367290497,0.06749856472015381,-0.04645225405693054,0.19983355700969696,-0.47455641627311707,0.32350435853004456,0.09738016601035471,-0.1843965236880405,-0.15642771347994816
7.682540291666783,0.06142645329236984,0.0497249960899353,-0.036451518535614014,0.1920454204082489,-0.49249839782714844,0.29980888962745667,0.09320880905010274,-0.18206599582643287,-0.15349523359508227
7.692596291666632,0.05063707008957863,0.035015225410461426,-0.02963799238204956,0.16686585545539856,-0.5107969641685486,0.29016757011413574,0.08876508372499534,-0.17995642815114082,-0.15068714281493367
7.702651291666598,0.050419777631759644,0.017053306102752686,-0.03841757774353027,0.1644357144832611,-0.5298415422439575,0.30098557472229004,0.08401288598614517,-0.17796026574994758,-0.14778612303676986
7.712707291666675,0.052493467926979065,-0.007692575454711914,-0.054498493671417236,0.178730770945549,-0.5591123700141907,0.3174300193786621,0.07900263431769826,-0.17591004012542755,-0.14468782240189948
7.722763291666752,0.04434323310852051,-0.04173928499221802,-0.0731077790260315,0.17658239603042603,-0.5987865328788757,0.33625590801239014,0.07371216362921484,-0.17378023908676887,-0.14143378273145293
7.732818291666717,0.04689854383468628,-0.051041603088378906,-0.08114278316497803,0.15056797862052917,-0.6378024816513062,0.3494130074977875,0.06817868426846603,-0.17184347896625488,-0.1380919843758621
7.742874291666567,0.05622130632400513,-0.044310152530670166,-0.09494015574455261,0.11155372858047485,-0.6685600876808167,0.38005080819129944,0.06229110063030432,-0.17023170291665324,-0.13443527649952347
7.752930291666644,0.06718490272760391,-0.07316988706588745,-0.09672993421554565,0.08166227489709854,-0.718104362487793,0.4073255658149719,0.05592667975112847,-0.16894954094930045,-0.13039775867121867
7.7629852916666096,0.06594143807888031,-0.08903831243515015,-0.0894041657447815,0.053752351552248,-0.7713963985443115,0.4262550473213196,0.04909809151691634,-0.1679510844976329,-0.1260811921068452
7.7730412916666864,0.07438589632511139,-0.0795556902885437,-0.10634702444076538,0.02175566740334034,-0.835527777671814,0.46855297684669495,0.0417685564003251,-0.16730870257859337,-0.1215031563063279
7.783097291666763,0.07552506029605865,-0.07435822486877441,-0.09853047132492065,0.010604478418827057,-0.8811455965042114,0.5181785821914673,0.03407468496391872,-0.16692160782012158,-0.11651245243161074
7.793152291666729,0.046842195093631744,-0.09381729364395142,-0.09396004676818848,-0.06741376221179962,-0.923659086227417,0.5698297023773193,0.02595288931795114,-0.16691938002772028,-0.11094747201957574
7.803208291666579,0.03435065597295761,-0.09670740365982056,-0.057361483573913574,-0.18721657991409302,-0.969231128692627,0.6017583608627319,0.01748840960304322,-0.16803313162325884,-0.1049604237712028
7.8132642916666555,0.02657722681760788,-0.059627532958984375,-0.045921146869659424,-0.27745798230171204,-0.9980078935623169,0.6351274251937866,0.008622120115295482,-0.17026643112522785,-0.09860904429225235
7.823320291666732,0.03473709523677826,-0.05422741174697876,-0.053138136863708496,-0.333909273147583,-1.027414321899414,0.6493644118309021,-0.00038715795574014014,-0.17330753954658068,-0.092038594718305
7.833375291666698,0.03575223684310913,-0.05029267072677612,-0.04388657212257385,-0.3722381591796875,-1.0623157024383545,0.6463873982429504,-0.009748950581562636,-0.17687907216461363,-0.0854302922147494
7.843431291666775,0.04278715327382088,0.0021499991416931152,-0.03738981485366821,-0.3260778486728668,-1.076629638671875,0.6462012529373169,-0.01938408937147171,-0.18048437632737985,-0.07883280657014002
7.8534872916666245,0.05899667739868164,0.01647043228149414,-0.04825633764266968,-0.23233364522457123,-1.104337215423584,0.6540998816490173,-0.029227483240468123,-0.18341856418611185,-0.07216207468953141
7.86354229166659,0.06381735950708389,0.0034297704696655273,-0.04414018988609314,-0.14013154804706573,-1.1312490701675415,0.6283641457557678,-0.03924314860098065,-0.18546115952188214,-0.06570029607349569
7.873598291666667,0.05865024775266647,0.03601408004760742,-0.03028261661529541,-0.0521441213786602,-1.1353321075439453,0.6179654598236084,-0.04948115335692711,-0.18665529111044,-0.05933050442727073
7.883654291666744,0.052189894020557404,0.04831063747406006,-0.018307983875274658,-0.03659232705831528,-1.1399785280227661,0.601403534412384,-0.05978302446257487,-0.18732321174701796,-0.053071234461525216
7.89370929166671,0.04061533883213997,-0.00018072128295898438,0.006124764680862427,-0.0783926323056221,-1.1825593709945679,0.5875131487846375,-0.07038048641905521,-0.18825683874798316,-0.046981810292764936
7.903765291666787,0.03998934105038643,0.019512832164764404,0.0029622316360473633,-0.03345365822315216,-1.205268144607544,0.6004265546798706,-0.08130358706697814,-0.18927147278110865,-0.04093558492533795
7.913821291666636,0.03935122489929199,0.022073864936828613,-0.020617425441741943,0.016964195296168327,-1.219328761100769,0.6022371649742126,-0.0923495409155875,-0.1897647774828772,-0.034747794792435546
7.923877291666713,0.04169483110308647,-0.012943089008331299,-0.023011505603790283,0.007988277822732925,-1.2620538473129272,0.6123547554016113,-0.10368233741577738,-0.19018058476256625,-0.028514981687256306
7.933932291666679,0.04798175394535065,-0.003679335117340088,-0.01742464303970337,0.017181644216179848,-1.2881516218185425,0.639146625995636,-0.11532870374545634,-0.1907154304193664,-0.022069500660113463
7.943988291666756,0.04267880320549011,-0.0055075883865356445,-0.013161897659301758,-0.02799275889992714,-1.302842378616333,0.645201563835144,-0.12713020623110244,-0.19143634391020078,-0.015491968924340918
7.954044291666605,0.039148733019828796,-0.03079432249069214,-0.0027948319911956787,-0.1426534652709961,-1.3333110809326172,0.6470785140991211,-0.1391416310811348,-0.19310512932489268,-0.009045668560088068
7.964099291666571,0.04537629336118698,-0.01070469617843628,0.016704171895980835,-0.18146930634975433,-1.3293355703353882,0.6593223810195923,-0.15128451406240342,-0.19566050366150406,-0.002632774441021198
7.974155291666648,0.02981596253812313,-0.016051828861236572,0.018399178981781006,-0.21382711827754974,-1.3374221324920654,0.6612881422042847,-0.16349269514510667,-0.19858888331472993,0.003816323003180632
7.984211291666725,0.0290396548807621,-0.031152307987213135,0.01497390866279602,-0.21421220898628235,-1.3392051458358765,0.673220694065094,-0.17575671566611267,-0.20185789359843315,0.01021586021785951
7.9942662916666904,0.03919154405593872,0.012944161891937256,0.0035654008388519287,-0.15791498124599457,-1.3208919763565063,0.7009474635124207,-0.18778958789650269,-0.20491482856398363,0.0168403721438685
8.00432187499996,0.03238086402416229,-0.017756998538970947,-0.00259515643119812,-0.16048148274421692,-1.324488639831543,0.703977644443512,-0.19977483380746328,-0.2077445009865484,0.023689863541843544
8.014377875000037,0.02254682406783104,-0.015408813953399658,0.031209826469421387,-0.17007489502429962,-1.310302495956421,0.7140088081359863,-0.21170763493621655,-0.21082481039183165,0.030550588406523138
8.024432875000002,0.004325682297348976,0.007778763771057129,0.04121583700180054,-0.17762069404125214,-1.2998453378677368,0.7376781702041626,-0.22334620881974096,-0.21407195442203095,0.03749181447347493
8.03448887500008,0.005878051742911339,-0.016007423400878906,0.041475504636764526,-0.19954632222652435,-1.2994686365127563,0.7393805980682373,-0.2350362585300245,-0.2175790518838341,0.04454888944623716
8.044544874999929,0.003796350210905075,-0.003314375877380371,0.045514047145843506,-0.17652834951877594,-1.2865110635757446,0.7459966540336609,-0.24660139431887582,-0.2212048747766146,0.05155937265912128
8.054600875000006,0.007908211089670658,0.024038076400756836,0.03757628798484802,-0.16132663190364838,-1.2515406608581543,0.7402580976486206,-0.2578324357140464,-0.22463345122151815,0.05860103487331081
8.064655874999971,0.0160374753177166,0.0023342370986938477,0.03748244047164917,-0.22133031487464905,-1.2437149286270142,0.711312472820282,-0.26897009844333597,-0.22837843519832235,0.065387711312875
8.074711875000048,0.032366178929805756,0.014409422874450684,0.04783976078033447,-0.2186061590909958,-1.2135804891586304,0.6901774406433105,-0.27996850480925195,-0.23245474890315476,0.07179392084150922
8.084767874999898,0.03502991050481796,0.028910577297210693,0.03792160749435425,-0.18296748399734497,-1.1805280447006226,0.6622496843338013,-0.29070433142171154,-0.23629098933965464,0.0780147697782864
8.09482287500009,0.04698781669139862,0.0114327073097229,0.03579646348953247,-0.12263147532939911,-1.166270136833191,0.6372255086898804,-0.3011245031986008,-0.23968894967010787,0.08396749560219278
8.10487887499994,0.05283159390091896,0.027465224266052246,0.032126396894454956,-0.010035152547061443,-1.129699945449829,0.6226388216018677,-0.31141978471181797,-0.24226290274101145,0.09010089194735114
8.114934875000017,0.04922523349523544,0.017936527729034424,0.029331594705581665,0.04509516805410385,-1.1058464050292969,0.5997495055198669,-0.3213887836991658,-0.24398265058444873,0.09630045179673176
8.124989874999983,0.05462070181965828,0.003091871738433838,0.03157678246498108,0.08220258355140686,-1.0857051610946655,0.5864163637161255,-0.3310265890171007,-0.24529688179506332,0.10238932023435343
8.13504587500006,0.06028260663151741,0.007280826568603516,0.030004501342773438,0.11445067077875137,-1.0613511800765991,0.5869271159172058,-0.340483490865557,-0.2462809596672548,0.10859104343391436
8.14510187499991,0.0683855265378952,-0.023992538452148438,0.02278319001197815,0.08819430321455002,-1.0653516054153442,0.5816788077354431,-0.34972969533180737,-0.24726740851581283,0.11468602891618902
8.155156875000102,0.06970929354429245,-0.011681675910949707,0.03193181753158569,0.05010785907506943,-1.0457452535629272,0.5895999670028687,-0.35892773145652185,-0.24863318452153757,0.12069042020739587
8.165212874999952,0.06491377204656601,-0.02716386318206787,0.03037160634994507,-0.02972519025206566,-1.0376625061035156,0.5957342982292175,-0.3680593411413745,-0.2506296416493956,0.12656796557055464
8.175268875000029,0.07169701159000397,-0.04128164052963257,0.016676396131515503,-0.09729819744825363,-1.0432642698287964,0.6079258322715759,-0.37727011934909993,-0.2534522025858128,0.1321871277654159
8.185324875000106,0.07101596146821976,-0.020200669765472412,0.0037039220333099365,-0.11087978631258011,-1.0362266302108765,0.6349433064460754,-0.38632586689866677,-0.25676382934131503,0.1378227795740009
8.195379875000071,0.05994299799203873,-0.04941391944885254,-0.0014545321464538574,-0.11277790367603302,-1.054573893547058,0.6448878049850464,-0.39540462516110064,-0.26025639607079154,0.1435864668292075
8.205435874999921,0.05402306839823723,-0.03482472896575928,-0.007424414157867432,-0.06845704466104507,-1.0602807998657227,0.6674895286560059,-0.40459806412979876,-0.26369606076240054,0.14954677214258608
8.215491874999998,0.051927968859672546,-0.011996090412139893,-0.026863455772399902,-0.02577461116015911,-1.0524871349334717,0.6921548843383789,-0.4135837954033101,-0.2667924430837014,0.15589301333131578
8.225546874999964,0.050057459622621536,-0.04159891605377197,-0.016139686107635498,-0.03701262176036835,-1.0774025917053223,0.7105187177658081,-0.4226731283348275,-0.269966643071778,0.16253821774280847
8.23560287500004,0.03876654803752899,-0.036819517612457275,0.003820657730102539,-0.04578276351094246,-1.0800098180770874,0.7294083833694458,-0.4318280718052555,-0.2733645033800003,0.16927544338887313
8.245658875000117,0.03994236886501312,-0.025453031063079834,-0.008301377296447754,-0.09003624320030212,-1.0995653867721558,0.7388508915901184,-0.44124724214997696,-0.27712345793393867,0.1760674944524168
8.255713875000083,0.04865296557545662,-0.044133782386779785,-0.01403886079788208,-0.12438476085662842,-1.121233582496643,0.7455308437347412,-0.4507595217624319,-0.2813643677219761,0.1826440245973334
8.265769874999933,0.04062401503324509,-0.011947214603424072,-0.014321446418762207,-0.098151296377182,-1.131252646446228,0.7536579966545105,-0.4603314310552957,-0.28570232649522637,0.18921687577312343
8.27582587500001,0.03610141575336456,-0.023013293743133545,-0.029983192682266235,-0.09858326613903046,-1.1582262516021729,0.7528435587882996,-0.4700038286006477,-0.2899803769208223,0.19586609165398744
8.285881875000086,0.025931546464562416,-0.025301098823547363,-0.026351451873779297,-0.09096156060695648,-1.1911436319351196,0.7582321763038635,-0.48014095869320006,-0.2943571926167435,0.20255880551627406
8.295936875000052,0.016611773520708084,-0.006006896495819092,-0.03966104984283447,-0.09755603969097137,-1.2177248001098633,0.7696788311004639,-0.49052541585567805,-0.2987946671140566,0.2093047995365345
8.305992874999902,0.011985456570982933,-0.034698486328125,-0.04925268888473511,-0.13679052889347076,-1.277421236038208,0.7798129320144653,-0.5012241206858861,-0.3035411973575373,0.21591066389682795
8.316048874999979,0.014076551422476768,-0.031516194343566895,-0.06471705436706543,-0.1466265469789505,-1.334963321685791,0.7975733876228333,-0.5125894200187753,-0.3086738072282226,0.22254194249761744
8.326103874999944,0.019436480477452278,-0.007735788822174072,-0.07022720575332642,-0.18399789929389954,-1.3696174621582031,0.8081743717193604,-0.5242727755329759,-0.314087500329881,0.2291564715440354
8.336159875000021,0.023562632501125336,-0.0255315899848938,-0.0483916699886322,-0.29395586252212524,-1.4180666208267212,0.8129079341888428,-0.5365131404551746,-0.32028772917209924,0.23534758613596493
8.346215875000098,0.04375120997428894,-0.012926697731018066,-0.02180957794189453,-0.37131428718566895,-1.4380227327346802,0.8156073093414307,-0.5492986998236967,-0.3274478954471039,0.24100305897578242
8.356270875000064,0.07277847081422806,0.016232967376708984,-0.011712491512298584,-0.46494054794311523,-1.4530102014541626,0.7930027842521667,-0.5624069193620604,-0.3353108444296491,0.24601843686337824
8.366326874999913,0.09111753106117249,0.00903099775314331,0.016474157571792603,-0.5056414008140564,-1.4512442350387573,0.7720277309417725,-0.5759012393875982,-0.34376918363845493,0.2503486071410913
8.37638287499999,0.09690448641777039,0.05987805128097534,0.030778110027313232,-0.5139692425727844,-1.4077825546264648,0.7425825595855713,-0.5891192852407389,-0.35225989024401916,0.25416306760529733
8.386438875000067,0.10149592906236649,0.05650961399078369,0.060224443674087524,-0.5175434947013855,-1.3646830320358276,0.6909643411636353,-0.602209001329282,-0.3606986883250027,0.2575360712713324
8.396493875000033,0.10474365204572678,0.07057034969329834,0.07582423090934753,-0.44242048263549805,-1.3256886005401611,0.6581863164901733,-0.6146613169092574,-0.3685667431526721,0.26051413188291156
8.40654987500011,0.10640266537666321,0.08375394344329834,0.06207713484764099,-0.2441268265247345,-1.270871639251709,0.6355670690536499,-0.6262748733832075,-0.37512994637488195,0.2640345280021798
8.41660587499996,0.09018390625715256,0.05358940362930298,0.05570897459983826,-0.04391380026936531,-1.219915747642517,0.6226092576980591,-0.6369789267262005,-0.3799533083288776,0.2686042415061297
8.426660874999925,0.08362047374248505,0.056233108043670654,0.06806918978691101,0.10661844909191132,-1.1572775840759277,0.6074055433273315,-0.6467654368101319,-0.38329209519145363,0.2741881808532912
8.436716875000002,0.05527733638882637,0.038735806941986084,0.10143473744392395,0.08526034653186798,-1.092385172843933,0.5967012047767639,-0.655818731260895,-0.38612139652460004,0.2800810265468845
8.446772875000079,0.03861182555556297,0.021725237369537354,0.15651100873947144,-0.008046170696616173,-1.0236859321594238,0.5892670154571533,-0.6643145050555707,-0.38937887260460724,0.2854074301663868
8.456827875000045,0.03213100880384445,0.02733612060546875,0.1798803210258484,-0.061455775052309036,-0.963128387928009,0.5974431037902832,-0.6723114061772831,-0.39334312569211216,0.2902110862135024
8.466883875000121,0.026792503893375397,0.028452038764953613,0.16682159900665283,-0.0725283995270729,-0.9176200032234192,0.6022764444351196,-0.6798715927698096,-0.3976039342226134,0.29482805320289324
8.476939874999971,0.007922414690256119,0.031947970390319824,0.15550827980041504,-0.027228565886616707,-0.8812287449836731,0.6038990020751953,-0.686945047104347,-0.40180668400943786,0.29951472780778315
8.486994874999937,-0.02437933161854744,0.06609559059143066,0.14381766319274902,0.009416531771421432,-0.8453047871589661,0.5972051024436951,-0.693487688029433,-0.4056386318989014,0.3045346234547111
8.497050875000014,-0.05715784803032875,0.036861419677734375,0.13076859712600708,-0.019557682797312737,-0.8499197959899902,0.585725724697113,-0.6998527912314556,-0.40942540050277026,0.30942285649831835
8.50710687500009,-0.07459238171577454,0.04367327690124512,0.09881836175918579,-0.004299901891499758,-0.8618624806404114,0.5893305540084839,-0.7064734890411333,-0.413368743531762,0.3142116325699169
8.51716287499994,-0.09490618854761124,0.04775238037109375,0.06360849738121033,-0.025379665195941925,-0.8687748312950134,0.5737825632095337,-0.7131901806447034,-0.41722717549552296,0.3190474396171684
8.527217874999906,-0.08491308242082596,0.05046933889389038,0.06524121761322021,-0.17991891503334045,-0.882026195526123,0.5281602740287781,-0.7203331241410009,-0.42158281991325014,0.3228845848187159
8.537273874999983,-0.06444927304983139,0.059923410415649414,0.06217539310455322,-0.2823355793952942,-0.8962958455085754,0.48871639370918274,-0.7281449132889773,-0.4267192690049704,0.3252966614614712
8.54732987500006,-0.04305936396121979,0.08436501026153564,0.012638390064239502,-0.2748483717441559,-0.9125189781188965,0.45456376671791077,-0.7364207360597268,-0.43198649570177466,0.32707446218142155
8.557384875000025,-0.020197324454784393,0.08198177814483643,-0.03416043519973755,-0.21660657227039337,-0.9386656284332275,0.42492783069610596,-0.744993270419088,-0.4368304894754755,0.32884429295061224
8.567440875000102,0.006211869418621063,0.08427709341049194,-0.048766255378723145,-0.16669920086860657,-0.9639185070991516,0.4033551812171936,-0.7537224691207498,-0.44106439390369934,0.3308362698411278
8.577496874999952,0.01987672597169876,0.044274091720581055,-0.05042952299118042,-0.13030439615249634,-1.002018928527832,0.3850071430206299,-0.7626654323796075,-0.44484294558430915,0.33283135843300804
8.587551874999917,0.02378707379102707,0.03610891103744507,-0.061873406171798706,-0.0889580175280571,-1.0204397439956665,0.3773449659347534,-0.7717958050686783,-0.44824997775204667,0.33505512110147734
8.597607874999994,0.03800252825021744,0.013683557510375977,-0.07137560844421387,-0.07538850605487823,-1.0342285633087158,0.37927165627479553,-0.7809753402223089,-0.4514275282583295,0.3374621016869838
8.607663875000071,0.04331955313682556,-0.03339803218841553,-0.06682562828063965,-0.08032813668251038,-1.0524342060089111,0.39562851190567017,-0.7903260968101256,-0.45471578520043926,0.33992286655328735
8.61771987499992,0.05001550167798996,-0.04376000165939331,-0.06726989150047302,-0.09426116943359375,-1.0595797300338745,0.4093540906906128,-0.7998265219388291,-0.4581770973425287,0.34244530704621007
8.627774875000114,0.05181019753217697,-0.0643836259841919,-0.05521714687347412,-0.17068511247634888,-1.0717830657958984,0.420733243227005,-0.8094617873152155,-0.46203981125392013,0.3446564982990519
8.637830874999963,0.05633839964866638,-0.0783313512802124,-0.024349123239517212,-0.2738586366176605,-1.0768781900405884,0.4332091510295868,-0.8195639247741858,-0.466671583448553,0.34611501987885507
8.64788687500004,0.05833221971988678,-0.07360941171646118,-0.01846545934677124,-0.31587958335876465,-1.0676252841949463,0.4582609534263611,-0.8298706111291422,-0.47197838213358967,0.34704845376122684
8.657941875000006,0.06373529881238937,-0.08089888095855713,-0.02280104160308838,-0.3089315891265869,-1.061381459236145,0.4802328944206238,-0.8401505665663008,-0.477614910367872,0.3480074901743877
8.667997875000083,0.06509661674499512,-0.07713985443115234,-0.025963157415390015,-0.2654038369655609,-1.0523487329483032,0.5166974663734436,-0.8502009745138761,-0.48329304140206286,0.3493317702415473
8.678053874999932,0.07191488146781921,-0.05136382579803467,-0.010974645614624023,-0.24873365461826324,-1.0284004211425781,0.5307655334472656,-0.8596682689805342,-0.48887450702028334,0.3510258600677601
8.688108874999898,0.06256947666406631,-0.07627654075622559,0.007272481918334961,-0.21353572607040405,-1.0045819282531738,0.5550274848937988,-0.8690868522251479,-0.49459247574583914,0.3530379333597022
8.698164874999975,0.06294937431812286,-0.044204533100128174,0.01795893907546997,-0.14492039382457733,-0.9522829055786133,0.5834267735481262,-0.8776681852540528,-0.5001105383704718,0.35571236755094465
8.708220875000052,0.054903678596019745,-0.06216317415237427,0.036034464836120605,-0.14829009771347046,-0.910460352897644,0.6096926927566528,-0.8855768840364325,-0.5056854307041131,0.35881630041985757
8.718276874999901,0.046964533627033234,-0.0521240234375,0.08435103297233582,-0.18179598450660706,-0.8489947319030762,0.634800136089325,-0.8930579333504982,-0.5116277434824716,0.36192063256835877
8.728331875000094,0.037834130227565765,-0.03292810916900635,0.1181955337524414,-0.28322887420654297,-0.812248706817627,0.6524776220321655,-0.9002628089763853,-0.5181575481396132,0.36450408204113083
8.738387874999944,0.05343198776245117,-0.02645355463027954,0.15488556027412415,-0.380426824092865,-0.7724921107292175,0.6571621894836426,-0.9075935138815836,-0.5255103128493263,0.3661952594178819
8.74844387500002,0.045629002153873444,0.02237677574157715,0.1569451093673706,-0.4022567570209503,-0.7353636622428894,0.6511767506599426,-0.9147183051460374,-0.5331811070417793,0.3672347089610277
8.758498874999987,0.05057357996702194,0.04305827617645264,0.14547476172447205,-0.34534260630607605,-0.6952359676361084,0.6284245252609253,-0.9214641656956281,-0.5406744631550114,0.368333313681165
8.768554875000063,0.03314845263957977,0.06404602527618408,0.14644432067871094,-0.2568944990634918,-0.658596396446228,0.5924789905548096,-0.9276076260788599,-0.5474638272313658,0.36983261338596324
8.778610874999913,0.03335648775100708,0.10588890314102173,0.147761732339859,-0.1076548770070076,-0.6065587997436523,0.5458898544311523,-0.9327810249251406,-0.5531626329234967,0.37211940286763984
8.788665875000106,0.02566426247358322,0.12757664918899536,0.134478360414505,-0.0018149951938539743,-0.5472427606582642,0.4984182119369507,-0.9368675442504175,-0.557704854234768,0.37534230230058196
8.798721874999956,-0.00667717307806015,0.1278558373451233,0.16734522581100464,0.033745262771844864,-0.4987075626850128,0.4613722264766693,-0.9402992696545421,-0.5614936292330602,0.37890754582155756
8.808777875000033,-0.04543301463127136,0.13172060251235962,0.1763189435005188,0.016352422535419464,-0.44436123967170715,0.41473281383514404,-0.9432787856321762,-0.5649156685722598,0.38225909230776123
8.818832874999998,-0.06525423377752304,0.13003194332122803,0.16523438692092896,-0.023238439112901688,-0.3914952278137207,0.36877191066741943,-0.9459283838507796,-0.5680840452449306,0.3849339855127944
8.828888875000075,-0.06865575164556503,0.14554095268249512,0.15652242302894592,-0.033321697264909744,-0.3419351279735565,0.32621219754219055,-0.9484054970380328,-0.5711000687045742,0.3870412676719506
8.838944874999925,-0.07088706642389297,0.15755820274353027,0.13726815581321716,-0.03781236708164215,-0.30166080594062805,0.2771490514278412,-0.950692910764369,-0.5737861984266418,0.3888381084320204
8.849000875000002,-0.07414378225803375,0.1674848198890686,0.10987275838851929,-0.01957157626748085,-0.2837614417076111,0.22952374815940857,-0.9528660888439249,-0.5760805356464299,0.39029976738806155
8.859055874999967,-0.0877687856554985,0.17792081832885742,0.06811785697937012,0.043079376220703125,-0.2626045048236847,0.17832538485527039,-0.9548597683280043,-0.5777378958853425,0.3918325701794354
8.869111875000044,-0.11472906917333603,0.168243408203125,0.03962388634681702,0.04857161268591881,-0.2352767288684845,0.11470086872577667,-0.9566841391967615,-0.5787434302886326,0.39340961195092283
8.879167875000121,-0.11707084625959396,0.16060733795166016,0.048659563064575195,-0.015742039307951927,-0.22299955785274506,0.04817212373018265,-0.9586377177153468,-0.5793478793823872,0.39413994108672623
8.889222875000087,-0.09478063136339188,0.14817434549331665,0.04983121156692505,-0.05596749112010002,-0.2169930636882782,-0.004214383661746979,-0.9610010366087305,-0.5798001305307519,0.3939577398372484
8.899278874999936,-0.07969029992818832,0.1157122254371643,0.03325927257537842,-0.04229295626282692,-0.19247281551361084,-0.04277797043323517,-0.9635820891457366,-0.5800279871227522,0.393291508626667
8.909334875000013,-0.06954455375671387,0.11134839057922363,0.03219696879386902,-0.0059685055166482925,-0.17516440153121948,-0.07890454679727554,-0.9659706597388674,-0.5797717168146238,0.392672369100943
8.919389874999979,-0.03473079204559326,0.08691537380218506,0.02136281132698059,0.06990823894739151,-0.16480204463005066,-0.09825502336025238,-0.9680664929641486,-0.5789540722735093,0.3923467259571187
8.929445875000056,-0.0359763577580452,0.061239421367645264,0.018648982048034668,0.10422520339488983,-0.1446552276611328,-0.10613957792520523,-0.9698070082819941,-0.5777080134714944,0.39261297690119495
8.939501874999905,-0.032929226756095886,0.052550554275512695,0.06483852863311768,0.05066947266459465,-0.1167956218123436,-0.12120784819126129,-0.9713398379547546,-0.5764145252234931,0.39266051977843985
8.949557874999982,-0.021259590983390808,0.01271754503250122,0.08263367414474487,0.06575574725866318,-0.10730438679456711,-0.11805759370326996,-0.9729627666534905,-0.575247828682265,0.39238441107929845
8.959612874999948,-0.010595574975013733,0.012941956520080566,0.05198052525520325,0.1057063564658165,-0.06972584873437881,-0.11455932259559631,-0.9740509591172479,-0.5739039025516128,0.3925132117716032
8.969668875000025,-0.005881227552890778,0.024875998497009277,0.0757594108581543,0.01920129545032978,-0.01728181727230549,-0.12631824612617493,-0.974636466893738,-0.5725648629251706,0.39239882824570943
8.979724875000102,0.0034701600670814514,-0.0028613805770874023,0.13257557153701782,-0.0717737078666687,0.023486385121941566,-0.14058032631874084,-0.9752468547773478,-0.57162534739301,0.39114457004022396
8.989779875000067,0.023915864527225494,0.023820579051971436,0.13315337896347046,-0.03125903755426407,0.09277171641588211,-0.14942574501037598,-0.9756025822943494,-0.5707630641643343,0.3894690139311116
8.999834624999949,0.03604038804769516,0.02405381202697754,0.115531325340271,0.044285789132118225,0.15663352608680725,-0.156978577375412,-0.9750131490451744,-0.5695333205372466,0.3883514297367049
9.009890625000025,0.02394133061170578,0.016228795051574707,0.14201223850250244,0.09349115192890167,0.24301475286483765,-0.17516078054904938,-0.9733371848902781,-0.5677767414429561,0.38784145936974906
9.019945624999991,0.02122269570827484,0.030169308185577393,0.17289108037948608,0.07461670786142349,0.32908064126968384,-0.18664346635341644,-0.9709671102879018,-0.5659947870525969,0.3872292490223555
9.030001625000068,0.022763878107070923,0.03257489204406738,0.2148503065109253,0.028182096779346466,0.4297305643558502,-0.2038339078426361,-0.9679069589070483,-0.5643278763941751,0.38613513448979736
9.040057624999918,0.013846784830093384,0.03880959749221802,0.24693801999092102,0.026946300640702248,0.5303344130516052,-0.22380846738815308,-0.9639550643726921,-0.5625839725091539,0.3847854739144688
9.05011262500011,0.015640638768672943,0.04596787691116333,0.24095496535301208,0.10972613096237183,0.6230337023735046,-0.23725317418575287,-0.9588275047269257,-0.5604651660551245,0.38370909234862827
9.06016862499996,0.02026161551475525,0.06960946321487427,0.22037190198898315,0.1904476135969162,0.7103260159492493,-0.26772990822792053,-0.952285418851432,-0.5575731103329222,0.38344214820957645
9.070224625000037,0.003813520073890686,0.0690651535987854,0.20904597640037537,0.22887489199638367,0.775580644607544,-0.28697097301483154,-0.944760629566123,-0.5541101999157605,0.3835145665747892
9.080280625000114,-0.014496251940727234,0.0635111927986145,0.19524067640304565,0.2305845022201538,0.8213088512420654,-0.3036811053752899,-0.9367534636057316,-0.5504256491942042,0.3836373664272388
9.09033562500008,-0.038580767810344696,0.058260977268218994,0.18970420956611633,0.18425163626670837,0.8740463256835938,-0.3204912543296814,-0.9283567795158952,-0.546727578637462,0.3833915716725561
9.10039162499993,-0.055105239152908325,0.07521790266036987,0.20720168948173523,0.08028271794319153,0.9503099918365479,-0.3461945056915283,-0.9198663414383593,-0.5433452649761168,0.3822353651682163
9.110447625000006,-0.05537915229797363,0.07989120483398438,0.22122696042060852,0.05606286600232124,1.0218394994735718,-0.3750370740890503,-0.9110567771080341,-0.5401911706540643,0.3801647724646551
9.120502624999972,-0.05579906702041626,0.09324508905410767,0.18888342380523682,0.16175755858421326,1.0969957113265991,-0.41445767879486084,-0.9014364312680757,-0.5364870381289616,0.37824610479179255
9.130558625000049,-0.04687529802322388,0.13054072856903076,0.1537584662437439,0.24585431814193726,1.180256724357605,-0.4702354669570923,-0.89066715089454,-0.5317906979686026,0.3768679513209498
9.140614624999898,-0.038285866379737854,0.1214340329170227,0.14161944389343262,0.36140894889831543,1.1978731155395508,-0.5126714706420898,-0.8791640483499515,-0.5261022531608868,0.37582730457547053
9.150669625000091,-0.0461275652050972,0.09452950954437256,0.07492345571517944,0.5332525968551636,1.1975897550582886,-0.5429377555847168,-0.8673178759003992,-0.5192635510741612,0.3758499283966474
9.160725624999941,-0.055614620447158813,0.10680490732192993,0.02646610140800476,0.5710630416870117,1.1869597434997559,-0.5730441808700562,-0.8550186658166605,-0.5113641986326685,0.3765953316119291
9.170781625000018,-0.06295698881149292,0.07179296016693115,0.05093267560005188,0.3875235617160797,1.1825695037841797,-0.615582287311554,-0.8434388871951235,-0.5037429590048662,0.37632467618206844
9.180837625000095,-0.0741475373506546,0.06012701988220215,0.10791563987731934,0.12534640729427338,1.1973965167999268,-0.6488431692123413,-0.8329208178127071,-0.4973789792019244,0.3736694496835342
9.19089262500006,-0.056051500141620636,0.07261788845062256,0.13111582398414612,-0.06648027151823044,1.237009882926941,-0.6731162667274475,-0.8232281389440471,-0.49243422101916917,0.3687428274757819
9.20094862499991,-0.029620476067066193,0.07920944690704346,0.12212014198303223,-0.07515090703964233,1.2684967517852783,-0.6884422898292542,-0.8134856427554218,-0.48804280389321597,0.3626748071130843
9.211004624999987,-0.005807749927043915,0.06399732828140259,0.042571961879730225,0.1346406787633896,1.2643948793411255,-0.6928237080574036,-0.8032094642365618,-0.4828879208251264,0.35735988028939636
9.221059624999953,0.015534661710262299,0.09728020429611206,-0.02272936701774597,0.2819051742553711,1.271551489830017,-0.7163701057434082,-0.7921639005614695,-0.47625889973189856,0.35357731538675596
9.23111562500003,0.01939021795988083,0.09285175800323486,0.008326619863510132,0.21368111670017242,1.267983078956604,-0.7598230242729187,-0.7812083679165919,-0.46918700175525024,0.3497814381553356
9.241171625000106,0.028706543147563934,0.08656293153762817,0.0649772584438324,0.07405363023281097,1.2607862949371338,-0.7942172884941101,-0.7708109079598744,-0.4627137358575194,0.344646697053602
9.251226625000072,0.04147544503211975,0.07038897275924683,0.07714557647705078,0.025662124156951904,1.2676769495010376,-0.8154469132423401,-0.7608293201746955,-0.45678499168954156,0.33840751578317174
9.261282624999922,0.05856775492429733,0.06896346807479858,0.05556812882423401,0.08168380707502365,1.3097312450408936,-0.83099764585495,-0.7505761916356704,-0.45069328511630724,0.33205879487517515
9.271338624999999,0.06033279001712799,0.08005845546722412,0.07810249924659729,0.10234460979700089,1.3684601783752441,-0.8548584580421448,-0.7397687120441531,-0.44425297376396367,0.32588118839028807
9.281394625000075,0.06201393902301788,0.055146872997283936,0.11801972985267639,0.07402348518371582,1.4157395362854004,-0.8838040828704834,-0.728552767815506,-0.43773648542466,0.31933881335340697
9.291449625000041,0.06747888028621674,0.06771093606948853,0.14478299021720886,0.0696689561009407,1.5048410892486572,-0.9183958768844604,-0.7170262702812167,-0.4312924978760099,0.31241332345264927
9.301505625000118,0.0673329085111618,0.08467155694961548,0.15932005643844604,0.02279105968773365,1.5900170803070068,-0.9503081440925598,-0.7044428714700275,-0.4247838074621818,0.30491073280277403
9.311561624999968,0.0790969580411911,0.062391459941864014,0.20184990763664246,0.003244522726163268,1.6893908977508545,-0.9897769689559937,-0.6912471337234953,-0.41843962155351017,0.2967289644429709
9.321616624999933,0.08147012442350388,0.07239198684692383,0.21528670191764832,0.08759526163339615,1.7858023643493652,-1.0267257690429688,-0.6770552779251368,-0.41171887575887867,0.28834256336598324
9.33167262500001,0.10310710966587067,0.07484525442123413,0.17667821049690247,0.33832550048828125,1.850620985031128,-1.0403683185577393,-0.661694265947514,-0.403659220707528,0.28080229186884015
9.341728625000087,0.10862806439399719,0.04385578632354736,0.07840877771377563,0.5892821550369263,1.867217779159546,-1.0384238958358765,-0.6451094892770929,-0.39346623985111207,0.27485850471712264
9.351783625000053,0.09208698570728302,0.02473849058151245,0.05413317680358887,0.6325100660324097,1.8661749362945557,-1.0567145347595215,-0.6281885341556919,-0.3821281130482626,0.2696225010072302
9.361839624999902,0.0612543486058712,0.03007608652114868,0.10643881559371948,0.3833286166191101,1.8766860961914062,-1.0795130729675293,-0.611568318458725,-0.3715926375201377,0.2635169470449373
9.37189562499998,0.05920342728495598,-0.0026207566261291504,0.15816426277160645,0.01547815278172493,1.8932543992996216,-1.1039412021636963,-0.5955362544837752,-0.3637263605262949,0.25493386825813125
9.381950624999945,0.07260186225175858,0.04517102241516113,0.19157469272613525,-0.2268621325492859,1.9880634546279907,-1.1350336074829102,-0.5797093044754612,-0.3584121412144871,0.24421322108255888
9.392006625000022,0.07813185453414917,0.08649700880050659,0.21320092678070068,-0.38107937574386597,2.116431474685669,-1.192419409751892,-0.5632741347086417,-0.3546967423173494,0.2318216614450857
9.402062625000099,0.11290960758924484,0.12147766351699829,0.23991811275482178,-0.32117214798927307,2.2443387508392334,-1.258500337600708,-0.5458868441767849,-0.35137629771582374,0.21849993246875976
9.412118624999948,0.14538349211215973,0.17864662408828735,0.21653234958648682,0.029295075684785843,2.3819024562835693,-1.3174198865890503,-0.5269803655597721,-0.34616011008816144,0.20576758100132453
9.422173624999914,0.16950131952762604,0.17183977365493774,0.15097448229789734,0.5683661103248596,2.4391427040100098,-1.3478004932403564,-0.5064047991792483,-0.3370116969405075,0.19490502547381672
9.43222962499999,0.19163188338279724,0.10568571090698242,0.012059807777404785,1.0645290613174438,2.3834259510040283,-1.3724579811096191,-0.4850043826914125,-0.3232836590824448,0.18633648428021757
9.442285625000068,0.16830337047576904,0.07426196336746216,-0.07352298498153687,1.3658982515335083,2.302624464035034,-1.3741414546966553,-0.46379560286514143,-0.30596784103693947,0.1794793484595016
9.452340625000033,0.10196731239557266,0.009363293647766113,-0.08213093876838684,1.2268987894058228,2.1860461235046387,-1.374014973640442,-0.44348280601126006,-0.2880654418901665,0.17270685932575364
9.46239662500011,0.07923870533704758,-0.09451836347579956,-0.05230230093002319,0.7985988259315491,2.0745859146118164,-1.3603585958480835,-0.42466209282982065,-0.2730367998792849,0.16430664922614469
9.47245262499996,0.06706512719392776,-0.09619802236557007,-0.03203696012496948,0.25319087505340576,2.015159845352173,-1.341966986656189,-0.40702647916447215,-0.26268794296605924,0.1536703841619407
9.482507624999926,0.0770980641245842,-0.1140068769454956,-0.014733970165252686,-0.2303270399570465,1.9428766965866089,-1.3114417791366577,-0.3905057030500903,-0.25755316517325627,0.14093304549055571
9.492563625000003,0.11111384630203247,-0.08704322576522827,-0.009809911251068115,-0.5188462138175964,1.928834080696106,-1.2877888679504395,-0.37462647032375024,-0.2563202322794758,0.1268975104586362
9.50261962500008,0.12004745751619339,-0.059593796730041504,-0.02086395025253296,-0.5964810252189636,1.9147053956985474,-1.266343355178833,-0.35904248377610415,-0.2571390498796745,0.11236787232815862
9.512674625000045,0.1600746363401413,-0.019285619258880615,-0.05539435148239136,-0.3728034794330597,1.9023122787475586,-1.2269469499588013,-0.34362821422545686,-0.25763706352889476,0.09847220526670881
9.522730625000122,0.17982037365436554,-0.01051640510559082,-0.14046332240104675,0.08529256284236908,1.8414266109466553,-1.1774365901947021,-0.3280730928339048,-0.2551299279612336,0.0862100317802526
9.532786624999972,0.1949005424976349,-0.03591281175613403,-0.20866817235946655,0.42903822660446167,1.7964370250701904,-1.1504569053649902,-0.3125021497513192,-0.24884387020692494,0.07571695853623205
9.542842625000048,0.17000657320022583,-0.040669798851013184,-0.15745270252227783,0.4069923162460327,1.7561450004577637,-1.1489092111587524,-0.2971605291427686,-0.24114748857186957,0.06575353510149193
9.552897625000014,0.14921259880065918,-0.08805590867996216,-0.04759696125984192,0.13720610737800598,1.6931942701339722,-1.1388347148895264,-0.28231081611041703,-0.23522410699191124,0.055229227353543735
9.562953625000091,0.13703785836696625,-0.10708868503570557,0.002760767936706543,-0.10221869498491287,1.6649764776229858,-1.106662392616272,-0.2680843872126236,-0.23208786365815195,0.044092407360956695
9.57300962499994,0.1282581090927124,-0.1036805510520935,0.0038740336894989014,-0.3066655695438385,1.6807971000671387,-1.078944206237793,-0.2539795074434556,-0.2312753067483828,0.03268149332943935
9.583064624999906,0.12238211929798126,-0.10553622245788574,0.025631070137023926,-0.40192046761512756,1.6843470335006714,-1.039649486541748,-0.2398318288941241,-0.23228452834208663,0.0212019011276926
9.593120624999983,0.12621627748012543,-0.07609087228775024,0.012920141220092773,-0.2572476863861084,1.6799349784851074,-0.9694517254829407,-0.22542790851262218,-0.23334024294189454,0.01022900392264516
9.60317662500006,0.1525658518075943,-0.0799296498298645,-0.06009036302566528,0.046999551355838776,1.6318100690841675,-0.8954222798347473,-0.2110353034797391,-0.23240823882825648,0.0005857282127248604
9.613231625000026,0.1749630570411682,-0.06933587789535522,-0.0997435450553894,0.25225603580474854,1.6068553924560547,-0.846142590045929,-0.19682086644584387,-0.22907293097537512,-0.007813309323188054
9.623287625000103,0.15949180722236633,-0.0800713300704956,-0.07004046440124512,0.23284584283828735,1.5651847124099731,-0.8217240571975708,-0.18258613644575414,-0.2250282010829251,-0.015807916108949407
9.633343624999952,0.15298417210578918,-0.07960385084152222,-0.02802908420562744,0.1158694252371788,1.5261344909667969,-0.8023117780685425,-0.16889873873422326,-0.2219144233248891,-0.023700711909527876
9.64339962500003,0.13168129324913025,-0.08279013633728027,-0.023785293102264404,0.01539981085807085,1.4926525354385376,-0.7674153447151184,-0.15546659137907456,-0.2200591963411975,-0.03156221236648398
9.653454624999995,0.12028650939464569,-0.09064477682113647,-0.03984421491622925,-0.028936762362718582,1.4674651622772217,-0.7395866513252258,-0.14218497137722344,-0.21913701448648878,-0.03931907266680924
9.663510625000072,0.11326746642589569,-0.07638174295425415,-0.0649372935295105,0.029204705730080605,1.4524325132369995,-0.7154847979545593,-0.12916318637608432,-0.2183181919404289,-0.046780952232102865
9.673566624999921,0.09107296168804169,-0.07088989019393921,-0.10564839839935303,0.17649242281913757,1.419058084487915,-0.6758135557174683,-0.11631871042147716,-0.21654327484173946,-0.0537289403244201
9.683621625000114,0.08892890810966492,-0.08903688192367554,-0.15096858143806458,0.32760006189346313,1.3601975440979004,-0.6362747550010681,-0.1037718546306274,-0.21334471234770502,-0.06012162820157331
9.693677624999964,0.09188474714756012,-0.09420526027679443,-0.18906456232070923,0.4098464548587799,1.2719491720199585,-0.5899197459220886,-0.09162876245290301,-0.2090656495560246,-0.06608270069070814
9.70373362500004,0.1002534031867981,-0.09846657514572144,-0.20560815930366516,0.42371031641960144,1.16690993309021,-0.5330862402915955,-0.08044447436680076,-0.20439887970946402,-0.07144944622565319
9.713788625000007,0.08368537575006485,-0.11947876214981079,-0.2021554708480835,0.3368995189666748,1.054436445236206,-0.48620283603668213,-0.07025994951606117,-0.20016060883994938,-0.07634414339348528
9.723844625000083,0.07268553972244263,-0.12248384952545166,-0.19583049416542053,0.1645592898130417,0.9383243322372437,-0.44143539667129517,-0.061005085221023644,-0.19732050128478426,-0.08096206911380845
9.733900624999933,0.05013641342520714,-0.12296175956726074,-0.18095910549163818,-0.007888112217187881,0.8418193459510803,-0.3975856602191925,-0.05277589327723141,-0.19635015893705357,-0.0852301785960125
9.743955624999899,0.04089302942156792,-0.11647462844848633,-0.16888272762298584,-0.09596829861402512,0.7500951290130615,-0.35238632559776306,-0.04543843115227824,-0.19677855554566703,-0.08912089318739733
9.754011624999976,0.026718083769083023,-0.09505265951156616,-0.16462400555610657,-0.10975734889507294,0.690432608127594,-0.3219490647315979,-0.03880337099441449,-0.19771000999298152,-0.09260321555304458
9.764067625000052,0.013065334409475327,-0.07255285978317261,-0.1524081826210022,-0.07099899649620056,0.6522267460823059,-0.29748183488845825,-0.032715702227251536,-0.19851686620203562,-0.09577535070573322
9.774123624999902,0.01127733662724495,-0.04747021198272705,-0.1273455023765564,-0.034008484333753586,0.6203388571739197,-0.27202439308166504,-0.02683709081540286,-0.19893016410336786,-0.09870838330829149
9.784178625000095,0.008711684495210648,-0.04920554161071777,-0.09805765748023987,-0.0023351104464381933,0.5840907096862793,-0.2593197524547577,-0.02121799679212102,-0.19904569298854985,-0.10143272842260184
9.794234624999945,0.014907609671354294,-0.02674633264541626,-0.06765627861022949,0.026302659884095192,0.5709964632987976,-0.24088744819164276,-0.015863819301235062,-0.19885848237602136,-0.10399257357468646
9.804290625000021,0.008906364440917969,-0.026761114597320557,-0.03569924831390381,0.01105983555316925,0.5512982606887817,-0.22532449662685394,-0.0106032438999663,-0.19862881332698815,-0.10638318673713489
9.814345624999987,0.021486587822437286,-0.017265677452087402,-0.012828558683395386,0.0036543833557516336,0.5485773086547852,-0.21853503584861755,-0.0053911662957142545,-0.1985672280985793,-0.10867152255186739
9.824401625000064,0.02655743807554245,0.0030162930488586426,-0.006286680698394775,0.008399159647524357,0.5259263515472412,-0.20706389844417572,-0.0002631430017895284,-0.19851239350476885,-0.11089482233020875
9.834457624999914,0.035188671201467514,-0.012207210063934326,-0.0035737156867980957,0.07075121998786926,0.5137650370597839,-0.19140130281448364,0.004669468317232991,-0.19813165641304312,-0.1129647197943342
9.844512625000107,0.04768165200948715,0.004202544689178467,-0.0209883451461792,0.14232833683490753,0.5023111701011658,-0.18163052201271057,0.009405620157012252,-0.1970347054412693,-0.1148467052479348
9.854568624999956,0.05756525322794914,0.001110076904296875,-0.02202466130256653,0.14924190938472748,0.48985156416893005,-0.16931819915771484,0.014116829699963048,-0.19556041686058886,-0.11667675760705415
9.864624625000033,0.06294335424900055,-0.009419500827789307,-0.019844353199005127,0.14457838237285614,0.47494837641716003,-0.16385048627853394,0.0187097703474922,-0.19410278658104035,-0.1184342838081712
9.874679624999999,0.060743480920791626,-0.01928645372390747,-0.016265541315078735,0.14860641956329346,0.4645538032054901,-0.14789895713329315,0.023147255564014226,-0.19266053335784109,-0.12005254362346741
9.884735625000076,0.058092180639505386,-0.03146785497665405,-0.019815593957901,0.14727705717086792,0.46022242307662964,-0.13231375813484192,0.027539281289380706,-0.1911992622252828,-0.12151671209684445
9.894791624999925,0.0510827898979187,-0.0416182279586792,-0.019802898168563843,0.15583539009094238,0.4583750069141388,-0.11614251881837845,0.03184445703059399,-0.1897184223017812,-0.12276478949344642
9.904847625000002,0.05342216044664383,-0.05515265464782715,-0.03807404637336731,0.19019128382205963,0.4367491900920868,-0.0846046432852745,0.03617596974818938,-0.18804728620149058,-0.12385306171091724
9.914902624999968,0.05916481837630272,-0.06721925735473633,-0.06892561912536621,0.2551867961883545,0.3983544111251831,-0.05081072822213173,0.04028973008011115,-0.18582993738475592,-0.12465095027864743
9.924958625000045,0.07039493322372437,-0.0772215723991394,-0.10394710302352905,0.32394784688949585,0.34868964552879333,-0.017000993713736534,0.04386543423322025,-0.18288839735860887,-0.1250602945113289
9.935014625000122,0.07246910035610199,-0.08256161212921143,-0.12332212924957275,0.33860430121421814,0.2920231521129608,0.016017677262425423,0.047096581353328025,-0.17951159237261496,-0.12522362714782678
9.945069625000087,0.08238139748573303,-0.09924399852752686,-0.135409414768219,0.3148347735404968,0.22308005392551422,0.0546107180416584,0.049714151121283336,-0.17619165345191687,-0.12499242516229747
9.955125624999937,0.08897796273231506,-0.10560107231140137,-0.1432703137397766,0.27970582246780396,0.14989985525608063,0.09136473387479782,0.05166552568993357,-0.1731281159961259,-0.12437514299636486
9.965181625000014,0.09203799813985825,-0.10318619012832642,-0.1483609676361084,0.1867893487215042,0.07480563223361969,0.12651611864566803,0.053051424362794954,-0.17068127510409192,-0.12341041696354574
9.97523662499998,0.08527390658855438,-0.10358959436416626,-0.1411956548690796,0.06001117825508118,0.00423505948856473,0.15897046029567719,0.053686707967907976,-0.169350760348953,-0.12200962602106116
9.985292625000056,0.07121719419956207,-0.09931856393814087,-0.1373385787010193,-0.05462605506181717,-0.07239273935556412,0.19314971566200256,0.05378938744273263,-0.16924093234266,-0.12028606234887988
9.995348624999906,0.06600652635097504,-0.09592920541763306,-0.14390096068382263,-0.11123687028884888,-0.14752770960330963,0.22918254137039185,0.05308622587722464,-0.16997869641059832,-0.1180965728761971
10.00540366666678,0.06100628525018692,-0.08420753479003906,-0.15424245595932007,-0.12470550090074539,-0.21493297815322876,0.2564258575439453,0.051740539822711505,-0.17102428262308447,-0.11557239823562492
10.01545966666663,0.05905987322330475,-0.08544760942459106,-0.16028857231140137,-0.12511534988880157,-0.27360373735427856,0.278979629278183,0.049807810793520924,-0.17211002194415295,-0.11280957508858301
10.025515666666706,0.05801936984062195,-0.06635642051696777,-0.14634323120117188,-0.11617046594619751,-0.3264037072658539,0.29345405101776123,0.04728412924983832,-0.17314089236691413,-0.10977994012020803
10.035571666666783,0.05017462372779846,-0.0591810941696167,-0.11925187706947327,-0.13152945041656494,-0.36942893266677856,0.30683696269989014,0.04433281284054016,-0.174212139442443,-0.1066457395923069
10.045626666666749,0.0504099577665329,-0.036305785179138184,-0.07545933127403259,-0.15400879085063934,-0.3970085084438324,0.317627489566803,0.04109775179459131,-0.1754662321082892,-0.10341721765685578
10.055682666666598,0.04336415231227875,-0.018883705139160156,-0.04454362392425537,-0.20129960775375366,-0.41360214352607727,0.31986773014068604,0.03762753732891302,-0.17708376344998614,-0.1000849709068372
10.065738666666675,0.03609360009431839,-0.01140981912612915,-0.008138924837112427,-0.21877367794513702,-0.41952553391456604,0.3287796676158905,0.034065426538465386,-0.17905899748390014,-0.09668715498924775
10.075793666666641,0.023000577464699745,0.007025718688964844,0.005195885896682739,-0.21070802211761475,-0.4242348074913025,0.33603277802467346,0.030456749004620042,-0.1811111946979789,-0.09319003454412161
10.085849666666718,0.026153508573770523,0.019940495491027832,0.008969008922576904,-0.15489265322685242,-0.42380669713020325,0.3273656666278839,0.02684287551378801,-0.1828491847357686,-0.08974998833411663
10.095905666666567,0.022417936474084854,0.03469187021255493,-0.011503547430038452,-0.0757451057434082,-0.42761528491973877,0.3288269639015198,0.02317122745295413,-0.18391948742008493,-0.08634010653641386
10.10596066666676,0.03494490683078766,0.04227244853973389,-0.017498791217803955,-0.02001752331852913,-0.4276058077812195,0.3215928375720978,0.019447385766307404,-0.18425908729613277,-0.08294196082270042
10.11601666666661,0.029879659414291382,0.014071464538574219,-0.022582650184631348,-0.028185704723000526,-0.44731399416923523,0.31475621461868286,0.015658992307431906,-0.1843834566340884,-0.07966987611942798
10.126072666666687,0.02992948144674301,-0.0031754374504089355,-0.02678889036178589,-0.022549167275428772,-0.4724586606025696,0.3148546814918518,0.011617423945177936,-0.18456482961141282,-0.07639539408489815
10.136128666666764,0.033688727766275406,-0.00013744831085205078,-0.05424046516418457,-0.009984641335904598,-0.5020027160644531,0.3225823640823364,0.007273882223999087,-0.1846820701718971,-0.07307162722882109
10.14618366666673,0.049183305352926254,-0.009882211685180664,-0.08310437202453613,0.048207156360149384,-0.5374811887741089,0.33629536628723145,0.0025703812238120753,-0.1844658618580661,-0.0696465687114338
10.156239666666579,0.06549964845180511,-0.0249825119972229,-0.11389118432998657,0.10001203417778015,-0.5756083130836487,0.34444811940193176,-0.0023149713354424506,-0.18362047933764833,-0.06617083898712948
10.166295666666656,0.07343721389770508,-0.05599445104598999,-0.12384748458862305,0.11097923666238785,-0.6347370743751526,0.3570072054862976,-0.007655754669048994,-0.18248340128494644,-0.06257874586928808
10.176350666666622,0.08132528513669968,-0.061915457248687744,-0.12644267082214355,0.07956725358963013,-0.6844223141670227,0.372409850358963,-0.013539016453423959,-0.18149530007179906,-0.0588946894463282
10.186406666666699,0.08237427473068237,-0.05659008026123047,-0.11345702409744263,0.008450026623904705,-0.729834258556366,0.39246413111686707,-0.019878547590553023,-0.18104216440495385,-0.05500517369314464
10.196462666666775,0.07822182029485703,-0.08267194032669067,-0.07949462532997131,-0.09271521121263504,-0.7856860756874084,0.43183284997940063,-0.026760088135356255,-0.18151508722846843,-0.05073687251991042
10.206517666666741,0.05123909190297127,-0.10699182748794556,-0.06216248869895935,-0.18380455672740936,-0.8302780389785767,0.46472519636154175,-0.034158511629678215,-0.18300062081508617,-0.046103280082336946
10.21657366666659,0.04705057665705681,-0.0712745189666748,-0.05472031235694885,-0.22436103224754333,-0.8628924489021301,0.5078092813491821,-0.04207017733479908,-0.18527459831388562,-0.0410467276788981
10.226629666666668,0.04840068519115448,-0.04221147298812866,-0.05293738842010498,-0.2422667145729065,-0.8765288591384888,0.5339189767837524,-0.04988313820564023,-0.18778866702992972,-0.03576900880894945
10.236684666666633,0.04474211484193802,-0.06762450933456421,-0.04908609390258789,-0.28229454159736633,-0.9102165102958679,0.5446019768714905,-0.057932713867599954,-0.19069141855650765,-0.030304546875963824
10.24674066666671,0.04182411730289459,-0.03904843330383301,-0.04760056734085083,-0.2879590094089508,-0.9326600432395935,0.5440385341644287,-0.06609969505688508,-0.19389088739114818,-0.02498812778550422
10.256796666666787,0.04619719088077545,0.004786431789398193,-0.05291873216629028,-0.25759151577949524,-0.9463468790054321,0.5544013977050781,-0.07452285951840373,-0.1969280650066318,-0.019508011856025055
10.266851666666753,0.054404906928539276,-0.015822649002075195,-0.04895061254501343,-0.24241948127746582,-0.9822102785110474,0.5441036224365234,-0.08320310254027892,-0.19977269270290304,-0.014000700948776479
10.276907666666602,0.04948080703616142,-0.013260722160339355,-0.04363143444061279,-0.21995411813259125,-1.0128356218338013,0.530451774597168,-0.09233862940865081,-0.20251826294795733,-0.008595639157653332
10.28696366666668,0.05591147020459175,0.029297471046447754,-0.0598275363445282,-0.14047034084796906,-1.034355640411377,0.5356603264808655,-0.10147973088996043,-0.20480948043657582,-0.0033561225093258666
10.297019666666756,0.07172660529613495,0.011016428470611572,-0.0839119553565979,-0.11377162486314774,-1.0606290102005005,0.5338155627250671,-0.11093633493264782,-0.20654014649576866,0.002032807322565156
10.307074666666722,0.06928536295890808,-0.03679454326629639,-0.07752329111099243,-0.1447899043560028,-1.1124517917633057,0.5240889191627502,-0.12073802584680685,-0.2083926228573006,0.007269823171074689
10.317130666666571,0.0745343565940857,-0.0032973885536193848,-0.08094280958175659,-0.10021258145570755,-1.1403274536132812,0.5411930680274963,-0.13084570237699727,-0.21024510871302785,0.012512913656221768
10.327186666666648,0.07319813966751099,-0.02065509557723999,-0.10195034742355347,-0.09023229777812958,-1.169579029083252,0.5477416515350342,-0.14121021940341055,-0.21181228351348752,0.017928631708791262
10.337241666666614,0.07829469442367554,-0.0583721399307251,-0.096271812915802,-0.11443270742893219,-1.2325023412704468,0.5511739253997803,-0.15213085974294954,-0.21359684479929408,0.023367557952893442
10.347297666666691,0.08172298967838287,-0.02868640422821045,-0.09030500054359436,-0.06872203201055527,-1.2630647420883179,0.5822974443435669,-0.16352355301128196,-0.21535967592413688,0.029033908538456832
10.357353666666768,0.08306898176670074,-0.039077818393707275,-0.08824855089187622,-0.09458212554454803,-1.293824315071106,0.5972989797592163,-0.1752295272995567,-0.21700756858556688,0.03502266330127084
10.367408666666734,0.08257137984037399,-0.07220709323883057,-0.05732595920562744,-0.193377286195755,-1.352610468864441,0.599997878074646,-0.18743270054104547,-0.2194807022183534,0.04089246779807078
10.377464666666583,0.0907215029001236,-0.021443486213684082,-0.04048225283622742,-0.20858260989189148,-1.3846269845962524,0.6356903910636902,-0.19990976025582907,-0.22262608990226285,0.0467860223871738
10.38752066666666,0.09123293310403824,-0.03276848793029785,-0.05119591951370239,-0.31104692816734314,-1.4139870405197144,0.6295152902603149,-0.21262110058247677,-0.22638716557276534,0.05271373085789777
10.397575666666626,0.08106532692909241,-0.05472797155380249,-0.026678025722503662,-0.3933814764022827,-1.463183879852295,0.6417341232299805,-0.2257718054736592,-0.23125024973483504,0.058278312422192294
10.407631666666703,0.08052743971347809,-0.016420304775238037,-0.03658679127693176,-0.3465166985988617,-1.477722406387329,0.6701767444610596,-0.23919679829239388,-0.23635384583280314,0.06401513842603487
10.41768766666678,0.08293239772319794,-0.02586674690246582,-0.05263352394104004,-0.34294089674949646,-1.5200732946395874,0.6740532517433167,-0.2527138269364732,-0.24125240462250636,0.06989430595667452
10.427743666666629,0.06999411433935165,-0.04077941179275513,-0.043623000383377075,-0.2825833261013031,-1.5517596006393433,0.6972469687461853,-0.2666821752376042,-0.24607723661517875,0.07588780313894834
10.437798666666595,0.07184506952762604,-0.012661516666412354,-0.06260797381401062,-0.14299505949020386,-1.5671360492706299,0.7217810750007629,-0.28072113809215643,-0.24999169233868937,0.08240684076019247
10.447854666666672,0.08214778453111649,-0.018123328685760498,-0.07138508558273315,-0.09808076918125153,-1.5992482900619507,0.7126531004905701,-0.29485936040202465,-0.25306404350654527,0.08920166171009673
10.457910666666749,0.07734443992376328,-0.010379374027252197,-0.05048036575317383,-0.08357639610767365,-1.6120418310165405,0.720949649810791,-0.30937607631165387,-0.25606946514160134,0.09612073773744849
10.467965666666714,0.07506316900253296,-0.005863070487976074,-0.03274625539779663,-0.10352568328380585,-1.6264488697052002,0.7214750647544861,-0.323837010110283,-0.25911426008045674,0.10299153007034052
10.478021666666564,0.07080374658107758,-0.02917379140853882,-0.014348864555358887,-0.17663319408893585,-1.655444860458374,0.712748646736145,-0.33866028621284855,-0.2627666360755278,0.1095774511226809
10.48807766666664,0.08204486966133118,0.0008813142776489258,-0.009887754917144775,-0.17337486147880554,-1.6769200563430786,0.7292817234992981,-0.353764335435169,-0.2668885089649804,0.11605776680218173
10.498132666666606,0.07905831933021545,-0.005803406238555908,-0.020691335201263428,-0.1862616240978241,-1.70169198513031,0.732582151889801,-0.36882073851439645,-0.27104145750892344,0.12253867540426126
10.508188666666683,0.06601768732070923,-0.02963918447494507,-0.00804668664932251,-0.2242681384086609,-1.732040286064148,0.7407998442649841,-0.38437671610269336,-0.2756388509381262,0.12888158483660714
10.51824466666676,0.07009700685739517,0.017394602298736572,-0.010872364044189453,-0.1983121633529663,-1.7244163751602173,0.7582858800888062,-0.39994025265933575,-0.2804215460307939,0.13530696131035
10.52830066666661,0.066175177693367,-0.010760724544525146,-0.005306899547576904,-0.23908503353595734,-1.7392370700836182,0.7558947801589966,-0.4155662309060201,-0.2853664509324979,0.14173100672094122
10.538355666666575,0.06023493409156799,-0.010584473609924316,0.030167728662490845,-0.2361947000026703,-1.7324358224868774,0.7665034532546997,-0.43126497707540773,-0.29070005978473323,0.1480045809988647
10.548411666666652,0.05368747562170029,0.009171128273010254,0.03272470831871033,-0.18969985842704773,-1.7154767513275146,0.7711511850357056,-0.4466490464718529,-0.2958457561478714,0.1544112999227039
10.55846766666673,0.04868799448013306,-0.0073587894439697266,0.042083740234375,-0.20153094828128815,-1.6927591562271118,0.7504560351371765,-0.46191374356952863,-0.30092543703730495,0.16073559448328434
10.568522666666695,0.0467112734913826,0.02759420871734619,0.06429868936538696,-0.16180746257305145,-1.6426537036895752,0.7437868714332581,-0.4768731682216022,-0.3059414104694956,0.1669068606327681
10.578578666666772,0.051149483770132065,0.02790743112564087,0.07793045043945312,-0.1336730271577835,-1.604414463043213,0.7162452936172485,-0.4912682914043786,-0.31059035664746515,0.17304303243824884
10.588634666666621,0.055951766669750214,0.014175951480865479,0.10034751892089844,-0.11038985103368759,-1.5649911165237427,0.6933280825614929,-0.5054271431781225,-0.31504285777090385,0.17895507394186203
10.598689666666587,0.06390781700611115,0.05890423059463501,0.11341160535812378,-0.0319746732711792,-1.4895498752593994,0.6770524382591248,-0.5189112384859934,-0.3189924564135858,0.18492221040775056
10.608745666666664,0.0689476951956749,0.027074754238128662,0.11892563104629517,-0.023039279505610466,-1.4548356533050537,0.6517319083213806,-0.5317269570274011,-0.32251490983240966,0.19089761748572556
10.61880166666674,0.06982909888029099,0.03007364273071289,0.14146006107330322,0.006770281586796045,-1.3980642557144165,0.6410579085350037,-0.5441756638069626,-0.3258885351712394,0.19671810530899475
10.628856666666707,0.07200949639081955,0.05630958080291748,0.12712523341178894,0.025710327550768852,-1.3462638854980469,0.6455140709877014,-0.5559604848110573,-0.32905900777319164,0.20265079246337117
10.638912666666783,0.07089023292064667,0.0055228471755981445,0.13149255514144897,-0.018980709835886955,-1.3246784210205078,0.6408596634864807,-0.5674395164674703,-0.33243541057206616,0.208463329979634
10.648968666666633,0.059456124901771545,0.025498807430267334,0.12934762239456177,0.008193785324692726,-1.2797105312347412,0.6541363000869751,-0.5787816833066893,-0.3360792238249157,0.2142702031730256
10.659023666666599,0.0495874248445034,0.030132174491882324,0.08981114625930786,0.05418897420167923,-1.2525273561477661,0.6681416034698486,-0.589468027862007,-0.33944556944094667,0.22041423537667365
10.669079666666676,0.045635052025318146,-0.007110595703125,0.06007704138755798,0.11450646817684174,-1.2663015127182007,0.6790956854820251,-0.6000384699379236,-0.3425709441926196,0.22687502427661557
10.679135666666753,0.03496023267507553,0.020097553730010986,0.02454543113708496,0.2399192452430725,-1.2553412914276123,0.7053129076957703,-0.6102540112887637,-0.3450330163407415,0.23404272206808657
10.689191666666602,0.022624392062425613,0.01159447431564331,-0.0004190802574157715,0.2473398894071579,-1.2507870197296143,0.7092503309249878,-0.6200933631589824,-0.3470200915112876,0.24178894620864602
10.699246666666568,0.012881023809313774,-0.016892969608306885,0.012272119522094727,0.16820964217185974,-1.2752587795257568,0.7176350355148315,-0.6302146196695744,-0.34952641547912466,0.24925645617721098
10.709302666666645,0.004559492692351341,-0.006899893283843994,0.005410909652709961,0.14463657140731812,-1.2875498533248901,0.727539598941803,-0.6405834189707479,-0.3525547506023249,0.25649525702605186
10.719358666666722,0.0038613714277744293,-0.004734933376312256,-0.031304359436035156,0.03501368314027786,-1.3146305084228516,0.71811842918396,-0.6512070254032191,-0.35611190995701203,0.2633275848499552
10.729413666666687,0.009272195398807526,-0.001953125,-0.01921159029006958,-0.12390437722206116,-1.3323899507522583,0.7135272026062012,-0.6624635911487142,-0.36084005872816044,0.26913005868033024
10.739469666666764,0.018973182886838913,0.012126386165618896,-0.006264001131057739,-0.2587013244628906,-1.3455214500427246,0.7022238969802856,-0.6740697736105349,-0.36670016380910614,0.2737828950540705
10.749525666666614,0.04958058148622513,0.015346765518188477,-0.01563572883605957,-0.34251847863197327,-1.3555034399032593,0.6826401948928833,-0.6862119836472559,-0.37342223496947874,0.27749714589782937
10.75958066666658,0.07240159809589386,0.036234140396118164,-0.0347132682800293,-0.3075506389141083,-1.325403094291687,0.6799072623252869,-0.6983910632005831,-0.3803323976606807,0.2808565126920992
10.769636666666656,0.08464208245277405,0.04731452465057373,-0.040019065141677856,-0.25650885701179504,-1.302081823348999,0.6482313275337219,-0.7102380751015178,-0.3867955397201131,0.2844077887846004
10.779692666666733,0.08885686844587326,0.02323979139328003,-0.023471951484680176,-0.21462024748325348,-1.2771333456039429,0.6313061714172363,-0.7218575282190326,-0.39279917955536486,0.28796848519631774
10.789747666666699,0.09180869162082672,0.05511373281478882,-0.0033499598503112793,-0.16345010697841644,-1.2276393175125122,0.6077075600624084,-0.7331503562985809,-0.39836338377071956,0.2917432778100609
10.799803666666776,0.08527545630931854,0.013808906078338623,0.016995370388031006,-0.19057412445545197,-1.2160838842391968,0.5752598643302917,-0.7440623356015325,-0.4036625821559498,0.29530343641179174
10.809859666666625,0.07517051696777344,0.004064977169036865,0.04385179281234741,-0.15150922536849976,-1.186607003211975,0.5649336576461792,-0.7548840260525361,-0.40885212642974217,0.29859845059186896
10.819915666666702,0.06711108982563019,0.01938021183013916,0.03171491622924805,-0.08339649438858032,-1.1464529037475586,0.5703997611999512,-0.7651963845274985,-0.41365198871193154,0.3023626899357748
10.829970666666668,0.06313490867614746,-0.020762145519256592,0.042797625064849854,-0.07228339463472366,-1.132296085357666,0.5663179159164429,-0.7750815587381069,-0.4181808218805307,0.3063234605568564
10.840026666666745,0.050473328679800034,-0.015796959400177002,0.07536283135414124,-0.03812568634748459,-1.1108086109161377,0.5816790461540222,-0.7847214663501865,-0.4226425750342369,0.3104240956137917
10.850082666666594,0.029594115912914276,-0.016600489616394043,0.07221537828445435,-0.017355648800730705,-1.0944594144821167,0.591278076171875,-0.7938131955851688,-0.42693720386323053,0.3147904092924492
10.860137666666787,0.0034183189272880554,-0.03259187936782837,0.10110914707183838,-0.05542340502142906,-1.1100298166275024,0.6083294749259949,-0.8030074544374358,-0.43150180580113073,0.31911081060633806
10.870193666666637,-0.013058144599199295,-0.018470048904418945,0.11486506462097168,-0.08023793995380402,-1.1286239624023438,0.6341082453727722,-0.8125178203532919,-0.4365037349757461,0.32334284586068673
10.880249666666714,-0.02038196101784706,-0.015270888805389404,0.09878379106521606,-0.17202644050121307,-1.1635220050811768,0.642349898815155,-0.8223915761111836,-0.4420522041557397,0.3272075116201757
10.89030466666668,-0.01931362971663475,-0.02337515354156494,0.09146219491958618,-0.23324817419052124,-1.2307791709899902,0.671268105506897,-0.8330226062108492,-0.4482966719131254,0.33041911510642763
10.900360666666757,-0.0264800526201725,0.009578466415405273,0.06618833541870117,-0.2071731686592102,-1.2833526134490967,0.6960800290107727,-0.8443348062161028,-0.45493298515184905,0.3337361901251237
10.910416666666606,-0.035277944058179855,0.011986732482910156,0.03903740644454956,-0.2915099859237671,-1.3362067937850952,0.6894385814666748,-0.8562128421678165,-0.46182521177174934,0.33688591817142033
10.920471666666572,-0.029576748609542847,0.017008304595947266,0.05607372522354126,-0.44848254323005676,-1.3973596096038818,0.6924341320991516,-0.8691065453143851,-0.4694870185904399,0.3387523912299781
10.930527666666649,-0.03458655998110771,0.03884619474411011,0.08680933713912964,-0.6068994402885437,-1.4120453596115112,0.648219108581543,-0.8831842691135131,-0.4781073824132292,0.3390722750470963
10.940583666666726,-0.040629226714372635,0.04997098445892334,0.09256306290626526,-0.7561233043670654,-1.412304162979126,0.6073936820030212,-0.8980641381382068,-0.4873422172898248,0.3374985644867676
10.950638666666691,-0.02773507684469223,0.05751526355743408,0.08287215232849121,-0.7293443083763123,-1.4030485153198242,0.5819409489631653,-0.9135892864369288,-0.4967816318978957,0.334917790775608
10.960694666666768,-0.006871316581964493,0.08632802963256836,0.05911591649055481,-0.5869797468185425,-1.3522229194641113,0.5232888460159302,-0.9285599921315747,-0.5052876682747052,0.332806267467003
10.970750666666618,0.013768557459115982,0.09271049499511719,0.040912628173828125,-0.3943243622779846,-1.31692373752594,0.4749395251274109,-0.9426773594393903,-0.5123077020226158,0.3316230145791783
10.980806666666695,0.0594463124871254,0.10917949676513672,0.01706179976463318,-0.17450758814811707,-1.2420734167099,0.42252370715141296,-0.9554317855315647,-0.5176689077651303,0.33203115902086083
10.99086166666666,0.05683024227619171,0.11749321222305298,0.03498902916908264,-0.09314486384391785,-1.1738390922546387,0.3327764868736267,-0.9667650593613663,-0.5214643161382746,0.3334127383050807
11.000919291666605,0.06022698059678078,0.09434777498245239,0.08428266644477844,-0.04851507768034935,-1.1268141269683838,0.27951937913894653,-0.9777351008192565,-0.5244318231954983,0.3346872617793851
11.010975291666682,0.04895443469285965,0.114918053150177,0.08239009976387024,0.050130005925893784,-1.0598361492156982,0.22856469452381134,-0.987841136702417,-0.5265650336880354,0.33643004524747117
11.021030291666648,0.01657799631357193,0.07402509450912476,0.07938200235366821,0.034904446452856064,-1.0064003467559814,0.18184247612953186,-0.9971916239332781,-0.5279858157333444,0.33820712418664023
11.031086291666725,0.01804288849234581,0.08278173208236694,0.10889929533004761,0.003027386264875531,-0.9342755079269409,0.13547176122665405,-1.0062686934475598,-0.5292310093740548,0.3394106271992437
11.041142291666574,0.006910160183906555,0.04286617040634155,0.12873762845993042,0.016894731670618057,-0.893094539642334,0.09725700318813324,-1.0151022118109574,-0.530253822498925,0.3402113710973216
11.051197291666767,0.017494019120931625,0.0345953106880188,0.0996217429637909,0.1083502545952797,-0.8204137086868286,0.07259906828403473,-1.0233030292044079,-0.5307069469656885,0.34136858307438883
11.061253291666617,0.019242096692323685,0.029093503952026367,0.08566942811012268,0.19203636050224304,-0.7623895406723022,0.057015310972929,-1.030383078351076,-0.5305489351387438,0.34339976844462483
11.071309291666694,-0.0015473999083042145,-0.022306203842163086,0.1366945505142212,0.1780080646276474,-0.6963423490524292,0.04402222856879234,-1.0366604993490434,-0.5300560927966639,0.3456323652078935
11.08136429166666,0.0037765875458717346,-0.0050882697105407715,0.1579221785068512,0.1337127834558487,-0.6257653832435608,0.0644444152712822,-1.0424864012313086,-0.5298246525483584,0.3475434709309921
11.091420291666736,0.024119026958942413,-0.02203315496444702,0.12879222631454468,0.09277959913015366,-0.5948022603988647,0.09222530573606491,-1.0481049303893415,-0.5300487718455571,0.349256425737539
11.101476291666586,0.026596220210194588,-0.033234596252441406,0.12919747829437256,-0.024856220930814743,-0.5560469031333923,0.111849345266819,-1.0535616125326224,-0.5308338925932997,0.35029170045086283
11.111532291666663,0.02803938463330269,-0.019536256790161133,0.13244962692260742,-0.16767652332782745,-0.5266553163528442,0.1501251757144928,-1.0592326913351349,-0.5325302687562585,0.35008468558428685
11.121587291666629,0.03548618406057358,-0.01830822229385376,0.10990983247756958,-0.30585891008377075,-0.5053039193153381,0.17883244156837463,-1.0652077220667817,-0.5351801193719761,0.3486313318776223
11.131643291666705,0.019337888807058334,-0.03388214111328125,0.07841691374778748,-0.38557010889053345,-0.5142771005630493,0.2168176770210266,-1.0715716422471058,-0.5386624444141299,0.3461098202290003
11.141699291666782,0.0044187698513269424,-0.025266826152801514,0.04735085368156433,-0.39614206552505493,-0.5201879739761353,0.22680026292800903,-1.0782185598788778,-0.5425520320546328,0.34334649763809927
11.151754291666748,-0.012246837839484215,-0.03128528594970703,0.02488386631011963,-0.41343361139297485,-0.5325106978416443,0.22718460857868195,-1.0852065847209702,-0.5465441362142262,0.3404328706825071
11.161810291666598,-0.011968109756708145,0.004743695259094238,-0.00028461217880249023,-0.40090155601501465,-0.5224239826202393,0.22467458248138428,-1.0921949820727845,-0.5504924753809735,0.3373847569387723
11.171866291666674,-0.024752965196967125,0.026180624961853027,-0.023197680711746216,-0.43318605422973633,-0.49819037318229675,0.20118117332458496,-1.0990256791562645,-0.554337429535792,0.33423407971330077
11.18192129166664,-0.02786911651492119,0.00469595193862915,-0.009981095790863037,-0.4645008444786072,-0.48751404881477356,0.18739265203475952,-1.1060546263670448,-0.5581872168597042,0.3304056063829995
11.191977291666717,-0.011563420295715332,0.034566640853881836,-0.03663375973701477,-0.44110000133514404,-0.47541743516921997,0.17309051752090454,-1.112825306114359,-0.5617765750694542,0.32650580233250814
11.202033291666567,0.003536578267812729,0.013920009136199951,-0.07462412118911743,-0.3978385627269745,-0.49340787529945374,0.17532943189144135,-1.119557922333392,-0.5651933137684221,0.32286736819066003
11.21208829166676,0.003180239349603653,0.026527583599090576,-0.08368876576423645,-0.34017473459243774,-0.49652099609375,0.18002977967262268,-1.126101241002142,-0.5683683490180909,0.31984585916159775
11.22214429166661,0.01661410927772522,0.011063635349273682,-0.08697772026062012,-0.33921974897384644,-0.5079975724220276,0.17598897218704224,-1.1326272559123305,-0.571456260912086,0.3171642256765678
11.232200291666686,0.019923964515328407,0.014894366264343262,-0.06937265396118164,-0.382215678691864,-0.5144163966178894,0.16677582263946533,-1.139359960253351,-0.5745555045755335,0.31414070737814453
11.242256291666763,0.007044481113553047,0.03604620695114136,-0.04132288694381714,-0.43635880947113037,-0.5192966461181641,0.15229274332523346,-1.146412237801034,-0.5776827483266477,0.3104354194197449
11.252311291666729,0.001127125695347786,0.02375352382659912,-0.04382139444351196,-0.46619006991386414,-0.5442175269126892,0.12940599024295807,-1.1540594676759182,-0.5808263424367022,0.30614779334259007
11.262367291666578,-0.012721261009573936,0.020101308822631836,-0.05548626184463501,-0.4086780548095703,-0.565292477607727,0.12292572110891342,-1.1619823688054545,-0.5837890228597455,0.3018941864334456
11.272423291666655,-0.01522587239742279,0.02957075834274292,-0.06419557332992554,-0.3140746057033539,-0.5803050994873047,0.11507784575223923,-1.169754775348443,-0.5864043029659952,0.29851643561976204
11.28247829166662,-0.016172358766198158,0.02111154794692993,-0.048099398612976074,-0.26144787669181824,-0.5684553384780884,0.09877876937389374,-1.1769826340340308,-0.5885224142449592,0.2958749881550456
11.292534291666698,-0.011704638600349426,0.0488552451133728,-0.004487872123718262,-0.25532057881355286,-0.529999315738678,0.08280160278081894,-1.1837726662906878,-0.5903549989161726,0.29345591773064994
11.302590291666775,0.00393969751894474,0.0448032021522522,0.045890599489212036,-0.29829734563827515,-0.4907224774360657,0.05413055047392845,-1.190512792418403,-0.5920752006055033,0.29070760319751904
11.31264529166674,0.011043362319469452,0.04580920934677124,0.08291104435920715,-0.3244006633758545,-0.4411541223526001,0.031153114512562752,-1.197048079212296,-0.5936245876765591,0.2873502314933931
11.32270129166659,0.006846573203802109,0.07857269048690796,0.10159209370613098,-0.31815847754478455,-0.39543643593788147,0.012977039441466331,-1.2031282609873053,-0.5950076226420496,0.28383483576912827
11.332757291666667,0.0035571809858083725,0.06049424409866333,0.11984410881996155,-0.30156615376472473,-0.3350025415420532,-0.010832073166966438,-1.2086732672969938,-0.5961139994046423,0.28031330835081447
11.342812291666633,-0.006476035341620445,0.0897601842880249,0.15384647250175476,-0.26806917786598206,-0.2587580978870392,-0.02461765892803669,-1.213524567297295,-0.5969667974346423,0.27699109990182147
11.35286829166671,-0.0070882756263017654,0.08688074350357056,0.17624801397323608,-0.1645362228155136,-0.19685663282871246,-0.04704573377966881,-1.2171831437206924,-0.5974129778548275,0.27428866993828604
11.362924291666786,-0.013526072725653648,0.07427245378494263,0.1629868447780609,0.01905890554189682,-0.14391379058361053,-0.057135388255119324,-1.2194529251504906,-0.5971922796221015,0.27320363566470657
11.372980291666636,-0.026546206325292587,0.09281015396118164,0.1685885488986969,0.11774326860904694,-0.0808875560760498,-0.0780397430062294,-1.220196576770408,-0.5962933340759831,0.273800925045212
11.383035291666602,-0.030643735080957413,0.058875858783721924,0.21623411774635315,0.12616552412509918,-0.03596562519669533,-0.10578055679798126,-1.22023042359595,-0.5950345309049923,0.27477100444118036
11.393091291666678,-0.015057066455483437,0.07083046436309814,0.2106504738330841,0.15529845654964447,0.012928416021168232,-0.11694894731044769,-1.2198338595997444,-0.5935413645323044,0.2758818369394709
11.403147291666755,-0.014717217534780502,0.08380138874053955,0.19370794296264648,0.1527404934167862,0.07241997122764587,-0.12579862773418427,-1.2186882324491841,-0.5918666448150723,0.27716164714342506
11.413202291666721,-0.023216702044010162,0.05070382356643677,0.2204858660697937,0.10943709313869476,0.1207365021109581,-0.13843902945518494,-1.2171062481257091,-0.5901297071003054,0.278041734500571
11.42325829166657,-0.031561315059661865,0.059111595153808594,0.2325102984905243,0.07431159913539886,0.18827852606773376,-0.14116130769252777,-1.2151107773879013,-0.5884579586848884,0.27845163666165496
11.433314291666647,-0.02801566570997238,0.06014436483383179,0.23707222938537598,0.007601410150527954,0.26578545570373535,-0.14763517677783966,-1.2128582878673828,-0.5869673675569883,0.27827350661767725
11.443369291666613,-0.0322379432618618,0.046428561210632324,0.2690439820289612,-0.018734855577349663,0.3571329414844513,-0.15226933360099792,-1.2100448179923786,-0.5855796750670323,0.2774647226834232
11.45342529166669,-0.03276456147432327,0.04305469989776611,0.2721911072731018,0.007260347716510296,0.4560033082962036,-0.15734362602233887,-1.2063308458605952,-0.5841619209370594,0.2766887231606088
11.463481291666767,-0.033317580819129944,0.04250544309616089,0.2740885019302368,0.014465796761214733,0.5767278671264648,-0.170821875333786,-1.2014109701523783,-0.5826003886563352,0.2760612198539677
11.473536291666733,-0.022144485265016556,0.05110698938369751,0.2835438847541809,0.020035797730088234,0.6792747378349304,-0.17142124474048615,-1.1952779303853323,-0.5809382743116761,0.2753615806031091
11.483592291666582,-0.011604134924709797,0.043422162532806396,0.2656005620956421,0.064237080514431,0.7673484086990356,-0.17916785180568695,-1.1879641352138548,-0.5791316727163855,0.2749126740314016
11.49364829166666,-0.004140626639127731,0.040370941162109375,0.2572403848171234,0.09646261483430862,0.861567497253418,-0.1952192783355713,-1.1795923980558998,-0.577066667764009,0.27487200601824835
11.503704291666736,0.008940432220697403,0.056010305881500244,0.26750069856643677,0.10854750871658325,0.9635926485061646,-0.20627406239509583,-1.1702815239996247,-0.5748574003801481,0.27495112446633907
11.513759291666702,0.021474825218319893,0.042554497718811035,0.2504512667655945,0.16052934527397156,1.0380655527114868,-0.22180941700935364,-1.1599626361808864,-0.5724007629205756,0.27525887993029047
11.523815291666779,0.022737691178917885,0.03302478790283203,0.21812653541564941,0.27853506803512573,1.1012810468673706,-0.23242850601673126,-1.1486432340241128,-0.5694796079173946,0.2764486380461258
11.533871291666628,0.024960486218333244,0.055110275745391846,0.19673120975494385,0.31285616755485535,1.1595871448516846,-0.24302521347999573,-1.1363020016915732,-0.5661162060650664,0.27847325433649145
11.543926291666594,0.0260409377515316,0.036578238010406494,0.20520737767219543,0.26781705021858215,1.2003942728042603,-0.26401039958000183,-1.1235082990789838,-0.5625983165295007,0.2802262178567335
11.55398229166667,0.023638831451535225,0.034855425357818604,0.19134047627449036,0.21139013767242432,1.2364919185638428,-0.2646740674972534,-1.1107476501149571,-0.5592183711226882,0.28127950114911326
11.564038291666748,0.009828882291913033,0.03192460536956787,0.1763281524181366,0.11077457666397095,1.2866743803024292,-0.2808738052845001,-1.098076634852274,-0.5561076712924623,0.2814632692453616
11.574093291666713,0.006160609424114227,0.0312119722366333,0.19349592924118042,0.03238607197999954,1.3463698625564575,-0.30144423246383667,-1.085492822904479,-0.5532955975861689,0.2804422765532654
11.58414929166679,0.0053719040006399155,0.04533076286315918,0.1355169713497162,0.1115671768784523,1.3856070041656494,-0.30262482166290283,-1.072477488387269,-0.5504211062345661,0.27928725433543994
11.59420529166664,-0.004640987142920494,0.054080963134765625,0.060683488845825195,0.21609735488891602,1.436943769454956,-0.31548574566841125,-1.0584522432601722,-0.5469823983284217,0.2791492003344943
11.604260291666606,-0.025598328560590744,0.046751439571380615,0.06666332483291626,0.17881442606449127,1.4790621995925903,-0.3442806601524353,-1.043861022933762,-0.5431418656335747,0.27922073562623867
11.614316291666682,-0.031670503318309784,0.0489276647567749,0.10075828433036804,0.05434805154800415,1.5380584001541138,-0.3808533847332001,-1.0293130924623068,-0.5394783723211151,0.2781892010336468
11.62437229166676,-0.03222007304430008,0.06782817840576172,0.14432212710380554,-0.12361981719732285,1.6228758096694946,-0.4312739670276642,-1.0149210023355117,-0.5362068251204531,0.27524850398525796
11.634427291666725,-0.01417434960603714,0.09407705068588257,0.18715742230415344,-0.2918373942375183,1.7579209804534912,-0.5016067028045654,-1.0004861463603907,-0.5334184537718479,0.2701253408604541
11.644483291666575,0.012506874278187752,0.12547940015792847,0.23807299137115479,-0.3465810716152191,1.940938949584961,-0.5721234679222107,-0.9854478010051606,-0.5308002951475604,0.26339601076657115
11.654539291666651,0.03966132923960686,0.14100873470306396,0.2558116316795349,-0.19931751489639282,2.1018190383911133,-0.6358943581581116,-0.9685846258434333,-0.5274454062775179,0.2565221525213304
11.664595291666728,0.07595853507518768,0.14704936742782593,0.21028339862823486,0.15151774883270264,2.2276809215545654,-0.6735642552375793,-0.9493049190170452,-0.5223106747499744,0.25175019618722905
11.674650291666694,0.08153600245714188,0.14282357692718506,0.17386111617088318,0.39558422565460205,2.329686403274536,-0.7373800873756409,-0.9276092068262335,-0.5149666799399403,0.24953624489073611
11.684706291666771,0.0888405367732048,0.10743862390518188,0.1911441683769226,0.49834999442100525,2.3614020347595215,-0.789746105670929,-0.9045697225651755,-0.5061241894230479,0.24819440036377424
11.69476229166662,0.09035728871822357,0.08552223443984985,0.16749244928359985,0.5493113398551941,2.3656117916107178,-0.8194864392280579,-0.8812916525796818,-0.4964978624206133,0.2470874267662972
11.704817291666586,0.07806704938411713,0.07220298051834106,0.1593342423439026,0.4158531129360199,2.3654520511627197,-0.853620171546936,-0.8583549794700663,-0.4868452078756286,0.24522033369587726
11.714873291666663,0.07637431472539902,0.03654122352600098,0.20808786153793335,0.10758321732282639,2.4104108810424805,-0.8830870389938354,-0.8364190475516566,-0.47857054785971753,0.240876791040725
11.72492929166674,0.080154649913311,0.04972773790359497,0.24503284692764282,-0.08307620882987976,2.4863991737365723,-0.883345365524292,-0.8149852073922161,-0.4720864938471666,0.23403554410774388
11.734984291666706,0.08799892663955688,0.016552209854125977,0.1984333097934723,-0.0684269592165947,2.5742506980895996,-0.8702868223190308,-0.7929153100936491,-0.46635868295904886,0.22637517992893544
11.745040291666783,0.09574839472770691,0.03633064031600952,0.15707653760910034,0.15892364084720612,2.641413450241089,-0.8701355457305908,-0.7695827803746125,-0.4599920202487778,0.21956219084820452
11.755096291666632,0.12791520357131958,-0.0010422468185424805,-0.0008791685104370117,0.5763429403305054,2.5800724029541016,-0.8271310925483704,-0.7450865018041953,-0.45152078746173163,0.21533875275270364
11.765151291666598,0.12226449698209763,0.005983889102935791,-0.13074088096618652,0.9270706176757812,2.482210397720337,-0.8213395476341248,-0.7199739576026994,-0.44024229798830594,0.21417840812026445
11.775207291666675,0.09102794528007507,-0.013842403888702393,-0.16262462735176086,0.9016830325126648,2.3767623901367188,-0.8247595429420471,-0.695509286910189,-0.427701913015097,0.2139031407405024
11.785263291666752,0.0944901704788208,0.0007790923118591309,-0.11120986938476562,0.5284980535507202,2.3024330139160156,-0.8527346849441528,-0.6727067314901142,-0.4166700114110253,0.21174143442175228
11.795319291666601,0.08746687322854996,-0.014914214611053467,-0.04183685779571533,0.04192112013697624,2.239842176437378,-0.8774635195732117,-0.6520447393318541,-0.409105855231067,0.20606610434644743
11.805374291666567,0.10555241256952286,0.018139302730560303,-0.01717439293861389,-0.2934640645980835,2.225111722946167,-0.8889837861061096,-0.6328113521726872,-0.40485768804241523,0.19729734263522208
11.815430291666644,0.13281722366809845,0.040319204330444336,-0.012130498886108398,-0.406467467546463,2.2303898334503174,-0.8997769951820374,-0.6144117978555822,-0.4026149364523079,0.18694425706711848
11.82548629166672,0.1729227602481842,0.05651766061782837,-0.043148696422576904,-0.19358448684215546,2.213406562805176,-0.8944410681724548,-0.5960650846052234,-0.40015559040270515,0.17688485124803247
11.835541291666686,0.1822260320186615,0.06662583351135254,-0.11112356185913086,0.21693260967731476,2.177098274230957,-0.8834972381591797,-0.5771825969530149,-0.39519012745193893,0.16883773179916264
11.845597291666763,0.17054611444473267,0.0670856237411499,-0.15523749589920044,0.5156450271606445,2.145246982574463,-0.8996402621269226,-0.5576890484321585,-0.38714086400347925,0.16288308724075357
11.855653291666613,0.15306785702705383,0.04713892936706543,-0.12420633435249329,0.5728397369384766,2.100741386413574,-0.9158247113227844,-0.5383238078687296,-0.37761881021113913,0.15760069591845952
11.865708291666579,0.13395479321479797,0.04384225606918335,-0.05865710973739624,0.4271261990070343,2.068225383758545,-0.9384559988975525,-0.519537664241683,-0.36849443226094175,0.15173504241240116
11.875764291666655,0.10571014881134033,0.005582630634307861,0.0025124847888946533,0.18356649577617645,2.041706085205078,-0.9582149982452393,-0.5014113177796762,-0.3611521208214789,0.14436879776271222
11.885820291666732,0.10711269080638885,0.019802212715148926,0.04744601249694824,0.03803246468305588,2.063477039337158,-0.9695166349411011,-0.4836895826652292,-0.3556253289618649,0.13571778113639532
11.895875291666698,0.09841196984052658,0.04209935665130615,0.061494678258895874,0.009533710777759552,2.0991804599761963,-0.985865592956543,-0.465969117489895,-0.35106813274480336,0.12641923780803505
11.905931291666775,0.11243642866611481,0.025949478149414062,0.026215046644210815,0.2425381988286972,2.0782718658447266,-0.9739546179771423,-0.44783240074690606,-0.34572524262329585,0.1174297151034015
11.915987291666625,0.11265435069799423,0.034755825996398926,-0.05230090022087097,0.5104231834411621,2.054513931274414,-0.9811742901802063,-0.42961351983450624,-0.3380280162927948,0.10973967182152716
11.92604229166659,0.08127933740615845,0.013475656509399414,-0.036976248025894165,0.5302128791809082,2.0062270164489746,-0.9995520114898682,-0.41160429389467346,-0.32907459340841577,0.10243554435423029
11.936098291666667,0.07944251596927643,0.010632991790771484,0.02948671579360962,0.38269808888435364,1.9833223819732666,-1.0178608894348145,-0.3941711025578426,-0.320844048314102,0.09454180430475574
11.946154291666744,0.06430921703577042,-0.003815889358520508,0.07412615418434143,0.174506276845932,1.9639958143234253,-1.0313183069229126,-0.37709156476113315,-0.31439785582156504,0.08555706441228057
11.956210291666594,0.06715767830610275,-0.013666212558746338,0.1033860445022583,0.05666722357273102,1.9803950786590576,-1.0288171768188477,-0.36020879937026773,-0.3096616623372722,0.07577201241897119
11.966265291666787,0.07790151983499527,0.028723478317260742,0.10219857096672058,0.012606021948158741,2.045325994491577,-1.0433398485183716,-0.34299215800345334,-0.30578140470677173,0.06560596246205576
11.976321291666636,0.09156787395477295,0.023168623447418213,0.10767069458961487,0.0930190160870552,2.1018455028533936,-1.0503803491592407,-0.3251714530214261,-0.3019499270196477,0.05528569711466023
11.986377291666713,0.1020161360502243,0.04243665933609009,0.07357671856880188,0.29366371035575867,2.1550779342651367,-1.055216670036316,-0.3066771660896763,-0.2968505980509417,0.04537937103764459
11.996432291666679,0.10320904850959778,0.03655427694320679,0.043269574642181396,0.44587334990501404,2.177809476852417,-1.0639557838439941,-0.28755388914257773,-0.2901074337671769,0.03583893418696469
12.006488624999974,0.12639155983924866,0.019044458866119385,0.037261366844177246,0.4822057783603668,2.176752805709839,-1.0652716159820557,-0.26816682956491406,-0.28261881428936736,0.026389171041936468
12.016544625000051,0.13325390219688416,0.019418299198150635,0.05661073327064514,0.4136706590652466,2.174603223800659,-1.080976128578186,-0.24895526669863383,-0.27546200533816756,0.016742054972930274
12.026599625000017,0.13924038410186768,0.0016092658042907715,0.0703423023223877,0.30792877078056335,2.155010461807251,-1.0873656272888184,-0.22979888993124067,-0.2693979106147826,0.006567683596517047
12.036655625000094,0.15690408647060394,-0.006670951843261719,0.0453648567199707,0.32221361994743347,2.1273016929626465,-1.0741914510726929,-0.21089332945167238,-0.26403842523389853,-0.003803701829288755
12.046711624999944,0.17887341976165771,-0.02294635772705078,-0.043200016021728516,0.4680275619029999,2.0477147102355957,-1.0456160306930542,-0.19240211000788865,-0.25807090081966894,-0.013814359351755906
12.05676662499991,0.18513834476470947,-0.052364468574523926,-0.13716435432434082,0.6298457980155945,1.9265663623809814,-1.0046614408493042,-0.17478377843389478,-0.25074028391381076,-0.02324348747704322
12.066822624999986,0.17381983995437622,-0.07774341106414795,-0.20475053787231445,0.7036704421043396,1.7711995840072632,-0.9574210047721863,-0.15829186647616772,-0.24242752625466923,-0.032172403544165125
12.076878625000063,0.16262543201446533,-0.11152595281600952,-0.24007385969161987,0.6328964829444885,1.6204183101654053,-0.9096134901046753,-0.14326179489525886,-0.23431571271251872,-0.040695934081550665
12.086934624999913,0.14643797278404236,-0.13835161924362183,-0.25328177213668823,0.4433039724826813,1.4791620969772339,-0.8506646752357483,-0.1294392935174849,-0.2276925132952858,-0.04901237982313611
12.096989625000106,0.12968747317790985,-0.1787620186805725,-0.241032212972641,0.20511125028133392,1.3551998138427734,-0.7918514609336853,-0.11694905330685415,-0.22345596509272758,-0.0570147189282247
12.107045624999955,0.10909612476825714,-0.18635344505310059,-0.2338060736656189,0.01756265200674534,1.2486363649368286,-0.7228090167045593,-0.10549117274729128,-0.22159464282977026,-0.06470520845084293
12.117101625000032,0.10075239837169647,-0.17995601892471313,-0.23207718133926392,-0.06469032168388367,1.1619517803192139,-0.6547496914863586,-0.09481715107762123,-0.22121266717375943,-0.07185377767953688
12.127156624999998,0.08890754729509354,-0.17921000719070435,-0.2252713441848755,-0.0914500281214714,1.1008244752883911,-0.5965287089347839,-0.08468055440358534,-0.221475462114508,-0.07845386144328045
12.137212625000075,0.08543168008327484,-0.15574759244918823,-0.1906411051750183,-0.09529834240674973,1.0585341453552246,-0.5434564352035522,-0.07490131717791224,-0.22199023164642567,-0.0845062406772037
12.147268624999924,0.08158281445503235,-0.1345950961112976,-0.1488555371761322,-0.11301448941230774,1.023459792137146,-0.4942641854286194,-0.06548240131194971,-0.22266668409343113,-0.08997998364343453
12.157323625000117,0.0843740776181221,-0.12260305881500244,-0.10817313194274902,-0.107026107609272,0.9792681336402893,-0.43942809104919434,-0.056401887848227944,-0.22352526197909006,-0.09489714321007746
12.167379624999967,0.08597168326377869,-0.08635014295578003,-0.07970422506332397,-0.07863681018352509,0.9373267889022827,-0.40602460503578186,-0.04760743706306838,-0.22425077514143574,-0.09937144693274519
12.177435625000044,0.08421805500984192,-0.06594681739807129,-0.05508601665496826,-0.036500267684459686,0.9004886150360107,-0.3742908835411072,-0.039187930596579934,-0.22467391071118795,-0.1034435796178171
12.18749062500001,0.08683218061923981,-0.03579890727996826,-0.03671029210090637,-0.000614708405919373,0.8655021786689758,-0.3650995194911957,-0.031124843164113455,-0.22474693120774564,-0.10724349410435069
12.197546625000086,0.08171314746141434,-0.03384369611740112,-0.013526558876037598,0.02730613760650158,0.8395757675170898,-0.35910794138908386,-0.023308863136989946,-0.22453077087426213,-0.1109913389489445
12.207602624999936,0.08067496865987778,-0.010433971881866455,0.007411837577819824,0.030965587124228477,0.8252722024917603,-0.35865283012390137,-0.015756838547944924,-0.22414521179008873,-0.11465474042561377
12.217657624999902,0.075725257396698,-0.002935945987701416,0.03075176477432251,0.024469872936606407,0.8123108148574829,-0.35955554246902466,-0.008230868534753575,-0.22389457673367127,-0.11836751933941507
12.227713624999978,0.07081890106201172,-0.006864964962005615,0.03641083836555481,0.060667820274829865,0.8124205470085144,-0.3452278673648834,-0.0007583814971194187,-0.2234778533122231,-0.12205837458015345
12.237769625000055,0.06037969887256622,0.007690072059631348,0.04395759105682373,0.0938694104552269,0.813234269618988,-0.34020107984542847,0.006723093092183337,-0.2227198399910246,-0.12558462445353588
12.247825624999905,0.05586826056241989,-0.02865809202194214,0.023177355527877808,0.12008316814899445,0.7910118103027344,-0.32664480805397034,0.014193244070829019,-0.22172112756008494,-0.12905981864538132
12.257880625000098,0.06534906476736069,-0.038000404834747314,-0.012692183256149292,0.14148397743701935,0.7682148814201355,-0.30487924814224243,0.021479691888344737,-0.22047528662695579,-0.13239118924389232
12.267936624999948,0.061158187687397,-0.038168251514434814,-0.02823638916015625,0.154772087931633,0.7518604397773743,-0.2799030840396881,0.028632642211640472,-0.21906239978874564,-0.1354736785454082
12.277992625000024,0.05217212811112404,-0.06461787223815918,-0.037548720836639404,0.14265553653240204,0.7308183312416077,-0.2499540150165558,0.03555873171234022,-0.21768382380876797,-0.13828618217348237
12.28804762499999,0.0518612340092659,-0.07176154851913452,-0.045144617557525635,0.13153816759586334,0.7104992270469666,-0.23007965087890625,0.04232962177041216,-0.21645292554061027,-0.14079713483005737
12.298103625000067,0.05465037003159523,-0.06949448585510254,-0.061858415603637695,0.12641163170337677,0.6920175552368164,-0.21064548194408417,0.04899648538218146,-0.21529059459305785,-0.14312246218969
12.308159624999917,0.055766668170690536,-0.06910049915313721,-0.06835362315177917,0.1440148651599884,0.6767270565032959,-0.19612646102905273,0.055571165546069536,-0.21407574652543257,-0.14531624668225407
12.31821462500011,0.0521305613219738,-0.0592229962348938,-0.07174742221832275,0.19009292125701904,0.6561726331710815,-0.17029334604740143,0.06208517863168878,-0.2125437485505005,-0.14737961464114602
12.32827062499996,0.050841350108385086,-0.06000036001205444,-0.0786084532737732,0.21857783198356628,0.6299481987953186,-0.14714835584163666,0.06838232042932713,-0.21059990228555164,-0.14920845285331247
12.338326625000036,0.048566095530986786,-0.06689578294754028,-0.0878053605556488,0.2301516979932785,0.5756837725639343,-0.11667589098215103,0.0743056634479666,-0.20848127593187749,-0.1507729260227864
12.348381625000002,0.04918752983212471,-0.07553482055664062,-0.10621494054794312,0.28471508622169495,0.5192599296569824,-0.08631079643964767,0.07967329156266724,-0.20598283307720744,-0.152058734402156
12.358437625000079,0.044876594096422195,-0.042440712451934814,-0.1016380786895752,0.2887030839920044,0.4580141305923462,-0.0575731061398983,0.08452081835976456,-0.20313313984368506,-0.1530625962760773
12.368493624999928,0.04467599838972092,-0.05894052982330322,-0.10515323281288147,0.19373288750648499,0.3884281516075134,-0.03890647739171982,0.08890152428062947,-0.20073916040553014,-0.15389872067381757
12.378548625000121,0.056120581924915314,-0.0783340334892273,-0.1074361801147461,0.1064789891242981,0.3101467788219452,-0.0053365593776106834,0.09254604955991011,-0.19929927938656528,-0.15434988234032618
12.38860462499997,0.06804022938013077,-0.06309294700622559,-0.12488886713981628,0.039259470999240875,0.23454895615577698,0.02816307730972767,0.09541792131785615,-0.1985696103418971,-0.15436639425985785
12.398660625000048,0.07692425698041916,-0.07026141881942749,-0.13995361328125,-0.02533132955431938,0.15303412079811096,0.057820942252874374,0.09750538805869687,-0.19841781946915238,-0.15392611502411535
12.408716624999897,0.08785044401884079,-0.08668720722198486,-0.15492302179336548,-0.07378248870372772,0.06420198827981949,0.09462902694940567,0.09884160703052114,-0.19885745257818216,-0.15309483251568415
12.41877162500009,0.09227139502763748,-0.08521842956542969,-0.16028523445129395,-0.09626364707946777,-0.014102136716246605,0.13356247544288635,0.09943049472879685,-0.19955925966450389,-0.1518685009024495
12.42882762499994,0.08866707980632782,-0.09594893455505371,-0.16985231637954712,-0.12201455235481262,-0.0889580026268959,0.17495092749595642,0.09925631158449766,-0.20045066319420032,-0.15015888479794953
12.438883625000017,0.08911702036857605,-0.10245496034622192,-0.16803652048110962,-0.1562865525484085,-0.16462945938110352,0.22171248495578766,0.09846257936999023,-0.20163456383809011,-0.1479914452756734
12.448938624999982,0.07752490788698196,-0.10849285125732422,-0.15362927317619324,-0.19939114153385162,-0.23173151910305023,0.25593996047973633,0.09710581626947269,-0.2031687346297874,-0.14541649511077395
12.45899462500006,0.06906960159540176,-0.10494434833526611,-0.1363074779510498,-0.22472167015075684,-0.28854647278785706,0.28865528106689453,0.09510522655407798,-0.20503804677083942,-0.14241169045880206
12.469050624999909,0.06639163941144943,-0.08285677433013916,-0.13252782821655273,-0.2406817227602005,-0.33736008405685425,0.3110617697238922,0.09263427895659619,-0.2070695073500431,-0.13911764443632232
12.479105625000102,0.06925278902053833,-0.06348222494125366,-0.11633479595184326,-0.27139344811439514,-0.3841221332550049,0.3233755826950073,0.0897592297293805,-0.20930996399235574,-0.13561705514471817
12.489161624999952,0.06601270288228989,-0.043456315994262695,-0.08528134226799011,-0.2840684950351715,-0.41838183999061584,0.3250342011451721,0.08659924818358893,-0.21180930288954072,-0.1320931996284233
12.499217625000028,0.06044325605034828,-0.020419597625732422,-0.07454675436019897,-0.281061053276062,-0.4616941511631012,0.3270378112792969,0.0830232980734869,-0.21440531648910274,-0.12855857753653813
12.509272624999994,0.06395569443702698,-0.00036716461181640625,-0.06095767021179199,-0.2308378368616104,-0.4966023564338684,0.3174389898777008,0.07905388155640747,-0.21674070756447586,-0.12509823569689107
12.519328625000071,0.041813574731349945,0.0230293869972229,-0.05455070734024048,-0.1914466768503189,-0.5157294273376465,0.3135750889778137,0.07479628069909755,-0.2185621251734958,-0.12170292470243078
12.52938462499992,0.031960710883140564,0.013428092002868652,-0.026722639799118042,-0.18508198857307434,-0.5364254117012024,0.3108871579170227,0.07016586264926002,-0.22017771270337946,-0.11833035265113087
12.539439625000114,0.017758339643478394,0.030568301677703857,-0.0049704015254974365,-0.17277514934539795,-0.536918580532074,0.30850905179977417,0.06559638501745549,-0.22173659950035662,-0.11505219335026289
12.549495624999963,0.008039779961109161,0.008401155471801758,-0.004831194877624512,-0.17294293642044067,-0.5601341724395752,0.305230975151062,0.0608417012802039,-0.2232473855693404,-0.1117554825995008
12.55955162500004,0.010519814677536488,0.023126542568206787,-0.005101591348648071,-0.16387717425823212,-0.5595645308494568,0.2969760596752167,0.05593171250778065,-0.2247232602308577,-0.10852406223755744
12.569607625000117,0.007783130742609501,0.03188025951385498,-0.01318514347076416,-0.16677549481391907,-0.5617722868919373,0.2904750406742096,0.051072017907451465,-0.22617371983984547,-0.10541873829708942
12.579662625000083,0.01714734360575676,0.0017484426498413086,-0.02545410394668579,-0.1557169407606125,-0.5731276273727417,0.28695735335350037,0.04603992146920289,-0.22762556402834602,-0.10232126991994883
12.589718624999932,0.016523104161024094,-0.0019939541816711426,-0.0379234254360199,-0.12908746302127838,-0.5763542652130127,0.28331202268600464,0.04092529260779389,-0.22886236058902631,-0.09927613378459757
12.599774625000009,0.02518867515027523,-0.005808234214782715,-0.052793264389038086,-0.10349545627832413,-0.6013666987419128,0.28602585196495056,0.03572623062189803,-0.22988715760910994,-0.09628672161246407
12.609829624999975,0.04103216901421547,-0.007150709629058838,-0.06893789768218994,-0.047951776534318924,-0.6155392527580261,0.29207733273506165,0.030360208549057154,-0.23051642441125147,-0.09328683055350773
12.619885625000052,0.046589870005846024,-0.027367472648620605,-0.0899152159690857,-0.012201767414808273,-0.6550943851470947,0.2967211902141571,0.024777030209614772,-0.23066891866748684,-0.09023660069106193
12.629941624999901,0.06804610043764114,-0.031426846981048584,-0.09733772277832031,0.0007052430883049965,-0.6895647644996643,0.30151885747909546,0.018792644054530218,-0.230574956518709,-0.08710532482093407
12.639996625000094,0.07476736605167389,-0.02944880723953247,-0.10279929637908936,0.008924158290028572,-0.7350282073020935,0.3095169961452484,0.01231735532824043,-0.2304326955104916,-0.08388534211641842
12.650052624999944,0.08918778598308563,-0.03679168224334717,-0.11913764476776123,0.02815830521285534,-0.7851398587226868,0.32692795991897583,0.005380114691377781,-0.2301486902937847,-0.08051875389753183
12.66010862500002,0.09788374602794647,-0.05314749479293823,-0.1279463768005371,0.030686533078551292,-0.8343713283538818,0.34899720549583435,-0.0020691867514082813,-0.22975349542925066,-0.07690486132297426
12.670163624999986,0.09502740949392319,-0.06252890825271606,-0.11623185873031616,-0.002673553768545389,-0.8785068392753601,0.3571198582649231,-0.009976353747317965,-0.22952707304318556,-0.07312937900893297
12.680219625000063,0.09482009708881378,-0.07497787475585938,-0.10569709539413452,-0.04558001086115837,-0.9337943196296692,0.3843587040901184,-0.018422725492719828,-0.2297778776816904,-0.0691746426098803
12.690275624999913,0.11543115228414536,-0.06854265928268433,-0.11926853656768799,-0.07158657163381577,-0.9749862551689148,0.4133584201335907,-0.0271590579691323,-0.2303734833728054,-0.06498050908620379
12.700330625000106,0.10698061436414719,-0.09144103527069092,-0.11286771297454834,-0.14325445890426636,-1.024740219116211,0.4313325881958008,-0.03622256816895364,-0.23147178596183646,-0.060622626445992034
12.710386624999956,0.10075538605451584,-0.0996364951133728,-0.08244597911834717,-0.2334328144788742,-1.0742064714431763,0.4599522650241852,-0.0457134287126159,-0.23353748039992905,-0.05607965402339621
12.720442625000032,0.10544247925281525,-0.08328956365585327,-0.07297927141189575,-0.27493518590927124,-1.0958633422851562,0.4965490996837616,-0.05563650050337398,-0.2362924098733154,-0.051179281614419654
12.73049862500011,0.09999419003725052,-0.08287030458450317,-0.06821703910827637,-0.3405892848968506,-1.1215779781341553,0.5233429074287415,-0.06563215355997239,-0.2396122173479875,-0.04603299349987214
12.740553625000075,0.0973733589053154,-0.09788680076599121,-0.041365861892700195,-0.39077410101890564,-1.1486356258392334,0.559481143951416,-0.07580250275537502,-0.24370134312659208,-0.04067542605164771
12.750609624999925,0.09002290666103363,-0.07169950008392334,-0.036034464836120605,-0.3810138702392578,-1.1642755270004272,0.5897458791732788,-0.0860703526026232,-0.24800423871802063,-0.03505408243269921
12.760665625000001,0.07999362051486969,-0.08091562986373901,-0.0416947603225708,-0.346218079328537,-1.1928297281265259,0.6228293180465698,-0.09629673159236352,-0.2522018064248886,-0.029157306099509755
12.770720624999967,0.08388526737689972,-0.06924420595169067,-0.048980385065078735,-0.2523919939994812,-1.2162381410598755,0.6566640138626099,-0.10685114589650956,-0.25586450970402047,-0.02287878646344912
12.780776625000044,0.07839538156986237,-0.0425984263420105,-0.052224546670913696,-0.13128602504730225,-1.2311670780181885,0.6803576350212097,-0.11740575401742001,-0.25849296211014616,-0.016188130038335215
12.790832625000121,0.07883176952600479,-0.0471419095993042,-0.05762583017349243,-0.07242857664823532,-1.2475171089172363,0.6995065808296204,-0.12807176105364826,-0.2602958771872704,-0.009140143132444314
12.800887625000087,0.07254074513912201,-0.040130615234375,-0.04322361946105957,-0.04350132495164871,-1.2721552848815918,0.7112751007080078,-0.1388846296235448,-0.26177257963539,-0.0019133758954978791
12.810943624999936,0.0645843893289566,-0.027956724166870117,-0.03292778134346008,-0.02874501422047615,-1.316447377204895,0.7334200739860535,-0.14994588710163176,-0.2631270714925847,0.0054874087505400624
12.820999625000013,0.0672903060913086,-0.03335154056549072,-0.05047371983528137,-0.03146587684750557,-1.3698054552078247,0.7468364238739014,-0.1615523325673348,-0.264563670609002,0.013099657266524295
12.831054624999979,0.0686575323343277,-0.01213294267654419,-0.0645376443862915,-0.01775112934410572,-1.4260690212249756,0.7680724859237671,-0.17363962148988854,-0.2661021292084362,0.02086001183235363
12.841110625000056,0.06770090758800507,-0.006803691387176514,-0.08752048015594482,-0.023208433762192726,-1.4794466495513916,0.7826632857322693,-0.18607910693142962,-0.2676441079352072,0.02875871025198831
12.851166624999905,0.05778569355607033,-0.007967948913574219,-0.08318310976028442,-0.0720987468957901,-1.5303007364273071,0.7786983847618103,-0.19910416599506112,-0.26959881846280503,0.03669621931245464
12.861221625000098,0.04831767827272415,-0.0018453001976013184,-0.08214670419692993,-0.13328371942043304,-1.5939319133758545,0.7846084237098694,-0.21276039196165575,-0.2722185575315972,0.04448874033186352
12.871277624999948,0.05092383548617363,0.009604275226593018,-0.08528566360473633,-0.17882724106311798,-1.6377533674240112,0.7740604877471924,-0.22707689053008953,-0.2754432133594429,0.052135307279717366
12.881333625000025,0.04976431280374527,0.02623194456100464,-0.08901593089103699,-0.23927974700927734,-1.6871808767318726,0.763070821762085,-0.24186146776675657,-0.2792749409167516,0.059490966756535604
12.891389625000102,0.062261126935482025,0.02248227596282959,-0.08675134181976318,-0.23676519095897675,-1.7578566074371338,0.7598670125007629,-0.25734407861752157,-0.2835168326957379,0.06663841412294866
12.901444625000067,0.05867326632142067,0.03053605556488037,-0.08936572074890137,-0.1989612728357315,-1.8000699281692505,0.7460711598396301,-0.27333346065319514,-0.2875717882511848,0.07373857489782368
12.911500624999917,0.05694705620408058,0.036900877952575684,-0.08946886658668518,-0.20849564671516418,-1.8383173942565918,0.7214909791946411,-0.28973109319901025,-0.29151425566158534,0.08060323993882934
12.921556624999994,0.06492239236831665,0.04853713512420654,-0.06465744972229004,-0.20650014281272888,-1.86738121509552,0.709775447845459,-0.3065469705995841,-0.29559436236813497,0.08725417674029799
12.93161162499996,0.048376236110925674,0.03155100345611572,-0.04117089509963989,-0.21679192781448364,-1.8875008821487427,0.6878703832626343,-0.3237266385936044,-0.29972117621859545,0.09366618533163468
12.941667625000036,0.05102108418941498,0.026070117950439453,-0.019423723220825195,-0.20911549031734467,-1.8948978185653687,0.6770919561386108,-0.34119368096912234,-0.30394718634148776,0.09986197407113308
12.951723625000113,0.06246652826666832,0.0458185076713562,-0.0021732449531555176,-0.1804814487695694,-1.8770558834075928,0.6654667258262634,-0.3585484071726595,-0.3080191513413929,0.10595797989153083
12.961778625000079,0.06033632159233093,0.02838653326034546,0.03320631384849548,-0.18534070253372192,-1.8648312091827393,0.6575126647949219,-0.37575524821075884,-0.3120248074910889,0.11195995839479207
12.971834624999929,0.06891367584466934,0.0239601731300354,0.06931465864181519,-0.17426088452339172,-1.83053457736969,0.6443138122558594,-0.3928026468050677,-0.3161036827226093,0.11776890582729094
12.981890625000005,0.0674666091799736,0.04049605131149292,0.08225923776626587,-0.14504268765449524,-1.7742000818252563,0.6279465556144714,-0.40937365354268906,-0.3200213088331779,0.1234457056617149
12.991945624999971,0.06562303751707077,0.029089033603668213,0.08101442456245422,-0.08586324751377106,-1.714759111404419,0.6220777630805969,-0.42526492558964063,-0.32358759076095767,0.12911597348183698
13.002000541666575,0.05352466180920601,0.03500676155090332,0.08833041787147522,0.007869723252952099,-1.6403703689575195,0.630005955696106,-0.44049849538862523,-0.32655513700954253,0.13516437958521466
13.012056541666652,0.0338556133210659,0.026146113872528076,0.10517272353172302,0.07491613924503326,-1.5665267705917358,0.6374683976173401,-0.4546564340545121,-0.3288854284858342,0.14151640780152103
13.022111541666618,0.025931071490049362,-0.0004348158836364746,0.11838895082473755,0.15336064994335175,-1.5094441175460815,0.6529650688171387,-0.4680979164479839,-0.3307275148844641,0.14829539730463995
13.032167541666695,0.03665706887841225,0.02596437931060791,0.10338187217712402,0.2660946547985077,-1.4298465251922607,0.6679162979125977,-0.4804860572941008,-0.3318508814761246,0.15563138090210585
13.042223541666772,0.04222238063812256,0.023868978023529053,0.0899876058101654,0.3232230544090271,-1.3758516311645508,0.6806020736694336,-0.492011798883048,-0.33230935419751934,0.1635329788937925
13.052278541666738,0.03993554413318634,0.0106009840965271,0.12743663787841797,0.3576686382293701,-1.3239322900772095,0.6874474883079529,-0.5030876619827886,-0.3325828160577969,0.17178400554578535
13.062334541666587,0.035211216658353806,0.039154112339019775,0.13475283980369568,0.36555078625679016,-1.264849305152893,0.6761350631713867,-0.5135890655717573,-0.33272545561699557,0.18010376015444893
13.072390541666664,0.04350847750902176,0.025084197521209717,0.1281900703907013,0.36574384570121765,-1.228458046913147,0.6741992235183716,-0.5236310861818705,-0.3329637399978723,0.1883685339062095
13.08244554166663,0.0478457473218441,0.04688763618469238,0.12191182374954224,0.40026596188545227,-1.1948270797729492,0.6730623841285706,-0.5331676232868311,-0.33307148626940175,0.19663484955635582
13.092501541666707,0.03373028337955475,0.011243760585784912,0.09988021850585938,0.4503786861896515,-1.1793583631515503,0.6654936671257019,-0.5423732575510398,-0.3328481039890417,0.20513129702305413
13.102557541666783,0.041633639484643936,0.031194686889648438,0.0949023962020874,0.46789348125457764,-1.1450570821762085,0.6575755476951599,-0.5513193339132714,-0.33233687786235544,0.21377481562518658
13.112613541666633,0.039356671273708344,0.032225608825683594,0.08961755037307739,0.3967095911502838,-1.1056060791015625,0.6420189738273621,-0.5599908318479124,-0.3320698686435213,0.2221699783439008
13.122668541666599,0.04427815601229668,0.014507651329040527,0.10792160034179688,0.2934771180152893,-1.0770515203475952,0.6333020329475403,-0.5684845185963847,-0.33260205169399876,0.22990780667590566
13.132724541666676,0.04795480892062187,0.01531296968460083,0.09553787112236023,0.23589317500591278,-1.0315241813659668,0.6241477131843567,-0.5768877813615265,-0.3338391249698772,0.2370880134080465
13.142780541666752,0.06619423627853394,0.018448472023010254,0.054436057806015015,0.2227386087179184,-0.9904711842536926,0.6223517656326294,-0.5848649996890686,-0.33537275928854265,0.24402949550573108
13.152835541666718,0.08667956292629242,0.0016393661499023438,0.02499490976333618,0.23380404710769653,-0.9765220880508423,0.6205980777740479,-0.5925240424233141,-0.3369480043089774,0.2509366069765397
13.162891541666568,0.08397707343101501,-0.003855586051940918,-0.002293139696121216,0.2926425039768219,-0.9740687608718872,0.6288322806358337,-0.6001276405327182,-0.3383294444867137,0.2581144079693238
13.172947541666645,0.08325266093015671,-0.001377880573272705,-0.02946019172668457,0.313374400138855,-0.9859211444854736,0.6381376385688782,-0.6076977749073496,-0.3395008077540586,0.2656548897288462
13.18300254166661,0.07417159527540207,-0.026745140552520752,-0.035981059074401855,0.2383425235748291,-1.000553846359253,0.6326771378517151,-0.6154756812213042,-0.34094244516451366,0.2730159575472804
13.193058541666687,0.05828212946653366,-0.022046804428100586,-0.017693817615509033,0.12253682315349579,-1.0164707899093628,0.6382793188095093,-0.6235792234922855,-0.3432213832379342,0.27977745353104994
13.203114541666764,0.05448659881949425,-0.03870946168899536,-0.012798219919204712,0.03669915348291397,-1.0472707748413086,0.6494366526603699,-0.6321180370435271,-0.34647764502663103,0.2859321508050992
13.21316954166673,0.0507996492087841,-0.04825204610824585,-0.02666953206062317,0.030833806842565536,-1.075929880142212,0.6756376624107361,-0.6410323293675395,-0.35027901569152503,0.2919418933807218
13.22322554166658,0.04548334702849388,-0.038245439529418945,-0.03517189621925354,0.04357139393687248,-1.108413577079773,0.7104018926620483,-0.650048367927929,-0.3542022807578931,0.29820593659988515
13.233281541666656,0.030017953366041183,-0.0539897084236145,-0.030720114707946777,0.0014756065793335438,-1.1436320543289185,0.7328094840049744,-0.6593323991376056,-0.35847364890541344,0.3046364405104928
13.243336541666622,0.036848656833171844,-0.024250149726867676,-0.016872942447662354,-0.08691652864217758,-1.1703517436981201,0.7347102761268616,-0.6690747928960249,-0.363431948349617,0.31065453798627796
13.253392541666699,0.04815772548317909,-0.021580994129180908,-0.014779746532440186,-0.12951086461544037,-1.2358615398406982,0.7428537011146545,-0.6794608448990345,-0.36904270889520346,0.31621649694950055
13.263448541666776,0.04330053552985191,-0.027629613876342773,-0.022147178649902344,-0.09765487909317017,-1.280221700668335,0.7413159012794495,-0.6904066608718046,-0.3747853882928711,0.3217419498112623
13.273504541666625,0.04287843406200409,-0.0009614229202270508,-0.0397489070892334,-0.06785224378108978,-1.3116289377212524,0.7417201399803162,-0.7014919028228115,-0.38023018154796817,0.327412670530919
13.283559541666591,0.051919836550951004,-0.0036690831184387207,-0.022361695766448975,-0.08281033486127853,-1.3452539443969727,0.7433505058288574,-0.7128881316967873,-0.3856629399794524,0.33312838327019645
13.293615541666668,0.04877031221985817,-0.01803147792816162,0.012206315994262695,-0.16192485392093658,-1.3814030885696411,0.7314067482948303,-0.724871606403284,-0.3915289132426175,0.3383810599690129
13.303671541666745,0.05238635092973709,-0.00577855110168457,0.03737345337867737,-0.2539162039756775,-1.4028615951538086,0.7217761278152466,-0.7373293304261792,-0.3980060129883624,0.3428058881381818
13.31372654166671,0.06103217974305153,-0.010278582572937012,0.043402791023254395,-0.3572159707546234,-1.4134801626205444,0.7152959108352661,-0.7503236337787795,-0.40523492576788406,0.3464034933813205
13.323782541666787,0.06696711480617523,-0.004312098026275635,0.06861233711242676,-0.428886741399765,-1.4054018259048462,0.7214876413345337,-0.7636268190456309,-0.41316722046486914,0.34924618394323814
13.333838541666637,0.07349932938814163,0.017863094806671143,0.09054088592529297,-0.5278149247169495,-1.3604985475540161,0.7075675129890442,-0.7768316669256445,-0.42167132174477046,0.35129977804022156
13.343893541666603,0.08943217992782593,0.011611223220825195,0.12350192666053772,-0.6150319576263428,-1.3027544021606445,0.6858890652656555,-0.7900171026059938,-0.43079169992752364,0.3523363253350649
13.35394954166668,0.10673128068447113,0.032034456729888916,0.1292876899242401,-0.5869928598403931,-1.2192115783691406,0.6714068055152893,-0.8026075328745138,-0.4399816180806185,0.3528138110892585
13.364005541666756,0.10575452446937561,0.06165289878845215,0.13357847929000854,-0.4544921815395355,-1.1156249046325684,0.6496992707252502,-0.8139803541365124,-0.448449836173856,0.35370838978023256
13.374060541666722,0.09693558514118195,0.05660504102706909,0.12383663654327393,-0.17119763791561127,-1.0480091571807861,0.6415417194366455,-0.8239286515599394,-0.45545908565595467,0.356022009702997
13.384116541666572,0.09281857311725616,0.045796096324920654,0.0639042854309082,0.2037781924009323,-0.958575427532196,0.6390438079833984,-0.832013553543253,-0.46017418309399105,0.3611181819664315
13.394172541666649,0.06528321653604507,0.05381137132644653,0.05503588914871216,0.47605660557746887,-0.8880163431167603,0.616810142993927,-0.8379560687349638,-0.4625239538225798,0.3688126571383006
13.404227541666614,0.04869735985994339,0.048026859760284424,0.09194028377532959,0.6245042681694031,-0.8379284739494324,0.5967275500297546,-0.8425293732432683,-0.46335202198163356,0.3780519703163148
13.414283541666691,0.03520844131708145,0.012199938297271729,0.07178571820259094,0.7524372339248657,-0.8180157542228699,0.6169654130935669,-0.8462702879081073,-0.4633306945086828,0.3884030948017466
13.424339541666768,0.02279704064130783,0.00862264633178711,0.030821889638900757,0.824460506439209,-0.8284907937049866,0.6486789584159851,-0.8494350547795364,-0.46281823752880424,0.39981017149717035
13.434395541666618,-0.0068197548389434814,-0.030589759349822998,0.000249326229095459,0.7614948749542236,-0.8663023710250854,0.6946390271186829,-0.8525898177995215,-0.46255703060178555,0.41153218845258416
13.444450541666583,-0.019843898713588715,-0.023477017879486084,0.029777973890304565,0.5309318900108337,-0.894280731678009,0.7097856998443604,-0.8565870113963505,-0.46354058136092857,0.4222618486835506
13.45450654166666,-0.05205044895410538,-0.04539543390274048,0.027608484029769897,0.2098076492547989,-0.9474014639854431,0.7409926056861877,-0.8620091417936941,-0.46661280392846016,0.43074244806513556
13.464562541666737,-0.06071670353412628,-0.02950066328048706,0.003460913896560669,-0.039989277720451355,-0.9939352869987488,0.7709852457046509,-0.8689662801903874,-0.4719039790337196,0.4369377336044295
13.474617541666703,-0.08721546083688736,-0.012005984783172607,-0.029334932565689087,-0.25453752279281616,-1.0196353197097778,0.7791973948478699,-0.877155410869931,-0.4788631990724115,0.44133215989816804
13.48467354166678,-0.08355171233415604,0.0004024505615234375,-0.029386937618255615,-0.3999983072280884,-1.0296536684036255,0.7575174570083618,-0.8863946792609275,-0.4870551558282341,0.4440023485137588
13.49472954166663,-0.07453935593366623,0.01635366678237915,-0.06698614358901978,-0.38543641567230225,-1.0490350723266602,0.7427190542221069,-0.8962062253407534,-0.49556495977783815,0.4458923015981806
13.504784541666595,-0.07230651378631592,0.029467105865478516,-0.12409982085227966,-0.2763439416885376,-1.022939682006836,0.6999709010124207,-0.9057814571536272,-0.5034314072316468,0.44813785488250707
13.514840541666672,-0.06540452688932419,0.07082796096801758,-0.1479959487915039,-0.1911803036928177,-0.971118152141571,0.6479718685150146,-0.9146975780866585,-0.5103183386494649,0.45087087247643937
13.524896541666749,-0.047070249915122986,0.07199907302856445,-0.138151615858078,-0.09760579466819763,-0.9396318793296814,0.587057888507843,-0.9230080489267788,-0.5162346091089821,0.4539161728366004
13.534951541666715,-0.04006396234035492,0.08481836318969727,-0.1430666148662567,0.05014398694038391,-0.9054842591285706,0.5198711156845093,-0.9306885201155246,-0.5209466833929578,0.4576035107244897
13.545007541666564,-0.018008723855018616,0.12803101539611816,-0.13721108436584473,0.17064306139945984,-0.8898900747299194,0.4393751621246338,-0.9375414288169429,-0.524174362697734,0.4620629862211739
13.555063541666641,-0.001382783055305481,0.1210973858833313,-0.11588472127914429,0.24542516469955444,-0.8979517221450806,0.37142595648765564,-0.9442124476754719,-0.5262698476022841,0.4668593177708325
13.565118541666607,0.0039407238364219666,0.1289038062095642,-0.1013559103012085,0.2992395758628845,-0.9263805150985718,0.3296958804130554,-0.9508024169418737,-0.5274812366046493,0.47191781560268115
13.575174541666684,-0.004676714539527893,0.12650293111801147,-0.054369986057281494,0.22804714739322662,-0.9505577683448792,0.27346667647361755,-0.9580209606690332,-0.5284229572058065,0.4765878106509325
13.58523054166676,0.012522660195827484,0.12115103006362915,0.015658199787139893,0.09485446661710739,-0.9830637574195862,0.2373955100774765,-0.9662109090202661,-0.5296530004880786,0.4798433936484385
13.595285541666726,0.025749854743480682,0.1157178282737732,0.04824256896972656,0.01975012943148613,-1.0132306814193726,0.21864046156406403,-0.9752612570193849,-0.5312279966361292,0.48186226021149575
13.605341541666576,0.031470268964767456,0.12644392251968384,0.07472848892211914,-0.06794550269842148,-1.0251621007919312,0.19502931833267212,-0.9848991258545688,-0.5330657011398756,0.48301293412551544
13.615397541666653,0.03541659563779831,0.12353575229644775,0.12716346979141235,-0.1916125863790512,-1.045496940612793,0.16471749544143677,-0.9954072474139759,-0.5353067061797527,0.4829074787489347
13.62545354166673,0.03153560310602188,0.10333085060119629,0.16331136226654053,-0.2583778500556946,-1.050207257270813,0.13681751489639282,-1.0064647677008938,-0.5377548707931415,0.48161283477308864
13.635508541666695,0.03235361725091934,0.12720578908920288,0.18127381801605225,-0.3111342787742615,-1.017637014389038,0.10106831043958664,-1.0178034948131576,-0.5402147925236562,0.4794700807159917
13.645564541666772,0.029794655740261078,0.12380027770996094,0.21279895305633545,-0.3076721131801605,-0.963129460811615,0.07110442221164703,-1.0290345457754446,-0.5425678950084908,0.4768180325053089
13.655620541666622,0.02574610710144043,0.13008040189743042,0.23660564422607422,-0.23272304236888885,-0.9029622077941895,0.05015013366937637,-1.0396114301419987,-0.544483444971898,0.4744030215161656
13.665675541666587,0.011254101991653442,0.13170742988586426,0.2562132477760315,-0.14210450649261475,-0.8382962942123413,0.03154105693101883,-1.0491555222748663,-0.5457449992132026,0.4727242393802172
13.675731541666664,-0.008111074566841125,0.134538471698761,0.2710677981376648,-0.12159203737974167,-0.7425087690353394,0.012660576961934566,-1.0576242126972188,-0.5465403438353262,0.471568415152622
13.685787541666741,-0.029904071241617203,0.13096994161605835,0.30328476428985596,-0.20557278394699097,-0.6430400013923645,-0.020020244643092155,-1.065310544371033,-0.5472127451574925,0.46984653225272893
13.695842541666707,-0.04162454977631569,0.10372298955917358,0.3336852192878723,-0.19680540263652802,-0.5622692108154297,-0.04770433530211449,-1.0725056550470686,-0.5478992478274167,0.4675100508653666
13.705898541666784,-0.049300964921712875,0.11199378967285156,0.31087934970855713,-0.11960044503211975,-0.4734559953212738,-0.07413280010223389,-1.0786107550785071,-0.5480866013419688,0.4655020455596141
13.715954541666633,-0.03582943230867386,0.11203783750534058,0.2907191514968872,-0.08619561791419983,-0.36755913496017456,-0.11376995593309402,-1.0835009265265585,-0.5476691852295803,0.4639212783760945
13.726009541666599,-0.01963050290942192,0.11522799730300903,0.3255617022514343,-0.09029506146907806,-0.2573334276676178,-0.15458336472511292,-1.0872531367005471,-0.5467873437427656,0.46217795782375437
13.736065541666676,-0.015401329845190048,0.10654622316360474,0.3349427580833435,-0.038003891706466675,-0.15784838795661926,-0.17771664261817932,-1.0900128916687095,-0.5455648133445835,0.4604947451401109
13.746121541666753,0.00728423148393631,0.10467636585235596,0.2960782051086426,0.07280651479959488,-0.07149218767881393,-0.17927779257297516,-1.091441667658577,-0.543848858944315,0.45963142938967966
13.756176541666719,0.03042023628950119,0.0966109037399292,0.268772691488266,0.17386016249656677,-0.014724517241120338,-0.18516629934310913,-1.0915682445265,-0.5415944523410218,0.4599446859809914
13.766232541666568,0.045323025435209274,0.07311636209487915,0.21412807703018188,0.2325427383184433,0.02047315053641796,-0.1845761388540268,-1.0908623538773905,-0.5390071828388049,0.46110771358189623
13.776288541666645,0.040087129920721054,0.07811969518661499,0.17786261439323425,0.14977115392684937,0.06918023526668549,-0.197373166680336,-1.0898406456684928,-0.5363809802401792,0.46212321674011464
13.78634354166661,0.03552037104964256,0.05522918701171875,0.18174821138381958,-0.01042867824435234,0.09600798785686493,-0.2185603380203247,-1.0890468453538895,-0.5341524470113781,0.46166076922491434
13.796399541666688,0.03555674850940704,0.026044845581054688,0.16646069288253784,-0.09322529286146164,0.12170322984457016,-0.23430360853672028,-1.0887802608771182,-0.5323527280433844,0.459769646497038
13.806455541666764,0.03806587681174278,0.04170292615890503,0.1279228925704956,-0.14600549638271332,0.1403549462556839,-0.24415700137615204,-1.0886717672668094,-0.5307634352432031,0.4572013996022184
13.816511541666614,0.022724393755197525,0.029559850692749023,0.13709014654159546,-0.20484724640846252,0.17940060794353485,-0.25938308238983154,-1.0886327749876528,-0.529342177908114,0.45393981858289445
13.82656654166658,0.01836174912750721,0.024581491947174072,0.12200623750686646,-0.20114615559577942,0.21334952116012573,-0.26450619101524353,-1.088453755474136,-0.5280084934061695,0.4503201093705383
13.836622541666657,0.01525099016726017,0.018787264823913574,0.09057572484016418,-0.15495575964450836,0.24703238904476166,-0.2682141065597534,-1.0878382228836692,-0.526533923174083,0.4469948202711745
13.846678541666734,0.010630398988723755,0.002885878086090088,0.07163774967193604,-0.12424898147583008,0.28911301493644714,-0.2761310935020447,-1.0865858921081704,-0.5247804955116042,0.44403740406984277
13.8567335416667,0.017345624044537544,-0.008214890956878662,0.04195427894592285,-0.07516426593065262,0.3020983040332794,-0.26363953948020935,-1.084685574404795,-0.5227871693575693,0.44142438915361754
13.866789541666776,0.015135487541556358,-0.019027352333068848,0.01466590166091919,-0.0436876118183136,0.32780885696411133,-0.25977203249931335,-1.0825196027372794,-0.5207546256912301,0.4394128377486058
13.876845541666626,0.008303165435791016,-0.016879558563232422,0.032734572887420654,-0.14754875004291534,0.3611755967140198,-0.2703796923160553,-1.0801766949788267,-0.5188320716898679,0.4370008462047035
13.886900541666591,0.0030360091477632523,-0.012356936931610107,0.08505111932754517,-0.31884530186653137,0.4144088625907898,-0.28646254539489746,-1.0781968126819488,-0.5175207920644974,0.4330291498638819
13.896956541666668,-0.0014552529901266098,0.006094932556152344,0.1272699236869812,-0.38385918736457825,0.4819341003894806,-0.30149662494659424,-1.0763481774309795,-0.5167010142835687,0.4276493479401243
13.907012541666745,0.011296248063445091,0.009770691394805908,0.10748973488807678,-0.30871647596359253,0.5496215224266052,-0.30872341990470886,-1.073660273293856,-0.515686700455133,0.4222353561459556
13.917067541666711,0.01282881386578083,0.02840292453765869,0.09435239434242249,-0.19237975776195526,0.6252793073654175,-0.3254243731498718,-1.0697734025591321,-0.5141180027811799,0.41780975579476776
13.927123541666788,0.016284793615341187,0.03628021478652954,0.09795182943344116,-0.13855473697185516,0.6808527112007141,-0.3347431719303131,-1.0648541593386707,-0.5120411227308423,0.41422462341866295
13.937179541666637,0.013758068904280663,0.050548434257507324,0.12754327058792114,-0.14012040197849274,0.7236893773078918,-0.3398231565952301,-1.0592100249018204,-0.5097593090037335,0.4108234911954494
13.947234541666603,0.007533801719546318,0.03344225883483887,0.1415545642375946,-0.1634760946035385,0.738808274269104,-0.34097325801849365,-1.0535387819489017,-0.5075996633629426,0.407261964773015
13.95729054166668,0.0101340152323246,0.05934417247772217,0.1476288139820099,-0.21759872138500214,0.7568551301956177,-0.3510059416294098,-1.0477675698434459,-0.5055487198850551,0.40327307090928516
13.967346541666757,0.003307957202196121,0.05558919906616211,0.1543179452419281,-0.2784184515476227,0.7514490485191345,-0.36174535751342773,-1.0424834875441358,-0.5038232118140515,0.3986233145226462
13.977401541666723,0.0017489735037088394,0.06478345394134521,0.1450398564338684,-0.2897086441516876,0.7602015733718872,-0.37138786911964417,-1.0372870610378542,-0.502170168379217,0.39355715244976675
13.987457541666572,-0.009409286081790924,0.06691038608551025,0.12877118587493896,-0.31830164790153503,0.7687307596206665,-0.3816920518875122,-1.0320608165600877,-0.5005040046719124,0.3882215410995163
13.997513541666649,-0.018652215600013733,0.04929780960083008,0.12671935558319092,-0.36874404549598694,0.790300726890564,-0.3908306956291199,-1.0268819077598736,-0.4989772322633227,0.38247356819386935
14.007568666666657,-0.02887655980885029,0.06583386659622192,0.1465698480606079,-0.4850624203681946,0.8456181883811951,-0.4033045470714569,-1.0217252014906488,-0.49782080041379667,0.3758565837971546
14.017624666666734,-0.022772757336497307,0.07717722654342651,0.189194917678833,-0.581709623336792,0.9469003081321716,-0.4285334646701813,-1.0164178266439183,-0.4971368941160457,0.36801807828496524
14.027680666666583,-0.02495644800364971,0.09248107671737671,0.22004950046539307,-0.6283577084541321,1.0897470712661743,-0.4757360517978668,-1.010267344504894,-0.496553153187405,0.35928724345903784
14.03773666666666,-0.01846659556031227,0.11162078380584717,0.23688092827796936,-0.5850949287414551,1.2566578388214111,-0.5262032151222229,-1.0027782713207842,-0.4956691642443592,0.3501581176646559
14.047791666666626,0.0018684249371290207,0.14138925075531006,0.21893304586410522,-0.3285796642303467,1.4028445482254028,-0.5860061049461365,-0.9931107571276723,-0.49355858117973567,0.34205592118520156
14.057847666666703,0.01712670363485813,0.11115258932113647,0.09772282838821411,0.0648491159081459,1.486214518547058,-0.6196228861808777,-0.9808638926024303,-0.4892481618523999,0.3368834561918347
14.06790366666678,0.012695273384451866,0.11515569686889648,0.0005315840244293213,0.31004783511161804,1.5240142345428467,-0.6777445077896118,-0.9667068644951644,-0.4827141952099917,0.3345432129994253
14.077958666666746,0.00037194881588220596,0.08936887979507446,-0.010378092527389526,0.3207947611808777,1.5140763521194458,-0.7284236550331116,-0.952095604738069,-0.4750679751667098,0.33291497588586944
14.088014666666595,-0.0011572297662496567,0.07365107536315918,-0.014023661613464355,0.18406307697296143,1.5108047723770142,-0.7713428735733032,-0.9380501529542101,-0.46743311210495997,0.3302514273545003
14.098070666666672,0.002272125333547592,0.05767613649368286,-0.005678653717041016,-0.00019037805031985044,1.5088191032409668,-0.8166874647140503,-0.924858963616669,-0.46047816195537644,0.3256704336086995
14.108125666666638,0.012812068685889244,0.04314833879470825,0.008240759372711182,-0.09477928280830383,1.523228406906128,-0.8452010750770569,-0.9123315265416071,-0.4541804271328655,0.31947881294725183
14.118181666666715,0.023861698806285858,0.07067698240280151,0.03157278895378113,-0.08146241307258606,1.5715988874435425,-0.8755027651786804,-0.8997801173891854,-0.4480100718601399,0.312683995588203
14.128237666666564,0.045001059770584106,0.05620980262756348,0.019305020570755005,0.07914581149816513,1.625898838043213,-0.8993817567825317,-0.8865496121610631,-0.44116236631089445,0.30642244749637887
14.138292666666757,0.04932083562016487,0.08499890565872192,0.01715955138206482,0.23256999254226685,1.6846518516540527,-0.9289599061012268,-0.8722146883063789,-0.4331137912249649,0.3013287454889181
14.148348666666607,0.04302648454904556,0.07193523645401001,0.04535570740699768,0.30555233359336853,1.7029377222061157,-0.948148250579834,-0.857087666923427,-0.4241957002714876,0.2968309922887049
14.158404666666684,0.05376507341861725,0.06206870079040527,0.054010987281799316,0.35316193103790283,1.7206112146377563,-0.9631650447845459,-0.8415277445506639,-0.4147845275625144,0.29259378969359634
14.16845966666665,0.052316270768642426,0.08211445808410645,0.08091902732849121,0.24908232688903809,1.7581270933151245,-1.01087486743927,-0.825911967433099,-0.40533909135222174,0.2878164988432929
14.178515666666726,0.05375199764966965,0.0769605040550232,0.15003544092178345,0.05453762784600258,1.8094933032989502,-1.0540751218795776,-0.8105831803358918,-0.3967355754363906,0.28133352168767634
14.188571666666576,0.07994503527879715,0.10872375965118408,0.21096855401992798,-0.09581867605447769,1.9033331871032715,-1.1098741292953491,-0.7951754383438503,-0.3890929515350551,0.2729548192004325
14.198626666666769,0.10144747048616409,0.13897854089736938,0.24597221612930298,-0.14865286648273468,2.0153210163116455,-1.1649339199066162,-0.7790717377181282,-0.3818722119482637,0.26321069135167385
14.208682666666618,0.1343490183353424,0.14483964443206787,0.2558099627494812,-0.12894730269908905,2.156994104385376,-1.2276562452316284,-0.7619395796988888,-0.3745729631636516,0.25281462652844316
14.218738666666695,0.14855583012104034,0.15611803531646729,0.23795485496520996,-0.004443978890776634,2.2412805557250977,-1.27011239528656,-0.7434568233269434,-0.36647439390095554,0.24238436280517425
14.228793666666661,0.15425445139408112,0.10844981670379639,0.16518142819404602,0.17892980575561523,2.3054497241973877,-1.3015865087509155,-0.7239733826004149,-0.35716446633632337,0.232744795870227
14.238849666666738,0.12353698164224625,0.10996812582015991,0.13970434665679932,0.20275311172008514,2.3622114658355713,-1.3532915115356445,-0.7035813618555432,-0.3468354290055296,0.22335051279091947
14.248905666666587,0.09896150231361389,0.07522964477539062,0.16937357187271118,0.011907385662198067,2.42047381401062,-1.4020001888275146,-0.6831871716910695,-0.3371215034883035,0.2128992778673493
14.258961666666664,0.0930546224117279,0.07164806127548218,0.21088957786560059,-0.3395547568798065,2.5022923946380615,-1.4431508779525757,-0.6626870163257959,-0.32944021024708814,0.2000131655021506
14.26901666666663,0.09728802740573883,0.07053577899932861,0.26275014877319336,-0.7713348269462585,2.6083688735961914,-1.4800246953964233,-0.6420469483921802,-0.32500741142444944,0.18402269102394178
14.279072666666707,0.12738731503486633,0.04127490520477295,0.23758834600448608,-0.9067837595939636,2.6375365257263184,-1.4467332363128662,-0.6213090208363153,-0.3233391209051352,0.166009563061755
14.289128666666784,0.1855475753545761,0.01112288236618042,0.05588787794113159,-0.595409631729126,2.59771990776062,-1.3638546466827393,-0.6002468041249757,-0.32161731024466456,0.1490500957771395
14.29918366666675,0.1861000806093216,0.030804038047790527,-0.11148571968078613,-0.17207381129264832,2.5364809036254883,-1.316933274269104,-0.5787947492931522,-0.3172952166024523,0.13503406862087505
14.309239666666599,0.1512807011604309,0.011817872524261475,-0.1597656011581421,0.014449640177190304,2.444530725479126,-1.2973238229751587,-0.5574390949033688,-0.31078718388392057,0.12299645335917339
14.319295666666676,0.13586512207984924,-0.016948461532592773,-0.14481288194656372,-0.021026862785220146,2.35996675491333,-1.3052171468734741,-0.5368621210966759,-0.30392428211739975,0.1113030229417636
14.329350666666642,0.11059943586587906,0.014044761657714844,-0.09888508915901184,-0.2949331998825073,2.3127059936523438,-1.32393217086792,-0.5171300795573783,-0.29853091568378654,0.09853531289239159
14.339406666666719,0.09544125199317932,-0.014185070991516113,-0.026365607976913452,-0.6405712962150574,2.257484197616577,-1.3088579177856445,-0.4983723031781279,-0.29631857163777964,0.08393621220385226
14.349462666666568,0.13818691670894623,-0.023664772510528564,-0.06448784470558167,-0.7807372808456421,2.18208909034729,-1.2462685108184814,-0.4806670872235528,-0.2967385870763011,0.06854207272447337
14.359517666666761,0.17086204886436462,0.017133712768554688,-0.12064921855926514,-0.7784067392349243,2.138179302215576,-1.1944469213485718,-0.46332309139954847,-0.2981726919249796,0.05334299534741163
14.36957366666661,0.1635017842054367,0.014754414558410645,-0.12854903936386108,-0.7984753847122192,2.095613718032837,-1.1744813919067383,-0.44623872162825823,-0.30005131226979537,0.03846435662199171
14.379629666666688,0.16663676500320435,-0.003196239471435547,-0.11332562565803528,-0.7756906747817993,2.058380365371704,-1.1635571718215942,-0.4297206403769699,-0.3023179420904319,0.02378377389285094
14.389684666666653,0.167964905500412,0.03790318965911865,-0.10739833116531372,-0.6706432104110718,2.0684897899627686,-1.1716095209121704,-0.4133460164993318,-0.3041940879953273,0.009443854997311684
14.39974066666673,0.16426900029182434,0.02586221694946289,-0.09513634443283081,-0.5080372095108032,2.0584282875061035,-1.1760162115097046,-0.39681060647731176,-0.30509117260811375,-0.004408380436153899
14.40979666666658,0.17810234427452087,-0.03463858366012573,-0.14822381734848022,-0.1776375025510788,1.97639799118042,-1.1297369003295898,-0.3804584327114078,-0.3039907788691528,-0.017054441453200182
14.419851666666773,0.17904487252235413,-0.03177922964096069,-0.2078823447227478,0.18857350945472717,1.9004710912704468,-1.0910555124282837,-0.36433758526533727,-0.2998527349158425,-0.0278855808627305
14.429907666666622,0.16439953446388245,-0.05780160427093506,-0.23549631237983704,0.32304367423057556,1.76410973072052,-1.031301498413086,-0.3488158007414831,-0.2935638331003749,-0.03723151667263587
14.4399636666667,0.17613175511360168,-0.10811662673950195,-0.18593913316726685,0.20835168659687042,1.6273897886276245,-0.9909964799880981,-0.334645752398835,-0.2875393937284577,-0.04614184855808452
14.450018666666665,0.14673469960689545,-0.10807561874389648,-0.12166893482208252,-0.01276404969394207,1.5224899053573608,-0.9486954808235168,-0.32166339937674504,-0.28343948893891857,-0.05531410594072682
14.460074666666742,0.13735529780387878,-0.11800491809844971,-0.08377987146377563,-0.24449847638607025,1.4587218761444092,-0.9094650149345398,-0.30955242760182494,-0.28179808451011507,-0.06487450483322801
14.470130666666591,0.13312700390815735,-0.10257774591445923,-0.04611039161682129,-0.38910919427871704,1.4504159688949585,-0.8881963491439819,-0.2979596058594948,-0.2822572334046308,-0.07481744071456876
14.480186666666668,0.12586387991905212,-0.06907075643539429,-0.022758066654205322,-0.37415340542793274,1.4715158939361572,-0.8775362372398376,-0.2862495892158965,-0.2835403916256691,-0.08486972101229875
14.490241666666634,0.14263208210468292,-0.0319402813911438,-0.03484407067298889,-0.1454639881849289,1.5076109170913696,-0.8657834529876709,-0.2740702736344222,-0.28373651639057784,-0.09434294092724134
14.500297666666711,0.15383687615394592,-0.019642651081085205,-0.06660759449005127,0.16859354078769684,1.5336664915084839,-0.8272592425346375,-0.26134269566862145,-0.281351066210051,-0.10275254910300596
14.510353666666788,0.16503819823265076,-0.010515153408050537,-0.0654720664024353,0.4073602557182312,1.5515494346618652,-0.821567177772522,-0.24808875284239854,-0.27641085897446016,-0.11030132149253163
14.520408666666754,0.15531274676322937,-0.02070993185043335,-0.03775951266288757,0.5315437316894531,1.551550269126892,-0.8230513334274292,-0.2346014032956,-0.26978303816284827,-0.11735733263727961
14.530464666666603,0.16669438779354095,-0.006414473056793213,0.006552219390869141,0.5741762518882751,1.546497106552124,-0.8231616616249084,-0.2210981430112556,-0.26246065475685254,-0.12430891000564742
14.54052066666668,0.14371274411678314,0.008578002452850342,0.04464912414550781,0.5735530853271484,1.55381441116333,-0.8229299187660217,-0.20742679407480125,-0.2549907618875836,-0.13131504448215664
14.550575666666646,0.1353468894958496,0.002173006534576416,0.06585302948951721,0.545470118522644,1.538838505744934,-0.8145994544029236,-0.1938378457003391,-0.24791556823025102,-0.13852936471598176
14.560631666666723,0.12884338200092316,-0.02235126495361328,0.035992324352264404,0.5957759022712708,1.4962878227233887,-0.771308422088623,-0.18040061350158762,-0.24083442000305996,-0.14543026024803307
14.570687666666572,0.13218232989311218,-0.05003559589385986,-0.027156203985214233,0.7074155807495117,1.429236888885498,-0.7228235006332397,-0.1673975878022416,-0.233118078920065,-0.15181669748815507
14.580742666666765,0.11655761301517487,-0.05631554126739502,-0.07362252473831177,0.8180978894233704,1.3628512620925903,-0.6676987409591675,-0.15482752823323684,-0.22438470081057324,-0.15752974554933424
14.590798666666615,0.10079313814640045,-0.09775090217590332,-0.1136552095413208,0.7954058051109314,1.2756937742233276,-0.6409131288528442,-0.14284844017026774,-0.21531123807220182,-0.16293722462143717
14.600854666666692,0.09242105484008789,-0.14348453283309937,-0.11754262447357178,0.6881877183914185,1.1866531372070312,-0.6010562777519226,-0.13161663398005777,-0.20706772982015254,-0.16817906663151663
14.610909666666657,0.08249393105506897,-0.13168704509735107,-0.11929616332054138,0.5789191722869873,1.1021473407745361,-0.566317081451416,-0.12119224888603712,-0.1999975409202061,-0.17328414484381835
14.620965666666734,0.06445446610450745,-0.1356978416442871,-0.1231006383895874,0.4474940299987793,1.0340412855148315,-0.5166448950767517,-0.11159481072734763,-0.19423421760637188,-0.1781022214798978
14.631021666666584,0.059560924768447876,-0.16253769397735596,-0.13550445437431335,0.31953462958335876,0.961294949054718,-0.4751173257827759,-0.10257582269618021,-0.18991608757684214,-0.1827065304858003
14.641076666666777,0.05418612062931061,-0.1591828465461731,-0.14443939924240112,0.2618934214115143,0.9064213633537292,-0.41406169533729553,-0.09402097313735232,-0.18664537637018422,-0.18688757319953242
14.651132666666626,0.048358410596847534,-0.1562703251838684,-0.16255661845207214,0.25209566950798035,0.8411096930503845,-0.3420921564102173,-0.08607462126946504,-0.18375195100373223,-0.1904029386965152
14.661188666666703,0.06262847781181335,-0.1574486494064331,-0.188092440366745,0.2808232009410858,0.7738534212112427,-0.2832599878311157,-0.07862539464205151,-0.1808842541522438,-0.19326240415465903
14.671243666666669,0.05172531306743622,-0.1406693458557129,-0.18198975920677185,0.2810138761997223,0.6985642910003662,-0.23310846090316772,-0.07166476762475225,-0.17785895709135488,-0.19558676217656745
14.681299666666746,0.04842938482761383,-0.1459144949913025,-0.16710954904556274,0.26757103204727173,0.6235476136207581,-0.1801736056804657,-0.06541894122514794,-0.1749468610746897,-0.19736715370569513
14.691355666666595,0.04960447549819946,-0.12674778699874878,-0.1496230959892273,0.2461700737476349,0.5589215755462646,-0.12716630101203918,-0.05974706744252294,-0.17230469076147442,-0.19876915531055656
14.701410666666789,0.05385425686836243,-0.08729726076126099,-0.13327762484550476,0.17949171364307404,0.5070030093193054,-0.0889589861035347,-0.05459589240743598,-0.17012410700031722,-0.1997166853219837
14.711466666666638,0.05219770967960358,-0.0951274037361145,-0.11550816893577576,0.07926130294799805,0.45342618227005005,-0.06032444164156914,-0.05000069985596673,-0.16874085809546716,-0.20028034986616403
14.721522666666715,0.05152890086174011,-0.09462302923202515,-0.0858602523803711,0.011576533317565918,0.41480553150177,-0.04529595747590065,-0.04577228940756654,-0.16827975278627766,-0.2007105279496215
14.73157766666668,0.04801930487155914,-0.0622711181640625,-0.06874379515647888,-0.01771637424826622,0.390746533870697,-0.013198744505643845,-0.041976774064005365,-0.16831272204118217,-0.2008783717206053
14.741633666666758,0.050139233469963074,-0.04422926902770996,-0.06411099433898926,-0.014254264533519745,0.369863897562027,0.00650678388774395,-0.03823741105879108,-0.16845724693874004,-0.20084554690708606
14.751689666666607,0.04720921814441681,-0.061830103397369385,-0.06425336003303528,0.024239331483840942,0.35016342997550964,0.038913462311029434,-0.03469341097925658,-0.1684289636592406,-0.2005210349645613
14.761744666666573,0.048369258642196655,-0.042766034603118896,-0.06085842847824097,0.1078021377325058,0.33473652601242065,0.06200066953897476,-0.031188099862665342,-0.16778410939988367,-0.1999434920723438
14.77180066666665,0.03908972442150116,-0.03747755289077759,-0.06617292761802673,0.1817445307970047,0.3234593868255615,0.08662718534469604,-0.027757924047509496,-0.16628264530012193,-0.1991064771973328
14.781856666666727,0.038924865424633026,-0.053325772285461426,-0.0596889853477478,0.23562908172607422,0.2997108995914459,0.11304760724306107,-0.024458819146498362,-0.16417416510845959,-0.19800327670347975
14.791912666666576,0.03863441199064255,-0.05086714029312134,-0.05333203077316284,0.2850896716117859,0.2874992787837982,0.1388624906539917,-0.021432953039375768,-0.1615508664104827,-0.19656626857343665
14.80196766666677,0.038893863558769226,-0.058571457862854004,-0.06790119409561157,0.3147769868373871,0.2641822099685669,0.16938631236553192,-0.018607847747176394,-0.15854424157392466,-0.19479095859589507
14.812023666666619,0.046474434435367584,-0.09207797050476074,-0.0874796211719513,0.3351954221725464,0.22291094064712524,0.20107749104499817,-0.015917851445721123,-0.1553160773704349,-0.19279341028864763
14.822079666666696,0.04731053113937378,-0.08593642711639404,-0.09285739064216614,0.3211674988269806,0.18436062335968018,0.23073923587799072,-0.013554040972638738,-0.15203399448314459,-0.1904850203542149
14.832134666666661,0.048064470291137695,-0.09108954668045044,-0.08698111772537231,0.26407042145729065,0.1284058690071106,0.24607540667057037,-0.01173838295305127,-0.1490949311654286,-0.18797698705908175
14.842190666666738,0.0462985560297966,-0.09442681074142456,-0.07499277591705322,0.21215158700942993,0.07188986986875534,0.25931316614151,-0.010509610697099088,-0.1467102801017349,-0.1852645595765402
14.852246666666588,0.05035767704248428,-0.08146107196807861,-0.07890331745147705,0.15294013917446136,0.024296650663018227,0.2814517021179199,-0.00975757315231461,-0.14487394676912874,-0.18240551724106324
14.86230166666678,0.057460278272628784,-0.07655227184295654,-0.09101229906082153,0.09871924668550491,-0.022483104839920998,0.32102200388908386,-0.009337144246944065,-0.14363028308396256,-0.17924772843691397
14.87235766666663,0.06998315453529358,-0.08136630058288574,-0.09764271974563599,0.08209562301635742,-0.062052614986896515,0.3520650267601013,-0.009407796549268614,-0.14273147319491608,-0.17578128527750267
14.882413666666707,0.06287487596273422,-0.08763551712036133,-0.1059654951095581,0.11552095413208008,-0.11798539757728577,0.412681519985199,-0.00993751842867317,-0.1417983617097852,-0.17177481288980007
14.892468666666673,0.07210695743560791,-0.09399229288101196,-0.11072945594787598,0.1500914841890335,-0.16123126447200775,0.4586111307144165,-0.010754755307682148,-0.14051964275524342,-0.1672985722997703
14.90252466666675,0.07744605839252472,-0.0869826078414917,-0.10289457440376282,0.16519640386104584,-0.2074352502822876,0.49494117498397827,-0.011938808826614465,-0.13902499586087974,-0.16243852855460847
14.9125806666666,0.08328143507242203,-0.08639949560165405,-0.09909725189208984,0.1566081941127777,-0.24662485718727112,0.5405220985412598,-0.013612695706150413,-0.13740099788647173,-0.15705417645707595
14.922635666666565,0.10627203434705734,-0.0717083215713501,-0.08364349603652954,0.06728231906890869,-0.3033145070075989,0.5539649724960327,-0.01575710109335461,-0.13629897035203759,-0.15139200019549875
14.932691666666642,0.08893421292304993,-0.08853203058242798,-0.06380292773246765,-0.007200173102319241,-0.35656601190567017,0.5897489190101624,-0.018278368185467506,-0.13607555075196467,-0.1455335091818624
14.942747666666719,0.09297332912683487,-0.06576013565063477,-0.07726877927780151,-0.07787514477968216,-0.41250917315483093,0.6203816533088684,-0.021349770182842804,-0.1366216176018215,-0.1393949075657263
14.952802666666685,0.09183168411254883,-0.058121562004089355,-0.07471942901611328,-0.1542951613664627,-0.46436065435409546,0.6398950219154358,-0.024855563321552383,-0.1378783456003583,-0.13298756638135859
14.962858666666762,0.0837177038192749,-0.05826389789581299,-0.07702651619911194,-0.2042832374572754,-0.5234367847442627,0.6783862113952637,-0.028966985160292683,-0.13985502921139215,-0.1262289778263928
14.972914666666611,0.08092591911554337,-0.047809600830078125,-0.07403799891471863,-0.24671387672424316,-0.558379054069519,0.6665438413619995,-0.03345458143266161,-0.14230303943031686,-0.11941105504583795
14.982969666666577,0.08260670304298401,-0.03327232599258423,-0.07391324639320374,-0.26115885376930237,-0.5920475125312805,0.681585431098938,-0.038246827891837365,-0.1451029066908326,-0.11256843905527467
14.993025666666654,0.0869981050491333,-0.03970831632614136,-0.07577985525131226,-0.23359620571136475,-0.641635000705719,0.6875052452087402,-0.043493823546541605,-0.14784572568164944,-0.10564802919912332
15.003082500000119,0.09639138728380203,-0.018020331859588623,-0.07662439346313477,-0.14940223097801208,-0.661128580570221,0.679241418838501,-0.04892557225300784,-0.15007235824818174,-0.09877231282358799
15.013137500000084,0.0949489027261734,0.0034017562866210938,-0.0708308219909668,-0.10494528710842133,-0.6816530227661133,0.683609664440155,-0.05458910424078186,-0.15162920974420188,-0.09187727092433619
15.023193499999934,0.0836370512843132,-0.0024463534355163574,-0.03371846675872803,-0.11618489027023315,-0.6890265345573425,0.6753535866737366,-0.060503487482922585,-0.15311613095606338,-0.08502398743987268
15.03324950000001,0.04011783003807068,-0.006696581840515137,0.011613726615905762,-0.14922282099723816,-0.6894206404685974,0.6783089637756348,-0.06645326542368027,-0.15485689406398626,-0.07819112788128314
15.043304499999977,0.025992751121520996,0.02715510129928589,0.02798488736152649,-0.16313304007053375,-0.6696141958236694,0.689649224281311,-0.07223911174186158,-0.1568414174895156,-0.07132927822483182
15.053360500000053,0.025177735835313797,0.039430439472198486,0.03699672222137451,-0.1899249404668808,-0.6509757041931152,0.6768794655799866,-0.07789250687183046,-0.1591408902911178,-0.06444633972702582
15.063416499999903,0.01661069691181183,0.052048683166503906,0.0418124794960022,-0.16547845304012299,-0.6360428333282471,0.6710772514343262,-0.08336189745520077,-0.16151424436877057,-0.05770147416979081
15.073471500000096,0.009355127811431885,0.05529540777206421,0.02221241593360901,-0.10384145379066467,-0.6286932229995728,0.643187940120697,-0.08875947761915838,-0.16338926129946954,-0.05102943164614456
15.083527499999946,0.01189548708498478,0.05915248394012451,0.004272550344467163,-0.03732367977499962,-0.6263357996940613,0.631759524345398,-0.09412300880925539,-0.1646498644068544,-0.04455946591395047
15.093583500000022,0.026591496542096138,0.0639796257019043,-0.022183656692504883,0.01167338341474533,-0.6289503574371338,0.6100990176200867,-0.09944051401152841,-0.16533612059037225,-0.038188387422820595
15.1036395000001,0.02358601614832878,0.041997671127319336,-0.028084903955459595,0.04670646786689758,-0.648814857006073,0.5973033308982849,-0.10490203299593161,-0.1656229225750334,-0.031954903723826776
15.113694500000065,0.026960143819451332,0.02753448486328125,-0.034768104553222656,0.08440670371055603,-0.6766476035118103,0.5887799859046936,-0.11058785112631625,-0.1655493096280335,-0.025831761130703887
15.123750499999915,0.03413300961256027,0.0049942731857299805,-0.058503925800323486,0.09078444540500641,-0.7177306413650513,0.5886420011520386,-0.11662532672111452,-0.16535017409147398,-0.01974507575821685
15.133806499999992,0.04526229202747345,-0.004850804805755615,-0.07290703058242798,0.08498119562864304,-0.7542394995689392,0.5853216648101807,-0.12318255040306376,-0.1651550721422357,-0.01357752297922748
15.143861499999957,0.04824191704392433,-0.024798274040222168,-0.08919703960418701,0.046166423708200455,-0.806570291519165,0.5923348069190979,-0.13012446912848716,-0.16521665307534594,-0.007493649094999016
15.153917500000034,0.05227993056178093,-0.05211949348449707,-0.1005585789680481,0.0045339809730648994,-0.8550580739974976,0.6045178174972534,-0.13744640180500903,-0.16571610715285562,-0.0013632247505251224
15.163973500000111,0.060888417065143585,-0.06067460775375366,-0.10918262600898743,-0.03213748335838318,-0.9175233244895935,0.636314868927002,-0.1454223594672904,-0.1667030772889035,0.004974662043198815
15.174028500000077,0.06703315675258636,-0.07529324293136597,-0.11634108424186707,-0.06514305621385574,-0.9617692232131958,0.6709840297698975,-0.15391454429965762,-0.1681648258573183,0.011546065837280173
15.184084499999926,0.07420963048934937,-0.08369290828704834,-0.11582571268081665,-0.09788741916418076,-1.0063399076461792,0.7036623358726501,-0.16266169781056958,-0.1700503386196792,0.01836772985698651
15.194140500000003,0.07431609183549881,-0.08651787042617798,-0.09632301330566406,-0.15249328315258026,-1.0479404926300049,0.7399523258209229,-0.17178312240139748,-0.17244803625304606,0.025443333977777465
15.204195499999969,0.07579652220010757,-0.0807884931564331,-0.0797630250453949,-0.2256585657596588,-1.0721808671951294,0.7583385109901428,-0.181174826579988,-0.17558108421180676,0.03266389668545707
15.214251500000046,0.0799211636185646,-0.07379162311553955,-0.04452788829803467,-0.3327283263206482,-1.0968838930130005,0.7794856429100037,-0.19081966327721722,-0.17971411766151765,0.03997418616422436
15.224307500000123,0.08120068907737732,-0.05560505390167236,-0.01262858510017395,-0.44006916880607605,-1.112516164779663,0.7801636457443237,-0.20078822709195995,-0.18505526697944855,0.0471133893582159
15.234362500000088,0.0772356241941452,-0.03661233186721802,-0.0004375576972961426,-0.5104891061782837,-1.1196008920669556,0.7788355350494385,-0.21079540646976563,-0.19136157710056345,0.05401179618145867
15.244418499999938,0.08043235540390015,-0.018654167652130127,0.0032289624214172363,-0.4937296211719513,-1.134468674659729,0.7876780033111572,-0.22081343608599063,-0.19799750542322767,0.06073907720906235
15.254474500000015,0.08066987246274948,-0.00042176246643066406,0.0037525296211242676,-0.42336419224739075,-1.1349868774414062,0.782042920589447,-0.2308519581731488,-0.20424951748805942,0.06752605386665052
15.26452949999998,0.06881201267242432,0.010957479476928711,0.02129185199737549,-0.35535743832588196,-1.1349622011184692,0.781954288482666,-0.24088559061693696,-0.20987322500197853,0.07443858480287498
15.274585500000057,0.06906405091285706,0.024154841899871826,0.03148782253265381,-0.3047908842563629,-1.1309707164764404,0.7770022749900818,-0.25086453053872454,-0.21497557874078194,0.08143721665399034
15.284641499999907,0.06924170255661011,0.02864551544189453,0.047877758741378784,-0.2521955668926239,-1.1243354082107544,0.7642366886138916,-0.26076951528851566,-0.21962224323425697,0.08844337577793053
15.2946965000001,0.06467443704605103,0.03515517711639404,0.055176883935928345,-0.22210431098937988,-1.1294161081314087,0.7578572630882263,-0.2706486006252768,-0.22390687416071378,0.09543550252913219
15.30475249999995,0.054361648857593536,0.03139883279800415,0.04977342486381531,-0.15679800510406494,-1.1375303268432617,0.751459002494812,-0.28046765612620783,-0.2278144360720706,0.10238551742885817
15.314808500000026,0.050206154584884644,0.02463233470916748,0.020066261291503906,-0.06774403154850006,-1.1627756357192993,0.7538794875144958,-0.2903016652867791,-0.23096886094280528,0.10950203382006136
15.324863499999992,0.05136868730187416,0.02205902338027954,-0.01919841766357422,-0.022396259009838104,-1.200136423110962,0.7529069185256958,-0.3004270984370732,-0.23348772062612766,0.11683110527893281
15.334919500000069,0.04479832574725151,-0.0006235837936401367,-0.029890090227127075,-0.038075756281614304,-1.2579363584518433,0.7544659972190857,-0.31107229374926293,-0.23603448868577745,0.1241467062861038
15.344975499999919,0.03859657049179077,-0.02343440055847168,-0.04161146283149719,-0.08916743099689484,-1.3174974918365479,0.7627023458480835,-0.3223029782209833,-0.2389593255518812,0.1314157779704259
15.355030500000112,0.03205770626664162,-0.011264920234680176,-0.04971104860305786,-0.15127873420715332,-1.3593238592147827,0.7655475735664368,-0.33406380513974115,-0.24251006504380865,0.13855948590823372
15.365086499999961,0.027810199186205864,-0.027401328086853027,-0.06098121404647827,-0.24189706146717072,-1.4175546169281006,0.7838954329490662,-0.3462915538368406,-0.24692613370006997,0.14542705129723302
15.375142500000038,0.03334559500217438,-0.025523900985717773,-0.0738716721534729,-0.25354740023612976,-1.4707735776901245,0.7970612049102783,-0.3591096053072155,-0.25200061069367763,0.15220433304923967
15.385197500000004,0.0294251199811697,-0.02282494306564331,-0.0946139395236969,-0.26972371339797974,-1.5087683200836182,0.8290814757347107,-0.3723275502643433,-0.2573262870548435,0.15912351179001347
15.39525350000008,0.03586479276418686,-0.006456971168518066,-0.0771833062171936,-0.39785754680633545,-1.529610514640808,0.81568843126297,-0.38588968241098676,-0.2634209437962159,0.1658778952974929
15.40530949999993,0.01777569018304348,-0.023086726665496826,-0.04694435000419617,-0.5555547475814819,-1.5567516088485718,0.8157893419265747,-0.3997965605952582,-0.27095304430620765,0.17181051112717355
15.415364500000123,0.019178912043571472,0.00036078691482543945,-0.027582436800003052,-0.6338204145431519,-1.5575915575027466,0.8012061715126038,-0.4139249024317772,-0.279638170087825,0.1770969216075605
15.425420499999973,0.01835058443248272,0.01064300537109375,-0.03609535098075867,-0.6295213103294373,-1.5651805400848389,0.7893342971801758,-0.42815586342444967,-0.28871550010965913,0.1819540552965086
15.43547650000005,0.033091023564338684,0.015660524368286133,-0.044419825077056885,-0.48969119787216187,-1.57082200050354,0.7897466421127319,-0.4423987150167935,-0.29717660306147864,0.18698109454056178
15.445531500000016,0.04693998023867607,0.05246531963348389,-0.05514180660247803,-0.3186693787574768,-1.5684267282485962,0.7868083715438843,-0.4562221586890702,-0.3041696904401947,0.1925691623689608
15.455587500000092,0.06340935081243515,0.031171679496765137,-0.05318403244018555,-0.16590780019760132,-1.5751160383224487,0.7747921943664551,-0.46996666367644624,-0.3097843282407056,0.19876418905722665
15.465643499999942,0.0770857185125351,0.05710434913635254,-0.03062930703163147,-0.05332905054092407,-1.54646897315979,0.7610247135162354,-0.4834192185080842,-0.3141674820870058,0.20546000160412922
15.475698499999908,0.0753292515873909,0.04728579521179199,0.010136336088180542,-0.039502717554569244,-1.5273184776306152,0.7366628050804138,-0.496582043503289,-0.3180068213889485,0.2122391542021856
15.485754499999985,0.0781574547290802,0.03471118211746216,0.06144833564758301,-0.062372881919145584,-1.4960857629776,0.7032473087310791,-0.5097084291350252,-0.3218492247057934,0.21869575076268863
15.495810500000061,0.08500286936759949,0.048680663108825684,0.07567062973976135,-0.11000742018222809,-1.4557154178619385,0.6820045709609985,-0.522677074709262,-0.325993381785977,0.22467779930809875
15.505866499999911,0.09225635230541229,0.06850260496139526,0.0928395688533783,-0.1286892294883728,-1.4110389947891235,0.6575578451156616,-0.5353428036553993,-0.33039888431099007,0.2302059742924034
15.515921500000104,0.0801798552274704,0.03410714864730835,0.07926788926124573,-0.11856310069561005,-1.398586630821228,0.6443579792976379,-0.547665564378395,-0.3347754285797253,0.23544457550259584
15.525977499999954,0.08404344320297241,0.03733104467391968,0.07116472721099854,-0.0753924548625946,-1.3686420917510986,0.6364995241165161,-0.5597049129151239,-0.3388983602526287,0.24074860169877665
15.53603350000003,0.0743103176355362,0.029317855834960938,0.04485565423965454,0.0012718748766928911,-1.3853272199630737,0.6455954909324646,-0.571668076713389,-0.3426431549385817,0.24637008180140618
15.546088499999996,0.07667973637580872,0.0005089044570922852,0.022219181060791016,0.0951717346906662,-1.4149311780929565,0.6643869876861572,-0.5837873086247178,-0.3458488838492619,0.25265769851944775
15.556144500000073,0.05603943392634392,-0.002552330493927002,-0.01169663667678833,0.16152487695217133,-1.4445604085922241,0.6872491836547852,-0.5959247805640082,-0.34849420549363536,0.2595194362647295
15.566200499999923,0.05050819739699364,-0.011973202228546143,-0.02437421679496765,0.11774491518735886,-1.4750043153762817,0.6979241967201233,-0.6082138758352647,-0.3512053102878809,0.2665787462793504
15.576255500000116,0.03453656658530235,-0.021757066249847412,0.015378445386886597,-0.0089727733284235,-1.4954921007156372,0.7077388763427734,-0.6208483976441332,-0.3547790918909872,0.27313064995613884
15.586311499999965,0.016109883785247803,-0.03541308641433716,0.025168150663375854,-0.10560131072998047,-1.5372062921524048,0.727584719657898,-0.6339733101289181,-0.3594643233684491,0.27904696636874415
15.596367500000042,0.01646013930439949,-0.04188042879104614,-0.00466039776802063,-0.15966974198818207,-1.5746718645095825,0.7473171949386597,-0.6476824510470583,-0.3649422036350989,0.2845930294190941
15.606422500000008,0.01710791513323784,-0.027302086353302002,-0.012883514165878296,-0.20691847801208496,-1.605115532875061,0.7697990536689758,-0.6617654469546688,-0.3710369710986265,0.28990943698765353
15.616478500000085,0.014205019921064377,-0.014386177062988281,0.0015834569931030273,-0.27510833740234375,-1.6391180753707886,0.7755849361419678,-0.6761867664994323,-0.37773517412514357,0.2948836770806558
15.626534499999934,0.014151018112897873,-0.04551750421524048,-0.020275592803955078,-0.2992642819881439,-1.7036510705947876,0.7964097857475281,-0.6912441411230859,-0.3849802745740557,0.29950238032774346
15.6365894999999,0.02528790757060051,-0.01185917854309082,-0.05433368682861328,-0.2760832607746124,-1.7295788526535034,0.7937847971916199,-0.7066567214242011,-0.392281562740346,0.3041432537342787
15.646645499999977,0.023124821484088898,0.0023516416549682617,-0.05557912588119507,-0.3217330574989319,-1.7750576734542847,0.794903576374054,-0.7225782087279377,-0.399742712664084,0.30864466731596296
15.656701500000054,0.0365215428173542,-0.007812917232513428,-0.03001078963279724,-0.3826841711997986,-1.807712197303772,0.7583268880844116,-0.739055560262543,-0.40757713295837117,0.31240903828790206
15.66675650000002,0.04989510029554367,0.012488782405853271,-0.031563401222229004,-0.39673155546188354,-1.8311249017715454,0.7392498850822449,-0.7561403451247237,-0.41555277124618717,0.3155516750118799
15.676812500000096,0.06723153591156006,0.015693724155426025,-0.03735315799713135,-0.4161536693572998,-1.8451411724090576,0.7113887071609497,-0.7735566891795062,-0.4235413216367327,0.3182887593267264
15.686868499999946,0.08089864999055862,0.016495227813720703,-0.009518146514892578,-0.45442304015159607,-1.8328006267547607,0.6751319169998169,-0.7912193863333151,-0.4315202906239524,0.3203745689383134
15.696923499999912,0.0916803777217865,0.023213684558868408,0.01891094446182251,-0.5291146636009216,-1.7968957424163818,0.6383406519889832,-0.8089133176626803,-0.43964660949791895,0.3216226884079231
15.706979499999989,0.10184109210968018,0.023097515106201172,0.06223726272583008,-0.6427903771400452,-1.724878191947937,0.5877435207366943,-0.8265266332165955,-0.4480792469647111,0.321600501366355
15.717035500000065,0.09813487529754639,0.01763099431991577,0.10089126229286194,-0.7564113736152649,-1.657517910003662,0.5368306636810303,-0.8440028226428339,-0.4569042965766114,0.32000475280929147
15.727090500000031,0.10681935399770737,0.01879572868347168,0.12140387296676636,-0.8085203766822815,-1.582409381866455,0.5007991194725037,-0.8615232654199075,-0.4660084534980635,0.31720558318649256
15.737146500000108,0.09730762243270874,0.021310269832611084,0.12928643822669983,-0.8260035514831543,-1.4989696741104126,0.4601325988769531,-0.8784783659871956,-0.4749595604128274,0.3136794025600956
15.747202499999958,0.09082335233688354,-0.0035913586616516113,0.14058810472488403,-0.7879299521446228,-1.4420853853225708,0.4369859993457794,-0.8949595971389928,-0.48357086781017905,0.3097988235452819
15.757257499999923,0.08582311868667603,0.004545688629150391,0.1370798647403717,-0.7050962448120117,-1.385784387588501,0.4121266305446625,-0.9107971757080469,-0.4915321741641128,0.3061461678842334
15.7673135,0.0716300755739212,0.018882691860198975,0.14746534824371338,-0.6715758442878723,-1.333105206489563,0.39001840353012085,-0.9259978676074957,-0.49891595878342343,0.3027270680989562
15.777369500000077,0.05530897155404091,-0.000890195369720459,0.17743712663650513,-0.6706351637840271,-1.275542974472046,0.3693423569202423,-0.9407547532143761,-0.5059606872778872,0.29915749815205694
15.787424500000043,0.046458158642053604,0.02644515037536621,0.2036665678024292,-0.6871592998504639,-1.2036818265914917,0.3574841022491455,-0.9550349754791199,-0.5128801812107214,0.29526752836578385
15.79748050000012,0.040471188724040985,0.017341017723083496,0.21469414234161377,-0.7155515551567078,-1.1589163541793823,0.3564731180667877,-0.9690310116265723,-0.5198552719786124,0.29095210530781435
15.80753649999997,0.04236965253949165,0.028511345386505127,0.19650337100028992,-0.7421240210533142,-1.1084338426589966,0.374722421169281,-0.9825724389003434,-0.526952592366674,0.2863436319434452
15.817591499999935,0.04709285497665405,0.04556494951248169,0.19538643956184387,-0.8039363622665405,-1.0856380462646484,0.3822493553161621,-0.9959042893744985,-0.5343169599600991,0.28122614506764265
15.827647500000012,0.0445578470826149,0.027250945568084717,0.1794930398464203,-0.8323826789855957,-1.0884114503860474,0.3955928683280945,-1.0094920362012814,-0.5420210442234557,0.2754876153357035
15.837703500000089,0.04462400823831558,0.05170708894729614,0.1402961015701294,-0.7866953611373901,-1.071324348449707,0.3987526297569275,-1.023208917032214,-0.5496808848144409,0.2698002366619254
15.847758500000054,0.040843408554792404,0.08835762739181519,0.10190007090568542,-0.6799668073654175,-1.065744161605835,0.39364737272262573,-1.0363535980491023,-0.556868719905188,0.26474049002019184
15.857814499999904,0.012752797454595566,0.059047043323516846,0.05415236949920654,-0.505271852016449,-1.0523563623428345,0.3835585117340088,-1.0488484552939306,-0.5632299222839774,0.2609381181609426
15.867870499999981,-0.01338842511177063,0.0883873701095581,0.02771332859992981,-0.3756518065929413,-1.0115116834640503,0.35966354608535767,-1.0602306713776763,-0.5685846182741018,0.25863016616944684
15.877925499999947,-0.028773296624422073,0.06948894262313843,0.037978678941726685,-0.39551204442977905,-0.9774290323257446,0.3247397243976593,-1.0711138617072744,-0.5734061996234867,0.25661883708576444
15.887981500000024,-0.03334985673427582,0.06084418296813965,0.08040106296539307,-0.4618082642555237,-0.9523559212684631,0.2898544371128082,-1.0821286387690143,-0.5781496400968501,0.2537740739672452
15.8980375000001,-0.034595176577568054,0.05680149793624878,0.04332369565963745,-0.472475528717041,-0.9404033422470093,0.26295217871665955,-1.0933938210877339,-0.5827705621140394,0.2502493071201717
15.908092500000066,-0.02613864839076996,0.06999307870864868,-0.0039698779582977295,-0.40793943405151367,-0.9172458052635193,0.24973919987678528,-1.104374792405333,-0.5870562978178345,0.24691754984746853
15.918148499999916,-0.025073666125535965,0.07805031538009644,-0.021654337644577026,-0.36067479848861694,-0.9054879546165466,0.23070164024829865,-1.1147456338057382,-0.5908466880896803,0.24405926414218096
15.928204499999993,-0.016418736428022385,0.04609668254852295,-0.03481833636760712,-0.3063763976097107,-0.9116957783699036,0.22301681339740753,-1.1250584386219986,-0.5943800123937104,0.24160376061699212
15.938259499999958,-0.0008655339479446411,0.06576663255691528,-0.05529552698135376,-0.252251535654068,-0.8918226361274719,0.21658702194690704,-1.1349282992185186,-0.5975323276150649,0.23971892577573317
15.948315500000035,0.009998351335525513,0.06133812665939331,-0.055098265409469604,-0.25423452258110046,-0.8804703950881958,0.19508759677410126,-1.1444366364192182,-0.6004192207821843,0.23796353191278544
15.958371500000112,0.006744980812072754,0.02359861135482788,-0.031734928488731384,-0.27177053689956665,-0.8772794008255005,0.17179489135742188,-1.1540630497737483,-0.6031272685620068,0.23592513896819403
15.968426500000078,0.011833392083644867,0.028140485286712646,-0.03146068751811981,-0.24486328661441803,-0.872977077960968,0.15561459958553314,-1.163828946963738,-0.605661700874902,0.23384866345781172
15.978482499999927,0.02435540035367012,0.030182301998138428,-0.05359350144863129,-0.26012521982192993,-0.8568060398101807,0.1390962302684784,-1.1736532739139203,-0.6080234286292243,0.23175780937080878
15.988538500000004,0.03957221657037735,0.01461094617843628,-0.03064998984336853,-0.32621049880981445,-0.8555476665496826,0.1287969946861267,-1.1835665051032984,-0.610353366240644,0.22909160378091828
15.99859349999997,0.03864973038434982,-0.006072103977203369,-0.016995057463645935,-0.4115701913833618,-0.8578683137893677,0.12183006852865219,-1.1940802889628184,-0.6129148402265723,0.22543703663375855
16.008649041666786,0.03755724057555199,-0.01475459337234497,-0.02837882936000824,-0.444049596786499,-0.8705864548683167,0.12662029266357422,-1.2050129813889305,-0.615589539902864,0.22108419736237084
16.018705041666635,0.03001873940229416,-0.030843079090118408,-0.0476776659488678,-0.4774635136127472,-0.9033559560775757,0.1406610906124115,-1.2165533776773967,-0.6184840777486806,0.21637727508868335
16.0287600416666,0.010579440742731094,-0.033846914768218994,-0.042925477027893066,-0.5642423033714294,-0.9206976890563965,0.150483638048172,-1.2287093847083055,-0.6216023124481007,0.21101058799616998
16.038816041666678,-0.004068933427333832,-0.034340500831604004,-0.008476436138153076,-0.736375629901886,-0.937516450881958,0.1645582616329193,-1.2419279715410239,-0.6252469685384654,0.20409237254922888
16.048872041666755,-0.014134710654616356,-0.02160775661468506,0.022270798683166504,-0.9109511375427246,-0.9460710883140564,0.1595882624387741,-1.2562704567797147,-0.6293472019415659,0.1949899647996703
16.05892704166672,-0.036926642060279846,-0.03252363204956055,0.01388956606388092,-0.9596884846687317,-0.9739512205123901,0.16736654937267303,-1.271776412767692,-0.6337282182625085,0.18438579878979275
16.06898304166657,-0.047812722623348236,0.010412454605102539,-0.027006253600120544,-0.8984096646308899,-0.9549421072006226,0.14832894504070282,-1.2874671910395987,-0.6379245336108844,0.17382760173581235
16.079039041666647,-0.06199777126312256,0.016944169998168945,-0.02982710301876068,-0.8648885488510132,-0.9433622360229492,0.12966026365756989,-1.3026224434134421,-0.6416213236633063,0.16373326932725213
16.089094041666613,-0.061436690390110016,0.02153193950653076,0.00046540796756744385,-0.8481202125549316,-0.916318416595459,0.10029146075248718,-1.317750281094862,-0.6449239722000842,0.15371832685046183
16.09915004166669,-0.05524821579456329,0.04013633728027344,0.02866603434085846,-0.8550325036048889,-0.873531699180603,0.06898438185453415,-1.332414003650478,-0.6477655641863002,0.1435941175748745
16.109206041666766,-0.036918722093105316,0.04165083169937134,0.054029762744903564,-0.8663285374641418,-0.8100813031196594,0.027606051415205002,-1.346829532626132,-0.6501823031651774,0.1331898062495487
16.119261041666732,-0.026995418593287468,0.046499431133270264,0.09234900772571564,-0.8776645064353943,-0.7343273162841797,-0.0035076341591775417,-1.360772876469808,-0.6521636362415899,0.1224305083783794
16.12931704166658,-0.01886039413511753,0.04259622097015381,0.1131894588470459,-0.84592205286026,-0.664000928401947,-0.029102476313710213,-1.373832229300923,-0.6536880711576027,0.11169960356388732
16.13937304166666,-0.008831655606627464,0.043872296810150146,0.1108248382806778,-0.724698007106781,-0.5965031385421753,-0.04785965383052826,-1.3857381293911581,-0.6547366485905863,0.10178317059430327
16.149428041666624,-0.011226523667573929,0.039869487285614014,0.11314569413661957,-0.5639418363571167,-0.5299088954925537,-0.05874372646212578,-1.395958240024929,-0.6553266510229309,0.09359560933666723
16.1594840416667,-0.0034262537956237793,0.03820347785949707,0.13502269983291626,-0.39377662539482117,-0.4889063239097595,-0.05818707123398781,-1.4043566373591598,-0.655536634691316,0.08745786485715547
16.169540041666778,-0.006486915051937103,0.024716436862945557,0.14901427924633026,-0.15878325700759888,-0.44832560420036316,-0.055997420102357864,-1.4109571465072086,-0.655408490822883,0.08383038773428676
16.179596041666628,-0.01708925887942314,0.024142801761627197,0.12706953287124634,0.04732942581176758,-0.39840465784072876,-0.07000377774238586,-1.4153448863013702,-0.6548311767901015,0.08307650163026638
16.189651041666593,-0.018365180119872093,0.01317131519317627,0.17073273658752441,0.09441620111465454,-0.3286672532558441,-0.0856446623802185,-1.418181177857829,-0.6538923674844809,0.08393441554668923
16.19970704166667,-0.0026522688567638397,0.019030094146728516,0.24320538341999054,0.02770840935409069,-0.25325894355773926,-0.08796893805265427,-1.4203911419377075,-0.6528892788295595,0.08461016100151408
16.209763041666747,0.004331601783633232,-0.015695810317993164,0.28225988149642944,-0.04047836735844612,-0.19732242822647095,-0.06477253884077072,-1.4225849217292115,-0.6521219008472732,0.08431199156816006
16.219818041666713,0.011049369350075722,-0.007996857166290283,0.2776896357536316,-0.027741799131035805,-0.14957807958126068,-0.03419411927461624,-1.4243147304193808,-0.6516466865956494,0.08373475446838008
16.22987404166679,0.019166648387908936,-0.002150237560272217,0.2323659062385559,0.014896740205585957,-0.12051846086978912,-0.0027493785601109266,-1.4253323787010586,-0.6514450691368205,0.08359377893322754
16.23993004166664,0.01783674955368042,0.0005280375480651855,0.22134292125701904,0.01739482954144478,-0.08079115301370621,0.011399330571293831,-1.4257854800559608,-0.6514568798543452,0.08384907317299492
16.249985041666605,0.012996930629014969,0.022253036499023438,0.25380033254623413,-0.07366850227117538,-0.031177524477243423,0.006045843940228224,-1.426045540738709,-0.6515379999728268,0.08347551306554521
16.260041041666682,0.007193319499492645,0.001963496208190918,0.2538541555404663,-0.07471312582492828,0.005274091847240925,0.007316571194678545,-1.4264129663071186,-0.6516840852018905,0.0823475852975935
16.27009704166676,0.0029014069586992264,0.022483527660369873,0.18832212686538696,0.023588676005601883,0.04897842928767204,0.006552776787430048,-1.4259564513224994,-0.6517778336306671,0.08197449087025313
16.280152041666724,-0.012282373383641243,0.02646690607070923,0.15774446725845337,0.02112520858645439,0.09859191626310349,-0.002175866859033704,-1.424593284905917,-0.6517313979334228,0.0823228184491038
16.290208041666574,-0.0355842188000679,0.017049551010131836,0.20260679721832275,-0.0994478091597557,0.17435139417648315,-0.017639245837926865,-1.423056125863901,-0.6516617196358262,0.08178408593281883
16.30026404166665,-0.044324230402708054,0.023363351821899414,0.2347748875617981,-0.20052742958068848,0.2521325945854187,-0.0390910878777504,-1.4215447515657265,-0.6515312794301096,0.07969201876126816
16.310319041666617,-0.03465643897652626,0.017675399780273438,0.1922730803489685,-0.15811924636363983,0.32517537474632263,-0.050197534263134,-1.4197522326062788,-0.6513507481318129,0.07712231269251665
16.320375041666694,-0.03244557976722717,0.02411597967147827,0.12929993867874146,-0.03700902312994003,0.37135475873947144,-0.05523834004998207,-1.4170049619125513,-0.6511033548936404,0.0748356805987647
16.33043104166677,-0.029045099392533302,0.03813517093658447,0.13311165571212769,0.0048492103815078735,0.41550835967063904,-0.064998559653759,-1.4134143979919733,-0.6507033227519082,0.07353400178966377
16.340486041666736,-0.021822355687618256,0.024575233459472656,0.1421067714691162,-0.01222302857786417,0.4139776825904846,-0.06304275989532471,-1.4097702070158005,-0.6502730263606987,0.0721420277058421
16.350542041666586,-0.01880740374326706,0.03267168998718262,0.13260911405086517,-0.021181901916861534,0.4175487160682678,-0.07203731685876846,-1.4061529678979126,-0.6497738394848971,0.0709650887985614
16.360598041666663,-0.0259579848498106,0.03154057264328003,0.10441196709871292,-0.041231464594602585,0.40424051880836487,-0.08572455495595932,-1.4026924351073735,-0.6491432765557773,0.06982128371706982
16.37065304166663,-0.019984211772680283,0.026518642902374268,0.09092241525650024,-0.08407080918550491,0.40227991342544556,-0.09769759327173233,-1.3994795980013268,-0.6483999898902146,0.06810134812641878
16.380709041666705,-0.025089994072914124,0.03655385971069336,0.09200328588485718,-0.1974109560251236,0.42207545042037964,-0.1095062643289566,-1.396910194690371,-0.6476738725685894,0.06516822379164813
16.390765041666782,-0.020854894071817398,0.013238668441772461,0.1128956750035286,-0.2954115569591522,0.45741158723831177,-0.11046580225229263,-1.3942496935909476,-0.6469698628540812,0.061837794865643364
16.400820041666748,-0.02528129145503044,0.012849509716033936,0.1287825107574463,-0.33396950364112854,0.5190286040306091,-0.10580659657716751,-1.3916019182590582,-0.6464287380758451,0.05770644906443726
16.410876041666597,-0.01763620227575302,0.0034786462783813477,0.12465864419937134,-0.33741724491119385,0.6017645001411438,-0.10473813861608505,-1.3884049719456364,-0.645964776922922,0.053298099971121525
16.420932041666674,0.0028582364320755005,0.0238458514213562,0.1383455991744995,-0.2910172641277313,0.6815093755722046,-0.10696960240602493,-1.384257467135889,-0.6454865928775358,0.049131625115766145
16.43098704166664,0.0013520251959562302,0.01599287986755371,0.12206017225980759,-0.15914016962051392,0.7272065877914429,-0.11129511147737503,-1.378892651664663,-0.6448412362645134,0.04605215310417496
16.441043041666717,0.014154703356325626,0.012374162673950195,0.075065016746521,-0.010186154395341873,0.7703413963317871,-0.12209111452102661,-1.3720611973421046,-0.6438433509985004,0.04480073424819939
16.451099041666566,0.029767252504825592,0.03254246711730957,0.07010835409164429,0.00945173017680645,0.805078387260437,-0.1340303272008896,-1.3640508615567308,-0.6425376673226766,0.04461524378424276
16.46115404166676,0.05276530608534813,0.03105747699737549,0.10813933610916138,-0.07365766912698746,0.8499314188957214,-0.1425284594297409,-1.3559117529960756,-0.6412189420230798,0.04392725751280524
16.47121004166661,0.05393948405981064,0.011893093585968018,0.14015305042266846,-0.14461466670036316,0.923254132270813,-0.1512947827577591,-1.3478638140373258,-0.6399976591473403,0.042148537675111876
16.481266041666686,0.05273092910647392,-0.0016097426414489746,0.14906054735183716,-0.10908263921737671,1.0221805572509766,-0.1648956686258316,-1.3391590450577866,-0.6387383231263676,0.040084321195262056
16.49132104166665,0.050706420093774796,-0.005531609058380127,0.12632787227630615,-0.001428880961611867,1.1266391277313232,-0.18219183385372162,-1.3291093959225535,-0.6371863073920625,0.038842284820768916
16.50137704166673,0.04073387756943703,-0.01567208766937256,0.0976218581199646,0.16089455783367157,1.2024447917938232,-0.19131869077682495,-1.317015991560633,-0.6351543998999635,0.039238814548428404
16.511433041666578,0.01716766320168972,-0.0230829119682312,0.09087633341550827,0.27383628487586975,1.2698067426681519,-0.20233379304409027,-1.303146962435054,-0.6326491466143861,0.04131016439181396
16.52148804166677,0.013562649488449097,-0.03137505054473877,0.11709779500961304,0.26230043172836304,1.3133817911148071,-0.20248103141784668,-1.2883882990014255,-0.6299180972703483,0.04391125339561431
16.53154404166662,0.021247772499918938,-0.03641790151596069,0.1646871566772461,0.1934339851140976,1.3661375045776367,-0.19983677566051483,-1.2736388594119306,-0.6273029737863246,0.04591283100944971
16.541600041666698,0.018658751621842384,-0.050001323223114014,0.17566078901290894,0.16757385432720184,1.3958925008773804,-0.19092948734760284,-1.2590041146985305,-0.6248986724201797,0.04725473017815949
16.551655041666663,0.020721666514873505,-0.03355741500854492,0.14968717098236084,0.20435184240341187,1.388663411140442,-0.17074112594127655,-1.2441677718030169,-0.6226056469907731,0.04872333064390866
16.56171104166674,0.004347225651144981,-0.03057628870010376,0.11386078596115112,0.24010296165943146,1.3564698696136475,-0.14516155421733856,-1.2291900214337141,-0.6203579147790628,0.05069084938843327
16.57176704166659,-0.003532783128321171,-0.010908663272857666,0.09454543143510818,0.19991691410541534,1.3083056211471558,-0.11270187050104141,-1.2144190230947667,-0.618349041733397,0.052769644414942016
16.581822041666783,0.0015065941261127591,0.012661099433898926,0.09867942333221436,-0.0001303238095715642,1.2771364450454712,-0.094095379114151,-1.2008050589830301,-0.6169910552386052,0.05355319264578063
16.591878041666632,-0.013706160709261894,0.007704615592956543,0.15047341585159302,-0.30360764265060425,1.2770400047302246,-0.09537449479103088,-1.18905425798219,-0.6166653562101377,0.05135673931326924
16.60193404166671,-0.018760375678539276,0.023552417755126953,0.17522525787353516,-0.49182581901550293,1.3019778728485107,-0.09683007001876831,-1.1788823646374298,-0.6173257108596065,0.046190279571182595
16.611989041666675,-0.01565774716436863,0.045842766761779785,0.10100965946912766,-0.47723862528800964,1.3420664072036743,-0.1023971438407898,-1.168945052049453,-0.6183271541864845,0.04003014684386276
16.622045041666752,-0.01520771998912096,0.07639890909194946,0.053098395466804504,-0.35516172647476196,1.3948888778686523,-0.1244443878531456,-1.1583395363641722,-0.6189620292246356,0.034683672672565766
16.6321010416666,-0.012838570401072502,0.08941704034805298,0.04232387989759445,-0.2330036163330078,1.4582606554031372,-0.1538800299167633,-1.146262205232733,-0.618889564363744,0.03063742540697218
16.642156041666567,-0.0006311831530183554,0.10486990213394165,0.042560875415802,-0.1196342185139656,1.5364024639129639,-0.18097007274627686,-1.132831744559856,-0.618109872620076,0.027789855139587358
16.652212041666644,0.015729397535324097,0.124611496925354,0.06495637446641922,-0.08763900399208069,1.6278046369552612,-0.22195638716220856,-1.118219566770702,-0.616715166497572,0.02560489709555603
16.66226804166672,0.04825672134757042,0.1422950029373169,0.1194266825914383,-0.1127806231379509,1.7394609451293945,-0.27603164315223694,-1.102778064331206,-0.6149242809580743,0.02311939813564253
16.672323041666687,0.07899798452854156,0.13609659671783447,0.14582574367523193,-0.08727153390645981,1.8353272676467896,-0.3242606818675995,-1.0863721859436815,-0.6127536220899206,0.020208929500524928
16.682379041666763,0.11292967200279236,0.14998507499694824,0.13879728317260742,0.03694695979356766,1.9363582134246826,-0.3788815438747406,-1.0687824774255534,-0.6097759963208369,0.017823772550639563
16.692435041666613,0.13620342314243317,0.15749317407608032,0.13174766302108765,0.16137942671775818,2.0332937240600586,-0.43941575288772583,-1.0496874905968459,-0.6056882619199749,0.01635282732782463
16.70249004166658,0.14856316149234772,0.13138538599014282,0.13414430618286133,0.3574413061141968,2.104055404663086,-0.4838092029094696,-1.0289412816054104,-0.6004076081470117,0.01613492928304564
16.712546041666656,0.1393853724002838,0.09163594245910645,0.07501984387636185,0.6476004123687744,2.1331114768981934,-0.5106395483016968,-1.006428119646356,-0.5934809518686255,0.018102689367200192
16.722602041666732,0.1308382749557495,0.09538036584854126,0.0407717227935791,0.8551163673400879,2.176525354385376,-0.5408043265342712,-0.9822356604985303,-0.5848847805687788,0.022376396513348065
16.732657041666698,0.11203314363956451,0.053401947021484375,0.0907481387257576,0.8311675786972046,2.2345306873321533,-0.5601889491081238,-0.957374230918,-0.5754638264937706,0.02711504235216874
16.742713041666775,0.11633776128292084,0.03577280044555664,0.18130630254745483,0.5764142274856567,2.3447630405426025,-0.5842512249946594,-0.9326936259237983,-0.5665544285554247,0.029996049579557767
16.752769041666625,0.12366616725921631,0.02732330560684204,0.28497233986854553,0.24923588335514069,2.469390630722046,-0.6125044226646423,-0.9085039213345362,-0.559273668836947,0.029561781214315717
16.76282404166659,0.14338889718055725,-0.008067131042480469,0.2531406283378601,0.16164836287498474,2.5307886600494385,-0.6014103889465332,-0.8848203020678336,-0.553352350039543,0.02670722246322772
16.772880041666667,0.15287922322750092,0.006580650806427002,0.1002911776304245,0.43224790692329407,2.5654919147491455,-0.5956454277038574,-0.8602322797937841,-0.546914683208106,0.024729309268330852
16.782936041666744,0.13515500724315643,0.02627021074295044,-0.01668006181716919,0.7642396092414856,2.562239170074463,-0.611089289188385,-0.8339474501337484,-0.5383634996713801,0.02527046306001693
16.79299104166671,0.125745952129364,-0.005173742771148682,-0.08105169236660004,1.0343129634857178,2.5292623043060303,-0.6468067765235901,-0.8068552610259909,-0.5275588749382952,0.027962004314135244
16.803047041666787,0.10693487524986267,0.020951688289642334,-0.07429520785808563,1.1286078691482544,2.520040988922119,-0.7010490894317627,-0.7795400584374292,-0.5149901876119894,0.0314976228625652
16.813103041666636,0.10522401332855225,0.006895542144775391,-0.010804697871208191,0.9834006428718567,2.5283379554748535,-0.7441749572753906,-0.7527860539273843,-0.5021868313643494,0.03397421565348629
16.823158041666602,0.12013664841651917,-0.007205486297607422,0.084134042263031,0.6654784679412842,2.581743001937866,-0.7828369736671448,-0.7268388700707271,-0.4908088771953674,0.033904237225258683
16.83321404166668,0.128854438662529,-0.0024543404579162598,0.17851971089839935,0.31209853291511536,2.6480767726898193,-0.8039297461509705,-0.7019426531777475,-0.48191038868798325,0.030641118218530314
16.843270041666756,0.16033011674880981,-0.02271932363510132,0.158128023147583,0.17167361080646515,2.6654465198516846,-0.794531524181366,-0.6775697196340313,-0.47505223327073176,0.02521422235627451
16.85332504166672,0.17951369285583496,0.020611345767974854,0.09774629771709442,0.21876123547554016,2.7205328941345215,-0.7836237549781799,-0.6529953346129974,-0.4686544727280545,0.019507156290220914
16.86338104166657,0.16482111811637878,0.034427106380462646,0.0940924882888794,0.22587396204471588,2.7774722576141357,-0.7963817715644836,-0.6277588852968191,-0.462131070841938,0.013854370297662864
16.873437041666648,0.18115371465682983,0.03126823902130127,0.1268342137336731,0.222839817404747,2.8445675373077393,-0.8072949051856995,-0.6020789690353575,-0.4556601109554202,0.007921258174060856
16.883492041666614,0.18060623109340668,0.05653250217437744,0.17894309759140015,0.2359783947467804,2.9434871673583984,-0.8339188098907471,-0.5755847018439264,-0.4491557040336338,0.0016768999239451178
16.89354804166669,0.17274004220962524,0.03639453649520874,0.20882846415042877,0.272917240858078,3.021695375442505,-0.8510059118270874,-0.5482374142743506,-0.44251942949254547,-0.004825887922927372
16.903604041666767,0.1880786418914795,0.02558755874633789,0.19133175909519196,0.38213205337524414,3.081693172454834,-0.8561275601387024,-0.5201315230058863,-0.43533849642012046,-0.011199018677111533
16.913659041666733,0.18740104138851166,0.04187285900115967,0.18324746191501617,0.537778377532959,3.1225132942199707,-0.8685147166252136,-0.49130073037202593,-0.427138144873174,-0.017170105160607733
16.923715041666583,0.17856480181217194,0.00948876142501831,0.08652593195438385,0.8417398929595947,3.0520987510681152,-0.8520742058753967,-0.46216665345785485,-0.41713620025875847,-0.022217433095328667
16.93377104166666,0.1767348051071167,0.005465090274810791,-0.07691740989685059,1.2986081838607788,2.9448678493499756,-0.8403629660606384,-0.43332828037879756,-0.4038022518411735,-0.025533965022708698
16.943826041666625,0.1314503252506256,0.04265892505645752,-0.14894841611385345,1.5840517282485962,2.839928150177002,-0.856019139289856,-0.405015297025655,-0.3869268859079021,-0.027502849071611435
16.953882041666702,0.10003107786178589,-0.007614433765411377,-0.14870980381965637,1.5644609928131104,2.7144148349761963,-0.8801846504211426,-0.37774111807415484,-0.368836262102259,-0.029649533742826334
16.96393804166678,0.08007998764514923,-0.03097844123840332,-0.10636502504348755,1.3557260036468506,2.6315841674804688,-0.9107946157455444,-0.351862290175627,-0.35181869774525865,-0.03307105259063124
16.973993041666745,0.06184782087802887,-0.026832878589630127,-0.06820952892303467,0.9747418761253357,2.571721076965332,-0.9426937103271484,-0.32727490716883095,-0.33758165603339435,-0.03829676165698771
16.984049041666594,0.0704699158668518,-0.05444788932800293,-0.032207638025283813,0.5405310392379761,2.523092269897461,-0.9567211866378784,-0.3037805138957705,-0.3273909118750799,-0.04547751984076237
16.99410504166667,0.08009443432092667,-0.059922218322753906,-0.02239757776260376,0.20172236859798431,2.4861109256744385,-0.9658424854278564,-0.281151842228438,-0.32115175851099365,-0.05421863129898109
17.004159666666737,0.10307333618402481,-0.06543713808059692,-0.045993536710739136,0.10352367907762527,2.447110176086426,-0.944257915019989,-0.2591868125504473,-0.31730535911676094,-0.06363720633099204
17.014215666666587,0.1265549659729004,-0.04195857048034668,-0.09914621710777283,0.23157644271850586,2.4119224548339844,-0.9083824753761292,-0.2375778682592084,-0.31350535188692347,-0.07272715403440079
17.024271666666664,0.1499931812286377,-0.04907405376434326,-0.1790677011013031,0.4734037220478058,2.331489086151123,-0.8708732724189758,-0.2161701161020923,-0.3081089314395613,-0.08110079561915222
17.03432666666663,0.1739087551832199,-0.05724906921386719,-0.23015886545181274,0.7430290579795837,2.2137258052825928,-0.8213523030281067,-0.19545294267766022,-0.30043715248091435,-0.08857705289672102
17.044382666666706,0.17369571328163147,-0.05380040407180786,-0.24442055821418762,0.9575865268707275,2.0765938758850098,-0.7766179442405701,-0.17578994204378054,-0.2904933003854716,-0.09517851621503745
17.054438666666783,0.16379937529563904,-0.09839749336242676,-0.22118252515792847,1.0140955448150635,1.9089397192001343,-0.7509096264839172,-0.15737890330577856,-0.27932791585654954,-0.10139466290984099
17.06449366666675,0.17385880649089813,-0.10955536365509033,-0.18288716673851013,0.9219823479652405,1.7518537044525146,-0.7214820384979248,-0.1405719024878632,-0.2685286530825495,-0.10748534010423998
17.0745496666666,0.18515808880329132,-0.09693628549575806,-0.14795920252799988,0.6886085271835327,1.6256648302078247,-0.6883400678634644,-0.12519024049496555,-0.2594992917075171,-0.11364393484194521
17.084605666666675,0.19220799207687378,-0.10500591993331909,-0.11561059951782227,0.3561353385448456,1.5160870552062988,-0.6580662131309509,-0.11083694259687905,-0.2534572137645807,-0.12001879761885414
17.09466066666664,0.19765156507492065,-0.12207412719726562,-0.08996295928955078,0.06738076359033585,1.424743890762329,-0.6138018369674683,-0.09755861050808459,-0.250760319627529,-0.12639992295001642
17.104716666666718,0.21514767408370972,-0.11168241500854492,-0.11073929071426392,-0.07670073211193085,1.3411647081375122,-0.5433841943740845,-0.0849848245390182,-0.25041711455028826,-0.13249251179338858
17.114772666666568,0.23020198941230774,-0.11054152250289917,-0.15030065178871155,-0.08427049964666367,1.2726147174835205,-0.4657730162143707,-0.07306078910623151,-0.25090483807118913,-0.13780509295679447
17.12482766666676,0.22913393378257751,-0.12870299816131592,-0.1655716598033905,-0.015322459861636162,1.2025777101516724,-0.41351041197776794,-0.061714465094667756,-0.2511708676968366,-0.1423880903645292
17.13488366666661,0.22866639494895935,-0.11654460430145264,-0.1566290259361267,0.0931456983089447,1.14732027053833,-0.3610410988330841,-0.05081795192227813,-0.25058746348522676,-0.146389796582271
17.144939666666687,0.21644487977027893,-0.09722083806991577,-0.13891351222991943,0.17423246800899506,1.1120532751083374,-0.3274202048778534,-0.04026482452731695,-0.24909609865320625,-0.14987721256560133
17.154994666666653,0.20371496677398682,-0.11613792181015015,-0.11242759227752686,0.20389395952224731,1.0684549808502197,-0.2884043753147125,-0.029960632210925316,-0.24710733053737424,-0.1530185772620066
17.16505066666673,0.1852630078792572,-0.138172447681427,-0.08912315964698792,0.21843281388282776,1.0297311544418335,-0.24384625256061554,-0.0199998482714976,-0.24495619627433424,-0.15570075357697544
17.17510666666658,0.16753405332565308,-0.13459360599517822,-0.06670579314231873,0.23112304508686066,0.9873576164245605,-0.19591574370861053,-0.010391748898393276,-0.24265573015709163,-0.15779422228689297
17.185161666666772,0.14451928436756134,-0.13514083623886108,-0.06045481562614441,0.1866522878408432,0.9436576962471008,-0.1518164873123169,-0.001037711216823989,-0.24051065641733432,-0.1595069916024481
17.195217666666622,0.12572914361953735,-0.1595844030380249,-0.04944205284118652,0.09719724953174591,0.8797668218612671,-0.10184813290834427,0.007916778600816717,-0.23914114888227453,-0.1607767994035707
17.2052736666667,0.09084136039018631,-0.13924014568328857,-0.03968578577041626,0.05284660682082176,0.8362022042274475,-0.051003195345401764,0.016624227695663758,-0.23841046286787027,-0.1616008350348354
17.215328666666665,0.0527624785900116,-0.13043975830078125,-0.04293707013130188,-0.006343744695186615,0.7844343185424805,0.0013276546960696578,0.024931779486017425,-0.2382152818806045,-0.1619191798579017
17.22538466666674,0.028819553554058075,-0.12398505210876465,-0.042225182056427,-0.03728577122092247,0.7257542014122009,0.043675217777490616,0.03276952741880198,-0.23843809031711236,-0.16169408460735948
17.23544066666659,0.017206035554409027,-0.10331261157989502,-0.0689157247543335,-0.03453339636325836,0.6706254482269287,0.06794753670692444,0.039972012395577926,-0.23883175528164735,-0.16112162573913982
17.245495666666784,0.008281387388706207,-0.07994097471237183,-0.09275907278060913,-0.0008368160342797637,0.6103465557098389,0.0910213440656662,0.04665762817649672,-0.23898327348321638,-0.1602633854493141
17.255551666666634,-0.0009078904986381531,-0.07749098539352417,-0.11211210489273071,0.04400575906038284,0.5503540635108948,0.10680350661277771,0.052765430886588985,-0.23871543711893203,-0.15918938498758037
17.26560766666671,-0.004535302519798279,-0.06850963830947876,-0.12973374128341675,0.09316474199295044,0.492922842502594,0.1277865320444107,0.05823886270158366,-0.23796289754368702,-0.1579758402281007
17.275662666666676,-0.0021360665559768677,-0.04968160390853882,-0.15660446882247925,0.19164976477622986,0.4296541213989258,0.15249799191951752,0.0631101394494673,-0.2365218030542335,-0.15659242839235077
17.285718666666753,-0.006677284836769104,-0.05064493417739868,-0.17657458782196045,0.2737756371498108,0.3564314544200897,0.1652066856622696,0.06738749471000612,-0.23403851947456594,-0.1550630212867299
17.295774666666603,0.0037676915526390076,-0.04186666011810303,-0.1889318823814392,0.3448657989501953,0.28295058012008667,0.19389425218105316,0.07095760513353515,-0.23081578129295624,-0.153390642474357
17.30582966666657,0.015773843973875046,-0.025455772876739502,-0.2055564820766449,0.3697895407676697,0.20673729479312897,0.20758983492851257,0.07394360792738976,-0.22711086000222033,-0.15162183260878428
17.315885666666645,0.022961284965276718,-0.041389405727386475,-0.22864627838134766,0.3629063367843628,0.11634615063667297,0.21281388401985168,0.0760528837639513,-0.2232677060502914,-0.14976044597150284
17.325941666666722,0.03926432877779007,-0.02575099468231201,-0.22306892275810242,0.35591447353363037,0.04086683690547943,0.22730840742588043,0.07736015794479251,-0.21943736744356793,-0.14776814585299386
17.335996666666688,0.04259524121880531,-0.015816807746887207,-0.21480754017829895,0.3366193175315857,-0.03346491605043411,0.23857943713665009,0.0780229048503146,-0.21573340603632793,-0.14567897126718338
17.346052666666765,0.04364940524101257,-0.04035133123397827,-0.20555013418197632,0.2383718490600586,-0.10945581644773483,0.25064754486083984,0.07813303895705148,-0.21263653003463678,-0.14354800796502817
17.356108666666614,0.051628291606903076,-0.03832167387008667,-0.16337740421295166,0.1503751575946808,-0.17706017196178436,0.2686537206172943,0.07730158168084056,-0.21048608545659567,-0.14103389704179506
17.36616366666658,0.04507908597588539,-0.028676271438598633,-0.14361149072647095,0.030739573761820793,-0.2236606925725937,0.2819734513759613,0.07603184827087175,-0.20933612384015196,-0.13836387401836592
17.376219666666657,0.04672662168741226,-0.04134726524353027,-0.10847193002700806,-0.08262906223535538,-0.2698366940021515,0.2836645543575287,0.07428168489826395,-0.20933387250782387,-0.13543459896707583
17.386275666666734,0.05280739814043045,-0.029616475105285645,-0.08868461847305298,-0.12331883609294891,-0.3165803849697113,0.3007363975048065,0.07204723353260664,-0.21014388000572815,-0.13232444191752896
17.3963306666667,0.04339631646871567,-0.04007697105407715,-0.08006080985069275,-0.07869064807891846,-0.3698310852050781,0.3121078312397003,0.0692430851447707,-0.21096342578468563,-0.1290433958372472
17.406386666666776,0.04401056841015816,-0.049493610858917236,-0.09649750590324402,0.03623318672180176,-0.4399148225784302,0.32099488377571106,0.06609190242506637,-0.21100399778310439,-0.12583587179663008
17.416442666666626,0.07077086716890335,-0.017691850662231445,-0.1130317747592926,0.17676925659179688,-0.4861374497413635,0.3450719714164734,0.06220834088793694,-0.20970225008994417,-0.12247868644249282
17.42649766666659,0.08879904448986053,0.009159326553344727,-0.10659980773925781,0.23354409635066986,-0.5311077237129211,0.3616601526737213,0.058042164348756385,-0.20735636187460182,-0.1190442677063956
17.43655366666667,0.09613342583179474,-0.026861846446990967,-0.0756339430809021,0.22732560336589813,-0.5815219283103943,0.3651222586631775,0.05334344146391943,-0.20475518088097416,-0.11543679847197134
17.446609666666745,0.10721973329782486,-0.04225128889083862,-0.06440606713294983,0.2014830857515335,-0.6420590281486511,0.39788880944252014,0.04806393997178189,-0.2023489396035524,-0.111668625820144
17.45666466666671,0.12848013639450073,-0.028821945190429688,-0.0643167495727539,0.15886558592319489,-0.6620655059814453,0.4011775553226471,0.04247259217679783,-0.20025263205095248,-0.10764782515738301
17.466720666666788,0.12460405379533768,-0.04633146524429321,-0.056213319301605225,0.08966711908578873,-0.7009363174438477,0.4287036955356598,0.03669591782542849,-0.1987280510426576,-0.10343451164567899
17.476776666666638,0.13691255450248718,-0.07308304309844971,-0.05285203456878662,0.0650712251663208,-0.7358239889144897,0.44466373324394226,0.030562798970367806,-0.19777503584760492,-0.09900334135141119
17.486831666666603,0.1307189017534256,-0.08184534311294556,-0.08753570914268494,0.09718477725982666,-0.7859787344932556,0.4760052263736725,0.024100845601155253,-0.19685000521437718,-0.09439057922545711
17.49688766666668,0.1393791139125824,-0.08339917659759521,-0.10316821932792664,0.142233744263649,-0.8134143352508545,0.5080116391181946,0.017143265935506642,-0.19551192799430922,-0.08941766161020162
17.506943666666757,0.13159647583961487,-0.09215515851974487,-0.09527993202209473,0.1377435326576233,-0.8527936339378357,0.5393853783607483,0.009954864781190256,-0.19396153494681692,-0.08408082474549758
17.516998666666723,0.1163296103477478,-0.12547415494918823,-0.07003378868103027,0.0606444776058197,-0.9075511693954468,0.5744174122810364,0.0022799938294727363,-0.19289812461909064,-0.07836666218401304
17.527054666666572,0.11399710178375244,-0.10447067022323608,-0.06352025270462036,0.03508780896663666,-0.9389098286628723,0.6199747920036316,-0.005712071010306334,-0.19244074763075716,-0.0723249787788924
17.53711066666665,0.10607113689184189,-0.07639467716217041,-0.06590181589126587,3.0561350286006927e-06,-0.964417576789856,0.6687548756599426,-0.013817490485177148,-0.19223433086919753,-0.06576666534335499
17.547165666666615,0.09772425144910812,-0.10000675916671753,-0.060332417488098145,-0.09403707087039948,-1.020973801612854,0.7144680023193359,-0.02230071401077233,-0.19281554678780566,-0.05873676448223054
17.557221666666692,0.09379872679710388,-0.09230893850326538,-0.05099031329154968,-0.15265457332134247,-1.0523346662521362,0.7479482293128967,-0.031141500615738567,-0.19425991624417485,-0.051372632852496894
17.56727766666677,0.07987053692340851,-0.062112390995025635,-0.04353064298629761,-0.1665407419204712,-1.0953178405761719,0.8002619743347168,-0.04033010570105312,-0.1961534360506688,-0.04352709015694315
17.577332666666734,0.070389524102211,-0.061576008796691895,-0.0429939329624176,-0.16220830380916595,-1.1267033815383911,0.8145732879638672,-0.049705157215623436,-0.19813589013875915,-0.035395479391443156
17.587388666666584,0.06214374676346779,-0.052496492862701416,-0.052711665630340576,-0.11689191311597824,-1.1798114776611328,0.8498132824897766,-0.05949215741147322,-0.20001732778278736,-0.0270251560647156
17.59744466666666,0.07512816786766052,-0.0225369930267334,-0.0855509340763092,0.007746418938040733,-1.250259518623352,0.8930011987686157,-0.06975942946501407,-0.2011322921916654,-0.018213662271813993
17.607499666666627,0.08304644376039505,-0.025247156620025635,-0.1393434703350067,0.10503319650888443,-1.3465086221694946,0.9235080480575562,-0.08079545424508071,-0.20116285580721532,-0.008909660667920614
17.617555666666703,0.07551134377717972,-0.026591598987579346,-0.13877224922180176,0.16800017654895782,-1.4467735290527344,0.9647122621536255,-0.09288914386845648,-0.20057571545217062,0.0009053271242411654
17.62761066666667,0.0638195052742958,-0.02065485715866089,-0.14480751752853394,0.17546461522579193,-1.5355002880096436,0.9987487196922302,-0.10576963799644154,-0.19974863169277313,0.011106962142304654
17.637666666666746,0.0558839775621891,-0.029087185859680176,-0.1458815336227417,0.08496694266796112,-1.6110239028930664,1.0028773546218872,-0.11945868330703698,-0.19947341953005748,0.021457507283206948
17.647722666666596,0.05245921015739441,-0.031011641025543213,-0.12309384346008301,-0.08020518720149994,-1.6676851511001587,1.0068137645721436,-0.13385472768596338,-0.20069043820146082,0.03167617712294954
17.657778666666673,0.05512288585305214,-0.03049415349960327,-0.11843734979629517,-0.2124606817960739,-1.7139676809310913,1.0082721710205078,-0.14874041138276847,-0.20357914257049847,0.041672701200901746
17.66783366666664,0.06050693988800049,-0.042861104011535645,-0.12445783615112305,-0.2638665735721588,-1.7552883625030518,1.0112218856811523,-0.16410024588107755,-0.20754609464327473,0.05154038595585747
17.677889666666715,0.06121058017015457,-0.026384353637695312,-0.12466773390769958,-0.22823135554790497,-1.7781856060028076,1.018997311592102,-0.17968339108841416,-0.21169762196417885,0.061348833048892285
17.687945666666565,0.0815308466553688,-0.015185117721557617,-0.14663133025169373,-0.18201060593128204,-1.7953275442123413,1.0313268899917603,-0.1954649849444974,-0.2155884604564568,0.07133208278081588
17.698000666666758,0.10476575046777725,-0.01296687126159668,-0.126109778881073,-0.17072544991970062,-1.8080804347991943,1.0063624382019043,-0.2114047787548306,-0.21933684143924204,0.08127514574021004
17.708056666666607,0.10270766168832779,-0.012117207050323486,-0.08347755670547485,-0.18505246937274933,-1.830384373664856,0.9910329580307007,-0.2274823694865965,-0.22316672026685966,0.09093370815660269
17.718112666666684,0.12241654098033905,-0.006233513355255127,-0.06046032905578613,-0.21602609753608704,-1.840636968612671,0.9708906412124634,-0.24377810423760143,-0.22734094102117908,0.1003130776267463
17.72816766666665,0.1452496349811554,0.011166691780090332,-0.029073238372802734,-0.2630283534526825,-1.8520506620407104,0.953330397605896,-0.2602297007859186,-0.23199089748807677,0.10935463851537171
17.738223666666727,0.15978534519672394,0.009736359119415283,-0.0112171471118927,-0.3025142252445221,-1.8626577854156494,0.9475827217102051,-0.27690999678239,-0.23720108378168603,0.11811567872157616
17.748279666666576,0.1821555197238922,0.02292543649673462,0.027574777603149414,-0.33282187581062317,-1.858986496925354,0.94200599193573,-0.2935165744028578,-0.2428585745445293,0.1266106246001032
17.75833466666677,0.19374223053455353,0.016148626804351807,0.04525148868560791,-0.33614787459373474,-1.853442907333374,0.9437783360481262,-0.31023781762461483,-0.2488245152196572,0.135019363096691
17.76839066666662,0.1899164766073227,0.016192317008972168,0.06814932823181152,-0.298641175031662,-1.8337072134017944,0.9514137506484985,-0.3267855758076588,-0.25476662318723275,0.14342900629421607
17.778445666666585,0.17651379108428955,0.020295321941375732,0.08556866645812988,-0.2655830681324005,-1.796326756477356,0.9495788216590881,-0.3429542429744804,-0.2605163992010321,0.15192151132885268
17.78850166666666,0.15751153230667114,0.01636803150177002,0.10208094120025635,-0.22925099730491638,-1.7609286308288574,0.9500098824501038,-0.3586550538407999,-0.2660830171332295,0.16040930679798587
17.79855766666674,0.14851607382297516,0.01765686273574829,0.12751764059066772,-0.12581968307495117,-1.7371281385421753,0.9529651999473572,-0.3741292119620899,-0.27121005499093664,0.16915937499783712
17.808612666666704,0.11646106839179993,0.011662304401397705,0.11041367053985596,0.0042327772825956345,-1.7154489755630493,0.9660099148750305,-0.389196996699208,-0.27533535363914147,0.17836505718278137
17.81866866666678,0.09996949881315231,0.008040904998779297,0.09087362885475159,0.08218830078840256,-1.710084080696106,0.9910673499107361,-0.40380586203066704,-0.2786544374509423,0.18807798921552854
17.82872466666663,0.08280669152736664,0.00016671419143676758,0.09981417655944824,0.0605299137532711,-1.7013338804244995,1.0080084800720215,-0.4182496738000621,-0.28192921267141174,0.1980408994278909
17.838779666666596,0.06654100120067596,-0.014508843421936035,0.11659425497055054,-0.0662490725517273,-1.7277110815048218,1.0146424770355225,-0.43284822494926584,-0.2861065412833636,0.20773607152014217
17.848835666666673,0.05835770070552826,-0.013115406036376953,0.11244317889213562,-0.17262069880962372,-1.752914547920227,1.043026089668274,-0.44786045197402286,-0.29163638204935055,0.2171042836178705
17.85889166666675,0.040885716676712036,-0.01947838068008423,0.08488380908966064,-0.23160997033119202,-1.787466049194336,1.073715329170227,-0.4631375663996916,-0.29816640624228746,0.22619850695854385
17.868946666666716,0.02881273254752159,-0.041595637798309326,0.05486723780632019,-0.23172719776630402,-1.8094969987869263,1.1109235286712646,-0.4784175648674494,-0.30526095253462526,0.23524718748048382
17.879002666666565,0.019391819834709167,-0.0474819540977478,0.011761575937271118,-0.1647345870733261,-1.804904818534851,1.1641780138015747,-0.49377307849335017,-0.3123361268302671,0.24502936585882565
17.889058666666642,0.02431357651948929,-0.04515045881271362,0.015624940395355225,-0.18758854269981384,-1.7772376537322998,1.1934895515441895,-0.508786729414088,-0.3195085373045817,0.2552561688387955
17.899113666666608,0.01839379221200943,-0.04788064956665039,0.06636524200439453,-0.3024815618991852,-1.757272720336914,1.2065843343734741,-0.5235695445373407,-0.3276406286929806,0.2650822347145446
17.909169666666685,0.03950169309973717,-0.035962045192718506,0.07197600603103638,-0.4090029299259186,-1.7242013216018677,1.1775391101837158,-0.5383793379347958,-0.33694303539409204,0.2741059055192082
17.91922566666676,0.05187348276376724,0.030387938022613525,0.06179308891296387,-0.39890527725219727,-1.6799957752227783,1.1403534412384033,-0.5529017445605975,-0.3466329727989245,0.28253331342327215
17.929280666666727,0.05359034240245819,0.0620424747467041,0.03406417369842529,-0.3809238076210022,-1.6290899515151978,1.0907281637191772,-0.567048656772003,-0.35597260276637427,0.2905625610564132
17.939336666666577,0.07777509093284607,0.09092670679092407,0.03453880548477173,-0.3775479793548584,-1.5919246673583984,1.0419760942459106,-0.5806834493454273,-0.36500708944372706,0.2980250001407814
17.949392666666654,0.07598451524972916,0.11102944612503052,0.07100909948348999,-0.3849647045135498,-1.5601869821548462,0.9917619228363037,-0.5941517747021241,-0.37384617139678233,0.3049258323225962
17.95944766666662,0.0763479620218277,0.11487865447998047,0.07998192310333252,-0.38916370272636414,-1.539281964302063,0.9614557027816772,-0.6074111137662934,-0.3826128147948834,0.3113994854088378
17.969503666666697,0.10810517519712448,0.11133480072021484,0.08447378873825073,-0.4465284049510956,-1.5399305820465088,0.9206544756889343,-0.6208161372725522,-0.39146628574510384,0.3172192767026972
17.979559666666773,0.11932488530874252,0.11530673503875732,0.0968855619430542,-0.48772376775741577,-1.5202205181121826,0.8868719935417175,-0.6343787822755883,-0.40065323526408547,0.3222565345498058
17.98961466666674,0.12725822627544403,0.13021355867385864,0.09993582963943481,-0.48864105343818665,-1.506209373474121,0.8425988554954529,-0.6478549830836731,-0.4098272004946014,0.3267366846590446
17.99967066666659,0.13904288411140442,0.12321341037750244,0.09355580806732178,-0.5348953604698181,-1.4873342514038086,0.7753918170928955,-0.6615018019664367,-0.41885115920667143,0.330476862700502
18.009727124999927,0.14279979467391968,0.14126944541931152,0.12061417102813721,-0.5577237010002136,-1.4585144519805908,0.7248459458351135,-0.6752553819523278,-0.4278773430799468,0.33329443476154647
18.01978212500012,0.11069966107606888,0.13182395696640015,0.1438021957874298,-0.5116273164749146,-1.4123495817184448,0.6626052260398865,-0.6888581995488262,-0.4365238489428075,0.33567206535432514
18.02983812499997,0.06505132466554642,0.07152462005615234,0.11985751986503601,-0.4122208058834076,-1.3510987758636475,0.6182745695114136,-0.701940566576075,-0.4442882600430724,0.33792227780891837
18.039894125000046,0.04197074472904205,0.07878267765045166,0.11473959684371948,-0.22241759300231934,-1.281650185585022,0.5844564437866211,-0.7140011259858386,-0.45068937302547096,0.34082781909145515
18.049949125000012,-0.004445955157279968,0.0360531210899353,0.1274820864200592,-0.10212952643632889,-1.232189655303955,0.5499840378761292,-0.7249536157305968,-0.4556005169755007,0.34450236428601055
18.06000512500009,-0.014533400535583496,0.017910420894622803,0.16225287318229675,-0.058896567672491074,-1.188410758972168,0.5393063426017761,-0.7353633451477649,-0.45985632508409835,0.3485194097654981
18.07006112499994,-0.022934667766094208,0.013683438301086426,0.15431642532348633,-0.06386105716228485,-1.112574815750122,0.5387347340583801,-0.7452197732967892,-0.46396328791927915,0.35266645346492786
18.080116124999904,-0.026303730905056,-0.0017843246459960938,0.13279002904891968,-0.12490283697843552,-1.0473988056182861,0.5383719801902771,-0.7542341019439615,-0.4682676317995356,0.356474387932049
18.09017212499998,-0.00912824273109436,0.013447701930999756,0.1298375129699707,-0.20996619760990143,-0.9997629523277283,0.5307343602180481,-0.7630656798926404,-0.4732072917734819,0.3595998578739199
18.100228125000058,-0.007313460111618042,0.012949347496032715,0.12046930193901062,-0.2847543954849243,-0.9614459276199341,0.5207424163818359,-0.7717568496021151,-0.4786382821651759,0.36198754324884225
18.110283125000024,-0.008600473403930664,0.03451347351074219,0.10794982314109802,-0.3382054567337036,-0.9314218163490295,0.5119446516036987,-0.7804701255406247,-0.4845591612696825,0.3637126041589393
18.1203391250001,-0.02011016756296158,0.03810054063796997,0.0674542784690857,-0.3818381428718567,-0.9207984805107117,0.5075387358665466,-0.7891103654210495,-0.49072500097565175,0.36490480437162726
18.13039512499995,-0.03496166318655014,0.03666466474533081,0.026556968688964844,-0.42626190185546875,-0.9127972722053528,0.4872048497200012,-0.7977484133643497,-0.49706052551948215,0.365604627016467
18.140450124999916,-0.038275666534900665,0.06721711158752441,0.010677874088287354,-0.5102174878120422,-0.9013539552688599,0.45598432421684265,-0.8068106880742207,-0.5036961698069741,0.36559136798787123
18.150506124999993,-0.053824976086616516,0.06415897607803345,0.016686707735061646,-0.6101430654525757,-0.8886249661445618,0.4243713915348053,-0.8164411026731319,-0.5108419991232281,0.3644805856241917
18.16056212500007,-0.055135324597358704,0.061311542987823486,-0.0036323964595794678,-0.6844024062156677,-0.8590479493141174,0.3859262466430664,-0.8264905463135374,-0.5183508188573938,0.362209752409507
18.170617125000035,-0.043364331126213074,0.07584971189498901,-0.03642082214355469,-0.6583484411239624,-0.8171320557594299,0.35584065318107605,-0.8364447380126082,-0.5257499233811801,0.3594101460700812
18.180673125000112,-0.04468487948179245,0.07377737760543823,-0.06863188743591309,-0.5665929317474365,-0.7966139912605286,0.33189457654953003,-0.8458573769789393,-0.5324664003601608,0.35680957785091827
18.19072912499996,-0.04817015677690506,0.055931031703948975,-0.07095861434936523,-0.4771164059638977,-0.8056163787841797,0.3039538264274597,-0.854929220783219,-0.5383292842872708,0.35475312992034985
18.200784124999927,-0.055045001208782196,0.04505950212478638,-0.06911680102348328,-0.4153688848018646,-0.8235749006271362,0.285702645778656,-0.8640201655320893,-0.5434972153723363,0.3531012201172701
18.210840125000004,-0.04907406121492386,0.048618972301483154,-0.07398593425750732,-0.4263351559638977,-0.8377708196640015,0.2627479135990143,-0.873234721252698,-0.5483070938771967,0.3514879523661509
18.22089612500008,-0.047807157039642334,0.020671606063842773,-0.051706284284591675,-0.4873250126838684,-0.8588114380836487,0.25043585896492004,-0.8828767509777731,-0.5532205986997881,0.3493296321931935
18.230951125000047,-0.03734772652387619,0.032208144664764404,-0.0475010871887207,-0.5771303176879883,-0.8935647010803223,0.21850499510765076,-0.8933551228853219,-0.5584195603799335,0.3462612293948034
18.241007125000124,-0.01895945519208908,0.031142711639404297,-0.04149457812309265,-0.659347414970398,-0.9455035328865051,0.19508090615272522,-0.9048053102421044,-0.563950022918942,0.3420537193842492
18.251063124999973,0.006230995059013367,0.03272426128387451,-0.03759068250656128,-0.6487323045730591,-1.0096851587295532,0.1772346943616867,-0.9173583923831787,-0.5695396499119785,0.3371889827080324
18.26111812499994,0.02088285982608795,0.025305211544036865,-0.06523698568344116,-0.5479183197021484,-1.0588996410369873,0.17145004868507385,-0.9300071462208982,-0.5745386664704865,0.3327743676114385
18.271174125000016,0.03877781331539154,0.04260671138763428,-0.06031635403633118,-0.5144869089126587,-1.066023349761963,0.15604999661445618,-0.9428579719211531,-0.5789891323696368,0.3288817090008597
18.281230125000093,0.04585032910108566,0.03704625368118286,0.007429838180541992,-0.5273377299308777,-1.0411475896835327,0.14447402954101562,-0.9556646490677986,-0.5832913266746675,0.3248413114042025
18.29128512500006,0.04774010181427002,0.016277074813842773,0.046261221170425415,-0.5131978988647461,-1.0096558332443237,0.13540621101856232,-0.9682942224545121,-0.5874513796808014,0.3206297062593785
18.301341124999908,0.04081893712282181,-0.011014997959136963,0.03588378429412842,-0.4618785083293915,-0.9752413630485535,0.13192012906074524,-0.9805519361146066,-0.5913476285811105,0.3166593798261704
18.311397124999985,0.025983065366744995,-0.013495564460754395,0.06600672006607056,-0.4509630501270294,-0.9448084831237793,0.1280086189508438,-0.9922043568141361,-0.5949270550059254,0.3129679099547839
18.32145212499995,0.03804183006286621,-0.039223432540893555,0.10304871201515198,-0.48198169469833374,-0.9318239688873291,0.11845957487821579,-1.0039049367375512,-0.5985238871476513,0.30895099510643925
18.331508125000028,0.05735082924365997,-0.04285562038421631,0.10064300894737244,-0.4054234027862549,-0.9185128211975098,0.13678991794586182,-1.0153235994776124,-0.6019949080352685,0.30517304778928406
18.341563124999993,0.05988384038209915,-0.024419426918029785,0.09188863635063171,-0.3290412724018097,-0.8807427883148193,0.1470785140991211,-1.0260856827589853,-0.6051386703850345,0.3023233167095733
18.35161912500007,0.06322145462036133,-0.042377471923828125,0.13440442085266113,-0.3149575889110565,-0.849220335483551,0.14339478313922882,-1.0362286453432532,-0.6080690179387283,0.2999222417783694
18.36167512499992,0.05636464059352875,-0.030326008796691895,0.17436173558235168,-0.3183903992176056,-0.8203247785568237,0.14770005643367767,-1.0459692485799612,-0.6109554217666595,0.2974942585503357
18.371730125000113,0.044747449457645416,-0.024420201778411865,0.1982862949371338,-0.3767761290073395,-0.7916629910469055,0.14180800318717957,-1.0555144150071962,-0.61390475648472,0.294769657750027
18.381786124999962,0.03444208949804306,-0.051942288875579834,0.2132471799850464,-0.5177234411239624,-0.7705329656600952,0.15023931860923767,-1.0655611508186138,-0.617378043564478,0.29090486519141634
18.39184212500004,0.031171128153800964,-0.03867620229721069,0.22938272356987,-0.6801950931549072,-0.7580295205116272,0.1714375764131546,-1.0764139463678843,-0.6216992981962318,0.28540808151639424
18.401897125000005,0.026766598224639893,-0.04849475622177124,0.22729220986366272,-0.8093863725662231,-0.7535319924354553,0.18255653977394104,-1.0879934632277355,-0.6267721622757129,0.2782506879260839
18.411953125000082,0.01991421729326248,-0.04004698991775513,0.20170064270496368,-0.8759586811065674,-0.752989649772644,0.20372438430786133,-1.1003149178924319,-0.632397901331645,0.2700102711067848
18.42200912499993,-0.008928477764129639,-0.026649534702301025,0.19158589839935303,-0.9299015998840332,-0.7252546548843384,0.21262812614440918,-1.1130213225489536,-0.6383526932841569,0.2611268755891009
18.432064125000124,-0.017724648118019104,-0.009166598320007324,0.21652521193027496,-0.9916706681251526,-0.6773618459701538,0.22026412189006805,-1.125810891300781,-0.6445281183053648,0.251439924229878
18.442120124999974,-0.012779444456100464,0.0052034854888916016,0.19855451583862305,-0.9745161533355713,-0.6371284127235413,0.225216805934906,-1.138579445046165,-0.6508152950995116,0.2413342671194152
18.45217612500005,-0.015067629516124725,0.0208970308303833,0.18305589258670807,-0.8771141767501831,-0.5711643099784851,0.22510704398155212,-1.1505041648449792,-0.6567643051131492,0.23179362390515795
18.462231125000017,-0.007151789963245392,0.019142508506774902,0.15158158540725708,-0.7244569659233093,-0.4995359480381012,0.233244851231575,-1.1610002842036153,-0.6621827482321614,0.22359555967108138
18.472287125000094,0.009446181356906891,0.038743793964385986,0.10272921621799469,-0.5073007345199585,-0.4072105586528778,0.23895792663097382,-1.1691825488373038,-0.6668088370920792,0.21756264800865446
18.482343124999943,0.006596073508262634,0.05156242847442627,0.07023884356021881,-0.3746737241744995,-0.3378660976886749,0.22688688337802887,-1.175363373927536,-0.6706581721749634,0.21356682733383947
18.49239812499991,-0.002636358141899109,0.04905545711517334,0.07962974905967712,-0.3421053886413574,-0.26859328150749207,0.21023307740688324,-1.1804474117459411,-0.6740512866659322,0.21040101877139006
18.502454124999986,-0.037313930690288544,0.040412068367004395,0.05967248976230621,-0.3179641664028168,-0.21911601722240448,0.18793074786663055,-1.1847267998856423,-0.6771164732217059,0.20740058637828784
18.512510125000063,-0.040871985256671906,0.042461514472961426,0.03380697965621948,-0.28290775418281555,-0.20174793899059296,0.17485164105892181,-1.1884138381398606,-0.6799400509930921,0.2046728276387389
18.52256512500003,-0.052213750779628754,0.03527909517288208,-0.022809624671936035,-0.26238569617271423,-0.20470698177814484,0.15680819749832153,-1.1918414442150331,-0.682499035924243,0.20216899559734733
18.532621125000105,-0.06745008379220963,0.027492225170135498,-0.029402151703834534,-0.28962427377700806,-0.22465871274471283,0.13731275498867035,-1.1953176275251884,-0.6848544520314794,0.19955801380568172
18.542677124999955,-0.06044855713844299,0.023970305919647217,-0.051154449582099915,-0.3162747919559479,-0.23714573681354523,0.11929062008857727,-1.1995525722999258,-0.687189723566744,0.19644248754390514
18.55273212499992,-0.04278554767370224,0.03224915266036987,-0.08354784548282623,-0.29708370566368103,-0.2628396451473236,0.10915760695934296,-1.2040355111123917,-0.6893739908437772,0.1932064600419616
18.562788124999997,-0.039332613348960876,0.021183252334594727,-0.07557922601699829,-0.28012415766716003,-0.2830815315246582,0.08916765451431274,-1.208701131645752,-0.6913586236254238,0.19014697516353585
18.572844125000074,-0.028411298990249634,0.026963412761688232,-0.06266067922115326,-0.28460702300071716,-0.29618868231773376,0.07437536120414734,-1.213598712652289,-0.6931606838092386,0.18705367602982625
18.58289912500004,-0.002627655863761902,0.04107874631881714,-0.050827428698539734,-0.2867053151130676,-0.29605633020401,0.060231585055589676,-1.218592354845009,-0.694807364708058,0.1838488934067034
18.592955125000117,0.01602747291326523,0.047693490982055664,-0.029218479990959167,-0.3191155791282654,-0.2790764272212982,0.03780055046081543,-1.223686831484124,-0.6963166617255762,0.18034014139926577
18.603011124999966,0.0270417258143425,0.049106478691101074,0.002126529812812805,-0.33637019991874695,-0.240600124001503,0.01703828200697899,-1.2288417393444058,-0.6977312663997752,0.17636371297685996
18.613066124999932,0.03843100368976593,0.04528629779815674,0.027580872178077698,-0.3032829165458679,-0.17754580080509186,-0.003346459474414587,-1.2336570754717664,-0.6989377549489615,0.1723580051208292
18.62312212500001,0.040443241596221924,0.04028761386871338,0.034227386116981506,-0.1817125380039215,-0.10561567544937134,-0.017560813575983047,-1.2371607037848178,-0.6996994588517204,0.16924660466715827
18.633178125000086,0.034376077353954315,0.030125141143798828,0.038994595408439636,-0.012247796170413494,-0.0451509989798069,-0.028882764279842377,-1.2389471491834723,-0.6998644969854931,0.16787669924620008
18.64323312500005,0.021374963223934174,0.007067203521728516,0.030540987849235535,0.178178608417511,-0.02109147049486637,-0.031096916645765305,-1.238620125442862,-0.6993070777893167,0.16879188914417803
18.6532891249999,0.01115117222070694,0.013495981693267822,0.03663969039916992,0.24190020561218262,-0.0022755705285817385,-0.034566670656204224,-1.2370659757065308,-0.6982929534669188,0.17140079835017813
18.663345124999978,0.002554379403591156,-0.006159961223602295,0.08839011192321777,0.18797677755355835,0.014860006049275398,-0.03362097963690758,-1.235425107650935,-0.6972796514853692,0.17391755918099522
18.673400124999944,-0.009340792894363403,-0.020143866539001465,0.11856807768344879,0.16247212886810303,0.025183483958244324,-0.02635001949965954,-1.2338204486722297,-0.6964184880357072,0.1759032689213256
18.68345612500002,-0.007689185440540314,-0.016973018646240234,0.10597477853298187,0.15123891830444336,0.028931617736816406,-0.017719512805342674,-1.2323479589363269,-0.6957003181078114,0.1777529949200015
18.693512125000098,-0.010076098144054413,-0.006621241569519043,0.11031235754489899,0.08420852571725845,0.04503295570611954,-0.01288616843521595,-1.2310365874525067,-0.695148986653119,0.17918922659976708
18.703567125000063,-0.016159027814865112,-0.0016541481018066406,0.15544311702251434,-0.03133804351091385,0.07968414574861526,-0.01357432920485735,-1.2302281395168024,-0.6949484687574697,0.1793951047480677
18.713623124999913,-0.01570633053779602,0.010069787502288818,0.19566680490970612,-0.10209432244300842,0.14783763885498047,-0.014797945506870747,-1.2296821635534778,-0.6950854188753961,0.17845338484173934
18.72367912499999,-0.015691280364990234,0.013090908527374268,0.211320161819458,-0.11790231615304947,0.22568795084953308,-0.021059568971395493,-1.228783077221504,-0.6953495245982223,0.17691206829123737
18.733734124999955,-0.02249058336019516,0.026867985725402832,0.2254793643951416,-0.041535910218954086,0.2976180911064148,-0.023049430921673775,-1.2268576838592087,-0.6954227767406992,0.1757140655877123
18.743790125000032,-0.025020122528076172,0.03083479404449463,0.21962201595306396,0.0607537105679512,0.3669561445713043,-0.03747444227337837,-1.2236048623037012,-0.6951471356832566,0.17556346809799947
18.75384612500011,-0.02336786687374115,0.042231082916259766,0.2295704334974289,0.10259893536567688,0.442300021648407,-0.05279750004410744,-1.2190286022074361,-0.6944822070253076,0.176236198529054
18.763901125000075,-0.022416092455387115,0.061914145946502686,0.24826860427856445,0.09141552448272705,0.49727192521095276,-0.07275708764791489,-1.2136508781886817,-0.6935744264895972,0.176966432378417
18.773957124999924,-0.026429586112499237,0.05716109275817871,0.2668653130531311,0.08350961655378342,0.5456475615501404,-0.09681808203458786,-1.208026190406478,-0.6925138784721588,0.17746254062347266
18.784013125,-0.031694233417510986,0.05800992250442505,0.26799798011779785,0.09507466107606888,0.6070518493652344,-0.11591880768537521,-1.2020217416364491,-0.6912769070691986,0.1777887977082986
18.794068124999967,-0.02386317402124405,0.06690627336502075,0.26916182041168213,0.09262336045503616,0.6868636608123779,-0.12576167285442352,-1.1951214566319341,-0.6898184060368948,0.1782937965277587
18.804124125000044,-0.022768624126911163,0.057729363441467285,0.2813106179237366,0.08153928071260452,0.7734859585762024,-0.13780927658081055,-1.1874910635805134,-0.6882907266970094,0.17864300753350068
18.81418012500012,-0.022526994347572327,0.04303461313247681,0.2776392102241516,0.12425913661718369,0.8576335906982422,-0.14508694410324097,-1.1790592512496068,-0.6866317369937857,0.17903792980663147
18.824235125000087,-0.015725813806056976,0.04404395818710327,0.24734073877334595,0.2290915548801422,0.9402093887329102,-0.15348681807518005,-1.1691827396020502,-0.6846133140114434,0.18031954802208225
18.834291124999936,-0.014333494007587433,0.03928959369659424,0.218534454703331,0.3075467646121979,1.0041577816009521,-0.16777782142162323,-1.1579237203325092,-0.6821001487542194,0.182581909543469
18.844347125000013,-0.01639985293149948,0.04743427038192749,0.21717138588428497,0.3476686179637909,1.078589916229248,-0.18723167479038239,-1.145439803053008,-0.6791332590075759,0.18546882143302068
18.85440212499998,-0.006324604153633118,0.05584144592285156,0.21879392862319946,0.3154431879520416,1.1693897247314453,-0.21257264912128448,-1.1324724265250428,-0.6759734220815696,0.1881913066298818
18.864458125000056,0.0005880445241928101,0.05747765302658081,0.23026631772518158,0.2898198366165161,1.2556519508361816,-0.2338007092475891,-1.1189767303445992,-0.6727113638133394,0.1903463996345901
18.874514124999905,0.003692328929901123,0.062168896198272705,0.220687136054039,0.30570438504219055,1.3296886682510376,-0.26027676463127136,-1.1047786215543185,-0.6692295229059889,0.19224184859541601
18.884569125000098,0.009898252785205841,0.07362037897109985,0.18821072578430176,0.3561212122440338,1.3704315423965454,-0.29500332474708557,-1.0901197877905326,-0.6653171741492496,0.1942403756023986
18.894625124999948,0.0037261098623275757,0.07244688272476196,0.13213926553726196,0.4596533477306366,1.3571269512176514,-0.32811060547828674,-1.0748491485633214,-0.660696948705478,0.19683553037041338
18.904681125000025,-0.008828423917293549,0.08454525470733643,0.07088544964790344,0.5679337382316589,1.3183473348617554,-0.3538207709789276,-1.0592914865452165,-0.6552507358350359,0.20041668581555327
18.91473612499999,-0.024908922612667084,0.08158457279205322,0.046965792775154114,0.5592654943466187,1.285663366317749,-0.39304426312446594,-1.0437778188194382,-0.6491526509159278,0.2042496316345851
18.924792125000067,-0.018186621367931366,0.08393615484237671,0.053768038749694824,0.42410796880722046,1.2841964960098267,-0.430555135011673,-1.0292750076657062,-0.6430692057641666,0.20698166547874192
18.934847125000033,-0.015480726957321167,0.08606600761413574,0.07749667763710022,0.1616990566253662,1.313027262687683,-0.47141000628471375,-1.0162885424534898,-0.6376770259542086,0.20717981596849877
18.94490312500011,-0.016206204891204834,0.06939816474914551,0.11458724737167358,-0.13345590233802795,1.3779772520065308,-0.5084945559501648,-1.0046816645681764,-0.6334452021202405,0.20399807941747372
18.95495912499996,-0.012641914188861847,0.062325477600097656,0.1360958218574524,-0.28522488474845886,1.4755245447158813,-0.5261402130126953,-0.9938851208535415,-0.6303218778981163,0.19813389289227734
18.965014124999925,-0.007123097777366638,0.06057703495025635,0.10694621503353119,-0.254509836435318,1.5890371799468994,-0.5284028053283691,-0.9823724369771415,-0.6274725433943623,0.19158906407679585
18.975070125000002,-0.0046171024441719055,0.0370560884475708,0.08423395454883575,-0.09325849264860153,1.6931216716766357,-0.5388374328613281,-0.9693310028643367,-0.6240922812438588,0.18599804668590778
18.98512612500008,0.00973084568977356,0.045236170291900635,0.04333825409412384,0.1383076161146164,1.755798101425171,-0.5442604422569275,-0.9542759572131954,-0.6195267040622685,0.1823391446436694
18.995181125000045,0.02712298184633255,0.05318933725357056,0.007560431957244873,0.3143785297870636,1.7907524108886719,-0.5735219717025757,-0.9375162308223245,-0.6136234489234799,0.180595975336461
19.00523712500012,0.041457489132881165,0.05206054449081421,0.0024874210357666016,0.45239710807800293,1.7870357036590576,-0.5783728957176208,-0.919853939419694,-0.6066879902732449,0.18012741034269036
19.01529275000007,0.059288330376148224,0.04292422533035278,-0.017266765236854553,0.5210493206977844,1.7654752731323242,-0.5952485203742981,-0.9018852403621114,-0.5989996358442232,0.18045441595398107
19.025347750000037,0.07461748272180557,0.03719222545623779,-0.002251744270324707,0.4917103052139282,1.7586325407028198,-0.6109499931335449,-0.8841184231604495,-0.59107489544369,0.1807044253985589
19.035403750000114,0.07252364605665207,0.04031950235366821,0.0389191210269928,0.36886972188949585,1.760937213897705,-0.6236084699630737,-0.8669576084394583,-0.5835515242675906,0.17995011650222506
19.045459749999964,0.08115634322166443,0.025168657302856445,0.07522106170654297,0.1975294053554535,1.7598521709442139,-0.6347764134407043,-0.8506434351864618,-0.5769211961695171,0.17759433169401856
19.05551474999993,0.09778395295143127,0.019481360912322998,0.09737470746040344,0.03197093307971954,1.7870666980743408,-0.6478000283241272,-0.8351456631628922,-0.571392039928734,0.1734504024665398
19.065570750000006,0.11496913433074951,0.021119415760040283,0.09417510032653809,-0.013462595641613007,1.8216638565063477,-0.6320189833641052,-0.819951487837986,-0.5666783435419236,0.16826806746158118
19.075626750000083,0.11784227937459946,0.014112353324890137,0.07895602285861969,0.07107945531606674,1.8717248439788818,-0.6297857165336609,-0.8041488898037823,-0.5619430747104837,0.1632915847836313
19.08568175000005,0.11723864078521729,0.005947589874267578,0.0579199492931366,0.19484639167785645,1.9073299169540405,-0.6331389546394348,-0.7875190132856021,-0.5565140417755127,0.15918220017913548
19.0957377499999,0.11967384815216064,0.01783829927444458,0.05491192638874054,0.28748399019241333,1.9570746421813965,-0.6486655473709106,-0.7699678600425784,-0.5502752435688191,0.15584572173943886
19.105793749999975,0.11196061968803406,0.026670634746551514,0.0922025740146637,0.3045327663421631,2.0191032886505127,-0.6624511480331421,-0.751792924647832,-0.5436056030459527,0.15268407580907573
19.11584874999994,0.1199953556060791,0.011082172393798828,0.0973217785358429,0.325567364692688,2.0460915565490723,-0.6776866316795349,-0.7332597236399605,-0.5367890334080254,0.14934742192891134
19.125904750000018,0.13190320134162903,0.003927946090698242,0.05906766653060913,0.39829641580581665,2.058678150177002,-0.6925630569458008,-0.7144638073544853,-0.5295702775554298,0.14614198039509121
19.135960750000095,0.12017098069190979,0.013242125511169434,0.03943935036659241,0.4252362549304962,2.0782341957092285,-0.710915207862854,-0.6952955045636772,-0.5218248763692822,0.14306126770022773
19.14601575000006,0.11533895134925842,0.005485236644744873,0.052211642265319824,0.3484344184398651,2.1040432453155518,-0.7253599166870117,-0.6761362768715206,-0.5142377437539205,0.13950236303549154
19.15607174999991,0.11313357949256897,-0.000774383544921875,0.08888137340545654,0.2571079134941101,2.139674663543701,-0.7314059734344482,-0.6571247470707374,-0.5073796471135411,0.13506342081397724
19.166127749999987,0.11447557061910629,-0.0007718801498413086,0.09384912252426147,0.20542314648628235,2.1635780334472656,-0.7363471984863281,-0.6380097083386678,-0.5011166844115946,0.1299061502945914
19.176182749999953,0.11851457506418228,-0.016016900539398193,0.06696392595767975,0.27934136986732483,2.1796975135803223,-0.731198787689209,-0.6186730345325236,-0.49490980736390155,0.1246202368047834
19.18623875000003,0.12387342751026154,-0.006900370121002197,0.0023786574602127075,0.4373762607574463,2.147216558456421,-0.7103949785232544,-0.5989063876660995,-0.4878192740157825,0.12013446062825324
19.196294750000106,0.12342006713151932,-0.008326590061187744,-0.032403409481048584,0.5439620018005371,2.102836847305298,-0.7174920439720154,-0.5792568565152172,-0.4796711476677355,0.1165478153692525
19.206349750000072,0.09692025929689407,0.0010831952095031738,-0.0038871169090270996,0.4854497015476227,2.0677123069763184,-0.720123827457428,-0.5599614924246271,-0.4713462535548914,0.11289502184955524
19.21640574999992,0.08564972877502441,-0.002515256404876709,0.04378435015678406,0.306154727935791,2.0625367164611816,-0.736737847328186,-0.5413140143189148,-0.4641089273946973,0.10823524445233969
19.22646175,0.07067515701055527,-0.0036287903785705566,0.08303603529930115,0.13697582483291626,2.0859854221343994,-0.7392047047615051,-0.5231310614072914,-0.4584925684282119,0.10230133718901777
19.236516749999964,0.05590948089957237,-0.004733264446258545,0.10039013624191284,0.061495937407016754,2.1429810523986816,-0.7305967211723328,-0.5048088254436619,-0.454066018078973,0.0956210348041538
19.24657275000004,0.06088348105549812,0.010407805442810059,0.07737469673156738,0.12334758788347244,2.176978349685669,-0.7187584638595581,-0.48609400740765435,-0.44989813879117535,0.0889334243111263
19.256628750000118,0.08759544044733047,0.019822418689727783,0.030606865882873535,0.2918994426727295,2.18489408493042,-0.7044011354446411,-0.46677826864639843,-0.4448131085342395,0.08290772985465918
19.266683750000084,0.08621542155742645,0.046739816665649414,0.002775818109512329,0.4207974970340729,2.1949732303619385,-0.7171017527580261,-0.44705767679266745,-0.4384047430806455,0.07760897098263361
19.276739749999933,0.07715689390897751,0.04842936992645264,0.005787253379821777,0.4704555869102478,2.162693977355957,-0.7396504282951355,-0.42744077538813396,-0.4312602471991492,0.0723885757595556
19.2867947499999,0.08964855968952179,0.05618852376937866,0.014333263039588928,0.546573281288147,2.127743721008301,-0.7614220380783081,-0.40819745317327344,-0.42357689124807557,0.06709227616678076
19.296850749999976,0.09814099967479706,0.060485899448394775,8.273124694824219e-05,0.5974546670913696,2.0936996936798096,-0.7851034998893738,-0.38927828040510415,-0.41525504646141104,0.06172418273674543
19.306906750000053,0.1078706607222557,0.053909122943878174,0.011321187019348145,0.5661220550537109,2.08738374710083,-0.8216191530227661,-0.37074118683301455,-0.4068010792257769,0.05594867309665089
19.31696175000002,0.1104525625705719,0.043867528438568115,0.04591101408004761,0.45844581723213196,2.1014513969421387,-0.8604325652122498,-0.35223855023933165,-0.39897884650339077,0.04928719328958606
19.327017750000095,0.11127793788909912,0.0380212664604187,0.0817875862121582,0.35192230343818665,2.136215925216675,-0.8899355530738831,-0.3339029955231231,-0.3922104062984994,0.04176546429047828
19.337073749999945,0.11408566683530807,0.03319859504699707,0.10356569290161133,0.2835455536842346,2.1837868690490723,-0.9068050384521484,-0.31540947021896926,-0.3863945568845915,0.03355845765889833
19.34712874999991,0.12541186809539795,0.021615326404571533,0.08776465058326721,0.33824580907821655,2.223637104034424,-0.8995263576507568,-0.2963254706793723,-0.38077864336760237,0.025158768764712125
19.357184749999988,0.14176669716835022,-0.0005613565444946289,0.02783191204071045,0.47396084666252136,2.2297487258911133,-0.8858904838562012,-0.27700229709725016,-0.3743741067606762,0.017171729195245972
19.367240750000065,0.13684013485908508,-0.001944899559020996,0.005357414484024048,0.6647230982780457,2.2497096061706543,-0.8761816620826721,-0.2572668387872905,-0.3665013777443232,0.009634996551444666
19.37729575000003,0.11292631924152374,-0.00894075632095337,0.0018207132816314697,0.8030143976211548,2.247412919998169,-0.8614799976348877,-0.23717163988419285,-0.3571636492174414,0.0025030639626040497
19.387351750000107,0.11182039976119995,-0.0438917875289917,-0.006989210844039917,0.8783371448516846,2.226419687271118,-0.8658931255340576,-0.21703003768571322,-0.3469574543073996,-0.004518333815731941
19.397407749999957,0.10335595160722733,-0.055343449115753174,-0.010930836200714111,0.9286996126174927,2.211528778076172,-0.861483097076416,-0.1970628927083929,-0.3362852369912736,-0.011574230627832017
19.407462749999922,0.10447386652231216,-0.03308612108230591,0.00015428662300109863,0.9029535055160522,2.2099521160125732,-0.8711679577827454,-0.17732477365858618,-0.32556587583219554,-0.01875304115764282
19.41751875,0.10828709602355957,-0.05575418472290039,0.02334916591644287,0.736703097820282,2.1930084228515625,-0.8748622536659241,-0.157687952554654,-0.31592360621714727,-0.026411585946067174
19.427574750000076,0.11170536279678345,-0.08192253112792969,0.04654979705810547,0.5748447179794312,2.160473108291626,-0.8741362690925598,-0.13825188188151008,-0.3081737776739214,-0.034553576093303305
19.437629750000042,0.11896499246358871,-0.08269381523132324,0.010103195905685425,0.5054215788841248,2.0939033031463623,-0.8333484530448914,-0.11944014404164582,-0.30174987715741186,-0.04275716776042411
19.44768575000012,0.1393589973449707,-0.08310157060623169,-0.056330978870391846,0.5095146298408508,2.0149619579315186,-0.7845672965049744,-0.10114089846371992,-0.2958229281287117,-0.05060758240245054
19.45774174999997,0.14435578882694244,-0.10743337869644165,-0.10598012804985046,0.5151758790016174,1.911161184310913,-0.7185268402099609,-0.08360597789955226,-0.28999086659126644,-0.05794387774198147
19.467796749999934,0.1382918655872345,-0.1278875470161438,-0.12020796537399292,0.4974498450756073,1.8234646320343018,-0.6629056930541992,-0.06688109824397753,-0.2843963360721219,-0.06472862498855143
19.47785275000001,0.1326381415128708,-0.12649303674697876,-0.1260189712047577,0.4268997311592102,1.756446361541748,-0.6045436263084412,-0.05077647393813624,-0.27939960105325956,-0.07104069527652618
19.487908750000088,0.13451522588729858,-0.15489375591278076,-0.12060526013374329,0.3090575337409973,1.6869953870773315,-0.5401281714439392,-0.03522948754045739,-0.27552317453434627,-0.0767683265652615
19.497963750000054,0.1402418315410614,-0.1798657774925232,-0.10994338989257812,0.2528843581676483,1.6117730140686035,-0.46737435460090637,-0.020160900035785544,-0.2726569262757425,-0.08193237244705535
19.508019749999903,0.1415698379278183,-0.1765836477279663,-0.1203652024269104,0.2610626518726349,1.53246009349823,-0.39797502756118774,-0.005508946429519182,-0.27013541520873935,-0.08645227969221203
19.51807574999998,0.16276758909225464,-0.1537712812423706,-0.16793739795684814,0.26682236790657043,1.4616711139678955,-0.33814486861228943,0.008494682708985473,-0.26754903729911866,-0.0902702936274268
19.528130749999946,0.17242126166820526,-0.14012748003005981,-0.18258148431777954,0.2500047981739044,1.3652961254119873,-0.280081570148468,0.021777232924189583,-0.26504442554268837,-0.09348473104085903
19.538186750000023,0.16266687214374542,-0.15126103162765503,-0.17766964435577393,0.24835044145584106,1.2473235130310059,-0.22441676259040833,0.0341580391625941,-0.2626917172809757,-0.09616162735031082
19.5482427500001,0.15783871710300446,-0.13084417581558228,-0.1904861330986023,0.24311761558055878,1.123218297958374,-0.17477251589298248,0.04549075755510978,-0.26033594571403584,-0.09827720419713674
19.558297750000065,0.14929567277431488,-0.12230777740478516,-0.19507187604904175,0.19165024161338806,0.9975826740264893,-0.138936847448349,0.05574538397789924,-0.2582391637938174,-0.10003311896522997
19.568353749999915,0.14398179948329926,-0.11252468824386597,-0.18028903007507324,0.11788734793663025,0.8839250802993774,-0.11278701573610306,0.06475957291932223,-0.25677839557858767,-0.10138261901711507
19.57840974999999,0.1274154633283615,-0.1019902229309082,-0.161449134349823,0.02300819754600525,0.786338746547699,-0.09080898016691208,0.07280204088044535,-0.2561735722505852,-0.10246502974861861
19.588464749999957,0.13116498291492462,-0.09204953908920288,-0.13637062907218933,-0.07752453535795212,0.6934418082237244,-0.07442015409469604,0.07989620590892142,-0.25653934537035933,-0.10321286731685995
19.598520750000034,0.12195275723934174,-0.06980544328689575,-0.11143380403518677,-0.1506018489599228,0.6269323229789734,-0.04958213120698929,0.08636759007270237,-0.2577548468505281,-0.10371550298986011
19.60857675000011,0.10431140661239624,-0.07633483409881592,-0.10397231578826904,-0.18410255014896393,0.5550535917282104,-0.016153866425156593,0.09223606003755153,-0.2594975324878734,-0.1038852394483152
19.618631750000077,0.11388557404279709,-0.06018674373626709,-0.10634183883666992,-0.14979055523872375,0.4989463686943054,0.024340348318219185,0.0974348214770954,-0.26115678277124044,-0.10357848757890166
19.628687749999926,0.10021453350782394,-0.0545693039894104,-0.10851866006851196,-0.061374686658382416,0.4475790858268738,0.06485182791948318,0.10212596617371578,-0.2621447208721563,-0.10288938997905699
19.63874275000012,0.08724486082792282,-0.05658048391342163,-0.1206369400024414,0.03102985955774784,0.3845027685165405,0.09266568720340729,0.10638824088387977,-0.26217887133818807,-0.10196772340821524
19.64879874999997,0.08995525538921356,-0.046267032623291016,-0.11715355515480042,0.09057734161615372,0.334146112203598,0.10293270647525787,0.11018472252002842,-0.2614096010277583,-0.10097646682945459
19.658854750000046,0.09398801624774933,-0.02294248342514038,-0.10999900102615356,0.08538723737001419,0.2900959849357605,0.10868462920188904,0.11353968931362876,-0.26036942079350145,-0.09994427592322422
19.66890975000001,0.08226842433214188,-0.04779839515686035,-0.09069067239761353,0.028442198410630226,0.24493062496185303,0.1101863831281662,0.11649793859704569,-0.2596756719626383,-0.09886805555648401
19.67896575000009,0.08224821835756302,-0.0494803786277771,-0.08286243677139282,-0.014904786832630634,0.2003060281276703,0.11577767133712769,0.1188687049918833,-0.2594667915079187,-0.09761494223146892
19.689021749999938,0.08319389075040817,-0.03528475761413574,-0.09902209043502808,-0.04023091495037079,0.16961495578289032,0.12184994667768478,0.12096892873740517,-0.2595953024724321,-0.0962677967446186
19.699076749999904,0.08432148396968842,-0.04242175817489624,-0.10799968242645264,-0.029889151453971863,0.12564457952976227,0.1293344348669052,0.1227403071648777,-0.2598060840695773,-0.09486440497412069
19.70913274999998,0.08585496246814728,-0.037879347801208496,-0.12134385108947754,0.00999088678508997,0.08601727336645126,0.1373945027589798,0.12421617433998002,-0.2597210093235206,-0.09344990373522319
19.719188750000058,0.08420269191265106,-0.04499077796936035,-0.12656331062316895,0.0439722016453743,0.032099977135658264,0.15079355239868164,0.12530975456736534,-0.25926439529581163,-0.09200742451068153
19.729243750000023,0.08967335522174835,-0.03371793031692505,-0.1318427324295044,0.06617709994316101,-0.010600345209240913,0.1573374718427658,0.12570221915960708,-0.2584878026031266,-0.09040814480393629
19.7392997500001,0.07707922160625458,-0.029401540756225586,-0.12159866094589233,0.03564858064055443,-0.05286071449518204,0.1613365262746811,0.12570060521515042,-0.2577117444050934,-0.08877665060971947
19.74935574999995,0.06510565429925919,-0.0380440354347229,-0.10077318549156189,-0.04887908697128296,-0.099700927734375,0.16156183183193207,0.12534670965651545,-0.25751073986913386,-0.0870591293534585
19.759410749999915,0.05527441203594208,-0.04127234220504761,-0.08217775821685791,-0.12168427556753159,-0.1434115171432495,0.1706559658050537,0.12454247077589899,-0.25815942214480436,-0.08520279020206066
19.769466749999992,0.05168740078806877,-0.02456212043762207,-0.07990622520446777,-0.12403318285942078,-0.18599440157413483,0.1757412701845169,0.12326940051228027,-0.2591824711984918,-0.08315165615649696
19.77952275000007,0.04684534668922424,-0.020486772060394287,-0.09327653050422668,-0.09364869445562363,-0.21358728408813477,0.18885672092437744,0.12174559568914788,-0.26001400881496317,-0.08104591576477205
19.789577750000035,0.042614471167325974,-0.015054583549499512,-0.09262228012084961,-0.041819579899311066,-0.25358447432518005,0.19527201354503632,0.12033790460262876,-0.2582435454318049,-0.07807384020508967
19.799633750000112,0.03726710006594658,-0.014124274253845215,-0.08097729086875916,-0.006679303012788296,-0.2935083508491516,0.20341230928897858,0.11853591297365731,-0.25610274288518164,-0.07520659013100274
19.80968974999996,0.03798680007457733,-0.013553202152252197,-0.07953745126724243,0.04163842648267746,-0.3305867612361908,0.21188436448574066,0.11645559504483612,-0.2536133371678964,-0.07235286863419883
19.819744749999927,0.03598757088184357,-0.003680109977722168,-0.08167135715484619,0.09888103604316711,-0.3669058680534363,0.2207777202129364,0.11398687324859191,-0.25081688518743595,-0.06964528225175418
19.829800750000004,0.030416127294301987,-0.010749280452728271,-0.07189545035362244,0.15098577737808228,-0.40791159868240356,0.22647075355052948,0.11115732300690179,-0.24787327256558028,-0.06714863975517316
19.83985675000008,0.03577117249369621,-0.00646895170211792,-0.07628577947616577,0.18902508914470673,-0.4335593283176422,0.22932180762290955,0.10762891833073049,-0.24610656811625553,-0.06516496851444321
19.849911750000047,0.04722573608160019,-0.0015859007835388184,-0.08494281768798828,0.20240427553653717,-0.4647204577922821,0.22444583475589752,0.10376310241534757,-0.24410166441615752,-0.0631408448145595
19.859967750000123,0.050628673285245895,-0.008606374263763428,-0.0798739492893219,0.20172131061553955,-0.5058275461196899,0.2229439914226532,0.09955976338834403,-0.24207978505182942,-0.061152652379151816
19.870023749999973,0.05186299979686737,-0.017961323261260986,-0.07766169309616089,0.1869061440229416,-0.5436937212944031,0.21933354437351227,0.09496909354541677,-0.2401904477259989,-0.05922471400806121
19.88007874999994,0.07576587796211243,-0.0018998980522155762,-0.08706176280975342,0.17639224231243134,-0.5771787166595459,0.21947228908538818,0.0898347456655881,-0.23840579827660296,-0.05718023966664706
19.890134750000016,0.07999054342508316,-0.02030426263809204,-0.09895315766334534,0.18995705246925354,-0.6314352750778198,0.24422158300876617,0.08419630342321655,-0.23659111671796876,-0.054950062538059424
19.900190750000093,0.08472605794668198,-0.019863426685333252,-0.10305267572402954,0.19108331203460693,-0.6790696382522583,0.2614509165287018,0.07824684343457054,-0.23464200699780563,-0.052542964220147335
19.91024575000006,0.07720524817705154,-0.043368399143218994,-0.1005445122718811,0.1294630914926529,-0.7539843320846558,0.2823279798030853,0.07169032306030867,-0.23299560801486055,-0.04987023565590953
19.920301749999908,0.08341486752033234,-0.049291014671325684,-0.10798373818397522,0.06304864585399628,-0.8382656574249268,0.31226882338523865,0.06447109359821628,-0.2320081830540677,-0.04692039872985573
19.930357749999985,0.07761244475841522,-0.03650009632110596,-0.12035098671913147,-0.027639444917440414,-0.9111809134483337,0.3344114124774933,0.05653024350342704,-0.23175188836211771,-0.04365274391375894
19.94041274999995,0.06770317256450653,-0.04780697822570801,-0.11023712158203125,-0.20175132155418396,-0.9925010800361633,0.3536436855792999,0.048066747194972684,-0.23285848045608323,-0.040191412448629005
19.950468750000027,0.06377416849136353,-0.07198357582092285,-0.08841660618782043,-0.3476416766643524,-1.0671701431274414,0.3617101311683655,0.03880901095389468,-0.23565583733343456,-0.03648539723186509
19.960524750000104,0.05289579555392265,-0.05215871334075928,-0.08469635248184204,-0.4063212275505066,-1.1157872676849365,0.3726174831390381,0.028845392621092876,-0.23948077818919583,-0.03259659712793083
19.97057975000007,0.05040786415338516,-0.04735904932022095,-0.09985733032226562,-0.42747578024864197,-1.156774878501892,0.3789520859718323,0.018502727612615462,-0.2437101129931597,-0.028652358572530744
19.98063574999992,0.06658874452114105,-0.030287444591522217,-0.1006014347076416,-0.43470650911331177,-1.1822452545166016,0.3867303431034088,0.007877468576855253,-0.24812113458855925,-0.024693870510926943
19.990690750000113,0.06586354970932007,-0.022529780864715576,-0.07533502578735352,-0.43288278579711914,-1.200600028038025,0.3825947344303131,-0.0030010905337914217,-0.2525839203459982,-0.02075558933142795
20.000746749999962,0.06998350471258163,-0.031975507736206055,-0.0636814534664154,-0.44597941637039185,-1.2233881950378418,0.3826974034309387,-0.014161450267834183,-0.25714522663323547,-0.016800590076646273
20.01080312499994,0.08484812080860138,-0.027098476886749268,-0.049756258726119995,-0.40876972675323486,-1.238027811050415,0.3813042938709259,-0.02552922049425772,-0.2616373261125,-0.012878307183902097
20.020858124999904,0.08537112176418304,-0.018607378005981445,-0.04238605499267578,-0.3622186481952667,-1.2541266679763794,0.3850811719894409,-0.036966457026860335,-0.26571616719955965,-0.009037071108781202
20.03091412499998,0.08894547075033188,-0.02691882848739624,-0.03231346607208252,-0.35063841938972473,-1.27023184299469,0.3880058526992798,-0.048506555670670574,-0.269538676330116,-0.0052320255024014975
20.040970125000058,0.08550674468278885,-0.01252681016921997,-0.014544010162353516,-0.3401143550872803,-1.2774022817611694,0.3969506025314331,-0.06018586962733674,-0.2732711044571122,-0.001379208088876303
20.051025125000024,0.07180650532245636,-0.0074422359466552734,0.014667510986328125,-0.3612515926361084,-1.2932485342025757,0.4128134548664093,-0.07181591775092756,-0.2771186660427885,0.0025339608141293503
20.0610811250001,0.06507303565740585,-0.021559178829193115,0.02820238471031189,-0.3688596189022064,-1.3110198974609375,0.4278815984725952,-0.0835575417806561,-0.28119500690697746,0.006546199952284255
20.07113712499995,0.06408697366714478,-0.010297179222106934,0.017207086086273193,-0.31833624839782715,-1.3158208131790161,0.4440520405769348,-0.09552898712910131,-0.285111193622574,0.010763123577523565
20.081192124999916,0.053105663508176804,-0.0009542703628540039,0.005039632320404053,-0.2636680603027344,-1.3300530910491943,0.4536994397640228,-0.10747842201762407,-0.2885525479058805,0.015112160473057646
20.091248124999993,0.04140574112534523,-0.012297749519348145,0.00486379861831665,-0.22091422975063324,-1.345674991607666,0.4624932110309601,-0.11956561191203957,-0.2915492262944102,0.019587573476522506
20.10130412500007,0.04682788625359535,0.010710477828979492,0.0016669929027557373,-0.22648587822914124,-1.3571064472198486,0.4640599191188812,-0.1318059676577438,-0.2943894217003806,0.024109421971387594
20.111359125000035,0.046413812786340714,0.007264375686645508,0.011044472455978394,-0.2701182961463928,-1.368827223777771,0.45905664563179016,-0.1441524804130098,-0.2975305116303654,0.028539076354966386
20.121415125000112,0.03414483368396759,-0.008022725582122803,0.009446859359741211,-0.29543811082839966,-1.3825777769088745,0.4631149470806122,-0.1566345533944035,-0.30112564495227506,0.03287583671700131
20.131471124999962,0.03415921330451965,0.00255739688873291,0.004481583833694458,-0.27006030082702637,-1.3925212621688843,0.45805415511131287,-0.16927558615605065,-0.30478133955261416,0.03719052533639739
20.141526124999928,0.039614465087652206,0.012363970279693604,-0.00972709059715271,-0.2638415992259979,-1.3942742347717285,0.4536140561103821,-0.18194944729352094,-0.3082586378660593,0.041446128107764366
20.151582125000004,0.05238863825798035,0.002748548984527588,-0.01918196678161621,-0.25874537229537964,-1.4110809564590454,0.44763898849487305,-0.19486936604999594,-0.3117846256704592,0.04563146547499856
20.16163812500008,0.05974136292934418,0.013157844543457031,-0.02211993932723999,-0.2391025573015213,-1.4169403314590454,0.44646403193473816,-0.20786314942317438,-0.31522008210844776,0.04978081586482918
20.171693125000047,0.06589570641517639,0.020636320114135742,-0.03617572784423828,-0.20299461483955383,-1.4330109357833862,0.44670212268829346,-0.22098663463329876,-0.31840696908819865,0.05395105811868169
20.181749125000124,0.07536932826042175,0.008141696453094482,-0.04701617360115051,-0.15942059457302094,-1.4613168239593506,0.4467342793941498,-0.23433436707312452,-0.32125531303832916,0.05820119015986706
20.191805124999973,0.08153507858514786,0.011398673057556152,-0.053689390420913696,-0.12910184264183044,-1.4844213724136353,0.442986398935318,-0.2478004491761742,-0.32377043092664837,0.06244742299598241
20.20186012499994,0.0827220007777214,0.017209529876708984,-0.0568922758102417,-0.1398434340953827,-1.5005321502685547,0.4387582540512085,-0.2613285878405081,-0.3261568311839957,0.06660694911969767
20.211916125000016,0.08027129620313644,-0.007328212261199951,-0.05015552043914795,-0.187564879655838,-1.5431355237960815,0.4406469762325287,-0.2751482549548612,-0.3289289164410119,0.07059433713910214
20.221972125000093,0.09099358320236206,-0.008450210094451904,-0.04636901617050171,-0.22108466923236847,-1.5748608112335205,0.44246795773506165,-0.28953336269986596,-0.3321986441116351,0.07451490238526146
20.23202712500006,0.09410524368286133,-0.006575942039489746,-0.059596508741378784,-0.24608856439590454,-1.6012804508209229,0.44516974687576294,-0.30415188988833564,-0.33576551093476625,0.07829100694853743
20.24208312499991,0.10024303942918777,-0.019848346710205078,-0.050935953855514526,-0.26008734107017517,-1.6382884979248047,0.4468362331390381,-0.3190511681778035,-0.3395965868461689,0.08195687373084651
20.252139124999985,0.09850609302520752,-0.016449153423309326,-0.04571455717086792,-0.2592068910598755,-1.6612452268600464,0.4477153420448303,-0.3344673576238004,-0.3435787633371806,0.08563463107884407
20.26219412499995,0.10771223157644272,-0.012067556381225586,-0.05339530110359192,-0.23156443238258362,-1.7020519971847534,0.46304333209991455,-0.35010929931485374,-0.34748789979769684,0.08936375807838304
20.272250125000028,0.12028159946203232,-0.011749267578125,-0.047670841217041016,-0.22111259400844574,-1.7493479251861572,0.4818045198917389,-0.3661365999348731,-0.35131531093320845,0.09330433998595328
20.282306125000105,0.10855134576559067,-0.03278857469558716,-0.029590636491775513,-0.22011545300483704,-1.7628480195999146,0.4857178032398224,-0.38241358406447157,-0.35517294838590424,0.09728482297101576
20.29236112500007,0.10137759149074554,-0.03565776348114014,-0.017062336206436157,-0.20718154311180115,-1.772019863128662,0.5022302269935608,-0.3988153466210717,-0.35910926909125646,0.101351426308773
20.30241712499992,0.10125197470188141,-0.034515321254730225,-0.00995662808418274,-0.17971007525920868,-1.790417194366455,0.521433413028717,-0.41524961890647205,-0.3629641164769039,0.10563101510035729
20.312472125000113,0.09354392439126968,-0.049553513526916504,0.01124987006187439,-0.1494019627571106,-1.8033047914505005,0.5327518582344055,-0.43176087520062856,-0.3666630133706379,0.11015351808198734
20.322528124999963,0.08685311675071716,-0.03719496726989746,0.01898077130317688,-0.15795443952083588,-1.8042418956756592,0.5541780591011047,-0.4483146303446439,-0.3703898099500242,0.11482312963710903
20.33258412500004,0.09346788376569748,-0.028288304805755615,0.0334591269493103,-0.20844797790050507,-1.7946913242340088,0.5637806057929993,-0.4648031475591918,-0.3745348035187079,0.11943526524999529
20.342639125000005,0.08609649538993835,-0.04690229892730713,0.06166258454322815,-0.2338000237941742,-1.7902801036834717,0.5837455987930298,-0.48124910639477547,-0.3792103851622592,0.1239159754377712
20.352695125000082,0.08675909787416458,-0.03438204526901245,0.060598909854888916,-0.22332555055618286,-1.7767459154129028,0.5959617495536804,-0.49759382127617513,-0.38406766171565127,0.1284414013327242
20.36275112499993,0.08381609618663788,-0.03332585096359253,0.05792686343193054,-0.18492577970027924,-1.7678391933441162,0.6141866445541382,-0.5137617217801287,-0.38884235225044306,0.13318088052776025
20.372806125000125,0.08709853887557983,-0.026365339756011963,0.0610048770904541,-0.16398374736309052,-1.762636423110962,0.6344583630561829,-0.5296303678153716,-0.39348584243605084,0.13817459161167694
20.382862124999974,0.08113685995340347,-0.03725135326385498,0.07369083166122437,-0.15779784321784973,-1.7630003690719604,0.6546490788459778,-0.5454756238867545,-0.39823958198549936,0.1433625837107864
20.39291812500005,0.07763440907001495,-0.03907710313796997,0.057672590017318726,-0.1438082605600357,-1.783575415611267,0.6822509169578552,-0.5611935023221231,-0.4030703106459886,0.1487054660597374
20.402973125000017,0.0778157040476799,-0.028303802013397217,0.043986737728118896,-0.1359880119562149,-1.8046993017196655,0.6977159380912781,-0.5770507067228984,-0.40797070025927074,0.15426665815974777
20.413029125000094,0.06579567492008209,-0.03271836042404175,0.02821454405784607,-0.17375484108924866,-1.8333760499954224,0.728579580783844,-0.5930432643262117,-0.4132177689287056,0.1598636135045802
20.423085124999943,0.0636013075709343,-0.04540300369262695,0.02484247088432312,-0.23032429814338684,-1.8638616800308228,0.7416030764579773,-0.609485420059699,-0.41909775792015974,0.1652575114658504
20.43314012499991,0.06355122476816177,-0.03215789794921875,0.010274320840835571,-0.26686418056488037,-1.897296667098999,0.7603269815444946,-0.6262638072692677,-0.4255262841432841,0.1704071909646446
20.443196124999986,0.06456302106380463,-0.0215226411819458,-0.002904057502746582,-0.30031925439834595,-1.9249937534332275,0.7768140435218811,-0.6433381230189937,-0.43241117060199824,0.17538822037959745
20.453252125000063,0.06478923559188843,-0.029429852962493896,-0.008357495069503784,-0.32818418741226196,-1.950431227684021,0.7910294532775879,-0.6606792461112121,-0.43969187528151377,0.18015875696659844
20.46330712500003,0.07090212404727936,-0.022130727767944336,-0.019341319799423218,-0.30883756279945374,-1.9562889337539673,0.8040492534637451,-0.6781503455807405,-0.4471748528270134,0.18487084717702795
20.473363125000105,0.07579714804887772,-0.018771708011627197,-0.03149089217185974,-0.24289369583129883,-1.9622642993927002,0.8141892552375793,-0.6956609881638918,-0.4545153316545259,0.18990582830099978
20.483419124999955,0.08093975484371185,-0.03732800483703613,-0.0693216323852539,-0.12924006581306458,-2.0044538974761963,0.8274981379508972,-0.7130680412514345,-0.46132653636385623,0.19551861549195337
20.49347412499992,0.0945650190114975,-0.017017900943756104,-0.09548977017402649,0.024012073874473572,-2.0328598022460938,0.8344447016716003,-0.7302998551350474,-0.46722281289682305,0.2021082574045256
20.503530124999997,0.0811065062880516,-0.0254213809967041,-0.12705904245376587,0.14369621872901917,-2.1004879474639893,0.857396125793457,-0.7473895405734221,-0.47223527628739537,0.20980745835945397
20.513586125000074,0.07948631048202515,-0.05553233623504639,-0.12393355369567871,0.19422651827335358,-2.2001843452453613,0.8952077031135559,-0.7651099337906907,-0.47702810602195833,0.2183680314894426
20.52364112500004,0.0718207061290741,-0.04428368806838989,-0.12860041856765747,0.10064089298248291,-2.2941150665283203,0.9209372997283936,-0.7837414834285837,-0.48226044260552625,0.22697011463159414
20.533697125000117,0.05999378487467766,-0.054036498069763184,-0.07944321632385254,-0.1731634885072708,-2.3768765926361084,0.9350001215934753,-0.8038804778151795,-0.4891107566911858,0.23421322879970705
20.543753124999967,0.051972731947898865,-0.04033762216567993,0.014064490795135498,-0.5285834074020386,-2.447497606277466,0.9443797469139099,-0.826121490201115,-0.4984596628020317,0.23870803001428062
20.553808124999932,0.04203873500227928,-0.040158212184906006,0.06696519255638123,-0.8121147155761719,-2.4635066986083984,0.955207884311676,-0.850074586957416,-0.5100941996471987,0.24022014519521717
20.56386412500001,0.04365649074316025,-0.004394352436065674,0.10331493616104126,-0.9712183475494385,-2.4051015377044678,0.9449970722198486,-0.8748715998636509,-0.5232328066904156,0.23947875661932178
20.573920125000086,0.03545919805765152,0.022705793380737305,0.1436041295528412,-1.0193067789077759,-2.3333609104156494,0.9242947101593018,-0.8997716088723235,-0.5368537452663436,0.23731517782507167
20.58397512500005,0.03825758025050163,0.06257688999176025,0.2047235667705536,-0.9961339831352234,-2.2167391777038574,0.8810946345329285,-0.9242995148128351,-0.550296979268014,0.23447604776562736
20.5940311249999,0.04115729406476021,0.08085328340530396,0.2558951675891876,-0.969484806060791,-2.0832433700561523,0.8276652693748474,-0.9476962124932401,-0.5630893194110752,0.23108980389826467
20.604087124999978,0.05823063850402832,0.07436245679855347,0.2932700514793396,-0.8382949233055115,-1.932490348815918,0.7606743574142456,-0.9697194253970208,-0.5749013842075075,0.22766617541573198
20.614142124999944,0.06797481328248978,0.08826160430908203,0.30436086654663086,-0.6167559027671814,-1.7533856630325317,0.7119497060775757,-0.9893469118536202,-0.5851175262787062,0.2253034932111193
20.62419812500002,0.07856329530477524,0.11501294374465942,0.3229491114616394,-0.37877941131591797,-1.5557773113250732,0.6529260873794556,-1.0062149639701123,-0.5935741853588636,0.2247427013869254
20.634253124999987,0.07848034799098969,0.11125743389129639,0.3523349165916443,-0.17931289970874786,-1.3744930028915405,0.6103613376617432,-1.0203938326192172,-0.6004845061936492,0.2259579031796515
20.644309125000063,0.0762004479765892,0.0879330039024353,0.36179685592651367,-0.031965482980012894,-1.1941829919815063,0.5653129816055298,-1.0318529795114106,-0.6060876967538813,0.22860642865517908
20.654365124999913,0.09009020775556564,0.087516188621521,0.3496840000152588,0.09490112215280533,-1.043412685394287,0.5358935594558716,-1.0408147885956396,-0.6106789134058939,0.2323555552753511
20.664420125000106,0.07645928859710693,0.0809205174446106,0.33549439907073975,0.21675588190555573,-0.9078592658042908,0.5113816261291504,-1.047691729551875,-0.6144507956359702,0.237275024888719
20.674476124999956,0.0538615882396698,0.04262673854827881,0.2987246513366699,0.27625593543052673,-0.8076913356781006,0.4792492389678955,-1.0529913369152633,-0.6175464917808361,0.2429683104929529
20.684532125000032,0.03503166884183884,0.04516398906707764,0.26447224617004395,0.28796738386154175,-0.7279110550880432,0.47526872158050537,-1.0571680464621682,-0.6203130611557423,0.24898983469974587
20.694587124999998,-0.0014411285519599915,0.03831523656845093,0.23534747958183289,0.1941886991262436,-0.6744393110275269,0.45944902300834656,-1.0609628994899871,-0.6231954074800764,0.2545233555048054
20.704643125000075,-0.015377722680568695,0.01111680269241333,0.20198924839496613,0.05610880255699158,-0.6567507386207581,0.45380809903144836,-1.0651847116173094,-0.6265932723142705,0.258584743906302
20.714699124999925,-0.03427315503358841,0.027298808097839355,0.15993785858154297,-0.09995563328266144,-0.6316136717796326,0.4469650983810425,-1.0702442395461398,-0.630713454183467,0.2610604842867714
20.724754125000118,-0.047348544001579285,0.012065112590789795,0.12015098333358765,-0.24313826858997345,-0.6468863487243652,0.45403578877449036,-1.0763379701030358,-0.6356072740520742,0.26180365395380517
20.734810124999967,-0.05937883257865906,0.01512366533279419,0.07542216777801514,-0.3171781301498413,-0.6492807865142822,0.4418654143810272,-1.0831987489864423,-0.6409425053694425,0.2612826994274647
20.744866125000044,-0.06044796109199524,0.05801111459732056,0.0263223797082901,-0.38847965002059937,-0.6558111310005188,0.41186007857322693,-1.0907072362902936,-0.6464474482558032,0.25982189529385097
20.75492112500001,-0.049829885363578796,0.050189197063446045,-0.0018763989210128784,-0.40508925914764404,-0.6503971815109253,0.38151389360427856,-1.0984822050293936,-0.6518626240170131,0.25762542414883854
20.764977125000087,-0.050015442073345184,0.07772189378738403,-0.04878729581832886,-0.3445431888103485,-0.6276341080665588,0.35282671451568604,-1.1060465149055678,-0.656832230484502,0.25545288124477844
20.775033124999936,-0.04089922457933426,0.07745975255966187,-0.06931987404823303,-0.25204387307167053,-0.6052489280700684,0.30995407700538635,-1.1130104828999212,-0.661166199392708,0.25391290753403895
20.785088124999902,-0.036452606320381165,0.06442570686340332,-0.09551626443862915,-0.12645630538463593,-0.6024971008300781,0.27710822224617004,-1.1193978151704345,-0.6646737540432429,0.25333842595389416
20.79514412499998,-0.03989259898662567,0.07610958814620972,-0.11393469572067261,-0.08390165120363235,-0.5952373147010803,0.22646553814411163,-1.1252220217481277,-0.6674405828423928,0.25362668847337766
20.805200125000056,-0.027442418038845062,0.06976848840713501,-0.1075233519077301,-0.15253140032291412,-0.6077786684036255,0.18974293768405914,-1.1313213632168748,-0.669854583533895,0.2534571375318442
20.81525512500002,-0.01818012446165085,0.07227987051010132,-0.09744125604629517,-0.2713041305541992,-0.6169626116752625,0.14291071891784668,-1.1384756452151064,-0.6723508924715699,0.25191889224041014
20.8253111250001,-0.022252067923545837,0.04568725824356079,-0.10220754146575928,-0.3879540264606476,-0.6374955773353577,0.11854903399944305,-1.1467063589380004,-0.674967329399128,0.24869717928510116
20.835367124999948,-0.030112870037555695,0.04623383283615112,-0.09509119391441345,-0.48863616585731506,-0.6423428058624268,0.10052715241909027,-1.1559490645119677,-0.6778510199614441,0.2441233089676961
20.845422124999914,-0.02702641487121582,0.025068223476409912,-0.10739737749099731,-0.5395012497901917,-0.6452738046646118,0.10454901307821274,-1.1660352592019747,-0.6809939803652186,0.23848676777073882
20.85547812499999,-0.027053728699684143,0.02218341827392578,-0.11139759421348572,-0.4943814277648926,-0.6132168173789978,0.10751071572303772,-1.1759077890244012,-0.6840740782909225,0.23275744120008104
20.865534125000067,-0.028004825115203857,0.006863832473754883,-0.12108051776885986,-0.3745759129524231,-0.5844818949699402,0.11323150247335434,-1.184885660601141,-0.6868333690034479,0.22800922921108596
20.875589125000033,-0.038440391421318054,0.0007215738296508789,-0.12174814939498901,-0.2016099989414215,-0.5653182864189148,0.11305679380893707,-1.1924754864830451,-0.6890378367047012,0.2250830706496381
20.88564512500011,-0.03938683867454529,0.0021049976348876953,-0.11964786052703857,-0.09157612919807434,-0.5542788505554199,0.12725840508937836,-1.1988128674644973,-0.6907244130224597,0.223953596324136
20.89570112499996,-0.03178191930055618,-0.0023823976516723633,-0.07747602462768555,-0.06092554330825806,-0.5510382652282715,0.12730713188648224,-1.2047208168951036,-0.692233435158992,0.22364820743220387
20.905756124999925,-0.019185058772563934,-0.0065018534660339355,-0.03919360041618347,0.0165212694555521,-0.5478732585906982,0.14027036726474762,-1.2099851484870527,-0.6936146502373534,0.2239792701019768
20.915812125000002,-0.00023869425058364868,0.008759140968322754,-0.034390807151794434,0.03949502855539322,-0.5407338738441467,0.12819665670394897,-1.2147067331917596,-0.6947848275101886,0.2250525473565363
20.92586812500008,0.02910511940717697,-0.008652865886688232,0.0073968470096588135,0.012455863878130913,-0.5311456322669983,0.13188709318637848,-1.2193110480486362,-0.6959129922388547,0.22601173300424096
20.935923125000045,0.05585234612226486,0.002599954605102539,0.049430325627326965,-0.03852609172463417,-0.5326300859451294,0.13905499875545502,-1.2240699412865554,-0.6971702256433986,0.2264631488322088
20.94597912500012,0.0677688866853714,-0.02001345157623291,0.07396507263183594,-0.05373842269182205,-0.5429898500442505,0.1520257145166397,-1.229351323425957,-0.6987249986740822,0.22654888789196476
20.956034125000087,0.07941842079162598,-0.010836303234100342,0.11624947190284729,-0.09522062540054321,-0.540409505367279,0.15336155891418457,-1.2348243794963987,-0.7004285759248776,0.22636579558877035
20.966090124999937,0.09103947132825851,-0.025429844856262207,0.15389235317707062,-0.1839064657688141,-0.5415964722633362,0.1609918773174286,-1.2407844482547679,-0.7023837828901098,0.2253305112709773
20.976146125000014,0.09525609016418457,-0.023805081844329834,0.20202404260635376,-0.2688112258911133,-0.5400017499923706,0.16115033626556396,-1.2474479343409386,-0.7046741903186714,0.22319855602331715
20.98620112499998,0.1081046462059021,-0.03226268291473389,0.21722227334976196,-0.3285801112651825,-0.537139892578125,0.16771157085895538,-1.254746960750153,-0.7072207065591523,0.22006616966075226
20.996257125000056,0.11132201552391052,-0.023067176342010498,0.2247077226638794,-0.3258565068244934,-0.5363353490829468,0.17233721911907196,-1.2620738607875113,-0.7098490110054116,0.21663310962573734
21.006313124999906,0.08774635940790176,-0.02150571346282959,0.26661989092826843,-0.3500133752822876,-0.5187512040138245,0.17409716546535492,-1.2695600497576733,-0.7125522197748863,0.21314589976246962
21.01636762499993,0.0851316750049591,-0.014477968215942383,0.32186809182167053,-0.48848283290863037,-0.47033438086509705,0.16320857405662537,-1.2774188820520036,-0.7153863012716842,0.20848785900597283
21.026423625000007,0.08662586659193039,-0.03396952152252197,0.37474530935287476,-0.5882033705711365,-0.42480790615081787,0.16485045850276947,-1.285911886402392,-0.7185034504376534,0.20211805518876663
21.036479625000084,0.08480453491210938,-0.031015992164611816,0.3770759701728821,-0.6051954030990601,-0.34951022267341614,0.17577794194221497,-1.2942375051432575,-0.7217894124196544,0.19502441726376185
21.04653462500005,0.09411253035068512,-0.04009920358657837,0.3482452630996704,-0.5390180349349976,-0.25325506925582886,0.200052872300148,-1.3015669711757645,-0.7251346340848294,0.18823296393064087
21.0565906249999,0.08835601061582565,-0.040405213832855225,0.3346449136734009,-0.4716707468032837,-0.1557444930076599,0.22389641404151917,-1.3071516665061622,-0.7284748618642491,0.1824448373071941
21.066646624999976,0.056609854102134705,-0.05939590930938721,0.32615190744400024,-0.3948727548122406,-0.08227866142988205,0.2581172585487366,-1.311284033584351,-0.7319128566419034,0.17761062574281233
21.07670162499994,0.026542216539382935,-0.05226105451583862,0.2976939082145691,-0.302232563495636,-0.028139792382717133,0.28562265634536743,-1.314020154438255,-0.7354224854977383,0.17399152095128734
21.08675762500002,-0.006514042615890503,-0.03835183382034302,0.2539251446723938,-0.255471795797348,0.029016172513365746,0.3034287691116333,-1.315486171035328,-0.7389564159809532,0.17142783124766123
21.096813625000095,-0.043466828763484955,-0.006196558475494385,0.2485865354537964,-0.32858383655548096,0.056930094957351685,0.3051033616065979,-1.3167984402560917,-0.7426463608837772,0.1686064288318332
21.10686862500006,-0.07189123332500458,-0.0013583898544311523,0.22448217868804932,-0.3311614990234375,0.09022200852632523,0.29999950528144836,-1.3181192093528333,-0.7463961704243647,0.1652115276807382
21.11692462499991,-0.07477021217346191,0.05395287275314331,0.15995080769062042,-0.3217775821685791,0.1364094614982605,0.2844887375831604,-1.3190947292834976,-0.7500611761140014,0.1619077346972028
21.126980624999987,-0.07249075174331665,0.08114445209503174,0.13863877952098846,-0.3776031732559204,0.19634298980236053,0.2509613335132599,-1.3198607011943533,-0.7535462654244796,0.1582156827445772
21.137035624999953,-0.07090617716312408,0.09941995143890381,0.14019282162189484,-0.4220755696296692,0.2594979703426361,0.210343599319458,-1.3207930965327552,-0.7568382631880616,0.15358447825769866
21.14709162500003,-0.05088713765144348,0.13579070568084717,0.10735416412353516,-0.36378729343414307,0.3166416883468628,0.15998320281505585,-1.3210409191245849,-0.7596544919527989,0.14886511832577656
21.157147625000107,-0.02750830352306366,0.16792798042297363,0.0426718145608902,-0.24483057856559753,0.3537765443325043,0.10454365611076355,-1.3200788397326984,-0.7617168946358562,0.1451998242474669
21.167202625000073,-0.028015896677970886,0.19117367267608643,0.019253551959991455,-0.1794133484363556,0.37908896803855896,0.03783852607011795,-1.3180260751794555,-0.7629250609154268,0.14262298729822162
21.177258624999922,-0.03166311979293823,0.19536972045898438,0.017915964126586914,-0.14920377731323242,0.4070356488227844,-0.030197514221072197,-1.3155928950648332,-0.7633882116177163,0.1403538095777832
21.187314625,-0.032942503690719604,0.1999659538269043,-0.0021283775568008423,-0.08891807496547699,0.4378982186317444,-0.10017772018909454,-1.3125756828999886,-0.7630965031698195,0.13838068965743602
21.197369624999965,-0.03913229703903198,0.17853456735610962,-0.011458627879619598,-0.01688675582408905,0.4787670969963074,-0.1693733036518097,-1.3087971183549671,-0.7619905200598805,0.13704093302785678
21.20742562500004,-0.04429370164871216,0.16894936561584473,0.0030387118458747864,0.04522553086280823,0.5371414422988892,-0.23478446900844574,-1.3038836623417727,-0.7600055121344389,0.13639477965078328
21.21748162500012,-0.037083521485328674,0.1696631908416748,0.032683491706848145,0.0609285943210125,0.6219359636306763,-0.29733121395111084,-1.2980780393210454,-0.7572766830673233,0.1360961192033903
21.227536625000084,-0.03624832630157471,0.14168918132781982,0.08118356019258499,0.07426854223012924,0.694518506526947,-0.34798794984817505,-1.2916894535519001,-0.7539841343485657,0.13566346156347728
21.237592624999934,-0.030468761920928955,0.12196969985961914,0.0950363278388977,0.18717192113399506,0.7610999345779419,-0.3821118175983429,-1.2839516091681544,-0.7500920949183689,0.13589247493839662
21.2476476249999,-0.010529637336730957,0.11074042320251465,0.07191092520952225,0.3427530825138092,0.7919897437095642,-0.4150468111038208,-1.274470012994314,-0.7454396780985699,0.13782292312403627
21.257703624999976,-0.0016888976097106934,0.08770442008972168,0.06569804251194,0.4323761761188507,0.7897210121154785,-0.4457930028438568,-1.2638965570775396,-0.7401010030316473,0.14121870015154445
21.267759625000053,-0.011082872748374939,0.07633191347122192,0.08408750593662262,0.42165040969848633,0.7607733607292175,-0.47704944014549255,-1.2536247859627971,-0.7343502261078861,0.14485600219958775
21.27781462500002,0.0013029426336288452,0.07905209064483643,0.10614503920078278,0.3002707362174988,0.75528883934021,-0.4915085434913635,-1.2440969539793862,-0.7285475526176601,0.14748644871290553
21.287870625000096,-0.0004228055477142334,0.05803781747817993,0.15947556495666504,0.11692865937948227,0.751894474029541,-0.5020806789398193,-1.2361129739417152,-0.7231117454048679,0.14794946191688615
21.297926624999945,-0.015752941370010376,0.041228532791137695,0.23095500469207764,-0.03440041467547417,0.7909113764762878,-0.5095217823982239,-1.229465500336319,-0.7181761433970965,0.14615473176735053
21.30798162499991,-0.017159856855869293,0.033889055252075195,0.25228723883628845,-0.09021298587322235,0.8462233543395996,-0.5094034075737,-1.223173757045913,-0.7135756881759046,0.14296363790695182
21.318037624999988,-0.007779926061630249,0.04785865545272827,0.23631741106510162,-0.07463429123163223,0.9169303178787231,-0.4987429976463318,-1.2163578263590142,-0.7091148905050313,0.13958059928622413
21.328093625000065,-0.0062020570039749146,0.030659914016723633,0.2263241410255432,-0.01964530162513256,0.9742006659507751,-0.5034871697425842,-1.208694727596757,-0.7045603773080068,0.13659761353879252
21.33814862500003,0.0024775639176368713,0.026284217834472656,0.19597399234771729,0.08094069361686707,1.0358701944351196,-0.5013023018836975,-1.1998740943841357,-0.6997619136114045,0.1345924372675934
21.348204625000108,0.01037624478340149,0.03786921501159668,0.17643439769744873,0.1138056144118309,1.1055911779403687,-0.5045967102050781,-1.189766806841643,-0.6946716142021716,0.13339227309046314
21.358260624999957,0.007882185280323029,0.02949821949005127,0.20423777401447296,0.08423174172639847,1.1732932329177856,-0.5050790309906006,-1.178975747391972,-0.6895772860305637,0.1321286073810052
21.368315624999923,-0.012789107859134674,0.011644124984741211,0.22693729400634766,0.020035531371831894,1.2484004497528076,-0.5093212723731995,-1.1679881642642536,-0.6846744515629293,0.13014925739830355
21.378371625,-0.007496625185012817,0.02289104461669922,0.22377169132232666,-0.0018809527391567826,1.3216166496276855,-0.5085122585296631,-1.1566047060080187,-0.6799726507727798,0.12754652849186005
21.388427625000077,-0.007094584405422211,0.018934667110443115,0.16620594263076782,0.07877963036298752,1.3596911430358887,-0.4997614324092865,-1.1445192528432617,-0.6752284380381334,0.12522838366083197
21.398482625000042,-0.023121826350688934,0.035230398178100586,0.11081093549728394,0.1637219488620758,1.3844151496887207,-0.4980711042881012,-1.1314740029454071,-0.6701599210322543,0.12398090844043935
21.40853862500012,-0.03390263020992279,0.02184659242630005,0.09174691140651703,0.18332068622112274,1.4020854234695435,-0.4997684061527252,-1.1179275684753285,-0.6648711358478918,0.12318758977418928
21.41859462499997,-0.023839421570301056,0.03681981563568115,0.08003027737140656,0.19416774809360504,1.436157464981079,-0.50111323595047,-1.104105949485933,-0.6595323053502132,0.12247784515357955
21.428649624999935,-0.017094530165195465,0.03259652853012085,0.059726595878601074,0.21111999452114105,1.4777653217315674,-0.5043255686759949,-1.0898399244877732,-0.654124404361473,0.12178401357635399
21.43870562500001,-0.0014165639877319336,0.039247214794158936,0.04064466059207916,0.24133941531181335,1.5476173162460327,-0.5080114006996155,-1.0749302708887305,-0.6485756917693256,0.12131562862787158
21.44876162500009,0.018360454589128494,0.04295700788497925,0.052984416484832764,0.20851600170135498,1.6308891773223877,-0.5298823714256287,-1.0595265764303865,-0.6429456640866078,0.12061168455207875
21.458816625000054,0.03938969597220421,0.04570513963699341,0.056142330169677734,0.2125922441482544,1.694737195968628,-0.535082995891571,-1.0434455641155107,-0.6372496617203797,0.11949284069611883
21.468872624999904,0.050997521728277206,0.05140340328216553,0.0330270379781723,0.2574237883090973,1.7346631288528442,-0.5555018782615662,-1.0267777200913777,-0.6313610887830788,0.11850052385320722
21.47892862499998,0.05176892876625061,0.04379552602767944,0.006374776363372803,0.33529698848724365,1.7397353649139404,-0.5760199427604675,-1.0098254533923414,-0.6249993772598504,0.11788707364000947
21.488983624999946,0.06109634041786194,0.05625331401824951,-0.02980363368988037,0.4203025698661804,1.723780870437622,-0.5994495153427124,-0.9925065339354695,-0.6179780140768734,0.11791872065402041
21.499039625000023,0.059691160917282104,0.05796527862548828,-0.03201472759246826,0.43110567331314087,1.6947182416915894,-0.6275776028633118,-0.9752902708293777,-0.6104834341550539,0.11810815594450119
21.50909462499999,0.06736470013856888,0.03241932392120361,-0.030753031373023987,0.44762083888053894,1.6492879390716553,-0.6475564241409302,-0.9586182066428295,-0.6027334081885578,0.11805071972107266
21.519150625000066,0.0676392987370491,0.03781992197036743,-0.046892404556274414,0.4258228540420532,1.6003203392028809,-0.6588226556777954,-0.9425406376409076,-0.5948057712394405,0.11780230977718781
21.529206624999915,0.05276006832718849,0.014529883861541748,-0.02105414867401123,0.2956087589263916,1.5641882419586182,-0.6705830693244934,-0.9273914104316973,-0.5872511576390768,0.11655359907246889
21.53926162500011,0.04705486446619034,0.0065877437591552734,0.04781235754489899,0.08854370564222336,1.575255274772644,-0.6882392764091492,-0.9133890740754464,-0.58064071299029,0.11342618254003507
21.549317624999958,0.06336043775081635,0.0034987926483154297,0.12186253070831299,-0.07079437375068665,1.6436100006103516,-0.6954259872436523,-0.9001579049213219,-0.5751902430339717,0.10827346147286893
21.559373625000035,0.09699665009975433,0.003504633903503418,0.16433370113372803,-0.09183494746685028,1.7606614828109741,-0.6986188888549805,-0.8864901084623635,-0.570331849989544,0.10217187086100145
21.569428625,0.13000181317329407,-0.007752776145935059,0.18504714965820312,0.06867293268442154,1.878147006034851,-0.6921185851097107,-0.8712263819937323,-0.5650938826120387,0.09662314287104357
21.579484625000077,0.1605566293001175,-0.0012620091438293457,0.1490929275751114,0.3226412832736969,1.9923382997512817,-0.6915156245231628,-0.8537482653729855,-0.5585372875194253,0.09304696908932808
21.589540624999927,0.1734178513288498,0.001992344856262207,0.1581241935491562,0.49559342861175537,2.07491135597229,-0.707829475402832,-0.8342959196744878,-0.5505553912643101,0.09117142234782341
21.59959562500012,0.18411566317081451,-0.004059791564941406,0.15037912130355835,0.7409446239471436,2.1199729442596436,-0.707388699054718,-0.8134762628548259,-0.5411825109801772,0.09077711908578036
21.60965162499997,0.16397985816001892,0.0013596415519714355,0.07324792444705963,0.980073869228363,2.1332945823669434,-0.7115500569343567,-0.7914109229844337,-0.5300335555469566,0.09230773076243232
21.619707625000046,0.13545700907707214,-0.017430365085601807,0.05812080204486847,1.0493710041046143,2.1461925506591797,-0.7413585782051086,-0.7688521180760304,-0.5175935517100784,0.09467721745864531
21.629762625000012,0.11782229691743851,0.003092467784881592,0.09950008988380432,0.9497089982032776,2.1818466186523438,-0.7737797498703003,-0.7463651420841072,-0.505031641585647,0.0963163361844374
21.63981862500009,0.10798133164644241,-0.010423123836517334,0.1414528489112854,0.7796475291252136,2.2228517532348633,-0.807349681854248,-0.7243401334123359,-0.49329940051724,0.09621504472453561
21.64987462499994,0.13045072555541992,-0.016755223274230957,0.14610004425048828,0.6961976885795593,2.2680227756500244,-0.8202699422836304,-0.702607332642999,-0.48241903443254897,0.09463397766972419
21.659929624999904,0.14567744731903076,-0.005891084671020508,0.12858714163303375,0.7000667452812195,2.3310225009918213,-0.8293201327323914,-0.6806028557143318,-0.4718076043957104,0.09242604883231029
21.66998562499998,0.16231170296669006,-0.0040683746337890625,0.11421246826648712,0.7821192741394043,2.3908870220184326,-0.840552568435669,-0.6578745783947605,-0.46081565286758547,0.09014531465717247
21.680041625000058,0.1856139898300171,-0.010152339935302734,0.0816999226808548,0.9564051032066345,2.440538167953491,-0.8458677530288696,-0.6344365159671095,-0.44882151723805136,0.08842264001898299
21.690096625000024,0.1758107990026474,0.01274329423904419,0.09319952130317688,1.1170530319213867,2.5188100337982178,-0.8610455989837646,-0.6101021298460618,-0.43534904252365125,0.08747397063172697
21.7001526250001,0.1650848686695099,0.010607004165649414,0.14179584383964539,1.1792727708816528,2.6030285358428955,-0.9010111093521118,-0.5848291702638505,-0.4208218600969869,0.08656753731494123
21.71020862499995,0.18918779492378235,-0.007642865180969238,0.1578613817691803,1.2201730012893677,2.6681301593780518,-0.9231117367744446,-0.5590132314254904,-0.40576667508208214,0.08527007339516439
21.720263624999916,0.2103242725133896,0.015056908130645752,0.16685083508491516,1.1986253261566162,2.748173475265503,-0.955892026424408,-0.5327328997556229,-0.39046792775305433,0.08343996416615777
21.730319624999993,0.2164868712425232,-0.010274648666381836,0.1849135160446167,1.1741838455200195,2.783738613128662,-0.9792351722717285,-0.506084602004157,-0.3753948642031384,0.08066446941469917
21.74037462499996,0.2501842975616455,-0.025685131549835205,0.12578251957893372,1.2730286121368408,2.7840285301208496,-0.9927531480789185,-0.4793018755412955,-0.3600031303213333,0.0774176039314493
21.750430625000035,0.25635719299316406,-0.013118743896484375,0.0441133975982666,1.4834188222885132,2.771049976348877,-1.0064269304275513,-0.45241383279619984,-0.3431486861147657,0.07441360533167113
21.760486625000112,0.24854426085948944,-0.006789505481719971,-0.022397994995117188,1.7046680450439453,2.73681902885437,-1.0389119386672974,-0.42560349582865814,-0.32426576381168287,0.07187731287075712
21.770541625000078,0.23570728302001953,-0.043804824352264404,-0.04099386930465698,1.8485478162765503,2.704563617706299,-1.0841704607009888,-0.3991788603115979,-0.30366469890162645,0.06906210327252897
21.780597624999928,0.19778944551944733,0.0005058050155639648,0.0009487271308898926,1.936523199081421,2.7230355739593506,-1.1248494386672974,-0.37290857847880715,-0.2818171956188685,0.06582497080575486
21.790653625000004,0.1599644422531128,0.010641753673553467,0.045552611351013184,1.8671101331710815,2.723080635070801,-1.1916325092315674,-0.3466758691571728,-0.25974011243591644,0.06150500896105927
21.80070862499997,0.15045395493507385,-0.02067166566848755,0.08789294958114624,1.622601866722107,2.724560022354126,-1.263628363609314,-0.3209138062033131,-0.2390997385629464,0.05551221736037237
21.810764625000047,0.13213838636875153,-0.024135291576385498,0.12544292211532593,1.3675357103347778,2.7191505432128906,-1.3086791038513184,-0.2954647214571609,-0.2209421579100407,0.047506099007089464
21.820820625000124,0.12268178910017014,-0.02988642454147339,0.08317971229553223,1.193511724472046,2.672008991241455,-1.339557409286499,-0.27039623401586727,-0.20496354182481213,0.0381145588601237
21.83087562500009,0.13275805115699768,-0.06617492437362671,-0.03332334756851196,1.1241272687911987,2.56313157081604,-1.3473511934280396,-0.24615938834045545,-0.19037072726734228,0.02775913597239974
21.84093162499994,0.1220291256904602,-0.07974451780319214,-0.10859549045562744,1.215932011604309,2.440950870513916,-1.3120983839035034,-0.2229602684365027,-0.1759860430591019,0.017256020324350724
21.850987625000016,0.09572693705558777,-0.0904923677444458,-0.2092558741569519,1.4227827787399292,2.2767715454101562,-1.2561817169189453,-0.20106226567658075,-0.16037674205576388,0.0072995209400754674
21.861042624999982,0.0891154408454895,-0.07983136177062988,-0.24474525451660156,1.5069639682769775,2.159517765045166,-1.2135400772094727,-0.18031061996163275,-0.14348531825523647,-0.0021503343137135654
21.87109862500006,0.0630686804652214,-0.10886543989181519,-0.21274036169052124,1.36270272731781,2.0244646072387695,-1.1585941314697266,-0.16059821333273283,-0.1271329540802877,-0.011487828232583581
21.88115462499991,0.053466781973838806,-0.13633662462234497,-0.1285637617111206,0.9851171374320984,1.9123756885528564,-1.0990597009658813,-0.14214254486625535,-0.11368663718818446,-0.020861050703514527
21.8912096250001,0.04682627320289612,-0.153423011302948,-0.08332449197769165,0.39752933382987976,1.8175565004348755,-1.0706945657730103,-0.1245735453046142,-0.10528859781200466,-0.03072751535877557
21.90126562499995,0.04433585703372955,-0.20574206113815308,-0.04855144023895264,-0.20666281878948212,1.7011744976043701,-1.027730941772461,-0.10818245652702163,-0.10326974894456005,-0.04109932507500492
21.911321625000028,0.053334981203079224,-0.18223142623901367,-0.046808600425720215,-0.6915525794029236,1.6322649717330933,-0.9614368081092834,-0.09270614042285051,-0.10698585542239274,-0.051529227694720306
21.921376624999994,0.04524370655417442,-0.18325763940811157,-0.08393734693527222,-1.0050783157348633,1.543366551399231,-0.9049394130706787,-0.0779794881121436,-0.11500078541762629,-0.06171714201866119
21.93143262500007,0.05369340628385544,-0.1662084460258484,-0.13954082131385803,-1.0313146114349365,1.4570977687835693,-0.8302158713340759,-0.06420381374811417,-0.12490999745708178,-0.07123486209868914
21.94148862499992,0.05793442204594612,-0.1053537130355835,-0.1925763487815857,-0.8398274183273315,1.3967756032943726,-0.751470148563385,-0.05109649477709918,-0.13405410549591754,-0.0797743936113331
21.951543625000113,0.04936479032039642,-0.07358449697494507,-0.21207040548324585,-0.5727269649505615,1.3397252559661865,-0.6909087300300598,-0.03853635042422742,-0.14093840659654702,-0.08736772729088231
21.961599624999963,0.03324143588542938,-0.06646251678466797,-0.1831492781639099,-0.320134699344635,1.287325143814087,-0.6413459181785583,-0.026468585356133213,-0.14530214199092523,-0.09425257954697609
21.97165562500004,0.020404428243637085,-0.04858428239822388,-0.13857972621917725,-0.1214190274477005,1.250848650932312,-0.6021990180015564,-0.014769145635376414,-0.14741517518269676,-0.10058590713542025
21.981710625000005,0.014734651893377304,-0.0366823673248291,-0.09551870822906494,-0.014941317029297352,1.2187796831130981,-0.5699998140335083,-0.0034023259495769235,-0.14806024054872347,-0.1065083726776036
21.991766625000082,0.04247061908245087,-0.015894412994384766,-0.07030469179153442,0.04666927084326744,1.184985637664795,-0.5333510637283325,0.007707790913009313,-0.14795594028127795,-0.11206984511284868
22.00182262499993,0.08414620161056519,-0.004693925380706787,-0.0608464777469635,0.12220343947410583,1.1269057989120483,-0.5003529191017151,0.01841347791585902,-0.1472760036284547,-0.11728750765840613
22.011877625000125,0.12556906044483185,0.01752769947052002,-0.0666334331035614,0.2022499442100525,1.0699435472488403,-0.46456679701805115,0.02861476308613026,-0.14580562321413415,-0.12218252989964322
22.021933624999974,0.1370936930179596,0.0105324387550354,-0.08429986238479614,0.23012977838516235,1.0208688974380493,-0.44834548234939575,0.03833641527339189,-0.14380777645539752,-0.1268429824379874
22.03198862499994,0.14643067121505737,-0.005555689334869385,-0.08597654104232788,0.2082359343767166,0.9662589430809021,-0.4227680563926697,0.0475573556969901,-0.14182816651367502,-0.13131817367354104
22.042044625000017,0.15280237793922424,-0.010567009449005127,-0.07701382040977478,0.1694270223379135,0.9151560664176941,-0.40192297101020813,0.05640031377360653,-0.14021026703764772,-0.13558166793714066
22.052100625000094,0.12504664063453674,-0.057741761207580566,-0.06631428003311157,0.139017716050148,0.8609368205070496,-0.3926087021827698,0.06468482900981706,-0.13895387443728435,-0.13965810620870683
22.06215562500006,0.11429838091135025,-0.08244478702545166,-0.07257771492004395,0.15024107694625854,0.7995147705078125,-0.3745277225971222,0.07250557736752125,-0.13784790270802802,-0.14363251874595648
22.07221162499991,0.11083967238664627,-0.09271860122680664,-0.11246693134307861,0.2246207594871521,0.733134925365448,-0.34206777811050415,0.07958050958554186,-0.1363013085937203,-0.14730001807414644
22.082267624999986,0.12098001688718796,-0.0902642011642456,-0.1618899703025818,0.33215999603271484,0.6763063073158264,-0.3085910379886627,0.08615365588688974,-0.1338162650692187,-0.1507781352371963
22.09232262499995,0.11962459981441498,-0.089347243309021,-0.16617441177368164,0.4049120545387268,0.6105744242668152,-0.26563921570777893,0.09209758194479757,-0.13034865421763106,-0.1539355477397193
22.10237862500003,0.09337285161018372,-0.10471475124359131,-0.14495354890823364,0.40603432059288025,0.565544068813324,-0.22917282581329346,0.09754934216395465,-0.12650343594304073,-0.15674244361702902
22.112434625000105,0.07775157690048218,-0.11817950010299683,-0.11249125003814697,0.3308211863040924,0.4980626106262207,-0.18172012269496918,0.1025842686800919,-0.12297875373770507,-0.15915392108164703
22.12248962500007,0.0720410868525505,-0.11859017610549927,-0.09332233667373657,0.18361656367778778,0.44228270649909973,-0.14496023952960968,0.10701267440675807,-0.12053407804401456,-0.1610216572082688
22.13254562499992,0.052113741636276245,-0.1426430344581604,-0.08503001928329468,0.006055311765521765,0.36866533756256104,-0.10994693636894226,0.11086140612614666,-0.11975470145842766,-0.16234366153241014
22.142601624999998,0.05060973018407822,-0.1456444263458252,-0.08831912279129028,-0.08665145933628082,0.2943764626979828,-0.04538845270872116,0.11391912471514998,-0.12029693388025794,-0.1629464619786467
22.152656624999963,0.06729496270418167,-0.1120573878288269,-0.11876088380813599,-0.12607444822788239,0.2331361472606659,0.003886233549565077,0.11631385556199741,-0.12137006964676711,-0.16285738728251142
22.16271262500004,0.07171041518449783,-0.1102762222290039,-0.1349327564239502,-0.19411101937294006,0.1549936830997467,0.04164719581604004,0.11813723720276005,-0.12289925520448047,-0.16229439581696675
22.172768625000117,0.07427244633436203,-0.1209716796875,-0.12818396091461182,-0.2682631313800812,0.07896788418292999,0.07463321089744568,0.11931815840032618,-0.12512528599543324,-0.1613477807748214
22.182823625000083,0.0805116668343544,-0.09940528869628906,-0.12114810943603516,-0.3047252595424652,0.014660535380244255,0.10250532627105713,0.11980555551692003,-0.12787110466090187,-0.15999927967562125
22.192879624999932,0.0783730298280716,-0.07963359355926514,-0.10741519927978516,-0.3279448449611664,-0.044030606746673584,0.12925828993320465,0.1197297266885655,-0.13088603263611612,-0.15836925225147597
22.20293562500001,0.07484850287437439,-0.07962179183959961,-0.09954321384429932,-0.34638911485671997,-0.10489901900291443,0.14866767823696136,0.1191690372655852,-0.13407199198912018,-0.15651093867527777
22.212990624999975,0.07698695361614227,-0.07114702463150024,-0.10495638847351074,-0.32230472564697266,-0.15330970287322998,0.17592960596084595,0.11814302757832493,-0.13723057895947038,-0.15444797066369675
22.223046625000052,0.08128204196691513,-0.04313427209854126,-0.11066246032714844,-0.2640134394168854,-0.18692784011363983,0.2022712081670761,0.1166579347939463,-0.13989021738027368,-0.15211872170317187
22.233101625000018,0.08011443167924881,-0.039103567600250244,-0.10672715306282043,-0.24504317343235016,-0.22585247457027435,0.22884376347064972,0.1148669253916712,-0.14215036259289685,-0.1495630927541821
22.243157625000094,0.07362121343612671,-0.057380497455596924,-0.08609849214553833,-0.26885131001472473,-0.26648885011672974,0.2463282197713852,0.11276068123057695,-0.14440839533134744,-0.146861748986539
22.253213624999944,0.06932148337364197,-0.04642444849014282,-0.06756329536437988,-0.31845685839653015,-0.2990047037601471,0.26388391852378845,0.11024432044184278,-0.1470041389724398,-0.14387475663165322
22.26326862499991,0.07106507569551468,-0.036279380321502686,-0.06720608472824097,-0.3836688995361328,-0.33374109864234924,0.2807960510253906,0.10751432385914528,-0.1501807465116546,-0.14068661070849353
22.273324624999987,0.0739683136343956,-0.04806488752365112,-0.07490330934524536,-0.4228473901748657,-0.3876388370990753,0.2926998436450958,0.10420294045222138,-0.15388319458311783,-0.13724246004651341
22.283380625000063,0.07088324427604675,-0.057959020137786865,-0.0882798433303833,-0.40000706911087036,-0.44765475392341614,0.3164224922657013,0.10041587584674228,-0.15771036586747986,-0.13363624317540063
22.29343562500003,0.07897445559501648,-0.037606000900268555,-0.11601811647415161,-0.32461005449295044,-0.5003480911254883,0.3414503037929535,0.09609388985955845,-0.16100250470765873,-0.1298520373883465
22.303491625000106,0.08196521550416946,-0.03529822826385498,-0.13421523571014404,-0.2667355537414551,-0.5548461675643921,0.36089083552360535,0.09118333467164517,-0.16358031678561277,-0.125842989001802
22.313547624999956,0.08246572315692902,-0.052230656147003174,-0.1346607208251953,-0.246140718460083,-0.6157985329627991,0.3760996460914612,0.08579962694209307,-0.16576166864170475,-0.12177739682842768
22.32360262499992,0.08416618406772614,-0.05711942911148071,-0.1323290765285492,-0.23024137318134308,-0.6653713583946228,0.3904780447483063,0.07986769982351741,-0.16779112317426445,-0.11756434208472465
22.333658624999998,0.07155556231737137,-0.07071548700332642,-0.12798148393630981,-0.19623124599456787,-0.7375463843345642,0.42408278584480286,0.07336851343030436,-0.16956391076730998,-0.11315419905242734
22.343714625000075,0.07298003137111664,-0.06916362047195435,-0.13567104935646057,-0.17184334993362427,-0.8026342988014221,0.4578620493412018,0.06635481055979475,-0.1710300499709206,-0.1084780176220597
22.35376962500004,0.085244320333004,-0.07037109136581421,-0.1512099802494049,-0.16544471681118011,-0.8655191659927368,0.49500906467437744,0.05881913793634922,-0.17237717323226717,-0.10350752514139525
22.363825625000118,0.09220200777053833,-0.06689608097076416,-0.14498645067214966,-0.15996526181697845,-0.9248889684677124,0.5241187214851379,0.05063125436015361,-0.17368200765513242,-0.09814113504579454
22.373881624999967,0.09028103202581406,-0.0695120096206665,-0.13984256982803345,-0.17954210937023163,-0.9932863116264343,0.5442607402801514,0.041811100966566456,-0.17506312800767718,-0.09248099051884638
22.383936624999933,0.10005493462085724,-0.0748908519744873,-0.1454153060913086,-0.2271871268749237,-1.0520105361938477,0.5654166340827942,0.032529381703062514,-0.17683780804391364,-0.08671972932366284
22.39399262500001,0.11638730764389038,-0.06627452373504639,-0.14171093702316284,-0.26293301582336426,-1.1061452627182007,0.5814592242240906,0.022670124252545384,-0.17910260086264154,-0.08075332682302362
22.404048625000087,0.11944582313299179,-0.06702548265457153,-0.12303167581558228,-0.30666449666023254,-1.1477704048156738,0.6017130613327026,0.01247859530187899,-0.18177267953817577,-0.07465030314587068
22.414103625000052,0.1125258207321167,-0.0892375111579895,-0.10226607322692871,-0.382611483335495,-1.2043019533157349,0.6166691184043884,0.0018827239972007588,-0.18511826586741348,-0.06840379956215965
22.424159624999902,0.12750613689422607,-0.07649880647659302,-0.08490744233131409,-0.4286135733127594,-1.25076425075531,0.6330579519271851,-0.009228461137831958,-0.18919242916762222,-0.06204143188836755
22.434214625000095,0.12785689532756805,-0.05326420068740845,-0.07559144496917725,-0.44051843881607056,-1.283417820930481,0.6637839078903198,-0.020802098746411157,-0.19362376728018166,-0.0553670836247934
22.444270624999945,0.11908240616321564,-0.06630837917327881,-0.058860450983047485,-0.436001718044281,-1.3243545293807983,0.6884061694145203,-0.03264296093579726,-0.19820026867217955,-0.04851173722264994
22.45432662500002,0.11093728244304657,-0.07414931058883667,-0.05496495962142944,-0.39385053515434265,-1.356728434562683,0.7155096530914307,-0.044594072886731055,-0.20262639507286684,-0.04151960244620729
22.464381624999987,0.11135713756084442,-0.04288250207901001,-0.048282504081726074,-0.30797797441482544,-1.353287935256958,0.7327501773834229,-0.05664291321798996,-0.2064788572486724,-0.03430660204323057
22.474437625000064,0.10841388255357742,-0.030221521854400635,-0.04591411352157593,-0.25311392545700073,-1.3466593027114868,0.7601311802864075,-0.06857774997130328,-0.20969489169834238,-0.026825979494632935
22.484493624999914,0.12236595898866653,-0.024691522121429443,-0.024507492780685425,-0.22272779047489166,-1.3646920919418335,0.7701559066772461,-0.08044846660926425,-0.21262475847143952,-0.019199234257757315
22.494548625000107,0.12729820609092712,-0.02829122543334961,-0.02205824851989746,-0.19492413103580475,-1.3861355781555176,0.7805195450782776,-0.09247424920776139,-0.21536977006789243,-0.011509233478484196
22.504604624999956,0.12780770659446716,-0.024065613746643066,-0.039698898792266846,-0.20368966460227966,-1.4180219173431396,0.7846607565879822,-0.10477139200783209,-0.21811190299980177,-0.003711233188816214
22.514660625000033,0.13558828830718994,-0.02213829755783081,-0.04087117314338684,-0.22432933747768402,-1.470824956893921,0.8006864190101624,-0.11753344917617801,-0.22112614041040693,0.0041586854229265155
22.524715625,0.141509011387825,-0.03218209743499756,-0.06236964464187622,-0.21726077795028687,-1.540309190750122,0.8221365809440613,-0.1308952217417731,-0.2243225239121867,0.012220716171986997
22.534771625000076,0.13397659361362457,-0.027031362056732178,-0.08176091313362122,-0.19016315042972565,-1.6012604236602783,0.843351423740387,-0.1448485970123254,-0.22743463016670726,0.020445584385653713
22.544827624999925,0.13017135858535767,-0.02784031629562378,-0.09474295377731323,-0.1915551871061325,-1.660559058189392,0.8653020262718201,-0.15928286106374592,-0.23056507711342833,0.02888108495113663
22.55488262500012,0.121612049639225,-0.04144787788391113,-0.09084132313728333,-0.2464228719472885,-1.7268654108047485,0.8870785236358643,-0.17425568741027966,-0.23409495814254516,0.03744141586265102
22.564938624999968,0.11574076861143112,-0.04665076732635498,-0.07797116041183472,-0.3507556915283203,-1.7698345184326172,0.9033113121986389,-0.1898337116007248,-0.23860291999799288,0.04600139466459133
22.574994625000045,0.10257022827863693,-0.05554509162902832,-0.05372089147567749,-0.4718143045902252,-1.8115620613098145,0.911528468132019,-0.20579215880710933,-0.24441609417653326,0.05438029363555705
22.58504962500001,0.09482115507125854,-0.04513293504714966,-0.023379027843475342,-0.5817829370498657,-1.8319107294082642,0.9226354360580444,-0.22212237100608884,-0.2515271957250551,0.06256574574665827
22.595105625000087,0.08377203345298767,-0.02853226661682129,-0.00586390495300293,-0.7000732421875,-1.8334187269210815,0.9149458408355713,-0.23857200356196542,-0.25987931829891786,0.07033514830464102
22.605161624999937,0.07600786536931992,-0.03788292407989502,0.009107708930969238,-0.794150710105896,-1.8447980880737305,0.8949590921401978,-0.25523311542061033,-0.26939955651580744,0.07762763937516895
22.615216624999903,0.07371103018522263,-0.017844021320343018,0.034668803215026855,-0.7759231328964233,-1.854628324508667,0.8757686018943787,-0.2721060039679498,-0.2793987353971096,0.08444743021404018
22.62527262499998,0.07019420713186264,0.03348344564437866,0.03775933384895325,-0.6618766784667969,-1.8237196207046509,0.865071177482605,-0.2888466210203438,-0.2887492949820306,0.09119183198671814
22.635328625000056,0.07535233348608017,0.05589103698730469,0.037145018577575684,-0.5638883113861084,-1.8026307821273804,0.8447617888450623,-0.30508295385548634,-0.2971062343625284,0.09792828620410234
22.645383625000022,0.07954098284244537,0.030098021030426025,0.05316126346588135,-0.45412662625312805,-1.8034733533859253,0.8315019011497498,-0.3212291529483917,-0.30457009987565686,0.10467234282862772
22.6554396250001,0.08827140927314758,0.046111106872558594,0.06776568293571472,-0.33058443665504456,-1.7824583053588867,0.8146133422851562,-0.33707716363943985,-0.3109305874841924,0.11157404586234868
22.665494625000065,0.08490770310163498,0.07537692785263062,0.07484853267669678,-0.2774282693862915,-1.7469106912612915,0.7963011264801025,-0.35271009989079855,-0.31645175577024653,0.11857914233130727
22.675550624999914,0.07849539816379547,0.0472639799118042,0.09045407176017761,-0.279584139585495,-1.7354146242141724,0.7746660709381104,-0.3681590792410155,-0.3218124648335117,0.12538453493965954
22.68560662499999,0.08055068552494049,0.05925029516220093,0.11084941029548645,-0.2795170247554779,-1.7111213207244873,0.7561025023460388,-0.3834336207355521,-0.3272204452910834,0.13188825386212558
22.695661624999957,0.07215606421232224,0.07021516561508179,0.10744583606719971,-0.25375109910964966,-1.686476707458496,0.746126115322113,-0.3984516991920767,-0.33259799518918076,0.1381675973983997
22.705717625000034,0.06586558371782303,0.052728116512298584,0.07850843667984009,-0.17795459926128387,-1.672228217124939,0.7348068356513977,-0.41326229121915675,-0.3375270737365155,0.14452634451101937
22.71577362500011,0.06165761500597,0.06624621152877808,0.06521335244178772,-0.09346972405910492,-1.6332625150680542,0.7134528160095215,-0.4276893817580572,-0.34168784045368455,0.15101158845771395
22.725828625000076,0.04896995797753334,0.07619959115982056,0.04728353023529053,-0.06254749745130539,-1.611177682876587,0.6978991627693176,-0.4418659736689213,-0.3452891429721468,0.15762585376401764
22.735884624999926,0.03681516274809837,0.05140185356140137,0.050019681453704834,-0.09401385486125946,-1.6113488674163818,0.6849066019058228,-0.45592998769667276,-0.348971068009325,0.16400434565500294
22.745940625000003,0.0370907336473465,0.05594992637634277,0.04129466414451599,-0.1354915201663971,-1.602306842803955,0.6680722236633301,-0.46994381534441604,-0.35297773819059325,0.16993100741781378
22.75599562499997,0.040349069982767105,0.04571056365966797,0.018740534782409668,-0.1524854153394699,-1.6275568008422852,0.663370668888092,-0.48431698530806566,-0.3573338771499842,0.17569704149377088
22.766051625000046,0.04429346323013306,0.022298872470855713,-0.017842888832092285,-0.121292345225811,-1.6510275602340698,0.6589495539665222,-0.49892629718873005,-0.3616981019898453,0.18132202383335663
22.776107625000122,0.044541917741298676,0.03567725419998169,-0.044358015060424805,-0.07657933235168457,-1.6690021753311157,0.6517348885536194,-0.5137097508820885,-0.3657324375779924,0.187066228864362
22.786162625000088,0.03372524306178093,0.02872776985168457,-0.04255366325378418,-0.09896932542324066,-1.6925069093704224,0.64273601770401,-0.5287588706506887,-0.3696919329517757,0.192815827680129
22.796218624999938,0.037145957350730896,0.0210149884223938,-0.014719158411026001,-0.16084761917591095,-1.7166613340377808,0.6272369027137756,-0.5440073139319137,-0.3740562512033759,0.19808936424634208
22.806274625000015,0.0430927611887455,0.011760950088500977,-0.013630598783493042,-0.2259903997182846,-1.7461704015731812,0.6169307231903076,-0.5597753352393378,-0.37898703291605346,0.2028066811026262
22.81632962499998,0.053325168788433075,0.00968867540359497,-0.01817244291305542,-0.27040448784828186,-1.755595088005066,0.6160663366317749,-0.575798601651635,-0.3843651292515562,0.20707878447721606
22.826385625000057,0.06254205107688904,0.003704369068145752,-0.0018147528171539307,-0.3091079294681549,-1.77165687084198,0.6057809591293335,-0.5922341441160346,-0.39017545813594107,0.2110228107090049
22.836441624999907,0.06848874688148499,-0.02350306510925293,-0.00479850172996521,-0.3529253900051117,-1.7949950695037842,0.6158536076545715,-0.6089572055397033,-0.3963663966043114,0.21458839484291978
22.8464966250001,0.09604568034410477,0.011477947235107422,0.006909847259521484,-0.3911055326461792,-1.789764404296875,0.5986786484718323,-0.6257531234907068,-0.40288324411313914,0.2177225090639207
22.85655262499995,0.10140131413936615,-0.019236087799072266,-0.005951225757598877,-0.44686344265937805,-1.8120595216751099,0.5938035845756531,-0.642838729805211,-0.40979232068135824,0.2203401987004483
22.866608625000026,0.11486007273197174,-0.021557867527008057,0.0007105469703674316,-0.44527751207351685,-1.811651587486267,0.5789541006088257,-0.6602022380886636,-0.41690506433994107,0.2225731353504718
22.876663624999992,0.10347703099250793,-0.014363229274749756,0.007362335920333862,-0.504798948764801,-1.7980490922927856,0.5690749883651733,-0.6776958529986488,-0.4241774044153493,0.22442922357721348
22.88671962500007,0.09444870054721832,-0.04755687713623047,0.03942599892616272,-0.5986543297767639,-1.8149020671844482,0.5581743717193604,-0.6955723303184659,-0.4320773452101405,0.22547896313330207
22.896774625000035,0.09576936811208725,-0.04326224327087402,0.038971662521362305,-0.6174304485321045,-1.833546757698059,0.5584613680839539,-0.7138460902382595,-0.4404299859819444,0.2258940290671518
22.90683062500011,0.08670869469642639,-0.02986276149749756,0.009512603282928467,-0.5880075693130493,-1.8534560203552246,0.5779069662094116,-0.7323307856071646,-0.44874140097663645,0.2262950779645774
22.91688662499996,0.09390223771333694,-0.030623555183410645,0.0009693801403045654,-0.6172077655792236,-1.8679258823394775,0.5867050886154175,-0.7508067716752586,-0.45709316774768627,0.22664070647467888
22.926941624999927,0.09386628866195679,-0.03742063045501709,0.04119500517845154,-0.7236871123313904,-1.8809462785720825,0.5994887948036194,-0.7697876639241842,-0.46607896974524426,0.22639551200386515
22.936997625000004,0.08126986026763916,-0.06105303764343262,0.06582796573638916,-0.8433529138565063,-1.8854464292526245,0.5981497168540955,-0.7894817576836823,-0.47592656948982504,0.22508896176065438
22.94705362500008,0.0745464563369751,-0.02968817949295044,0.09986859560012817,-0.9569274187088013,-1.8689182996749878,0.5819180011749268,-0.80969660273732,-0.48652126762717995,0.22250905874597582
22.957108625000046,0.08233875036239624,0.0019081830978393555,0.13317248225212097,-1.0425266027450562,-1.8571927547454834,0.55367112159729,-0.8302817895873326,-0.49757015381488545,0.21853554819195292
22.967164625000123,0.08871671557426453,-0.003014862537384033,0.13062706589698792,-0.9795503616333008,-1.8389568328857422,0.537988007068634,-0.8510746748823124,-0.5085450813858737,0.21399121834075077
22.977220624999973,0.09226208925247192,0.03493392467498779,0.09674915671348572,-0.8090804219245911,-1.7796001434326172,0.5255242586135864,-0.871198510434717,-0.518491673191801,0.21017810493982073
22.98727562499994,0.0893656462430954,0.062285423278808594,0.12934871017932892,-0.6717824935913086,-1.7014230489730835,0.5139131546020508,-0.8901360752220915,-0.5272380837912544,0.2075036728450997
22.997331625000015,0.08957704901695251,0.044656336307525635,0.1859419345855713,-0.5708444118499756,-1.6272300481796265,0.5057154297828674,-0.9078173275818964,-0.5351125190594183,0.2055490738483448
23.007387625000092,0.09622576087713242,0.07918107509613037,0.22786682844161987,-0.48463600873947144,-1.5254148244857788,0.5086579918861389,-0.9244010970507713,-0.5423981605017606,0.20428254687124872
23.017443250000042,0.09348972886800766,0.10374307632446289,0.25326302647590637,-0.43677639961242676,-1.4320058822631836,0.4846321940422058,-0.9397547744338243,-0.5491518979531951,0.20341260598222746
23.02749925000012,0.0899331271648407,0.09698593616485596,0.27032047510147095,-0.42706039547920227,-1.3661224842071533,0.4536532461643219,-0.954348896012148,-0.5555497606084133,0.20254112260053944
23.03755524999997,0.07514346390962601,0.12220257520675659,0.26777803897857666,-0.3336319327354431,-1.3043774366378784,0.43725356459617615,-0.9680936354177649,-0.5614492480826109,0.2017957781533096
23.047610249999934,0.03838691487908363,0.12418180704116821,0.2140730619430542,-0.262805700302124,-1.2669434547424316,0.41155537962913513,-0.9809100326334819,-0.5666354155284145,0.20178574146912215
23.05766625000001,-0.010945849120616913,0.07524067163467407,0.16353249549865723,-0.2779628038406372,-1.268485426902771,0.3709189295768738,-0.993698862030737,-0.5714385363208111,0.20176648471699452
23.067722250000088,-0.053108952939510345,0.07899081707000732,0.14087510108947754,-0.344257652759552,-1.2686342000961304,0.33614417910575867,-1.0068562139387787,-0.5761114177732775,0.20095116047765493
23.077777250000054,-0.0902232974767685,0.10533386468887329,0.11786814033985138,-0.4470694363117218,-1.2702081203460693,0.29801255464553833,-1.020641305135819,-0.5809678678750436,0.1989008913904083
23.087833249999903,-0.13156437873840332,0.07346946001052856,0.07242661714553833,-0.5160820484161377,-1.2635715007781982,0.2648521959781647,-1.0350910991448266,-0.5859546956163956,0.19568695348467421
23.09788924999998,-0.1447962373495102,0.07782405614852905,0.0037558674812316895,-0.5121398568153381,-1.2491955757141113,0.24297955632209778,-1.0497033130528026,-0.5907866187376021,0.1918901826432549
23.107944249999946,-0.1269591748714447,0.08183366060256958,-0.032165080308914185,-0.5001449584960938,-1.227946400642395,0.21415403485298157,-1.0642271136339416,-0.5952944287293208,0.18796372937665373
23.118000250000023,-0.1147480458021164,0.07192122936248779,-0.038074493408203125,-0.5129280090332031,-1.196080207824707,0.16847802698612213,-1.078619290088512,-0.5993986058293841,0.18363493126244013
23.12805524999999,-0.07538153231143951,0.06645035743713379,-0.034660518169403076,-0.47463175654411316,-1.1670265197753906,0.1408381462097168,-1.0928991536853387,-0.6030938387923901,0.1791528225313838
23.138111250000065,-0.046507902443408966,0.07032620906829834,-0.01632794737815857,-0.4361448287963867,-1.1287633180618286,0.08776087313890457,-1.1066996762912762,-0.6061760688255853,0.17481664555068605
23.148167249999915,-0.010060295462608337,0.03820616006851196,0.0031916052103042603,-0.35583746433258057,-1.1090418100357056,0.0628025233745575,-1.1199622800693836,-0.6085912113926804,0.1708051692693063
23.158222250000108,0.026232104748487473,0.04456275701522827,-0.023990973830223083,-0.2706374526023865,-1.0634514093399048,0.038049984723329544,-1.1324980263388091,-0.6103666643207901,0.16766371580616418
23.168278249999958,0.05811198055744171,0.0363384485244751,-0.014418348670005798,-0.24123428761959076,-1.0230607986450195,0.017959361895918846,-1.144473647156281,-0.6116851313840999,0.16497605741689028
23.178334250000034,0.07680672407150269,0.0006461739540100098,-0.008586287498474121,-0.19807811081409454,-1.00352942943573,0.01382853277027607,-1.155873358892019,-0.612713340367003,0.16255734660393018
23.18838925,0.08231796324253082,-0.034519851207733154,-0.02602793276309967,-0.10564112663269043,-0.9859398007392883,0.018850456923246384,-1.166656406590996,-0.6134540781807429,0.16091668090832684
23.198445250000077,0.08623550832271576,-0.05726361274719238,-0.05853968858718872,-0.04462886229157448,-0.9779709577560425,0.027119437232613564,-1.1766574738730615,-0.6139129780336744,0.16025584782014807
23.208501249999927,0.06835073232650757,-0.06644833087921143,-0.03900378942489624,-0.08222523331642151,-0.9771813154220581,0.03906025364995003,-1.1866677913232435,-0.6144354933948545,0.1597822941640214
23.21855625000012,0.04711443930864334,-0.10145622491836548,-0.01088327169418335,-0.14787273108959198,-1.0027414560317993,0.058500342071056366,-1.1971121870453365,-0.6152881668219484,0.15861502132719082
23.22861224999997,0.038512468338012695,-0.11647146940231323,-0.03301131725311279,-0.1651926040649414,-1.0276508331298828,0.09278374910354614,-1.2079611914028625,-0.6165211537230313,0.15713890662317212
23.238668250000046,0.021683212369680405,-0.11791348457336426,-0.046429991722106934,-0.2099822610616684,-1.0414128303527832,0.13743078708648682,-1.2191469566658477,-0.6182456028149246,0.1555108017545841
23.248723250000012,0.015022210776805878,-0.13022565841674805,-0.024240508675575256,-0.29236900806427,-1.0455658435821533,0.18343450129032135,-1.2307000698978696,-0.6205882527325441,0.15330534582475153
23.25877925000009,0.00804956629872322,-0.12072092294692993,0.015921488404273987,-0.3726153075695038,-1.017209529876709,0.22988173365592957,-1.2426127864998981,-0.6236411195358244,0.15028579914186355
23.26883524999994,0.020429542288184166,-0.11204850673675537,0.031834542751312256,-0.4067937731742859,-0.9743284583091736,0.2632327675819397,-1.2546599590656375,-0.6272579212459516,0.1466319571056278
23.278890249999904,0.025893812999129295,-0.09645897150039673,0.053019940853118896,-0.3390040993690491,-0.9223500490188599,0.30812516808509827,-1.2660320018159779,-0.6311632950662044,0.1432412917901385
23.28894624999998,0.01964026317000389,-0.0838668942451477,0.07178156077861786,-0.2332310825586319,-0.8667786717414856,0.33677947521209717,-1.276110452735668,-0.6350786713742294,0.141035043639173
23.299002250000058,0.027991069480776787,-0.07486695051193237,0.0668654590845108,-0.1424684226512909,-0.8209893107414246,0.3646458685398102,-1.2849162902165183,-0.6389740606840502,0.14006235863932262
23.309057250000023,0.014224527403712273,-0.033769071102142334,0.09436054527759552,-0.13322539627552032,-0.7895144820213318,0.37515097856521606,-1.2928991121687683,-0.6428965360966797,0.13975500925574383
23.3191132500001,-0.00446329265832901,-0.026524364948272705,0.12436771392822266,-0.16095778346061707,-0.7776777744293213,0.3863401710987091,-1.3007625632918516,-0.6469228150005202,0.13926155400235796
23.32916924999995,-0.009690094739198685,0.009038567543029785,0.10933785140514374,-0.20253930985927582,-0.7554915547370911,0.37907320261001587,-1.308720249351349,-0.651079903153035,0.13838014622486888
23.339224249999916,-0.015172313898801804,0.027555465698242188,0.10719472169876099,-0.2684856355190277,-0.7515386343002319,0.36748936772346497,-1.3169922645421728,-0.6552920184293517,0.13672279277740113
23.349280249999993,-0.03241583704948425,0.04479384422302246,0.13240259885787964,-0.35037651658058167,-0.7385485172271729,0.3378084599971771,-1.3257135535745503,-0.6594458544102669,0.134049176989601
23.35933524999996,-0.03722827509045601,0.05566108226776123,0.1472332626581192,-0.4203478693962097,-0.712673008441925,0.3051232099533081,-1.3350830334868353,-0.6634762314325524,0.130222212070624
23.369391250000035,-0.03236229345202446,0.07983517646789551,0.14956146478652954,-0.41927942633628845,-0.6728089451789856,0.27594614028930664,-1.3445210133601824,-0.667244357320925,0.12579689286743787
23.379447250000112,-0.03812580928206444,0.08068925142288208,0.15244199335575104,-0.3323003649711609,-0.6220793128013611,0.2631787061691284,-1.353252246710007,-0.6706860717274629,0.12179248388207943
23.389502250000078,-0.04738887771964073,0.07742506265640259,0.15464146435260773,-0.24768906831741333,-0.5695950388908386,0.23887737095355988,-1.3608886722866775,-0.6737379900717034,0.11889193519259723
23.399558249999927,-0.048529691994190216,0.06282156705856323,0.17074312269687653,-0.18743057548999786,-0.5099869966506958,0.21790552139282227,-1.3675742472839159,-0.676433276429354,0.1167349483373658
23.409614250000004,-0.05610036104917526,0.07541388273239136,0.18297310173511505,-0.19934768974781036,-0.4494655728340149,0.1974995881319046,-1.373327260533299,-0.6788351614942444,0.11486701976503548
23.41966924999997,-0.07027846574783325,0.06505727767944336,0.2084175944328308,-0.23779845237731934,-0.3985562026500702,0.17816872894763947,-1.378765470486441,-0.6810808840643376,0.11253069832803746
23.429725250000047,-0.0745844915509224,0.05411332845687866,0.20147408545017242,-0.22623899579048157,-0.3538161516189575,0.15982754528522491,-1.3839930807799574,-0.6831846417359843,0.10992869276445759
23.439781250000124,-0.0783187747001648,0.06308358907699585,0.19091780483722687,-0.19864116609096527,-0.3085518777370453,0.1493089497089386,-1.3886224865903756,-0.6851026329488622,0.10760052654755933
23.44983625000009,-0.06866979598999023,0.062024056911468506,0.17984473705291748,-0.18061581254005432,-0.26793280243873596,0.13731487095355988,-1.392675969074685,-0.686836683416361,0.10550972624722672
23.45989224999994,-0.059865981340408325,0.060093045234680176,0.17033647000789642,-0.19659997522830963,-0.2199885994195938,0.12479191273450851,-1.3962690824777189,-0.688476991250816,0.10337086804090666
23.469948250000016,-0.0611153319478035,0.051882803440093994,0.18085360527038574,-0.2322181612253189,-0.1582871526479721,0.1036195158958435,-1.3995941153475757,-0.689982426871892,0.10083239462508545
23.48000324999998,-0.050016507506370544,0.04718559980392456,0.16949421167373657,-0.2213059812784195,-0.09291145950555801,0.08176185935735703,-1.402599980362984,-0.6913240733308659,0.09800983622921079
23.49005925000006,-0.03828729689121246,0.06125831604003906,0.16126281023025513,-0.16293269395828247,-0.020296648144721985,0.056369680911302567,-1.4045090016133641,-0.6923431664205142,0.09558138866981371
23.500115249999908,-0.021003875881433487,0.0533219575881958,0.13943350315093994,-0.09456565976142883,0.04389338940382004,0.038233209401369095,-1.4052964050841694,-0.6930253619723038,0.09399179546934314
23.5101702500001,-0.017465122044086456,0.06298685073852539,0.16306406259536743,-0.13353490829467773,0.11799211800098419,0.008017782121896744,-1.4052365503373854,-0.6934234567793623,0.09258541833488232
23.52022624999995,-0.015271984040737152,0.0449904203414917,0.19875246286392212,-0.17469902336597443,0.18342413008213043,-0.013200581073760986,-1.4048850548002865,-0.6936618821792717,0.09043924506727678
23.530282250000027,-0.00551065057516098,0.05784648656845093,0.19306667149066925,-0.12129785120487213,0.23641623556613922,-0.029874898493289948,-1.4040327625273554,-0.6937368428099965,0.0883264237945801
23.540337249999993,-0.004942283034324646,0.04755491018295288,0.14787203073501587,-0.0064851585775613785,0.25803735852241516,-0.04605434834957123,-1.402162744786581,-0.6935040899736594,0.08734095727242372
23.55039325000007,-0.006996557116508484,0.0542447566986084,0.1277400255203247,0.019709426909685135,0.2697680592536926,-0.06432896107435226,-1.3995121034550784,-0.692955016333964,0.08732109974433393
23.560448250000036,-1.2468546628952026e-05,0.06427872180938721,0.14739757776260376,-0.05735038220882416,0.3028804659843445,-0.08362286537885666,-1.3969536558286946,-0.692282444474271,0.08687188170523345
23.570504250000113,0.008271880447864532,0.05578738451004028,0.1856120377779007,-0.1174217090010643,0.370645135641098,-0.08976731449365616,-1.3945115178231502,-0.6915968943675161,0.08538668721670546
23.580560249999962,0.024953387677669525,0.04787784814834595,0.1924992948770523,-0.06950398534536362,0.4634254276752472,-0.10352573543787003,-1.3913336992940253,-0.6908435081314529,0.08376164630768392
23.590615249999928,0.026538975536823273,0.02520596981048584,0.18541306257247925,0.05502010136842728,0.576151967048645,-0.10416702181100845,-1.386362518790336,-0.6898526113512229,0.08335252331911776
23.600671250000005,0.02506013959646225,0.024107277393341064,0.19956761598587036,0.1285615712404251,0.6889814138412476,-0.11733995378017426,-1.379283684319974,-0.6885620905456897,0.08423488170656522
23.61072725000008,0.02009129524230957,0.013093531131744385,0.2032817006111145,0.18641234934329987,0.7714560627937317,-0.12000470608472824,-1.3708925268516436,-0.6871103637035773,0.08586875427298823
23.620782250000047,0.008864227682352066,0.009138643741607666,0.18236346542835236,0.23188529908657074,0.8333788514137268,-0.12160932272672653,-1.361474822363329,-0.6855141508609555,0.0881161818280002
23.630838250000124,0.007506188005208969,-0.0008082389831542969,0.16019511222839355,0.2658451199531555,0.8720852136611938,-0.1289987862110138,-1.3512455688230933,-0.683774305478927,0.0908880671184181
23.640894249999974,0.0024603940546512604,-0.0070795416831970215,0.14096778631210327,0.22737433016300201,0.8966798186302185,-0.1329621523618698,-1.3406159743885724,-0.6819468005691902,0.09357791434280256
23.65094924999994,0.0016837269067764282,-0.006913661956787109,0.13868671655654907,0.12980809807777405,0.9215164184570312,-0.13796783983707428,-1.3303861501381387,-0.6802158769561146,0.09534162406380084
23.661005250000017,0.005104511976242065,-0.004997730255126953,0.1479496955871582,0.013134349137544632,0.9559131264686584,-0.1323479562997818,-1.320712080422574,-0.6787445142118388,0.09567316192383293
23.671061250000093,0.016712278127670288,-0.010153234004974365,0.1583346128463745,-0.03634345531463623,1.008328914642334,-0.12422824651002884,-1.3112661979769304,-0.6775762188347546,0.09488640935304332
23.68111625000006,0.020810753107070923,-0.021527528762817383,0.13639944791793823,0.03641628101468086,1.0563026666641235,-0.1096598282456398,-1.301125960258814,-0.6764885124530285,0.09429368793504683
23.69117224999991,0.018805131316184998,-0.009608745574951172,0.10267283022403717,0.11245299130678177,1.0908268690109253,-0.10332443565130234,-1.290009456679606,-0.6752812239064996,0.09475676011465341
23.701228249999986,0.022339671850204468,0.0020369291305541992,0.09400087594985962,0.17292717099189758,1.1122159957885742,-0.09788225591182709,-1.2781974022749463,-0.6739464406475651,0.09603427767583357
23.71128324999995,0.02179522067308426,0.004798173904418945,0.06012410670518875,0.20718234777450562,1.122681736946106,-0.09529472887516022,-1.2660389716425497,-0.6725165627635648,0.09788193898735802
23.721339250000028,0.016662754118442535,0.0020935535430908203,0.04298961162567139,0.21295256912708282,1.1171503067016602,-0.09505289047956467,-1.2536530178610328,-0.6710210638588977,0.0999697495857788
23.731395250000105,0.012616854161024094,0.01467883586883545,0.04370535910129547,0.14468003809452057,1.1257797479629517,-0.09710698574781418,-1.2413618372352975,-0.6695744729424229,0.10170025691627502
23.74145025000007,0.02312328666448593,0.017080724239349365,0.06622721254825592,0.01774907298386097,1.1495057344436646,-0.1122085452079773,-1.2297276473383685,-0.6683481764826827,0.10209875872342257
23.75150624999992,0.0275132916867733,0.017759323120117188,0.09027904272079468,-0.03960742801427841,1.1915597915649414,-0.12359622120857239,-1.2185291034131212,-0.667328591006867,0.1012566962142953
23.761562249999997,0.036008987575769424,0.031517088413238525,0.08683688938617706,0.0022092631552368402,1.2419967651367188,-0.14014185965061188,-1.2068966122815714,-0.6661993828761588,0.10028545481239876
23.771617249999963,0.04661343991756439,0.036882221698760986,0.07199209928512573,0.08369533717632294,1.2991341352462769,-0.1607629805803299,-1.1941907079519902,-0.664653385554455,0.09995403928935205
23.78167325000004,0.04239949956536293,0.03942757844924927,0.07544202357530594,0.14803335070610046,1.3559930324554443,-0.18488016724586487,-1.1804749787543267,-0.6626183388574753,0.10043480625797417
23.791728250000006,0.03828301280736923,0.03760594129562378,0.10659796744585037,0.18246349692344666,1.4278230667114258,-0.20730559527873993,-1.1658695592798125,-0.6601854355866299,0.10132260045818257
23.801784250000082,0.04713063687086105,0.03454512357711792,0.1269059181213379,0.21800538897514343,1.501673936843872,-0.21812234818935394,-1.150497321350786,-0.6574449217175096,0.10242422203288215
23.811840249999932,0.05855178460478783,0.030963122844696045,0.13582229614257812,0.24890363216400146,1.576475739479065,-0.23876717686653137,-1.1341893280869288,-0.6543874069679396,0.10386345806850372
23.821895249999898,0.05705456808209419,0.026835381984710693,0.15738528966903687,0.29417839646339417,1.6373456716537476,-0.2569079101085663,-1.1170461021052682,-0.6509920513437134,0.10551262385639887
23.831951249999975,0.06403160095214844,0.04116612672805786,0.15524131059646606,0.37094375491142273,1.6928869485855103,-0.2798558175563812,-1.0989675497976383,-0.6471059896865553,0.10767422958409918
23.84200725000005,0.06161355972290039,0.04781961441040039,0.12167966365814209,0.46210142970085144,1.7116619348526,-0.3024188280105591,-1.0800378552302816,-0.6425893187795586,0.1105594293476103
23.852062250000017,0.043913278728723526,0.02157646417617798,0.07803045213222504,0.5754506587982178,1.7041367292404175,-0.3182758390903473,-1.0606629578982187,-0.6373728707464712,0.11434021611726047
23.862118250000094,0.03064560517668724,0.02742588520050049,0.055024564266204834,0.6086724996566772,1.680808663368225,-0.33918607234954834,-1.0408074088238026,-0.6314814993876303,0.11873931137066727
23.872174249999944,0.019306182861328125,0.01631981134414673,0.057722628116607666,0.5179950594902039,1.6734386682510376,-0.35222649574279785,-1.021583610869493,-0.625541232904705,0.12253867358306514
23.88222924999991,0.018913008272647858,0.02336817979812622,0.08187465369701385,0.36034196615219116,1.7042484283447266,-0.3597566485404968,-1.0032466896810737,-0.6201661952798324,0.12480356966121252
23.892285249999986,0.022966105490922928,0.024535775184631348,0.11278270184993744,0.19299639761447906,1.76486337184906,-0.3732149302959442,-0.9857117309432033,-0.6156229593911484,0.12511591733495683
23.902341250000063,0.038566265255212784,0.01148080825805664,0.10695357620716095,0.16725467145442963,1.8134875297546387,-0.37699148058891296,-0.9682974263649134,-0.6115905721782791,0.12416083929933999
23.91239625000003,0.058566492050886154,0.03195732831954956,0.02504958212375641,0.38919052481651306,1.820334792137146,-0.3735802471637726,-0.9499721859295016,-0.6069301836209845,0.1241620476113076
23.922452250000106,0.06205381453037262,0.0456119179725647,-0.07177804410457611,0.6245517134666443,1.79374098777771,-0.3844178318977356,-0.9303556057728428,-0.6008251748959498,0.1264839695230234
23.932508249999955,0.05525610223412514,0.04360383749008179,-0.08051745593547821,0.6640178561210632,1.7686231136322021,-0.4233681857585907,-0.910535516039708,-0.5936220726526161,0.12982849370860008
23.94256324999992,0.05906321480870247,0.0749465823173523,-0.01977364718914032,0.537753164768219,1.772724986076355,-0.46867111325263977,-0.891430654818373,-0.5863309429282785,0.13223728762054274
23.952619249999998,0.06463952362537384,0.07844287157058716,0.040962040424346924,0.34828048944473267,1.8063372373580933,-0.517765998840332,-0.8732109727455039,-0.5796751482906982,0.13255040670604276
23.962675250000075,0.07561920583248138,0.07380169630050659,0.09734123945236206,0.20800618827342987,1.8926914930343628,-0.5540004372596741,-0.8555000095350619,-0.5737937936939083,0.13083215210104915
23.97273025000004,0.08883623778820038,0.08548575639724731,0.1498470902442932,0.1876138299703598,1.9984387159347534,-0.5796301364898682,-0.8373399334902735,-0.5682583672659631,0.12797778948801147
23.982786250000117,0.13097482919692993,0.08427435159683228,0.15964871644973755,0.3071752190589905,2.097599506378174,-0.6074795126914978,-0.8180320559362902,-0.5622276685745873,0.12521359147157096
23.992841250000083,0.17176473140716553,0.09510910511016846,0.1161755919456482,0.5466586351394653,2.162139654159546,-0.6224235892295837,-0.7972983545999075,-0.5548052970212461,0.12380169268200132
24.002897249999933,0.17658187448978424,0.08434426784515381,0.07109491527080536,0.8016326427459717,2.2078347206115723,-0.6543799042701721,-0.7749660481610605,-0.5454237504136878,0.12412009188602449
24.01295287500011,0.16813349723815918,0.07314866781234741,0.06386828422546387,0.9407945275306702,2.240678548812866,-0.7015194892883301,-0.7518186130085553,-0.5343458388218509,0.12550894052088973
24.023007875000076,0.14784058928489685,0.04453772306442261,0.07879757881164551,0.9830598831176758,2.2962889671325684,-0.7414984703063965,-0.7282615591751299,-0.5222613360594993,0.12688520719420826
24.033063874999925,0.1260712444782257,0.046397268772125244,0.13891279697418213,0.8903933167457581,2.377997398376465,-0.7900638580322266,-0.7045422258212564,-0.51007906999483,0.1273666245974059
24.043119875000002,0.11853708326816559,-0.01055300235748291,0.18241846561431885,0.753589928150177,2.459080696105957,-0.8169482946395874,-0.6806518056944917,-0.4985511344470133,0.12620024689315623
24.053174874999968,0.14168402552604675,-0.005990386009216309,0.18397033214569092,0.7391532063484192,2.5463037490844727,-0.835128128528595,-0.6564262865458922,-0.48756862044339067,0.12394713632305134
24.063230875000045,0.1398155391216278,-0.0324673056602478,0.14748507738113403,0.9625739455223083,2.563009262084961,-0.8073920011520386,-0.6315151597057052,-0.47591593151622047,0.12209137881696519
24.07328687500012,0.1412523090839386,-0.05124056339263916,0.00979459285736084,1.3259884119033813,2.5135302543640137,-0.8028861880302429,-0.6058208159049104,-0.46185676705853107,0.12218242260991559
24.083341875000087,0.12968747317790985,-0.055615782737731934,-0.06974294781684875,1.5286983251571655,2.459850788116455,-0.8319352865219116,-0.5801204042568041,-0.44523855527841477,0.12362467124831515
24.093397874999937,0.09267328679561615,-0.07144582271575928,-0.058383673429489136,1.4859052896499634,2.438184976577759,-0.8650298118591309,-0.5549364750877811,-0.42776609178960745,0.12472574126661848
24.103453875000014,0.05786927789449692,-0.08180105686187744,0.013710707426071167,1.2915973663330078,2.42789363861084,-0.9009168148040771,-0.5305802363114945,-0.4111722832471448,0.12425388241982172
24.11350887499998,0.05445314198732376,-0.04730767011642456,0.08415263891220093,0.9456945657730103,2.454596757888794,-0.9321479797363281,-0.5070338872208052,-0.3967627112016997,0.12165081397358789
24.123564875000056,0.06805997341871262,-0.06895065307617188,0.126797616481781,0.5129010081291199,2.462881326675415,-0.9368044137954712,-0.48420950094505844,-0.38584503498447903,0.1164346688993023
24.133620874999906,0.09513261914253235,-0.07918190956115723,0.14178815484046936,0.2316243052482605,2.469463586807251,-0.9139047265052795,-0.4620293979053765,-0.37841652046056795,0.10922890053286964
24.1436758750001,0.10631953924894333,-0.039499878883361816,0.09035152196884155,0.2452355921268463,2.4422495365142822,-0.8687334060668945,-0.43992184113144844,-0.3725797761937174,0.10142544302280111
24.15373187499995,0.11908300966024399,-0.041544973850250244,-0.06589826941490173,0.5599314570426941,2.3433475494384766,-0.7897919416427612,-0.4181130337386313,-0.36557757512382,0.09497095378777244
24.163787875000025,0.14076291024684906,0.002974212169647217,-0.1910397708415985,0.9071605801582336,2.227766513824463,-0.7437714338302612,-0.3966634797278103,-0.35576607620625644,0.09051658457444423
24.17384287499999,0.12072768062353134,-0.023889005184173584,-0.23481222987174988,1.064182162284851,2.0902392864227295,-0.7330575585365295,-0.3759759968536909,-0.3436168366937697,0.08718730227571585
24.183898875000068,0.11329890042543411,-0.057902634143829346,-0.21108606457710266,0.9413935542106628,1.9403995275497437,-0.6986833214759827,-0.35655718620788046,-0.33150585117452624,0.08381445207738845
24.193954874999918,0.11426188051700592,-0.07850831747055054,-0.17593783140182495,0.6805022954940796,1.8112242221832275,-0.6944422125816345,-0.3388644224062996,-0.3213737760111444,0.07975563538490993
24.20400987500011,0.10091947019100189,-0.09129631519317627,-0.1491534411907196,0.3488454222679138,1.7008461952209473,-0.6694323420524597,-0.32264537702889345,-0.3142558121182276,0.0746044955026124
24.21406587499996,0.09336606413125992,-0.09743088483810425,-0.13394320011138916,0.10670468956232071,1.5976340770721436,-0.6253133416175842,-0.3076705921409839,-0.3101709115001845,0.06870608868750877
24.224120874999926,0.09853418171405792,-0.08230465650558472,-0.14381727576255798,-0.011525191366672516,1.5232590436935425,-0.5909209847450256,-0.2936919958770874,-0.30800144942478913,0.06261195208642653
24.234176875000003,0.10009405761957169,-0.061802029609680176,-0.16276034712791443,0.006893496960401535,1.4641544818878174,-0.5667743682861328,-0.28035044627828354,-0.3064900673394185,0.05665016737478358
24.24423287500008,0.10349784791469574,-0.053437769412994385,-0.19515031576156616,0.14405246078968048,1.4033302068710327,-0.5414260625839233,-0.267408111026658,-0.3043334365775497,0.05111668403977968
24.254287875000045,0.11005924642086029,-0.028919577598571777,-0.20143383741378784,0.3367963433265686,1.3564670085906982,-0.5214235782623291,-0.2547962827520688,-0.3006413043470758,0.046275815637434076
24.264343875000122,0.10071388632059097,-0.0294685959815979,-0.16642704606056213,0.4758891463279724,1.3238939046859741,-0.5107272267341614,-0.24246497025829947,-0.2953978538369582,0.04205757449008281
24.274399874999972,0.0875338762998581,-0.0461696982383728,-0.10992559790611267,0.6095609664916992,1.2795448303222656,-0.4952004849910736,-0.23039552703585167,-0.2888936096722314,0.0382341042171688
24.284454874999938,0.08604717999696732,-0.018710076808929443,-0.05103519558906555,0.6883731484413147,1.247125267982483,-0.47673335671424866,-0.21838400384322695,-0.2814228968205018,0.03466060310505119
24.294510875000014,0.08027330040931702,-0.0046593546867370605,-0.015026330947875977,0.6671922206878662,1.2227014303207397,-0.47522175312042236,-0.2066245601606831,-0.2736709362048952,0.031202823402546792
24.30456687500009,0.0758749395608902,-0.022453010082244873,0.021112561225891113,0.5848447680473328,1.1917184591293335,-0.4630862772464752,-0.19530640543762195,-0.26656292038005636,0.027650300373783486
24.314621875000057,0.07528327405452728,-0.012334704399108887,0.042288362979888916,0.5335581302642822,1.1784552335739136,-0.44651344418525696,-0.1842019904982122,-0.2602254826147639,0.024030619080063678
24.324677874999907,0.060290057212114334,-0.02387911081314087,0.022818386554718018,0.5983949303627014,1.1402636766433716,-0.4198797047138214,-0.17320487073306956,-0.2539341476059269,0.020518015826332184
24.334733874999984,0.07416315376758575,-0.03549480438232422,-0.04235708713531494,0.7599255442619324,1.0870935916900635,-0.3836577832698822,-0.1625631592208796,-0.24660848510408787,0.017491886365485262
24.34478887499995,0.08645424991846085,-0.015491306781768799,-0.07384806871414185,0.9581565856933594,1.0443599224090576,-0.3443358540534973,-0.15236808378357905,-0.2374797259905074,0.015128201520888248
24.354844875000026,0.0782339796423912,-0.03366965055465698,-0.08815106749534607,1.0761241912841797,0.9969348907470703,-0.3142399787902832,-0.1425184627385721,-0.2268363954511764,0.013298610498708164
24.364900875000103,0.0731288269162178,-0.06003737449645996,-0.0771012008190155,1.1499137878417969,0.9515987038612366,-0.27843016386032104,-0.13288666598125604,-0.21534264482669815,0.011761435555571645
24.37495587500007,0.07115928828716278,-0.058009445667266846,-0.07397210597991943,1.225000023841858,0.926461935043335,-0.24898836016654968,-0.12350955192520047,-0.20314437865127855,0.010545778422140764
24.38501187499992,0.06066203489899635,-0.06797176599502563,-0.06379139423370361,1.2587966918945312,0.9227946996688843,-0.20689646899700165,-0.11430908224145425,-0.19049283620221297,0.009684403627004349
24.395067874999995,0.041676416993141174,-0.09540987014770508,-0.043488532304763794,1.2623333930969238,0.9282352924346924,-0.18263746798038483,-0.10503612976555285,-0.17762962442374802,0.009102277005849427
24.40512287499996,0.013679367490112782,-0.12951070070266724,-0.012568652629852295,1.2169921398162842,0.9205201268196106,-0.16436371207237244,-0.09572339790118087,-0.16504474603171043,0.008569853722048229
24.415178875000038,0.0284549742937088,-0.1164252758026123,-0.010764867067337036,1.161771535873413,0.9088568687438965,-0.17133986949920654,-0.08639114684649503,-0.153013507699053,0.00787623149210607
24.425233875000004,0.05007769167423248,-0.08088928461074829,-0.028069138526916504,1.1381454467773438,0.8913100361824036,-0.1639588475227356,-0.07739701027852332,-0.14138414547662487,0.007109065508599706
24.43528987500008,0.05763859301805496,-0.07850360870361328,-0.06123068928718567,1.186570167541504,0.8498411178588867,-0.1387224644422531,-0.06850170869113413,-0.129667381353165,0.00630358693549889
24.44534587499993,0.06399433314800262,-0.0806613564491272,-0.08536726236343384,1.2771944999694824,0.7991947531700134,-0.10727885365486145,-0.05993877190991956,-0.11726422948590635,0.0056977159592395184
24.455400875000123,0.06572951376438141,-0.05825340747833252,-0.09827250242233276,1.3904821872711182,0.7592127323150635,-0.07736595720052719,-0.05188218505372206,-0.10385082077628897,0.00539565872474235
24.465456874999973,0.06959144026041031,-0.021252334117889404,-0.10359704494476318,1.462096095085144,0.7346839308738708,-0.04463672265410423,-0.044184457711899675,-0.08945175062268826,0.00542436470525954
24.47551287500005,0.06529782712459564,-0.01152116060256958,-0.08648872375488281,1.4579784870147705,0.7236536145210266,-0.04747086018323898,-0.03678193824792226,-0.07468877012401308,0.005572584535697024
24.485567875000015,0.048791345208883286,-0.01717507839202881,-0.04499095678329468,1.395560622215271,0.725111186504364,-0.04304872825741768,-0.029286313106450402,-0.06037762707291073,0.0054732517407590844
24.495623875000092,0.019816461950540543,-0.023224234580993652,0.01915132999420166,1.3495243787765503,0.7186964750289917,-0.03702252730727196,-0.021883961128029802,-0.046550659623679755,0.005340582206464872
24.50567987499994,-0.00014564022421836853,-0.014181733131408691,0.03983122110366821,1.2421960830688477,0.7152820229530334,-0.033001210540533066,-0.014633268829300241,-0.033472892547107544,0.005216330727674394
24.515734874999907,-0.002846192568540573,-0.023842692375183105,0.0524754524230957,1.1170339584350586,0.6806218028068542,-0.04146686568856239,-0.00739185634674779,-0.021572318043036737,0.004892040816794483
24.525790874999984,0.010420329868793488,-0.01949596405029297,0.049303531646728516,1.0001649856567383,0.6422950625419617,-0.07262316346168518,-0.0005037347500082635,-0.010938200004475757,0.0042288636850642
24.53584687500006,0.03627980872988701,0.03553050756454468,0.01962602138519287,0.9653434157371521,0.6184773445129395,-0.0977649986743927,0.00604708025168006,-0.0011216354467120902,0.003158127445238809
24.545901875000027,0.04908216372132301,0.05961811542510986,-0.024223268032073975,0.9752295017242432,0.5998488068580627,-0.10977064073085785,0.01232260174891124,0.008614612986566048,0.0019381220216456005
24.555957875000104,0.05272515490651131,0.06067371368408203,-0.05218327045440674,0.9689458012580872,0.569270133972168,-0.14436377584934235,0.01829932728521546,0.018359592463683804,0.00047251068842703563
24.566013874999953,0.0529634952545166,0.07329213619232178,-0.05888938903808594,0.9436997771263123,0.5492569804191589,-0.16389864683151245,0.0240666337024163,0.027928497523882528,-0.0013168399431665793
24.57606887499992,0.043644972145557404,0.056617021560668945,-0.051140546798706055,0.8768355250358582,0.51929771900177,-0.1887909471988678,0.029626170041903748,0.03704404305953057,-0.0033906709088120765
24.586124874999996,0.02512095868587494,0.012574613094329834,-0.03852689266204834,0.7991379499435425,0.4707688093185425,-0.21488559246063232,0.0348635093412034,0.04539238288874874,-0.005768177004545648
24.596180875000073,0.007624179124832153,-0.00037086009979248047,-0.02081441879272461,0.7608574032783508,0.4416181147098541,-0.2174329161643982,0.03967634174308676,0.053137179393302224,-0.008269542865680891
24.60623587500004,-0.0025994479656219482,-0.0019234418869018555,-0.0100785493850708,0.717841386795044,0.42042919993400574,-0.22753781080245972,0.04412609585857287,0.06046770339234833,-0.010788010419869484
24.616291875000115,0.0004882737994194031,-0.015100657939910889,-0.00811237096786499,0.6255398988723755,0.38743582367897034,-0.2349424660205841,0.04837137673767492,0.06713192224001807,-0.013404716960841816
24.62634687500008,0.004246450960636139,-0.013939440250396729,-0.007609665393829346,0.5639055967330933,0.3613229990005493,-0.23617923259735107,0.05241367739262442,0.0729716694628048,-0.01611228340441869
24.63640287499993,0.002258777618408203,-0.005992591381072998,-0.015155792236328125,0.5279710292816162,0.3459741473197937,-0.22665497660636902,0.056209711777155474,0.078293904890807,-0.018754020584505718
24.646458875000008,0.007532455027103424,0.005731821060180664,-0.03897273540496826,0.5313979983329773,0.32801803946495056,-0.2301895171403885,0.05986492748965161,0.08345097402027149,-0.021379574882709723
24.656513874999973,0.015315361320972443,0.013280808925628662,-0.06158721446990967,0.5741329193115234,0.3086957633495331,-0.23161031305789948,0.06337580154245834,0.08883050562748782,-0.02405431887698356
24.66656987500005,0.020893044769763947,0.041459619998931885,-0.07344943284988403,0.665092945098877,0.308484822511673,-0.21804817020893097,0.06678190566776458,0.09487210799511309,-0.026781697641767896
24.6766258749999,0.012329041957855225,0.05658614635467529,-0.07752835750579834,0.7346283197402954,0.3067452609539032,-0.2253020852804184,0.07029038082053482,0.10180145073065094,-0.029597696489148756
24.686680875000093,0.00949365645647049,0.044711530208587646,-0.07777249813079834,0.775600016117096,0.2923212945461273,-0.24594317376613617,0.0737795665160378,0.1091982036678292,-0.03261314168509569
24.696736874999942,0.008100561797618866,0.04707235097885132,-0.05744653940200806,0.7844914793968201,0.2857566177845001,-0.27079686522483826,0.07718492171422676,0.11688560824449974,-0.035879781720084616
24.70679287500002,-0.011126145720481873,0.037052154541015625,-0.02256155014038086,0.781974196434021,0.2521303594112396,-0.2824323773384094,0.08039732536794639,0.12449628142113928,-0.03938600413014689
24.716847874999985,-0.007748566567897797,0.012436926364898682,-0.008478164672851562,0.7602828145027161,0.22053033113479614,-0.3234279155731201,0.0833962853290713,0.13198606948374345,-0.04322351376203316
24.726903875000062,-0.0021064504981040955,0.032615602016448975,0.0018566250801086426,0.7033665180206299,0.20435604453086853,-0.36535826325416565,0.08627626410649268,0.13905644608861645,-0.04752492563992421
24.73695987499991,0.016436658799648285,0.05574190616607666,0.007748007774353027,0.6233539581298828,0.18312186002731323,-0.3892308175563812,0.08895175626992385,0.1453550572017418,-0.052009818173033275
24.747014875000104,0.02368343621492386,0.05293005704879761,0.013200044631958008,0.5684399604797363,0.1631658524274826,-0.3929196000099182,0.09142718985682771,0.1509561030059975,-0.05654966247563885
24.757070874999954,0.028598979115486145,0.04415178298950195,0.009970784187316895,0.5625924468040466,0.1527012288570404,-0.4039815664291382,0.09389787398529399,0.15624944758831188,-0.06126000795668018
24.76712687500003,0.025424271821975708,0.04830807447433472,-0.00012612342834472656,0.5825622081756592,0.14896774291992188,-0.39373740553855896,0.09614449447478167,0.16154916262646993,-0.06584312277614644
24.777181874999997,0.03153081238269806,0.05153334140777588,-0.005755186080932617,0.6100585460662842,0.15972211956977844,-0.4030214548110962,0.09843636559971838,0.16713490268476328,-0.07042012030434867
24.787237875000073,0.021819837391376495,0.04071164131164551,-0.005934596061706543,0.6546264290809631,0.1703667789697647,-0.4106360077857971,0.10082165521589587,0.17303013786449267,-0.0751376305619809
24.797293874999923,0.01743282377719879,0.025776922702789307,0.0005768537521362305,0.7032200694084167,0.18063566088676453,-0.41665077209472656,0.10344853664461456,0.17939375628016144,-0.08002491922487344
24.807348875000116,0.012948930263519287,0.023314595222473145,0.016024351119995117,0.7175822257995605,0.1926923245191574,-0.4480443000793457,0.10626453159897337,0.18608950224193857,-0.0851376604257987
24.817404874999966,0.001506030559539795,0.018915295600891113,0.027717947959899902,0.7030653357505798,0.21296563744544983,-0.45479968190193176,0.1093737895478763,0.19266703582038167,-0.09058101798357776
24.82745987499993,0.0005708895623683929,0.0027141571044921875,0.047320783138275146,0.674709141254425,0.22414997220039368,-0.4742119014263153,0.1127201760446389,0.19906115404255514,-0.09612158814391554
24.83751587500001,0.0034624747931957245,0.00019627809524536133,0.05331432819366455,0.6279860734939575,0.2387520968914032,-0.4909197986125946,0.11634138596078276,0.20500553816462128,-0.10194836856723054
24.847571875000085,0.007421240210533142,-0.011600136756896973,0.05353182554244995,0.581339955329895,0.238204687833786,-0.49190741777420044,0.11995036516323537,0.21042055264824738,-0.10774564032733715
24.85762687500005,0.014986440539360046,0.00041735172271728516,0.045784592628479004,0.5934171080589294,0.25725826621055603,-0.5006855130195618,0.12358628446891748,0.21567285516820883,-0.11347623469401559
24.8676828749999,0.014171130955219269,0.012339353561401367,0.04105031490325928,0.6386092901229858,0.2767568826675415,-0.4682827293872833,0.12748195439785653,0.22116535323059197,-0.11918203874449848
24.877738874999977,0.02160155028104782,0.013381898403167725,0.021148502826690674,0.6778442859649658,0.2959582507610321,-0.45645296573638916,0.1316565064020931,0.22714443977268445,-0.12478996809997489
24.887793874999943,0.01753212884068489,0.0005319118499755859,0.021885395050048828,0.6873235106468201,0.3017904460430145,-0.45118454098701477,0.13597173621851757,0.2333721041538963,-0.13037764746491853
24.89784987500002,0.013687603175640106,-0.029828548431396484,0.018805384635925293,0.677470862865448,0.313267320394516,-0.44138622283935547,0.14036523368452195,0.23957099717720445,-0.13590288831503558
24.907905875000097,-0.002471271902322769,-0.043801188468933105,0.03676074743270874,0.6457565426826477,0.3228544592857361,-0.40590471029281616,0.14492008363795747,0.24558581398744062,-0.14126089479427184
24.917960875000063,-0.0009608492255210876,-0.06598085165023804,0.05097389221191406,0.5592237710952759,0.30593591928482056,-0.40404796600341797,0.1492363951351246,0.2509748986883724,-0.146235443861003
24.928016874999912,-5.322694778442383e-05,-0.08528637886047363,0.0533139705657959,0.4692409932613373,0.2967173755168915,-0.39131879806518555,0.15341175199170945,0.2555042946287207,-0.15103236666890532
24.93807287499999,-0.0012158304452896118,-0.07216650247573853,0.05077314376831055,0.3904779851436615,0.27987155318260193,-0.3835735321044922,0.15758281681469655,0.25912909292238745,-0.15577113817040794
24.948127874999955,0.013868149369955063,-0.05338883399963379,0.026100516319274902,0.3706321120262146,0.2638081908226013,-0.35193127393722534,0.1615054431220589,0.2622266857455794,-0.1601960510216436
24.95818387500003,0.021775230765342712,-0.04401630163192749,-0.016741037368774414,0.4030403792858124,0.25019675493240356,-0.33225077390670776,0.165249746726324,0.26550089637205715,-0.16445906659591758
24.96823987500011,0.012903295457363129,-0.042930543422698975,-0.027939021587371826,0.4408584535121918,0.23832012712955475,-0.294495552778244,0.16889402515448845,0.26913392249244755,-0.16854022039270222
24.978294875000074,0.015534106642007828,-0.02607637643814087,-0.033883631229400635,0.4624641239643097,0.23375840485095978,-0.2656274139881134,0.17226685897514996,0.27318043192903746,-0.17218530477622063
24.988350874999924,0.011842571198940277,-0.05168318748474121,-0.034710586071014404,0.40473267436027527,0.21712708473205566,-0.2440582662820816,0.17545706502147643,0.2770848386560935,-0.17556164889434894
24.998406875,0.012462615966796875,-0.08256876468658447,-0.012893319129943848,0.3060050308704376,0.19023022055625916,-0.23470337688922882,0.17836953619553964,0.2801795682652221,-0.17865227234459327
25.008461874999966,0.011742688715457916,-0.08251607418060303,-0.003774881362915039,0.2336643785238266,0.16633901000022888,-0.21194571256637573,0.18093890376634425,0.282447489189214,-0.18143224243704278
25.018518416666666,0.014418080449104309,-0.06707239151000977,-0.008647143840789795,0.18910755217075348,0.1458427906036377,-0.18812532722949982,0.18329061067481303,0.2841010182932172,-0.18394320579009554
25.02857341666663,0.02167792245745659,-0.05105358362197876,-0.035575687885284424,0.20582129061222076,0.13083428144454956,-0.16274301707744598,0.18524263062349297,0.28571551377246024,-0.18603339882860234
25.03862941666671,0.021717119961977005,-0.0435907244682312,-0.04569399356842041,0.2465604692697525,0.1084328293800354,-0.13446210324764252,0.1870020284507176,0.2877106041564622,-0.18795977090323807
25.048685416666785,0.022095967084169388,-0.03122568130493164,-0.046596407890319824,0.2798246741294861,0.09814450889825821,-0.1227031871676445,0.18852187821167282,0.2900645482890279,-0.1897382964315368
25.05874041666675,0.016896214336156845,-0.028022944927215576,-0.03916347026824951,0.26306670904159546,0.0833786129951477,-0.11389505118131638,0.1898777119328159,0.2925503317271243,-0.1913976846686825
25.0687964166666,0.008120093494653702,-0.033807218074798584,-0.021244525909423828,0.215142622590065,0.07241810113191605,-0.11229049414396286,0.19114352526706457,0.2947347663069423,-0.19299597148920877
25.078852416666678,-0.001683983951807022,-0.03348112106323242,-0.0012170076370239258,0.17084014415740967,0.06630668044090271,-0.10659186542034149,0.19236558189687478,0.29639669139943026,-0.19456871079787313
25.088907416666643,-0.0011303015053272247,-0.037144601345062256,-0.007082521915435791,0.1406274139881134,0.05642009899020195,-0.10066875070333481,0.19330234130919102,0.2977841760667892,-0.19582402419150463
25.09896341666672,-0.001838739961385727,-0.03555870056152344,-0.0003800392150878906,0.15472805500030518,0.04561219364404678,-0.0837361067533493,0.19404956171746285,0.29907986725597485,-0.19689561945617656
25.10901941666657,-0.002618011087179184,-0.020956099033355713,-0.003919422626495361,0.19940617680549622,0.04335423558950424,-0.06679826974868774,0.19486557225314094,0.3006839855193229,-0.1980522993028699
25.119074416666763,0.0021820329129695892,-0.012998878955841064,-0.006118059158325195,0.19981470704078674,0.04072542488574982,-0.07546712458133698,0.1956770188115146,0.30255651869899236,-0.1992177771609984
25.129130416666612,0.0015934593975543976,-0.019588112831115723,0.013857364654541016,0.17245861887931824,0.03932194039225578,-0.06302781403064728,0.19648797848954902,0.30425139646207994,-0.20037567132206321
25.13918641666669,-0.0019364729523658752,-0.029853463172912598,0.01064455509185791,0.13274982571601868,0.034820664674043655,-0.051542140543460846,0.1971903515758315,0.30567648046463863,-0.20128960878616745
25.149241416666655,3.872811794281006e-05,-0.03308016061782837,0.014700710773468018,0.10511863976716995,0.026697224006056786,-0.03771010413765907,0.1977760709751631,0.30673442828525477,-0.2020253819080368
25.159297416666732,0.006998177617788315,-0.019851386547088623,0.017287909984588623,0.12590327858924866,0.02234029397368431,-0.025688063353300095,0.1982313370007985,0.3081461780233146,-0.20268840738257315
25.16935341666658,0.004204604774713516,-0.006639659404754639,0.008239269256591797,0.1572091430425644,0.0327797494828701,-0.019092930480837822,0.19875177295348964,0.3100937270153617,-0.2033768818367982
25.179408416666774,0.00790712982416153,0.0005653500556945801,0.010939598083496094,0.1868959367275238,0.037082087248563766,-0.00667594326660037,0.19925953805013916,0.3122115951849907,-0.20393509943977564
25.189464416666624,0.007574215531349182,-0.015209436416625977,0.007449448108673096,0.18743260204792023,0.05067925900220871,-0.007744323927909136,0.1998078881371148,0.31421934884239827,-0.20445323008137337
25.1995204166667,0.0077529847621917725,-0.0225372314453125,0.011319220066070557,0.1793602854013443,0.050527989864349365,-0.012037605978548527,0.2004397725351727,0.31608276227754906,-0.20485466649398762
25.209575416666667,0.01832319051027298,-0.011612176895141602,0.0112265944480896,0.21483387053012848,0.05595497786998749,-0.010285777971148491,0.20114654508205787,0.31785656902411563,-0.2053823208415319
25.219631416666743,0.02314087748527527,0.020674943923950195,-0.007857024669647217,0.2690656781196594,0.07708423584699631,-0.012134544551372528,0.20198670343080463,0.32035410139429626,-0.20603931113136212
25.229687416666593,0.014513161033391953,0.015144944190979004,0.001713395118713379,0.2837762236595154,0.08728107810020447,-0.024478483945131302,0.20297543332539386,0.32316550098829183,-0.20676098236627857
25.239742416666786,0.017207633703947067,0.0073983073234558105,-0.00590747594833374,0.2826678156852722,0.09266465902328491,-0.030864477157592773,0.2042580108792998,0.32568856008106434,-0.20761944701003532
25.249798416666636,0.022476084530353546,0.0182722806930542,-0.008118391036987305,0.3126872777938843,0.10129662603139877,-0.0415896400809288,0.2055847221563527,0.3282145236689502,-0.20860082405621666
25.2598534166666,0.000741470605134964,0.008622527122497559,-0.0029143095016479492,0.30921292304992676,0.09630639106035233,-0.02567751705646515,0.20694090847698948,0.3306417786078706,-0.20945279401066882
25.26990941666668,0.011760290712118149,-0.0033028721809387207,-0.0056760311126708984,0.27898386120796204,0.0970652624964714,-0.03472621738910675,0.20807875902517706,0.33332654002376777,-0.210122316791
25.279965416666755,0.009749960154294968,-0.0021119117736816406,0.006213665008544922,0.24892264604568481,0.09117088466882706,-0.037929467856884,0.20938785384772032,0.3357647461591767,-0.21102295252716005
25.29002041666672,-0.007473524659872055,-0.02053689956665039,0.022463083267211914,0.21485663950443268,0.07851368188858032,-0.029898282140493393,0.21073371901861432,0.33763020063337307,-0.21170632443295648
25.30007641666657,-0.00026673078536987305,-0.01765531301498413,0.017071843147277832,0.1891811043024063,0.06852443516254425,-0.03871387615799904,0.21191616353879106,0.33886653274076606,-0.21218456564670793
25.310132416666647,0.006559140980243683,0.0009173154830932617,0.005836784839630127,0.17641855776309967,0.06442942470312119,-0.03479751572012901,0.21283621093103994,0.339905002632754,-0.21266718176017457
25.320187416666613,0.0024192333221435547,-0.0031856894493103027,-0.002636253833770752,0.1253732293844223,0.058042630553245544,-0.03309229016304016,0.21381577175705666,0.34092174959056937,-0.2131597932923119
25.33024341666669,-0.015312716364860535,-0.023194432258605957,0.011240124702453613,0.0868271216750145,0.05299713835120201,-0.01461088564246893,0.21459905902553428,0.3414431583768568,-0.21319721861041382
25.340299416666767,-0.02189444750547409,-0.037728726863861084,0.019869506359100342,0.02313895709812641,0.04804525524377823,-0.01898432895541191,0.21503969872880893,0.3415156089696273,-0.21340158688912958
25.350354416666733,-0.022011417895555496,-0.02383732795715332,0.010042369365692139,0.029410745948553085,0.044992074370384216,-0.0077450694516301155,0.2154644751758855,0.3417008926790723,-0.21330547467825164
25.360410416666582,-0.02324676141142845,-0.014986157417297363,-0.00023752450942993164,0.03707745298743248,0.050829991698265076,0.005536913871765137,0.21594641721653904,0.34184233445752465,-0.21321957927968252
25.37046641666666,-0.02120889723300934,-0.01609593629837036,-0.00433504581451416,0.04634649679064751,0.05048670992255211,0.0052998922765254974,0.216224196051131,0.34232776565410084,-0.21319053039229324
25.380521416666625,-0.01944407820701599,-0.005684018135070801,-0.013036966323852539,0.0766569972038269,0.06340356916189194,0.013519206084311008,0.2166133225664475,0.3430273520137001,-0.21308052082580714
25.3905774166667,-0.013817042112350464,-0.013789772987365723,-0.007555723190307617,0.062249522656202316,0.06890153139829636,0.00713158817961812,0.21715437250554756,0.34358466480136207,-0.2128609019418409
25.40063341666678,-0.017012152820825577,-0.022479474544525146,0.008491814136505127,0.059165846556425095,0.07748889923095703,0.008333207108080387,0.217710212140951,0.34425280945371495,-0.21272955595186113
25.410688416666744,-0.011443942785263062,-0.007665574550628662,0.011075079441070557,0.07257037609815598,0.0853610709309578,0.00385752459987998,0.2180961480108153,0.34514391302288394,-0.21274861090075026
25.420744416666594,-0.008920103311538696,-0.00044232606887817383,0.00266420841217041,0.05946549400687218,0.09507627785205841,0.0007104671094566584,0.2186050154218754,0.3461657716244114,-0.21294933208890982
25.43080041666667,-0.005401834845542908,-0.005918979644775391,-0.003615438938140869,0.04864910989999771,0.09513793885707855,0.003986394964158535,0.21914966187321042,0.3468793883440651,-0.21308759681641193
25.440855416666636,-0.004620246589183807,-0.0056501030921936035,-0.005403280258178711,0.05236129090189934,0.09088220447301865,0.004853520076721907,0.21972400379810983,0.347498848949344,-0.21331575263171126
25.450911416666713,-0.00451226532459259,-0.0002828240394592285,-0.005881190299987793,0.06462500989437103,0.08997633308172226,0.006179108750075102,0.22024318441330096,0.348291760284436,-0.21362545709633915
25.46096641666668,0.0008730217814445496,0.014306068420410156,-0.015963733196258545,0.07559829950332642,0.09070870280265808,0.005341011565178633,0.22090098596170785,0.34909642398209584,-0.21402573970370387
25.471022416666756,0.0024805590510368347,0.016072332859039307,-0.013744831085205078,0.08048516511917114,0.08921027183532715,0.00016859368770383298,0.22145696814036078,0.35012317817375144,-0.21422081728758544
25.481078416666605,-0.004222199320793152,0.0017275810241699219,-0.0041043758392333984,0.04479187726974487,0.09029684215784073,-0.009276040829718113,0.22207988876736892,0.35093411972221517,-0.21454223985624457
25.49113341666657,-0.00696893036365509,-0.004261374473571777,0.008017182350158691,0.006427399814128876,0.08798640966415405,-0.017246589064598083,0.22268438091067352,0.35101564627386894,-0.21468027612263796
25.501189416666648,-0.0034758001565933228,0.009205937385559082,-0.006258368492126465,-0.0008166647749021649,0.08954542875289917,-0.019374987110495567,0.22333230233196324,0.35084762097294564,-0.21478711866648612
25.511245416666725,-0.002267591655254364,0.009421169757843018,-0.01370227336883545,0.022523146122694016,0.08329112827777863,-0.024131258949637413,0.22388560698223256,0.350972458035133,-0.21482117272545095
25.52130041666669,0.002672433853149414,0.011639535427093506,-0.015135884284973145,0.05497562885284424,0.0798785537481308,-0.03066212870180607,0.2245262818244669,0.3513987015074616,-0.2150856211448451
25.531356416666767,-0.00045668333768844604,0.02021467685699463,-0.01423490047454834,0.08603087812662125,0.0787910521030426,-0.0283390823751688,0.22522886812444212,0.3520368306061172,-0.21547311097299163
25.541412416666617,-0.004869133234024048,0.01286768913269043,-0.014343738555908203,0.11070480197668076,0.07365567982196808,-0.0336771197617054,0.22599041742249004,0.35279088574006356,-0.21588199720519116
25.551467416666583,0.00031254440546035767,0.016440629959106445,-0.009191334247589111,0.11982626467943192,0.07166829705238342,-0.038491129875183105,0.22684790601618304,0.3536645037020196,-0.21642909789225115
25.56152341666666,-0.006444893777370453,0.017010390758514404,-0.004357695579528809,0.10845749080181122,0.07684335112571716,-0.04430028423666954,0.22765581412103483,0.35464932149993755,-0.21710825256169294
25.571579416666737,-0.010915912687778473,0.006060481071472168,0.004173696041107178,0.08501346409320831,0.07896709442138672,-0.04837670549750328,0.2284825533776587,0.35537726734666464,-0.2178054444118894
25.581634416666702,-0.010477565228939056,0.006631910800933838,0.005914807319641113,0.05972462147474289,0.09161923825740814,-0.0493205264210701,0.22933478040585914,0.35576300827508606,-0.21835541436564204
25.59169041666678,-0.00036172568798065186,0.014319062232971191,0.008961319923400879,0.034535109996795654,0.09473433345556259,-0.04987574368715286,0.23032367516478902,0.3559686588904943,-0.21893301767424464
25.60174641666663,0.0028759315609931946,0.010571479797363281,0.005483806133270264,0.041415922343730927,0.08907857537269592,-0.04974338784813881,0.23131011885604957,0.3560790602230072,-0.21936055065758112
25.611801416666594,0.012197382748126984,0.01931530237197876,-0.016169309616088867,0.08539704978466034,0.08579915761947632,-0.05626855418086052,0.23231182879274506,0.35628161770485683,-0.21999042301737126
25.62185741666667,0.01303005963563919,0.03135049343109131,-0.021637141704559326,0.1467496156692505,0.09156596660614014,-0.0700157955288887,0.23330340179238832,0.35715171551184155,-0.22086539329263144
25.631912416666637,0.0033337920904159546,0.03238391876220703,-0.008593559265136719,0.17593435943126678,0.11277338862419128,-0.07508930563926697,0.234525020122262,0.35833504306076386,-0.22182525681427495
25.641968416666714,0.008728273212909698,0.018383443355560303,-0.004703640937805176,0.15436036884784698,0.118687205016613,-0.09011219441890717,0.235852391988956,0.3595257532928196,-0.22294279956126015
25.65202441666679,0.01377665251493454,-0.0005717277526855469,0.005899965763092041,0.09689906239509583,0.11902715265750885,-0.09569170325994492,0.237243280584329,0.36030240607242564,-0.22419047100572642
25.662079416666757,0.009440049529075623,0.0014462471008300781,0.010019540786743164,0.08068440854549408,0.11640234291553497,-0.10151629894971848,0.2386294799791935,0.36063562986516545,-0.22542199479436106
25.672135416666606,0.006404079496860504,0.007076680660247803,0.006385207176208496,0.0849660187959671,0.1157449409365654,-0.10907518118619919,0.2400021178563847,0.3607241838860723,-0.22642810967644908
25.682191416666683,0.006723850965499878,0.002385854721069336,-0.004819333553314209,0.09374618530273438,0.11383971571922302,-0.11215246468782425,0.2414090470765924,0.3609761315676151,-0.22749718489304754
25.69224641666665,0.007612273097038269,-0.006147921085357666,-0.0010454058647155762,0.09210759401321411,0.11144806444644928,-0.10792301595211029,0.24299288617924528,0.36135036049652747,-0.22860893156968987
25.702302416666726,0.00582500547170639,-0.013218224048614502,0.0040697455406188965,0.08361983299255371,0.10486632585525513,-0.10387154668569565,0.24446674176131641,0.3615575896536067,-0.2296064309265761
25.712358416666575,0.010693676769733429,-0.006736934185028076,0.0023897886276245117,0.07875246554613113,0.0990140289068222,-0.1032608300447464,0.2458593309872565,0.36149053655885777,-0.23075043951867585
25.722413416666768,0.010856740176677704,-0.01141577959060669,-0.0007461309432983398,0.058961182832717896,0.09058032929897308,-0.09720666706562042,0.24713067372266656,0.3615745526608445,-0.23168049466181342
25.732469416666618,0.007221117615699768,-0.025845825672149658,-0.0011349916458129883,0.048860520124435425,0.08273066580295563,-0.08744916319847107,0.24835356685036114,0.3617909627591624,-0.23244268294664133
25.742525416666695,0.011475078761577606,-0.0266152024269104,-0.0037989020347595215,0.05360201373696327,0.0746876522898674,-0.07097645103931427,0.24932044010218543,0.36193239301077296,-0.23301131949118248
25.75258041666666,0.00744938850402832,-0.027373075485229492,-0.008423686027526855,0.06544673442840576,0.07456953823566437,-0.057226844131946564,0.2502123368510374,0.36214510243262776,-0.23355680141776636
25.762636416666737,0.006254859268665314,-0.029650986194610596,-0.007567882537841797,0.0498664416372776,0.07412639260292053,-0.04486498236656189,0.2510512358623529,0.3625978864778501,-0.23399661575326397
25.772692416666587,0.002014048397541046,-0.03990119695663452,-0.0006275177001953125,0.00890236347913742,0.0725368782877922,-0.03560610115528107,0.25186762001608487,0.3629007725490265,-0.23429543861855792
25.78274741666678,-0.0012490451335906982,-0.04293853044509888,0.002883732318878174,-0.007210825569927692,0.0771673172712326,-0.03104863315820694,0.25267261495709986,0.3629936835739626,-0.23450874027976712
25.79280341666663,-0.00203811377286911,-0.04085206985473633,-0.00047391653060913086,-0.011825552210211754,0.07440828531980515,-0.016395816579461098,0.25359799149599405,0.3629158908596234,-0.23463103582974396
25.802859416666706,0.000670604407787323,-0.02909243106842041,-0.009027183055877686,0.0022971918806433678,0.07134432345628738,-0.01216911245137453,0.2543561909709408,0.3630640661809712,-0.23457265343433564
25.812914416666672,-0.0007858946919441223,-0.02454894781112671,-0.016035079956054688,0.017504507675766945,0.07188427448272705,-0.007996338419616222,0.2551172536150412,0.3636598823583646,-0.23467304403121544
25.82297041666675,0.0001847594976425171,-0.01925748586654663,-0.01467210054397583,0.02439623698592186,0.06990022212266922,-0.010431799106299877,0.2558307780734232,0.3644544501406702,-0.23465789660496625
25.833025416666715,-0.003701433539390564,-0.01846301555633545,-0.00996476411819458,0.002859740285202861,0.06264323741197586,-0.01820383593440056,0.2565672760430333,0.36516820994238897,-0.23484644650701317
25.84308141666679,0.001035533845424652,-0.008506298065185547,-0.00997072458267212,-0.01425293367356062,0.06218544766306877,-0.02020093984901905,0.257232376542228,0.36568971013129564,-0.23504505534759634
25.85313741666664,-0.00017870962619781494,-0.006746411323547363,-0.01538074016571045,-0.010806049220263958,0.05719801038503647,-0.017858875915408134,0.2578095240560826,0.3662749734216593,-0.23527610635232682
25.863192416666607,-0.00540248304605484,-0.007007420063018799,-0.023560941219329834,0.01635686308145523,0.048688143491744995,-0.016847141087055206,0.2583189287525061,0.36701792400881916,-0.23560259480440124
25.873248416666684,-0.0006207004189491272,0.007795214653015137,-0.028021574020385742,0.020713170990347862,0.046954695135354996,-0.022052768617868423,0.2588144732950806,0.36787564710484316,-0.23602714412556866
25.88330441666676,-0.006487399339675903,0.005849301815032959,-0.017137765884399414,0.00017274380661547184,0.04036816209554672,-0.018136590719223022,0.2592698374821254,0.36850211842485925,-0.23635114753087236
25.893359416666726,-0.01334952563047409,-0.011885344982147217,-0.0025092363357543945,-0.037399400025606155,0.0325310118496418,-0.01991552859544754,0.2595499105332955,0.3688460941485644,-0.23654722654110286
25.903415416666576,-0.011905193328857422,-0.016306757926940918,-0.0003362894058227539,-0.04579821228981018,0.01300178561359644,-0.018001515418291092,0.25966198791820694,0.368771203691582,-0.2365921335776351
25.913471416666653,-0.00297420471906662,-0.008024632930755615,-0.016996264457702637,-0.02439163252711296,0.0012095753336325288,-0.014461162500083447,0.259635516866082,0.36881438454023685,-0.23675412272506505
25.92352641666662,0.006605848670005798,0.021826982498168945,-0.027033627033233643,0.0015491542872041464,-0.005986019968986511,-0.008057857863605022,0.259579331434922,0.36888306536862464,-0.2368191800213948
25.933582416666695,0.011054880917072296,0.010847151279449463,-0.021502137184143066,0.0026310188695788383,-0.024719759821891785,-0.0023215152323246002,0.25937995120329255,0.36914998917976083,-0.23689299162895253
25.943638416666772,-0.006689414381980896,-0.026187360286712646,-0.010165095329284668,-0.01779436133801937,-0.02763725258409977,-0.003985990770161152,0.2589326809495735,0.36942932739919715,-0.23694255283336876
25.953693416666738,-0.009289145469665527,-0.01490473747253418,0.0032886266708374023,-0.03527304157614708,-0.024360232055187225,0.0026735630817711353,0.25849415429388445,0.3693340790791549,-0.23678985111096992
25.963749416666587,-0.008381001651287079,-0.016586363315582275,0.011950016021728516,-0.0696621760725975,-0.021892813965678215,0.00807099137455225,0.2580495156414214,0.3689068300683723,-0.23661134900452901
25.973805416666664,-0.008841432631015778,-0.03277677297592163,0.014558792114257812,-0.09654656797647476,-0.028676550835371017,0.019385723397135735,0.2575062038448931,0.36835968439104705,-0.23640852746032204
25.98386041666663,-0.0042836591601371765,-0.023356497287750244,0.011600196361541748,-0.08326245099306107,-0.02563468925654888,0.028108641505241394,0.2568032940297243,0.36784369746916207,-0.23593386188532764
25.993916416666707,-0.0005384013056755066,-0.009394347667694092,0.0008292198181152344,-0.0634019747376442,-0.02732726000249386,0.0320848748087883,0.25628569876553425,0.36757613097064545,-0.235444585548884
26.003972416666784,0.005500428378582001,-0.004064321517944336,-0.0030035972595214844,-0.0408543162047863,-0.02221665345132351,0.04051058366894722,0.2559201005698343,0.36711462459770755,-0.2348398186264455
26.014027166666665,0.003955736756324768,-0.000568389892578125,-0.001178145408630371,-0.041395604610443115,-0.019514212384819984,0.035074565559625626,0.2556143453061846,0.36694460966428943,-0.23419275161906278
26.024083166666742,0.0018490329384803772,-0.0010631680488586426,0.00512385368347168,-0.05013583227992058,-0.015371132642030716,0.027675772085785866,0.25506081662722335,0.3672920012939554,-0.23375822344743455
26.034138166666708,0.002755098044872284,0.003929436206817627,0.007919728755950928,-0.05273512005805969,-0.00694023072719574,0.018914638087153435,0.2546128548909636,0.36715059655169413,-0.23340585744289716
26.044194166666784,-0.0034761130809783936,0.008554935455322266,0.008956193923950195,-0.04615844413638115,0.0035733969416469336,0.014017350040376186,0.2544054907016803,0.36692949791507506,-0.23321170070856462
26.054250166666634,-0.003915131092071533,0.014477074146270752,0.0030335187911987305,-0.029815515503287315,0.013683822005987167,0.010395984165370464,0.25430847595645073,0.36709051765639655,-0.2331166437518282
26.0643051666666,-0.004234291613101959,0.009434401988983154,-0.0010631680488586426,-0.02190912328660488,0.017292939126491547,0.011547801084816456,0.254232043155001,0.36722634810460214,-0.23287923210896375
26.074361166666677,-0.00408809632062912,0.0067771077156066895,0.002648472785949707,-0.02702186070382595,0.02074439451098442,0.01512415986508131,0.2542423567886714,0.36723162742841353,-0.23258714616939857
26.084417166666753,-0.0022271275520324707,0.011332571506500244,0.003091096878051758,-0.02394351176917553,0.019869014620780945,0.00958212185651064,0.2544265311274506,0.3671520846073494,-0.2323417416023316
26.09447216666672,-0.004473835229873657,0.011371374130249023,0.0006291866302490234,-0.00728202098980546,0.023092370480298996,0.007914797402918339,0.25462684700651317,0.3670442457404025,-0.23216458250136354
26.10452816666657,-0.0024006813764572144,0.01861727237701416,-0.005349278450012207,0.009630382992327213,0.021234283223748207,0.012025386095046997,0.2547651019001574,0.3670721129312019,-0.23196371666111115
26.114584166666646,-0.0017014071345329285,0.012638330459594727,0.000888824462890625,-0.0027078199200332165,0.01892678812146187,0.00920730922371149,0.25490266767594005,0.3669967440836474,-0.23176362998174738
26.12463916666661,-0.0028939098119735718,0.00593334436416626,0.004816412925720215,-0.022380856797099113,0.01760612614452839,-0.0019273674115538597,0.254888769693818,0.36663961833416114,-0.2315665796392578
26.13469516666669,-0.006495743989944458,0.008765816688537598,0.0038411617279052734,-0.0397183895111084,0.016904916614294052,-0.010363888926804066,0.2549829655547069,0.366018712085922,-0.2315644542437158
26.144751166666765,-0.010564304888248444,0.009450852870941162,0.0062868595123291016,-0.03893861547112465,0.020471420139074326,-0.014399111270904541,0.25508316326942854,0.3654475723364097,-0.23162477329033582
26.15480616666673,-0.008331701159477234,0.014863193035125732,-0.0028375983238220215,-0.018380744382739067,0.028613103553652763,-0.012211083434522152,0.25519284509684126,0.36500619800266726,-0.23163749617541632
26.16486216666658,0.0014751926064491272,0.018767893314361572,-0.011642098426818848,0.004543745890259743,0.029869580641388893,-0.008480261079967022,0.2552936722201249,0.3647475279710081,-0.23154082654912012
26.174918166666657,0.007167518138885498,0.0125502347946167,-0.010418951511383057,-0.0024431906640529633,0.02790190652012825,-0.007563680876046419,0.25539589371998933,0.36460177926028287,-0.2314914462822524
26.184973166666623,0.0060544684529304504,0.007124900817871094,-0.001507878303527832,-0.014412768185138702,0.022453079000115395,-0.011138975620269775,0.2555117269117081,0.3642758486858338,-0.23142642180015394
26.1950291666667,0.00670565664768219,0.00503617525100708,-0.0005238056182861328,-0.02452918514609337,0.026266857981681824,-0.01510679256170988,0.255713390812174,0.3638550004455602,-0.2314716023494614
26.205085166666777,0.006066903471946716,-0.000496208667755127,0.0007023811340332031,-0.01454898901283741,0.023322466760873795,-0.020112469792366028,0.2559504910858684,0.36349733604576245,-0.2316150053416588
26.215140166666743,0.011425450444221497,0.00606846809387207,-0.008458852767944336,0.007017201744019985,0.02120072767138481,-0.016493286937475204,0.25604859511496697,0.36328499362625855,-0.2317296854323806
26.225196166666592,0.013111986219882965,0.005360960960388184,-0.009428739547729492,0.017110848799347878,0.019898973405361176,-0.008971720933914185,0.25607614742402046,0.36316380088577843,-0.23188799151894818
26.235251166666785,0.008983798325061798,0.0014536380767822266,-0.0007597208023071289,0.008953185752034187,0.027429992333054543,-0.009117103181779385,0.25617496229962666,0.36305124696571994,-0.2320259507546718
26.245307166666635,-0.0007793828845024109,-0.0122336745262146,0.005253911018371582,-0.010332094505429268,0.029073430225253105,-0.013504127971827984,0.2563536138537685,0.3628623994113489,-0.23195634467745316
26.25536316666671,-0.0002780705690383911,-0.01050502061843872,0.00722581148147583,-0.021802818402647972,0.03039528988301754,-0.01577758975327015,0.2566919103869974,0.3626007166535921,-0.23192521500500524
26.265418166666677,0.006241001188755035,-0.0036629438400268555,0.0001023411750793457,-0.028493477031588554,0.029224032536149025,-0.013934947550296783,0.25703738845974944,0.36225337149464304,-0.23187488407936724
26.275474166666754,0.008981682360172272,-0.00015908479690551758,-0.009524941444396973,-0.016610896214842796,0.024450581520795822,-0.007327751722186804,0.25726920350289945,0.36198312311047665,-0.23170039967274483
26.285530166666604,0.007912769913673401,-0.000217437744140625,-0.015443623065948486,0.002723120152950287,0.02190832793712616,-0.0031660301610827446,0.2575387121278426,0.3619596572867107,-0.23163601680019608
26.29558516666657,0.007577590644359589,-0.0007326602935791016,-0.009102821350097656,0.006210795603692532,0.01510847918689251,-0.002743013668805361,0.2578629642029314,0.3620429256442143,-0.23159262352069185
26.305641166666646,0.008010245859622955,-0.0029047131538391113,-0.0050771236419677734,4.770839586853981e-05,0.012239722535014153,-0.0012071686796844006,0.25821194421334026,0.3621287136129243,-0.23158319316550913
26.315697166666723,0.007520891726016998,-0.0033536553382873535,-0.0022572875022888184,-0.018675513565540314,0.00978868268430233,0.0011105005396530032,0.25845383531940125,0.3620554237761653,-0.23153874585733242
26.32575216666669,0.008037865161895752,-0.007241308689117432,-0.0007641911506652832,-0.03862844780087471,0.006370515562593937,0.0017906718421727419,0.2584640521072288,0.36197543860502085,-0.2314942775150892
26.335808166666766,0.00844583660364151,-0.004625082015991211,-0.00014609098434448242,-0.04806962236762047,0.0034213305916637182,0.007010627072304487,0.25843679386723506,0.3616972301993696,-0.23135180557586696
26.345864166666615,0.006349928677082062,-0.007077455520629883,-0.0036039352416992188,-0.0559626966714859,0.0040815286338329315,0.00642393296584487,0.258575436071385,0.3612860909183743,-0.23122848481725244
26.35591916666658,0.008580021560192108,-0.007081925868988037,0.0007659196853637695,-0.05722898617386818,0.002723448909819126,0.010335982777178288,0.25862555412735333,0.36090374751263826,-0.23096353857050161
26.365975166666658,0.009179219603538513,-0.005001842975616455,-0.0020413994789123535,-0.03504431992769241,0.0017913427436724305,0.011753584258258343,0.25860111115397394,0.36071774415652735,-0.230672715982644
26.376031166666735,0.00939139723777771,-0.003012537956237793,-0.006417214870452881,-0.02096276730298996,0.0028068062383681536,0.014486147090792656,0.25869446542113805,0.360641026157757,-0.23050325094660487
26.3860861666667,0.010002464056015015,-0.005184590816497803,-0.006056010723114014,-0.018935037776827812,0.002927980152890086,0.014489608816802502,0.2587493965076328,0.3606515676787538,-0.2302699531893141
26.396142166666777,0.007595360279083252,-0.0044882893562316895,0.0016819238662719727,-0.030237847939133644,0.007569070439785719,0.015150711871683598,0.25884880170349206,0.3605862711942848,-0.23005659571274764
26.406198166666627,0.005478471517562866,-0.006928861141204834,0.005109071731567383,-0.045697763562202454,0.009527026675641537,0.017916139215230942,0.25890571215622804,0.3604731816162917,-0.22972935773635053
26.416253166666593,0.0015843585133552551,-0.010460138320922852,0.00815725326538086,-0.05397415906190872,0.014059726148843765,0.018320992588996887,0.2589506683259251,0.36018658752500443,-0.2292902844867861
26.42630916666667,0.00018543750047683716,-0.005492210388183594,0.004157423973083496,-0.051222849637269974,0.01625310629606247,0.012495860457420349,0.2590622202414487,0.3599350698408742,-0.22898022072440147
26.436364166666635,-0.0017753839492797852,-0.0025060176849365234,0.0018008947372436523,-0.039399877190589905,0.018904149532318115,0.018737804144620895,0.2592862535477468,0.35971947658947834,-0.2286846792830524
26.446420166666712,-0.004661582410335541,-0.007946193218231201,-0.001027822494506836,-0.0355614610016346,0.018009860068559647,0.027391746640205383,0.2595028400902226,0.35957966939566527,-0.22834178261419003
26.45647616666679,-0.0015388429164886475,-0.0043648481369018555,-0.002018272876739502,-0.02729492075741291,0.016932610422372818,0.035879239439964294,0.2597579418036018,0.3595117239430565,-0.2280299274287869
26.466531166666755,-0.0023887157440185547,-0.005324363708496094,-0.00047022104263305664,-0.030945582315325737,0.017016500234603882,0.046951062977313995,0.2598175381600061,0.3595620904552161,-0.22745801760129858
26.476587166666604,-0.004751667380332947,-0.010909736156463623,0.004451870918273926,-0.0367562435567379,0.011191901750862598,0.04869665950536728,0.2599704037712813,0.35944815649981265,-0.22699606869260736
26.48664316666668,-0.005901865661144257,-0.011580169200897217,0.006504178047180176,-0.027212541550397873,0.010933575220406055,0.056261900812387466,0.2599520453001664,0.35937346645988794,-0.2264021800483155
26.496698166666647,-0.0012793242931365967,0.0003170967102050781,0.001053929328918457,-0.030294883996248245,0.008987870067358017,0.05730671435594559,0.25979888284350644,0.35938932057383827,-0.2257617402738252
26.506754166666724,0.0011639967560768127,0.002579808235168457,-0.0017785429954528809,-0.03614398464560509,0.003864747006446123,0.05518949776887894,0.25956196396363107,0.3592898073797498,-0.2251118311177485
26.516810166666573,-0.0005810186266899109,0.0015633106231689453,0.00036203861236572266,-0.04271489381790161,-7.087260019034147e-05,0.04891067370772362,0.2594315362878338,0.3590537036545456,-0.22466379321453944
26.526865166666767,0.0021296441555023193,0.008802235126495361,-0.0019456744194030762,-0.04089222475886345,-0.0029449560679495335,0.04634791612625122,0.25937887037313956,0.3588922131745104,-0.22445244115364482
26.536921166666616,0.00510580837726593,0.010360419750213623,-0.005540728569030762,-0.03512332960963249,-0.007471131160855293,0.04703642055392265,0.2592800128638279,0.3587370120712768,-0.22415997868872348
26.546977166666693,0.005464591085910797,0.009318411350250244,-0.007087111473083496,-0.035811491310596466,-0.012079465202987194,0.04768969491124153,0.25911603280153384,0.3586134200772714,-0.22385046433141578
26.55703216666666,0.0034080520272254944,0.007606327533721924,-0.0015747547149658203,-0.050763096660375595,-0.009693006053566933,0.04802711680531502,0.25882068950541487,0.35848892320285425,-0.22343075056550948
26.567088166666736,0.0008445605635643005,0.00577545166015625,0.0016788244247436523,-0.05126483365893364,-0.009574496187269688,0.046387139707803726,0.25854788729688744,0.3582355565601245,-0.2230484676311258
26.577144166666585,-0.0007968693971633911,0.009207725524902344,0.0010225772857666016,-0.03333275020122528,-0.006009189411997795,0.043345946818590164,0.25833997251939167,0.357918226772082,-0.22259641447814585
26.587199166666778,-0.003576137125492096,0.01180112361907959,-0.0007830262184143066,-0.013346793130040169,-0.0020530633628368378,0.030296189710497856,0.258265473544504,0.3577799524305138,-0.22229057939106758
26.597255166666628,-0.007205374538898468,0.017249703407287598,-0.0022732019424438477,-0.0041033606976270676,0.004908040165901184,0.022798778489232063,0.2581785243603006,0.35776313639975943,-0.2220375890547826
26.607310166666593,-0.01270071417093277,0.011304080486297607,-0.0001494884490966797,-0.005862911231815815,0.008411428891122341,0.020592350512742996,0.2582575364645581,0.3576844034622585,-0.2218705742125664
26.61736616666667,-0.0137476846575737,0.006888926029205322,0.005633413791656494,-0.013134272769093513,0.0032231914810836315,0.022019296884536743,0.2583488949558569,0.35752744990475915,-0.22165461978454762
26.627422166666747,-0.013351857662200928,0.00440746545791626,0.00868302583694458,-0.03370958939194679,0.0024444833397865295,0.019617924466729164,0.2583986016170783,0.3572789017053136,-0.2214078436462127
26.637477166666713,-0.011211864650249481,0.006261467933654785,0.007003068923950195,-0.05431672930717468,-0.0042476411908864975,0.019179703667759895,0.25838471789821926,0.3568177642532011,-0.22113943350579693
26.64753316666679,-0.009443849325180054,0.002771139144897461,0.0066397786140441895,-0.06342713534832001,-0.012756174430251122,0.023816267028450966,0.2582887614895728,0.35616915368924373,-0.22087933495842432
26.65758916666664,-0.007386349141597748,0.007112681865692139,0.0038208365440368652,-0.05791643634438515,-0.014088820666074753,0.022114930674433708,0.25805532950171833,0.35546409223523695,-0.22053764104259263
26.667644166666605,-0.004101671278476715,0.01560211181640625,-0.002634108066558838,-0.040336113423109055,-0.011837118305265903,0.022999633103609085,0.2577275991544545,0.35488186343194755,-0.2202018648852444
26.677700166666682,-0.007225722074508667,0.007659196853637695,-0.0008875727653503418,-0.024120477959513664,-0.012408898212015629,0.02506912313401699,0.2575177335777812,0.35436392319168547,-0.22006529679728995
26.68775616666676,-0.005852468311786652,0.010940849781036377,0.0026233792304992676,-0.02396921068429947,-0.006420780438929796,0.013812207616865635,0.25726570493949613,0.35400692519521765,-0.22002410577207185
26.697811166666725,-0.003274969756603241,0.01259678602218628,0.005600452423095703,-0.03212602809071541,-0.0008766120299696922,0.009168400429189205,0.25712467801498035,0.353606271124638,-0.22009491014724722
26.707867166666574,-0.002114921808242798,0.0121612548828125,0.0036731958389282227,-0.027161631733179092,0.0028760479763150215,-0.0002133834350388497,0.25703308239955247,0.35316353729310707,-0.22019465901609098
26.71792316666665,0.0004383102059364319,0.013433694839477539,0.0013020038604736328,-0.0245639830827713,0.0039024301804602146,-0.0025252734776586294,0.2570129020845864,0.3527515863873804,-0.22032440477887738
26.727978166666617,0.005347840487957001,0.015057802200317383,-0.002285778522491455,-0.02420472353696823,0.001629156176932156,-0.0024877230171114206,0.2570423575628461,0.3524110027738055,-0.2204698134383088
26.738034166666694,0.005673110485076904,0.013288378715515137,-0.00022929906845092773,-0.023572755977511406,-0.003568801563233137,-0.004734205547720194,0.2571243556665001,0.35200034255476803,-0.22067136978177998
26.74809016666677,0.005545757710933685,0.010584771633148193,0.0016439557075500488,-0.030679401010274887,-0.0024207127280533314,-0.008635470643639565,0.2572766580952184,0.35147008529558765,-0.22091544587710982
26.758145166666736,0.008737429976463318,0.010514497756958008,0.0027330517768859863,-0.03553527593612671,-0.005484546534717083,-0.008755233138799667,0.2573692679349563,0.35100248779059096,-0.2211747325537344
26.768201166666586,0.008238181471824646,0.007766246795654297,0.005397677421569824,-0.03675926476716995,-0.003803292755037546,-0.010845014825463295,0.25742491566981984,0.3504067400516174,-0.22137336095562918
26.778257166666663,0.006371930241584778,0.005291461944580078,0.005915045738220215,-0.03302120789885521,-0.0007343990728259087,-0.009224722161889076,0.2575659449592124,0.3497707236390482,-0.22158692224031362
26.78831216666663,0.007394134998321533,0.005589127540588379,0.004544675350189209,-0.03222678601741791,0.0032472931779921055,-0.007055576890707016,0.25760806808366465,0.34920773734596006,-0.22163233791916173
26.798368166666705,0.0077371299266815186,0.0049086809158325195,0.00431513786315918,-0.024277783930301666,0.004654507152736187,-0.004969523288309574,0.25768624848091287,0.3487265023575731,-0.22160266916555235
26.80842316666667,0.0032778456807136536,0.0017026662826538086,0.00833195447921753,-0.013022464700043201,0.008327272720634937,-0.002973483642563224,0.25789590527938444,0.3483619092385543,-0.22158398204000937
26.818479166666748,0.0013162866234779358,0.0020048022270202637,0.014583885669708252,-0.016719643026590347,0.01522912085056305,-0.005987649317830801,0.2582315469506028,0.3480390995723207,-0.2216441991874735
26.828535166666597,-0.0008617043495178223,-0.002110779285430908,0.013068914413452148,-0.02943756803870201,0.020375147461891174,-0.006819088011980057,0.25854642132030137,0.3476422534475079,-0.2216451546501413
26.83859016666679,0.0019358396530151367,-0.0025117993354797363,0.009424448013305664,-0.029135476797819138,0.020995130762457848,-0.004276834893971682,0.2590292139988579,0.3471545853970711,-0.22169536908750032
26.84864616666664,-0.0007285177707672119,0.0007737874984741211,0.004762887954711914,-0.013639074750244617,0.026820529252290726,-0.00039980473229661584,0.25949542390978386,0.3467749032918122,-0.22170779556885395
26.858702166666717,0.0007133185863494873,0.005072832107543945,-0.0003980398178100586,0.004299001302570105,0.029271436855196953,-0.0029607536271214485,0.2599608115283964,0.34659845615897555,-0.2217573490576862
26.868757166666683,0.0029143616557121277,0.004775404930114746,0.0007953047752380371,0.0061243316158652306,0.03609871491789818,-0.004964249674230814,0.2603765536778027,0.34653886242830223,-0.22172930723973225
26.87881316666676,0.0027449727058410645,0.0022675395011901855,0.006826221942901611,-0.002846082206815481,0.03320785611867905,-0.01107801590114832,0.2609500076956376,0.3464580263764032,-0.22186198880332283
26.88886916666661,0.0049992576241493225,0.0017698407173156738,0.008017361164093018,-0.022189686074852943,0.033742886036634445,-0.01351640559732914,0.26147408105112807,0.34620108539302324,-0.22204444811386045
26.898924166666575,0.0073766037821769714,0.0004037618637084961,0.003832101821899414,-0.034251365810632706,0.029739487916231155,-0.017575301229953766,0.2619604171928663,0.3456875858202442,-0.22223968539694056
26.90898016666665,0.01012209802865982,0.0033398866653442383,-0.004210054874420166,-0.01984020136296749,0.024487467482686043,-0.012935543432831764,0.26229119723844196,0.3452921925065774,-0.22236838105916834
26.91903616666673,0.009080134332180023,0.003049314022064209,-0.008382081985473633,-0.015408213250339031,0.024004235863685608,-0.005264707375317812,0.26265044088188494,0.3450743444427895,-0.2224765205052705
26.929091166666694,0.008270755410194397,0.003513038158416748,-0.0032824277877807617,-0.015762945637106895,0.024391192942857742,-0.0014822199009358883,0.2629565009997128,0.3448634470224801,-0.2225921432731603
26.93914716666677,0.005107611417770386,-0.0010863542556762695,0.0015388727188110352,-0.01080489531159401,0.025276295840740204,0.004510344937443733,0.2632277704674219,0.34467015046478816,-0.22260867550698202
26.94920316666662,0.005424812436103821,-0.00421065092086792,-0.00033599138259887695,-0.006801631301641464,0.02139154262840748,0.00824942346662283,0.2634948434944588,0.34453895573803983,-0.22253465328400737
26.959258166666586,0.00467526912689209,-0.0005483031272888184,0.0017542243003845215,-0.007611365057528019,0.022719262167811394,0.007967527955770493,0.2638514756976937,0.3443896397763681,-0.2225563558120404
26.969314166666663,0.004363015294075012,-0.00021690130233764648,0.002862989902496338,-0.015178738161921501,0.023685988038778305,0.009663162752985954,0.2642364693885074,0.3442248635645067,-0.22252008508695115
26.97936916666663,0.001332797110080719,-0.007398486137390137,0.002912580966949463,-0.02966153994202614,0.018227307125926018,0.008831510320305824,0.26452103581970443,0.3440214566802825,-0.22232551931400593
26.989425166666706,0.001525580883026123,-0.00765681266784668,0.005531370639801025,-0.035414502024650574,0.021201524883508682,0.01105977687984705,0.264728686904542,0.34375019071710955,-0.22205909225569895
26.999481166666783,0.0023916885256767273,-0.0003554821014404297,0.00045359134674072266,-0.02628709375858307,0.016269486397504807,0.010731063783168793,0.26499731481862115,0.34356315391961345,-0.2218964415057273
27.00953616666675,0.002461954951286316,-0.003120243549346924,-0.00010585784912109375,-0.024397581815719604,0.018188558518886566,0.007887340150773525,0.2652702109154182,0.3433401276455311,-0.22176822519855116
27.019591750000018,0.0031827837228775024,0.0008309483528137207,0.00035178661346435547,-0.027990762144327164,0.018861405551433563,0.005744587164372206,0.2655299627873604,0.3431498291758306,-0.22168374368555477
27.029647750000095,0.0008308514952659607,-0.00038319826126098633,0.0009131431579589844,-0.036528587341308594,0.023926472291350365,0.0076993475668132305,0.26568872550729783,0.34300521082735896,-0.22147072626411687
27.03970275000006,0.002012781798839569,-0.0018430352210998535,-0.0008705258369445801,-0.04315333440899849,0.02297212928533554,0.010816763155162334,0.26591543663385886,0.3426739599151707,-0.2212692777568473
27.04975874999991,-0.00012367218732833862,-0.000574946403503418,-0.0005328059196472168,-0.03848401457071304,0.021628031507134438,0.019459787756204605,0.26619060033682695,0.3423172995408568,-0.22108642513314955
27.059814749999987,0.002265334129333496,0.002905547618865967,-0.004377484321594238,-0.027856983244419098,0.020667828619480133,0.019575022161006927,0.2664804452477344,0.3421682771174142,-0.22098882957798602
27.069869749999953,0.0052046701312065125,0.004359781742095947,-0.007295012474060059,-0.004326888360083103,0.017592143267393112,0.02151167206466198,0.26668763636164805,0.3421574024365441,-0.22084810200267485
27.07992575000003,0.006857819855213165,0.008411645889282227,-0.011323213577270508,0.008434047922492027,0.014280368573963642,0.020538313314318657,0.26694942423901885,0.34224492718634747,-0.2208185354802735
27.089981750000106,0.009807057678699493,0.009878396987915039,-0.008538901805877686,0.006869705859571695,0.012275009416043758,0.013978148810565472,0.2671846422662204,0.3424487685525844,-0.2208200648105628
27.100036750000072,0.009002529084682465,0.004867672920227051,-0.0062836408615112305,-0.004766709636896849,0.008510098792612553,0.00862125400453806,0.267386443254395,0.342476621697776,-0.22083188193715678
27.11009274999992,0.008324839174747467,0.0022001266479492188,-0.003546476364135742,-0.014127986505627632,0.003125187009572983,0.006135459057986736,0.26744201179289934,0.3423943927205061,-0.22078963972416343
27.12014875,0.008781999349594116,0.00935298204421997,-0.003198564052581787,-0.01189741212874651,0.005887417588382959,0.00044918435742147267,0.2676300137316985,0.34230133694937054,-0.22089645357411133
27.130203749999964,0.0025517717003822327,0.006724238395690918,-0.004779696464538574,-0.002608306473121047,0.006262657232582569,0.00157942995429039,0.267814339051965,0.34223609133069294,-0.2210585679752025
27.14025975000004,0.001397259533405304,0.0010793209075927734,-0.003859221935272217,-0.0038479636423289776,0.004298975691199303,0.002789330668747425,0.2679768687280923,0.34218702883644475,-0.22115334118271174
27.150314750000007,0.0023524463176727295,0.006177127361297607,-0.0003565549850463867,-0.0015765533316880465,0.004807372577488422,0.0011442960239946842,0.2681517976039095,0.3421644806214734,-0.22119246780448548
27.160370750000084,-0.0014382824301719666,0.0009751319885253906,-0.0022627711296081543,0.003276968840509653,0.005952798295766115,0.0008121998980641365,0.2684135624984977,0.3421495697636555,-0.22130685359302205
27.170426749999933,-0.0009713843464851379,0.004794061183929443,-0.004929065704345703,0.013242783024907112,0.00605639535933733,0.0029837414622306824,0.2686980642387102,0.3421661436020612,-0.2213533437438497
27.1804817499999,0.0003104284405708313,0.009011387825012207,-0.0048059821128845215,0.021680299192667007,0.008632470853626728,0.0045995344407856464,0.26897015647749617,0.3423489848068263,-0.22140552956552123
27.190537749999976,-0.0004619285464286804,0.005842804908752441,-0.003947794437408447,0.020118355751037598,0.009721437469124794,0.0034567718394100666,0.2692212297076634,0.3425716246827209,-0.22143002659976277
27.200593750000053,-0.0026343688368797302,0.0013290643692016602,0.0025268197059631348,0.011511019431054592,0.005510447546839714,-0.0011137451510876417,0.2695108451562349,0.342583158023496,-0.22150156666714038
27.21064875000002,-0.0005558207631111145,0.007780969142913818,0.00235670804977417,0.012952854856848717,0.004478472284972668,-0.0023031127639114857,0.26962759988289625,0.342605834471286,-0.2215774661688921
27.220704750000095,0.0016169846057891846,0.011142253875732422,-0.0037328600883483887,0.014779562130570412,0.0021904176101088524,-0.0029066649731248617,0.2697343205172439,0.34275690043526497,-0.22170955760011724
27.230760749999945,0.001490674912929535,0.007090449333190918,-0.005287051200866699,0.013733206316828728,0.0016641769325360656,-0.005729083437472582,0.26978406426111995,0.34276104518603195,-0.2217390482843614
27.24081574999991,0.0013799667358398438,0.0043593645095825195,-0.0007801651954650879,0.023492757230997086,0.000605703447945416,-0.007176856976002455,0.2698755021043812,0.3428945408294304,-0.22195719967744623
27.250871749999988,-0.0015999078750610352,0.004836380481719971,0.0007536411285400391,0.021739598363637924,0.0013926675310358405,-0.009304989129304886,0.2699692152948407,0.343032293531035,-0.22217799035996377
27.260927750000064,0.000407487154006958,0.0033750534057617188,-0.0018919706344604492,0.01789204217493534,-0.0016337486449629068,-0.01103050448000431,0.2700540090484646,0.3430641719879718,-0.22236627480114865
27.27098275000003,0.0007400810718536377,0.0007269978523254395,0.0010693073272705078,0.01715754345059395,-0.0010414615971967578,-0.003905217396095395,0.27020422345282846,0.3431247958535124,-0.22263579737454497
27.281038750000107,-0.003000795841217041,-0.004721105098724365,0.005227863788604736,-0.12046477198600769,0.14266644418239594,-0.0020773832220584154,0.2706267547423604,0.34283368683082055,-0.22274007168138962
27.291094749999957,0.030443184077739716,-0.012142717838287354,0.10882455110549927,-0.2234654426574707,-0.026780912652611732,-0.00617199344560504,0.2707293680995334,0.3405117837871446,-0.22175829084186163
27.301149749999922,0.006271064281463623,-0.030882418155670166,0.06629306077957153,-0.14332108199596405,0.10663813352584839,-0.03705283999443054,0.27126628887692905,0.3382810322528578,-0.2217984117776879
27.31120575,-0.08175736665725708,0.06675726175308228,0.04026186466217041,0.13150222599506378,0.17747528851032257,-0.022252852097153664,0.2729347947569057,0.33832912446865576,-0.22208836773142293
27.321261750000076,-0.01904752105474472,0.009201347827911377,0.010515451431274414,0.13258156180381775,0.09656006097793579,0.047629375010728836,0.2746646448270106,0.3397990018720593,-0.22259311562182157
27.331316750000042,0.08209487795829773,-0.07899391651153564,0.005016922950744629,0.06890218704938889,-0.0231210645288229,0.02995370700955391,0.27496458719632855,0.3407860959220972,-0.22250142680960625
27.34137275000012,0.06540022790431976,0.0033246874809265137,-0.02456951141357422,0.04818088188767433,-0.03325186297297478,0.039543405175209045,0.2746131344818495,0.34147002174250307,-0.22244648464260333
27.351427750000084,-0.003303416073322296,0.03187590837478638,-0.010628283023834229,0.016207236796617508,0.04759904369711876,0.016502266749739647,0.2748131957831206,0.3417679678425889,-0.22243167728670776
27.361483749999934,-0.023278184235095978,0.016853749752044678,-0.00301206111907959,-0.04214976727962494,0.02934321016073227,0.017872489988803864,0.27526479747359345,0.34177148606142943,-0.22234637851884578
27.37153975000001,0.02258860319852829,-0.030173897743225098,-0.02595585584640503,-0.10268288850784302,-0.010047873482108116,-0.0017470181919634342,0.2755320381518645,0.3406198552805091,-0.22193916730756585
