t,ax,ay,az,gx,gy,gz,roll,pitch,yaw
0.0,0.0021741315722465515,0.0038124918937683105,0.00803911592811346,-0.002854384947568178,0.035909704864025116,-0.010486510582268238,-1.328787675560198e-17,-1.5069481585125534e-17,6.323563272457408e-18
0.010053999998490326,0.0007430240511894226,0.004099369049072266,0.006708025000989437,-0.01591372676193714,0.03190723806619644,-0.01844925433397293,0.00033582455243212893,-0.00010229253886086437,-0.00016750153735970645
0.020109000004595146,0.003965564072132111,0.006589174270629883,0.0060731191188097,-0.023713860660791397,0.0360037125647068,-0.018523024395108223,0.0006902548818874724,-0.000333898752055917,-0.00039554965064541404
0.030164000003424007,0.0027000457048416138,0.0026859641075134277,0.0045261383056640625,-0.025339987128973007,0.037274572998285294,-0.01981508359313011,0.001050599830479908,-0.0006088124693040069,-0.0006213472845973666
0.040218000001914334,0.0010230466723442078,0.0018634200096130371,0.003311275504529476,-0.0157797709107399,0.03769029304385185,-0.018998557701706886,0.0014449228943497353,-0.0008283039016200814,-0.0008318074664179775
0.050273000000743195,0.0028341785073280334,0.001892685890197754,-0.0038067102432250977,-0.00334023404866457,0.03243933618068695,-0.013042984530329704,0.0017982197783545206,-0.0009361422547033919,-0.0010214146017576901
0.06032799999957206,0.00480111688375473,-0.0072966814041137695,-0.008810281753540039,-0.005169026553630829,0.02587677538394928,-0.016073662787675858,0.0020796652290745268,-0.0009999223458585498,-0.001184558900868579
0.07038200000533834,0.004189513623714447,-0.013128459453582764,-0.009568572044372559,-0.011480895802378654,0.017010048031806946,-0.015796640887856483,0.002299294009118282,-0.001102273213186806,-0.0013485651872872154
0.0804370000041672,0.005096033215522766,-0.014811038970947266,-0.010525345802307129,-0.009057685732841492,0.011690915562212467,-0.014610734768211842,0.0024374983946956075,-0.0012296963336491773,-0.001490438606738468
0.09049200000299606,0.0054727718234062195,-0.013304471969604492,-0.010145425796508789,-0.004891791846603155,0.01164297852665186,-0.015508485957980156,0.0025588342840468983,-0.0013315410797643478,-0.0016368410727899611
0.10054600000148639,0.08392464369535446,-0.005263030529022217,-0.00592195987701416,0.021693479269742966,-0.23278674483299255,0.21422404050827026,0.0024186618286295043,-0.0013095214230786044,-0.0014157188321262378
0.11060100000031525,-0.021660462021827698,0.013652801513671875,-0.01964259333908558,0.08242815732955933,-0.23828017711639404,0.7860321402549744,0.0028992482999552335,-0.0010696657361637003,-0.0013854331589815156
0.12065599999914411,-0.11607997864484787,-0.011900126934051514,0.0015683174133300781,0.02774227410554886,0.022945035248994827,0.49445807933807373,0.003035903426734844,-0.0008659334469935051,-0.002181546101485652
0.1307100000049104,-0.013053305447101593,-0.033536672592163086,0.008504985831677914,-0.022801373153924942,0.040230147540569305,0.08307155966758728,0.002952617673634479,-0.0008969575512123833,-0.002181810018337001
0.14076500000373926,0.017052531242370605,-0.011758267879486084,0.003726484254002571,-0.0449889674782753,0.010334833525121212,-0.02620619162917137,0.002888569713667056,-0.0011396938522790507,-0.0021974467448433468
0.15082000000256812,0.00849980115890503,-0.007283568382263184,-0.0003769397735595703,-0.03568774461746216,0.00876503437757492,-0.027241282165050507,0.002851589704168132,-0.0015344252051932936,-0.002403092964421153
0.16087400000105845,0.017361290752887726,-0.0019991397857666016,0.0006347894668579102,-0.02685457095503807,-0.010547410696744919,-0.023003393784165382,0.0027711995591488156,-0.0018920185359811632,-0.002628703544830105
0.1709289999998873,0.016424208879470825,0.004656672477722168,-0.0009081363677978516,-0.022873854264616966,-0.024118613451719284,-0.0217729602009058,0.0026038680716514496,-0.002173591890828048,-0.002838036624444312
0.18098399999871617,0.01204448938369751,0.0018748641014099121,-0.0017052888870239258,-0.020109226927161217,-0.024073075503110886,-0.019515398889780045,0.0023771738482669855,-0.0023913627197780555,-0.0029472292946207336
0.191039000004821,0.01192714273929596,-0.0057683587074279785,-0.0035438546910881996,-0.018357932567596436,-0.025673367083072662,-0.017987968400120735,0.00213060256220224,-0.0025659621894535147,-0.0031538550200936604
0.20109300000331132,0.010935179889202118,-0.0076825618743896484,0.004921317100524902,-0.025679495185613632,-0.02536177821457386,-0.017998088151216507,0.001896518542185768,-0.00279852175570143,-0.0034472011905798345
0.21114800000214018,0.01011589914560318,-0.010274112224578857,0.0058821458369493484,-0.03549692779779434,-0.02996065653860569,-0.017576269805431366,0.0016240714896055965,-0.003101525903817589,-0.003638869705692465
0.22120300000096904,0.008387289941310883,-0.010288774967193604,0.004414200782775879,-0.04804734140634537,-0.026759536936879158,-0.013735991902649403,0.001342116922268205,-0.003528890240995917,-0.003775714649754218
0.23125699999945937,0.01010151207447052,-0.003052830696105957,0.00454258918762207,-0.05551071837544441,-0.027724800631403923,-0.017168620601296425,0.0010653586235692628,-0.00406941871423535,-0.003922232931144436
0.2413120000055642,0.007431380450725555,0.006654500961303711,0.0023633241653442383,-0.058112625032663345,-0.02149832993745804,-0.013200510293245316,0.0008029081053448034,-0.004645038139308705,-0.004048413404136733
0.25136700000439305,0.008639678359031677,0.012865066528320312,0.0009106416255235672,-0.047448351979255676,-0.012395378202199936,-0.007614743430167437,0.0006501158487645592,-0.005172953697697997,-0.004145191465972018
0.2614210000028834,0.007648728787899017,0.010068058967590332,0.004960298538208008,-0.04044583812355995,-0.013414304703474045,-0.008939133957028389,0.0005176407540618594,-0.005601270763981188,-0.004193955020134338
0.27147600000171224,0.008526809513568878,0.008428514003753662,0.0036618728190660477,-0.034394245594739914,-0.012972219847142696,-0.0007480488857254386,0.00038544502430119023,-0.005975892263193289,-0.00421973578393843
0.2815310000005411,0.0072412192821502686,0.010353684425354004,-0.0024515390396118164,-0.02950015477836132,-0.0070112659595906734,0.004022737964987755,0.0002860165881027794,-0.006315405086959652,-0.004171632685011489
0.2915849999990314,0.0016058683395385742,0.00870281457901001,-0.00463104248046875,-0.021055227145552635,-0.005185003392398357,0.009681448340415955,0.00022027539325444954,-0.006583555793016781,-0.004060793275671689
0.30164000000513624,0.00011894106864929199,0.00872659683227539,-0.005362153053283691,-0.014242060482501984,0.0011810169089585543,0.014454632997512817,0.00020122672659068523,-0.00676434173765019,-0.003916589812155007
0.3116950000039651,0.00015701353549957275,0.01049959659576416,-0.009411809965968132,-0.0076334718614816666,-0.0001789263915270567,0.01794467680156231,0.0002084825893230915,-0.006877951936836106,-0.0037098567533198363
0.32174900000245543,-0.000922761857509613,0.008960306644439697,-0.008533595129847527,-0.0022349779028445482,-0.0036386388819664717,0.01764986664056778,0.0001980643466142514,-0.006945006618607905,-0.0034994770895820856
0.3318040000012843,-8.299946784973145e-06,0.01122140884399414,-0.01155996322631836,-0.0013781944289803505,-0.001456045312806964,0.01350574754178524,0.00016810231900016246,-0.006963273406662142,-0.0033154013529687982
0.34185900000011316,0.0019708573818206787,0.011014938354492188,-0.010387061163783073,-0.004508207552134991,-0.005283540114760399,0.0066015031188726425,0.00013201818125993658,-0.006993391753100032,-0.003189212552015223
0.3519129999986035,0.003876723349094391,0.010159611701965332,-0.0073337554931640625,-0.00835820659995079,-0.006916457787156105,-0.005040531978011131,6.803397409111099e-05,-0.007063934807371551,-0.003158324197699796
0.3619680000047083,0.0016761720180511475,0.01112663745880127,-0.0064181070774793625,-0.006636739242821932,-0.01578478328883648,-0.013163705356419086,-5.003931319771561e-05,-0.007147258086645288,-0.0032184225169253405
0.37202300000353716,0.0038883984088897705,0.012921929359436035,-0.0028922557830810547,-0.0013084642123430967,-0.015169327147305012,-0.015886947512626648,-0.00018933439648146334,-0.007167367531386898,-0.003358414723394385
0.3820770000020275,0.0034863129258155823,0.010660231113433838,-0.0023896675556898117,0.008102348074316978,-0.013207110576331615,-0.020459594205021858,-0.0003434693160428561,-0.007126973465181863,-0.0035394757228710497
0.39213200000085635,0.0042494311928749084,0.0007364153861999512,0.0025731343775987625,0.009530468843877316,-0.01447144616395235,-0.015945883467793465,-0.0004800225140017476,-0.0070067074246653776,-0.003710443184425619
0.4021869999996852,0.006330028176307678,-0.004824161529541016,0.0015871524810791016,0.008151217363774776,-0.017435811460018158,-0.015415381640195847,-0.000622672613173109,-0.0068837474898859234,-0.0038714128583936572
0.4122419999985141,0.007976360619068146,-0.004190027713775635,0.004643319174647331,0.007652318570762873,-0.012134788557887077,-0.016734765842556953,-0.0007811979775541516,-0.006761317947680356,-0.004025603433529029
0.42229600000428036,0.007648244500160217,0.0013884902000427246,0.010836601257324219,0.011689404025673866,-0.009693735279142857,-0.016132624819874763,-0.0008698314748311066,-0.006634353419729039,-0.004187698119411419
0.4323510000031092,0.009953953325748444,0.0026610493659973145,0.012703059241175652,0.011625755578279495,-0.009584279730916023,-0.011069581843912601,-0.000954796287029584,-0.0064856815412509174,-0.004313123356998587
0.4424060000019381,0.009159572422504425,-0.006718814373016357,0.014402387663722038,0.007831016555428505,-0.009763243608176708,-0.010454125702381134,-0.0010472076495628045,-0.0063665026313142106,-0.0044055496522042836
0.4524600000004284,0.006020553410053253,-0.012451350688934326,0.011815547943115234,-0.000571301206946373,-0.006312984973192215,-0.007968677207827568,-0.0011209455163868262,-0.006308106108635681,-0.004487601889244733
0.46251499999925727,0.006043292582035065,-0.010402262210845947,0.007964372634887695,-0.009024706669151783,0.0013630441389977932,-0.006352937780320644,-0.0011625594629158043,-0.0063417056571958156,-0.004541792605357727
0.4725700000053621,0.007167048752307892,-0.008385956287384033,0.001338006928563118,-0.0055333469063043594,0.0030140706803649664,0.0012160057667642832,-0.001143481026485365,-0.0064234036194112335,-0.004551419506530153
0.4826240000038524,0.008070431649684906,-0.009686470031738281,-0.003118753433227539,-0.0026336973533034325,0.0013879446778446436,0.005153222940862179,-0.001129420761256794,-0.006456437573653779,-0.004493136229582668
0.4926790000026813,0.008081294596195221,-0.010042905807495117,-0.0033240336924791336,-0.0069688353687524796,2.1343352273106575e-05,0.007860831916332245,-0.0011304639843556067,-0.006524602197334281,-0.004397048850767667
0.5027340000015101,0.010623559355735779,-0.006021678447723389,-0.00625312514603138,-0.004663869738578796,-0.004502302035689354,0.013717923313379288,-0.0011441861172365433,-0.006630107984160143,-0.004269052667438772
0.5127880000000005,0.010862685739994049,-0.007148861885070801,-0.00862574577331543,0.001931315753608942,-0.00835762731730938,0.01884346827864647,-0.0011989315553240332,-0.006679810767367786,-0.004066242128049145
0.5228429999988293,0.009054489433765411,-0.009239614009857178,-0.003447888419032097,-0.005977740045636892,-0.013129479251801968,0.019542282447218895,-0.0013074204489782965,-0.006728334542241896,-0.0038311611263474603
0.5328980000049341,0.00690266489982605,-0.0005528926849365234,-0.0026054400950670242,-0.016397623345255852,-0.013605652377009392,0.016524868085980415,-0.0014431860812497564,-0.0068843692078424225,-0.0036346908116848377
0.5429526250009076,0.007846459746360779,0.009294450283050537,-0.002620100975036621,-0.007889090105891228,-0.014821917749941349,0.018515314906835556,-0.0015884324943745344,-0.007041955377972163,-0.0034518274511128985
0.5530076249997364,0.004366837441921234,0.012273192405700684,-0.001038072630763054,0.0025679890532046556,-0.01708267629146576,0.013961308635771275,-0.0017580561799963334,-0.007065994523481522,-0.0032708780801335
0.5630626249985653,0.0026302263140678406,0.012155473232269287,-0.0014723539352416992,0.0016800910234451294,-0.015800096094608307,0.010062706656754017,-0.0019212767162729149,-0.007031219676176842,-0.0031238210629362497
0.5731166250043316,0.0039551034569740295,0.012347519397735596,-0.0021485071629285812,-0.0031369016505777836,-0.01783834770321846,0.003245574189350009,-0.002091369514280554,-0.007024359738644345,-0.0030325901336561794
0.5831716250031604,0.0013558939099311829,0.009841859340667725,-0.0016150455921888351,-0.002177364658564329,-0.020688463002443314,0.0003467232745606452,-0.0022890250810930464,-0.007026786879961972,-0.0029851834424538984
0.5932266250019893,-7.390975952148438e-05,0.009244084358215332,-0.0006356239318847656,0.0014527901075780392,-0.018100667744874954,-0.001336128218099475,-0.0024849763462507514,-0.007025694998775075,-0.00294750150678675
0.6032806250004796,-0.0019426420331001282,0.007195591926574707,0.0009829998016357422,0.010948557406663895,-0.01861439272761345,0.0030602181795984507,-0.0026741390759184355,-0.006950363657646523,-0.002913092341209144
0.6133356249993085,0.0014090165495872498,0.0008864998817443848,0.002122165635228157,0.0181557796895504,-0.016169611364603043,0.005308565683662891,-0.0028520677452417427,-0.006790501750626811,-0.0028495165903122065
0.6233906250054133,-9.864568710327148e-06,-0.006740152835845947,-7.865950465202332e-06,0.023971058428287506,-0.011319195851683617,0.010194133967161179,-0.002973580514561705,-0.006562044945631614,-0.0027289207213996567
0.6334446250039036,1.8283724784851074e-05,-0.008037030696868896,0.0015959721058607101,0.023314235731959343,-0.007147353608161211,0.013565429486334324,-0.0030734040967204863,-0.006309308206224518,-0.0025746415259034314
0.6434996250027325,0.0033190399408340454,-0.00521320104598999,0.0038888435810804367,0.02491266466677189,-0.00904751941561699,0.014768379740417004,-0.0031328965763915383,-0.006072155688225437,-0.002426886892937465
0.6535546250015614,0.005273059010505676,-0.01069110631942749,0.007001161575317383,0.01880909875035286,-0.014277568086981773,0.01499504130333662,-0.0032413752505894,-0.005851404063236144,-0.0022607624175157897
0.6636096250003902,0.0037234723567962646,-0.005835592746734619,0.006941795349121094,0.009325316175818443,-0.012461824342608452,0.012825896963477135,-0.0033737834684861405,-0.005718816871931324,-0.0021165440226233547
0.6736636249988806,0.005111783742904663,-0.0047782063484191895,0.00315689854323864,0.009013681672513485,-0.01467610988765955,0.015176055952906609,-0.0035097687217278406,-0.0056342844205961385,-0.0019807254071917716
0.6837186250049854,0.0033627524971961975,-0.00047004222869873047,0.004321809858083725,0.008305281400680542,-0.01341590192168951,0.014096677303314209,-0.0036472591803338988,-0.005558953994597248,-0.0018509533226945876
0.6937736250038142,0.0023216530680656433,-0.0011684298515319824,-0.0004650373011827469,0.007106325589120388,-0.0152766527608037,0.017148500308394432,-0.003798293299969823,-0.005483542264352797,-0.0016968374611009021
0.7038276250023046,-0.0005321875214576721,-0.007683753967285156,-0.003988742828369141,0.014956791885197163,-0.006894619669765234,0.022036200389266014,-0.0039154619539561305,-0.005383370588299799,-0.0014992033716796078
0.7138826250011334,-0.0020574331283569336,-0.0071524977684021,-0.0057401638478040695,0.026386680081486702,0.0022960822097957134,0.023154914379119873,-0.003948181380700718,-0.005164382534516123,-0.0012854082417715512
0.7239376249999623,0.0037332698702812195,-0.0012658238410949707,8.952617645263672e-05,0.017369216307997704,-0.012137185782194138,0.022550376132130623,-0.003997143266550586,-0.0050081898697468845,-0.001048557528707706
0.7339916250057286,0.004760317504405975,-0.0019101500511169434,0.004086138680577278,0.012668382376432419,-0.016947386786341667,0.024287024512887,-0.004137114630364588,-0.004893924930535535,-0.0007951776243605869
0.7440466250045574,-0.0021012425422668457,0.0007264614105224609,0.004917023703455925,0.009510938078165054,-0.016026465222239494,0.026768824085593224,-0.004307663394091879,-0.004800322199508674,-0.0005425402945757367
0.7541016250033863,-0.003065139055252075,0.0008449554443359375,0.007020113989710808,0.012281913310289383,-0.012228931300342083,0.024753103032708168,-0.004445618735611892,-0.004703144323827674,-0.00028181760160764225
0.7641556250018766,-0.0011499375104904175,0.003387928009033203,0.004671929404139519,0.014528823085129261,-0.0147075355052948,0.02903333492577076,-0.004590308959967806,-0.004585936826605717,-9.850603858766193e-07
0.7742106250007055,-8.98316502571106e-05,0.004876613616943359,0.0011384505778551102,0.017102545127272606,-0.01323281042277813,0.03296509385108948,-0.004736187020950012,-0.00443321279558431,0.0002959117677135283
0.7842656249995343,-2.983957529067993e-05,0.004275262355804443,-0.00298142246901989,0.013146152719855309,-0.014891427010297775,0.02871495485305786,-0.004863000659400176,-0.004273341836751214,0.0005862238250045105
0.7943196250053006,0.00017355382442474365,0.006697416305541992,-0.0020879507064819336,0.017116572707891464,-0.008112616837024689,0.02564113587141037,-0.004974578205131046,-0.004105884985769563,0.0008401768727202138
0.8043746250041295,-0.0013091415166854858,0.007502198219299316,0.0002583283931016922,0.01263553649187088,-0.011421061120927334,0.026032885536551476,-0.005064575784150145,-0.003967078615718211,0.001102011230851429
0.8144296250029583,-0.000805981457233429,0.009575068950653076,0.0012232083827257156,0.015486183576285839,-0.014359593391418457,0.02008301019668579,-0.00518667766543963,-0.003849699318106597,0.0013457199957396194
0.8244836250014487,-0.0017674565315246582,0.008020341396331787,0.00313723087310791,0.024686608463525772,-0.01793861575424671,0.01689414121210575,-0.00535228987660464,-0.0036651179581829478,0.0015124699589332282
0.8345386250002775,-0.00522720068693161,0.004117250442504883,0.0015801191329956055,0.026852555572986603,-0.0151308448985219,0.013078151270747185,-0.005510310292896229,-0.003426992491271188,0.0016449320273004505
0.8445936249991064,-0.0025950297713279724,0.0009343624114990234,0.0017404556274414062,0.023913491517305374,-0.020624414086341858,0.005307579878717661,-0.005699490302092627,-0.0031781401375171954,0.0017275109134546843
0.8546486250052112,0.001461319625377655,-0.00047391653060913086,-0.0006937980651855469,0.010869061574339867,-0.025133410468697548,0.0004017175524495542,-0.00591836186971113,-0.003004089366285391,0.0017582929108298838
0.8647026250037015,-0.001109682023525238,0.0002612471580505371,0.0028150081634521484,-0.0011111682979390025,-0.028738798573613167,-0.011442158371210098,-0.0061904610653437855,-0.0029412191955554058,0.0017009796524528357
0.8747576250025304,-0.002122625708580017,0.004330575466156006,0.002972245216369629,-0.009913759306073189,-0.025134077295660973,-0.017711905762553215,-0.0064548502109004115,-0.0029950369198260816,0.0015496289268444486
0.8848126250013593,-0.00073261559009552,0.006725668907165527,0.0020284652709960938,-0.0064324745908379555,-0.021896738559007645,-0.022878704592585564,-0.006690901005486599,-0.0030985154663003807,0.0013451190464529492
0.8948666249998496,-0.0003456398844718933,0.008664846420288086,0.003879072144627571,0.003377634333446622,-0.02433459646999836,-0.026087120175361633,-0.006907433092432406,-0.003109017067351348,0.0010915705613333856
0.9049216249986785,-0.0008301213383674622,0.0012804269790649414,0.0065546054393053055,0.010376421734690666,-0.019863415509462357,-0.02617846615612507,-0.00712663566396686,-0.0030265154900956195,0.0008250433451724949
0.9149766250047833,-0.001585163176059723,-0.003356039524078369,0.004600049927830696,0.00462563568726182,-0.020368482917547226,-0.027072090655565262,-0.007330519639849181,-0.0029514585025299106,0.0005393392165395594
0.9250306250032736,0.0004554539918899536,-0.00629812479019165,0.004197480157017708,-0.0034914128482341766,-0.019414272159337997,-0.02693307399749756,-0.007539323869323566,-0.002956960495731893,0.0002649415672441673
0.9350856250021025,0.0013102740049362183,-0.007974386215209961,0.00456702895462513,-0.008335435763001442,-0.018931441009044647,-0.024611063301563263,-0.007734706338817219,-0.0030308054208082235,1.6399053231404632e-05
0.9451406250009313,-0.0010951757431030273,-0.004432737827301025,0.006210684776306152,-0.004538567736744881,-0.020299240946769714,-0.023705588653683662,-0.0079397750800218,-0.0031115459642357623,-0.00022220087199454477
0.9551946249994216,0.0012429580092430115,-0.002679169178009033,0.0047928085550665855,0.0028903644997626543,-0.01540288608521223,-0.02004116028547287,-0.00812365071450852,-0.0031424352675217676,-0.0004276338462549942
0.9652496250055265,0.0035748034715652466,-0.003065168857574463,0.007483126595616341,0.0038219380658119917,-0.010585227981209755,-0.017661092802882195,-0.008255649943655321,-0.0031122081546465824,-0.0005948826263427769
0.9753046250043553,0.00419597327709198,-0.0011332035064697266,0.012444259598851204,0.004272012505680323,-0.0075449636206030846,-0.014161592349410057,-0.008354019723265448,-0.003071777349999675,-0.0007445524894885299
0.9853586250028457,0.003705449402332306,0.00026535987854003906,0.011894225142896175,0.0009750190656632185,-0.0017539197579026222,-0.01384707260876894,-0.008390853416618972,-0.0030688367493170977,-0.0008957742222662722
0.9954136250016745,0.00649590790271759,0.0010228157043457031,0.007024764083325863,-0.005178747233003378,-0.003201614134013653,-0.014971831813454628,-0.008397631507345703,-0.0031151062907568026,-0.0010320109407015866
1.0054686250005034,0.0069934651255607605,0.0019505023956298828,0.006636381149291992,-0.00881129875779152,0.001367038581520319,-0.016709811985492706,-0.00842622747445119,-0.0031952712834047254,-0.0011953752661629825
1.0155226249989937,0.00529644638299942,0.005762338638305664,0.00531470961868763,-0.003915166016668081,0.0038770679384469986,-0.016725309193134308,-0.008399159170446058,-0.003281534950635861,-0.001360622811376374
1.0255776250050985,0.004500880837440491,-0.0014427900314331055,0.0022230148315429688,0.002811179729178548,0.005230752285569906,-0.015598260797560215,-0.008368747111673357,-0.0032915962754326207,-0.001541659728956011
1.0356326250039274,0.004641510546207428,-0.0045604705810546875,0.0033603906631469727,-0.0006574987783096731,0.005831827875226736,-0.015363476239144802,-0.008303599938541179,-0.0032864970295957275,-0.0016968715956736534
1.0456876250027562,0.0013047978281974792,-0.0036817193031311035,0.002301812171936035,0.01693827286362648,0.005786554422229528,-0.015007944777607918,-0.008246198928079198,-0.0032490133465260347,-0.0018382977097319007
1.0557416250012466,-0.0013890862464904785,-0.004834592342376709,0.0015795230865478516,0.01596701703965664,0.004455506801605225,-0.014207771047949791,-0.008171238154530188,-0.003120724117026318,-0.001965407524933815
1.0657966250000754,0.0027022957801818848,-0.015801608562469482,0.002840878441929817,-0.00011527910828590393,0.0038570943288505077,0.0023067565634846687,-0.008183625851940312,-0.002971108095304572,-0.0020581750257514272
1.0758516249989043,-0.003133252263069153,-0.01850748062133789,-0.0007607936859130859,0.00519715016707778,-0.0011993164662271738,0.007501598447561264,-0.008183415389534925,-0.002941798739727488,-0.0019900332246477388
1.0859056250046706,-0.0039029940962791443,-0.01148146390914917,0.001027463935315609,-0.004192090593278408,-0.0009814698714762926,0.012513933703303337,-0.008200443706693043,-0.0029693840820431395,-0.0018613427127914268
1.0959606250034994,-0.0005625039339065552,-0.009400784969329834,-3.755185753107071e-05,-0.0027878056280314922,-0.0021505975164473057,0.01607644371688366,-0.00821435017128501,-0.0030124344500298034,-0.0017077621071153609
1.1060156250023283,-0.0018072202801704407,-0.004530489444732666,0.00259470846503973,0.01194773055613041,0.0025288427714258432,0.01734357699751854,-0.008215157762923486,-0.002975458881976312,-0.001530448891456198
1.1160696250008186,-0.001645594835281372,0.0012974739074707031,0.005012869834899902,0.016908932477235794,0.0029773192945867777,0.018822696059942245,-0.0081964695377574,-0.0028181086970575165,-0.0013238132813201697
1.1261246249996475,0.0027744993567466736,0.002030313014984131,0.0010249605402350426,0.014517415314912796,0.005668177269399166,0.016474585980176926,-0.008154245636229046,-0.0026749085616602233,-0.001133495948558828
1.1361796249984764,0.004647150635719299,0.007130980491638184,-0.00032067112624645233,0.007616099435836077,0.007352094165980816,0.012393026612699032,-0.008088313836428437,-0.0025760711282680443,-0.000989882201660036
1.1462336250042426,0.004506714642047882,0.009809255599975586,0.0018030395731329918,0.008555395528674126,0.008267688564956188,0.007671774365007877,-0.007994376558844564,-0.0025193672471493815,-0.0008931624004023603
1.1562886250030715,0.0021328777074813843,0.014137089252471924,0.005099296569824219,0.017261002212762833,0.00848819874227047,0.006246716715395451,-0.007899563165268485,-0.002388068227629363,-0.000836105157846769
1.1663436250019004,0.003197319805622101,0.009417355060577393,0.0060176849365234375,0.01877172663807869,0.011118602007627487,0.0047305794432759285,-0.0077986708184598465,-0.0022239468454140253,-0.0007990847366841224
1.1763976250003907,0.004612848162651062,0.0050185322761535645,0.0026830434799194336,0.011146563105285168,0.009700469672679901,0.0028837835416197777,-0.00769132990514316,-0.002086728161848348,-0.0007623586733628875
1.1864526249992196,0.0036738812923431396,0.004330635070800781,0.003979086875915527,0.014643293805420399,0.012973228469491005,-0.00117860222235322,-0.007594658467310035,-0.0019717435361520513,-0.0007672039124596427
1.1965076250053244,-0.002864621579647064,0.0059947967529296875,0.0028063058853149414,0.012774641625583172,0.01921035163104534,-0.00408592214807868,-0.007446558313130721,-0.0017955430493614248,-0.0008172177323659328
1.2065616250038147,0.003963083028793335,-0.0037265419960021973,-0.0002382975071668625,0.017776058986783028,0.01432185247540474,0.0020071244798600674,-0.00727829587646162,-0.0016618873787119094,-0.0008209504009540667
1.2166166250026436,0.007848232984542847,-0.004204869270324707,-0.006036877632141113,0.01147022657096386,0.004766697064042091,0.00494741415604949,-0.007178636206717355,-0.0015316483786241676,-0.0007669058219273185
1.2266716250014724,0.005545526742935181,-0.0064525604248046875,-0.009658217430114746,0.01334242895245552,0.0011546516325324774,0.005921598523855209,-0.0071400814908853865,-0.0014170124334651022,-0.0007210458916244702
1.2367266250003013,0.003417558968067169,-0.006473541259765625,-0.005443094298243523,0.00956104975193739,-0.001461238251067698,0.006905130110681057,-0.007131899312033837,-0.0013226754306196664,-0.0006520772011693404
1.2467806249987916,0.004290789365768433,-0.0034615397453308105,-0.00038349442183971405,0.013908394612371922,-0.0029954854398965836,0.011883909814059734,-0.007158468403864691,-0.0012209714037777091,-0.0005328426525291096
1.2568356250048964,0.004103444516658783,-0.002635657787322998,-2.8850510716438293e-05,0.012067440897226334,-0.004444511607289314,0.015928613021969795,-0.007195121678691626,-0.001078526367383187,-0.00035982419536701924
1.2668906250037253,0.005546979606151581,-0.00136643648147583,0.004320502281188965,0.0069238110445439816,-0.002964326646178961,0.016121957451105118,-0.00723996375514557,-0.00099965930819292,-0.00018555724497636717
1.2769446250022156,0.004818521440029144,0.00030291080474853516,0.003307938575744629,0.00044402899220585823,-0.004269408527761698,0.014532556757330894,-0.007278883865974002,-0.0009729467128892928,-5.219309008525229e-05
1.2869996250010445,0.00473921000957489,0.00731503963470459,0.003951548598706722,-0.005486031994223595,-0.004071269184350967,0.006969711743295193,-0.007310377139862285,-0.000999641223137134,5.7272416118770846e-05
1.2970546249998733,0.007915176451206207,0.01225423812866211,-0.001142384484410286,0.0023186281323432922,1.0024989023804665e-05,0.004247695207595825,-0.007332067781816642,-0.0010115515397919265,0.0001312186765469706
1.3071086250056396,0.004362806677818298,0.012036561965942383,-0.0011889953166246414,0.009123537689447403,-0.003806551219895482,0.0028649817686527967,-0.007344628239308723,-0.0009200585827827938,0.0001746881533797818
1.3171636250044685,0.0011515021324157715,0.007440626621246338,-1.4664605259895325e-05,0.0165641438215971,-0.0007862602360546589,0.0007301919395104051,-0.007361589647795586,-0.0007974017140685255,0.00019763488144838078
1.3272186250032973,-0.001007072627544403,-0.0007268786430358887,0.00780021958053112,0.023320583626627922,0.0005831371527165174,-4.478792834561318e-05,-0.007348097770191239,-0.0005972403439863706,0.00022167413941632933
1.3372726250017877,-0.004847541451454163,-0.0023627281188964844,0.009033678099513054,0.016117442399263382,0.0034223333932459354,-0.00019978388445451856,-0.007328548989250005,-0.00040235179557766084,0.0002338922606454891
1.3473276250006165,-0.0020768195390701294,-0.005843639373779297,0.009046672843396664,0.012590618804097176,-0.0001825215294957161,0.0006785265868529677,-0.007303522335394517,-0.00028388505133624466,0.00024145589456048681
1.3573826249994454,-0.00016472488641738892,-0.007480025291442871,0.00622403621673584,0.00564185343682766,-0.0003544287756085396,0.004761764779686928,-0.007304222491964344,-0.00020728973791453052,0.00028312495100641283
1.3674366250052117,0.001073107123374939,-0.008019328117370605,0.004334213212132454,0.002943006344139576,0.0027585404459387064,0.007173523772507906,-0.007291063191123415,-0.00017582533238903075,0.0003581060346420885
1.3774916250040405,0.0026605650782585144,-0.0067296624183654785,0.0008351802825927734,0.0021220867056399584,-0.00015802052803337574,0.009082930162549019,-0.007282484840196281,-0.00015134043085364212,0.0004649022321292801
1.3875466250028694,0.004348821938037872,-0.0008487105369567871,-0.0014336109161376953,0.006553054787218571,-0.00322331883944571,0.011060860008001328,-0.007290493748770095,-0.00010112531528182344,0.0005929933723527393
1.3976006250013597,0.007464304566383362,0.0016140937805175781,-0.002619028091430664,0.014034584164619446,-0.0016448633978143334,0.01254850160330534,-0.007301474471261476,1.0454955741015984e-05,0.0007133105434890859
1.4076556250001886,0.005979195237159729,0.00038552284240722656,0.0012493152171373367,0.016789358109235764,0.0006835383828729391,0.009193184785544872,-0.007304412485387778,0.00014020589507847807,0.0008110140150703062
1.4177106249990175,0.0058233290910720825,0.003415048122406006,0.0029749860987067223,0.01700875721871853,-0.003517997683957219,0.008949106559157372,-0.007311672769788947,0.00029431485461666417,0.0008917877752397388
1.4277656250051223,0.0045137181878089905,0.004844248294830322,-1.2159347534179688e-05,0.010404117405414581,-0.005776890553534031,0.0035724507179111242,-0.0073504231555097145,0.0004071638944251465,0.0009506831363555262
1.4378196250036126,0.0034872591495513916,0.0015465021133422852,0.0006934395059943199,0.005715934094041586,-0.002907201647758484,0.00021710731380153447,-0.0073823118920377795,0.00045857140818891595,0.0009701224214558649
1.4478746250024415,0.0010209903120994568,-0.0014745593070983887,0.0016887187957763672,0.0023230668157339096,-0.00681219482794404,-0.0008825118420645595,-0.0074349478193984995,0.00048084258329720084,0.0009639973169499772
1.4579296250012703,-0.00024343281984329224,-0.0024988651275634766,0.002125382423400879,0.0026721181347966194,-0.0064790332689881325,0.003014598274603486,-0.007503979512086572,0.0004945861108575901,0.0009918290963850528
1.4679836249997607,-6.865710020065308e-05,-0.0007458329200744629,0.0020995130762457848,0.003087304998189211,-0.008242578245699406,0.001401521498337388,-0.007560432468309534,0.00051791928810194,0.0010149827161405184
1.4780386249985895,0.0021046698093414307,-0.000277101993560791,-0.0010398626327514648,0.009090114384889603,-0.009998800233006477,0.0030930282082408667,-0.0076499400059769325,0.0005884337517625743,0.00106906506285512
1.4880936250046943,0.000912301242351532,-0.006111025810241699,-0.0020394325256347656,0.006797931622713804,-0.013820436783134937,0.008648382499814034,-0.007777482893678741,0.0006802764804737452,0.0011316696033665669
1.4981476250031847,0.00024943798780441284,-0.0064089298248291016,-0.0013705501332879066,0.008937648497521877,-0.007402883842587471,0.009847364388406277,-0.007897890991900065,0.0007457856552207277,0.001244597324110085
1.5082026250020135,0.0015686452388763428,-0.005350172519683838,0.002719997428357601,0.006198055110871792,-0.01236328762024641,0.012319310568273067,-0.007992359647115746,0.0008284536050740272,0.0013748418985197418
1.5182576250008424,0.0026336535811424255,-0.0034217238426208496,0.002020834945142269,0.0037273073103278875,-0.015573594719171524,0.015501068904995918,-0.008120911744128396,0.000868973188768706,0.0015144710719100253
1.5283116249993327,-0.0017370358109474182,-0.007109701633453369,5.555152893066406e-05,0.005173936486244202,-0.009422225877642632,0.01635248214006424,-0.008273065021099786,0.0009112187298775489,0.001672703351107553
1.5383666250054375,-0.0024167969822883606,-0.004587233066558838,0.005180835723876953,-0.0005693036946468055,-0.004070736467838287,0.01654079370200634,-0.008348425516934148,0.0009283430972429161,0.0018333163326771263
1.5484217500052182,0.0011337101459503174,0.0014603137969970703,0.005066634155809879,0.0015348598826676607,-0.0019207666628062725,0.016465691849589348,-0.008384668559915518,0.0009372990980110839,0.0019906944773010237
1.558476750004047,0.0013276785612106323,0.003236234188079834,0.006241203285753727,0.0050611067563295364,-0.004718816839158535,0.01344383042305708,-0.008409904839388586,0.0009679455566060386,0.0021327020206101752
1.5685307500025374,6.508827209472656e-05,0.00022220611572265625,0.0055615901947021484,0.0021675825119018555,-0.0033158636651933193,0.008414717391133308,-0.008458141098371553,0.0010076077997547995,0.002250939783323878
1.5785857500013663,0.0022414252161979675,-0.0006659626960754395,0.0009036054834723473,0.0015582512132823467,0.001129484735429287,0.0008223638287745416,-0.00846945532947672,0.0010037283715689726,0.002302331210636199
1.5886407500001951,0.00398312509059906,-0.0011693835258483887,0.0009405612945556641,-0.016978414729237556,-0.0032375669106841087,0.002441033022478223,-0.008444583599262138,0.0009167186475271225,0.0023149558293798
1.5986947499986854,0.005470074713230133,-0.009868085384368896,-0.005704046227037907,-0.00902688130736351,-0.013540138490498066,0.0027378425002098083,-0.008534611357105178,0.0008081140616857278,0.0023520418143878085
1.6087497500047903,-0.0009701773524284363,-0.004696011543273926,-0.002573370933532715,-0.011996839195489883,-0.012888196855783463,0.0027165370993316174,-0.00867645381339649,0.0006972637910494993,0.0023810870472523037
1.6188047500036191,-0.001742444932460785,0.0016360878944396973,-0.0016661882400512695,-0.0047855316661298275,-0.009135536849498749,0.0040894499979913235,-0.008781855689001578,0.000588323863083823,0.0024035608146594266
1.6288587500021094,0.00033708661794662476,0.005661725997924805,-0.0022823819890618324,0.00836355984210968,-0.009199718944728374,0.0008081692503765225,-0.008870831993293925,0.0006030026609740239,0.0024441892057007436
1.6389137500009383,-0.000664927065372467,0.0033573508262634277,-0.0013006925582885742,0.0045010000467300415,-0.010782968252897263,-0.0026266693603247404,-0.008975630476224012,0.0006608204769448187,0.0024384182861742253
1.6489687499997672,0.0006089210510253906,-0.0002713799476623535,0.0012474069371819496,0.00786617025732994,-0.008262818679213524,-0.006085316650569439,-0.009071443728613963,0.0007131423616824047,0.002384525676056404
1.6590227500055335,-0.00047685950994491577,-0.002724885940551758,0.0011657476425170898,0.005127064883708954,-0.010290149599313736,-0.009346171282231808,-0.009186493341237284,0.0007766924700587258,0.002325027167398358
1.6690777500043623,0.0013313740491867065,0.0005463957786560059,0.0006352672353386879,0.005530799739062786,-0.008877608925104141,-0.011842885054647923,-0.009287769453783226,0.00081835993181227,0.002224799414164366
1.6791327500031912,0.0023362115025520325,0.0020170211791992188,-0.0023550977930426598,0.0098512452095747,-0.011188168078660965,-0.011188705451786518,-0.009398124621580226,0.0009031994081328139,0.0021195492687649527
1.6891867500016815,0.0008251368999481201,0.0004965066909790039,-0.0047196149826049805,0.014738412573933601,-0.017398392781615257,-0.01057165116071701,-0.00952793668496405,0.0010354396182217609,0.002012749796837639
1.6992417500005104,-0.0010762512683868408,-0.0037406086921691895,-0.0021320581436157227,0.012020212598145008,-0.01597626507282257,-0.00932220183312893,-0.009683301975209384,0.0011773891670122949,0.0019146568162173114
1.7092967499993392,-0.0037114694714546204,-0.0065724849700927734,-0.004290103912353516,0.005305585451424122,-0.014436691999435425,-0.014625621028244495,-0.009839932175901076,0.0012736974220172608,0.0018022553670918196
1.719351750005444,-0.006815336644649506,-0.006060183048248291,-0.00019443128257989883,0.005951579660177231,-0.005573425441980362,-0.013168659061193466,-0.009940005757057275,0.0013337278833688755,0.0016551902380413535
1.7294057500039344,-0.006019175052642822,-0.0032429099082946777,0.005282998085021973,0.0028282238636165857,-0.011208141222596169,-0.01262404303997755,-0.010006142712931449,0.00146167312442047,0.0014848181256289373
1.7394607500027632,-0.008919753134250641,0.0006961226463317871,0.007400394417345524,0.014852795749902725,-0.004514419473707676,0.0002150299696950242,-0.010045040821088235,0.0015223291584657293,0.001440540176434736
1.749515750001592,-0.007308341562747955,0.0074669718742370605,0.008370042778551579,0.017442720010876656,0.010804083198308945,0.006073185242712498,-0.009988462031281424,0.0016794968803742973,0.0014793423218162215
1.7595697500000824,-0.005422621965408325,0.007827997207641602,0.010641098022460938,0.014289537444710732,0.01390640065073967,0.0037016405258327723,-0.00986857714525391,0.001836972617502034,0.0015344237007739701
1.7696247499989113,-0.0027296915650367737,0.008816301822662354,0.00992202665656805,0.0032350216060876846,0.01981302537024021,0.0014296977315098047,-0.009693438461023395,0.0019302595542673,0.0015756306381773401
1.779679750005016,-0.00277525931596756,0.007977724075317383,0.008046625182032585,-0.0003181231440976262,0.01935536041855812,-0.0035167245659977198,-0.009503017847621772,0.001950069267446774,0.0015622811069749653
1.7897337500035064,-0.0010205283761024475,0.010165214538574219,0.009747861884534359,-0.011508192867040634,0.01953618787229061,-0.009579144418239594,-0.009308160616409404,0.0018846115540019366,0.0014872426414975926
1.7997887500023353,0.0027353763580322266,0.009214997291564941,0.0061196088790893555,-0.010244568809866905,0.014074976556003094,-0.01388278603553772,-0.009148452030801986,0.0017721689940523881,0.001332688788652128
1.8098437500011642,0.002497054636478424,0.005503356456756592,0.004730223678052425,-0.013414261862635612,0.007639980874955654,-0.015603188425302505,-0.009032070278788157,0.0016428557582213962,0.0011739879570956113
1.8198977499996545,0.002398453652858734,0.0020837783813476562,0.006811737082898617,-0.00771283358335495,0.002891964977607131,-0.015675706788897514,-0.008976454131005058,0.0015249402339442253,0.0009817798144610727
1.8299527499984833,0.0032812878489494324,-0.0031676292419433594,0.0010957708582282066,-0.010125391185283661,-0.00453772209584713,-0.018160702660679817,-0.008976587037128498,0.0014255459433843239,0.0007995403245260649
1.8400077500045882,0.00550609827041626,-0.0005112886428833008,0.002025722526013851,-0.01757141202688217,-0.008162284269928932,-0.024277077987790108,-0.009041632953082619,0.0012628825185478114,0.000570955907161459
1.8500617500030785,0.0067972540855407715,-0.0012554526329040527,0.003949879668653011,-0.01624089665710926,-0.013891808688640594,-0.026381773874163628,-0.00915091524800056,0.0010751728060376272,0.00031390500861260787
1.8601167500019073,0.0055508092045784,-0.003737330436706543,0.0038152923807501793,-0.01687113381922245,-0.017694935202598572,-0.0283574927598238,-0.009320485595851066,0.0008928687476240562,3.0240886854270656e-05
1.8701717500007362,0.0036701783537864685,-0.0011982917785644531,0.0036628246307373047,-0.017397109419107437,-0.021272892132401466,-0.03089282289147377,-0.009510383285883356,0.0006943435624460784,-0.00026056773504378464
1.880226749999565,0.002559937536716461,-0.0021834373474121094,0.003193141892552376,-0.019808689132332802,-0.023321930319070816,-0.029918957501649857,-0.009733368547837627,0.0005013137068110107,-0.0005592663634731959
1.8902807500053314,-0.0011349990963935852,-0.00838857889175415,0.007181048393249512,-0.01685258001089096,-0.023013003170490265,-0.029189784079790115,-0.009966346517441957,0.00032604056506160774,-0.000836749538655704
1.9003357500041602,-0.004871472716331482,-0.00623089075088501,0.011150598526000977,-0.024846503511071205,-0.02459731698036194,-0.028150511905550957,-0.010204441661348792,0.00010240619965614514,-0.0011191332501170844
1.910390750002989,-0.006273746490478516,-0.0059670209884643555,0.010782362893223763,-0.024191364645957947,-0.021748799830675125,-0.026091355830430984,-0.010427047936823884,-0.00014205201939886957,-0.001370664191732177
1.9204447500014794,-0.007486894726753235,-0.007917404174804688,0.008507372811436653,-0.022518720477819443,-0.01558225043118,-0.022908717393875122,-0.010610984663523284,-0.00037341621485933785,-0.0015971097229127505
1.9304997500003083,-0.009469293057918549,-0.0020137429237365723,0.006320595741271973,-0.012468218803405762,-0.012012815102934837,-0.015769315883517265,-0.010752642447589549,-0.0005504209942605443,-0.0017703220416606922
1.9405547499991371,-0.008972130715847015,0.0008639693260192871,0.0014096498489379883,-0.0038154751528054476,-0.00658356212079525,-0.010738737881183624,-0.010844044243713921,-0.0006324235163499971,-0.0018883629197024398
1.9506087500049034,-0.01024538278579712,-3.0517578125e-05,0.0018121004104614258,-0.0006630913121625781,0.0028653331100940704,-0.012605613097548485,-0.01086360189810975,-0.0006396176472888799,-0.0019736722272525264
1.9606637500037323,-0.009349964559078217,0.0014421939849853516,0.00298309326171875,0.000145710539072752,0.010674254037439823,-0.013380699791014194,-0.010794300900160939,-0.0006318302018143419,-0.002090197339951683
1.9707187500025611,-0.0035943016409873962,0.0032961368560791016,0.005042793229222298,-0.00678649777546525,0.005746874026954174,-0.007399773225188255,-0.01070600262579235,-0.0007286707454177974,-0.0021849742839638356
1.9807727500010515,-0.004934981465339661,0.010596811771392822,0.0024324655532836914,-0.012421391904354095,0.006721590645611286,-0.0062508853152394295,-0.010637392422486857,-0.0008559731377680741,-0.0022640170002128906
1.9908277499998803,-0.001408405601978302,0.0165250301361084,-0.0020831841975450516,-0.0059001087211072445,0.008628946729004383,-0.009286356158554554,-0.010550504156347338,-0.0009672970514492631,-0.0023576235011663737
2.000882749998709,0.00225067138671875,0.020760536193847656,-0.004088998772203922,0.001954440725967288,0.015213611535727978,-0.007818262092769146,-0.010432157578090556,-0.0010268509250720393,-0.0024760020565919856
2.0109367500044755,0.0045790895819664,0.018233776092529297,-0.0073487767949700356,0.007197139784693718,0.013221035711467266,-0.007853682152926922,-0.010294670216756407,-0.0009837728612188768,-0.002574601410407636
2.0209917500033043,0.004966653883457184,0.011451125144958496,-0.008839727379381657,0.007245298475027084,0.015386585146188736,-0.010958794504404068,-0.010146418335396897,-0.0008963790212686808,-0.0027002101776540275
2.031046750002133,0.006118163466453552,0.008073985576629639,-0.009474875405430794,0.0039967745542526245,0.010747890919446945,-0.015459003858268261,-0.010017608472708085,-0.0008521377534202861,-0.002858162133615404
2.041101750000962,0.0060281530022621155,0.004822075366973877,-0.01138913631439209,0.001286431448534131,0.00912322849035263,-0.021572424098849297,-0.00991751528156511,-0.000833281508295589,-0.003057067916939114
2.0511557499994524,0.007687382400035858,0.0004892349243164062,-0.009266974404454231,-0.0011847157729789615,0.004213158972561359,-0.02322092093527317,-0.009851009929350032,-0.0008652522090232978,-0.0032819769053942186
2.061210750005557,0.00784999132156372,-0.008510828018188477,-0.006911039352416992,-0.0019620482344180346,7.820175960659981e-05,-0.024899538606405258,-0.00983554278175635,-0.0008880545341897666,-0.003536795243771843
2.071265750004386,0.0081658735871315,-0.010842740535736084,-0.00863027572631836,-0.0011351366993039846,-0.01040453277528286,-0.027288926765322685,-0.009885488881891351,-0.0008924614142323062,-0.0037929858085024195
2.0813197500028764,0.010160602629184723,-0.014869153499603271,-0.0060967206954956055,-0.0026094182394444942,-0.01399007998406887,-0.021966518834233284,-0.010013395225362362,-0.0009110973576792932,-0.004035452775532376
2.0913747500017053,0.010529294610023499,-0.021569788455963135,-0.003781914710998535,-0.0046773627400398254,-0.020628008991479874,-0.018259398639202118,-0.010189986136980125,-0.0009166883488306073,-0.004223907583265982
2.101429750000534,0.010625727474689484,-0.023681461811065674,0.0007193088531494141,-0.004565155133605003,-0.027607355266809464,-0.012371521443128586,-0.010445425352618146,-0.0009281454569481734,-0.004354701464531145
2.1114837499990244,0.009667806327342987,-0.024333178997039795,0.005088448524475098,-0.009531417861580849,-0.029107779264450073,-0.0032752291299402714,-0.010742520751081203,-0.0009779611602335828,-0.004408479044278258
2.1215387500051293,0.011413387954235077,-0.020367562770843506,0.007915616035461426,-0.010063251480460167,-0.031048957258462906,0.003399984212592244,-0.01105673922927016,-0.0010437388349973965,-0.004373594753254468
2.131593750003958,0.012677706778049469,-0.013796329498291016,0.01131749153137207,-0.00951330829411745,-0.030992232263088226,0.010938861407339573,-0.01137118083025364,-0.0011153334015083513,-0.004284704388740911
2.1416477500024484,0.012870833277702332,-0.011820971965789795,0.011513113044202328,-0.01774154230952263,-0.030109528452157974,0.013406465761363506,-0.011667803241750624,-0.001221275168385701,-0.004147003784474477
2.1517027500012773,0.008523747324943542,-0.0031946301460266113,0.010365964844822884,-0.01949204131960869,-0.023174922913312912,0.017151668667793274,-0.0119316660558401,-0.0013910019018732625,-0.00397074323670807
2.161757750000106,0.007376506924629211,0.0016764998435974121,0.009433984756469727,-0.015546655282378197,-0.017240867018699646,0.017729416489601135,-0.01212901801966365,-0.001549159670740099,-0.0037736852759876344
2.1718117499985965,0.006996549665927887,0.0051877498626708984,0.004725456237792969,-0.01869451068341732,-0.009680152870714664,0.023323653265833855,-0.012266841865834353,-0.0017042056905232905,-0.003549557718989849
2.1818667500047013,0.00478711724281311,0.0061490535736083984,0.003619791939854622,-0.014178278855979443,-0.004206158220767975,0.02297395095229149,-0.012331969963999325,-0.0018779499523086632,-0.0032956651852746256
2.19192175000353,0.0031830668449401855,0.01278829574584961,0.00254213809967041,-0.01497376523911953,-0.0008468471933156252,0.02008735202252865,-0.012369021666882989,-0.002040823275743354,-0.003066878885371497
2.201976750002359,0.0006223171949386597,0.013401389122009277,-0.0011070966720581055,-0.00887574814260006,-0.00496143102645874,0.01593143679201603,-0.012398178651903465,-0.002181437906180833,-0.0028576013692449193
2.2120307500008494,-0.0016048252582550049,0.013821423053741455,-0.004973171278834343,-0.013858788646757603,-0.0027286368422210217,0.005961092654615641,-0.012441999155911865,-0.002323279335063462,-0.0027229891966965574
2.2220857499996782,-0.004328921437263489,0.016443610191345215,-0.008950711227953434,-0.011966168880462646,-0.003998964559286833,0.0033364412374794483,-0.01247709276309444,-0.0024852104668478597,-0.0026562797882750235
2.232140749998507,-0.006410345435142517,0.015513777732849121,-0.011117816902697086,0.00021433131769299507,-0.010695748962461948,-0.0029177262913435698,-0.012568269947471138,-0.0025711106601353268,-0.0026524840656664385
2.2421947500042734,-0.00903446227312088,0.012280821800231934,-0.015269160270690918,0.00852530263364315,-0.014352137222886086,-0.007963697426021099,-0.012691496888366998,-0.0025478018441958874,-0.002685042040149109
2.2522497500031022,-0.008926883339881897,0.007370650768280029,-0.017522215843200684,0.007530878763645887,-0.013566503301262856,-0.005812129471451044,-0.012839842000177572,-0.002470324768237201,-0.002748231665196229
2.262304750001931,-0.008815892040729523,-0.0006371736526489258,-0.00960528664290905,0.013628540560603142,-0.018564192578196526,-0.010812001302838326,-0.013005653198741652,-0.002353435440568641,-0.002814579769091391
2.2723587500004214,-0.01301824301481247,0.003532588481903076,-0.005266072228550911,0.013749714940786362,-0.02237331122159958,-0.010506803169846535,-0.013210026216254899,-0.002225533966938052,-0.002901517770818919
2.2824137499992503,-0.01234443485736847,0.0010336637496948242,-0.004063844680786133,0.015219601802527905,-0.02797846682369709,-0.008660806342959404,-0.013453419859677641,-0.002073191590081189,-0.002981973284134459
2.292468750005355,-0.008406884968280792,-0.0039237141609191895,-0.001755356788635254,0.0205129012465477,-0.026681240648031235,-0.005238644313067198,-0.013701816886471421,-0.0018826031102129254,-0.00304497308409702
2.3025227500038454,-0.00874357670545578,-0.0059989094734191895,0.004287242889404297,0.021853091195225716,-0.019812414422631264,-0.0036262604407966137,-0.013930095978023778,-0.0016518796192215898,-0.003089948685383491
2.3125777500026743,-0.006663456559181213,-0.0063973069190979,0.007981657981872559,0.019621895626187325,-0.017009438946843147,0.0016057860339060426,-0.014113495486614438,-0.0014229698751719187,-0.003109562076310436
2.322632750001503,-0.004469960927963257,-0.007851183414459229,0.013353705406188965,0.014967355877161026,-0.007180643267929554,0.0031678099185228348,-0.014231713914304502,-0.001200077675872027,-0.0030889793022696923
2.3326867499999935,-0.0007417947053909302,-0.0076111555099487305,0.016453146934509277,0.011673025786876678,-0.006038946099579334,0.002834648359566927,-0.014277938996985146,-0.001026987593267644,-0.003061575783709379
2.3427417499988223,0.0041742026805877686,-0.0021192431449890137,0.013539313338696957,0.007158612832427025,-0.0009126272052526474,0.0012543818447738886,-0.014298950681587512,-0.0009179778562231987,-0.0030629735300961207
2.352796750004927,0.008773565292358398,0.0028404593467712402,0.00760948471724987,0.0034951684065163136,0.007755162660032511,0.0012898019049316645,-0.014274310539947517,-0.0008523899530907868,-0.003083499992280577
2.362851750003756,0.011825613677501678,0.00497967004776001,0.007928133010864258,-0.00226369546726346,0.006223712116479874,-0.004889770410954952,-0.014207369793579392,-0.0008427147785142795,-0.0031286418488349716
2.3729057500022464,0.01317015290260315,0.008203744888305664,0.007096408866345882,-0.0006231883307918906,0.010160663165152073,-0.001937922672368586,-0.014123927903440628,-0.0008554035966014154,-0.003190655019932841
2.382960750001075,0.013009756803512573,0.010191023349761963,0.008912800811231136,0.0032149150501936674,0.008631875738501549,-0.004828970413655043,-0.01401520169612525,-0.0008616154995586876,-0.0032426396708037587
2.393015749999904,0.009517468512058258,0.0008882880210876465,0.005379675887525082,0.0051726046949625015,0.003960425034165382,-0.005440964829176664,-0.013948287732745684,-0.0008429770844889774,-0.0033199537765254573
2.4030697500056704,0.006512865424156189,-0.007880926132202148,-0.0029838085174560547,-0.003270281944423914,0.009534554556012154,-0.00041534024057909846,-0.013869880762392274,-0.0008644407952779608,-0.003381772475955649
2.413124750004499,0.006260447204113007,-0.014074087142944336,-0.005885004997253418,-0.009617393836379051,0.006491892505437136,-0.0004955013864673674,-0.013785200975903742,-0.0009792612039705173,-0.00338922321645315
2.423179750003328,0.005391545593738556,-0.009557366371154785,-0.007613539695739746,-0.013570323586463928,0.0006281447131186724,0.004563759081065655,-0.013765250031138189,-0.0011383830675202693,-0.0033613968787627453
2.4332337500018184,0.0019258186221122742,-0.004984796047210693,-0.008449316956102848,-0.0014513427158817649,-0.0034201263915747404,0.009497265331447124,-0.01376659416335054,-0.001243213376775098,-0.003269076165992961
2.4432887500006473,0.0019214525818824768,-0.006905853748321533,-0.013672233559191227,0.01484218705445528,-0.002702804049476981,0.021978089585900307,-0.013782311618068354,-0.0011879484475083297,-0.0030805794770636017
2.453343749999476,0.0013252943754196167,-0.012998044490814209,-0.009096265770494938,0.018210820853710175,-0.005841605365276337,0.01972132734954357,-0.013835484785082012,-0.001021016043018448,-0.002833176631519262
2.4633977500052424,0.0018355771899223328,-0.005094051361083984,-0.005912782624363899,0.004200240131467581,-0.004403099417686462,0.014318864792585373,-0.013878462151958077,-0.0009349218911709683,-0.002625166252027413
2.4734527500040713,0.004481576383113861,-0.0017029047012329102,-0.0006257304921746254,0.006300409324467182,-0.006545346230268478,0.011941460892558098,-0.013941900640813713,-0.0008945878798984626,-0.002463436446353359
2.4835077500029,0.002461932599544525,0.001826465129852295,-0.0025572795420885086,0.006723541300743818,-0.010692553594708443,0.014520598575472832,-0.01405207410057923,-0.0008216465161028951,-0.002320733436978896
2.493562750001729,0.0009222254157066345,0.002471446990966797,-0.0011041173711419106,0.006379460450261831,-0.011567136272788048,0.011839061975479126,-0.014169441152028346,-0.0007508784744191731,-0.0021697615392498614
2.5036167500002193,-0.00035087019205093384,0.0031023025512695312,0.004235980100929737,0.006641915533691645,-0.00595385767519474,0.013270803727209568,-0.01426786471214038,-0.0006547915800043306,-0.0020406913447702573
2.513671749999048,-0.004080720245838165,0.003565490245819092,0.00764930434525013,0.007396388333290815,-0.00496183056384325,0.012295021675527096,-0.014317761695690883,-0.0005659081863626044,-0.0019109944510457496
2.523726750005153,-0.006257668137550354,0.0057218074798583984,0.011500360444188118,0.009347464889287949,-0.0014489878667518497,0.012947683222591877,-0.014335190088496428,-0.00045365479695349696,-0.0017770152796288078
2.5337807500036433,-0.005331605672836304,0.004292607307434082,0.013115169480443,0.009784223511815071,0.0046339379623532295,0.009863742627203465,-0.014314695678059689,-0.00033726111086674124,-0.0016479775954443981
2.543835750002472,-0.0036051273345947266,-0.0018346309661865234,0.009515046142041683,0.006574581377208233,0.008167421445250511,0.007284258026629686,-0.014251225966557578,-0.0002350594354954418,-0.0015408654471109314
2.553890125003818,-0.0038106366991996765,-0.0022823214530944824,0.006666542962193489,0.003077851142734289,0.006187360268086195,0.005409126169979572,-0.014193135713457525,-0.00018908656778719377,-0.0014711245488743343
2.5639441250023083,-0.0015392005443572998,0.0047493577003479,0.005493282340466976,0.0030141123570501804,0.00879006739705801,0.0006588457617908716,-0.014123268208478089,-0.00016219271636818997,-0.0014371312531237105
2.573999125001137,-0.0014051347970962524,0.007646441459655762,0.007295966148376465,0.009901579469442368,0.008748788386583328,0.003722280031070113,-0.014045877815074576,-0.00010427396710860497,-0.0014167594479792462
2.584054124999966,-0.0005565434694290161,0.004728198051452637,0.007833360694348812,0.012466514483094215,0.009586485102772713,0.0016438692109659314,-0.013963157393160987,-2.4278823756855667e-08,-0.0013777493389730358
2.5941081249984563,-0.0006623715162277222,0.0016904473304748535,0.004304526373744011,0.010495509020984173,0.010383836925029755,-0.0001681456051301211,-0.013847719335098414,9.50524765040695e-05,-0.001375968769055582
2.604163125004561,-0.0013058260083198547,-0.00047272443771362305,0.00632786750793457,-1.2392294593155384e-05,0.019571341574192047,-0.008672604337334633,-0.013713035209129514,0.00011152783277077747,-0.0014326575931838956
2.61421812500339,-3.129243850708008e-07,0.0029367804527282715,0.00407850556075573,-0.0067280856892466545,0.014432240277528763,-0.005973490420728922,-0.013543479324100384,1.8278217436563055e-05,-0.0015168194986507498
2.624273125002219,0.001139812171459198,0.0016006827354431152,0.002323625609278679,-0.003183551598340273,0.015906967222690582,-0.006558933295309544,-0.013397563369737948,-5.1724032891975305e-05,-0.0016034225163873625
2.634327125000709,-1.4178454875946045e-05,0.0001417398452758789,0.0005408516153693199,0.0005187750793993473,0.009827502071857452,-0.005780491512268782,-0.01327553548110288,-8.695256056481179e-05,-0.0016845271394448406
2.644382124999538,0.00016950815916061401,-0.005744993686676025,-0.004068970680236816,0.002929956652224064,0.006398015655577183,-0.003472516080364585,-0.013189313435477603,-9.380528506246985e-05,-0.0017300100485776388
2.654437125005643,0.0008535534143447876,-0.0048732757568359375,-0.005376935005187988,-0.0026847857516258955,0.0057969409972429276,-0.0010258698603138328,-0.013124550148734513,-0.00010877349069735113,-0.001757363890711012
2.664491125004133,-0.0019363537430763245,-0.003972411155700684,-0.004295111633837223,-0.00030272139701992273,0.011093568988144398,0.0024447350297123194,-0.013043074682590375,-0.00014643997224677628,-0.0017592838464719589
2.674546125002962,-0.0028742775321006775,-0.0008180141448974609,-0.0010288963094353676,0.013550510630011559,0.010271184146404266,0.006179552059620619,-0.012924398143432677,-0.00010847844605709656,-0.0017042439911267562
2.684601125001791,-0.0007197707891464233,0.0025766491889953613,0.0006892681121826172,0.019004086032509804,0.010357869789004326,0.011508244089782238,-0.012826316510536636,4.591524851765274e-05,-0.0016122800083142848
2.6946551250002813,0.00037588924169540405,0.004473984241485596,0.00067913718521595,0.022403612732887268,0.00947716273367405,0.00974949263036251,-0.012706474836375322,0.00025578398755287426,-0.0014980812944431104
2.70471012499911,0.00043354183435440063,0.002099752426147461,-0.0002601165324449539,0.019747817888855934,0.0068813799880445,0.009735058061778545,-0.012630423870222549,0.0004701921208165563,-0.0013992613655624373
2.714765125005215,-0.0007900074124336243,0.003955364227294922,-0.0001665353775024414,0.006430150009691715,0.007214807439595461,0.005432455334812403,-0.012547235501073365,0.0006034899857023212,-0.0013325576510884944
2.7248191250037053,0.0011014491319656372,0.004517018795013428,-0.003144858404994011,0.008186902850866318,0.005721972789615393,0.0026339793112128973,-0.012478945470705098,0.0006722190674874148,-0.0012996681315377426
2.734874125002534,0.0038520321249961853,0.006927013397216797,-0.0015208721160888672,0.00813816674053669,0.0063052051700651646,-0.0027480029966682196,-0.012411055830876162,0.0007658887295914798,-0.001301718934037505
2.744929125001363,0.0026836246252059937,0.007784068584442139,0.00015044305473566055,0.00730597460642457,0.002446950413286686,-0.006087900139391422,-0.012368852293255211,0.0008483477396356263,-0.0013526344662973208
2.754984125000192,0.0011163949966430664,0.007437467575073242,-0.005085350014269352,0.009989375248551369,0.002437895629554987,-0.009067445062100887,-0.012345354682271667,0.0009373058930717831,-0.0014321706650914387
2.765038124998682,0.0013521090149879456,-0.003148674964904785,0.0004559755325317383,0.011173505336046219,0.004311695694923401,-0.007483076769858599,-0.012316667351584161,0.0010305091787273439,-0.0014987225465356675
2.775093125004787,9.706616401672363e-05,-0.004091620445251465,0.00032949354499578476,0.00279360287822783,0.008775953203439713,-0.006555497646331787,-0.012240155824536211,0.001098020625145477,-0.0015543706866923564
2.785148125003616,0.0023493990302085876,0.0029481053352355957,-0.0035902271047234535,0.0029579196125268936,0.009410583414137363,-0.011488044634461403,-0.012140865220122626,0.0011246903193280371,-0.0016387174176233435
2.795202125002106,0.0065736472606658936,0.0032421350479125977,-0.008410931564867496,0.013988999649882317,0.009541877545416355,-0.005156379658728838,-0.012054345649706952,0.0011972550604061342,-0.0017108933612348801
2.805257125000935,0.001963801681995392,-0.0003292560577392578,0.0005786418914794922,0.014305117540061474,0.01795613393187523,0.0017853097524493933,-0.011924244155799962,0.0013438262202142527,-0.00172127890117059
2.815312124999764,-0.0022566840052604675,0.0023380517959594727,0.010395645163953304,0.02513246424496174,0.026369592174887657,-0.00109303486533463,-0.011718988153286489,0.0015494492861815156,-0.0017075127457342632
2.82536612500553,-0.0009110048413276672,-0.0014641284942626953,0.015017866156995296,0.03309771418571472,0.01694093830883503,-0.0029388717375695705,-0.011480876461847084,0.0018073635796387662,-0.001704883127926967
2.835421125004359,0.0016286298632621765,-0.0021065473556518555,0.0024877777323126793,0.013461694121360779,0.011511019431054592,-0.003094133920967579,-0.011344526083357353,0.00208643734873717,-0.0017222581232049013
2.845476125003188,-4.544854164123535e-05,-0.00875699520111084,0.0017806300893425941,0.007480367086827755,0.009747341275215149,-0.005509807262569666,-0.011249110732375474,0.0021824781914115423,-0.0017704762330218765
2.8555301250016782,-0.0036062970757484436,-0.005488574504852295,-0.0029755830764770508,0.007798082195222378,0.0001096273772418499,-0.0033601040486246347,-0.011185459410312721,0.002244411979790641,-0.0018247692845092625
2.865585125000507,0.001837700605392456,-0.0029081106185913086,-0.007938265800476074,-0.008116924203932285,0.008809242397546768,-0.007035825401544571,-0.011118704256181859,0.002251855428049529,-0.0018511900478561138
2.875640124999336,0.007182985544204712,-0.004521787166595459,-0.015311360359191895,7.788883522152901e-05,-0.010427569039165974,-0.0009638182818889618,-0.011163505576945544,0.00222188639591352,-0.0019025992081549428
2.885695125005441,0.002530887722969055,0.008932948112487793,-0.010873079299926758,0.012230469845235348,-0.012546513229608536,0.0034500781912356615,-0.011261096483627398,0.0022870224728046033,-0.001858804841266649
2.895749125003931,-0.001971893012523651,0.02127319574356079,-0.007022379897534847,0.03302869200706482,-0.003609477309510112,0.005609902087599039,-0.011323010431173688,0.002480051215190314,-0.0018252024611574468
2.90580412500276,0.0007783323526382446,0.006445884704589844,-0.004971266724169254,0.04941609874367714,0.008587799966335297,0.009043355472385883,-0.011299594333110227,0.002896443129974016,-0.001716835967176615
2.915859125001589,0.00701441615819931,0.0002480149269104004,-0.010255218483507633,0.03342168405652046,-0.017416901886463165,-0.008020316250622272,-0.011379711655922397,0.0032799860003286077,-0.001723756955138675
2.925913125000079,-0.0004247128963470459,0.004905223846435547,-0.004940749146044254,0.01563381217420101,-0.0009127601515501738,-0.011409347876906395,-0.011456617305126732,0.00355042805066464,-0.001805038594075234
2.935968124998908,-0.002238154411315918,0.0036342740058898926,0.0056654224172234535,0.009047814644873142,-0.0006746735889464617,-0.01776711270213127,-0.011482743727848015,0.003647537032323314,-0.0019747699613816396
2.946023125005013,0.0006766468286514282,0.012070059776306152,0.008074402809143066,0.007257016375660896,-0.004760761745274067,-0.021802015602588654,-0.011479327123405296,0.0037088223163257014,-0.0021732539008595428
2.956077125003503,0.0003038868308067322,0.01275169849395752,0.0031200647354125977,0.01805533468723297,-0.00624094670638442,-0.018132712692022324,-0.011568849589854017,0.003920699748761084,-0.00234856992273477
2.966132125002332,0.0029366910457611084,0.005411028861999512,-0.0018619298934936523,0.007692798040807247,-0.0059495968744158745,-0.025648044422268867,-0.011631389555973171,0.004072832876410712,-0.002569796073021764
2.976187125001161,-0.0013039857149124146,-0.002920210361480713,0.0028817644342780113,0.020542018115520477,-0.0034030822571367025,-0.0204255860298872,-0.01167270810870796,0.004260182529452301,-0.0028139779803366904
2.986241124999651,-0.007774673402309418,0.0031355619430541992,0.004472255706787109,0.07270260155200958,0.0010513209272176027,-0.03332258388400078,-0.011718505649626055,0.004698253989011868,-0.0030530144370471647
2.99629612499848,-0.004604347050189972,0.0011882781982421875,0.017752885818481445,0.047921087592840195,-0.01134303119033575,-0.03283389285206795,-0.011648748015667388,0.005391809541355223,-0.0034233214224017356
3.006351125004585,-0.004737481474876404,-0.029896438121795654,0.016487956047058105,0.025795768946409225,0.0019755710382014513,-0.020620184019207954,-0.011651786288501801,0.005747739461075429,-0.0036375673454078065
3.0164061250034138,-0.003420785069465637,-0.019291996955871582,0.01605379395186901,-0.008862609043717384,-0.006481563672423363,-0.024542488157749176,-0.011668698821035878,0.005805867206524199,-0.003855625190994213
3.026460125001904,-0.002236694097518921,0.002025425434112549,0.007654787041246891,0.0016321539878845215,0.01014761347323656,-0.01985018514096737,-0.011653907927725563,0.005724569007944167,-0.0040798437534328895
3.036515125000733,-0.0016076341271400452,0.00110703706741333,0.006689667236059904,0.023454096168279648,0.012749521993100643,-0.014507883228361607,-0.01158122980663574,0.005824749201652084,-0.004265226399504166
3.046570124999562,-0.0025157630443573,0.00024706125259399414,0.011130928993225098,0.019478484988212585,0.014323849231004715,-0.01784442365169525,-0.01143985510100288,0.006047124358882994,-0.004422165895614061
3.056624125005328,0.0046964287757873535,-0.0021359920501708984,0.006797671318054199,0.008152326568961143,0.013141140341758728,-0.02228604443371296,-0.011302638248027781,0.006193022535727014,-0.0046132949441985245
3.066679125004157,0.006072700023651123,-0.0049100518226623535,0.005963801871985197,0.00466109998524189,0.002266388386487961,-0.027060186490416527,-0.01123159634139567,0.006242260843439074,-0.004875363304736346
3.076734125002986,0.0015044882893562317,-0.0042487382888793945,-0.001979588530957699,-0.004912697710096836,0.0018141833133995533,-0.030054645612835884,-0.01121271222978468,0.0062048746989939625,-0.0051605049947017236
3.086788125001476,0.0019381418824195862,-0.009944915771484375,0.00174713134765625,-0.027873583137989044,0.0016906128730624914,-0.03576137125492096,-0.011167388294743015,0.0059644520888784336,-0.005505930255601232
3.096843125000305,0.0024929195642471313,-0.011749684810638428,-0.0029098987579345703,-0.02003669925034046,-0.005051445681601763,-0.025321781635284424,-0.011198499420238284,0.005692177369200741,-0.005851262280914587
3.106898124999134,0.0011714622378349304,0.003420531749725342,-0.00180745217949152,-0.013356339186429977,0.00016222451813519,-0.02133827842772007,-0.011225032041384269,0.005501721336476782,-0.006089140588983985
3.1169521250049,0.005487978458404541,0.007203161716461182,-0.0034332266077399254,0.0011387146078050137,0.005791613832116127,-0.01712728850543499,-0.011192103776978773,0.005416809742888103,-0.006271763153305273
3.127007125003729,0.007404610514640808,0.006862342357635498,-0.000702977180480957,0.014422029256820679,-0.005540135782212019,-0.013405733741819859,-0.011181759269437184,0.005477739901755149,-0.00641801117817675
3.137062125002558,0.003983654081821442,0.010959267616271973,-0.0032454729080200195,0.02338383160531521,-0.0013094381429255009,-0.012893874198198318,-0.011218537086768619,0.0056404554674087445,-0.006535856573029207
3.1471171250013867,0.005543537437915802,0.00983661413192749,-0.00585091020911932,0.029057253152132034,-0.004441048949956894,-0.012054712511599064,-0.011263806262521643,0.00587854414222655,-0.006644088762129377
3.157171124999877,0.007729753851890564,0.0046839118003845215,-0.009973526000976562,0.0365079790353775,-0.004067141562700272,-0.010106343775987625,-0.01129965244822518,0.006215951245787557,-0.006736544374941526
3.167226124998706,0.006772279739379883,0.0031172633171081543,-0.007240653038024902,0.026763251051306725,0.0004707516636699438,-0.010250447317957878,-0.011308192617816295,0.006540608119346152,-0.006828576272994002
3.1772811250048107,0.00901053100824356,0.009197592735290527,-0.00805211067199707,0.014346795156598091,0.0067763179540634155,-0.012894167564809322,-0.011269569372802667,0.006750426197698238,-0.006943577801812987
3.187335125003301,0.012091219425201416,0.019157707691192627,-0.002177119255065918,0.0122424541041255,0.006919596344232559,-0.02262946031987667,-0.011180734901972819,0.006884020391213357,-0.007108311945218511
3.19739012500213,0.010774686932563782,0.02758312225341797,0.004035710822790861,0.017468374222517014,0.005762718617916107,-0.03259766846895218,-0.011121245721901532,0.007037993379068809,-0.007362116374765303
3.207445125000959,0.01668909192085266,0.03467148542404175,-0.0016881227493286133,0.013753265142440796,-0.0015045148320496082,-0.03944971784949303,-0.011103051845434858,0.007176559997250681,-0.007691107102768596
3.217499124999449,0.017042405903339386,0.03607422113418579,-0.006636143662035465,0.032812442630529404,-0.00604307372123003,-0.04465673118829727,-0.011162316037893845,0.007410983649616038,-0.008104325502142459
3.227554125005554,0.008306019008159637,0.035828590393066406,-0.007920503616333008,0.051210448145866394,-0.011785915121436119,-0.044922035187482834,-0.011258335598661124,0.007864231384932877,-0.008519815725677332
3.237609125004383,0.008290372788906097,0.022020936012268066,-0.00915837287902832,0.04425720125436783,-0.012304963544011116,-0.04882330074906349,-0.011371452969863553,0.00836572174988251,-0.008973357353033345
3.247663125002873,0.007023833692073822,-0.0014222264289855957,0.004030703566968441,0.00755333760753274,-0.022227102890610695,-0.061489664018154144,-0.011535234217898909,0.008696332559443595,-0.009521092186996661
3.257718125001702,0.003326699137687683,-0.00533747673034668,0.03166985511779785,-0.021429045125842094,-0.037762921303510666,-0.07668593525886536,-0.011817915409318333,0.008670481922507538,-0.01020669278082933
3.267773125000531,0.001018725335597992,0.013585925102233887,0.027063608169555664,-0.0737321525812149,-0.059202298521995544,-0.08650045096874237,-0.012291326557111171,0.008259865043520526,-0.011020883262724497
3.2778281249993597,0.021779894828796387,0.04018843173980713,-0.00242268992587924,-0.10921505093574524,-0.08056005090475082,-0.07252072542905807,-0.013001674179192402,0.007248209639792188,-0.011842338155665771
3.287882125005126,0.03479354828596115,0.05529516935348511,-0.02471005916595459,-0.09588103741407394,-0.11122076213359833,-0.07952296733856201,-0.01394971123816967,0.006174809005632358,-0.012564539304916885
3.297937125003955,0.02688128501176834,0.1031387448310852,-0.025967955589294434,-0.01264980249106884,-0.1478610634803772,-0.12790247797966003,-0.015220051164943592,0.0056258067946503044,-0.013583484479350346
3.3079921250027837,0.03351491689682007,0.1428338885307312,-0.04530596733093262,0.03643398731946945,-0.18804696202278137,-0.15431968867778778,-0.016904977280556715,0.005764268567161609,-0.015013428671762743
3.318046125001274,0.04549865424633026,0.13135653734207153,-0.08145272731781006,0.04285593330860138,-0.2434290051460266,-0.18071188032627106,-0.019031590265258802,0.006246307976413131,-0.016694672980897596
3.328101125000103,0.06244625151157379,0.11019599437713623,-0.12337946891784668,-0.0486113540828228,-0.327685683965683,-0.2263343632221222,-0.02185935903012113,0.006285624607929143,-0.018746101969821197
3.3381561249989318,0.0686430111527443,0.09746676683425903,-0.16690683364868164,-0.090180903673172,-0.4145026206970215,-0.24582496285438538,-0.025606938437368075,0.005615067048701298,-0.021152125750715584
3.348210125004698,0.06287886202335358,0.11138021945953369,-0.1766650676727295,-0.092363141477108,-0.4570446014404297,-0.2515900135040283,-0.029976034705585446,0.004761436939751946,-0.02365530865750829
3.358265125003527,0.055470727384090424,0.1351214051246643,-0.15986919403076172,-0.006671937182545662,-0.5130695700645447,-0.2689274549484253,-0.03485356245671241,0.0042601506680032,-0.026288816632547462
3.368320125002356,0.046104252338409424,0.16670775413513184,-0.15705513954162598,0.1234927698969841,-0.5549268126487732,-0.27480873465538025,-0.040210306651377314,0.0050845477812933235,-0.02897001369555649
3.378374125000846,0.061001501977443695,0.182783305644989,-0.1602102518081665,0.13438375294208527,-0.6256065964698792,-0.30595627427101135,-0.04612679090682092,0.0065664522588380295,-0.031839519315531854
3.388429124999675,0.08580733835697174,0.1436448097229004,-0.16825926303863525,0.06851886957883835,-0.6918757557868958,-0.30219411849975586,-0.052709537405911056,0.007869550515261562,-0.03482590197560138
3.398484124998504,0.08796071261167526,0.07587343454360962,-0.143837571144104,-0.0012857828987762332,-0.8018310070037842,-0.310849130153656,-0.060186970817923756,0.00820527074527361,-0.03790627160782705
3.4085391250046086,0.06934325397014618,0.027244389057159424,-0.14044106006622314,-0.09627944976091385,-0.8531009554862976,-0.32543525099754333,-0.06843502020751019,0.007986616219010857,-0.04109520315439339
3.418593125003099,0.06819067150354385,0.03039306402206421,-0.1279296875,-0.20751357078552246,-0.8943376541137695,-0.3531518280506134,-0.07717998609396265,0.006750187106057019,-0.04460919717824137
3.428648125001928,0.0751182809472084,0.02222543954849243,-0.1255474090576172,-0.2449408769607544,-0.9395971298217773,-0.33936405181884766,-0.08640370447996273,0.004717171809050879,-0.04827531618760725
3.4387031250007567,0.0576845183968544,0.018637478351593018,-0.0863943099975586,-0.2517836093902588,-0.9607378840446472,-0.3240934908390045,-0.09594001253131405,0.002502676570347444,-0.0517952948167834
3.448757124999247,0.04337120056152344,0.03926342725753784,-0.07551264762878418,-0.20569507777690887,-0.970587968826294,-0.3334164023399353,-0.10567167796931537,0.0006529988831091782,-0.05531892262006917
3.458812125005352,0.0430007204413414,0.02837955951690674,-0.0864328145980835,-0.18297910690307617,-0.9961513876914978,-0.3356712758541107,-0.11556065072467438,-0.0009723039030841125,-0.0588577238931896
3.4688671250041807,0.041705042123794556,-0.019386708736419678,-0.09167122840881348,-0.11101871728897095,-1.0060899257659912,-0.34018194675445557,-0.1255770346750673,-0.0020740682205858166,-0.062440395947773474
3.478921125002671,0.04895605146884918,-0.021233081817626953,-0.09450221806764603,-0.013376844115555286,-1.0224354267120361,-0.33803489804267883,-0.1358029018242689,-0.002148402700634846,-0.06584367659606304
3.4889761250015,0.07018910348415375,0.001020193099975586,-0.08192300796508789,0.04105541482567787,-1.0491636991500854,-0.29497841000556946,-0.1461819813037944,-0.0016230414606028855,-0.06903956791474394
3.4990311250003288,0.12171974778175354,-0.025272667407989502,-0.05192435160279274,-0.13711218535900116,-1.1131811141967773,-0.21734246611595154,-0.15693889571054434,-0.0015692153752605912,-0.07161397682601202
3.509085124998819,0.15515117347240448,-0.16977232694625854,-0.0855247974395752,-0.36929434537887573,-1.2370191812515259,-0.14890456199645996,-0.1688037324095441,-0.0037165577422917104,-0.07382947646807915
3.519140125004924,0.17133575677871704,-0.3015149235725403,-0.11235690116882324,-0.5950148105621338,-1.4280009269714355,-0.12606556713581085,-0.18220604295800946,-0.008278314582846747,-0.0759899343459791
3.5291951250037528,0.18096217513084412,-0.28825873136520386,-0.10037147998809814,-0.783499002456665,-1.5542510747909546,-0.10739278793334961,-0.19719696112555313,-0.014991929676269186,-0.07851214315982553
3.5392501250025816,0.1747666746377945,-0.17483341693878174,-0.1234278753399849,-0.8432592749595642,-1.7017632722854614,-0.07220976799726486,-0.2134837204731731,-0.023249637283396258,-0.0813401808581475
3.5493047916679643,0.1951739639043808,-0.05384969711303711,-0.16849792003631592,-0.6310310363769531,-1.7834281921386719,0.0731145367026329,-0.23122742414777547,-0.030048601707879187,-0.08267350416313181
3.559359791666793,0.16197413206100464,-0.06681656837463379,-0.1390852928161621,-0.47096309065818787,-1.879711389541626,0.10097599774599075,-0.24975131238839726,-0.03569551260311114,-0.08327937642465934
3.569414791665622,0.15460440516471863,-0.1309577226638794,-0.10278905183076859,-0.49744272232055664,-1.94436514377594,0.13911885023117065,-0.2688360771293285,-0.04083109850640846,-0.08346563175705923
3.5794687916713883,0.14596299827098846,-0.06608349084854126,-0.07702910900115967,-0.48363611102104187,-1.955469012260437,0.1636662781238556,-0.2884903924422024,-0.04584347668625067,-0.08312869956525121
3.589523791670217,0.11397429555654526,0.029832065105438232,-0.04760633409023285,-0.4057999849319458,-1.9660640954971313,0.127876415848732,-0.308147217572646,-0.05068048198556019,-0.08314147044251051
3.599578791669046,0.09945659339427948,0.11374515295028687,-0.04334007203578949,-0.26526549458503723,-1.9846124649047852,0.09206197410821915,-0.3280674705760939,-0.05420864280602589,-0.08321000626303461
3.6096327916675364,0.06965138018131256,0.22778242826461792,-0.051884397864341736,-0.12527453899383545,-1.9730256795883179,0.049043212085962296,-0.3479665106419742,-0.05622886525375604,-0.08318801494007516
3.6196877916663652,0.05463270843029022,0.2759440541267395,-0.06786322593688965,-0.11009291559457779,-1.9705675840377808,0.0027446867898106575,-0.3677559083970035,-0.057418899018629704,-0.08329452886450317
3.629742791665194,0.028422698378562927,0.21497315168380737,-0.06008410453796387,0.00962416734546423,-2.00321626663208,-0.07354449480772018,-0.38774495149252186,-0.05776469587304164,-0.08377264915326399
3.639797791671299,0.00948517769575119,0.27498042583465576,-0.029713526368141174,0.03046899475157261,-2.0154993534088135,-0.16740839183330536,-0.4080695693980768,-0.05707135615240543,-0.08476791769630472
3.6498517916697892,0.011875659227371216,0.36393487453460693,-0.04486776888370514,0.04162470996379852,-2.024580955505371,-0.2441820651292801,-0.4284536712331375,-0.05590986682465218,-0.08647367432193631
3.659906791668618,0.014809578657150269,0.2804587483406067,-0.057832494378089905,0.0808834359049797,-2.1180992126464844,-0.33270660042762756,-0.44938177637202953,-0.053978522223115104,-0.08873584072621475
3.669961791667447,0.012013077735900879,0.19051790237426758,-0.04464077949523926,-0.13834799826145172,-2.211151123046875,-0.44346266984939575,-0.4713672014850631,-0.0524037249586736,-0.09229090184303888
3.6800157916659373,0.011411473155021667,0.14403051137924194,-0.03611887991428375,-0.3860184848308563,-2.238590955734253,-0.5011771321296692,-0.4940654330320461,-0.05254930779410829,-0.09780105267752465
3.690070791672042,0.007209092378616333,0.11450010538101196,-0.011048078536987305,-0.6458988189697266,-2.2619051933288574,-0.5503052473068237,-0.5170943950138994,-0.05445611771557203,-0.10483713446866683
3.700125791670871,0.02157636731863022,0.04153376817703247,-0.0029481500387191772,-0.828329861164093,-2.2523300647735596,-0.5685638785362244,-0.5402494201277785,-0.058055199945945005,-0.11337473657398775
3.7101797916693613,0.03268609195947647,0.034403324127197266,-0.011387899518013,-0.7649061679840088,-2.269578695297241,-0.5172111988067627,-0.5635590971203956,-0.06221050514962858,-0.12252554874960805
3.72023479166819,0.030951961874961853,0.14015567302703857,-0.04479789733886719,-0.5255715847015381,-2.2359321117401123,-0.4650427997112274,-0.586766206818054,-0.06499901238127256,-0.1302115168714923
3.730289791667019,0.011126071214675903,0.0874069333076477,-0.008984103798866272,-0.43279850482940674,-2.2173004150390625,-0.44755440950393677,-0.6095548298696144,-0.06626233764212851,-0.13668003575547186
3.7403437916655093,-0.002211064100265503,-0.11904692649841309,0.008899331092834473,-0.5351473093032837,-2.2234387397766113,-0.3842705190181732,-0.632198805093116,-0.06769998459287944,-0.14286275512129964
3.750398791671614,-0.023617789149284363,-0.2954750061035156,-0.05265653133392334,-0.6273642778396606,-2.2420318126678467,-0.3345106244087219,-0.6551825360026087,-0.07026444177659216,-0.1492841123257679
3.760453791670443,-0.056298740208148956,-0.36886000633239746,-0.08634719252586365,-0.630698561668396,-2.212669849395752,-0.3241352140903473,-0.6781017887410408,-0.07325834317135436,-0.1559612541597934
3.770508791669272,-0.06874710321426392,-0.3374022841453552,-0.1481543779373169,-0.45488420128822327,-2.0947179794311523,-0.24280579388141632,-0.700262275668275,-0.07557655435027853,-0.16158183197300813
3.780562791667762,-0.04711369425058365,-0.33432120084762573,-0.16143783926963806,-0.3377021849155426,-2.060354709625244,-0.10093946754932404,-0.7214306370940947,-0.0775248112841979,-0.165613461450515
3.790617791666591,-0.011524833738803864,-0.4988691806793213,-0.07237434387207031,-0.3624078333377838,-2.1354901790618896,-0.03025057353079319,-0.7426623767829946,-0.07978253977101964,-0.1684749500718512
3.80067279166542,0.017740197479724884,-0.4993138313293457,-0.006193280220031738,-0.4080698788166046,-2.205193519592285,0.009383122436702251,-0.7647406368936971,-0.08246625885686701,-0.1711600962457764
3.810726791671186,0.04458324611186981,-0.260875403881073,0.030740439891815186,-0.48251038789749146,-2.2272024154663086,0.022714268416166306,-0.7872856201830891,-0.08579901268432172,-0.17413698132877845
3.820781791670015,0.0925225242972374,-0.20677131414413452,0.10942195355892181,-0.726343035697937,-2.238649845123291,-0.06568191200494766,-0.8100762042565949,-0.089822147853435,-0.17856013256176867
3.830836791668844,0.14784276485443115,-0.17130082845687866,0.14293313026428223,-0.9515168070793152,-2.277564764022827,-0.20128019154071808,-0.8334506950637237,-0.09477302932736495,-0.1858514272143664
3.8408907916673343,0.19428196549415588,0.00720977783203125,0.10966292023658752,-1.0107954740524292,-2.296919822692871,-0.3251054584980011,-0.8573535910658824,-0.09931847255306278,-0.19513106688515128
3.850945791666163,0.1956176608800888,0.11595475673675537,0.02964356541633606,-0.7668745517730713,-2.2668638229370117,-0.504184365272522,-0.8813093679884745,-0.10189380118291785,-0.2045557741040024
3.861000791672268,0.21721237897872925,0.076046884059906,0.006498575210571289,-0.48766210675239563,-2.199782133102417,-0.6157311201095581,-0.9045928595667871,-0.10151637855537646,-0.21322055752405075
3.871055791671097,0.23443599045276642,0.06968635320663452,0.0393826961517334,-0.312303751707077,-2.214357376098633,-0.7294762134552002,-0.9274317490866555,-0.09849477175817122,-0.22033576492050544
3.881109791669587,0.21648582816123962,0.019030332565307617,0.13694941997528076,-0.43739110231399536,-2.2996490001678467,-0.7855389714241028,-0.9507767395852544,-0.094370881936659,-0.22774872828206638
3.891164791668416,0.1854250282049179,-0.07762795686721802,0.11503550410270691,-0.6495674848556519,-2.387200355529785,-0.7796425819396973,-0.9752337648064258,-0.09105786288830608,-0.2368305521782838
3.901219791667245,0.14650465548038483,-0.009391725063323975,-0.02357354760169983,-0.7497503161430359,-2.3983092308044434,-0.7690011262893677,-1.0002967113920977,-0.08852023080798015,-0.24714603694932458
3.911273791665735,0.08899423480033875,0.03738027811050415,-0.05247783660888672,-0.6753607392311096,-2.305464506149292,-0.8302940130233765,-1.0248968774255414,-0.08553367935564901,-0.25774797587839404
3.92132879167184,0.06285589933395386,0.08114278316497803,-0.01746046543121338,-0.40317827463150024,-2.1870129108428955,-0.7884461879730225,-1.048224755488569,-0.08136990007812384,-0.26657264236736056
3.931383791670669,0.052090004086494446,0.12532424926757812,-0.04865312576293945,-0.02374018169939518,-2.1154720783233643,-0.736476480960846,-1.0703291953667609,-0.07579374163058504,-0.27237558798529743
3.941437791669159,0.0684015303850174,0.1737169623374939,-0.13340649008750916,0.587553858757019,-1.9867929220199585,-0.68507319688797,-1.0910938436086481,-0.06820316787020776,-0.27334072683018884
3.951492791667988,0.047312572598457336,0.162017822265625,-0.11484149098396301,0.9590854644775391,-1.7393476963043213,-0.654247522354126,-1.1095721942731727,-0.0585385005319713,-0.26906367373532875
3.961547791666817,0.0845213234424591,0.005057215690612793,0.14679089188575745,0.438791960477829,-1.6178364753723145,-0.6829159259796143,-1.1261488571539813,-0.04911526796530839,-0.26504202870233073
3.9716017916653072,0.14125773310661316,-0.15038907527923584,0.3167327642440796,-0.43936511874198914,-1.5825811624526978,-0.6274747252464294,-1.1423240230178695,-0.04315146541253266,-0.26842109091824806
3.981656791671412,0.1260649859905243,-0.025290250778198242,0.20440182089805603,-0.5646572709083557,-1.5306042432785034,-0.6516024470329285,-1.1582736022300362,-0.03956252685316547,-0.27571500783292385
3.991711791670241,0.09243223071098328,0.1837294101715088,0.23281288146972656,-0.45414862036705017,-1.3758305311203003,-0.7582151889801025,-1.173138273475587,-0.03500501957576484,-0.28321330910945325
4.00176679166907,0.13615426421165466,0.0821332335472107,0.3572041094303131,-0.41550111770629883,-1.3605461120605469,-0.8000187873840332,-1.1869702810303449,-0.029325496277139183,-0.2901686965276255
4.01182079166756,0.12937358021736145,0.08369076251983643,0.24764934182167053,-0.29352086782455444,-1.3709471225738525,-0.7261269092559814,-1.2008379511892657,-0.023666286218315843,-0.29644582051688856
4.021875791666389,0.05553274601697922,0.09166979789733887,0.10914209485054016,-0.2087990790605545,-1.240320086479187,-0.745514452457428,-1.2141321246535752,-0.01767472491282489,-0.3014098027095591
4.031930791665218,-0.004786744713783264,0.06660467386245728,0.04050704836845398,0.10385891795158386,-1.0586936473846436,-0.7701919674873352,-1.225600117779593,-0.010728526911998559,-0.3046105442503502
4.041984791670984,-0.028698645532131195,0.08487933874130249,0.010025471448898315,0.24747921526432037,-0.9152193665504456,-0.7749520540237427,-1.2355475667573186,-0.0027697338134856507,-0.30540972530512916
4.052039791669813,-0.01571262627840042,-0.03947407007217407,-0.022864222526550293,0.059181153774261475,-0.7874862551689148,-0.7188361883163452,-1.244099188918647,0.004907323836823783,-0.3062796370384449
4.062094791668642,-0.01941213756799698,-0.133644700050354,0.040569037199020386,-0.008011196739971638,-0.7380475997924805,-0.7030729651451111,-1.2516860725847645,0.01166512007598197,-0.3084201791375527
4.072148791667132,-0.06494168192148209,-0.038371384143829346,0.14074596762657166,0.008382202126085758,-0.7448127269744873,-0.7316250205039978,-1.2591744888896093,0.01862419414193718,-0.31082083734464416
4.082203791665961,-0.05117771029472351,-0.013475418090820312,0.17358124256134033,-0.053214848041534424,-0.6703470349311829,-0.6707552671432495,-1.266316925659847,0.025234111462177845,-0.3130869466978944
4.092258791672066,0.019230827689170837,-0.0758407711982727,0.147293359041214,0.1471899300813675,-0.6727996468544006,-0.5367270708084106,-1.272905156371049,0.031059760633211305,-0.3146215450185092
4.102312791670556,0.04890446364879608,-0.02186572551727295,0.09696611762046814,0.5363336801528931,-0.772441565990448,-0.49957889318466187,-1.2801563813554144,0.03704211605756755,-0.31278623120214555
4.112367791669385,0.022172287106513977,0.002790510654449463,0.11103850603103638,0.615888774394989,-0.7414278984069824,-0.465258926153183,-1.2879868847555191,0.04342028584200781,-0.3084707613150779
4.122422791668214,-0.0020101815462112427,-0.15588301420211792,0.1403089463710785,0.4390963912010193,-0.6829139590263367,-0.40802255272865295,-1.2954040252255752,0.04908382536798051,-0.3044607338910955
4.132477791667043,-0.04617372155189514,-0.1849052906036377,0.21834158897399902,0.24052870273590088,-0.5491470694541931,-0.40078532695770264,-1.3016890937663737,0.053870072039574744,-0.30245396928872176
4.142531791665533,-0.061616599559783936,-0.06666523218154907,0.23172378540039062,0.13919249176979065,-0.43047237396240234,-0.3936272859573364,-1.3066543122896397,0.05816321478692513,-0.30166992045370505
4.152586791671638,-0.07051099836826324,-0.025860369205474854,0.2783564031124115,0.09325715154409409,-0.3125401735305786,-0.43916940689086914,-1.3103085029023558,0.062469995262898925,-0.3016944327090264
4.162641791670467,-0.08573774993419647,0.028217434883117676,0.309513658285141,0.22481729090213776,-0.1828431487083435,-0.45323649048805237,-1.3128415898790247,0.0672442064347565,-0.30147071854566326
4.172695791668957,-0.07733245193958282,0.03203320503234863,0.3590357303619385,0.4338243007659912,-0.0781944990158081,-0.44741344451904297,-1.3143278821398572,0.07247975504127119,-0.29932180693601995
4.182750791667786,-0.0319046676158905,-0.04078054428100586,0.3472224473953247,0.5532199740409851,-0.02425217069685459,-0.3941113352775574,-1.3151080688908308,0.07789344038647232,-0.29554484963281175
4.192805791666615,0.019812017679214478,-0.12809336185455322,0.2348184585571289,0.5642861127853394,-0.025594403967261314,-0.3497111201286316,-1.3157286010584022,0.08295019637825553,-0.29087459728254494
4.202859791672381,0.01638290286064148,-0.22667843103408813,0.16753315925598145,0.26124846935272217,-0.03608699515461922,-0.3214680254459381,-1.3163436714322985,0.08733371802437924,-0.28750695557023404
4.21291479167121,-0.033470675349235535,-0.251453161239624,0.1560671627521515,0.006856698542833328,0.010975191369652748,-0.19820290803909302,-1.3165107121743402,0.09017226128076052,-0.2871988855818135
4.222969791670039,-0.11666187644004822,-0.21511995792388916,0.13111886382102966,0.06229066103696823,0.08400466293096542,-0.1084061712026596,-1.3161012850786769,0.09175332424970423,-0.2871766114660931
4.233024791668868,-0.12692110240459442,-0.11740732192993164,0.05558919906616211,0.19974511861801147,0.21743488311767578,-0.02001175843179226,-1.3146642043724044,0.09263919463743943,-0.28617172486670894
4.243078791667358,-0.09530507028102875,-0.18807077407836914,0.09291896224021912,0.21856647729873657,0.2753376066684723,-0.05773463472723961,-1.3123400884395,0.0935698701946143,-0.28404936911721995
4.253133791666187,-0.046392858028411865,-0.1494165062904358,0.0691651701927185,0.14931721985340118,0.22874493896961212,-0.06256153434515,-1.3098763626835184,0.09461770055003209,-0.2823908684914166
4.263188791672292,0.004392027854919434,-0.09295785427093506,0.013012528419494629,0.04662599414587021,0.14108432829380035,-0.06941837072372437,-1.3081332025940824,0.09553284493274869,-0.28164507518656995
4.273242791670782,0.01816640794277191,-0.06767338514328003,-0.018023401498794556,-0.039980534464120865,0.059722889214754105,-0.07528994977474213,-1.3071098458910597,0.09619030501348498,-0.28171994352684776
4.283297791669611,0.018158644437789917,-0.08619809150695801,0.006969571113586426,-0.19933931529521942,0.022842636331915855,-0.09096585214138031,-1.3065690950803097,0.09672292344826311,-0.28307681131292284
4.29335279166844,0.032791391015052795,-0.09523075819015503,0.015067636966705322,-0.3374808430671692,0.004905447829514742,-0.09679961204528809,-1.3061417039953944,0.09688664912860216,-0.2861208694205654
4.30340679166693,0.021857216954231262,-0.03247016668319702,-0.05840030312538147,-0.1665429174900055,-0.05341431871056557,-0.04121224954724312,-1.3061588656154164,0.09674205516483408,-0.28908012049664455
4.313461791665759,-0.003580808639526367,0.07115781307220459,-0.11565771698951721,0.03285878151655197,-0.0626288577914238,-0.04134173318743706,-1.3067230175997024,0.09714450076876331,-0.28970919586731286
4.323516791671864,0.0018343925476074219,0.0010616779327392578,-0.14241990447044373,0.16040129959583282,-0.05775260925292969,-0.03739599511027336,-1.3074178150036408,0.09777283815401984,-0.28877902490955615
4.333571791670693,0.019713908433914185,-0.0017510056495666504,-0.1545853614807129,0.1522887647151947,-0.06801216304302216,-0.04921126738190651,-1.3082145981194793,0.09863275458450768,-0.28728073794767167
4.343625791669183,0.03176851570606232,-0.03745907545089722,-0.09559628367424011,0.1150793582201004,-0.06790058314800262,-0.04747941344976425,-1.3090175958754091,0.09945553737704665,-0.28610222002717794
4.353680791668012,0.043086811900138855,-0.09357869625091553,0.037783026695251465,0.04954211041331291,-0.041276294738054276,0.0016167848370969296,-1.30963587885575,0.09991774293961468,-0.2853751533641769
4.363735791666841,0.07537366449832916,-0.13875854015350342,0.16739299893379211,0.006194637157022953,0.034011535346508026,0.086025670170784,-1.3097754478698376,0.09956863122122282,-0.2849722030768239
4.373789791665331,0.12108340859413147,-0.042172014713287354,0.11842241883277893,0.15802454948425293,0.11770563572645187,0.14861240983009338,-1.309097277676201,0.09853677659000643,-0.2840964482168121
4.383844791671436,0.09807007014751434,0.03529447317123413,0.16455626487731934,0.3604556918144226,0.17632898688316345,0.12065321207046509,-1.3079032875688035,0.09792932267121233,-0.2811811631869227
4.393899791670265,0.05073033273220062,0.033877551555633545,0.12788799405097961,0.4107975363731384,0.2895309329032898,0.15840789675712585,-1.3059927757545664,0.09763925801464271,-0.2768583247296397
4.403953791668755,0.03381282091140747,-0.034948110580444336,0.11855730414390564,0.21728156507015228,0.3556468188762665,0.16598139703273773,-1.3030475391070762,0.09692121979167162,-0.27324609880928086
4.414008791667584,0.004223078489303589,-0.15795069932937622,0.14941760897636414,0.06154799833893776,0.41377031803131104,0.22268077731132507,-1.299363425172759,0.09540265973418868,-0.27157255306560313
4.424063791666413,-0.06391431391239166,-0.10233891010284424,0.12771502137184143,0.17576804757118225,0.5671577453613281,0.2933861315250397,-1.2946738719097406,0.09317304617829843,-0.2698496795842811
4.434118791665242,-0.08936569094657898,-0.05992811918258667,0.14854323863983154,0.3676470220088959,0.7567750811576843,0.29675209522247314,-1.2882731857071428,0.0910580263612352,-0.2662913954816416
4.444172791671008,-0.03054042160511017,-0.02846217155456543,0.10818418860435486,0.3983769714832306,0.7418675422668457,0.25220006704330444,-1.2810036536487104,0.08949111259600162,-0.26169096645992934
4.454227791669837,0.012195885181427002,-0.022282004356384277,0.0705161988735199,0.28940603137016296,0.6093962788581848,0.19489330053329468,-1.2745466588514756,0.08839142466733708,-0.25768042898790255
4.464282791668666,0.025612249970436096,-0.07180219888687134,-0.0028224289417266846,0.0851045474410057,0.504265308380127,0.17257414758205414,-1.269179353836315,0.08721061173811197,-0.25527216075451276
4.474336791667156,0.022480443120002747,-0.0867013931274414,0.0067632198333740234,-0.09984049201011658,0.4013417363166809,0.15079648792743683,-1.2646452572045481,0.08562579452608746,-0.2548776169482364
4.484391791665985,0.022329390048980713,-0.059586524963378906,-0.0023765861988067627,-0.229721799492836,0.32351961731910706,0.1463807076215744,-1.260929223440436,0.08371741695523204,-0.2560212882337816
4.49444679167209,0.024581342935562134,-0.045796871185302734,-0.06729337573051453,-0.2727023959159851,0.28328102827072144,0.12941448390483856,-1.2577276671005386,0.08156718170029995,-0.2580531053681352
4.50450079167058,0.002133503556251526,-0.07501190900802612,-0.012024760246276855,-0.2553553879261017,0.26197174191474915,0.10515148937702179,-1.2548381151875558,0.07966251486611607,-0.26023159630450304
4.514555791669409,-0.0270710289478302,-0.04487645626068115,0.03126397728919983,-0.1900826394557953,0.30256736278533936,0.11999925225973129,-1.2519524055503701,0.07786986935084551,-0.26205856292334934
4.524610791668238,-0.023485004901885986,-0.05430197715759277,0.07007637619972229,-0.06668347865343094,0.4273713231086731,0.14148695766925812,-1.2481251201945116,0.0762531384036819,-0.2629500126525758
4.534664791666728,0.020817801356315613,-0.03578084707260132,0.09336283802986145,0.06784508377313614,0.45052820444107056,0.17346766591072083,-1.2437034006334295,0.07477398737529047,-0.26240941641687515
4.544719791665557,0.03206327557563782,0.03729802370071411,0.06862640380859375,0.24778954684734344,0.46578171849250793,0.23518136143684387,-1.2393308566481347,0.07331279892160888,-0.2603580583954724
4.554775125005108,0.0060720294713974,0.04969674348831177,0.07149219512939453,0.43682578206062317,0.5688340663909912,0.25571128726005554,-1.2344800548102028,0.0721354096258346,-0.2561788545111855
4.564830125003937,0.014293789863586426,0.05215734243392944,0.13972529768943787,0.5655930638313293,0.7367298603057861,0.26546725630760193,-1.2282916062188904,0.07137812537429547,-0.25057731110709547
4.574884125002427,0.04964353144168854,0.020254850387573242,0.21722149848937988,0.5017982125282288,0.9424037933349609,0.27565088868141174,-1.2202586325958817,0.07066269389239133,-0.24436782576321428
4.584939125001256,0.093724325299263,-0.026074469089508057,0.25293096899986267,0.313389390707016,1.1277287006378174,0.2706364095211029,-1.2101786800466843,0.06951507870690503,-0.23961909199810832
4.594994125000085,0.10415317118167877,-0.0186614990234375,0.2710971236228943,0.37628987431526184,1.304112434387207,0.26909828186035156,-1.1982449210928237,0.06814574241172731,-0.23561098025580282
4.605048124998575,0.07034941017627716,0.07471108436584473,0.23218297958374023,0.6825504302978516,1.508931040763855,0.2566877007484436,-1.1844745773966212,0.06763408332677874,-0.22963387966572188
4.61510312500468,0.04689741134643555,0.05514639616012573,0.2476663887500763,0.7210970520973206,1.5775974988937378,0.1756153255701065,-1.169364297583571,0.06845693071997029,-0.22202582552844988
4.625158125003509,0.07933689653873444,-0.0414201021194458,0.221155047416687,0.5296543836593628,1.4641395807266235,0.18833138048648834,-1.1544347933658767,0.06923087027522656,-0.2155822747236732
4.635212125001999,0.053683727979660034,-0.07404947280883789,0.10415685176849365,0.5703619718551636,1.354186773300171,0.1879117786884308,-1.1408304891487815,0.0696860003253052,-0.20985203256511872
4.645267125000828,-0.023344501852989197,-0.0255470871925354,0.11415216326713562,0.5724405646324158,1.4513367414474487,0.15274633467197418,-1.1272461551603516,0.07065606215198822,-0.20372404685025755
4.655322124999657,-0.039326027035713196,-0.08769738674163818,0.17275524139404297,0.40752485394477844,1.5293627977371216,0.20718906819820404,-1.112536622249835,0.07121482915280584,-0.1984974752177702
4.665377124998486,0.0067253559827804565,-0.22472816705703735,0.14284789562225342,0.24333031475543976,1.4661625623703003,0.24438437819480896,-1.0977364042074613,0.07057823261197803,-0.194542183107545
4.675431125004252,0.028913304209709167,-0.21945685148239136,-0.0011871159076690674,0.07630448043346405,1.4040545225143433,0.24673199653625488,-1.083622805635974,0.06908514968128333,-0.1919716531919067
4.685486125003081,0.0033081918954849243,-0.19786006212234497,-0.06343352794647217,-0.09000779688358307,1.396167278289795,0.2652825117111206,-1.0696122834069441,0.06686938089025182,-0.19084347727253848
4.69554112500191,-0.007866904139518738,-0.18511676788330078,-0.042243123054504395,-0.1754072606563568,1.3541102409362793,0.3639647960662842,-1.0557926065319738,0.0633922433068304,-0.19053333459774635
4.7055951250004,-0.011607468128204346,-0.1252085566520691,0.002254009246826172,-0.09991488605737686,1.294008731842041,0.4708869755268097,-1.0425903735911677,0.05901851769544218,-0.1897355029596881
4.715650124999229,-0.027451708912849426,-0.10208535194396973,0.059618353843688965,0.08658681064844131,1.3037713766098022,0.5119988322257996,-1.029607694771306,0.05467329324226423,-0.18723138644492196
4.725705125005334,-0.017940625548362732,-0.035597801208496094,0.05061808228492737,0.08793863654136658,1.2289879322052002,0.509126603603363,-1.017078479992357,0.05086019923565344,-0.18368044215363685
4.735759125003824,-0.006052553653717041,0.01842600107192993,-0.0019011199474334717,0.0631340816617012,1.205797791481018,0.4832386374473572,-1.0050065897405798,0.04694424941360501,-0.18036202532692397
4.745814125002653,-0.017034724354743958,-0.0007582306861877441,-0.06457243859767914,-0.07120002061128616,1.2373147010803223,0.39448481798171997,-0.9928237217613475,0.04332192227557471,-0.17793107264289887
4.755869125001482,-0.015129581093788147,-0.026815593242645264,-0.048286810517311096,-0.2002219259738922,1.309935212135315,0.3223893642425537,-0.9800188876119896,0.03959531368986446,-0.17706284963647334
4.765924125000311,0.004419088363647461,-0.019955337047576904,0.005106925964355469,-0.17901863157749176,1.3571150302886963,0.32039517164230347,-0.966604513871819,0.035796614857208926,-0.17698789229887718
4.775978124998801,0.009593009948730469,0.0014005303382873535,0.0699392706155777,-0.1435103863477707,1.4568150043487549,0.3289604187011719,-0.9524740231820944,0.032345145294110145,-0.17637964623350216
4.786033125004906,0.01062794029712677,-0.07991373538970947,0.16617463529109955,-0.1587897390127182,1.5601675510406494,0.39339348673820496,-0.9373241897334122,0.028538011849309715,-0.17545358473827047
4.796088125003735,0.011529237031936646,-0.11864233016967773,0.29463350772857666,-0.10266295820474625,1.683609127998352,0.48877236247062683,-0.9210692817307266,0.024153299308974637,-0.17397404687291293
4.806142125002225,0.018529802560806274,8.189678192138672e-05,0.12127314507961273,0.2554672062397003,1.756450891494751,0.5346448421478271,-0.9038889528489341,0.020224382621293877,-0.17036830820268134
4.816197125001054,0.03582307696342468,0.17893469333648682,0.08417342603206635,0.4384585916996002,1.79901123046875,0.489717572927475,-0.8860150160185228,0.01868173908123655,-0.1640958392843353
4.826252124999883,0.08990977704524994,0.12738972902297974,0.05126883089542389,0.32056790590286255,1.7190985679626465,0.5001782178878784,-0.8682786885546138,0.0172854101523922,-0.15802558686740653
4.836306125005649,0.10362128913402557,-0.032813847064971924,-0.04104471206665039,0.2229238897562027,1.5170608758926392,0.3876768946647644,-0.852168950701999,0.01559967084092248,-0.1529103880978784
4.846361125004478,0.0654236376285553,-0.016580939292907715,-0.061133623123168945,-0.07210749387741089,1.4481086730957031,0.32149600982666016,-0.8374343237377573,0.013568801404337107,-0.15002328077367083
4.856416125003307,0.013692423701286316,-0.06545853614807129,0.07030019164085388,-0.4073233902454376,1.5098156929016113,0.3253634572029114,-0.8225863925890431,0.009571098095889624,-0.14964393989620603
4.866470125001797,-0.007692426443099976,-0.15232455730438232,0.12909473478794098,-0.44893956184387207,1.6177064180374146,0.443592369556427,-0.8068458892154949,0.0036529618951321088,-0.15036669083919815
4.876525125000626,-0.0023816972970962524,0.05220538377761841,-0.11732590198516846,0.01471573207527399,1.7177773714065552,0.43671682476997375,-0.7901487977643965,-0.0013833149226718442,-0.14898430627557588
4.886580124999455,0.007448703050613403,0.3110577464103699,-0.1368950605392456,0.43418145179748535,1.7549469470977783,0.41881105303764343,-0.7725888765349994,-0.002339721270839704,-0.14415938130383113
4.8966351250055595,0.07136046886444092,0.2644508481025696,-0.20846964418888092,0.46013036370277405,1.6535110473632812,0.4479183852672577,-0.7552639520885915,-0.0021862592135343814,-0.13789999224636462
4.90668912500405,0.10487833619117737,0.09210395812988281,-0.2700917720794678,0.24132157862186432,1.3272287845611572,0.3523077070713043,-0.7402083754111859,-0.0021612595637100947,-0.1323293303499422
4.916744125002879,0.08934085071086884,0.10496693849563599,-0.264434814453125,-0.037464603781700134,1.1261802911758423,0.25762656331062317,-0.7279584233770051,-0.0034345977902760167,-0.1292685243358837
4.926799125001708,0.052975982427597046,0.17745864391326904,-0.20432773232460022,-0.2737962007522583,1.029144287109375,0.14802710711956024,-0.7172187795742648,-0.006044394754352518,-0.12895665239795018
4.936853125000198,0.02147693932056427,0.13642537593841553,-0.09704495966434479,-0.3667187988758087,0.9791752696037292,0.049983277916908264,-0.7072120002981651,-0.009182394948001915,-0.1302856471009159
4.946908124999027,-0.0027006864547729492,0.11145782470703125,0.04595932364463806,-0.3620827794075012,1.0275837182998657,0.06037493050098419,-0.6972326885025348,-0.012326404203115815,-0.1323231088500774
4.956963125005132,-0.05577157437801361,0.07757717370986938,0.20446740090847015,-0.23858298361301422,1.2399499416351318,0.06921788305044174,-0.6859027236048256,-0.015187251221441841,-0.13385854787918303
4.967017125003622,-0.08021195232868195,0.12764745950698853,0.06784546375274658,0.20591644942760468,1.4774000644683838,0.08639446645975113,-0.6721951324732511,-0.01606613728073802,-0.13353961446567392
4.977072125002451,-0.02816815674304962,0.3206309676170349,-0.02561473846435547,0.6736582517623901,1.6521309614181519,0.07964783161878586,-0.6564475839335725,-0.012839455397036145,-0.129951298024064
4.98712712500128,0.059607431292533875,0.25594115257263184,-0.013549908995628357,0.644005298614502,1.6478592157363892,0.11447931826114655,-0.6395993182799136,-0.007987974488730407,-0.1249829850704205
4.9971821250001085,0.141670361161232,-0.0034766197204589844,-0.04984724521636963,0.29152822494506836,1.3549580574035645,0.12808789312839508,-0.6243444023204904,-0.004832395615478995,-0.1212064446496058
5.007236124998599,0.15571148693561554,-0.011811614036560059,-0.10687138140201569,0.07265496999025345,1.0432924032211304,0.0045462618581950665,-0.6124299697821785,-0.003858046263414545,-0.11962297111030755
5.017291125004704,0.1010948121547699,0.1586822271347046,-0.1081010103225708,0.013707635924220085,0.9416294693946838,-0.18285077810287476,-0.602508494188141,-0.003036427749439722,-0.12022513057046914
5.0273461250035325,0.0699722021818161,0.14516401290893555,-0.03257845342159271,0.007970921695232391,0.9032120704650879,-0.21168401837348938,-0.593293850235015,-0.0018042087713796987,-0.12171938229083845
5.037400125002023,-0.020124822854995728,-0.027034282684326172,0.21311116218566895,-0.03789346292614937,0.9699869155883789,-0.27896785736083984,-0.5840177097866388,-0.0006914521907463649,-0.12397563667671349
5.047455125000852,-0.11355775594711304,-0.14745396375656128,0.3699362277984619,-0.07562219351530075,1.2547156810760498,-0.22702687978744507,-0.5729135537759233,0.0004036723642482497,-0.12654660297864093
5.057510124999681,-0.11850695312023163,-0.08642160892486572,0.30170726776123047,-0.07796280831098557,1.532004714012146,-0.09903880208730698,-0.5589507955072095,0.0004489723887862654,-0.12828153655050056
5.067564125005447,-0.07962870597839355,-0.06814181804656982,0.292441725730896,0.07536815851926804,1.728914499282837,-0.03547101095318794,-0.5424410501782038,0.0007699273513820344,-0.1289301888231478
5.077619125004276,-0.031965821981430054,-0.15337026119232178,0.32300007343292236,0.17552100121974945,1.879189372062683,0.057826101779937744,-0.5243273838806444,0.0018156387667199961,-0.12799609480972965
5.087674125003105,-0.02013973891735077,-0.21184086799621582,0.3807404041290283,0.12910209596157074,2.040100574493408,0.14095161855220795,-0.5046097043692096,0.0027053629020580543,-0.12637549899057446
5.097729125001933,0.028067752718925476,-0.24603259563446045,0.4465388059616089,0.019588740542531013,2.150700092315674,0.24245767295360565,-0.4836572491165843,0.0024450294859043025,-0.12421255532300585
5.107783125000424,0.044129565358161926,-0.23816847801208496,0.3450782299041748,-0.08114932477474213,2.3106319904327393,0.2789973020553589,-0.4611387032787279,0.0009047540915122418,-0.12196969231454863
5.117838124999253,0.10703328251838684,-0.06611645221710205,0.14158141613006592,0.02148948237299919,2.3086421489715576,0.20962689816951752,-0.43791654705705785,-0.0004201627326987885,-0.1198848056215754
5.127893125005357,0.18414922058582306,0.05886298418045044,0.08082843571901321,-0.013713246211409569,2.2037153244018555,0.2097020000219345,-0.41517567337424593,-0.0011537171081479264,-0.11797994866851864
5.137947125003848,0.1783708930015564,-0.05677640438079834,0.02634977549314499,-0.1205393373966217,2.023690938949585,0.16862249374389648,-0.3939730062465,-0.0025109446221416093,-0.11641024157553007
5.148002125002677,0.1478271335363388,-0.10057300329208374,-0.03577934950590134,-0.2802472412586212,1.8881298303604126,0.11398907750844955,-0.3743136745613998,-0.004906287539654172,-0.11584969857489144
5.1580571250015055,0.13183574378490448,-0.015420079231262207,-0.0699094608426094,-0.36582183837890625,1.8392084836959839,0.08219368010759354,-0.3556548336468455,-0.008289024011325492,-0.11615129863718668
5.168111124999996,0.11831046640872955,0.0027674436569213867,-0.028073914349079132,-0.38353613018989563,1.8451510667800903,0.1565677672624588,-0.33718096766809397,-0.01227376169336316,-0.11634227691840082
5.178166124998825,0.0628519356250763,-0.09396201372146606,0.0709381103515625,-0.46030622720718384,1.9719475507736206,0.18619504570960999,-0.31813501299438807,-0.016831249749482902,-0.11608983653590353
5.1882211250049295,0.019008085131645203,-0.17815876007080078,0.1587693691253662,-0.5865789651870728,2.212188959121704,0.2748764455318451,-0.2971286894726849,-0.022578494171389723,-0.11553329730834984
5.19827512500342,0.036685943603515625,-0.16191816329956055,0.24772536754608154,-0.6581102013587952,2.461531162261963,0.3912878930568695,-0.2735642148203807,-0.029510728808659334,-0.11412780057433108
5.208330125002249,0.08539868891239166,-0.11110419034957886,0.3280518054962158,-0.6415892839431763,2.710193395614624,0.5830382108688354,-0.2474491709294725,-0.037189338180663695,-0.11110147472198749
5.2183851250010775,0.12726204097270966,-0.06526768207550049,0.23245775699615479,-0.41236981749534607,2.94761323928833,0.7177542448043823,-0.21868543962362655,-0.04397926512654442,-0.10591044133249526
5.228440124999906,0.20751553773880005,0.07838690280914307,0.1641906499862671,-0.03662655130028725,3.059816360473633,0.8177362680435181,-0.18811215712126378,-0.04780443403819451,-0.09882566768890612
5.238494125005673,0.27626681327819824,0.1797972321510315,0.06007694453001022,0.4478193521499634,3.028322219848633,0.8714444041252136,-0.1569802790203034,-0.047304787681594296,-0.09021506212722331
5.2485491250045015,0.343076229095459,0.20861798524856567,-0.11911845952272415,0.5849066376686096,2.78579044342041,0.8609616756439209,-0.1271920382154159,-0.04294252218267036,-0.08057487212674379
5.25860412500333,0.34734925627708435,0.03836655616760254,-0.1877344846725464,0.2501663863658905,2.4447824954986572,0.7496057152748108,-0.1005480569587302,-0.039471921225802245,-0.07210063165674535
5.268658125001821,0.3044060468673706,-0.2045723795890808,-0.1879711151123047,-0.35560235381126404,2.080162286758423,0.5422496199607849,-0.07757951773085309,-0.040329091845257424,-0.06560962656639122
5.27871312500065,0.17629899084568024,-0.25044989585876465,-0.156014084815979,-1.157409429550171,1.7753642797470093,0.3987860083580017,-0.05818706908222661,-0.04862841111180036,-0.06148008766768338
5.2887681249994785,0.06651529669761658,-0.05618935823440552,-0.21587085723876953,-1.371018886566162,1.7153373956680298,0.3284255564212799,-0.040609302344190024,-0.061698249479976805,-0.058473024968387646
5.298823125005583,0.018063299357891083,0.2276819348335266,-0.22623397409915924,-1.1972419023513794,1.8116114139556885,0.32074129581451416,-0.022748680438976186,-0.07500111666000968,-0.055682854434928965
5.308877125004074,0.004744350910186768,0.2894049882888794,-0.2240692526102066,-0.7552123069763184,1.941968560218811,0.3640531003475189,-0.003601122213986118,-0.08490431220605088,-0.05237226241828098
5.3189321250029025,0.014288574457168579,0.24529266357421875,-0.17639721930027008,-0.37667909264564514,2.0338022708892822,0.3812297284603119,0.01672874213794425,-0.0905261585223377,-0.04851245715238503
5.328987125001731,0.024489060044288635,0.13686364889144897,-0.157537579536438,-0.1415349841117859,2.0935516357421875,0.34884434938430786,0.037893226843245836,-0.09295894566763314,-0.044781537921492594
5.339041125000222,0.07044260948896408,0.07191228866577148,-0.21494387090206146,-0.014362392015755177,2.0372190475463867,0.30245551466941833,0.05909707263862759,-0.09352486276356348,-0.041470548408132
5.3490961249990505,0.13525530695915222,0.07201999425888062,-0.2745249271392822,0.013998941518366337,1.8464863300323486,0.24851930141448975,0.07892032886729464,-0.09327563281744296,-0.038684312370374604
5.359151125005155,0.15723001956939697,0.04979562759399414,-0.35104215145111084,-0.019805271178483963,1.6085269451141357,0.19909940659999847,0.09654593235598821,-0.09309978778633358,-0.03641536740887652
5.369205125003646,0.14221809804439545,0.028465211391448975,-0.420357346534729,-0.04947448521852493,1.3442285060882568,0.09777117520570755,0.11155242689780297,-0.09330123482273016,-0.03486120189086742
5.3792601250024745,0.11525588482618332,0.03586369752883911,-0.44615209102630615,-0.1430470496416092,1.0781017541885376,0.004326710943132639,0.12377933763376872,-0.09417058310569008,-0.03423553072275282
5.389315125001303,0.0860723927617073,0.01081395149230957,-0.43681538105010986,-0.2390659898519516,0.8441086411476135,-0.06834163516759872,0.13340325818225443,-0.09613375751336503,-0.034341636624405675
5.399369124999794,0.05451667308807373,-0.020789742469787598,-0.4063711166381836,-0.31112152338027954,0.6452959179878235,-0.0992831438779831,0.1407807326943992,-0.09902711682432826,-0.034837991689080965
5.409424124998623,0.029825657606124878,-0.01353543996810913,-0.33605217933654785,-0.3131532371044159,0.5057979822158813,-0.11774151027202606,0.1464982465512921,-0.10233901450102287,-0.03547722028024051
5.419479125004727,0.03787129372358322,-0.017890453338623047,-0.25278568267822266,-0.275605171918869,0.3795415163040161,-0.085396409034729,0.15088050982865758,-0.10547763905456009,-0.03608159182532014
5.429534125003556,0.04400552064180374,-0.015274345874786377,-0.17157888412475586,-0.2206343412399292,0.28599822521209717,-0.00371539662592113,0.1541880959804394,-0.10803891982092971,-0.03619033937209162
5.439588125002047,0.0625830814242363,0.026097238063812256,-0.11425183713436127,-0.07906460016965866,0.2332838922739029,0.09417734295129776,0.1568281897040311,-0.10955761672353327,-0.03549919407456548
5.449643125000875,0.08606194704771042,0.049310386180877686,-0.057633042335510254,0.0255744606256485,0.19591814279556274,0.1648150235414505,0.15915160355772068,-0.10958195321484959,-0.03414218330884789
5.459698124999704,0.10544794052839279,0.04704713821411133,-0.03747892379760742,0.09332270175218582,0.15412569046020508,0.20034682750701904,0.161058415561752,-0.10868152290519312,-0.03239862974015349
5.469752125005471,0.10616839677095413,0.04256671667098999,0.012252822518348694,0.10628164559602737,0.16061368584632874,0.2026033103466034,0.16281951046345958,-0.10726637778267732,-0.030566503041508195
5.4798071250042995,0.09487462043762207,0.057551026344299316,0.0445948988199234,0.06038876622915268,0.14236263930797577,0.19332599639892578,0.16454126859892396,-0.1061358004761681,-0.028752622797659215
5.489862125003128,0.08711987733840942,0.06990927457809448,0.021150700747966766,0.06863977015018463,0.1212104856967926,0.18523824214935303,0.16605400116409913,-0.10519910648910541,-0.026961179286798042
5.499916125001619,0.06502149999141693,0.12021690607070923,0.0009125620126724243,0.07414337247610092,0.11390650272369385,0.1921861171722412,0.16742102237384865,-0.10420005256475175,-0.025212601343255016
5.5099711250004475,0.039874620735645294,0.13684916496276855,-0.008959755301475525,0.09763511270284653,0.10359474271535873,0.21423283219337463,0.1687056038436874,-0.10301590742578204,-0.023322590426157384
5.520026124999276,0.03741628676652908,0.12750244140625,-0.031657323241233826,0.0998053252696991,0.09127122908830643,0.20610173046588898,0.1698847448104884,-0.10162521559958292,-0.021370751348560146
5.530081125005381,0.051431410014629364,0.09007805585861206,-0.02849709987640381,0.11635181307792664,0.05787625163793564,0.17819738388061523,0.17081643733756813,-0.10029354968246063,-0.019616512833823527
5.5401351250038715,0.02721160650253296,0.032528817653656006,-0.016230568289756775,0.11864013969898224,0.008957047946751118,0.11783894151449203,0.17124711609083496,-0.09880397192354995,-0.018394967156352374
5.550189791669254,-0.01908905804157257,-0.01299428939819336,0.0036683008074760437,0.07778644561767578,0.019091973081231117,0.09928390383720398,0.1714745982363211,-0.09760281644017099,-0.017516286105480772
5.560244791668083,-0.05971348285675049,-0.05629760026931763,0.031053893268108368,0.07719721645116806,0.05095416679978371,0.0920105129480362,0.1718811821900227,-0.09667387204053651,-0.016714452087078023
5.570298791666573,-0.06907887756824493,-0.057042598724365234,0.048556216061115265,0.019418075680732727,0.0842660516500473,0.12352689355611801,0.17266902101947465,-0.09601355690992044,-0.01574711972226137
5.580353791665402,-0.06823664158582687,-0.08018070459365845,0.040591247379779816,-0.029149461537599564,0.09436502307653427,0.13506430387496948,0.17368586342448503,-0.09581109694463114,-0.014429938263787538
5.590408791671507,-0.057606667280197144,-0.07422447204589844,0.015963442623615265,-0.06798873096704483,0.1033497303724289,0.13303762674331665,0.17483201515560787,-0.0960666037367803,-0.012996227400240723
5.600462791669997,-0.04218967258930206,-0.03671175241470337,0.00771331787109375,-0.0540849044919014,0.09274262189865112,0.13571719825267792,0.17596736060608678,-0.0964667386882411,-0.011548299087904855
5.610517791668826,-0.02081368863582611,-0.009771466255187988,-0.013518691062927246,-0.04416702687740326,0.08186574280261993,0.12581689655780792,0.17699161347727516,-0.09669950928317018,-0.010132159767191814
5.620572791667655,5.7831406593322754e-05,-0.013721108436584473,-0.023116953670978546,-0.003572594840079546,0.06784886121749878,0.1183469146490097,0.1778047147989976,-0.0967454831532432,-0.008876808248484478
5.630627791666484,0.0006889626383781433,0.006843268871307373,-0.012598879635334015,-0.0037925720680505037,0.06297527998685837,0.09024789929389954,0.17850463293006016,-0.09669337223102693,-0.007860142066763191
5.64068179167225,0.010439716279506683,0.02075093984603882,-0.012147195637226105,-0.027660397812724113,0.07593301683664322,0.06177442520856857,0.17928327214605155,-0.09669465347118576,-0.007116913981276631
5.650736791671079,0.014009319245815277,0.0143967866897583,0.0019040107727050781,-0.021666422486305237,0.07872561365365982,0.05430665612220764,0.18010897761109437,-0.09688239831255464,-0.006536357445542416
5.660791791669908,0.009244605898857117,0.031298935413360596,-0.0033382251858711243,-0.027667811140418053,0.07012346386909485,0.0503603033721447,0.18094246579569623,-0.0970663020033971,-0.005983415233160865
5.670845791668398,0.023369424045085907,0.057109534740448,-0.053019411861896515,0.018905550241470337,0.063359834253788,0.058161500841379166,0.18168524777348494,-0.09707592107689841,-0.0054386206177293355
5.680900791667227,0.054965853691101074,0.08932870626449585,-0.10678421705961227,0.06028463691473007,0.005111310631036758,0.05795944854617119,0.1821001533385813,-0.09662132723534196,-0.0049481571244599275
5.690955791666056,0.0829881876707077,0.08860993385314941,-0.16874480247497559,0.14092649519443512,-0.11246644705533981,0.04733423516154289,0.18162145629031026,-0.09553972861144035,-0.00462255289255772
5.701009791671822,0.08712596446275711,0.08899974822998047,-0.19673824310302734,0.18512363731861115,-0.22576890885829926,0.02539774961769581,0.1799171761714467,-0.09378726046990625,-0.004558188905036194
5.711064791670651,0.08035404235124588,0.08984285593032837,-0.1905527114868164,0.20382755994796753,-0.33886510133743286,-0.017036261036992073,0.17706136967116515,-0.09186112661449265,-0.00485762837032175
5.72111979166948,0.07290979474782944,0.07928723096847534,-0.1660240888595581,0.214683398604393,-0.4387381672859192,-0.03962407261133194,0.17305257480623723,-0.0897886503111131,-0.005522466881341665
5.731174791668309,0.058316901326179504,0.0771106481552124,-0.10432649403810501,0.11958910524845123,-0.5058913826942444,-0.06925973296165466,0.16824614917811193,-0.08836861709421655,-0.006309063835931516
5.741228791666799,0.058971866965293884,0.06705927848815918,-0.12646520137786865,0.19519753754138947,-0.6119087338447571,-0.06094462424516678,0.16250144347556042,-0.08695371207851395,-0.007245187276668886
5.751283791665628,0.060205332934856415,0.13234376907348633,-0.19266963005065918,0.3264479637145996,-0.6987727880477905,-0.07329689711332321,0.15581721982435193,-0.08451463569056195,-0.008281479368832622
5.761338791671733,0.057456664741039276,0.19860482215881348,-0.2594810724258423,0.6344623565673828,-0.8212944269180298,-0.09606106579303741,0.14809331856056535,-0.07992551221248301,-0.009832282592780423
5.771392791670223,0.05414620786905289,0.23546147346496582,-0.2730060815811157,0.8458752632141113,-0.9436951875686646,-0.10240577906370163,0.13909149648972477,-0.07256491832173956,-0.011956048299062947
5.781447791669052,0.04565536975860596,0.16195684671401978,-0.2516676187515259,0.8514699339866638,-1.0606095790863037,-0.13542893528938293,0.1288445164642121,-0.06406183229303937,-0.01431184865967101
5.791502791667881,0.04634840786457062,0.044870078563690186,-0.21867096424102783,0.702997624874115,-1.2137703895568848,-0.13245896995067596,0.11730417139465264,-0.056482277289765515,-0.016600201396669942
5.801556791666371,0.04964374750852585,0.047098636627197266,-0.24955761432647705,0.34940242767333984,-1.4011327028274536,-0.19790926575660706,0.10405739067196484,-0.051331903595251534,-0.018809904619689285
5.8116117916652,0.07623833417892456,0.05530202388763428,-0.29910123348236084,0.07814241945743561,-1.6017537117004395,-0.25009602308273315,0.08883360439941076,-0.04954161910382964,-0.02127720956932261
5.821666791671305,0.07365894317626953,0.07843279838562012,-0.2885326147079468,0.0229885745793581,-1.7796721458435059,-0.29042965173721313,0.07167628733411681,-0.04929332368491284,-0.024020255945338537
5.831721791670134,0.05885084718465805,0.16566777229309082,-0.2559109926223755,0.044503986835479736,-1.9091534614562988,-0.32287439703941345,0.05291393975857911,-0.049226970463309254,-0.02707971319801411
5.841775791668624,0.056262336671352386,0.20413964986801147,-0.2468494176864624,0.17330129444599152,-1.9586347341537476,-0.34914520382881165,0.03321142002733706,-0.04827936867096783,-0.030475675923363213
5.851830791667453,0.07467691600322723,0.2259901762008667,-0.1588987112045288,0.2261354774236679,-1.9431066513061523,-0.38276466727256775,0.013339950880595456,-0.046255922915235594,-0.034175926891899445
5.861885791666282,0.09771441668272018,0.21780449151992798,-0.0047792233526706696,0.15889181196689606,-1.9359186887741089,-0.4208183288574219,-0.006291105359652783,-0.044248468913833605,-0.03821948631925697
5.871939791672048,0.124151811003685,0.18809664249420166,0.0791863203048706,0.019454559311270714,-1.9414050579071045,-0.44997596740722656,-0.025957851280648245,-0.0433000656356189,-0.04260623138128006
5.881994791670877,0.1429547220468521,0.21446144580841064,0.10586798191070557,-0.02730371244251728,-1.9204726219177246,-0.5320399403572083,-0.045678250905425294,-0.043240668923741066,-0.04744135771820219
5.892049791669706,0.14021611213684082,0.2908177375793457,0.12756562232971191,-0.0022835806012153625,-1.8575224876403809,-0.6294237971305847,-0.06492778700949596,-0.043093235912458436,-0.05331277347125454
5.902103791668196,0.1349896490573883,0.29834771156311035,0.1384899616241455,0.029199155047535896,-1.7792662382125854,-0.6853888630867004,-0.083474059306851,-0.04238449544085794,-0.059932682263368765
5.912158791667025,0.1306104212999344,0.22604167461395264,0.10234451293945312,0.05517483130097389,-1.7620095014572144,-0.6862280368804932,-0.10154495447525237,-0.04137633187688041,-0.06678640657626474
5.922213791665854,0.12105457484722137,0.18363970518112183,0.06356359273195267,0.13690879940986633,-1.7443132400512695,-0.6675127744674683,-0.11944310927523454,-0.039701875712010996,-0.07340954634377515
5.932268791671959,0.1031651496887207,0.1780792474746704,0.013954639434814453,0.19552470743656158,-1.7548500299453735,-0.6764668226242065,-0.13729755236693789,-0.03711145218320444,-0.07996419336100091
5.942322791670449,0.10182467103004456,0.1324063539505005,-0.02932322770357132,0.14666590094566345,-1.7622096538543701,-0.6610778570175171,-0.15518705786913875,-0.03437601040296197,-0.08635684054499074
5.952377791669278,0.10971724987030029,0.056865155696868896,-0.053806670010089874,0.09765441715717316,-1.7972211837768555,-0.6588138937950134,-0.17321475002989317,-0.03200539733349513,-0.09268961201879405
5.962432791668107,0.13779954612255096,0.02788245677947998,-0.040731191635131836,-0.01723203808069229,-1.9002892971038818,-0.6618081331253052,-0.1919491278586002,-0.030389741529540402,-0.09913874728620556
5.972486791666597,0.1520291566848755,0.017304658889770508,-0.04053175449371338,-0.1343189775943756,-2.0532758235931396,-0.6394652724266052,-0.21200802659659565,-0.02984983127532802,-0.10571938642445863
5.982541791665426,0.14259004592895508,0.015329360961914062,-0.09670126438140869,-0.3049195408821106,-2.1488490104675293,-0.640428900718689,-0.23343022939139793,-0.030532691920434795,-0.11244368491542667
5.992596791671531,0.1291297823190689,0.004078865051269531,-0.10157965868711472,-0.508569061756134,-2.1464171409606934,-0.6400185227394104,-0.25520561188979934,-0.032896063913299266,-0.11961961146903347
6.002650791670021,0.13319391012191772,-0.05907362699508667,-0.08530689030885696,-0.6374451518058777,-2.174778938293457,-0.6618694067001343,-0.27712849799393946,-0.03679072945330583,-0.12744679839526815
6.01270579166885,0.1374897062778473,-0.05092579126358032,-0.08909036219120026,-0.6542975902557373,-2.2559773921966553,-0.6825650930404663,-0.29975193587432747,-0.041223881232834506,-0.13588644323635754
6.022760791667679,0.11559140682220459,0.018990039825439453,-0.10429348796606064,-0.5665231943130493,-2.2613017559051514,-0.7202557325363159,-0.3228263767523079,-0.044891710701147974,-0.14447540457180766
6.032815791666508,0.10939450562000275,-0.002323746681213379,-0.10471929609775543,-0.42371147871017456,-2.292080879211426,-0.6753138303756714,-0.3461163483350866,-0.04730283633825303,-0.1527432048322236
6.042869791672274,0.09428770840167999,-0.03518390655517578,-0.06477153301239014,-0.3179624676704407,-2.3388147354125977,-0.6842343211174011,-0.3697772461340615,-0.048400760036843765,-0.16044626007585222
6.052924791671103,0.08850641548633575,-0.020322561264038086,-0.07454180717468262,-0.27380621433258057,-2.381298303604126,-0.7135612964630127,-0.39390349536384645,-0.04845466420038666,-0.16806255665809272
6.062979791669932,0.08642883598804474,-0.003243088722229004,-0.08873473107814789,-0.1991296261548996,-2.377729892730713,-0.7198452949523926,-0.4182485689402377,-0.047828411368253186,-0.17563238167488673
6.073033791668422,0.07149043679237366,-0.0003936886787414551,-0.07021760940551758,-0.14476065337657928,-2.3502721786499023,-0.7530820965766907,-0.44235717366038313,-0.04630228441268359,-0.18308398843150564
6.083088791667251,0.06901773810386658,-0.006280660629272461,-0.061043575406074524,-0.09165052324533463,-2.2863945960998535,-0.8425110578536987,-0.4660099188443645,-0.04383627808792734,-0.19078347425861195
6.09314379166608,0.07725600898265839,0.002809584140777588,-0.021159768104553223,-0.01561168022453785,-2.222346782684326,-0.9244304299354553,-0.48908699881311946,-0.0403057953277599,-0.19894697808872824
6.103197791671846,0.08746708929538727,0.025622427463531494,-0.014963984489440918,0.22514109313488007,-2.175976037979126,-0.9813369512557983,-0.5115142769321608,-0.034896890505373236,-0.2069379182626852
6.113252791670675,0.10768727958202362,0.057421207427978516,-0.03372156620025635,0.5339711308479309,-2.163609266281128,-1.0344417095184326,-0.5335043261645821,-0.026524153947825167,-0.21385069296004683
6.123307791669504,0.1484178602695465,0.04529237747192383,0.009693384170532227,0.9462867379188538,-2.3128139972686768,-1.0612844228744507,-0.555976986689939,-0.014760290608932863,-0.21907308246455406
6.133362791668333,0.18301507830619812,0.05426865816116333,0.11626683175563812,1.2320444583892822,-2.6461410522460938,-1.0290870666503906,-0.5809585406014329,0.00021738346522197623,-0.22196237404084712
6.143416791666823,0.18459643423557281,0.04948019981384277,0.008513689041137695,1.4026200771331787,-2.977724313735962,-0.9308962821960449,-0.6093173047237423,0.0168002455138158,-0.22265628089645864
6.153471791665652,0.13887450098991394,-0.08516097068786621,-0.08543036878108978,1.523138403892517,-3.1551663875579834,-0.85683274269104,-0.6402119429421205,0.03401654517733908,-0.22129918663725434
6.163526791671757,0.06872516870498657,-0.132604718208313,-0.1207200437784195,1.5414376258850098,-3.237520456314087,-0.7963132262229919,-0.6725888679271159,0.051388873981050916,-0.21844368234972686
6.173580791670247,0.034068763256073,-0.13958287239074707,-0.13436175882816315,1.3292754888534546,-3.3018264770507812,-0.675798773765564,-0.7056684313130663,0.06727800548061798,-0.2149599304230316
6.183635791669076,0.023632124066352844,-0.2350587248802185,-0.1033092737197876,0.9110373258590698,-3.3196187019348145,-0.5467778444290161,-0.7392024105157544,0.07982177376463438,-0.21198297623438223
6.193690791667905,0.02079567313194275,-0.24924468994140625,0.02164386212825775,0.5170372724533081,-3.250713348388672,-0.4951660633087158,-0.7723333393003925,0.08847309473753975,-0.21092237779193615
6.203744791666395,0.09258531033992767,-0.21330344676971436,0.12321746349334717,0.3395191431045532,-3.1902925968170166,-0.49831563234329224,-0.804704947579848,0.09497016570341683,-0.21141832289161352
6.213799791665224,0.10974833369255066,-0.219365656375885,0.10837042331695557,0.31614696979522705,-2.9638915061950684,-0.5281174778938293,-0.8357003488859229,0.10084009524575363,-0.21253558490944027
6.223854791671329,0.07505980134010315,-0.12540549039840698,0.0498051792383194,0.3786044120788574,-2.611163377761841,-0.6261643767356873,-0.8636337988284378,0.10746954711131303,-0.21383670965389687
6.233909791670158,0.06964471936225891,-0.11476945877075195,0.10528838634490967,0.6141200065612793,-2.3116579055786133,-0.6989198327064514,-0.8882320534008898,0.11573370724824429,-0.21429918691803806
6.243963791668648,0.09067094326019287,-0.02631521224975586,0.059699416160583496,0.8329753875732422,-2.1319549083709717,-0.7544651031494141,-0.9106674545218817,0.12606966311084733,-0.21303035807070755
6.254018791667477,0.14066705107688904,-0.047287940979003906,-0.06530414521694183,0.9507888555526733,-1.999368667602539,-0.7718853950500488,-0.9317499764480517,0.137710501933124,-0.2103809453533514
6.264073791666306,0.18271389603614807,-0.15212351083755493,-0.0538252592086792,0.9470486640930176,-2.0123860836029053,-0.7858243584632874,-0.9522949629203525,0.14972060413917546,-0.2072002398156939
6.274127791672072,0.2574653625488281,-0.08208543062210083,-0.06876160204410553,0.6921247839927673,-2.178657054901123,-0.7265682220458984,-0.9737816608405544,0.16084822239845548,-0.20459635792952444
6.284182791670901,0.28722745180130005,-0.21580719947814941,-0.09945525228977203,0.1479448527097702,-2.3498928546905518,-0.6710661053657532,-0.9965288223054538,0.16907313826150278,-0.20490256934736972
6.29423779166973,0.25684747099876404,-0.2774975299835205,-0.11689066886901855,-0.3282419443130493,-2.499682903289795,-0.627899706363678,-1.0202094398098902,0.1740188946033753,-0.20946640461250599
6.3042927916685585,0.26058176159858704,-0.14351356029510498,-0.19792045652866364,-0.44791379570961,-2.589782476425171,-0.5804721713066101,-1.0445844463176477,0.17704090539167397,-0.2162124981175104
6.314346791667049,0.2367192506790161,-0.12480062246322632,-0.18117667734622955,-0.4274479150772095,-2.6538991928100586,-0.5507915019989014,-1.0697335541452813,0.17986376306665888,-0.22292772680198572
6.324401791665878,0.18495362997055054,-0.22675985097885132,-0.21831096708774567,-0.2699696123600006,-2.6821398735046387,-0.5502480268478394,-1.0955423275892557,0.18298649773537298,-0.22869751929896337
6.3344567916719825,0.11907914280891418,-0.13508939743041992,-0.19971634447574615,-0.024696476757526398,-2.6687228679656982,-0.6105208992958069,-1.1216478721412124,0.187587344298849,-0.23263007751670664
6.344510791670473,0.12625771760940552,-0.08343809843063354,-0.10474933683872223,0.07156392186880112,-2.6783177852630615,-0.6325652003288269,-1.1480097761450827,0.19346095231953855,-0.2348809080431564
6.354565791669302,0.1402895748615265,-0.06357169151306152,0.03492319583892822,-0.1618935763835907,-2.713228225708008,-0.5645800232887268,-1.17458740042572,0.1989694260011825,-0.23759341710721646
6.3646207916681306,0.1910451352596283,-0.015377581119537354,0.11224332451820374,-0.5972451567649841,-2.655348300933838,-0.42497000098228455,-1.200495871213585,0.2020957573193912,-0.24311250764236164
6.374674791666621,0.24611327052116394,0.03694182634353638,0.11421516537666321,-1.0613460540771484,-2.5798778533935547,-0.3790413737297058,-1.2249341121965283,0.20301484774747441,-0.25254896983679376
6.38472979166545,0.21535098552703857,0.03163963556289673,0.1462717354297638,-1.2242162227630615,-2.460853099822998,-0.3476920425891876,-1.2477456825741906,0.20259789067880699,-0.26506895832205624
6.394784791671555,0.17910823225975037,0.1591448187828064,0.14719849824905396,-1.0375462770462036,-2.2791993618011475,-0.32645705342292786,-1.2691383035143555,0.20225544290970612,-0.2773217342813968
6.404839791670383,0.16052910685539246,0.19056767225265503,0.14820513129234314,-0.5514428019523621,-2.0734097957611084,-0.3540268540382385,-1.2891993866801523,0.20319552967258356,-0.2862533058550585
6.414893791668874,0.12303435802459717,0.10758054256439209,0.1950603723526001,0.0018502227030694485,-1.8755561113357544,-0.40310198068618774,-1.308332459553788,0.20607376478123138,-0.2900531542747121
6.424948791667703,0.07806932926177979,0.04862511157989502,0.24811771512031555,0.560041069984436,-1.6813198328018188,-0.43679890036582947,-1.3264865952816909,0.21090368409348442,-0.2882345607204512
6.4350037916665315,0.06247955560684204,0.04300886392593384,0.2758926451206207,0.722999095916748,-1.547731637954712,-0.4308067858219147,-1.3438584421121371,0.21676337816383554,-0.28255290672482974
6.445057791672298,0.05501502752304077,-0.001363217830657959,0.32148733735084534,0.4969848692417145,-1.520807147026062,-0.346802681684494,-1.3604653508822784,0.22194013862601,-0.2770362513955868
6.455112791671127,0.034338921308517456,-0.06691491603851318,0.28061720728874207,-0.12733332812786102,-1.4504719972610474,-0.25149932503700256,-1.3757682739049273,0.2253059613209973,-0.2755639264044274
6.4651677916699555,-0.004926711320877075,-0.12714660167694092,0.28937870264053345,-0.7975870966911316,-1.3526514768600464,-0.15320336818695068,-1.3886427892791344,0.22643809541681606,-0.2808935943375649
6.475222791668784,-0.05526509881019592,-0.03727215528488159,0.18954554200172424,-1.0380475521087646,-1.2410404682159424,-0.04457781836390495,-1.3995329641871177,0.22581327574774887,-0.2904932396465095
6.485276791667275,-0.0822325348854065,-0.08375310897827148,-0.0015945136547088623,-0.7679047584533691,-1.0533546209335327,0.0018294381443411112,-1.408969692837134,0.22444616402480633,-0.2999089148602883
6.4953317916661035,-0.06088830530643463,-0.06970494985580444,-0.0241716206073761,-0.32042044401168823,-0.9489964842796326,-0.01353540364652872,-1.4177429468636864,0.22360861919933014,-0.30540014332847704
6.505386791672208,-0.028127163648605347,-0.15030115842819214,0.13390210270881653,0.015741271898150444,-0.9621521234512329,-0.0768360048532486,-1.4268993323902492,0.22387054301737835,-0.3069792235023056
6.515440791670699,0.0047617107629776,-0.20086413621902466,0.26121118664741516,0.20869235694408417,-1.0485202074050903,-0.09323335438966751,-1.4372274246055816,0.22487650711455176,-0.3058773498851064
6.5254957916695275,0.050430506467819214,-0.14981764554977417,0.23952344059944153,0.2746838927268982,-1.1419423818588257,-0.09959489852190018,-1.4489020821295064,0.22627986110591897,-0.3032506322994824
6.535550791668356,0.0699724555015564,-0.1503612995147705,0.14550063014030457,-0.04092227667570114,-1.119583249092102,-0.08322390913963318,-1.4606527448855302,0.22732243754918516,-0.3019819554834942
6.545604791666847,0.04658067226409912,-0.12759798765182495,0.16334915161132812,-0.400002658367157,-1.0873193740844727,-0.031655311584472656,-1.471123661551427,0.22774801021110735,-0.3043810438974573
6.555659666672,0.06413975358009338,-0.026971518993377686,0.16112008690834045,-0.8876492977142334,-1.0573034286499023,0.015002737753093243,-1.4804315499198255,0.22719404511996752,-0.3108989607494552
6.565714666670829,0.09743227064609528,-0.10029268264770508,0.18460789322853088,-1.247170090675354,-1.0205399990081787,0.05041548237204552,-1.4883130682010162,0.22585326632051278,-0.32214990239793845
6.5757696666696575,0.08783382177352905,-0.03171110153198242,0.124249666929245,-1.143082857131958,-0.9272905588150024,0.04328300431370735,-1.4953929317276358,0.22442802846149607,-0.33468932087091946
6.585823666668148,0.06523118913173676,0.044122397899627686,0.129405677318573,-0.8207497596740723,-0.7941504716873169,0.03647306188941002,-1.5017952578038367,0.22328639606127276,-0.3447716896843283
6.595878666666977,0.04372243583202362,-0.04316389560699463,0.24124479293823242,-0.4849621653556824,-0.6739507913589478,0.04327850416302681,-1.5076943235587401,0.22238449690076056,-0.3514953531501707
6.6059336666658055,0.007930576801300049,-0.10943228006362915,0.33959147334098816,0.04058630019426346,-0.6219670176506042,0.015544291585683823,-1.5136410624758943,0.22194935035052868,-0.35393722162337565
6.615987666671572,0.039242222905159,-0.08943068981170654,0.29522567987442017,0.5825456976890564,-0.5192217230796814,0.02442140504717827,-1.520128885398828,0.22200621689491934,-0.35059050573638534
6.626042666670401,0.06665204465389252,-0.07424330711364746,0.20518526434898376,0.8748788833618164,-0.40227577090263367,0.0750357136130333,-1.5264672047212626,0.221849155814851,-0.34268170393940883
6.6360976666692295,0.04279181361198425,-0.11367493867874146,0.26371729373931885,0.6673909425735474,-0.37592992186546326,0.17675276100635529,-1.532167719614843,0.22096537379311662,-0.33436851659624095
6.646152666668058,-0.004024222493171692,-0.2345220446586609,0.12462431192398071,0.10155302286148071,-0.3839090168476105,0.3299884796142578,-1.5368734099857504,0.21860278637095332,-0.33023657816932983
6.656206666666549,-0.04731488227844238,-0.19296032190322876,0.012131035327911377,-0.4479561746120453,-0.4367581009864807,0.5254799723625183,-1.5405968165869082,0.21425783487044192,-0.33201218783243625
6.666261666665378,-0.1014348566532135,-0.19191408157348633,-0.025778651237487793,-0.7524833679199219,-0.5291339755058289,0.7087794542312622,-1.5441704888137269,0.2078418431599207,-0.33812485131641423
6.676316666671482,-0.12694424390792847,-0.2043042778968811,-0.1167331337928772,-0.7453697919845581,-0.5647902488708496,0.824168860912323,-1.5481779196572945,0.19988733180741478,-0.3458216451756661
6.686370666669973,-0.1125854104757309,-0.13749229907989502,-0.10247820615768433,-0.5734431147575378,-0.5607932806015015,0.8105495572090149,-1.5525491101693714,0.19144565514031725,-0.3524079464493395
6.696425666668802,-0.039659082889556885,-0.055318593978881836,0.0994875431060791,-0.433458536863327,-0.592510461807251,0.727306604385376,-1.557328980514015,0.18360245375299444,-0.3574993488168491
6.70648066666763,0.03036610782146454,0.08619868755340576,0.12900063395500183,-0.09238972514867783,-0.6179603934288025,0.5787602066993713,-1.5629785450486553,0.17693853243936886,-0.3602401877569759
6.716534666666121,0.057212308049201965,0.2763824462890625,0.11836808919906616,0.2795521318912506,-0.5758414268493652,0.3392850458621979,-1.569210615539349,0.1722713114770138,-0.359181398322593
6.726589666672226,0.10291004180908203,0.33973658084869385,0.19474348425865173,0.47477787733078003,-0.4687795639038086,0.08047402650117874,-1.5751618885149012,0.17023119948859758,-0.3552297611011967
6.736644666671054,0.1394994854927063,0.32080554962158203,0.18594825267791748,0.6944127678871155,-0.29747679829597473,-0.09264636039733887,-1.5800682737169185,0.17030713719105972,-0.3492675359998689
6.746699666669883,0.13022924959659576,0.24244755506515503,0.2468050718307495,0.7775623202323914,-0.1126418188214302,-0.17048728466033936,-1.5834280897128303,0.1716299604384388,-0.3415687294744225
6.756753666668374,0.06601156294345856,0.21484947204589844,0.24948203563690186,0.5761561989784241,0.03897673264145851,-0.1528473049402237,-1.5849599788724436,0.1731886048387814,-0.33461014543953843
6.7668086666672025,-0.05211685597896576,0.08692312240600586,0.22937220335006714,0.393052339553833,0.13072051107883453,-0.12104032188653946,-1.584917630889728,0.1744540089787847,-0.32969207975257436
6.776863666666031,-0.12594245374202728,0.06282055377960205,0.15711760520935059,0.30543914437294006,0.18680614233016968,-0.1628631353378296,-1.5839407083570352,0.17579117331890098,-0.32619189759794004
6.786917666671798,-0.15470509231090546,0.04532575607299805,0.09176623821258545,0.2265043705701828,0.21389847993850708,-0.22058022022247314,-1.5823962050927534,0.1777461653131422,-0.32338754421010346
6.7969726666706265,-0.12756361067295074,-0.0026457905769348145,0.026413917541503906,0.23068606853485107,0.19139903783798218,-0.1733836829662323,-1.5807572706054651,0.1797246780669862,-0.3211048509818866
6.807027666669455,-0.11654461920261383,-0.05039024353027344,-0.026758909225463867,0.3349043130874634,0.15483342111110687,-0.11610694229602814,-1.5795289961676697,0.18111315826051932,-0.31817360597673805
6.817081666667946,-0.10754901170730591,-0.10732835531234741,-0.026995450258255005,0.38554802536964417,0.11112775653600693,-0.08457405120134354,-1.5788655124995201,0.1820960528684646,-0.31444855912510955
6.8271366666667745,-0.07658760249614716,-0.06090426445007324,-0.02441394329071045,0.3866454064846039,0.10005073994398117,-0.0809769481420517,-1.5785731504045162,0.18288565179458896,-0.3104294940772315
6.837191666665603,-0.034073516726493835,0.0006851553916931152,-0.00842440128326416,0.2910611033439636,0.12160290032625198,-0.10930206626653671,-1.5781360678188474,0.18379500990744274,-0.3069045925433124
6.847246666671708,0.013670623302459717,0.008384644985198975,-0.04543468356132507,0.1091470718383789,0.15697968006134033,-0.12142203003168106,-1.5771231103764147,0.18495618908397002,-0.30483067181142637
6.8573006666701986,0.044948041439056396,0.06298410892486572,-0.059899330139160156,0.01102370209991932,0.17721571028232574,-0.09454700350761414,-1.5755232451765555,0.1860603213054902,-0.3043426560219994
6.867355666669027,0.04978315532207489,0.06367301940917969,-0.03515779972076416,0.09944575279951096,0.1760946363210678,-0.06799212098121643,-1.5738598678277924,0.18685701515115105,-0.3038154114559549
6.877410666667856,0.03584161400794983,0.00510561466217041,0.03759768605232239,0.06886734068393707,0.16668783128261566,-0.045523032546043396,-1.5722897789705994,0.1873995127734496,-0.3028239365022541
6.887464666666347,0.014308348298072815,-0.08319658041000366,0.08338236808776855,-0.09178714454174042,0.10955929011106491,-0.04361732676625252,-1.5708593321067665,0.18782268357300463,-0.30293273120318254
6.8975196666651755,0.0038913190364837646,0.02283954620361328,0.020092129707336426,-0.1681881695985794,0.066804900765419,-0.07226681709289551,-1.5696848076543264,0.18842236650298425,-0.30442790932901875
6.90757466667128,-0.008543282747268677,0.018212199211120605,-0.009768068790435791,-0.09508244693279266,0.04121485352516174,-0.11215446889400482,-1.5688926048650098,0.18934721565290447,-0.3058773125393406
6.917629666670109,0.014484137296676636,-0.061132073402404785,0.00787922739982605,0.09631387889385223,0.07811587303876877,-0.13134680688381195,-1.5683269402859177,0.1905917799457439,-0.30590616125738795
6.9276836666685995,0.05719222128391266,-0.07832616567611694,0.04843464493751526,0.2609215974807739,0.16369135677814484,-0.08279761672019958,-1.5674896028203864,0.19170753032511087,-0.3040644566696921
6.937738666667428,0.04799163341522217,-0.12472039461135864,0.07652941346168518,0.3181670308113098,0.2675360143184662,0.0015510846860706806,-1.5658861668121378,0.1921457453115609,-0.3010317547807289
6.947793666666257,0.02540905773639679,-0.12141621112823486,0.06666877865791321,0.2869569957256317,0.3732663094997406,0.07049347460269928,-1.5632397377683507,0.19178900808604152,-0.2979189339288091
6.9578476666720235,0.0077333003282547,-0.10629308223724365,0.08101078867912292,0.2344394326210022,0.466894268989563,0.11128351837396622,-1.5595253531037805,0.19086459106768705,-0.295209461260954
6.967902666670852,0.003337547183036804,-0.09672117233276367,0.17376160621643066,0.12842653691768646,0.5192301869392395,0.12807218730449677,-1.5548960886760648,0.18968577563152034,-0.29327412718514273
6.977957666669681,0.01840139925479889,-0.028147876262664795,0.20222803950309753,-0.0689278095960617,0.5075591206550598,0.11163143813610077,-1.54972827161498,0.18848167389294812,-0.2929647960094556
6.98801266666851,0.021515488624572754,-0.009024441242218018,0.11765360832214355,-0.18184326589107513,0.44041791558265686,0.08428359031677246,-1.5447364281777018,0.1874545444263107,-0.29425734384026364
6.998066666667,0.010100483894348145,-0.009993672370910645,-0.001413971185684204,-0.18599939346313477,0.3884093165397644,0.0495770126581192,-1.5402420572432396,0.18671287925050256,-0.29620785401396443
7.008121666665829,0.013974562287330627,-0.034757792949676514,-0.035248517990112305,-0.08305885642766953,0.35672101378440857,0.0015113502740859985,-1.5362380320706912,0.18642186945513578,-0.2976145258638866
7.018176666671934,0.02075691521167755,-0.04198646545410156,-0.04780375957489014,-0.008385947905480862,0.3439767062664032,-0.00880520325154066,-1.532638358695691,0.1864697989052109,-0.29804030302209944
7.028230666670424,0.00745585560798645,-0.11613661050796509,-0.04689741134643555,0.00868544727563858,0.34322115778923035,0.029170941561460495,-1.5292012110498383,0.18639643763699354,-0.2980084358086269
7.038285666669253,-0.01912499964237213,-0.14121145009994507,-0.055067211389541626,-0.007637333124876022,0.33858752250671387,0.08575033396482468,-1.525800283679878,0.18583560231708132,-0.2979488650634632
7.048340666668082,-0.03807780146598816,-0.19725018739700317,-0.03968110680580139,0.002739851363003254,0.3349371552467346,0.16342642903327942,-1.5224033846856837,0.18459792459534038,-0.29792617898600127
7.0583946666665724,-0.04803210496902466,-0.1773400902748108,-0.02321043610572815,0.06400667130947113,0.34448832273483276,0.23557013273239136,-1.519077472360634,0.1825982070346989,-0.2975201254171845
7.068449666665401,-0.027712762355804443,-0.1469375491142273,0.015201687812805176,-0.047763533890247345,0.3445596694946289,0.2954762578010559,-1.5156630395306652,0.1799392698889279,-0.29698900028456493
7.078504666671506,0.00834701955318451,-0.044283151626586914,0.04123234748840332,-0.44976183772087097,0.30506259202957153,0.32627224922180176,-1.5119824950066139,0.17670613866189366,-0.29922112739551726
7.088559666670335,0.04159708321094513,-0.0024577975273132324,-0.013212472200393677,-0.7284361720085144,0.23586051166057587,0.37157389521598816,-1.5082313329548434,0.17280982228632982,-0.3052299771338028
7.098613666668825,0.033521756529808044,0.037782490253448486,-0.11696124076843262,-0.6460963487625122,0.19470348954200745,0.3327527344226837,-1.5049067228296649,0.16875559768149712,-0.3121772490488896
7.108668666667654,0.04533325135707855,0.037968218326568604,-0.10694849491119385,-0.36854681372642517,0.15496830642223358,0.24897827208042145,-1.5023097388944813,0.16549477091997847,-0.31724763086132124
7.118723666666483,0.07956720888614655,0.06987196207046509,-0.05262085795402527,-0.04166112467646599,0.18025609850883484,0.19766634702682495,-1.5003667522338426,0.16315497516062344,-0.3191192923617236
7.128777666672249,0.09012947976589203,0.060526371002197266,-0.09976199269294739,0.1359795331954956,0.2156068980693817,0.1806918978691101,-1.4985019396062575,0.16128423066237413,-0.31843827487166637
7.138832666671078,0.029865890741348267,-0.024287641048431396,-0.02991470694541931,0.12451568990945816,0.217621311545372,0.16507777571678162,-1.4965134174134247,0.1596674184267764,-0.3168734250068909
7.148887666669907,-0.020837008953094482,-0.07208192348480225,0.008229762315750122,0.06819488853216171,0.1640917807817459,0.16772277653217316,-1.4947564537257954,0.15807051577911133,-0.3158344821856318
7.158941666668397,-0.0384175181388855,-0.05126076936721802,-0.061297863721847534,0.0339042954146862,0.1512039452791214,0.15041595697402954,-1.493288150163157,0.15649809802512316,-0.31522564888327753
7.168996666667226,-0.024174973368644714,-0.047051310539245605,-0.05290019512176514,-0.027972964569926262,0.16571269929409027,0.15372122824192047,-1.4917367218112931,0.15498227414888147,-0.3149779969112047
7.179051666666055,0.028709188103675842,0.054952919483184814,-0.0460677444934845,-0.20448701083660126,0.10352283716201782,0.17453517019748688,-1.4901609545439367,0.15324087197756173,-0.3159696565595965
7.18910666667216,0.0287477970123291,0.04376131296157837,-0.06430172920227051,-0.2881864607334137,-0.03538591414690018,0.18676288425922394,-1.4894501316210085,0.15121764260913406,-0.31847501373260584
7.19916066667065,-0.009347125887870789,-0.02918606996536255,-0.20635733008384705,-0.17530307173728943,-0.1079152449965477,0.1864483654499054,-1.4898535923460843,0.14913512706390977,-0.3208006195678271
7.209215666669479,0.010137632489204407,-0.040510594844818115,-0.24160835146903992,-0.02444307878613472,-0.17634223401546478,0.19849571585655212,-1.4911288165275132,0.14714299465586847,-0.3215844648602534
7.219270666668308,0.003911346197128296,-0.00011140108108520508,-0.20265701413154602,0.041650187224149704,-0.2735729217529297,0.19945338368415833,-1.493435576594427,0.14515432540398598,-0.32128569113042776
7.229324666666798,-0.023464664816856384,-0.012026369571685791,-0.1770622730255127,0.025520043447613716,-0.3310268819332123,0.1881016045808792,-1.4965911459050554,0.1432102309984143,-0.32073929545864027
7.239379666665627,-0.003535717725753784,-0.00146484375,-0.08186516165733337,-0.03564451262354851,-0.29534822702407837,0.15294255316257477,-1.4998051766874085,0.14146980087262398,-0.320650676096754
7.249434666671732,0.05570469796657562,0.058550357818603516,0.08843496441841125,-0.033013973385095596,-0.19413840770721436,0.10888052731752396,-1.5022669244664684,0.14012895512379103,-0.3210007011208019
7.259489666670561,0.07992388308048248,0.07697916030883789,0.24003228545188904,0.1667550653219223,0.004009826574474573,0.07564294338226318,-1.5033880753557811,0.13925909987684898,-0.3203240169227963
7.269543666669051,0.11318697035312653,0.04339122772216797,0.37676891684532166,0.3384949266910553,0.23779316246509552,0.06308115273714066,-1.502510265491636,0.13877327699855782,-0.3175954753924229
7.27959866666788,0.15188315510749817,0.01650017499923706,0.5238920450210571,0.36225324869155884,0.42547571659088135,0.13647042214870453,-1.4996693564935843,0.13808328075180187,-0.3139947080740163
7.289653666666709,0.13502925634384155,-0.03347295522689819,0.48563873767852783,0.44791117310523987,0.6678252220153809,0.22446663677692413,-1.4948141962738395,0.13652327334228764,-0.3098526359087537
7.299707666665199,0.09291164577007294,-0.1227424144744873,0.44043049216270447,0.6603701114654541,0.9844910502433777,0.2731494903564453,-1.4873016793073268,0.13446969933047637,-0.30406189950824325
7.309762666671304,0.06546063721179962,-0.11440873146057129,0.3821205198764801,0.8952450752258301,1.244599461555481,0.29883861541748047,-1.477103501111812,0.13227248965789354,-0.2959895672946286
7.319817666670133,0.028621047735214233,-0.045841753482818604,0.35246649384498596,1.1922237873077393,1.4175554513931274,0.3169614374637604,-1.465085188009882,0.1302372247224162,-0.2852489464229322
7.329871666668623,-0.011764854192733765,-0.04881364107131958,0.23274031281471252,1.6764106750488281,1.6101446151733398,0.33206653594970703,-1.451822789360592,0.12857579259826274,-0.27055976833138384
7.339926666667452,-0.034821897745132446,-0.12215554714202881,0.27010026574134827,1.6984448432922363,1.8020328283309937,0.27958202362060547,-1.4369272885969493,0.1277007450336929,-0.2527598634255573
7.349981666666281,0.005508318543434143,-0.3161289095878601,0.4990949034690857,1.3720120191574097,1.9297308921813965,0.20715612173080444,-1.42011937411486,0.12754997831267226,-0.2368009733980844
7.360036666672386,0.048761382699012756,-0.2610313296318054,0.5563229322433472,1.0229815244674683,2.0892744064331055,0.2422637790441513,-1.4015597863757092,0.12721443141541328,-0.22460668459912048
7.370090666670876,0.0562586635351181,-0.13049185276031494,0.4285741448402405,1.1141345500946045,2.305968999862671,0.23762241005897522,-1.3808110674550786,0.1266797163829922,-0.2137158731336257
7.380145666669705,0.07648870348930359,0.19546616077423096,0.48322010040283203,1.2431391477584839,2.3187315464019775,0.2617887258529663,-1.3589583003445547,0.12661331117026395,-0.2016164906149479
7.390200666668534,0.10695286095142365,0.2274456024169922,0.390959233045578,1.3228821754455566,2.255716562271118,0.3136139214038849,-1.3376987914864678,0.12660395324444645,-0.1881273140011778
7.400254666667024,0.09323222935199738,-0.025083959102630615,0.2761377990245819,1.1010630130767822,2.306582450866699,0.3145313858985901,-1.3165051739900058,0.12653445866004115,-0.17524432511247748
7.410309666665853,0.0482056587934494,-0.09564757347106934,0.28837695717811584,0.6581383943557739,2.477433443069458,0.3041069209575653,-1.2937264671805235,0.12585003417586835,-0.1657565482083853
7.420364666671958,0.054357364773750305,-0.13256937265396118,0.37320446968078613,0.270571231842041,2.73502254486084,0.3810240924358368,-1.2682373285147424,0.12391084956544623,-0.1603531747274546
7.430418666670448,0.08310911059379578,-0.057954609394073486,0.1233597844839096,0.2720065712928772,2.9665582180023193,0.45611315965652466,-1.2400266050797901,0.12064857600561678,-0.15661675939376749
7.440473666669277,0.05376945436000824,0.0016733407974243164,-0.013341113924980164,0.484897255897522,3.140347957611084,0.42000389099121094,-1.2099038297453033,0.11778110751367499,-0.15164841559181105
7.450528666668106,0.037612006068229675,-0.03947633504867554,0.05558870732784271,0.5673971176147461,3.289884328842163,0.41749000549316406,-1.1782461148621515,0.11575718696018808,-0.145278065919038
7.460583666666935,0.02270364761352539,-0.150543212890625,0.2109808623790741,1.0618236064910889,3.1602072715759277,0.20633171498775482,-1.1467425459385339,0.11613130269832517,-0.1361917320333831
7.470637666665425,0.11149619519710541,0.16642820835113525,0.3109933137893677,0.7514544129371643,2.936380624771118,0.20085982978343964,-1.1172329539488817,0.11850369783864667,-0.12687107697594863
7.48069266667153,0.19435104727745056,0.1583847999572754,0.18192197382450104,0.25228744745254517,2.8464343547821045,0.3167307674884796,-1.088981273713836,0.1183979995153205,-0.1211405278544767
7.490747666670359,0.15997424721717834,-0.23334980010986328,0.10786125808954239,-0.09587655961513519,2.8826425075531006,0.4362996518611908,-1.0604797165253073,0.1153122806312736,-0.11882335935886217
7.500801666668849,0.07596029341220856,-0.24122846126556396,0.16571760177612305,-0.36949798464775085,3.0366649627685547,0.4348418414592743,-1.0307403242022373,0.11036535454982052,-0.1185563952056692
7.510856666667678,0.10176773369312286,-0.11405181884765625,0.17501139640808105,-0.5251914858818054,3.1788487434387207,0.503502368927002,-0.9993102225150458,0.1039785883415358,-0.12012424040186692
7.520911666666507,0.17294152081012726,-0.06166964769363403,-0.00024437904357910156,-0.45896369218826294,3.219738721847534,0.5974277853965759,-0.9669209087607298,0.09648492596979107,-0.12124332512861773
7.530965666672273,0.1725388914346695,0.026236295700073242,-0.20390188694000244,-0.19827762246131897,3.2066783905029297,0.5697764158248901,-0.9346619787061777,0.0897566613014942,-0.12051728608534848
7.541020666671102,0.16717912256717682,0.09020644426345825,-0.24098968505859375,-0.006772116757929325,3.132205009460449,0.5131951570510864,-0.9029866489935741,0.08485369832871384,-0.1178684482360126
7.55107549999957,0.16930542886257172,0.030265629291534424,-0.17812597751617432,0.04732423275709152,2.885517120361328,0.36209917068481445,-0.8728467430652296,0.08165109538797531,-0.1147813720504306
7.5611305000056745,0.1937035471200943,0.029973626136779785,-0.15405499935150146,-0.29713913798332214,2.569979190826416,0.2634194493293762,-0.8455082313099767,0.07861699507456259,-0.11360415149905195
7.571184500004165,0.15845134854316711,-0.019695937633514404,-0.1826024055480957,-0.6523553729057312,2.3565847873687744,0.23787274956703186,-0.8207426866300509,0.07352511585236726,-0.11555929511610917
7.581239500002994,0.07098576426506042,-0.08022499084472656,-0.10692824423313141,-0.8264054656028748,2.3685038089752197,0.2641903758049011,-0.7968446305437141,0.06647579925422294,-0.11930041311881041
7.591294500001823,0.017758414149284363,-0.03684133291244507,-0.09354162216186523,-0.7419237494468689,2.459432601928711,0.26896271109580994,-0.7723491928046219,0.05888340894689976,-0.12308512469426508
7.601348500000313,0.03878866136074066,0.012160003185272217,-0.16341792047023773,-0.46309664845466614,2.5595715045928955,0.25698167085647583,-0.7469694394574277,0.05259967436281682,-0.12535767616035406
7.611403499999142,0.07941287755966187,0.049273908138275146,-0.22405612468719482,-0.1634632796049118,2.561805486679077,0.2090144008398056,-0.7211682931780232,0.0487117159005861,-0.12576020276231314
7.621458500005247,0.11241774260997772,0.11884790658950806,-0.21513177454471588,0.15306513011455536,2.531336545944214,0.20065313577651978,-0.6955488073799991,0.047351263926246084,-0.12421215687839614
7.631512500003737,0.13216663897037506,0.22795438766479492,-0.11950542032718658,0.2852126657962799,2.3766703605651855,0.18615786731243134,-0.6709249404142527,0.047986289337700876,-0.12127492957605016
7.641567500002566,0.14904116094112396,0.11283892393112183,-0.07372762262821198,0.11561460793018341,2.1179964542388916,0.1768983155488968,-0.6484288970341103,0.04856903800888093,-0.1184988292381606
7.651622500001395,0.13418927788734436,-0.13676214218139648,-0.07569027692079544,-0.28482484817504883,1.9212327003479004,0.20608752965927124,-0.6283015512215809,0.04679966766677742,-0.11743232685128167
7.6616775000002235,0.021260038018226624,-0.17146611213684082,0.027753718197345734,-0.7216927409172058,2.0201642513275146,0.17974567413330078,-0.6086286174396907,0.04160097473560021,-0.11880838827782719
7.671731499998714,-0.029520153999328613,-0.15345311164855957,0.13932335376739502,-0.9099140167236328,2.252927541732788,0.2597554624080658,-0.587052492488038,0.03339383890638396,-0.12178380605857964
7.681786500004819,0.03260175883769989,-0.08122807741165161,0.11404847353696823,-0.8203242421150208,2.491464138031006,0.3717954456806183,-0.5631087019821185,0.02420960513609722,-0.12393023774163098
7.6918415000036475,0.10175393521785736,0.019353210926055908,-0.08115900307893753,-0.40509095788002014,2.6947851181030273,0.41062110662460327,-0.5370004139067406,0.016847544941383522,-0.12375439704576122
7.701895500002138,0.14026705920696259,0.09619337320327759,-0.112517349421978,-0.10216836631298065,2.7611420154571533,0.3576263189315796,-0.5095173637872116,0.012773010445096399,-0.12168587200841754
7.711950500000967,0.17702046036720276,0.08252614736557007,-0.14699697494506836,0.02957390621304512,2.7338547706604004,0.296991765499115,-0.48189531978970884,0.01099122062194905,-0.11890973929259271
7.722005499999796,0.18902131915092468,-0.016307950019836426,-0.08139144629240036,0.19538924098014832,2.595240831375122,0.2290010005235672,-0.4550113649461569,0.010722717318406261,-0.1159633545508349
7.732060499998624,0.18387998640537262,-0.08712828159332275,-0.03711283951997757,0.32631543278694153,2.327915906906128,0.05364629626274109,-0.43023230025701154,0.012588105478590355,-0.11356355120950208
7.742114500004391,0.19907039403915405,0.024756014347076416,-0.07021702080965042,0.07984040677547455,2.108513355255127,-0.05158957839012146,-0.40805975614470613,0.014686856023828083,-0.11263797609726038
7.75216950000322,0.18433332443237305,0.019664883613586426,-0.028379924595355988,-0.36764344573020935,2.002362012863159,-0.0998954325914383,-0.3874177280587484,0.01368620199227128,-0.11387970556028354
7.762224500002048,0.13425372540950775,-0.12267690896987915,0.07077013701200485,-0.7514888644218445,1.9206469058990479,-0.0712059959769249,-0.3677023024028603,0.008661624873985672,-0.11686578671747057
7.772278500000539,0.06687015295028687,-0.1785341501235962,-0.032377488911151886,-0.9022330641746521,1.9027998447418213,-0.08372192084789276,-0.34848336374314176,0.0009899243931619523,-0.12051428481404006
7.782333499999368,0.05623878538608551,-0.08893430233001709,-0.2598055601119995,-0.7189921140670776,1.9292725324630737,-0.13407669961452484,-0.3292358027248559,-0.006482659965936489,-0.12434540291609823
7.7923885000054725,0.08765682578086853,0.025302588939666748,-0.2730334997177124,-0.6108354330062866,1.9511455297470093,-0.16171492636203766,-0.3097227182559184,-0.012153847156816111,-0.12777785856991966
7.802442500003963,0.1334753930568695,-0.0017780065536499023,-0.24848270416259766,-0.6272250413894653,1.7944566011428833,-0.12349458038806915,-0.2908431424508379,-0.01767696425029026,-0.1310598431031453
7.812497500002792,0.14639005064964294,-0.09519320726394653,-0.21076440811157227,-0.695189356803894,1.5730494260787964,-0.022438058629631996,-0.27396513508295,-0.02380993585076129,-0.13362539699527878
7.8225525000016205,0.11916087567806244,-0.08773022890090942,-0.1228170394897461,-0.7705315351486206,1.3945369720458984,0.08018338680267334,-0.2591459744947173,-0.03104942029957463,-0.1353003280177577
7.832607500000449,0.07864855229854584,0.0029602646827697754,-0.014029987156391144,-0.8177874088287354,1.3352388143539429,0.1639564037322998,-0.24551343239203605,-0.03910653983413076,-0.1360802426170376
7.84266149999894,0.06636019051074982,0.08436673879623413,0.07567214965820312,-0.8587700128555298,1.3518116474151611,0.27531489729881287,-0.23203187306144354,-0.04781141810306459,-0.13594032016173122
7.8527165000050445,0.09218914806842804,0.13742458820343018,0.10064520686864853,-0.9055258631706238,1.401529312133789,0.36878061294555664,-0.21816850676938168,-0.05719086373027635,-0.134753603003384
7.862771500003873,0.12397347390651703,0.15263372659683228,0.08146011829376221,-0.8789637684822083,1.4553152322769165,0.4156820774078369,-0.20370797034909865,-0.06683568804277155,-0.13275274808367638
7.872825500002364,0.14485333859920502,0.17190414667129517,0.09541010856628418,-0.8136230707168579,1.5277326107025146,0.40716615319252014,-0.18851280659218694,-0.07594803617569446,-0.1302751991236525
7.882880500001193,0.13817882537841797,0.19066089391708374,0.16018210351467133,-0.73903888463974,1.604149580001831,0.3891144394874573,-0.17254667636055773,-0.08439075565136453,-0.1276969363530434
7.892935500000021,0.1108161211013794,0.1820952296257019,0.2031611055135727,-0.6732973456382751,1.6699166297912598,0.3507668673992157,-0.15590279531179813,-0.09190482752918964,-0.12516501378737396
7.902989499998512,0.0809396505355835,0.1189003586769104,0.2082979530096054,-0.6475805640220642,1.7527623176574707,0.3547786474227905,-0.13846434092852986,-0.09893323370876336,-0.12265087153092123
7.913044500004617,0.06272205710411072,0.0888444185256958,0.1937323808670044,-0.6602057814598083,1.8608745336532593,0.38373667001724243,-0.12005641954693741,-0.10597660353138975,-0.1198109575614089
7.923099500003445,0.0520901083946228,0.12128907442092896,0.14666640758514404,-0.5664627552032471,1.9705499410629272,0.40973737835884094,-0.10038834756428217,-0.11262052694053597,-0.11650532118481961
7.933154500002274,0.0753663182258606,0.15847188234329224,0.10355736315250397,-0.5658116936683655,2.0113823413848877,0.40929117798805237,-0.07989128241416435,-0.11853439970125798,-0.11286084130241977
7.943208500000765,0.09424138069152832,0.12093091011047363,0.06525804102420807,-0.6004636883735657,1.9861634969711304,0.38314133882522583,-0.059330042703554686,-0.12468797462979146,-0.1092744136697684
7.9532634999995935,0.10044248402118683,0.054621756076812744,-0.009299859404563904,-0.6128017902374268,1.9277851581573486,0.3763216435909271,-0.03918970725794244,-0.13093726755388427,-0.10572889476224596
7.963318500005698,0.09832274913787842,0.0480116605758667,-0.08893883228302002,-0.606812059879303,1.8286833763122559,0.33643895387649536,-0.019851515608020075,-0.13720845646673963,-0.10226356834638027
7.973372500004189,0.08774122595787048,0.07972484827041626,-0.1884540170431137,-0.49317464232444763,1.7336878776550293,0.3066239655017853,-0.001517310643761057,-0.1428840737632052,-0.0990933632443809
7.9834275000030175,0.06112046539783478,0.08453398942947388,-0.2207704782485962,-0.30121293663978577,1.6615517139434814,0.2858552932739258,0.015993157037643157,-0.14678046855397148,-0.09605143326965061
7.993482500001846,0.040094390511512756,0.07988345623016357,-0.19723296165466309,-0.19401121139526367,1.5465084314346313,0.25331130623817444,0.032555173112130124,-0.14918538274009618,-0.09329966721848232
8.003536500000337,0.042182162404060364,0.0678396224975586,-0.21504856646060944,-0.10284188389778137,1.4120864868164062,0.30752527713775635,0.047825375823173706,-0.1505499011296869,-0.09040096915310002
8.013591499999166,0.043296054005622864,0.07758539915084839,-0.248664990067482,-0.07267700880765915,1.2678053379058838,0.3607251048088074,0.06183736047042586,-0.15122236552542995,-0.08695824106331859
8.02364650000527,0.04783014953136444,0.054506778717041016,-0.2865561246871948,-0.05068143084645271,1.139657735824585,0.394188791513443,0.07451299471099176,-0.1516454257638568,-0.08306437705962715
8.0337015000041,0.04629799723625183,0.04520726203918457,-0.3075092136859894,0.06859605759382248,1.0315570831298828,0.39091378450393677,0.08603203091060267,-0.15129585341509794,-0.07908458926187255
8.04375550000259,0.05782464146614075,0.13078618049621582,-0.34588778018951416,0.21422675251960754,0.9218441843986511,0.3491716682910919,0.0963695491983843,-0.14950248637178923,-0.07543735913984666
8.053810500001418,0.06957769393920898,0.20152199268341064,-0.3670293092727661,0.3896833062171936,0.8153282403945923,0.2752973437309265,0.10554640129440258,-0.14617511227530183,-0.07256664515054079
8.063865500000247,0.08232049643993378,0.18966388702392578,-0.319707989692688,0.4846401810646057,0.6859476566314697,0.21603776514530182,0.11343237704933173,-0.14147012086638805,-0.07056297104938586
8.073919499998738,0.0867675244808197,0.14080417156219482,-0.27702784538269043,0.43413856625556946,0.5399981737136841,0.1523050218820572,0.11976107309699312,-0.13657059205324795,-0.06927736154034761
8.083974500004842,0.07967217266559601,0.09314459562301636,-0.24979270994663239,0.3074011206626892,0.41305750608444214,0.0732560008764267,0.12463162749298365,-0.1327294011903968,-0.06858581954329232
8.094029500003671,0.06554590165615082,0.075778067111969,-0.19951573014259338,0.14690226316452026,0.325304239988327,0.01235041581094265,0.12835054998871603,-0.13045132360229472,-0.06847067719703195
8.104083500002162,0.05710424482822418,0.0978657603263855,-0.19176329672336578,0.11815610527992249,0.23624785244464874,-0.03848133981227875,0.13112717665476148,-0.12923370884360036,-0.06877932804740071
8.11413850000099,0.051454588770866394,0.09771460294723511,-0.16178476810455322,0.1617574542760849,0.15243710577487946,-0.07455608993768692,0.13297209909927235,-0.127922220989689,-0.06957949792839092
8.12419349999982,0.03997492790222168,0.06454628705978394,-0.13154302537441254,0.26844102144241333,0.08316003531217575,-0.07771965861320496,0.13400194376129723,-0.1259093540367806,-0.07063806159900195
8.134248499998648,0.015403151512145996,0.027029037475585938,-0.08263052254915237,0.2870940864086151,0.0525861531496048,-0.08358383923768997,0.1344929963115905,-0.12320552913878878,-0.07188817415385146
8.144302500004414,0.00030402839183807373,-0.037487685680389404,-0.02787020057439804,0.2506535053253174,0.04713812470436096,-0.07374558597803116,0.13483359991411317,-0.12057396542050076,-0.0730676711274156
8.154357500003243,-0.00289309024810791,-0.0755225419998169,0.013095036149024963,0.1705830842256546,0.04794159531593323,-0.05650939419865608,0.13520069352922237,-0.11855449265883183,-0.07400793146401131
8.164412500002072,-0.0016747117042541504,-0.0784711241722107,0.03341972827911377,0.13075418770313263,0.04442062973976135,-0.04017889127135277,0.13556143998572895,-0.11718151185006317,-0.07469727807633933
8.174466500000563,-0.0003337860107421875,-0.05300825834274292,0.05530382692813873,0.16605566442012787,0.05895150452852249,-0.01365234237164259,0.13600983700290437,-0.11577243131975383,-0.07518103528284144
8.184521499999391,0.0005483925342559814,-0.021308481693267822,0.06055593490600586,0.20935814082622528,0.08386750519275665,0.0028725718148052692,0.13668154341613512,-0.11390160119839475,-0.07548622890436017
8.194576500005496,0.012721270322799683,-0.03645068407058716,0.07936632633209229,0.18239225447177887,0.08133870363235474,0.006295452825725079,0.13748839879855768,-0.11180462285882346,-0.07576360409789991
8.204630500003987,0.028684094548225403,-0.07124263048171997,0.09674884378910065,0.11346405744552612,0.0627458393573761,0.022915974259376526,0.13823901088722182,-0.11026262861031,-0.07577661444921922
8.214685500002815,0.026455476880073547,-0.05174905061721802,0.08190083503723145,0.009455900639295578,0.05264393985271454,0.02351348288357258,0.13883210208044255,-0.10962852474175144,-0.07561621317147652
8.224740500001644,0.026978343725204468,-0.03388279676437378,0.06851208209991455,-0.05083061009645462,0.06881465762853622,0.026307404041290283,0.1394497153023244,-0.10980202345788383,-0.07534637453881987
8.234795500000473,0.027637585997581482,-0.02158033847808838,0.05658675730228424,-0.07139873504638672,0.07485097646713257,0.03412676230072975,0.14019644473245543,-0.1104170802066997,-0.07495347566310291
8.244849499998963,0.024397224187850952,-0.011184990406036377,0.042860619723796844,-0.07981113344430923,0.09391547739505768,0.04306619614362717,0.14108106540729506,-0.11114774105638812,-0.07445795502438071
8.254904500005068,0.018268823623657227,-0.015959322452545166,0.039755091071128845,-0.06507186591625214,0.11666207015514374,0.05550241097807884,0.14217521699984945,-0.11181921849345165,-0.07388133100455892
8.264959500003897,0.00847749412059784,-0.020045042037963867,0.03000807762145996,-0.04626355320215225,0.1432952880859375,0.07369153946638107,0.14355403936467667,-0.11230879952160087,-0.07314298269252169
8.275013500002387,0.004448696970939636,-0.01573556661605835,0.015176534652709961,-0.03106081113219261,0.1584119200706482,0.09087318927049637,0.1451641287498711,-0.11262237943559733,-0.07224337419608624
8.285068500001216,0.0045238882303237915,-0.015569865703582764,0.0018627792596817017,-0.015494368970394135,0.17298392951488495,0.1136125922203064,0.14693847138586894,-0.1128393975136497,-0.07113637676998281
8.295123500000045,0.005260184407234192,-0.0049713850021362305,-0.0264882892370224,-0.0187748484313488,0.17951878905296326,0.12015586346387863,0.1488475371093683,-0.11290341494014414,-0.06990203305717829
8.305177499998535,0.011997848749160767,-0.0003483295440673828,-0.048903241753578186,-0.010448477230966091,0.17356769740581512,0.1285642683506012,0.15077373565986502,-0.11294071500075437,-0.06861201254282626
8.31523250000464,0.01891946792602539,0.002825915813446045,-0.06261204183101654,0.004450798965990543,0.14883986115455627,0.11928226798772812,0.15253776479865327,-0.11281797697633134,-0.06734847493668719
8.32528750000347,0.02480234205722809,0.021630048751831055,-0.08435176312923431,0.03507555276155472,0.11988196521997452,0.11271464824676514,0.15401718727665678,-0.11248313911654938,-0.06619325364009646
8.335342500002298,0.02449852228164673,0.0391315221786499,-0.0795971155166626,0.08808697760105133,0.08720458298921585,0.09975659102201462,0.1551616859792811,-0.11177459041497316,-0.06521831715792839
8.345396500000788,0.024864643812179565,0.05255270004272461,-0.06764745712280273,0.14315395057201385,0.054540377110242844,0.0853361040353775,0.15596254950097674,-0.11048221517641313,-0.06449484475587453
8.355451499999617,0.024509981274604797,0.050755083560943604,-0.06528066098690033,0.1690514236688614,0.016830015927553177,0.07197268307209015,0.15637131098537219,-0.10878695634119431,-0.06396596263683406
8.365506500005722,0.027423366904258728,0.019958198070526123,-0.06613789498806,0.13806048035621643,-0.03388509154319763,0.0588022843003273,0.1563398507729129,-0.10712959070808557,-0.06355663255059628
8.375560500004212,0.029287219047546387,0.007117629051208496,-0.06741452217102051,0.08544635772705078,-0.09902654588222504,0.049470193684101105,0.15570979715650388,-0.10589999692240824,-0.06318854430667964
8.385615500003041,0.028023898601531982,0.0019469857215881348,-0.07557272911071777,0.056518569588661194,-0.15840758383274078,0.04238298907876015,0.15446118981663015,-0.10511610658763527,-0.0628416277186929
8.39567050000187,0.020849749445915222,-0.00100785493850708,-0.07320821285247803,0.067763552069664,-0.20495310425758362,0.038049519062042236,0.15265889656716475,-0.10443774486682544,-0.06253999326871286
8.40572450000036,0.01176472008228302,0.006466329097747803,-0.06507562845945358,0.1235935240983963,-0.2248879224061966,0.039778176695108414,0.15052737448865,-0.10337397882363455,-0.062275981157656146
8.41577949999919,0.005637019872665405,0.015993595123291016,-0.044719450175762177,0.19559447467327118,-0.24188262224197388,0.04840724542737007,0.148217295197894,-0.10162290100623642,-0.06207771793251674
8.425834500005294,0.0028776973485946655,0.010963618755340576,-0.017595767974853516,0.2137146294116974,-0.2529211640357971,0.044937148690223694,0.14572348126045465,-0.09918189697108444,-0.061970761016544355
8.435889500004123,0.0061018019914627075,-0.031718909740448,-0.006623029708862305,0.19865232706069946,-0.263461709022522,0.06754456460475922,0.1431669037470434,-0.09686389883489917,-0.06164036789219204
8.445943500002613,0.0004843473434448242,-0.05994749069213867,0.007431387901306152,0.11072113364934921,-0.2580195367336273,0.09139077365398407,0.14061077304390432,-0.09506392856848912,-0.06098612001999136
8.455998500001442,-0.0017180144786834717,-0.05083632469177246,-0.0013303756713867188,0.05484752729535103,-0.24308650195598602,0.0911467969417572,0.1381655807040395,-0.09401566056658836,-0.0601764505791714
8.466053500000271,0.008466124534606934,-0.013134300708770752,-0.005427241325378418,0.06978333741426468,-0.2319164127111435,0.09756102412939072,0.13589349164207132,-0.09317496253417554,-0.05926952668223785
8.476107499998761,0.016659095883369446,0.041165173053741455,-0.01624978333711624,0.1370730698108673,-0.2362259477376938,0.09950070828199387,0.13365808470215265,-0.09191301076671418,-0.05842135896755484
8.486162500004866,0.019911974668502808,0.05585205554962158,-0.035619258880615234,0.20763245224952698,-0.2589925229549408,0.10353700071573257,0.13125896783266444,-0.08994292808795187,-0.057633449101962594
8.496217500003695,0.0249670147895813,0.012533426284790039,-0.047464728355407715,0.19807139039039612,-0.29837918281555176,0.1107490211725235,0.1285371869352102,-0.08771449429850925,-0.05683744157423852
8.506271500002185,0.023374810814857483,-0.040243446826934814,-0.048224084079265594,0.13144256174564362,-0.33173900842666626,0.11400500684976578,0.1254540712750641,-0.08587558789952578,-0.05595534947941655
8.516326500001014,0.026794329285621643,-0.0496562123298645,-0.04333365708589554,0.004146000370383263,-0.371733695268631,0.11714766919612885,0.12199773249051456,-0.08496735802850255,-0.054925478660901424
8.526381499999843,0.045802101492881775,-0.050462543964385986,-0.073318250477314,-0.10322093963623047,-0.4186500906944275,0.14581872522830963,0.11818749102012306,-0.08528983321316962,-0.053536487838627723
8.536436499998672,0.06453453004360199,-0.04565006494522095,-0.11313463002443314,-0.20619361102581024,-0.4725664258003235,0.1608920842409134,0.11383299300333133,-0.08667990867253546,-0.05179793749278661
8.546490500004438,0.06422536075115204,-0.033963561058044434,-0.12301969528198242,-0.23482365906238556,-0.5133119821548462,0.16784852743148804,0.10903908291559886,-0.0887598861031239,-0.04988574332818177
8.556545791667304,0.06129949539899826,0.026774883270263672,-0.14532387256622314,-0.22103425860404968,-0.5356588363647461,0.1654224991798401,0.10391354811790013,-0.09086139285641238,-0.04797277810021418
8.566600791666133,0.07433656603097916,0.09717488288879395,-0.17953205108642578,-0.1812993586063385,-0.5672181248664856,0.1683485060930252,0.09853284891277632,-0.09269641356264643,-0.04612408831889428
8.5766547916719,0.08642078191041946,0.07947951555252075,-0.13351774215698242,-0.11344818770885468,-0.6111686825752258,0.1799074113368988,0.09284441908587059,-0.09404998781106537,-0.044198573029621775
8.586709791670728,0.05943000316619873,-0.010436415672302246,-0.0474017858505249,-0.01316152885556221,-0.7005265355110168,0.140387162566185,0.08640452545729456,-0.09449479525315398,-0.042541885811386425
8.596764791669557,0.06093189865350723,0.006119847297668457,-0.049728766083717346,-0.08708914369344711,-0.800923764705658,0.11008557677268982,0.07896830106477512,-0.09480675950620149,-0.04124188684535366
8.606818791668047,0.08230579644441605,0.06606310606002808,-0.12450265884399414,-0.18317706882953644,-0.8575572371482849,0.09635032713413239,0.07071223889609965,-0.09614381366880656,-0.04010751170683285
8.616873791666876,0.09156425297260284,0.06937944889068604,-0.14210009574890137,-0.17237098515033722,-0.9282358288764954,0.05677353963255882,0.06183590598775053,-0.09792865050688475,-0.039194333218010885
8.626928791665705,0.08848849684000015,0.07781350612640381,-0.10651684552431107,-0.14698466658592224,-0.992591381072998,0.022804921492934227,0.05221393219021293,-0.09946045736334662,-0.03871704170085877
8.63698379167181,0.09319797903299332,0.10998386144638062,-0.11582231521606445,-0.14779244363307953,-1.0660231113433838,0.0034338596742600203,0.04188499610079597,-0.10092851866502117,-0.03851587294849136
8.6470377916703,0.0944913700222969,0.09524905681610107,-0.12212753295898438,-0.08444596081972122,-1.1386626958847046,-0.026133885607123375,0.030806168120117328,-0.10214551567965313,-0.03857211485262081
8.657092791669129,0.1018044501543045,0.05134075880050659,-0.1255493015050888,-0.0729513093829155,-1.2481108903884888,-0.06633467972278595,0.01879451418835586,-0.10286841157011718,-0.03902086660308064
8.667147791667958,0.12081816047430038,0.03531670570373535,-0.1585240662097931,-0.12826304137706757,-1.3508449792861938,-0.10208041965961456,0.005619087816092226,-0.10383051893383831,-0.039845768598343226
8.677201791666448,0.14056441187858582,0.056192100048065186,-0.16070331633090973,-0.18474744260311127,-1.4396721124649048,-0.13616861402988434,-0.008530114100209317,-0.10550329080093802,-0.04106448750483221
8.687256791665277,0.16154249012470245,0.08584457635879517,-0.17597924172878265,-0.15599969029426575,-1.567353367805481,-0.1696448177099228,-0.02378441954963172,-0.1072344114283375,-0.04263608714398033
8.697311791671382,0.17496740818023682,0.0811644196510315,-0.23963604867458344,-0.07701361179351807,-1.709246277809143,-0.22119952738285065,-0.04048112628149635,-0.10828255135972603,-0.044622344177059306
8.707365791669872,0.1911693513393402,0.049983441829681396,-0.25843894481658936,-0.0374334454536438,-1.8711118698120117,-0.28039199113845825,-0.05874854129025091,-0.10875598457677438,-0.047210348506293943
8.717420791668701,0.21249568462371826,0.04069709777832031,-0.2712150812149048,-0.09573310613632202,-2.0707576274871826,-0.3151819705963135,-0.07888827826524333,-0.10910226906482688,-0.05025568501375638
8.72747579166753,0.2275082767009735,0.02673327922821045,-0.2622087001800537,-0.22819234430789948,-2.254859209060669,-0.33698180317878723,-0.10100665761396496,-0.11042887154060713,-0.0537011825858517
8.737530791666359,0.2385517954826355,-0.01924574375152588,-0.23067247867584229,-0.32341113686561584,-2.4376440048217773,-0.3417878746986389,-0.12503841098365473,-0.11283180625280936,-0.05743730660747392
8.747584791672125,0.23902976512908936,-0.04695004224777222,-0.1464366763830185,-0.5947299599647522,-2.6329751014709473,-0.3527792692184448,-0.1509612791701367,-0.11675509702598956,-0.06151284071860061
8.757639791670954,0.24448449909687042,-0.11652839183807373,-0.11410906910896301,-1.1229127645492554,-2.83009934425354,-0.37046879529953003,-0.1790797582183341,-0.12452609474337155,-0.06655120810486619
8.767694791669783,0.24045059084892273,-0.21288353204727173,-0.14909113943576813,-1.4843841791152954,-2.983184576034546,-0.376408189535141,-0.2091790350637909,-0.1368892784801882,-0.07284826432040255
8.777748791668273,0.21413350105285645,-0.12437963485717773,-0.15695783495903015,-1.5780006647109985,-3.038705587387085,-0.4384323060512543,-0.24059065894148485,-0.15116288865182886,-0.08039739099019388
8.787803791667102,0.206486314535141,0.05410623550415039,-0.11710593104362488,-1.4995663166046143,-3.0089967250823975,-0.42983537912368774,-0.27233872878605,-0.165119650382762,-0.08868168454591287
8.79785879166593,0.21606644988059998,0.038328588008880615,-0.0717439353466034,-1.2743507623672485,-2.9856045246124268,-0.40518608689308167,-0.3038641099758612,-0.17726261905561905,-0.09681994054805197
8.807912791671697,0.22360119223594666,-0.025177359580993652,0.0010962337255477905,-1.1732869148254395,-2.9460818767547607,-0.38187703490257263,-0.33506164877904954,-0.18768726933342245,-0.1045876193261919
8.817967791670526,0.20081055164337158,-0.03621488809585571,0.06455084681510925,-1.0352576971054077,-2.85129976272583,-0.3736034035682678,-0.36566216544388264,-0.19685668699913964,-0.11209329690028705
8.828022791669355,0.1578497290611267,0.020847856998443604,0.10742354393005371,-0.8533526062965393,-2.690572500228882,-0.3815063238143921,-0.3949400771410492,-0.20437156306592982,-0.11929568919022068
8.838077791668184,0.12197326123714447,0.05227106809616089,0.14930501580238342,-0.6393649578094482,-2.4926652908325195,-0.3717873990535736,-0.42235184885132987,-0.20979311022411945,-0.12591433232392088
8.848131791666674,0.1289830058813095,0.038324058055877686,0.19329878687858582,-0.4620261490345001,-2.3802638053894043,-0.38704144954681396,-0.4479571767602407,-0.2131315492031711,-0.13175595795038927
8.858186791665503,0.16522783041000366,0.06571853160858154,0.1377680003643036,-0.3214210867881775,-2.3874363899230957,-0.407137393951416,-0.47307576936112467,-0.2148709570806813,-0.1372698006803764
8.868241791671608,0.17233678698539734,0.09502005577087402,0.07014894485473633,-0.15843510627746582,-2.3829572200775146,-0.4246087968349457,-0.49803932260052813,-0.21503364531005711,-0.14216167214663544
8.878295791670098,0.1593536138534546,0.06916695833206177,0.0842914879322052,-0.036242078989744186,-2.3679795265197754,-0.46013668179512024,-0.5228399482140942,-0.21366929338677448,-0.14659751054875175
8.888350791668927,0.1530739963054657,0.03570979833602905,0.11507809162139893,-0.11039216071367264,-2.389632225036621,-0.5000736117362976,-0.5477051803558668,-0.21168543487952587,-0.1511118647669962
8.898405791667756,0.15011286735534668,-0.021626830101013184,0.11652851104736328,-0.30942586064338684,-2.3820407390594482,-0.5412769913673401,-0.5729044053014071,-0.2107301575041762,-0.15682836303667516
8.908459791666246,0.15012390911579132,-0.024214744567871094,0.11216068267822266,-0.3360351026058197,-2.398261070251465,-0.592841625213623,-0.5983869083589768,-0.21043788405173094,-0.16354560740528457
8.91851479167235,0.14066259562969208,0.08785009384155273,0.09209555387496948,-0.1510036736726761,-2.4665775299072266,-0.6447088718414307,-0.6242341026408903,-0.2089302326212528,-0.170267422344599
8.92856979167118,0.13671520352363586,0.13016819953918457,0.037511974573135376,0.10328852385282516,-2.5453171730041504,-0.7020592093467712,-0.6506011856627869,-0.2050936086124092,-0.17595783008782392
8.938624791670009,0.11828850209712982,0.04680812358856201,0.0192488431930542,0.2687419652938843,-2.5888593196868896,-0.702885627746582,-0.6773518460594367,-0.1991964374596711,-0.18044245114106827
8.948678791668499,0.07743139564990997,-0.005845785140991211,-0.009883761405944824,0.3101232349872589,-2.54219651222229,-0.7304355502128601,-0.7039412800862035,-0.1923196943005745,-0.18413844044333363
8.958733791667328,0.0694432184100151,-0.07000303268432617,0.01210281252861023,0.2383122444152832,-2.4806571006774902,-0.7368687987327576,-0.7298949020096716,-0.18530377195614525,-0.18795158651221633
8.968788791666157,0.0815214067697525,-0.08846145868301392,0.01006290316581726,0.21106891334056854,-2.45359468460083,-0.7045716047286987,-0.7553873190831494,-0.17876547090816028,-0.19182893945202323
8.978842791671923,0.0702042207121849,-0.06893420219421387,-0.053572773933410645,0.14458230137825012,-2.4383816719055176,-0.6825586557388306,-0.780640576428056,-0.17248748662302268,-0.1956261795285202
8.988897791670752,0.0797540470957756,-0.08827894926071167,-0.07605120539665222,-0.022760093212127686,-2.389822006225586,-0.6782035827636719,-0.8056207651002721,-0.16721250379802943,-0.2000546760520307
8.99895279166958,0.09233517944812775,-0.1031653881072998,-0.009385347366333008,-0.027190882712602615,-2.3587138652801514,-0.6392769813537598,-0.8302761659337479,-0.16264991306108315,-0.2049053560182664
9.009006791668071,0.10497267544269562,-0.012630999088287354,0.017158836126327515,0.127212792634964,-2.400155544281006,-0.6024380326271057,-0.8548858456864655,-0.15759311619453104,-0.20868928171206916
9.0190617916669,0.12553063035011292,-0.014581263065338135,-0.00804254412651062,0.23830026388168335,-2.444134473800659,-0.5670612454414368,-0.8796107921505798,-0.15194296889077144,-0.21114686262924187
9.029116791665729,0.14175383746623993,-0.027815818786621094,-0.0011261403560638428,0.35415202379226685,-2.4760520458221436,-0.5253238677978516,-0.9045549710133322,-0.1458437020234648,-0.2123438530933017
9.039171791671833,0.14161521196365356,-0.02203369140625,-0.04521188139915466,0.5430580377578735,-2.511207103729248,-0.4790321886539459,-0.9295746773721985,-0.13908251353904283,-0.21181142475926368
9.049225791670324,0.15500465035438538,-0.03893166780471802,-0.09402674436569214,0.6798393130302429,-2.545097589492798,-0.45326319336891174,-0.9547039254607894,-0.13164198810226677,-0.20952585571127502
9.059280791669153,0.1576765924692154,-0.07161962985992432,-0.09014391899108887,0.7492591142654419,-2.5660994052886963,-0.42421954870224,-0.9799656390219492,-0.12393813763075236,-0.2060839072124707
9.069335791667982,0.15108993649482727,-0.09372788667678833,-0.04665714502334595,0.6918810606002808,-2.5648326873779297,-0.4218038022518158,-1.0053333807181406,-0.1163517563670372,-0.2021237189098386
9.079389791666472,0.1630907505750656,-0.10567688941955566,0.007900357246398926,0.383088082075119,-2.533080816268921,-0.4379688501358032,-1.0306777752415834,-0.10976364953893507,-0.1997284127017297
9.0894447916653,0.177337646484375,-0.12674540281295776,0.14098277688026428,-0.027431810274720192,-2.5180704593658447,-0.4825075566768646,-1.0561508802280397,-0.10485016570239612,-0.20044278289362708
9.099499791671406,0.1829225718975067,-0.03995484113693237,0.24299967288970947,-0.33992213010787964,-2.5611701011657715,-0.48686790466308594,-1.0820868003688189,-0.10150256597611614,-0.20456241444572654
9.109553791669896,0.1717839241027832,0.0561901330947876,0.17059671878814697,-0.3800506293773651,-2.5875022411346436,-0.44989708065986633,-1.108648320111044,-0.09897808626394272,-0.21017651009451507
9.119608791668725,0.1413259506225586,0.056952595710754395,0.11202678084373474,-0.2189289927482605,-2.557644844055176,-0.46078789234161377,-1.1350269097092331,-0.096313835674562,-0.21493679573384922
9.129663791667554,0.12374752759933472,0.09257006645202637,0.12797555327415466,0.00032960192766040564,-2.512796401977539,-0.465925931930542,-1.160807482621628,-0.09253119925191397,-0.2179365536710539
9.139717791666044,0.12172073125839233,0.04537850618362427,0.13554251194000244,0.2945344150066376,-2.4991068840026855,-0.44694915413856506,-1.186048232528668,-0.08773132252767109,-0.21837761774911807
9.149772791672149,0.11295950412750244,2.682209014892578e-05,0.10215288400650024,0.5495619177818298,-2.4500765800476074,-0.424090176820755,-1.2107676763699229,-0.08209315212183421,-0.21592027270406555
9.159827791670978,0.08722575753927231,-0.07092410326004028,0.13823115825653076,0.6227079629898071,-2.3668699264526367,-0.40544843673706055,-1.2346351264385633,-0.07612184506715325,-0.21167425221085628
9.169882791669806,0.07594868540763855,-0.2056865692138672,0.2282421886920929,0.4146307110786438,-2.3578498363494873,-0.39772260189056396,-1.2580689251598498,-0.07058169037641326,-0.20785258083751806
9.179936791668297,0.06122986972332001,-0.1802920699119568,0.17072942852973938,0.18647296726703644,-2.3234775066375732,-0.3397393226623535,-1.2815324080790966,-0.06617594112805378,-0.20618389372611373
9.189991791667126,0.04794834926724434,-0.16914254426956177,0.11675333976745605,0.03554391488432884,-2.301029920578003,-0.30101561546325684,-1.3046961242034074,-0.062825933995165,-0.2058351478319666
9.200046791665955,0.08226711302995682,-0.12881958484649658,0.16396492719650269,-0.2667906880378723,-2.316148281097412,-0.30042219161987305,-1.3279746728885378,-0.06014552265208197,-0.20776656518396697
9.21010079167172,0.12859368324279785,-0.06299686431884766,0.11130133271217346,-0.4113398790359497,-2.385309934616089,-0.28813087940216064,-1.3518214224985263,-0.05811936181420526,-0.21202324404818404
9.22015579167055,0.11732217669487,0.030230402946472168,0.006374746561050415,-0.35973626375198364,-2.433455228805542,-0.3284464180469513,-1.3763957437722716,-0.05591572228815708,-0.21651782082012683
9.230210791669379,0.07639406621456146,0.07390499114990234,-0.008952528238296509,-0.29823240637779236,-2.395493984222412,-0.34938791394233704,-1.4009247359609918,-0.05316892288807407,-0.22042632431562859
9.240264791667869,0.0598590262234211,0.04777449369430542,-0.01865902543067932,-0.17249667644500732,-2.3559811115264893,-0.35252898931503296,-1.4249590057567119,-0.05004510406919069,-0.2234405120051849
9.250319791666698,0.053811393678188324,0.07716405391693115,-0.03080734610557556,0.04133598133921623,-2.2902212142944336,-0.36739659309387207,-1.4483479725359818,-0.04656426303580625,-0.22457726336263376
9.260374791665527,0.06229633837938309,0.07517391443252563,0.007964015007019043,0.22427943348884583,-2.286597490310669,-0.40104037523269653,-1.471242461489649,-0.04259804861942654,-0.2235992135508441
9.270429791671631,0.07681433856487274,0.049636781215667725,-0.00783073902130127,0.14231160283088684,-2.334202289581299,-0.4743369519710541,-1.4944373668852362,-0.03806016406496114,-0.2219542750784676
9.280483791670122,0.09121675789356232,0.06374597549438477,-0.03533512353897095,-0.21938075125217438,-2.376633882522583,-0.4972057640552521,-1.5181203639944623,-0.03317411316533984,-0.22250806025003134
9.29053879166895,0.09803339838981628,0.05163854360580444,-0.0033334195613861084,-0.5920834541320801,-2.4107370376586914,-0.5725812315940857,-1.5423292521144245,-0.027999966018762566,-0.22673864774735175
9.30059379166778,0.12259233742952347,0.1151701807975769,0.07310783863067627,-0.850888192653656,-2.474447011947632,-0.5854181051254272,-1.5671408366205108,-0.022153684795122898,-0.234327299524693
9.31064779166627,0.11673715710639954,0.18332821130752563,0.061420291662216187,-0.7672915458679199,-2.473477363586426,-0.6496713757514954,-1.5922989728932166,-0.015826310128857348,-0.24248256797737633
9.320702791672375,0.10461413115262985,0.11833047866821289,0.05622246861457825,-0.5480747818946838,-2.359377861022949,-0.6694502234458923,-1.616747137170389,-0.009037992606256966,-0.24888986306599584
9.330757791671203,0.09609624743461609,0.057963430881500244,0.10032743215560913,-0.2980028986930847,-2.182373523712158,-0.6786479949951172,-1.6396122147895342,-0.0019914557526413716,-0.2528362264345858
9.340811791669694,0.11361034214496613,0.062362730503082275,0.15254265069961548,0.024403424933552742,-2.024390459060669,-0.6607051491737366,-1.6607373539135886,0.004829771257868485,-0.25370646932024493
9.350866791668523,0.12669338285923004,0.05553478002548218,0.2042202651500702,0.4188559353351593,-1.9090548753738403,-0.622635006904602,-1.6804842137187919,0.011027181873609073,-0.2508862800256476
9.360921791667351,0.12174312770366669,-0.007918834686279297,0.23212814331054688,0.6461808085441589,-1.831487774848938,-0.5953794717788696,-1.6993635040664896,0.016439611287506605,-0.24465405180661945
9.37097679166618,0.12577195465564728,-0.10620999336242676,0.2569164037704468,0.4205714166164398,-1.7607771158218384,-0.5783951878547668,-1.717523633952342,0.0215326957527867,-0.23820856515003222
9.381030791671947,0.13028402626514435,-0.17509418725967407,0.3118543326854706,-0.03700459003448486,-1.7242555618286133,-0.5237948894500732,-1.7350990184683135,0.02670063674683008,-0.23548208838097415
9.391085791670776,0.10825538635253906,-0.16479486227035522,0.2643551826477051,-0.5136022567749023,-1.7591952085494995,-0.4642737805843353,-1.7525720315244337,0.03200233602262279,-0.2371881426584908
9.401140791669604,0.08235403895378113,-0.11880922317504883,0.1959587037563324,-0.974790632724762,-1.8111754655838013,-0.42489999532699585,-1.7703491878632684,0.03782841225202748,-0.243890557566511
9.411194791668095,0.042154401540756226,-0.10312694311141968,0.0978701114654541,-0.9803382754325867,-1.8108857870101929,-0.3888069689273834,-1.7882330288401396,0.0439709839699572,-0.25291806059758914
9.421249791666924,-0.0010200254619121552,-0.05859792232513428,0.04319143295288086,-0.5480189919471741,-1.7195624113082886,-0.37641575932502747,-1.8057521036048991,0.04942917286962085,-0.25965047776401107
9.431304791665752,-0.014543715864419937,-0.08699405193328857,0.1094135046005249,-0.11008372157812119,-1.6005034446716309,-0.34876707196235657,-1.8222871971702006,0.05381512688361583,-0.2619031778759818
9.441358791671519,0.022382192313671112,-0.08495789766311646,0.06129983067512512,0.44808945059776306,-1.5625603199005127,-0.2766551673412323,-1.8383344276627855,0.05642725121338386,-0.2596406081414925
9.451413791670348,-0.00013200566172599792,-0.02360433340072632,0.009633749723434448,1.0623103380203247,-1.560827374458313,-0.23517245054244995,-1.8544865585891916,0.05678953041781742,-0.25155772372368324
9.461468791669176,-0.02266361191868782,-0.11911219358444214,0.0715700089931488,1.0082398653030396,-1.5309929847717285,-0.2351740300655365,-1.8706675909855972,0.055979245002429456,-0.24035273865154264
9.471523791668005,0.006936129182577133,-0.27477318048477173,0.19935640692710876,0.25367945432662964,-1.5769116878509521,-0.14734990894794464,-1.8866549280016327,0.05586696422554231,-0.23332587942590552
9.481577791666496,0.028043515980243683,-0.2664821147918701,0.2179228961467743,-0.47442343831062317,-1.6185195446014404,0.020076246932148933,-1.9026780610109284,0.056863026094359545,-0.23454728870952823
9.491632791665324,0.010206807404756546,-0.15000039339065552,0.15041327476501465,-0.8136187791824341,-1.5773909091949463,0.08695221692323685,-1.9183840708302395,0.05859934848834392,-0.24107811810911012
9.50168779167143,0.008333802223205566,-0.04734283685684204,0.03300487995147705,-0.764683187007904,-1.4736847877502441,0.13102422654628754,-1.9332952293796508,0.06037562976598345,-0.24909637961823397
9.51174179166992,0.0233566015958786,-0.024429738521575928,-0.010385870933532715,-0.6295751929283142,-1.3230992555618286,0.15121285617351532,-1.9469644630021252,0.06160026636216089,-0.25607315987403445
9.521796791668748,0.055421389639377594,-0.009969830513000488,-0.14015159010887146,-0.4540817439556122,-1.1900850534439087,0.18254782259464264,-1.9592847054113058,0.06205507310963039,-0.2618798845225843
9.531851791667577,0.04325079172849655,-0.08187192678451538,0.06604352593421936,-0.2152116596698761,-1.0984872579574585,0.12878791987895966,-1.970452764114847,0.06186929673970086,-0.26567635597480826
9.541905791666068,0.045839227735996246,-0.09269362688064575,0.24502772092819214,0.04991570860147476,-1.146435022354126,0.06415049731731415,-1.9815952481712933,0.06136552757369932,-0.266863674212734
9.55196050000086,0.07298538833856583,0.025693893432617188,0.10200119018554688,0.3877909481525421,-1.2395598888397217,0.02222275361418724,-1.993710803087755,0.06006520862602719,-0.2649653624609989
9.562015499999688,0.08199425041675568,0.065987229347229,-0.11604440212249756,0.6261913776397705,-1.306064486503601,0.000362435937859118,-2.006811942630033,0.05779732760713279,-0.26033402240365877
9.572070499998517,0.04112841188907623,-0.017092347145080566,-0.027154535055160522,0.5641093850135803,-1.3353887796401978,-0.008946377784013748,-2.0204075572390465,0.05520247141132601,-0.2545836176439057
9.582124500004284,0.02917809784412384,-0.07722640037536621,0.018872946500778198,0.13511337339878082,-1.3911285400390625,0.0678897574543953,-2.034267002892886,0.05342474664259811,-0.2514994459020186
9.592179500003112,0.03661432862281799,-0.11390471458435059,0.0026362836360931396,-0.2917673587799072,-1.4157204627990723,0.20027096569538116,-2.048339908511434,0.05262094271722154,-0.25293022910558494
9.602234500001941,0.007232584059238434,-0.11258018016815186,0.04031893610954285,-0.4603458642959595,-1.368872880935669,0.24835020303726196,-2.0621634833048366,0.052458702632697515,-0.25749100424282495
9.612288500000432,0.015432730317115784,-0.026487350463867188,0.028821051120758057,-0.3669125735759735,-1.2610300779342651,0.27725642919540405,-2.075115664706199,0.05215276462384787,-0.26254626007141746
9.62234349999926,0.049456581473350525,-0.00927799940109253,0.027996093034744263,-0.1442098319530487,-1.1702228784561157,0.2660868763923645,-2.0871651983234667,0.050960362797374426,-0.26606787009653976
9.632398500005365,0.04062288999557495,-0.01015239953994751,0.10046252608299255,0.02920590341091156,-1.0903609991073608,0.22257187962532043,-2.0984497672029767,0.04909301201655399,-0.26780069162334175
9.642452500003856,0.012832507491111755,-0.025353968143463135,0.22934430837631226,0.20437553524971008,-1.0206193923950195,0.15214206278324127,-2.1090528744113732,0.046899522940897075,-0.2677822048247772
9.652507500002685,0.016668766736984253,0.003174304962158203,0.241563081741333,0.43685460090637207,-0.9122716784477234,0.08434969186782837,-2.118884744574289,0.04427574136235504,-0.2656793271478503
9.662562500001513,0.0408160537481308,0.004495739936828613,0.2455112338066101,0.6012576222419739,-0.7337483763694763,0.07760068774223328,-2.1274125356782525,0.04078152990559742,-0.26143865122284465
9.672616500000004,0.039571210741996765,0.0667562484741211,0.33036789298057556,0.5506730079650879,-0.5327047109603882,0.16510549187660217,-2.1338885412956823,0.03670958315212365,-0.2571855324201466
9.682671499998833,0.03834071755409241,0.039402127265930176,0.34495094418525696,0.47483527660369873,-0.4229688048362732,0.2072562277317047,-2.1387552606560516,0.03224084320384935,-0.2537782268523227
9.692726500004937,0.00020807981491088867,0.007940888404846191,0.32444778084754944,0.34789490699768066,-0.36306339502334595,0.18667106330394745,-2.142773934659526,0.028351686294515132,-0.251415558844965
9.702781500003766,-0.03489203751087189,0.02294260263442993,0.23537671566009521,0.22828370332717896,-0.2481011152267456,0.13108620047569275,-2.1459206092504144,0.025447730476175903,-0.24983716109374862
9.712835500002257,-0.03584478795528412,0.02462822198867798,0.1892240047454834,0.10743346065282822,-0.15239456295967102,0.11066614836454391,-2.1478820302253108,0.02352144929680503,-0.24909635997827695
9.722890500001085,-0.06245282292366028,0.005766689777374268,0.18227574229240417,-0.021689502522349358,-0.12273853272199631,0.09105566143989563,-2.1492358866697017,0.022459082542572294,-0.24932303635716382
9.732945499999914,-0.10966598987579346,0.02136915922164917,0.13626694679260254,-0.03025342896580696,-0.13299356400966644,0.055295009166002274,-2.1505078994592726,0.022018138282341778,-0.250050651032978
9.74299950000568,-0.137684628367424,0.021069765090942383,0.058806031942367554,0.03664819523692131,-0.15315662324428558,-0.013952613808214664,-2.1519285744600687,0.021806959865061627,-0.2501247881519522
9.75305450000451,-0.13895966112613678,0.035738468170166016,0.00870010256767273,0.055383265018463135,-0.19473735988140106,-0.08849821984767914,-2.1536749933889743,0.021952616190019425,-0.24939898170661925
9.763109500003338,-0.12231580913066864,0.01588660478591919,0.026213645935058594,0.0636032447218895,-0.2640760838985443,-0.13716304302215576,-2.1559925562742226,0.02258204159298669,-0.24824526169654057
9.773163500001829,-0.10975761711597443,0.10014933347702026,0.027570128440856934,0.019361749291419983,-0.31971561908721924,-0.10541097074747086,-2.158979324866846,0.023389358722198696,-0.2471417955914955
9.783218500000658,-0.06342114508152008,0.060334980487823486,0.019797444343566895,-0.03730618953704834,-0.342920184135437,-0.03527340292930603,-2.162325140257821,0.024010728037828107,-0.24685835620661353
9.793273499999486,-0.03850738704204559,-0.04850876331329346,0.045315295457839966,-0.10628366470336914,-0.2838943898677826,-0.01943611539900303,-2.165554837195835,0.02461998469171402,-0.24732186884780294
9.803328500005591,-0.023039832711219788,-0.003637075424194336,0.09948360919952393,-0.07558593153953552,-0.14563319087028503,-0.008218774572014809,-2.1677043713885262,0.0253209017213269,-0.24807183826201287
9.813382500004082,0.038913577795028687,0.02602553367614746,0.09754940867424011,0.0030454937368631363,-0.046603549271821976,0.0026389325503259897,-2.1686289235686327,0.02551998505005438,-0.24835843017537362
9.82343750000291,0.05074948072433472,0.03614461421966553,0.10263410210609436,0.0031212603207677603,0.03187674283981323,-0.012949480675160885,-2.168722938938293,0.025488139814585503,-0.24821953263603375
9.83349250000174,0.019720733165740967,0.01637399196624756,0.14285650849342346,0.0035617470275610685,0.09321945905685425,-0.04627601057291031,-2.1680959818372294,0.02573342480761776,-0.24807657881415374
9.84354650000023,0.0048675984144210815,0.010465145111083984,0.16447651386260986,0.07165758311748505,0.11861336976289749,-0.11503582447767258,-2.1670338091584456,0.02624837493647702,-0.24735025942872227
9.853601499999058,0.008214130997657776,0.054607272148132324,0.13314306735992432,0.2277182787656784,0.1713908314704895,-0.16633255779743195,-2.1656396249100265,0.02667700639971397,-0.24533868276533957
9.863656500005163,-0.0005711615085601807,0.029317378997802734,0.16782179474830627,0.4039306640625,0.27749648690223694,-0.18609124422073364,-2.163490263319317,0.026405315367230165,-0.24167171266619975
9.873710500003654,-0.011319443583488464,0.029452860355377197,0.3312685787677765,0.4221307039260864,0.3927341401576996,-0.1392401158809662,-2.160228423987866,0.02543528082075199,-0.2371892481204728
9.883765500002482,-0.028134092688560486,0.0016184449195861816,0.4010029733181,0.4279033839702606,0.5216151475906372,-0.045829158276319504,-2.155753391463171,0.023884370553313453,-0.2331263066223725
9.893820500001311,-0.05498868227005005,-0.09434831142425537,0.40250924229621887,0.49709177017211914,0.7108697295188904,0.012558248825371265,-2.149679499087513,0.0214583071197943,-0.22923308537209527
9.903874499999802,-0.09718778729438782,-0.09088480472564697,0.3941324055194855,0.6087875366210938,0.9690027832984924,0.020956633612513542,-2.1412907927900413,0.018296094651532854,-0.22471474397685337
9.91392949999863,-0.1014033704996109,-0.04598188400268555,0.40071117877960205,0.730189323425293,1.1773405075073242,0.006611516699194908,-2.130561310362317,0.014542448168408209,-0.21905799781457685
9.923984500004735,-0.08544804155826569,-0.023790836334228516,0.4217648506164551,0.8237671852111816,1.3331495523452759,0.0045198965817689896,-2.118030928540679,0.010377945524514078,-0.21243801492498296
9.934039500003564,-0.08292163908481598,-0.029320180416107178,0.4484654664993286,0.8796892762184143,1.4868868589401245,-0.010199128650128841,-2.1039149058338267,0.005928904207697831,-0.20504150132931184
9.944093500002054,-0.0764995813369751,-0.10104608535766602,0.5153086185455322,0.8718854784965515,1.611006259918213,-0.0659518763422966,-2.088328567960276,0.001856886332804954,-0.197252308233914
9.954148500000883,-0.04651227593421936,0.010386824607849121,0.5607593059539795,0.7959467768669128,1.6891871690750122,-0.06458088010549545,-2.0717392800451013,-0.0016240349320993607,-0.18953105732561648
9.964203499999712,-0.023362472653388977,0.1140097975730896,0.5302790403366089,0.7245923280715942,1.7423770427703857,0.014007700607180595,-2.0544388304790053,-0.004980837982910091,-0.18266424252256888
9.974257500005479,-0.01751941442489624,-0.003726661205291748,0.34227827191352844,0.6572921276092529,1.7317544221878052,0.02818210981786251,-2.036922482285374,-0.008450124498579405,-0.17650594120945007
9.984312500004307,-0.06826744973659515,0.014954090118408203,0.28753045201301575,0.43695226311683655,1.7124205827713013,0.03215876594185829,-2.0195114670681935,-0.011097714363350384,-0.17173052856260973
9.994367500003136,-0.11000195145606995,-0.06785988807678223,0.1750451624393463,0.23761676251888275,1.6725202798843384,0.0036552215460687876,-2.0024737987762062,-0.012733388999578337,-0.1688104541379137
10.004421500001627,-0.13080854713916779,-0.040236711502075195,0.015226364135742188,0.12242913991212845,1.661197304725647,-0.024221815168857574,-1.985687353757347,-0.013305106160834914,-0.16719138459005695
10.014476500000455,-0.11763329058885574,-0.004708707332611084,-0.05263948440551758,0.0831560418009758,1.6190788745880127,-0.04292306676506996,-1.9691394009378913,-0.013368125266883604,-0.1661494576563711
10.024531499999284,-0.11059024184942245,-0.022296786308288574,-0.04184962809085846,0.09326935559511185,1.5423375368118286,-0.05951938033103943,-1.9532295722462862,-0.013181653355854257,-0.16519518744735837
10.03458550000505,-0.10886983573436737,-0.030276596546173096,-0.052161216735839844,0.1547207236289978,1.4822492599487305,-0.05635607987642288,-1.9380333719438498,-0.013040603428629973,-0.16387650774266502
10.04464050000388,-0.09223450720310211,-0.04499596357345581,0.004774302244186401,0.2338787019252777,1.476665735244751,-0.007799114100635052,-1.9231426972986403,-0.01339849942189944,-0.16191064109774178
10.054695500002708,-0.06407367438077927,-0.06982165575027466,0.08030402660369873,0.318248987197876,1.5383459329605103,0.10826890170574188,-1.907986228965785,-0.014784176611429433,-0.15951490660877432
10.064750500001537,-0.0356745719909668,-0.17194700241088867,0.10514020919799805,0.3449982702732086,1.6290974617004395,0.1743200570344925,-1.892020708864279,-0.01720488292300802,-0.15689186815079836
10.074804500000027,0.0072004422545433044,-0.1339762806892395,0.11937510967254639,0.3159405291080475,1.7057448625564575,0.22717981040477753,-1.8751658606966943,-0.020130330903472486,-0.15437338614867854
10.084859499998856,0.06859521567821503,-0.08639341592788696,0.10685482621192932,0.3514292240142822,1.7232952117919922,0.2615998685359955,-1.8578528250753645,-0.023470809833951098,-0.1519290594323222
10.094914500004961,0.12221242487430573,-0.051125943660736084,0.054961904883384705,0.39694318175315857,1.762681007385254,0.2823086082935333,-1.8403242709210004,-0.027153122941363534,-0.1490522647503052
10.104968500003451,0.1491316556930542,-0.03767305612564087,0.0769730657339096,0.39094263315200806,1.8976390361785889,0.28106367588043213,-1.821902844036695,-0.03091474769612261,-0.1459387422908093
10.11502350000228,0.16889026761054993,-0.10457688570022583,0.2499835342168808,0.3409585654735565,2.092878580093384,0.2774793207645416,-1.8017679620045004,-0.034523604776492856,-0.1430208689994824
10.12507850000111,0.18499813973903656,-0.16210216283798218,0.44646623730659485,0.2928225100040436,2.3169660568237305,0.27068135142326355,-1.779537172266639,-0.03789947364640551,-0.1405493793821855
10.1351324999996,0.20301929116249084,-0.15365898609161377,0.5136426687240601,0.25696757435798645,2.543983221054077,0.23615050315856934,-1.754956091394898,-0.040925778928722505,-0.1384071321525208
10.145187500005704,0.22856369614601135,-0.0007834434509277344,0.35100260376930237,0.41214418411254883,2.711629629135132,0.18996678292751312,-1.7283779561127786,-0.04360614637299338,-0.13549242008153897
10.155242500004533,0.24042412638664246,0.09350323677062988,0.2859480381011963,0.5470937490463257,2.8100454807281494,0.10544602572917938,-1.7002935630455935,-0.04578308881939586,-0.1308804774291928
10.165296500003024,0.25434255599975586,0.031130433082580566,0.24480116367340088,0.5611265897750854,2.7801125049591064,-0.014114666730165482,-1.6718282884746263,-0.04691422978264557,-0.12526355533935127
10.175351500001852,0.24516963958740234,0.09705221652984619,0.2799864709377289,0.30248090624809265,2.696505546569824,-0.08356085419654846,-1.6441070806243099,-0.046750716485772566,-0.1207797561114836
10.185406500000681,0.21031808853149414,0.15502727031707764,0.21781538426876068,0.13067765533924103,2.6475236415863037,-0.07769441604614258,-1.6171329687805096,-0.046023430915787054,-0.11880934559473988
10.19546149999951,0.16538488864898682,0.03341180086135864,0.18127094209194183,0.04694495350122452,2.6079306602478027,-0.11711718887090683,-1.5906799702094667,-0.04511246540961998,-0.11790668018242428
10.205515500005276,0.12504489719867706,0.08943510055541992,0.09240162372589111,0.010535944253206253,2.595731258392334,-0.1291707456111908,-1.5645367473721017,-0.04383842179092241,-0.11766923393506334
10.215570500004105,0.0959925577044487,0.1502116322517395,-0.015224084258079529,0.04580205678939819,2.5650529861450195,-0.13894639909267426,-1.5385153717005402,-0.04250985477509232,-0.11748127010212035
10.225625500002934,0.0763554573059082,0.06475627422332764,-0.07822740077972412,0.05267931520938873,2.518803358078003,-0.18232402205467224,-1.5129139656016242,-0.04083902878733024,-0.11700775019811616
10.235679500001424,0.056216999888420105,0.07199883460998535,-0.09792579710483551,0.06738768517971039,2.5393292903900146,-0.22884732484817505,-1.487459500816149,-0.03877934447049977,-0.11654520312207811
10.245734500000253,0.05577833205461502,0.06190621852874756,-0.08545233309268951,0.06969336420297623,2.543546438217163,-0.26211434602737427,-1.4618837755744623,-0.03618883554639559,-0.11610662615260245
10.255789499999082,0.06980079412460327,0.03200209140777588,-0.04797816276550293,0.030328648164868355,2.5863633155822754,-0.2525237798690796,-1.4361190046455998,-0.03355077862951961,-0.11594943107372462
10.265843500004848,0.07210163027048111,-0.005076885223388672,0.05354557931423187,-0.04085107892751694,2.7029943466186523,-0.23987355828285217,-1.4095644837489079,-0.03110343782369201,-0.1163665986386944
10.275898500003677,0.10196363925933838,0.02759242057800293,0.04742562770843506,-0.01807332970201969,2.814635753631592,-0.23052239418029785,-1.3818484474670334,-0.02884365801237214,-0.11713105041640073
10.285953500002506,0.13778987526893616,0.012411236763000488,0.08020877838134766,0.0864957794547081,2.8986740112304688,-0.26120004057884216,-1.3531090323588701,-0.026361332879693455,-0.11733115685303336
10.296008500001335,0.19078388810157776,0.09269285202026367,0.033966436982154846,0.213849738240242,2.928252935409546,-0.24872446060180664,-1.3237611066821364,-0.023485131872610955,-0.11650335062047949
10.306062499999825,0.23271946609020233,0.17648625373840332,-0.01775325834751129,0.4092485308647156,2.879025459289551,-0.24545073509216309,-1.294455144544597,-0.020304046372039603,-0.11416608612639281
10.316117499998654,0.260357528924942,0.048662543296813965,-0.007669329643249512,0.5172727108001709,2.737032413482666,-0.2836228907108307,-1.2661296384801413,-0.016405056261478687,-0.11033651926936362
10.326172500004759,0.2692655920982361,0.012472152709960938,0.02542148530483246,0.4560500681400299,2.6605818271636963,-0.31707829236984253,-1.2390003166596426,-0.011992599543433837,-0.10660970963964386
10.33622650000325,0.2566646635532379,-0.003078460693359375,0.0949249416589737,0.2671390175819397,2.702888011932373,-0.332805335521698,-1.212056916465493,-0.007657198383217427,-0.10427590967486783
10.346281500002078,0.2677440941333771,-0.11797976493835449,0.09446384012699127,0.016281627118587494,2.7055776119232178,-0.325571209192276,-1.1848225252132438,-0.004040483940629933,-0.10418073648914099
10.356336500000907,0.2995494306087494,-0.05721467733383179,-0.04102645814418793,-0.0678577572107315,2.687976598739624,-0.32132798433303833,-1.1577284954931426,-0.0012173304817988027,-0.10578913645892539
10.366390499999397,0.28925877809524536,0.006507694721221924,-0.1065443903207779,0.08320939540863037,2.627079486846924,-0.3148443400859833,-1.1309787534898461,0.0016967989035224212,-0.10714809523260985
10.376445500005502,0.25355204939842224,-0.012031912803649902,-0.05276583135128021,0.13599750399589539,2.509272575378418,-0.2885408401489258,-1.1051255107086828,0.004982093849117801,-0.1074824587702397
10.386500500004331,0.20876440405845642,-0.11057442426681519,-0.06550763547420502,0.12577469646930695,2.4159584045410156,-0.23949073255062103,-1.0803749030786245,0.007958378893662962,-0.10747652305130445
10.396554500002821,0.17042276263237,-0.1667712926864624,-0.14529633522033691,0.07187444716691971,2.3531901836395264,-0.2189452350139618,-1.0564219386730669,0.010450047789849277,-0.10769731289908113
10.40660950000165,0.15392360091209412,-0.14135366678237915,-0.16388797760009766,-0.010005992837250233,2.305696964263916,-0.20013456046581268,-1.0329634525723137,0.01247813604016853,-0.10847418486068669
10.41666450000048,0.16449573636054993,-0.16189217567443848,-0.11412908136844635,-0.14651057124137878,2.203873872756958,-0.13257920742034912,-1.010275702239718,0.013534642428937961,-0.11004177948526929
10.426719499999308,0.15555280447006226,-0.21096259355545044,-0.06016719341278076,-0.30470678210258484,2.1462576389312744,-0.044545117765665054,-0.9884209978645451,0.013036344859360413,-0.11248009765615295
10.436773500005074,0.1039016842842102,-0.25496619939804077,0.039805904030799866,-0.40496864914894104,2.21510910987854,0.05816075578331947,-0.9665315201589005,0.010949684379916122,-0.11548224998063461
10.446828500003903,0.0696713998913765,-0.28084850311279297,0.15456794202327728,-0.4475131928920746,2.3953592777252197,0.17172443866729736,-0.9434082873525729,0.007488779357278223,-0.11835290058903264
10.456883500002732,0.07356110960245132,-0.17165446281433105,0.024647563695907593,-0.41144680976867676,2.5371005535125732,0.2460378259420395,-0.9185256233849047,0.0031056709733552853,-0.12069496923656713
10.466937500001222,0.11746042966842651,-0.052528560161590576,-0.13072048127651215,-0.18814915418624878,2.601656436920166,0.2051093727350235,-0.8925705122874034,-0.0006125366213160325,-0.12163908194370528
10.476992500000051,0.13744503259658813,-0.03858065605163574,-0.14083589613437653,-0.07023768126964569,2.5395400524139404,0.12296070903539658,-0.8667309049193535,-0.0025477648076920297,-0.12142800827756012
10.48704749999888,0.12617933750152588,-0.029512345790863037,-0.08117556571960449,-0.2375287115573883,2.4260666370391846,0.08620719611644745,-0.841854171938656,-0.004277905861382615,-0.12188649659081151
10.497101500004646,0.09135754406452179,-0.111050546169281,-0.03083491325378418,-0.44497165083885193,2.3493642807006836,0.09050767123699188,-0.8179280558188481,-0.0072509078985447265,-0.12383383138080271
10.507156500003475,0.04658892750740051,-0.13214141130447388,0.06833577156066895,-0.6578959822654724,2.383333444595337,0.10947494208812714,-0.7942228493780277,-0.011747841675084407,-0.12717203791013038
10.517211500002304,0.023523055016994476,-0.04734581708908081,0.18411172926425934,-0.7864957451820374,2.502429485321045,0.23114891350269318,-0.769809925283871,-0.01823225406572447,-0.13118530699684444
10.527265500000794,-0.02177082747220993,-0.10880982875823975,0.24025581777095795,-0.6475898623466492,2.780974864959717,0.2966737151145935,-0.7433975213906928,-0.025477325084124612,-0.13429517044951397
10.537320499999623,-0.03899521380662918,-0.11591446399688721,-0.01493312418460846,-0.31248560547828674,2.9955437183380127,0.2771564722061157,-0.7143451099668223,-0.031051891292496425,-0.13536980583932787
10.547375500005728,-0.006886348128318787,0.013922035694122314,-0.23420833051204681,0.10051031410694122,3.1362509727478027,0.19144588708877563,-0.6834516228778516,-0.03330374086731787,-0.13419045343054742
10.55743116667145,0.04886794090270996,0.0005137324333190918,-0.21550072729587555,0.12252400070428848,3.1178646087646484,0.08738687634468079,-0.6517680030879415,-0.03304298708016463,-0.13218603274896218
10.56748516666994,0.1156177967786789,-0.13189101219177246,-0.06659674644470215,-0.4398784041404724,2.813657283782959,0.011150022968649864,-0.6218123575941135,-0.03436698761099449,-0.1327167086695052
10.577540166668769,0.20927715301513672,-0.16420674324035645,0.040547266602516174,-0.9997653961181641,2.3615505695343018,0.20706386864185333,-0.5958836703588598,-0.04101414105260599,-0.13609462859410731
10.587595166667597,0.20263183116912842,-0.04625147581100464,-0.057962432503700256,-1.1089874505996704,1.956812858581543,0.3852892518043518,-0.5744814824888966,-0.05178665993794412,-0.13964725299523764
10.597649166666088,0.1587737798690796,0.1430732011795044,-0.1944713592529297,-1.0135400295257568,1.8412084579467773,0.5240681767463684,-0.5556436956305203,-0.06330664590494321,-0.14153632561158197
10.607704166672193,0.10451412200927734,0.13329797983169556,-0.20251582562923431,-0.6244102716445923,1.9074056148529053,0.61137855052948,-0.5368492864648151,-0.07345605561883951,-0.14095593572204468
10.617759166671021,0.06686149537563324,0.04092329740524292,-0.162119060754776,-0.3146228492259979,2.0087521076202393,0.5484568476676941,-0.5169198276715994,-0.08035859066517385,-0.13817233473581494
10.627813166669512,0.08805786073207855,0.011774063110351562,-0.024365916848182678,-0.2279195487499237,2.0237913131713867,0.4551595449447632,-0.4962852343508789,-0.08507816276081329,-0.1349799923237347
10.63786816666834,0.10568512976169586,-0.07953351736068726,0.06871344149112701,-0.3284440338611603,1.9663670063018799,0.37898778915405273,-0.4759860330305684,-0.08940208765306343,-0.13255505349155208
10.64792316666717,0.11751298606395721,-0.15669023990631104,0.07426117360591888,-0.49989548325538635,1.8847514390945435,0.36049216985702515,-0.4564679447781517,-0.09478799032677086,-0.13111668277709257
10.657978166665998,0.11692804098129272,-0.08321821689605713,0.03199778497219086,-0.6545154452323914,1.8326178789138794,0.34596380591392517,-0.43773377953326575,-0.10156346722423923,-0.1304304738880309
10.668032166671765,0.14856940507888794,0.09196501970291138,0.0015391111373901367,-0.7379403710365295,1.7574349641799927,0.3632141947746277,-0.4196374918672387,-0.10942799920049147,-0.1301657775542826
10.678087166670593,0.17478825151920319,0.15757334232330322,-0.026225537061691284,-0.6793580055236816,1.6204252243041992,0.3963196873664856,-0.40259769005676316,-0.11758991668384598,-0.12954341401481087
10.688142166669422,0.13093902170658112,0.08640915155410767,-0.010470390319824219,-0.5583733320236206,1.548326015472412,0.3580719828605652,-0.38660078573225526,-0.12474338363437247,-0.12836878733323864
10.698196166667913,0.07835380733013153,0.014687538146972656,0.06069505214691162,-0.5622780323028564,1.5589290857315063,0.331113338470459,-0.3708527857682558,-0.13121893453203284,-0.12721964742852854
10.708251166666741,0.06580005586147308,-0.015327751636505127,0.11563682556152344,-0.635981559753418,1.6362507343292236,0.37496042251586914,-0.35462387348480606,-0.13806076897426814,-0.1260687687704762
10.71830616666557,0.05823330581188202,-0.006983816623687744,0.1485837697982788,-0.6072633266448975,1.7003307342529297,0.4149986505508423,-0.3376455332426273,-0.14536320216223206,-0.12444475169543578
10.728360166671337,0.06447494029998779,0.05928301811218262,0.0764104425907135,-0.4603460431098938,1.753125786781311,0.44925305247306824,-0.3198860501252886,-0.15194364762846113,-0.12199817654396992
10.738415166670165,0.08366777002811432,0.18087244033813477,-0.058956027030944824,-0.19940659403800964,1.7292377948760986,0.4129374027252197,-0.3018732157331671,-0.1565170443144286,-0.11889898245963904
10.748470166668994,0.08643925189971924,0.2402660846710205,-0.12202765047550201,0.1498403549194336,1.6662596464157104,0.3430119454860687,-0.28420319782702935,-0.15783474990649513,-0.11526081179531464
10.758524166667485,0.09716187417507172,0.23374241590499878,-0.196750670671463,0.416066437959671,1.5400584936141968,0.31699687242507935,-0.26743411251685123,-0.15596171888521268,-0.11125157039860312
10.768579166666314,0.08961862325668335,0.21544945240020752,-0.22932076454162598,0.5028327107429504,1.3746172189712524,0.23970802128314972,-0.2521303792336977,-0.152066197810526,-0.10723229810364929
10.778634166665142,0.06560085713863373,0.1337917447090149,-0.2008436918258667,0.385930597782135,1.2319293022155762,0.1656969040632248,-0.23858235992841217,-0.14812582210059802,-0.10411335123941115
10.788689166671247,0.029046058654785156,-0.008852839469909668,-0.130381241440773,0.15265348553657532,1.125136137008667,0.12380772829055786,-0.22644185453230986,-0.14577623342531848,-0.10206280513517907
10.798743166669738,0.001955270767211914,-0.026969313621520996,-0.08847439289093018,-0.11643123626708984,1.0437499284744263,0.07951003313064575,-0.21542624950911374,-0.1457703096452682,-0.10102424922466341
10.808798166668566,-0.017638877034187317,0.028441429138183594,-0.060786619782447815,-0.29626959562301636,1.019637942314148,0.05622812360525131,-0.20502525275394445,-0.14806616829223043,-0.10083458206059706
10.818853166667395,-0.04436644911766052,0.04085874557495117,-0.04284407198429108,-0.2965095341205597,1.0456067323684692,0.045294515788555145,-0.19471082310303198,-0.1511933997560912,-0.10095579359755467
10.828907166665886,-0.046724870800971985,0.08240610361099243,-0.030534952878952026,-0.11715197563171387,1.120765209197998,0.07929597049951553,-0.18381415215586458,-0.1535031263005762,-0.10081218570503216
10.83896216667199,-0.01758231222629547,0.17434537410736084,-0.042035430669784546,0.20468278229236603,1.1758679151535034,0.14533092081546783,-0.17209425165958359,-0.15325816138217166,-0.09959275010700963
10.84901716667082,0.005859106779098511,0.2181692123413086,-0.08161045610904694,0.6020878553390503,1.2360553741455078,0.20240065455436707,-0.15959785472925866,-0.1495250888722315,-0.09716252008539569
10.85907116666931,0.02062113583087921,0.18028521537780762,-0.09226752817630768,0.85040682554245,1.2772047519683838,0.22379621863365173,-0.1464636506121156,-0.14253330724906935,-0.09383228578759467
10.869126166668138,0.04762627184391022,0.09071773290634155,-0.054338693618774414,0.8935466408729553,1.260130524635315,0.21302945911884308,-0.13320351219669285,-0.1339984807799898,-0.09037277900593095
10.879181166666967,0.07412208616733551,-0.019130408763885498,-0.015056401491165161,0.6396669745445251,1.2012079954147339,0.1378159373998642,-0.12037957487824281,-0.12649272535511885,-0.0875562507712705
10.889235166665458,0.09529750049114227,-0.11204266548156738,0.009991034865379333,0.263443261384964,1.10105299949646,0.029136693105101585,-0.10860105818211759,-0.1220226871320101,-0.08615752013910984
10.899290166671562,0.10558746755123138,-0.1171460747718811,0.004941567778587341,-0.10220876336097717,1.002959966659546,-0.03725750744342804,-0.09805435244207138,-0.12135815509303073,-0.08618476378670432
10.909345166670391,0.09743161499500275,0.0065062642097473145,-0.006433382630348206,-0.10602906346321106,0.9491470456123352,-0.058574091643095016,-0.08836950105765683,-0.12257249700813158,-0.08681199471767047
10.919399166668882,0.0768725574016571,0.17956632375717163,-0.015131577849388123,0.12460095435380936,0.9556848406791687,-0.048878852277994156,-0.0789268504219018,-0.12255272651927754,-0.0874006362223089
10.92945416666771,0.0685265064239502,0.18411123752593994,0.00046922266483306885,0.3887825906276703,0.9625543355941772,-0.009884554892778397,-0.06924520356539311,-0.11987876869504506,-0.087481960713504
10.93950916666654,0.07946537435054779,0.03821653127670288,0.03312171995639801,0.42533233761787415,0.9540985226631165,0.05629685893654823,-0.05954098995119154,-0.11562134957204316,-0.08700378473055118
10.949564166665368,0.08503147959709167,-0.08304435014724731,0.04139922559261322,0.3121824562549591,0.9016300439834595,0.08435965329408646,-0.05007483414013704,-0.11200184446328762,-0.086033835734701
10.959618166671135,0.07058852910995483,-0.10611766576766968,0.024799108505249023,0.16148880124092102,0.8737989068031311,0.07699707895517349,-0.04105781719684468,-0.10958012069184295,-0.08512267270890915
10.969673166669963,0.06230337917804718,-0.10764932632446289,0.023699991405010223,0.023205311968922615,0.8534302711486816,0.07622124254703522,-0.03229252491313091,-0.10873564204491722,-0.08432659967829483
10.979728166668792,0.06144574284553528,-0.11986565589904785,-0.012196540832519531,-0.03356662392616272,0.8256955742835999,0.10368935018777847,-0.023758525607511176,-0.1088719468401688,-0.0834351017901157
10.989782166667283,0.06949314475059509,-0.06741112470626831,-0.0721418708562851,-0.025521835312247276,0.7991132140159607,0.1268509328365326,-0.01545802492374746,-0.10926327897338142,-0.08225472838215066
10.999837166666111,0.06755270063877106,-0.024232447147369385,-0.08521293103694916,0.07292777299880981,0.7766433358192444,0.13069093227386475,-0.007385330891076424,-0.10903445142585566,-0.08095400813668173
11.009892166672216,0.07601332664489746,-0.01394200325012207,-0.07024874538183212,0.15473249554634094,0.7536004185676575,0.15875327587127686,0.000495489961096873,-0.1079026571345893,-0.0794995079918011
11.019946166670707,0.08718030154705048,-0.02202218770980835,-0.06712783128023148,0.21408556401729584,0.7057095766067505,0.17221608757972717,0.007990488481717226,-0.1060911625169979,-0.07783494021334385
11.030001166669535,0.08540846407413483,-0.020247817039489746,-0.06696140766143799,0.2753167450428009,0.6712293028831482,0.18128955364227295,0.015124639837698368,-0.10358230511643476,-0.0761341097493123
11.040056166668364,0.09364716708660126,-0.023801028728485107,-0.05279707908630371,0.29160091280937195,0.6510196328163147,0.2057320475578308,0.02196796799056082,-0.10070575769888902,-0.07420820110501036
11.050110166666855,0.09484900534152985,-0.05898547172546387,-0.03814816474914551,0.279593825340271,0.6062789559364319,0.22257587313652039,0.028529507827267826,-0.09778210640869572,-0.0721249185143991
11.060165166665684,0.1103803962469101,-0.05999547243118286,-0.04796386510133743,0.26571208238601685,0.5450781583786011,0.22287149727344513,0.03450032437237365,-0.09494088239809301,-0.06995920860783349
11.070220166671788,0.1253836452960968,-0.06017911434173584,-0.10234344005584717,0.2191169261932373,0.46562525629997253,0.24438022077083588,0.039779189358880175,-0.09244955255580198,-0.06767607934846338
11.080275166670617,0.12405234575271606,-0.04957985877990723,-0.13506686687469482,0.20689836144447327,0.38554027676582336,0.24536265432834625,0.04424304624183671,-0.09020519845775564,-0.06531229197467427
11.090329166669108,0.13868370652198792,-0.022886812686920166,-0.14549565315246582,0.17144876718521118,0.29968100786209106,0.26931726932525635,0.04794296196078401,-0.08815468738498718,-0.0628036059823215
11.100384166667936,0.15348562598228455,-0.04427891969680786,-0.16288697719573975,0.12345646321773529,0.2038615494966507,0.2850339114665985,0.05073106930135398,-0.08651712170102707,-0.06009930056817805
11.110439166666765,0.16694800555706024,-0.04814040660858154,-0.17195498943328857,0.07267455011606216,0.09825403243303299,0.28823408484458923,0.052484712008650104,-0.08541235740590615,-0.057257922313795874
11.120493166665256,0.15549291670322418,-0.012106180191040039,-0.15643250942230225,0.05662341043353081,0.01414581760764122,0.281980961561203,0.053270778390324056,-0.08463188166882907,-0.054413643787359474
11.13054816667136,0.13743756711483002,-0.007346391677856445,-0.15237200260162354,0.11876783519983292,-0.06168876215815544,0.2793402373790741,0.0532478773913327,-0.08358467678991885,-0.05163371639115929
11.14060316667019,0.14645814895629883,0.02435481548309326,-0.15080618858337402,0.12517192959785461,-0.156411275267601,0.28693637251853943,0.052396357312644186,-0.0822149144681801,-0.04885911495102777
11.15065716666868,0.14806637167930603,0.061985671520233154,-0.15166068077087402,0.12054681777954102,-0.2453102469444275,0.2739448547363281,0.050609334658268966,-0.08087338611226488,-0.046058938142632004
11.160712166667508,0.13677284121513367,0.09097814559936523,-0.15334177017211914,0.1463448703289032,-0.3495170772075653,0.23785793781280518,0.047800966400511076,-0.07938486532535674,-0.04355770661476869
11.170767166666337,0.13447317481040955,0.12036561965942383,-0.13442158699035645,0.15679733455181122,-0.4570278227329254,0.21204142272472382,0.04391197317672967,-0.07773036673375476,-0.04138643541104198
11.180821166672104,0.131719708442688,0.12388014793395996,-0.14295578002929688,0.1445545107126236,-0.550421416759491,0.18920961022377014,0.03899825586535725,-0.07615195762005579,-0.03943029946198328
11.190876166670932,0.11954917758703232,0.14157086610794067,-0.16597247123718262,0.1873149424791336,-0.6408447623252869,0.14216747879981995,0.03313153329191967,-0.07444915896399994,-0.037819556321006066
11.200931166669761,0.11776797473430634,0.18734687566757202,-0.17636704444885254,0.2983218729496002,-0.7112337350845337,0.0927613154053688,0.026409299662249763,-0.07201585010433896,-0.03669520536376904
11.21098616666859,0.1200203076004982,0.19696974754333496,-0.1652156114578247,0.41909685730934143,-0.7857077121734619,0.06541704386472702,0.018947989536315515,-0.06833611602959722,-0.03598391108421022
11.22104016666708,0.12333346903324127,0.1605372428894043,-0.1822679042816162,0.4768805205821991,-0.8772475123405457,0.015482773073017597,0.010623798231765035,-0.0637358153002816,-0.03562876709409221
11.23109516666591,0.11648187786340714,0.0839197039604187,-0.16428959369659424,0.4353485703468323,-0.9709597229957581,-0.040173646062612534,0.001292954841693745,-0.05906930212992737,-0.035779399652262824
11.241150166672014,0.11925439536571503,0.044591665267944336,-0.14470207691192627,0.3477729260921478,-1.0837962627410889,-0.08462446182966232,-0.009058102497987022,-0.05515609153618612,-0.03639839404565639
11.251204166670504,0.13745105266571045,0.06918519735336304,-0.17178596556186676,0.30157625675201416,-1.1952710151672363,-0.1166103407740593,-0.020563985559084987,-0.051938862866297494,-0.037356508242665065
11.261259166669333,0.14524364471435547,0.10109919309616089,-0.19884884357452393,0.37872615456581116,-1.2948486804962158,-0.137975811958313,-0.03316554923854832,-0.048565903381604825,-0.0385521044775693
11.271314166668162,0.14540991187095642,0.116932213306427,-0.21407485008239746,0.5486335158348083,-1.3844120502471924,-0.1406732052564621,-0.046739932079166734,-0.04385685842455425,-0.039773027537337156
11.281368166666653,0.1506890505552292,0.10632860660552979,-0.19184327125549316,0.6827271580696106,-1.4510117769241333,-0.12602289021015167,-0.06101140480187081,-0.03746193816412895,-0.040763677216578226
11.291423166665481,0.15797922015190125,0.01719498634338379,-0.11983120441436768,0.6467967629432678,-1.5332533121109009,-0.10385353118181229,-0.07601799223064608,-0.03063870366192672,-0.041457943597319837
11.301478166671586,0.15457016229629517,-0.06607139110565186,-0.07735908776521683,0.470378041267395,-1.6152571439743042,-0.09798286110162735,-0.09188309867592259,-0.02496501147520399,-0.041975711676867374
11.311532166670077,0.14715690910816193,-0.05451911687850952,-0.05777299404144287,0.359687864780426,-1.6676253080368042,-0.11157695949077606,-0.10843301823558094,-0.020726114316139625,-0.04262819070543977
11.321587166668905,0.15284806489944458,0.008547067642211914,-0.022284865379333496,0.3493784964084625,-1.6937572956085205,-0.08525827527046204,-0.1253511011984359,-0.017155947428012505,-0.04322181524634912
11.331642166667734,0.15476879477500916,0.014310359954833984,0.014200810343027115,0.3681058883666992,-1.7339332103729248,-0.05154385045170784,-0.142587828964179,-0.013443111347786063,-0.04339280959856603
11.341697166666563,0.15140163898468018,-0.033561110496520996,0.022307638078927994,0.33758899569511414,-1.8094661235809326,-0.034182969480752945,-0.16038633241691455,-0.009826104029414107,-0.043279256671028554
11.35175116667233,0.15740928053855896,-0.0396045446395874,-0.01727735996246338,0.2683931589126587,-1.8872032165527344,-0.03760513290762901,-0.17901212236913858,-0.006804509896794397,-0.043120912142136286
11.361806166671158,0.167891725897789,0.02523893117904663,-0.1003878116607666,0.28077659010887146,-1.891929268836975,-0.024383071810007095,-0.19807868843346002,-0.004013878753643559,-0.04293675296985291
11.371861166669987,0.1890951693058014,0.07951176166534424,-0.09667158126831055,0.3575917184352875,-1.8698810338974,-0.018115000799298286,-0.21697946420537084,-0.0009379395207590112,-0.04246644978975314
11.381915166668477,0.1901499629020691,0.06208854913711548,0.006847258657217026,0.3966304659843445,-1.8598365783691406,-0.014416403137147427,-0.2357510874652024,0.0029509840447617362,-0.0417377883342475
11.391970166667306,0.18518862128257751,0.060770630836486816,0.06193816289305687,0.3649252653121948,-1.8448643684387207,-0.03414670005440712,-0.2543604887398463,0.006629607645439359,-0.041065188743554686
11.402025166666135,0.17137879133224487,0.04371845722198486,0.08020710945129395,0.3975415527820587,-1.8428853750228882,-0.06347156316041946,-0.27292871801314433,0.01046557396260487,-0.04052847558900195
11.412079166671901,0.1515146791934967,0.04443126916885376,0.10035240650177002,0.41847851872444153,-1.8033877611160278,-0.03813131898641586,-0.29127931430385035,0.014683501010002428,-0.039874601739580406
11.42213416667073,0.13698327541351318,-0.020933151245117188,0.10959875583648682,0.2997087240219116,-1.788643717765808,-0.039406973868608475,-0.30933136734260636,0.018249812827707813,-0.03917317493873129
11.43218916666956,0.1284692883491516,-0.1128993034362793,0.05158662796020508,0.21973346173763275,-1.815568208694458,-0.05419497564435005,-0.327450111302495,0.020849095742831877,-0.038818933437582075
11.44224316666805,0.12003249675035477,-0.08467119932174683,0.018821237608790398,0.24292133748531342,-1.8225853443145752,-0.016886219382286072,-0.34577176114982977,0.02312344803443255,-0.03844293457341271
11.452298166666878,0.11449162662029266,-0.052137017250061035,0.011163830757141113,0.3433123826980591,-1.8246937990188599,0.07976788282394409,-0.36411799442511844,0.025786584486117346,-0.03710754764764761
11.462353166665707,0.11968038976192474,-0.09465479850769043,0.0011162739247083664,0.3031671941280365,-1.8723134994506836,0.1387350708246231,-0.382718282679518,0.028462132615240717,-0.034834860581082525
11.472408166671812,0.1384936422109604,-0.14598816633224487,-0.028348922729492188,0.2127193659543991,-1.95329749584198,0.14904972910881042,-0.40199037512096925,0.030297250475196543,-0.03248571941637769
11.482462166670302,0.13744673132896423,-0.12935000658035278,-0.014020917937159538,0.17305158078670502,-2.045009136199951,0.1690910905599594,-0.42215659606839384,0.031401679905535315,-0.030288114388930646
11.492517166669131,0.12181153148412704,-0.06785160303115845,0.0008400678634643555,0.10759148001670837,-2.1361920833587646,0.1859104037284851,-0.44325828455200744,0.03200619628273765,-0.027967839728885776
11.50257216666796,0.10567671060562134,-0.09315472841262817,-0.02902102656662464,-0.03786691650748253,-2.2240161895751953,0.16069400310516357,-0.4652377873121892,0.031552688065724754,-0.026214324376573353
11.51262616666645,0.10829287022352219,-0.1371104121208191,-0.050656795501708984,-0.13824336230754852,-2.3074240684509277,0.12211499363183975,-0.48804931511252925,0.03006406507171652,-0.025411365843615787
11.52268116666528,0.12590500712394714,-0.035504281520843506,-0.0763866975903511,-0.1666124165058136,-2.357004404067993,0.12609802186489105,-0.5115217449375619,0.02808299800504783,-0.02509457014589664
11.532736166671384,0.11651354283094406,0.029169440269470215,-0.08027374744415283,-0.0939759910106659,-2.363274574279785,0.12946082651615143,-0.5353034272060881,0.026274556777761787,-0.02463870258842637
11.542790166669874,0.10342352092266083,0.01966404914855957,-0.06722915172576904,-0.008144976571202278,-2.3522756099700928,0.12329533696174622,-0.5590427637842483,0.02518548917688529,-0.02380052551857942
11.552845166668703,0.11829528957605362,0.02958601713180542,-0.05316662788391113,-0.02515338733792305,-2.3105058670043945,0.13504047691822052,-0.5825410071530951,0.024387041965332486,-0.02276060793357083
11.562899166667194,0.12440291047096252,-0.03980076313018799,-0.04318786412477493,0.03848657384514809,-2.2899532318115234,0.1372208148241043,-0.6056805795133197,0.023566035402190825,-0.02160414343073438
11.572953166665684,0.1063370481133461,-0.07458233833312988,0.03974270820617676,0.15592265129089355,-2.3325765132904053,0.13056302070617676,-0.628937667661169,0.023668470356301763,-0.019924880716111492
11.583008166671789,0.12254504859447479,-0.033092379570007324,0.003353949636220932,0.06254290789365768,-2.3473317623138428,0.18892060220241547,-0.652543947699722,0.023712932997446163,-0.017953763767121666
11.593063166670618,0.13554808497428894,-0.12249451875686646,-0.0913546085357666,-0.08106140047311783,-2.376357316970825,0.20809657871723175,-0.67633360915377,0.02228677329115552,-0.01648390048261723
11.603117166669108,0.12666067481040955,-0.27054136991500854,-0.11423838138580322,-0.24129100143909454,-2.4525675773620605,0.20690642297267914,-0.7006119215824815,0.01989114729859095,-0.015754099236620283
11.613172166667937,0.14061059057712555,-0.2926951050758362,-0.16009223461151123,-0.5801567435264587,-2.56982421875,0.17972756922245026,-0.7258002541363158,0.015530402209069401,-0.017027493677187724
11.623227166666766,0.18370038270950317,-0.3015090823173523,-0.25334739685058594,-0.7129150629043579,-2.7214903831481934,0.20056067407131195,-0.7523933236712074,0.009225531419235586,-0.020042636437516085
11.633282166665595,0.2278420329093933,-0.22249364852905273,-0.3509417772293091,-0.703876256942749,-2.942455291748047,0.17795529961585999,-0.7808221902656709,0.002682188009294974,-0.023683744860447182
11.64333616667136,0.26306968927383423,-0.06559932231903076,-0.31882715225219727,-0.6330598592758179,-3.1631879806518555,0.20112428069114685,-0.8114407497388619,-0.0034133279830870712,-0.02726854956560911
11.65339116667019,0.2596747577190399,0.002650618553161621,-0.2109241485595703,-0.5579786896705627,-3.195556402206421,0.1811867654323578,-0.8438705116970411,-0.009109149178929826,-0.030042742983975138
11.663446166669019,0.2780688405036926,0.012584805488586426,-0.10927272588014603,-0.3446658253669739,-3.3240325450897217,0.30603015422821045,-0.8772222534650869,-0.01377181868021736,-0.031469064034034905
11.673500166667509,0.2862184941768646,0.07161533832550049,-0.002269148826599121,-0.20207463204860687,-3.3383731842041016,0.3203999698162079,-0.9108085584560647,-0.017891815385915232,-0.031820095822731265
11.683555166666338,0.3008633255958557,0.16445088386535645,0.034440867602825165,-0.049204129725694656,-3.3004684448242188,0.3302006721496582,-0.9441998095645937,-0.021396713026278966,-0.030863987402345378
11.693610166665167,0.29682430624961853,0.24990135431289673,0.050246596336364746,0.07851827889680862,-3.178913116455078,0.2884078621864319,-0.9767854852907616,-0.023752262905551238,-0.028760561584124225
11.703664166670933,0.29347118735313416,0.24046730995178223,0.11500634253025055,0.15945279598236084,-3.071760416030884,0.22989554703235626,-1.008112296641791,-0.02530046075296758,-0.02631984095792014
11.713719166669762,0.26396647095680237,0.17609423398971558,0.22210265696048737,0.2166791707277298,-3.030331611633301,0.10673628002405167,-1.0386740833957908,-0.025786731081827444,-0.023811229444767296
11.72377416666859,0.24680186808109283,0.20585811138153076,0.3279331922531128,0.20883110165596008,-3.0229952335357666,0.007358027622103691,-1.0689927330461817,-0.02517947339516749,-0.021584223841661337
11.733828166667081,0.23935632407665253,0.25535428524017334,0.31298768520355225,0.10259600728750229,-2.9114792346954346,-0.017365535721182823,-1.0987441044910815,-0.024332487493565383,-0.020138871037325867
11.74388316666591,0.21472635865211487,0.22019857168197632,0.2541234493255615,0.023981889709830284,-2.8489999771118164,-0.08792811632156372,-1.127690799966086,-0.023680937422183614,-0.019882174781945865
11.753938166672015,0.19305023550987244,0.1996358036994934,0.2785656452178955,0.01483197882771492,-2.831150531768799,-0.19711825251579285,-1.1562531667705462,-0.02229330389512929,-0.020331116719695508
11.763993166670843,0.18390218913555145,0.27520811557769775,0.28740251064300537,0.04905146732926369,-2.76720929145813,-0.261028528213501,-1.1844545056135316,-0.020042204757077964,-0.02095457553954823
11.774047166669334,0.15697427093982697,0.24541491270065308,0.26574432849884033,0.10783097892999649,-2.664553165435791,-0.27198174595832825,-1.2117710589322173,-0.017192970141665754,-0.02114731880019977
11.784102166668163,0.12154299765825272,0.12460339069366455,0.28608953952789307,0.10438325256109238,-2.5976312160491943,-0.2874099612236023,-1.2382004357914416,-0.014177177823169986,-0.02112549521752878
11.794157166666992,0.07662123441696167,0.061166584491729736,0.3161214590072632,0.03357202187180519,-2.4769270420074463,-0.2927625775337219,-1.2637506707009691,-0.011231084704144648,-0.021351579195543716
11.804211166665482,0.019736191257834435,0.029998302459716797,0.3296595811843872,0.09096580743789673,-2.339801788330078,-0.2932286262512207,-1.287946207712638,-0.00820423193264442,-0.021627327409891144
11.814266166671587,0.0024996940046548843,0.03923696279525757,0.31750428676605225,0.1774439662694931,-2.2662832736968994,-0.2675338685512543,-1.3110965624087287,-0.0051491415341698545,-0.021122770567538786
11.824321166670416,-0.02624312974512577,0.034728288650512695,0.29160499572753906,0.2920946776866913,-2.1925628185272217,-0.25132453441619873,-1.3335035831709425,-0.0020342585279689985,-0.019460846585869766
11.834375166668906,-0.04621308669447899,0.00700908899307251,0.22584688663482666,0.4082900583744049,-2.1089885234832764,-0.22603288292884827,-1.3551388965461508,0.0010624055244597202,-0.016520841256644075
11.844430166667735,-0.0667991191148758,-0.030878841876983643,0.20761847496032715,0.46767908334732056,-2.01198148727417,-0.20650258660316467,-1.3758684433476494,0.004087207153173181,-0.012683625648472788
11.854485166666564,-0.0751689076423645,-0.07829838991165161,0.206406831741333,0.4784452021121979,-1.9570857286453247,-0.19729644060134888,-1.395818172031179,0.006968082173474566,-0.008176277382052358
11.86453916667233,-0.06879429519176483,-0.09806907176971436,0.19213974475860596,0.25893229246139526,-1.9106274843215942,-0.17425237596035004,-1.4153208784424691,0.00942147589914354,-0.004771376186576994
11.874594166671159,-0.04408399760723114,-0.1712169051170349,0.18678605556488037,-0.06143416091799736,-1.9169814586639404,-0.17825324833393097,-1.4344925708669645,0.011315445251331683,-0.003976653595623899
11.884649166669988,0.01970285177230835,-0.1607121229171753,0.13337968289852142,-0.3240751326084137,-1.9844495058059692,-0.21983344852924347,-1.4540621655510158,0.01300035118856899,-0.0062093877865819005
11.894703166668478,0.03558357059955597,-0.06474876403808594,0.12837551534175873,-0.4087671935558319,-2.047325849533081,-0.3164103627204895,-1.4742652962055627,0.015309776816539547,-0.01026054301991472
11.904758166667307,0.04577438160777092,0.03896695375442505,0.12375306338071823,-0.2961719334125519,-2.0879616737365723,-0.343494713306427,-1.4949905478664078,0.018308437493525925,-0.014188638311959576
11.914813166666136,0.03873869404196739,0.09943336248397827,0.09091173857450485,-0.0061464509926736355,-2.134579658508301,-0.35991713404655457,-1.5161499260439486,0.021737437027753444,-0.01604508605959593
11.92486816667224,0.020374707877635956,0.1399848461151123,0.0770496055483818,0.2917576730251312,-2.161698818206787,-0.3871977627277374,-1.5378135952900143,0.025534142475089346,-0.01465535086750089
11.93492216667073,-0.01707981713116169,0.09309113025665283,0.09513568878173828,0.37713754177093506,-2.098684787750244,-0.39735013246536255,-1.559342733427008,0.029568963093993494,-0.011282369386963052
11.94497716666956,-0.03338515758514404,-0.025236070156097412,0.14187109470367432,0.23577643930912018,-2.045977830886841,-0.4392496645450592,-1.580238507083054,0.03372480705407815,-0.008022281106762133
11.955032166668389,0.0013774000108242035,-0.08001911640167236,0.1970522403717041,-0.10220831632614136,-2.0554347038269043,-0.46442100405693054,-1.600881826616439,0.03826837418987233,-0.007086794787576506
11.965086166666879,0.02294553816318512,-0.10667157173156738,0.19682228565216064,-0.4225754141807556,-2.0555310249328613,-0.5187603831291199,-1.6214508080149488,0.04330152335299118,-0.00970141798005123
11.975141166665708,0.035982780158519745,-0.02924978733062744,0.13470244407653809,-0.49812325835227966,-1.971081018447876,-0.506364643573761,-1.641567491372168,0.04873668147395759,-0.014160028107248954
11.985196166671813,0.03866203501820564,0.1226542592048645,0.140381321310997,-0.2559630870819092,-1.784885048866272,-0.48290538787841797,-1.6603208954339912,0.054018934981214725,-0.017613916666642544
11.995250166670303,0.04023289680480957,0.13083314895629883,0.154474139213562,0.059518665075302124,-1.592268705368042,-0.4256952404975891,-1.6772217034163068,0.05870388378053469,-0.018221602372690583
12.005305166669132,0.04618244245648384,0.07893669605255127,0.11988162994384766,0.3525540232658386,-1.4652663469314575,-0.37899884581565857,-1.692753878656418,0.062454746663909794,-0.01562262215748101
12.01536016666796,0.0434698723256588,0.049484074115753174,0.11555742472410202,0.497965544462204,-1.319510817527771,-0.33232536911964417,-1.707069339374249,0.06539720484139526,-0.01073757666246557
12.025414166666451,0.0400257408618927,-0.04123234748840332,0.19664287567138672,0.32251012325286865,-1.1630192995071411,-0.2825208008289337,-1.7198499142928148,0.06782775015857215,-0.006016648098428265
12.03546916666528,0.05571084842085838,-0.17714673280715942,0.23224937915802002,0.06950218975543976,-1.0841248035430908,-0.2537378668785095,-1.7312137581981404,0.0701376960915263,-0.003650429276409408
12.045524166671385,0.08014021813869476,-0.1396612524986267,0.183648943901062,-0.11047929525375366,-1.0876902341842651,-0.272489458322525,-1.742134224863765,0.07277113594454102,-0.0035077351277189943
12.055579166670213,0.07957284152507782,-0.01570957899093628,0.12448643893003464,-0.0963597446680069,-1.0520209074020386,-0.2818421721458435,-1.7528489538641012,0.07575604512009755,-0.004184222176373805
12.065633166668704,0.06708712875843048,0.017975986003875732,0.06819510459899902,0.0520145446062088,-1.0255935192108154,-0.26619210839271545,-1.7632734183511611,0.07848749651610602,-0.003950501512948869
12.075688166667533,0.04182363301515579,-0.001215219497680664,0.06954871863126755,0.211203932762146,-1.0356268882751465,-0.28979751467704773,-1.7738066577920224,0.08094015276227294,-0.0020337365423980284
12.085743166666362,-0.0014082863926887512,-0.03231102228164673,0.12359368801116943,0.248260498046875,-1.0348460674285889,-0.2818104326725006,-1.7844880918801265,0.08328792648314723,0.0008940114631887717
12.095797166672128,-0.03854232653975487,-0.06782704591751099,0.13990497589111328,0.19745208323001862,-1.0183030366897583,-0.24917268753051758,-1.7950343059114222,0.08540035360174078,0.003690119992144007
12.105852166670957,-0.05874580889940262,-0.08323776721954346,0.11291228979825974,0.08355960249900818,-0.9903466105461121,-0.24165885150432587,-1.8053026085683623,0.08744903788597551,0.005685012725374542
12.115907166669786,-0.0610215850174427,-0.07789063453674316,0.0735020637512207,0.013988289050757885,-0.9490160346031189,-0.2401220202445984,-1.815190412971841,0.08969762716340951,0.006679760477564217
12.125961166668276,-0.07891697436571121,-0.05728602409362793,0.14651668071746826,0.03072359412908554,-0.8828474283218384,-0.25856173038482666,-1.824453088848049,0.0921173708771328,0.007511939170843385
12.136016166667105,-0.07014007121324539,-0.007855236530303955,0.12470077723264694,0.025593547150492668,-0.8353959918022156,-0.21923191845417023,-1.833150513379599,0.0943482462781464,0.008411480253418934
12.146071166665934,-0.07290060073137283,0.015505850315093994,0.02488243579864502,0.1467418074607849,-0.7821711301803589,-0.22584028542041779,-1.8414380063487208,0.09638754024799838,0.009807126975807906
12.1561251666717,-0.0574783980846405,0.03679394721984863,-0.017549283802509308,0.2158716917037964,-0.8082914352416992,-0.24885596334934235,-1.8496099876795513,0.09810371610758872,0.012169984963553822
12.166180166670529,-0.06783254444599152,-0.0021597743034362793,0.06035495549440384,0.14013032615184784,-0.7703392505645752,-0.23757295310497284,-1.8577833246988302,0.10001487640569194,0.014741325560526632
12.176235166669358,-0.04651188105344772,-0.03318542242050171,0.10743892192840576,-0.012385261245071888,-0.7597182989120483,-0.20275285840034485,-1.865591076389255,0.1018944994489492,0.016036804359199082
12.186290166668186,-0.008394449949264526,-0.029678046703338623,0.082001693546772,-0.2565145492553711,-0.7769745588302612,-0.2404232770204544,-1.8732095827226132,0.10430384930731294,0.015289073992736334
12.196344166666677,0.011827424168586731,-0.03322577476501465,0.04453587532043457,-0.43554893136024475,-0.767726480960846,-0.30150043964385986,-1.8806952987732781,0.10802255539795998,0.012770050381855717
12.206399166665506,0.056521907448768616,0.079398512840271,0.049691200256347656,-0.44597920775413513,-0.7842588424682617,-0.33783233165740967,-1.888157808448403,0.11251727423027766,0.00941578086062856
12.21645416667161,0.04880695044994354,0.1507561206817627,0.1036759614944458,-0.3188246190547943,-0.7319601774215698,-0.3514295816421509,-1.8955794786861633,0.11707623062335687,0.006819240038507286
12.2265081666701,0.017443113029003143,0.07679599523544312,0.1328955888748169,-0.17343522608280182,-0.6219391226768494,-0.3147434592247009,-1.902217738701687,0.12105538034445569,0.005524895351976495
12.23656316666893,0.010715261101722717,0.05997025966644287,0.06399821490049362,0.050545722246170044,-0.5423133969306946,-0.270456463098526,-1.9080620419474523,0.12402215984215546,0.005824098127461882
12.246618166667758,-0.002602197229862213,0.0891236662864685,0.024457812309265137,0.3069005310535431,-0.4871399402618408,-0.2519213855266571,-1.9135841094151431,0.12586013983225253,0.008440621694617928
12.256672166666249,-0.02746359258890152,0.0026134252548217773,0.07685970515012741,0.3791619539260864,-0.40749916434288025,-0.21354417502880096,-1.9185759677635899,0.12686036901788253,0.012613506926936448
12.266727166672354,-0.03474247455596924,-0.11902618408203125,0.1362166404724121,0.2546556890010834,-0.34397876262664795,-0.1606210470199585,-1.9228160578911342,0.12750188299256668,0.016387566344109074
12.276782166671182,-0.040897078812122345,-0.17472249269485474,0.2162264585494995,0.09280325472354889,-0.2897892892360687,-0.16789855062961578,-1.9263191292806658,0.12841454613016884,0.01862727134488755
12.286836166669673,-0.04318094253540039,-0.15967261791229248,0.21560239791870117,-0.08345353603363037,-0.24801762402057648,-0.1599317044019699,-1.929054039134324,0.129973078332506,0.019170349233065084
12.296891166668502,-0.026730351150035858,-0.06208157539367676,0.08939743041992188,-0.08275525271892548,-0.2516389787197113,-0.17460152506828308,-1.9314862965581832,0.13185853787428056,0.018830898150911646
12.30694616666733,-0.008801117539405823,0.03780663013458252,0.012901060283184052,0.0466030016541481,-0.2531713545322418,-0.17150452733039856,-1.9340622208587717,0.13358513216873366,0.01928476382396618
12.31700016666582,-0.002964131534099579,0.011502265930175781,-0.03479314595460892,0.17343050241470337,-0.22904592752456665,-0.1473502665758133,-1.9367099124979683,0.13470454846854077,0.0209106331930962
12.327055166671926,0.010221317410469055,-0.04680371284484863,-0.010604269802570343,0.2172592133283615,-0.2795402407646179,-0.10992860049009323,-1.9395690671237786,0.13517016069256227,0.02333255311739984
12.337110166670755,0.012912765145301819,-0.06826931238174438,0.016247980296611786,0.12075494974851608,-0.36425596475601196,-0.12075062096118927,-1.9431210769856941,0.13563042714751866,0.025366915607141514
12.347165166669583,0.005264788866043091,-0.1189570426940918,-0.004726536571979523,-0.04251519963145256,-0.43042510747909546,-0.1258889138698578,-1.9472611165790235,0.13665310156148708,0.026206731267364194
12.357219166668074,-0.00994069129228592,-0.14099478721618652,-0.03629434108734131,-0.2253895401954651,-0.49868953227996826,-0.16596169769763947,-1.951824208818384,0.13857205548404694,0.025460906992480083
12.367274166666903,-0.009179860353469849,-0.09612023830413818,-0.049880869686603546,-0.3256112337112427,-0.547356128692627,-0.16679953038692474,-1.9567722510505379,0.1411327059830935,0.02343384336897598
12.377329166665731,0.0023719370365142822,-0.06724315881729126,-0.011141419410705566,-0.378518670797348,-0.5739332437515259,-0.10861358791589737,-1.961959658639651,0.14378940935475767,0.02069574386732717
12.387383166671498,0.012380354106426239,-0.06221580505371094,-0.04189193993806839,-0.3236250579357147,-0.6209172606468201,-0.07415521144866943,-1.9675786450548942,0.14600740869283435,0.017668030333140006
12.397438166670327,-0.007162541151046753,-0.020511865615844727,-0.0656050518155098,-0.19142815470695496,-0.5898459553718567,-0.05028284713625908,-1.973450592572409,0.14762209406883942,0.015522400340510738
12.407493166669155,-0.015466570854187012,0.0196150541305542,-0.002265453338623047,-0.05750072002410889,-0.5143564939498901,-0.014141884632408619,-1.9788710812836958,0.14842754954795523,0.014435153488683268
12.417547166667646,-0.007450200617313385,0.01415097713470459,0.08730542659759521,0.06437253952026367,-0.4118892252445221,0.06807490438222885,-1.9835422031588181,0.14808111185008813,0.01443612106427115
12.427602166666475,-0.005361154675483704,-0.02972579002380371,0.14556360244750977,0.07619777321815491,-0.2827506959438324,0.10127360373735428,-1.9870588512416327,0.14701593091383688,0.014753888438195544
12.437657166665304,0.013346008956432343,-0.025399208068847656,0.16509903967380524,0.0805337205529213,-0.17482464015483856,0.10275173932313919,-1.9894016808322053,0.14570963242430532,0.015048713114963842
12.44771116667107,0.013728231191635132,0.038353145122528076,0.13887572288513184,0.10244114696979523,-0.12264825403690338,0.04896387457847595,-1.9909445905206267,0.14464304027853808,0.015543142227236725
12.457766166669899,0.00928720086812973,0.05261063575744629,0.1266462802886963,0.09287911653518677,-0.08306635171175003,0.007213044911623001,-1.9920927443262457,0.14396909286620993,0.016403053382568235
12.467821166668728,0.0009679347276687622,0.01760321855545044,0.12793363630771637,0.024828951805830002,-0.08133609592914581,-0.028798218816518784,-1.9929505688959286,0.14380818377548935,0.016986290588858675
12.477875166667218,0.0008799061179161072,0.00776219367980957,0.10879601538181305,-0.09866182506084442,-0.09577282518148422,-0.06051960960030556,-1.993825011646671,0.14435073358077885,0.01686839026918297
12.487930166666047,-0.01840980350971222,-0.013756096363067627,0.07690082490444183,-0.17775477468967438,-0.12486573308706284,-0.10836490243673325,-1.9948231004040033,0.1457022722655358,0.015932334616239063
12.497985166672152,-0.04068240523338318,-0.011979401111602783,0.02234351634979248,-0.20367936789989471,-0.1322510838508606,-0.12250391393899918,-1.9959062196244468,0.14761288948333476,0.014532439924084633
12.50804016667098,-0.05037163197994232,0.02580946683883667,-0.025282032787799835,-0.15768231451511383,-0.18393637239933014,-0.14438098669052124,-1.9973021595508034,0.14960714768235697,0.013431610657283011
12.51809416666947,-0.06259054690599442,0.04590177536010742,-0.03575502336025238,-0.040360212326049805,-0.25214365124702454,-0.1454439014196396,-1.9994667754764566,0.15133721654332966,0.013109616491946755
12.5281491666683,-0.09012715518474579,0.007174670696258545,0.004486799240112305,-0.010996999219059944,-0.2805534601211548,-0.1364288330078125,-2.0022485915143386,0.1527017440755767,0.013553601013254549
12.538204166667128,-0.0932750403881073,-0.024282515048980713,0.013665810227394104,-0.09810931235551834,-0.29293835163116455,-0.1215946301817894,-2.0051031234698655,0.15400343629115798,0.013735919847731657
12.548258166665619,-0.08227469772100449,-0.03503894805908203,0.032244786620140076,-0.2539350986480713,-0.31591796875,-0.12082843482494354,-2.008013217560149,0.1558606725130056,0.012649171035753764
12.558313624998846,-0.07792306691408157,-0.020025908946990967,0.04975701868534088,-0.40789732336997986,-0.33076897263526917,-0.129044309258461,-2.010931145548639,0.15847432474903025,0.010076507329854531
12.56836862500495,-0.08425591140985489,0.0445026159286499,0.07948088645935059,-0.48595431447029114,-0.2985977232456207,-0.14301952719688416,-2.0135867535479477,0.16162142242526287,0.006458659876692806
12.57842262500344,-0.0960133895277977,0.09753882884979248,0.10634145885705948,-0.4501737654209137,-0.16462738811969757,-0.1774921715259552,-2.0153884158465476,0.1651672435511244,0.002746288817523981
12.58847762500227,-0.0756852924823761,0.17341583967208862,0.040629029273986816,-0.1705586016178131,-0.05624871701002121,-0.22223621606826782,-2.0161738609636624,0.16833480722099994,0.0006573491179595395
12.598532625001098,-0.04293852299451828,0.3175891637802124,0.004167571663856506,0.2349763810634613,-0.00013405201025307178,-0.2908698618412018,-2.016797573432765,0.17048143389308504,0.0022226069940422455
12.608586624999589,-0.048822663724422455,0.28642040491104126,0.10382209718227386,0.46082839369773865,0.11136770993471146,-0.2858165204524994,-2.0170279681120022,0.17164780656481451,0.006705696224061094
12.618641625005694,-0.0543406680226326,0.07723212242126465,0.15546977519989014,0.5811780691146851,0.17490074038505554,-0.2733301520347595,-2.016600052243769,0.17184076779522928,0.01288055791708153
12.628696625004523,-0.03650403767824173,0.0022333264350891113,0.3106675148010254,0.2703024446964264,0.26972365379333496,-0.28927847743034363,-2.0153430147513034,0.17243459563245175,0.01820941882945605
12.638750625003013,-0.05000273883342743,-0.2110757827758789,0.44400501251220703,-0.24698783457279205,0.4371113181114197,-0.2923763394355774,-2.0119947846538087,0.17506884848928922,0.019614823494820077
12.648805625001842,-0.009953096508979797,-0.2502508759498596,0.3509852886199951,-0.4511401355266571,0.5283679962158203,-0.2957042157649994,-2.006661188266335,0.1792956898883863,0.01732254160200399
12.65886062500067,0.027201831340789795,0.11287200450897217,0.22862601280212402,-0.22465313971042633,0.6381762623786926,-0.3137342035770416,-2.0005107248574334,0.18357959370419483,0.015372085693703507
12.6689156249995,0.011360004544258118,0.22192317247390747,0.1921156793832779,0.09675205498933792,0.7972596287727356,-0.29308563470840454,-1.9933757894980528,0.18674612096979856,0.015994315000623826
12.678969625005266,0.013423368334770203,0.0393710732460022,0.2311943769454956,0.22303654253482819,0.8573862314224243,-0.27515101432800293,-1.9855830185409784,0.18851969493613,0.018898674231352983
12.689024625004095,-0.004332616925239563,-0.08758467435836792,0.285630464553833,0.12736327946186066,0.8600893616676331,-0.3189709484577179,-1.9774823998548856,0.19053612188561492,0.02180877645099322
12.699079625002923,-0.011086776852607727,-0.08330446481704712,0.2823371887207031,-0.036075808107852936,0.8797900676727295,-0.34566259384155273,-1.9690926001395357,0.1934606224819522,0.02355141063713064
12.709133625001414,-0.003832906484603882,-0.01688319444656372,0.16094078123569489,-0.04488980770111084,0.8820438981056213,-0.35472986102104187,-1.9603964271068703,0.1969159821738086,0.024410209155148667
12.719188625000243,0.0014538764953613281,0.022279679775238037,0.06272150576114655,0.031612467020750046,0.8992922902107239,-0.35799476504325867,-1.9516732977181266,0.20028078344263262,0.0256970886618285
12.729243624999071,-0.00811062753200531,-0.026188313961029053,0.009824268519878387,0.10606645792722702,0.9067283272743225,-0.34959834814071655,-1.942971030768305,0.2033312391959158,0.027747678285109045
12.739297625004838,-0.02019481360912323,-0.07041972875595093,0.05083893984556198,0.11073049902915955,0.8613130450248718,-0.3434089124202728,-1.9345364102333427,0.20617866883612807,0.030081696172440987
12.749352625003667,-0.03847552835941315,-0.0697164535522461,0.09922527521848679,0.003216024488210678,0.8194795846939087,-0.32344478368759155,-1.9264806901964178,0.209095048260437,0.031918553419187076
12.759407625002495,-0.060785651206970215,-0.10981464385986328,0.10665106773376465,-0.17164722084999084,0.8482281565666199,-0.296244740486145,-1.9181927862635615,0.2123116369957915,0.03216829626521454
12.769461625000986,-0.05723775923252106,-0.12992852926254272,0.08876527845859528,-0.2694196105003357,0.9023116230964661,-0.2586752772331238,-1.909110419185333,0.21573031280255134,0.03089768090273047
12.779516624999815,-0.03148104250431061,0.004461944103240967,0.04610000550746918,-0.18275059759616852,0.9352833032608032,-0.2519329786300659,-1.8995398531476284,0.21894345724475586,0.029401727945591306
12.789571624998644,-0.027580082416534424,0.12251520156860352,0.011329993605613708,0.0242230836302042,0.996505856513977,-0.2372501790523529,-1.8898374923768269,0.22157087859217567,0.02936142565008506
12.79962562500441,-0.03378671407699585,0.09668749570846558,0.0021997541189193726,0.19270792603492737,1.075338363647461,-0.22513367235660553,-1.8798052410896982,0.22343881294499912,0.03122874413191615
12.809680625003239,-0.013812124729156494,0.031211674213409424,0.06631933152675629,0.20727382600307465,1.119343638420105,-0.2236175239086151,-1.8693545112682433,0.22494018561576273,0.03393788436023585
12.819735625002068,-0.0037407279014587402,-0.0186956524848938,0.17282640933990479,0.07984396070241928,1.18386971950531,-0.2425614446401596,-1.8582653091439063,0.22677275750630047,0.03608824643750703
12.829790625000896,-0.007808774709701538,-0.07448261976242065,0.2801738977432251,-0.06377419084310532,1.3228048086166382,-0.24644353985786438,-1.8458695680034907,0.22914091642425163,0.03681074807588667
12.839844624999387,0.023998528718948364,-0.0832933783531189,0.2990072965621948,-0.15289098024368286,1.436130166053772,-0.18116974830627441,-1.8318301896350495,0.23156848277431474,0.03624107766399325
12.849899625005492,0.055280908942222595,-0.0029161572456359863,0.20465075969696045,-0.00917588546872139,1.5195329189300537,-0.16944758594036102,-1.816870750831266,0.23348435333074202,0.03566402027686469
12.85995462500432,0.06216894090175629,0.05621415376663208,0.16567528247833252,0.2710895240306854,1.6164132356643677,-0.12628298997879028,-1.8015056760459933,0.23468265838373664,0.0373475476955505
12.87000862500281,0.05046127736568451,0.008958518505096436,0.1930539608001709,0.4467204809188843,1.7139196395874023,-0.05406152456998825,-1.7857091115827302,0.23473113951967986,0.04126235039517972
12.88006362500164,0.03728650510311127,-0.12935161590576172,0.23454368114471436,0.39145874977111816,1.7903252840042114,-0.02349301427602768,-1.769082063892153,0.23417988134178222,0.04566884481612272
12.890118625000468,0.03766968846321106,-0.18881231546401978,0.24305009841918945,0.20425105094909668,1.8096747398376465,-0.038434948772192,-1.7517212569632872,0.2338979808236317,0.048805182495035605
12.900172624998959,0.03046754002571106,-0.1742035150527954,0.2943018674850464,0.007039614021778107,1.8841575384140015,-0.027231721207499504,-1.733469769704359,0.2340734226847802,0.04987877722083003
12.910227625005064,0.023689180612564087,-0.13161373138427734,0.20345187187194824,0.03381689637899399,1.9204919338226318,-0.02414857968688011,-1.7142989504620554,0.23429596091894628,0.04992866100186697
12.920282625003892,0.05925750732421875,0.034393131732940674,0.09153509140014648,0.1186070665717125,1.9122779369354248,-0.0011857927311211824,-1.6952088596439514,0.2343815529093793,0.05074386772803975
12.930336625002383,0.05849355459213257,0.0466882586479187,0.04951655864715576,0.2264091670513153,1.8944635391235352,-0.0016126974951475859,-1.6764933861333746,0.2341349405124557,0.05256450933288412
12.940391625001212,0.05487103760242462,-0.0725051760673523,0.00741887092590332,0.17288166284561157,1.8199399709701538,-0.03573423624038696,-1.6582944689992825,0.23408169017943226,0.05471519815703186
12.95044662500004,0.049389734864234924,-0.08766067028045654,0.02045261673629284,0.02978869155049324,1.7629656791687012,-0.06184626370668411,-1.640580970948071,0.23453025800128366,0.055784067387197364
12.96050062499853,0.04979585111141205,-0.0630226731300354,-0.050937652587890625,-0.05652875453233719,1.698538899421692,-0.07557019591331482,-1.6231088376033114,0.23525628812793933,0.055567537578849246
12.970555625004636,0.05845515429973602,0.007807552814483643,-0.10103631019592285,0.004776681307703257,1.6490479707717896,-0.07060393691062927,-1.6062501623424619,0.23599305702588044,0.055263788416188606
12.980610625003465,0.05491034686565399,0.058117568492889404,-0.125166654586792,0.19185633957386017,1.6365798711776733,-0.025283031165599823,-1.5900001690114267,0.23645471857191916,0.056219424538248
12.990664625001955,0.050150319933891296,0.058305978775024414,-0.1954951286315918,0.457771360874176,1.6052541732788086,-0.015800580382347107,-1.5743987059741194,0.23666315388060358,0.05951828559966503
13.000719625000784,0.050037652254104614,0.10509288311004639,-0.19414687156677246,0.7565270066261292,1.5741695165634155,-0.025061750784516335,-1.5599258381497703,0.23690509386487638,0.06581336408852889
13.010774624999613,0.03679884970188141,0.06743133068084717,-0.17482292652130127,0.9963454604148865,1.5464659929275513,0.015269426628947258,-1.5463617938886423,0.23712503800382684,0.07496479278516915
13.020829625005717,0.020488575100898743,-0.019596755504608154,-0.1447129249572754,1.0512431859970093,1.5344034433364868,0.05972887575626373,-1.5334026808192631,0.2370355834236306,0.08570132416230598
13.030883625004208,-0.010484442114830017,-0.12248533964157104,-0.05861019343137741,0.8895230889320374,1.5618298053741455,0.05327443778514862,-1.5202024912534333,0.2369099540301899,0.09578928329598556
13.040938625003037,-0.008361190557479858,-0.2196868658065796,0.06077469140291214,0.5837135314941406,1.583167552947998,0.03929593414068222,-1.5062025319615067,0.23691386310436274,0.10358163425864844
13.050993625001865,0.041830748319625854,-0.2321305274963379,0.16313183307647705,0.18799524009227753,1.5445863008499146,0.05439872294664383,-1.4913709446434273,0.23667109168777378,0.10756026913252062
13.061047625000356,0.07130260765552521,-0.17857873439788818,0.22520960867404938,-0.15732115507125854,1.5072741508483887,0.04803094267845154,-1.4760824165043163,0.23620495831032395,0.1077015858748377
13.071102624999185,0.057439759373664856,-0.1152796745300293,0.27332472801208496,-0.34462472796440125,1.5818021297454834,0.04829033464193344,-1.460010299287706,0.23546766510051828,0.10502269234093388
13.08115762500529,0.028280556201934814,-0.04785323143005371,0.3514607548713684,-0.3574385344982147,1.7405768632888794,0.060076579451560974,-1.4425484754029358,0.23453774617206596,0.10137898323481195
13.09121162500378,0.02670791745185852,0.041569292545318604,0.3682846426963806,-0.22002233564853668,1.9539616107940674,0.13056646287441254,-1.4232275203345424,0.23314043179361782,0.0984080143978163
13.101266625002609,0.03239685297012329,0.14163237810134888,0.2681906819343567,0.1426703780889511,2.112253427505493,0.13775266706943512,-1.402757798734301,0.2317638126593545,0.09815755386183275
13.111321625001437,0.036172881722450256,0.2228190302848816,0.2858731746673584,0.44425418972969055,2.2800309658050537,0.15856394171714783,-1.3814660323210142,0.2308828121588639,0.10150045080658754
13.121375624999928,0.03264172375202179,0.13289040327072144,0.3450566530227661,0.42064619064331055,2.434965133666992,0.13308624923229218,-1.3588050431372594,0.2302964533481827,0.10636290420561476
13.131430624998757,0.031652092933654785,-0.07029664516448975,0.38113218545913696,0.1752777099609375,2.480158805847168,0.02207292430102825,-1.3347293740492239,0.23016996214153293,0.10961951675936238
13.141485625004862,0.04627023637294769,-0.08969050645828247,0.4190099835395813,-0.21537214517593384,2.4906229972839355,-0.08242962509393692,-1.3097009466865808,0.23050072697974272,0.10936806482396604
13.15154062500369,0.0374111533164978,0.004391729831695557,0.4139178991317749,-0.48210611939430237,2.5851974487304688,-0.13732002675533295,-1.2833191496340415,0.23058788362307045,0.10540673476147905
13.16159462500218,0.06635043025016785,0.11406064033508301,0.14041395485401154,-0.42062899470329285,2.575812816619873,-0.20513205230236053,-1.256187246346672,0.23081760361472245,0.10030701053449884
13.17164962500101,0.0857052356004715,0.27924591302871704,0.011331506073474884,-0.18030986189842224,2.5896592140197754,-0.23413227498531342,-1.229400602774053,0.2319647834993984,0.09654050501104337
13.181704624999838,0.07090999186038971,0.2638166546821594,-0.006660923361778259,0.05362309515476227,2.6175696849823,-0.2100738137960434,-1.2029194384134922,0.2338656897029252,0.09522853687594575
13.191758625005605,0.07658201456069946,0.10386723279953003,0.02954334020614624,0.0436311811208725,2.544950246810913,-0.23055912554264069,-1.1767806995397554,0.23614477487665345,0.09494774287493742
13.201813625004434,0.0652431845664978,-0.020609557628631592,0.08883292973041534,-0.14531010389328003,2.503674030303955,-0.2846072018146515,-1.1511434846589432,0.23832275826586213,0.09348562756094354
13.211868625003262,0.05712532997131348,-0.020101726055145264,0.018436141312122345,-0.27044111490249634,2.473480701446533,-0.31443220376968384,-1.1253466576205091,0.2401302934461649,0.09018433216729611
13.221922625001753,0.08001470565795898,0.11580568552017212,-0.1407099962234497,-0.2383631318807602,2.443434476852417,-0.37200742959976196,-1.0996841338853218,0.24205242274068853,0.08606193226490107
13.231977625000582,0.09980189800262451,0.19718420505523682,-0.25455158948898315,-0.052690472453832626,2.39197039604187,-0.39220643043518066,-1.0745801281014509,0.24477611614892122,0.08284951216927354
13.24203262499941,0.12453128397464752,0.1717081069946289,-0.2719799876213074,0.10782933980226517,2.294064521789551,-0.39970412850379944,-1.0505972599323992,0.2483877601733796,0.08117668988211618
13.252086625005177,0.1449986845254898,0.05051839351654053,-0.18246977031230927,0.049392662942409515,2.144059419631958,-0.38760459423065186,-1.0279624649641408,0.2522503472677927,0.07995533126121981
13.262141625004006,0.1434907168149948,-0.0832676887512207,-0.07713943719863892,-0.18066774308681488,2.018244981765747,-0.41270485520362854,-1.0063546456610104,0.2553310054395935,0.0771765443478544
13.272196625002834,0.13633236289024353,-0.11218464374542236,-0.08358179032802582,-0.39383888244628906,1.9170650243759155,-0.4596973955631256,-0.9853165396119251,0.25738872210253727,0.07214674120846042
13.282250625001325,0.1331133395433426,0.003873288631439209,-0.15448105335235596,-0.4441397786140442,1.8414113521575928,-0.49011459946632385,-0.9647855848960786,0.2589007733171038,0.06559904125264075
13.292305625000154,0.1382923722267151,0.09327352046966553,-0.2092694491147995,-0.3050662875175476,1.7698380947113037,-0.47765153646469116,-0.9450609497431729,0.2606777721846663,0.05946004986633949
13.302360624998983,0.13375063240528107,0.11306345462799072,-0.1825067549943924,-0.11405356228351593,1.714457392692566,-0.4393167197704315,-0.9263311575381515,0.26316533849530027,0.05484349572750698
13.312414625004749,0.12967732548713684,0.0665845274925232,-0.13849474489688873,-0.004533463157713413,1.6550742387771606,-0.39183732867240906,-0.9086470080280454,0.2661262239567207,0.051851775570214614
13.322469625003578,0.12168833613395691,-0.035302937030792236,-0.07789808511734009,-0.02245955727994442,1.5865161418914795,-0.3842739462852478,-0.8916564426254366,0.26914661807413504,0.049205178777503286
13.332524625002407,0.1274496167898178,-0.0927390456199646,-0.04653668403625488,-0.13153943419456482,1.5020595788955688,-0.3913491368293762,-0.8752508529695384,0.2716578274755906,0.045964277373714106
13.342579625001235,0.13194075226783752,-0.07004255056381226,0.0011354833841323853,-0.2621490955352783,1.4523589611053467,-0.3785715699195862,-0.8593083226681917,0.27334970986136625,0.04177325219721648
13.352633624999726,0.13602183759212494,-0.04571717977523804,0.01915717124938965,-0.30793604254722595,1.4293968677520752,-0.35383692383766174,-0.8435310027474936,0.27418220286772294,0.0369686351788897
13.362688624998555,0.1427639126777649,-0.010222971439361572,-0.0037644505500793457,-0.25486305356025696,1.399288535118103,-0.3329458236694336,-0.828057643592149,0.2748254892323154,0.03230865381585351
13.37274362500466,0.13336803019046783,0.04647636413574219,-0.03487086296081543,-0.11156900972127914,1.4130003452301025,-0.2821896970272064,-0.8129698389459377,0.2758035499583075,0.028665801782779762
13.38279762500315,0.10855098068714142,0.0529366135597229,-0.04772518575191498,0.027488695457577705,1.4560803174972534,-0.23581422865390778,-0.7979846807788069,0.2773891954481749,0.02652151763363424
13.392852625001979,0.09306864440441132,-0.0032687783241271973,0.001846015453338623,0.13652144372463226,1.5135982036590576,-0.20256119966506958,-0.7827849119077966,0.2795325010763733,0.02552150827356044
13.402907625000807,0.07629354298114777,-0.0868270993232727,0.1014714390039444,0.11152518540620804,1.5423989295959473,-0.17540623247623444,-0.767277053179567,0.28187699538617667,0.025088157114286004
13.412961624999298,0.08269526064395905,-0.16306954622268677,0.1973889321088791,-0.09552306681871414,1.534865379333496,-0.15045000612735748,-0.7514758770412842,0.2831634569345382,0.024002785438255028
13.423016625005403,0.08073589205741882,-0.193953275680542,0.20518559217453003,-0.42584773898124695,1.5153470039367676,-0.15375328063964844,-0.7353340003732796,0.28224669711083544,0.02104428627511317
13.433071625004231,0.05594179034233093,-0.16618698835372925,0.18044090270996094,-0.6789923310279846,1.5501774549484253,-0.1785542368888855,-0.7185603139709767,0.2791481555252452,0.01582123707005418
13.443125625002722,0.03463819622993469,-0.09777164459228516,0.08918260037899017,-0.7447704672813416,1.632523775100708,-0.1785939633846283,-0.7007740426077157,0.2747385401822415,0.009468908722262494
13.45318062500155,0.05630211532115936,0.02138972282409668,-0.028842806816101074,-0.6066046357154846,1.6489059925079346,-0.18514826893806458,-0.6826444495788275,0.27063000594011394,0.003411916081240103
13.46323562500038,0.07822604477405548,0.09155702590942383,-0.03165213763713837,-0.4149929881095886,1.6596518754959106,-0.14907924830913544,-0.664764942785818,0.2677038361328909,-0.001282765295701554
13.47328962499887,0.08078651130199432,0.03973656892776489,-0.00947105884552002,-0.2772497534751892,1.6337555646896362,-0.08954881131649017,-0.647332874864982,0.2657123055452434,-0.0044469679309458035
13.483344625004975,0.08059331774711609,-0.024247407913208008,-0.014982357621192932,-0.2098373919725418,1.5784642696380615,-0.06766483932733536,-0.6306334471552913,0.2642605523731376,-0.006557168352159156
13.493399625003804,0.07110850512981415,-0.0411948561668396,0.005039796233177185,-0.29820960760116577,1.5444296598434448,-0.06196381524205208,-0.6144332447259908,0.26265670919783995,-0.008590384501280855
13.503454625002632,0.06380358338356018,-0.0891653299331665,0.06727953255176544,-0.44276389479637146,1.546500563621521,-0.05452052131295204,-0.5982016284297484,0.2599508702045651,-0.01127732913290122
13.513508625001123,0.04427334666252136,-0.12561172246932983,0.18030065298080444,-0.6955042481422424,1.561883568763733,-0.03512844815850258,-0.5816854454410602,0.2554994715436712,-0.014934805757641657
13.523563624999952,0.020937979221343994,-0.13193941116333008,0.2738466262817383,-0.9401034712791443,1.651963710784912,0.019299959763884544,-0.5644090631402947,0.24858072380310922,-0.01965124649546144
13.53361862499878,0.0014141649007797241,-0.07955509424209595,0.22471046447753906,-1.0087521076202393,1.770387053489685,0.02553229033946991,-0.5459445082799,0.24002425605761565,-0.024802874337657984
13.543672625004547,0.007555335760116577,0.04715365171432495,0.16852223873138428,-0.8724644184112549,1.9495127201080322,0.03054177574813366,-0.5261451272217664,0.23165134219872027,-0.029603716023171436
13.553727625003376,0.037688106298446655,0.13341104984283447,0.10226012766361237,-0.641873300075531,2.0704784393310547,0.046959634870290756,-0.5050642170901417,0.22480858485960506,-0.033129878319625404
13.563782750003156,0.09657558798789978,0.14801913499832153,0.09640473127365112,-0.405478298664093,2.0950138568878174,0.07133333384990692,-0.48362942749685117,0.21992889537064364,-0.035151051085855346
13.573836750001647,0.12334237992763519,0.10438370704650879,0.11325997114181519,-0.29404765367507935,2.0739073753356934,0.0849548727273941,-0.46247511922626333,0.21653196456830873,-0.036035336992285956
13.583891750000475,0.11853630840778351,-0.00045287609100341797,0.15952366590499878,-0.38025563955307007,2.07761287689209,0.06302382051944733,-0.4414932883748835,0.21325440701093332,-0.03673240628171425
13.593946749999304,0.09849701821804047,-0.10607671737670898,0.20867066085338593,-0.6140292882919312,2.0784356594085693,0.03185178339481354,-0.42022876315042174,0.20856951585806918,-0.038435630445995454
13.60400075000507,0.08001849055290222,-0.13804584741592407,0.25649839639663696,-0.9162214994430542,2.0994296073913574,0.009861372411251068,-0.3986498576166337,0.20147708269944134,-0.04133989313638814
13.6140557500039,0.05801995098590851,-0.12655389308929443,0.23769038915634155,-1.0824177265167236,2.1776602268218994,0.021883947774767876,-0.37643626997476604,0.19190178298698812,-0.04517930099619338
13.624110750002728,0.07424493134021759,-0.001962423324584961,-0.068947434425354,-0.9513736963272095,2.1704468727111816,-0.03140875697135925,-0.3536567110160696,0.18224516791561776,-0.048893145297371765
13.634164750001219,0.13436537981033325,0.2092801332473755,-0.2952556610107422,-0.5834065675735474,2.0603396892547607,-0.09698004275560379,-0.33180108535610153,0.17499601222925332,-0.05228036545701313
13.644219750000047,0.15244416892528534,0.284115195274353,-0.373151957988739,-0.09885423630475998,1.9685568809509277,-0.09399797022342682,-0.3112069658971457,0.1720851855302561,-0.054352444792801824
13.654274749998876,0.16266952455043793,0.18592339754104614,-0.3505765199661255,0.2555277943611145,1.7696789503097534,-0.007672932930290699,-0.2922328811984194,0.173088954717256,-0.05466699165342268
13.664328750004643,0.1647254377603531,0.03564566373825073,-0.34888720512390137,0.41234201192855835,1.5583347082138062,0.00953630730509758,-0.2756582804395265,0.17650841684228596,-0.05353779800667089
13.674383750003472,0.17809492349624634,-0.06966143846511841,-0.35076600313186646,0.278256893157959,1.3381438255310059,0.0169441569596529,-0.26127623792001775,0.17990704271924265,-0.05248337874118452
13.6844387500023,0.1706639528274536,-0.14414018392562866,-0.33570849895477295,0.010197057388722897,1.1454358100891113,-0.0032981587573885918,-0.2488723425569573,0.18140259112317214,-0.05203568744805082
13.69449375000113,0.14674878120422363,-0.17907321453094482,-0.28260862827301025,-0.3384045958518982,1.013433814048767,-0.024577880278229713,-0.23798028650320455,0.17980678755453944,-0.05257264332675233
13.70454774999962,0.12377703189849854,-0.14798474311828613,-0.21209560334682465,-0.6329242587089539,0.9408450722694397,-0.012502389959990978,-0.22793739751315623,0.17506780919730083,-0.0539154275580174
13.714602750005724,0.11867719888687134,-0.040937185287475586,-0.16853076219558716,-0.7824122905731201,0.9174308180809021,0.013972094282507896,-0.21832516384773437,0.1680046085762991,-0.05553806118408983
13.724657750004553,0.11917315423488617,0.06015902757644653,-0.1251004934310913,-0.775351345539093,0.9329831004142761,0.036407630890607834,-0.20882856279008832,0.16023216044326,-0.05696022108052299
13.734711750003044,0.11635936796665192,0.10509747266769409,-0.06329446285963058,-0.6978456377983093,0.9653559923171997,0.060966767370700836,-0.19912799183636673,0.15286050471069712,-0.058001127177719124
13.744766750001872,0.1149117648601532,0.09087616205215454,-0.01704888790845871,-0.583794891834259,1.0076203346252441,0.07165610790252686,-0.18910677660816155,0.14640087373420524,-0.058592920423707395
13.754821750000701,0.1130368709564209,0.07546484470367432,-0.013176977634429932,-0.46676358580589294,1.0267839431762695,0.055709633976221085,-0.1788439834553896,0.14110325715828193,-0.058886285904752936
13.764875749999192,0.11491787433624268,0.08036065101623535,0.009347863495349884,-0.3799934983253479,1.0508110523223877,0.04501781612634659,-0.16836112645560466,0.13683811925521788,-0.059140423124706416
13.774930750005296,0.11427587270736694,0.056537628173828125,0.05812424421310425,-0.33204329013824463,1.0661340951919556,0.04298795387148857,-0.15767661547915526,0.133263722562713,-0.059304974476678804
13.784985750004125,0.114300936460495,0.007256925106048584,0.09563787281513214,-0.3384951055049896,1.0525665283203125,0.05011507868766785,-0.1470160897503048,0.12991238139418218,-0.05935451733618806
13.795039750002616,0.09388665854930878,-0.0411338210105896,0.1332518458366394,-0.35358962416648865,1.0555015802383423,0.042286183685064316,-0.1364279914211495,0.1264101611248224,-0.05937054094834701
13.805094750001444,0.06469552218914032,-0.07246273756027222,0.17625492811203003,-0.4322865605354309,1.043062686920166,0.04984397068619728,-0.1258771964422097,0.1224642646963244,-0.059455819158057414
13.815149750000273,0.05969274044036865,-0.07112807035446167,0.16695094108581543,-0.5591955184936523,1.0272901058197021,0.08582433313131332,-0.11548251944673535,0.11749680739648745,-0.05937908297765854
13.825204749999102,0.043291956186294556,-0.09727197885513306,0.14204764366149902,-0.6915252804756165,1.0089552402496338,0.11639010906219482,-0.10528208670796554,0.11110017375698336,-0.05903913996800403
13.835258750004868,0.01751565933227539,-0.11244672536849976,0.08971529453992844,-0.7726869583129883,1.0054819583892822,0.12838710844516754,-0.09523200281745574,0.10361506580561311,-0.05854581640046071
13.845313750003697,-0.009108006954193115,-0.06053781509399414,0.04726386070251465,-0.7948359251022339,1.0308252573013306,0.12636825442314148,-0.08506073536593457,0.09559909968531252,-0.05801008774411136
13.855368750002526,-0.011068224906921387,-0.012607932090759277,0.01909487694501877,-0.7559931874275208,1.0648252964019775,0.14834412932395935,-0.07459161975688315,0.08770636474748035,-0.057281388620718056
13.865422750001017,-0.016019493341445923,-0.0074310302734375,0.0005389973521232605,-0.6825529336929321,1.0870410203933716,0.17298771440982819,-0.06387310068925049,0.08034811856513267,-0.05613786540101506
13.875477749999845,-0.02423643320798874,-0.0015621185302734375,-0.01124626025557518,-0.5700783133506775,1.096945881843567,0.18514478206634521,-0.05300959661364674,0.07393914635914338,-0.054734288821018794
13.885532749998674,-0.02135699987411499,0.017718076705932617,-0.02749817818403244,-0.478485643863678,1.1000332832336426,0.21532121300697327,-0.04207369638500931,0.06860464373954599,-0.05297060481876372
13.89558675000444,-0.014635823667049408,0.004969000816345215,-0.038665350526571274,-0.4402778148651123,1.096492052078247,0.23265253007411957,-0.031178355762311007,0.0639359609610924,-0.05089683476032605
13.90564175000327,0.005563028156757355,-0.0038886070251464844,-0.08956336975097656,-0.4465687572956085,1.0447921752929688,0.229377880692482,-0.020511382954308578,0.0594731357326686,-0.04865080709000761
13.915696750002098,0.03329354524612427,0.02591651678085327,-0.14373844861984253,-0.4871704876422882,0.957040548324585,0.20796605944633484,-0.01057472306115212,0.05477288958655292,-0.046520729319229695
13.925750750000589,0.05092848837375641,0.059738755226135254,-0.18228769302368164,-0.5160389542579651,0.8563334941864014,0.17726661264896393,-0.001545108416471432,0.04967359859536462,-0.04460390997837913
13.935805749999417,0.05818783491849899,0.07277768850326538,-0.19278013706207275,-0.5577714443206787,0.7318248748779297,0.12753021717071533,0.0063620559059610685,0.04428733286072827,-0.04305679198666454
13.945860750005522,0.06284142285585403,0.08383649587631226,-0.20532608032226562,-0.562610387802124,0.6225942373275757,0.09962433576583862,0.013105202577998354,0.03869016257720408,-0.04187474039475584
13.955914750004013,0.059888288378715515,0.09270745515823364,-0.19102591276168823,-0.5583115220069885,0.5161242485046387,0.06906695663928986,0.018775714201186348,0.032997944416211955,-0.04092491456051403
13.965969750002841,0.060057155787944794,0.09699183702468872,-0.19464939832687378,-0.49331438541412354,0.42197832465171814,0.041383400559425354,0.023463628461325436,0.027713608172529363,-0.040237175683499014
13.97602475000167,0.06369325518608093,0.12004649639129639,-0.1936243176460266,-0.43317168951034546,0.3266909420490265,0.021031787618994713,0.02719265895389887,0.02304749301953253,-0.03981630857886835
13.98607875000016,0.06940194219350815,0.1302015781402588,-0.19481229782104492,-0.3350414037704468,0.2500222623348236,0.01698165200650692,0.030103461316864543,0.019173174661936583,-0.039513292780424966
13.99613374999899,0.06220218539237976,0.12216800451278687,-0.18451225757598877,-0.21151171624660492,0.18367120623588562,0.008961277082562447,0.032266781928133925,0.01641805778937613,-0.03931197582992056
14.006188750005094,0.05989892780780792,0.12333136796951294,-0.17151427268981934,-0.06749569624662399,0.1410132199525833,0.020452816039323807,0.033884321790875624,0.015023309556278567,-0.03910999585098884
14.016243750003923,0.05350807309150696,0.11841422319412231,-0.15036654472351074,0.034189123660326004,0.11839233338832855,0.014010097831487656,0.035159355368556945,0.014878476189989607,-0.038932180584737776
14.026297750002414,0.043984368443489075,0.07072949409484863,-0.09631776809692383,0.13006766140460968,0.10445453971624374,0.0011329950066283345,0.03627441674803013,0.01574738654327359,-0.03889249132042891
14.036352750001242,0.036138661205768585,0.029176652431488037,-0.028626084327697754,0.13029852509498596,0.09466356784105301,-0.0017002621898427606,0.037260079817515716,0.017088885191439845,-0.038947632380227956
14.046407750000071,0.02916698157787323,0.0023186802864074707,0.002713918685913086,0.09530467540025711,0.08788608014583588,1.4973382349126041e-05,0.0381765452989704,0.018263535217196352,-0.0390027165822012
14.056461749998562,0.02413851022720337,-0.03203928470611572,0.009328187443315983,0.01779576577246189,0.08943737298250198,0.003689070465043187,0.03905385161829671,0.018838480931322444,-0.039010801166693455
14.066516750004666,0.023342624306678772,-0.054205238819122314,-0.00158619973808527,-0.039176397025585175,0.09206391870975494,0.012156084179878235,0.03996991604894301,0.018710622688998788,-0.03892151690341014
14.076571750003495,0.0318760946393013,-0.033010125160217285,-0.03280496597290039,-0.037134017795324326,0.06383787095546722,0.01071877684444189,0.04075722780127586,0.018295223615410115,-0.03880980213461571
14.086625750001986,0.046991944313049316,0.0016447901725769043,-0.06654953956604004,0.04282468557357788,0.02076750062406063,0.017397692427039146,0.041180651451599375,0.018278819343456744,-0.03868527358561019
14.096680750000814,0.04385552555322647,0.018995583057403564,-0.07302695512771606,0.1785212755203247,-0.023915547877550125,0.03606458753347397,0.041162771582682174,0.019402055383962127,-0.038477225417349416
14.106735749999643,0.04469704627990723,0.021560490131378174,-0.0692872405052185,0.3230627775192261,-0.05496734008193016,0.08586796373128891,0.04076422293703553,0.02193657038818464,-0.03797927357656964
14.11678975000541,0.04365500807762146,-0.014175832271575928,-0.04908853769302368,0.4185733199119568,-0.10160195082426071,0.1499505341053009,0.039958054259004026,0.02577129507713437,-0.03693428142056848
14.126844750004238,0.034639760851860046,-0.07371032238006592,-0.027186036109924316,0.4231463372707367,-0.11586397886276245,0.21231761574745178,0.03882363511502555,0.030130651877407745,-0.03524373981349352
14.136899750003067,0.022109858691692352,-0.1352795958518982,-0.009505629539489746,0.3142014741897583,-0.10157665610313416,0.23814921081066132,0.037650376585209595,0.03397181174716593,-0.03308856870639332
14.146953750001558,0.026994772255420685,-0.1667538285255432,-0.05701792240142822,0.24242888391017914,-0.10843149572610855,0.28741440176963806,0.036560525587701766,0.03680573258016376,-0.030573274930826396
14.157008750000386,0.04690086096525192,-0.11384683847427368,-0.1381412148475647,0.2589346170425415,-0.14177533984184265,0.32199981808662415,0.03518923778601333,0.03929683684983061,-0.0275170748753004
14.167063749999215,0.044727154076099396,-0.06567937135696411,-0.20513314008712769,0.4765511453151703,-0.1698894053697586,0.36120733618736267,0.03348231968279897,0.04307419924209805,-0.02425703035597864
14.177117750004982,0.058484964072704315,-0.023162543773651123,-0.20797675848007202,0.7141258716583252,-0.19772635400295258,0.41886264085769653,0.03150418317467784,0.049112335791047144,-0.020588254430684558
14.18717275000381,0.0854993611574173,2.8252601623535156e-05,-0.170546293258667,0.9399789571762085,-0.2531011998653412,0.5088711380958557,0.028976336956609994,0.05764122570851696,-0.016160011784207416
14.19722775000264,0.09000413119792938,-0.04190295934677124,-0.13913625478744507,1.065633773803711,-0.3194043040275574,0.5648648738861084,0.025817036950779675,0.06799319972125643,-0.011041553503333126
14.207282750001468,0.08766032755374908,-0.13863682746887207,-0.10882478952407837,0.9611465930938721,-0.4112744629383087,0.572084367275238,0.021760805799391728,0.07845754278952002,-0.005545005460647584
14.217336749999959,0.07997740060091019,-0.2068079710006714,-0.06975943595170975,0.6785018444061279,-0.4913567900657654,0.6009730100631714,0.016734449800503412,0.08691489758337263,0.0002472951710068569
14.227391749998787,0.061242640018463135,-0.2046433687210083,-0.040678150951862335,0.28308069705963135,-0.5532875061035156,0.5653759241104126,0.010992331817858827,0.09178002480312289,0.006071214954717419
14.237446750004892,0.06671150773763657,-0.1439516544342041,-0.009768061339855194,-0.030064700171351433,-0.612063467502594,0.5064867734909058,0.004630094243426113,0.0930400315849256,0.011477898468046907
14.247500750003383,0.054843470454216,-0.04522275924682617,0.0009427666664123535,-0.25692084431648254,-0.6523587107658386,0.46172645688056946,-0.0021804834187662235,0.09149146065776413,0.016350019734980407
14.257555750002211,0.05869123339653015,0.03662151098251343,-0.010164670646190643,-0.3186313509941101,-0.6629732847213745,0.4418198764324188,-0.009227252687259907,0.08850600269939636,0.02086791041372833
14.26761075000104,0.05673870071768761,0.1408674716949463,-0.016845829784870148,-0.2095332145690918,-0.6370560526847839,0.433095782995224,-0.016180712880200624,0.08567913802809736,0.02521693944156643
14.27766474999953,0.055104684084653854,0.22139102220535278,-0.03440922498703003,0.029134219512343407,-0.5852980017662048,0.42358750104904175,-0.02271265285023298,0.0846479943258157,0.029522790473525292
14.287719750005635,0.04826919361948967,0.23836779594421387,-0.032893240451812744,0.2895781397819519,-0.5297629237174988,0.3958219289779663,-0.02866977047278227,0.0860970206111563,0.033720443476318265
14.297774750004464,0.027717912569642067,0.21321314573287964,-0.009136080741882324,0.5430695414543152,-0.4715091586112976,0.32764288783073425,-0.03404135527991822,0.09027914699791173,0.03750858102117803
14.307828750002955,0.027735024690628052,0.15729093551635742,0.04335963726043701,0.48507407307624817,-0.46249425411224365,0.24959737062454224,-0.03892184671994032,0.09545829498571844,0.04062258236166275
14.317883750001783,0.05053133890032768,0.026283979415893555,0.024216242134571075,0.2543015778064728,-0.5116966962814331,0.2012420892715454,-0.0439923011167306,0.09922486246080528,0.04304126884958319
14.327938750000612,0.051208268851041794,-0.0702742338180542,-0.037537217140197754,-0.05152764916419983,-0.6346681118011475,0.13763143122196198,-0.0498887385429387,0.10018077666287234,0.04481580386376114
14.337993749999441,0.06105082482099533,-0.04512596130371094,-0.16210174560546875,-0.24429762363433838,-0.7732003927230835,0.061858635395765305,-0.05707378599566672,0.09849608557544563,0.04571393475008877
14.348047750005207,0.0802084282040596,0.08269357681274414,-0.26734375953674316,-0.23872821033000946,-0.8926300406455994,0.06530527025461197,-0.06551114660187925,0.09587367360531507,0.04611906193271401
14.358102750004036,0.08819492161273956,0.20411640405654907,-0.35960716009140015,0.03267107531428337,-1.0092799663543701,0.0926830992102623,-0.07511949730914295,0.09468866443214409,0.04686569230876694
14.368157750002865,0.08393647521734238,0.2192569375038147,-0.38521015644073486,0.42042088508605957,-1.1309183835983276,0.09366929531097412,-0.08600392286499474,0.09679473555276857,0.04798102190985174
14.378211750001356,0.0718529224395752,0.12323075532913208,-0.293789803981781,0.7269169092178345,-1.2411311864852905,0.09863076359033585,-0.09811203214705654,0.10261094529221482,0.0494996526471761
14.388266750000184,0.055900510400533676,0.03582417964935303,-0.2107694149017334,0.7701992392539978,-1.3308969736099243,0.12907548248767853,-0.11118757969521392,0.11013548223636378,0.051417909441556775
14.398321749999013,0.07017668336629868,-0.03377854824066162,-0.2529557943344116,0.6914341449737549,-1.4266033172607422,0.1749500334262848,-0.12532024080975593,0.11726601502410167,0.053854538676026256
14.40837575000478,0.055869683623313904,-0.07476341724395752,-0.2546042203903198,0.6131901741027832,-1.5349786281585693,0.11963439732789993,-0.14054022075399672,0.12354602815971752,0.05620689321172859
14.418430750003608,0.05033162236213684,-0.047770559787750244,-0.1944677233695984,0.5387511253356934,-1.557854175567627,0.09455914050340652,-0.15637928589546596,0.12915535852850946,0.0581074404859189
14.428485750002437,0.03025895729660988,-0.035598695278167725,-0.08346104621887207,0.43801626563072205,-1.5412367582321167,0.1126086562871933,-0.17224246105212807,0.13381303464918734,0.059910250818297386
14.438539750000928,0.007316796109080315,-0.0768362283706665,-0.027497902512550354,0.44676369428634644,-1.4773131608963013,0.14489708840847015,-0.18768228033921788,0.13789386095782824,0.062027932373843984
14.448594749999756,-0.008680686354637146,-0.04062223434448242,-0.01234900951385498,0.4205986559391022,-1.3681353330612183,0.14575813710689545,-0.2023676505338453,0.14203427610541985,0.06432887713516912
14.458649749998585,-0.003348955884575844,-0.0046427249908447266,0.026324138045310974,0.3346286118030548,-1.2538306713104248,0.15064211189746857,-0.21584193031292362,0.14528140903561987,0.06651313766471208
14.468703750004352,-0.011594975367188454,-0.05888432264328003,0.06718182563781738,0.34614744782447815,-1.162570595741272,0.16688735783100128,-0.22827472795580717,0.1483327420856077,0.0688830661599553
14.47875875000318,0.004587441682815552,-0.02807825803756714,0.06498086452484131,0.2895621955394745,-1.0825092792510986,0.2154463678598404,-0.23991709527007704,0.1510142585957811,0.0714985832326449
14.48881375000201,0.019062144681811333,0.0637369155883789,0.020025789737701416,0.313991904258728,-1.036819338798523,0.2555994689464569,-0.2511034755626059,0.1532760802231117,0.07461172095717467
14.4988677500005,0.0025351177901029587,0.06530159711837769,-0.0801892876625061,0.43442219495773315,-0.9328769445419312,0.2871294319629669,-0.261547347860068,0.1562814312081515,0.07822011630953603
14.508922749999329,0.05616345629096031,0.04160350561141968,-0.07971668243408203,0.5101083517074585,-0.8933300375938416,0.35847049951553345,-0.27135809423097745,0.16001731325173368,0.08266588822328795
14.518977750005433,0.09277269244194031,0.011727988719940186,0.00239408016204834,0.5747238397598267,-0.9312558770179749,0.4138288199901581,-0.28134760534717485,0.16423053690855907,0.08799393728981626
14.529031750003924,0.09585955739021301,-0.00778651237487793,0.07152290642261505,0.5521193742752075,-1.0344977378845215,0.4212643504142761,-0.2921535034002533,0.16847478416595119,0.0937330495752008
14.539086750002753,0.07276387512683868,-0.0591241717338562,0.08326657116413116,0.5480061173439026,-1.1592799425125122,0.41851356625556946,-0.30419251818811033,0.17254266586843822,0.09947821948213284
14.549141750001581,0.06621909141540527,-0.050606608390808105,0.059652626514434814,0.4244241416454315,-1.2698349952697754,0.43776994943618774,-0.31740971662342915,0.1760230706724862,0.10514144574258077
14.559197250004217,0.08432469516992569,0.012684762477874756,-0.018422111868858337,0.16991464793682098,-1.3847134113311768,0.4406174123287201,-0.3316911651680354,0.17729606192048117,0.11039394376940705
14.569251250002708,0.06725358963012695,-0.009186089038848877,-0.12037281692028046,0.09161393344402313,-1.470616102218628,0.34189701080322266,-0.3467853201802188,0.17718867202941055,0.11466525338229556
14.579306250001537,0.07959050685167313,0.08792632818222046,-0.11623115837574005,0.15199019014835358,-1.5348260402679443,0.3069169223308563,-0.36251766129566704,0.1771163201826735,0.11809248031348887
14.589361250000366,0.10016553848981857,0.23379027843475342,-0.0791701227426529,0.22381585836410522,-1.5800061225891113,0.30237269401550293,-0.37885946418778566,0.1778226148894843,0.1217450488289355
14.599415249998856,0.09294342994689941,0.1636512279510498,-0.024032294750213623,0.1833866834640503,-1.6002084016799927,0.23295660316944122,-0.3954078022258624,0.1787265069035402,0.12513417427320378
14.60947025000496,0.07758454978466034,0.02057325839996338,0.0706070065498352,0.05752742290496826,-1.6723681688308716,0.10050443559885025,-0.4122288138667241,0.17919823204082616,0.12722146197278653
14.61952525000379,0.07502259314060211,0.09555226564407349,0.11119848489761353,-0.023266760632395744,-1.7292228937149048,0.05903714522719383,-0.4295169682637786,0.17890976903608788,0.1279686407443637
14.62957925000228,0.04741865396499634,0.21062713861465454,0.03998498618602753,0.11040595173835754,-1.6953511238098145,0.00784008577466011,-0.44688773865743375,0.1791415818962728,0.1284706036855029
14.639634250001109,0.060547761619091034,0.1997559666633606,0.033734992146492004,0.19924794137477875,-1.6422386169433594,0.017481528222560883,-0.46379221157887074,0.18060111811195903,0.12934924667634712
14.649689249999938,0.07514830678701401,0.06463801860809326,0.06234276294708252,0.20513424277305603,-1.6458104848861694,-0.0009230453288182616,-0.48048912035109886,0.18245523470639569,0.13042001499657896
14.659743250005704,0.09133104979991913,-0.022569239139556885,0.07934539020061493,0.11218830943107605,-1.6915316581726074,-0.007981753908097744,-0.49737711663934886,0.18388717769606094,0.1310895147094061
14.669798250004533,0.1109749972820282,-0.020330607891082764,0.04598410427570343,0.09373261034488678,-1.7498878240585327,0.01737516187131405,-0.5148196219170289,0.18471946239165343,0.1316497137748671
14.679853250003362,0.11021482944488525,-0.0015125870704650879,-0.028801962733268738,0.20826025307178497,-1.7932134866714478,0.03380953148007393,-0.5328067809026859,0.18587586978741785,0.13263306580649292
14.689907250001852,0.14146459102630615,-0.007951319217681885,-0.054845333099365234,0.3782097399234772,-1.8990836143493652,0.07740087062120438,-0.5517399668513512,0.18816506976329814,0.13467867835394393
14.69996225000068,0.15977227687835693,-0.10956674814224243,-0.03647586703300476,0.3827357888221741,-2.0606656074523926,0.12859748303890228,-0.5721735161246636,0.19091376896490345,0.1377185111486313
14.71001724999951,0.1614718735218048,-0.26443707942962646,-0.006146043539047241,0.11606992036104202,-2.2212157249450684,0.18267279863357544,-0.594259154791959,0.19233088384892869,0.14065791410024292
14.720072250005614,0.14145749807357788,-0.37741249799728394,0.010253936052322388,-0.24787980318069458,-2.3565001487731934,0.19310839474201202,-0.6175308056899214,0.19066623143214398,0.14179468223084943
14.730126250004105,0.13787859678268433,-0.346027672290802,0.0017900466918945312,-0.5618172287940979,-2.454347610473633,0.226812943816185,-0.6416177878721887,0.18606970666442024,0.141105724967158
14.740181250002934,0.13049384951591492,-0.19498783349990845,0.006120502948760986,-0.5978655219078064,-2.4917893409729004,0.25594738125801086,-0.6662344611721174,0.17987391349001902,0.13934642241448428
14.750236250001763,0.13233992457389832,-0.08922892808914185,-0.04473651945590973,-0.3949523866176605,-2.458761215209961,0.3451283574104309,-0.6909883004420286,0.1739466404106008,0.1384435152621957
14.760290250000253,0.14298589527606964,-0.04447144269943237,-0.08013789355754852,-0.03702034428715706,-2.4461426734924316,0.4287375211715698,-0.7159136139879035,0.1697983047323967,0.14002729031554415
14.770345249999082,0.15509968996047974,-0.037708818912506104,0.004879489541053772,0.1832524985074997,-2.425612449645996,0.5330461859703064,-0.7411051291607972,0.16718414290822114,0.14427263186226158
14.780400250005187,0.1438625305891037,-0.14875632524490356,0.12193477153778076,0.10334249585866928,-2.412820339202881,0.606961727142334,-0.7663404549879222,0.16447687804997727,0.14972829867056325
14.790454250003677,0.15430432558059692,-0.27107250690460205,0.14857669174671173,-0.25898879766464233,-2.399383306503296,0.6398240923881531,-0.7911284304849906,0.15956691836098472,0.1536849228899099
14.800509250002506,0.22226250171661377,-0.3235688805580139,0.052300825715065,-0.611612856388092,-2.4925649166107178,0.6684743762016296,-0.8158621162668612,0.15175205576344009,0.15505139822034789
14.810564250001335,0.320787638425827,-0.2500755190849304,0.03349661827087402,-0.8628944754600525,-2.69287371635437,0.7634746432304382,-0.8417704617923507,0.14139581867303305,0.15442559905045022
14.820618249999825,0.3636171519756317,-0.19352751970291138,-0.045266762375831604,-0.9777123928070068,-2.9729299545288086,0.815801739692688,-0.8699733088758094,0.1292662527278517,0.15259805276315025
14.830673249998654,0.34867119789123535,-0.1777525544166565,-0.14743684232234955,-1.0013598203659058,-3.2713422775268555,0.8306344151496887,-0.901095099869854,0.11644172294317957,0.15003109532130093
14.840728250004759,0.25935620069503784,-0.15024423599243164,-0.1198003739118576,-0.9948717355728149,-3.4153366088867188,0.8101709485054016,-0.93447223885779,0.10381917106093613,0.1470257324840742
14.850782250003249,0.18095621466636658,-0.13305771350860596,-0.09666526317596436,-0.9601604342460632,-3.424525499343872,0.8179536461830139,-0.9685518091351755,0.09141078412488352,0.14373089449808307
14.860837250002078,0.16336187720298767,-0.09022676944732666,-0.059017956256866455,-0.929393470287323,-3.4339375495910645,0.7986319065093994,-1.0026659632353423,0.07936256929907613,0.14030018807436495
14.870892250000907,0.14650782942771912,-0.016174793243408203,-0.0035953447222709656,-0.8368810415267944,-3.502864122390747,0.7547532320022583,-1.0371801405344958,0.06808913666729598,0.1368842971856824
14.880946249999397,0.09932054579257965,0.07627999782562256,0.013148725032806396,-0.9399174451828003,-3.481980800628662,0.6965178847312927,-1.0719320504515462,0.05722445169773585,0.13251180678599567
14.891001250005502,0.05360255017876625,-0.007120370864868164,-0.030522048473358154,-1.1696999073028564,-3.3537421226501465,0.6018593311309814,-1.1061263112201374,0.046524328832302946,0.12635455571598356
14.90105625000433,0.054635412991046906,-0.05113863945007324,0.05058872699737549,-1.2764838933944702,-3.3214921951293945,0.5652778744697571,-1.1393656249033801,0.03603740893507922,0.11779636561172689
14.911110250002821,0.053769633173942566,0.14806431531906128,0.11915278434753418,-1.2220979928970337,-3.204972505569458,0.5379956364631653,-1.1719732839396027,0.02579826178344834,0.1083690778893911
14.92116525000165,0.022063158452510834,0.31179195642471313,0.10431057214736938,-0.9086418747901917,-2.9642233848571777,0.5208057165145874,-1.202903207117647,0.016808661892609444,0.1003227360046621
14.931220250000479,-0.00999205932021141,0.36521029472351074,0.1867210865020752,-0.4979170560836792,-2.619931697845459,0.4534519910812378,-1.2309304675182584,0.009729775724112308,0.09534256800133185
14.941275249999308,-0.014975729398429394,0.4306933283805847,0.23859363794326782,-0.1209636703133583,-2.266996383666992,0.3814433217048645,-1.255495618978159,0.004714968131973951,0.09377396974505013
14.951329250005074,-0.02302255667746067,0.49665307998657227,0.28082793951034546,0.2422780990600586,-1.9163446426391602,0.27164772152900696,-1.2765507958452786,0.0017713834736442855,0.09543618057861587
14.961384250003903,-0.013394337147474289,0.5040265321731567,0.4385108947753906,0.439986914396286,-1.5396775007247925,0.23010136187076569,-1.293886468284498,0.0003871704260550972,0.09944467492661446
14.971439250002732,0.002840537577867508,0.37751734256744385,0.45818328857421875,0.44062677025794983,-1.2135121822357178,0.14296044409275055,-1.307658932061392,-0.00028813965493372295,0.10436195032210566
14.981493250001222,0.021593410521745682,0.2223067283630371,0.47633397579193115,0.28091859817504883,-1.020885944366455,0.0027601865585893393,-1.318804434572562,1.0736403908823997e-05,0.10827450563471216
14.99154825000005,0.03029489517211914,0.1804078221321106,0.40940290689468384,0.05109002813696861,-1.0330580472946167,-0.15385131537914276,-1.3290785194137724,0.001133248958250183,0.10966637202770317
15.00160324999888,0.0021929126232862473,0.1619652509689331,0.3450544476509094,-0.1910504400730133,-1.0373384952545166,-0.24071989953517914,-1.3395027487687632,0.002875910390688926,0.10840734940229112
15.011657250004646,-0.027382655069231987,0.08422571420669556,0.28774386644363403,-0.37584900856018066,-1.0239298343658447,-0.2805694043636322,-1.3498893013181035,0.004897047096734587,0.10514876443860667
15.021712250003475,-0.010477169416844845,0.03423011302947998,0.31162869930267334,-0.5683638453483582,-1.0095345973968506,-0.32469186186790466,-1.3600829400162942,0.006785835705412433,0.09979963737217132
15.031767250002304,-0.022820670157670975,-0.00789952278137207,0.3182053565979004,-0.6376433968544006,-0.9280191659927368,-0.3713790476322174,-1.369837451224057,0.008970052093132808,0.0930532338602672
15.041821250000794,-0.02750668302178383,0.0760488510131836,0.19289833307266235,-0.3345428705215454,-0.8282473087310791,-0.3662692606449127,-1.37865652364947,0.011625560059410634,0.0873009969208869
15.051876249999623,-0.014495976269245148,0.18219375610351562,0.1531795859336853,-0.02429962158203125,-0.6977910399436951,-0.33459529280662537,-1.3863183720314387,0.014772530652623204,0.08502117030868263
15.061931250005728,-0.030353495851159096,-0.014755189418792725,0.14524900913238525,0.08100496232509613,-0.6992744207382202,-0.28433534502983093,-1.3932451750590924,0.017889385284134345,0.08485125176880126
15.071985250004218,-0.050005290657281876,-0.1729825735092163,0.17357271909713745,0.003834810107946396,-0.6871567368507385,-0.2441469132900238,-1.400245036627689,0.020621760991461607,0.08488484091906733
15.082040250003047,-0.057964567095041275,-0.15674471855163574,0.23213988542556763,-0.13689114153385162,-0.632286548614502,-0.19608591496944427,-1.4068759269135382,0.022666049609079787,0.08390848245416196
15.092095250001876,-0.03132160007953644,-0.13419628143310547,0.1797216534614563,-0.25592344999313354,-0.6026061773300171,-0.1782955676317215,-1.4130129362163666,0.024200436921485106,0.0816855174041597
15.102150250000705,0.02934863790869713,-0.09675401449203491,0.16825735569000244,-0.3820803165435791,-0.6585935950279236,-0.18031664192676544,-1.4192023411741845,0.02543102726691466,0.078127850639899
15.112204249999195,0.058477215468883514,-0.0821487307548523,0.10457831621170044,-0.48507699370384216,-0.7041240334510803,-0.17945104837417603,-1.4259717819236826,0.02661449970267768,0.07359067439361099
15.1222592500053,0.075343057513237,-0.09688669443130493,0.05601084232330322,-0.5700638294219971,-0.7226183414459229,-0.15713882446289062,-1.4329647154149265,0.027514046621877748,0.0679873831861466
15.132314250004129,0.08215178549289703,-0.10372203588485718,0.023749113082885742,-0.5982139706611633,-0.7496441006660461,-0.12621153891086578,-1.4401970556706538,0.028125860701308774,0.06195143646489037
15.142368250002619,0.06000449135899544,-0.06275284290313721,0.03719496726989746,-0.49075910449028015,-0.7228572368621826,-0.08999227732419968,-1.447500582300354,0.028526386198320975,0.0563087816004908
15.152423250001448,0.039309535175561905,-0.025765657424926758,-0.04242563247680664,-0.20724192261695862,-0.6365966796875,-0.0297075305134058,-1.4541942240416998,0.028672627349674993,0.05255604833446025
15.162478250000277,0.04629319906234741,0.046659886837005615,-0.1499767303466797,0.15295328199863434,-0.6329395771026611,-0.032788004726171494,-1.4605680305051605,0.028932573871806876,0.052346681498654894
15.172532249998767,0.04821920767426491,0.03786933422088623,-0.1035609245300293,0.20211808383464813,-0.671653687953949,0.0005211603129282594,-1.4671872241663513,0.02940264034002693,0.054323425581065475
15.182587250004872,0.04737156629562378,-0.15996527671813965,-0.049639105796813965,-0.016324520111083984,-0.740842878818512,0.11060398817062378,-1.4742555117201601,0.02891681028124267,0.055329619450947616
15.1926422500037,0.05591670423746109,-0.1574755311012268,-0.015863776206970215,-0.21248461306095123,-0.8276782035827637,0.14679715037345886,-1.4821484831481513,0.027474017760261125,0.054322887365692074
15.202696250002191,0.07957401126623154,-0.016547024250030518,0.024896860122680664,-0.394757479429245,-0.8392765522003174,0.1447577029466629,-1.4904772256316086,0.025764131902491907,0.05132886537058468
15.21275125000102,0.10014117509126663,-0.017282843589782715,-0.030809402465820312,-0.40284034609794617,-0.7951546311378479,0.16245238482952118,-1.4985751884661458,0.02391467999417106,0.047305650474462585
15.222806249999849,0.12449005991220474,0.04431033134460449,-0.13110268115997314,-0.19204716384410858,-0.7877323627471924,0.1404578685760498,-1.5064367638226512,0.022116756356894886,0.04433461633644747
15.232860250005615,0.13047297298908234,0.030357778072357178,-0.034978628158569336,-0.20188133418560028,-0.8087170124053955,0.12789824604988098,-1.5143039851067066,0.02072034581835848,0.0426352557819656
15.242915250004444,0.109974205493927,-0.20686322450637817,0.025586724281311035,-0.3709116280078888,-1.0128540992736816,0.17413339018821716,-1.523361387329208,0.0190667378897698,0.039922332910332675
15.252970250003273,0.06198952719569206,-0.2741943597793579,0.039887432008981705,-0.4097324013710022,-1.176023244857788,0.22908064723014832,-1.5344305353657892,0.0168757517767795,0.03594507878216129
15.263024250001763,0.0211851354688406,-0.12290716171264648,0.0326688326895237,-0.41084054112434387,-1.1825096607208252,0.3232068717479706,-1.5463219637281167,0.014000715657366854,0.03190320363707864
15.273079250000592,-0.007890008389949799,-0.10951578617095947,-0.026776429265737534,-0.3124566376209259,-1.1476528644561768,0.4098062217235565,-1.5579553613539696,0.010220211529425061,0.028187556814892326
15.28313424999942,-0.0192626491189003,-0.2029552459716797,-0.03983629122376442,-0.2805658280849457,-1.1343733072280884,0.47219714522361755,-1.5694509747975716,0.005775481567312068,0.02534176087604006
15.293189250005526,-0.038629159331321716,-0.2502787113189697,-0.0027142763137817383,-0.269803911447525,-1.1550352573394775,0.5464269518852234,-1.58083938885534,0.0006888311647555683,0.022500804226335106
15.303243250004016,-0.06429347395896912,-0.21835148334503174,0.05577492341399193,-0.13428257405757904,-1.2197810411453247,0.5919308066368103,-1.5927905918076821,-0.005087171382439694,0.02038829266627606
15.313298250002845,-0.07615721970796585,-0.12354731559753418,0.08573174476623535,-0.10979446023702621,-1.195157766342163,0.6630006432533264,-1.6049645038865565,-0.011272124448341027,0.01904499069359789
15.323353250001674,-0.027920745313167572,-0.0439913272857666,0.04323101043701172,-0.25098326802253723,-1.068015217781067,0.7109453082084656,-1.6163517338115025,-0.018219453984627407,0.01688138072783596
15.333407250000164,0.04769754037261009,0.0216028094291687,0.09839951992034912,-0.4044139087200165,-0.9642079472541809,0.6135480403900146,-1.6267082464731273,-0.024734011903044223,0.013374454261217176
15.343462249998993,0.1490759700536728,0.1535359025001526,0.08999025821685791,-0.5105956792831421,-0.9135045409202576,0.5243409276008606,-1.636228215663613,-0.030212592787431387,0.008288179641845687
15.353517250005098,0.16064907610416412,0.21486425399780273,0.11815643310546875,-0.5970441102981567,-0.8805481791496277,0.3332214951515198,-1.64543552820674,-0.03412606322013428,0.0024829167884147505
15.363571250003588,0.12814582884311676,0.18511492013931274,0.16024518013000488,-0.6696080565452576,-0.7879002690315247,0.2475433349609375,-1.6541174872095674,-0.036459863619637156,-0.0041932741917941625
15.373626250002417,0.06138526648283005,0.1698337197303772,0.10684216767549515,-0.5257453322410583,-0.7170243859291077,0.1894960254430771,-1.66185509842526,-0.03814736534702425,-0.010478050126605624
15.383681250001246,-0.016126595437526703,0.2094970941543579,0.06200301647186279,-0.49390164017677307,-0.7004307508468628,0.05836171656847,-1.6690946016409107,-0.038928841253474664,-0.015667089560683207
15.393735249999736,-0.09934388101100922,0.13689130544662476,0.23004496097564697,0.05293701961636543,-0.8595969676971436,-0.014294910244643688,-1.6767250180179973,-0.038863672798902564,-0.018052530983938938
15.403790249998565,-0.13968370854854584,0.15071910619735718,0.06568001955747604,-0.740227997303009,-1.3691409826278687,0.008605345152318478,-1.688296434186294,-0.038192044072519055,-0.02063768313487289
15.41384525000467,-0.050448331981897354,-0.13329756259918213,-0.5890491008758545,-1.041824221611023,-1.725259780883789,0.18153038620948792,-1.704314257431009,-0.038413739356600786,-0.030331956274356708
15.42389925000316,-0.11994569003582001,-0.2542078495025635,-0.6211994886398315,-0.9288955926895142,-1.7775309085845947,-0.04570862650871277,-1.7225122700785072,-0.037420841001905444,-0.040479221971253775
15.433954250001989,-0.11220697313547134,0.1404343843460083,-0.320115327835083,-0.8870946168899536,-1.7475273609161377,-0.10495402663946152,-1.7405916187105548,-0.035315234166539373,-0.04902899032346387
15.444009250000818,-0.07346110045909882,0.1424427032470703,-0.07042838633060455,-1.0565751791000366,-1.620262861251831,0.0046608843840658665,-1.7578747703166662,-0.03284735539464753,-0.05873194046523542
15.454063249999308,-0.0070993900299072266,-0.010980486869812012,0.031397461891174316,-0.9594613909721375,-1.3993948698043823,0.05109530687332153,-1.773527845881981,-0.03131569553886478,-0.06894921235579389
15.464118250005413,0.023589640855789185,0.13034260272979736,0.16177938878536224,-0.5127976536750793,-0.9405614733695984,-0.03333248943090439,-1.78555140601934,-0.029897937160743248,-0.07631497006203809
15.474173250004242,0.07130343466997147,0.27117830514907837,0.2528735399246216,0.08364237844944,-0.3503127098083496,-0.12627118825912476,-1.792105925701493,-0.02862011223266626,-0.07826168403890826
15.484227250002732,0.09603135287761688,0.21043342351913452,0.427453875541687,0.689439594745636,0.26044732332229614,-0.2876582443714142,-1.7925006769082132,-0.027548773052021566,-0.0740347358222942
15.494282250001561,0.05952804535627365,0.21667540073394775,0.5422545671463013,1.2689597606658936,0.875498354434967,-0.4157293438911438,-1.7865040486431842,-0.02613492464406046,-0.06365367059658582
15.50433725000039,0.04635990783572197,0.4724886417388916,0.779741644859314,1.479929804801941,1.3879404067993164,-0.37870103120803833,-1.7745700197247019,-0.02497064231340323,-0.04898411520918041
15.514392249999219,0.06270898878574371,0.4140225648880005,0.9132814407348633,1.5990545749664307,1.4032113552093506,-0.359982967376709,-1.7598955116067763,-0.02456197941495818,-0.03317019399192505
15.524446250004985,0.07887453585863113,-0.018873512744903564,0.6105573177337646,1.4766945838928223,1.355722427368164,-0.4062735140323639,-1.7456609898864344,-0.02354642734751287,-0.01707159758819117
15.534501250003814,0.07240408658981323,-0.10753828287124634,0.38640010356903076,1.2302513122558594,1.5072524547576904,-0.5134191513061523,-1.7310940993533448,-0.021338159466686973,-0.002815216077142197
15.544556250002643,0.06284430623054504,-0.06151115894317627,0.366390585899353,1.1013652086257935,1.68496572971344,-0.5267357230186462,-1.7146851510604613,-0.01782160567619454,0.009476868477381148
15.554610250001133,0.10661308467388153,-0.06798207759857178,0.279740571975708,1.0457885265350342,1.7251635789871216,-0.478202760219574,-1.6973016779732186,-0.014271146004705117,0.020788337801742603
15.56466516666842,0.10776340961456299,-0.10793143510818481,0.11289608478546143,0.9035568833351135,1.6840609312057495,-0.5078024864196777,-1.6800167299151807,-0.010568953379436467,0.03122262477508312
15.574720166667248,0.04758559912443161,-0.1841641068458557,0.11898922920227051,0.6954742670059204,1.5771679878234863,-0.592128336429596,-1.6634970739050055,-0.005923566236609675,0.0397035527336408
15.584774166665738,-0.036966126412153244,-0.12860029935836792,0.253751277923584,0.5361365079879761,1.4329559803009033,-0.6515956521034241,-1.6484042383422894,-9.559407379239328e-05,0.04636077075181007
15.594829166671843,-0.08682270348072052,0.014366388320922852,0.33385586738586426,0.46918314695358276,1.2941678762435913,-0.6388629674911499,-1.6346915363268542,0.006017453983156428,0.05186692561328285
15.604884166670672,-0.04621381685137749,0.07589060068130493,0.2392646074295044,0.15935657918453217,1.2021266222000122,-0.502045750617981,-1.6221771868002823,0.011545495924649178,0.0555146721169111
15.614938166669162,-0.04315333813428879,-0.10972476005554199,0.1946336030960083,-0.07665768265724182,1.1287569999694824,-0.511036217212677,-1.6105502183973692,0.01662194640411892,0.05598328082901776
15.624993166667991,-0.05526680126786232,-0.10273915529251099,0.18967926502227783,-0.05824138969182968,1.2243950366973877,-0.4687924087047577,-1.598896895716063,0.021515288891842593,0.055368743132919465
15.63504816666682,-0.05730804428458214,0.04843699932098389,0.15015268325805664,0.06510505080223083,1.5183194875717163,-0.39782825112342834,-1.5851075877886855,0.025947779552106632,0.05542963407090134
15.64510216666531,-0.023856470361351967,-0.009105980396270752,0.19541633129119873,0.23971545696258545,1.7929893732070923,-0.32852694392204285,-1.5684555015438908,0.029563523278025652,0.056944420662182825
15.655157166671415,-0.023843910545110703,-0.05024111270904541,0.2589695453643799,0.4134241044521332,2.040924310684204,-0.24003727734088898,-1.5493106313992093,0.032499254432872146,0.06018369758344653
15.665212166670244,-0.028076430782675743,0.0134354829788208,0.3236551880836487,0.7198194265365601,2.3779141902923584,-0.1809619665145874,-1.527320620540519,0.03471288348717513,0.06567570033783149
15.675266166668735,-0.003722401335835457,0.06129223108291626,0.3590877056121826,1.228342056274414,2.617363691329956,-0.14352786540985107,-1.5024442342266637,0.036926032906868377,0.07524416017081802
15.685321166667563,0.0580243244767189,0.12107503414154053,0.44542044401168823,1.6367127895355225,2.7983055114746094,-0.14599262177944183,-1.475785729309994,0.03948935846361726,0.08958293961130245
15.695376166666392,0.12305215746164322,0.07026708126068115,0.4015684127807617,1.8122193813323975,2.8647310733795166,-0.1821042001247406,-1.447942907204968,0.04309682830694055,0.1067587930201617
15.705431166665221,0.20815467834472656,0.05476456880569458,0.29627716541290283,1.6787992715835571,2.8965137004852295,-0.23871394991874695,-1.4197321350722534,0.04755590762621245,0.12411136517366733
15.715485166670987,0.23462413251399994,-0.03415805101394653,0.3115590214729309,1.3152881860733032,2.8561484813690186,-0.30223894119262695,-1.3914411986387305,0.0528177229343673,0.1386252826711214
15.725540166669816,0.2612697184085846,-0.14496159553527832,0.215429425239563,0.8848621845245361,2.865992546081543,-0.31060925126075745,-1.363220818364796,0.058007832610334716,0.1489509311566818
15.735595166668645,0.28687143325805664,-0.12180769443511963,-0.04088437557220459,0.5074193477630615,2.779736042022705,-0.37271127104759216,-1.3352345706356437,0.06286234567616271,0.15499286343594781
15.745649166667135,0.25805139541625977,-0.10603135824203491,-0.07048642635345459,0.06243735924363136,2.6731555461883545,-0.41293883323669434,-1.3079344960466102,0.0674963012930783,0.15665098885404968
15.755704166665964,0.1835881620645523,-0.14615225791931152,-0.1293497532606125,-0.14312459528446198,2.5834479331970215,-0.31292158365249634,-1.281471970712522,0.07076589630807104,0.15501102360041125
15.76575916667207,0.07987447828054428,-0.10352325439453125,-0.1995335817337036,0.18344366550445557,2.468684673309326,-0.36977553367614746,-1.2560225699223106,0.0739764204792369,0.15380161105218965
15.77581316667056,0.0034755878150463104,0.030752182006835938,-0.15275168418884277,0.5188109874725342,2.349130153656006,-0.42955318093299866,-1.2320047182229048,0.07894553770950959,0.15601865840852125
15.785868166669388,-0.05966920778155327,-0.009905457496643066,-0.11846458911895752,0.7126073837280273,2.286450147628784,-0.41125965118408203,-1.209017243029872,0.08510734810523403,0.1603698952081938
15.795923166668217,-0.06147667020559311,-0.08741134405136108,-0.12337815761566162,0.6941210031509399,2.220916271209717,-0.414948433637619,-1.1867829496918179,0.09155604096829317,0.1656428999400603
15.805977166666707,-0.05576566979289055,-0.09206277132034302,-0.012085601687431335,0.48643332719802856,2.2205588817596436,-0.4037224054336548,-1.1649142309791207,0.09773780215595106,0.1696816463118478
15.816032166665536,-0.03590955212712288,-0.09597373008728027,-0.08898834884166718,0.3334667384624481,2.289090394973755,-0.35661765933036804,-1.1424202096129388,0.1027855832381339,0.17167443938087806
15.826087166671641,0.003265533596277237,0.03024524450302124,-0.06389792263507843,0.3344174921512604,2.3538193702697754,-0.3546525239944458,-1.119194321917924,0.1074295223461357,0.17321193589788228
15.836141166670131,0.02005903050303459,0.12302976846694946,-0.008288845419883728,0.29095223546028137,2.4756927490234375,-0.3066122531890869,-1.0951500888400278,0.11184030278790881,0.1745819247608519
15.84619616666896,0.035760052502155304,0.1007617712020874,-0.10127191245555878,0.352580726146698,2.5885703563690186,-0.31944629549980164,-1.06971419746673,0.11606737003103522,0.17592334522055156
15.85625116666779,0.05550968647003174,0.17941856384277344,-0.09487144649028778,0.580361008644104,2.6251461505889893,-0.4128280580043793,-1.0436744690985715,0.12159332194014254,0.17819063292232704
15.86630516666628,0.06352115422487259,0.21787333488464355,0.09959983825683594,0.633853018283844,2.6210122108459473,-0.48678937554359436,-1.017639903020355,0.12871496678734679,0.18126079030272693
15.876360166672384,0.09504620730876923,0.037867963314056396,0.20854824781417847,0.424288809299469,2.448838233947754,-0.5348601937294006,-0.9922999116365365,0.13601613054760195,0.18311254752224634
15.886415166671213,0.1088259369134903,-0.0649794340133667,0.21975155174732208,0.07924327999353409,2.300340175628662,-0.6009787321090698,-0.9683021808920808,0.14206238192336723,0.18202709498548145
15.896469166669704,0.04977802559733391,-0.030191540718078613,0.3488196134567261,-0.1798078566789627,2.3597464561462402,-0.6525559425354004,-0.9444462111983467,0.14698806207733844,0.17787619839707142
15.906524166668532,0.006600964814424515,0.0285150408744812,0.3334794044494629,-0.16715091466903687,2.57464599609375,-0.5754119157791138,-0.9187669831987197,0.15072227288614984,0.1723711800744695
15.916579166667361,0.06580545753240585,0.12732332944869995,0.01742953062057495,0.35943564772605896,2.7661855220794678,-0.4945100247859955,-0.8915383464269605,0.1554355305448081,0.1697520694753301
15.92663416666619,0.11194659769535065,0.25051742792129517,0.03997404873371124,0.6792967319488525,2.875396728515625,-0.4898476302623749,-0.8633390927809295,0.16275421550532074,0.17072781818579763
15.936688166671956,0.1692897230386734,0.09028637409210205,0.04551941156387329,0.5460697412490845,2.791530132293701,-0.5235543847084045,-0.8349758722154447,0.17077250941739763,0.1722513324164542
15.946743166670785,0.1820313185453415,-0.09476548433303833,0.05969470739364624,0.37752094864845276,2.5161426067352295,-0.653144896030426,-0.8080114190434508,0.17816368904034502,0.1717213232072121
15.956798166669614,0.12944315373897552,-0.05561000108718872,0.1397591382265091,0.055592190474271774,2.2350075244903564,-0.8458445072174072,-0.783544916538455,0.18526274673651172,0.16794743392083272
15.966852166668104,0.07562127709388733,0.01715773344039917,0.11170840263366699,-0.33424079418182373,2.1579196453094482,-0.9265055060386658,-0.7601389122910258,0.19041489433614234,0.16034515781370315
15.976907166666933,-0.0135221928358078,-0.05196273326873779,0.18587934970855713,-0.5266440510749817,2.243933916091919,-0.9627705812454224,-0.7362068753832647,0.19369144552062267,0.15019232588028153
15.986962166665762,-0.08159616589546204,-0.019104063510894775,0.33766400814056396,-0.6299123764038086,2.552395820617676,-0.9286496043205261,-0.7100185663026494,0.19552481291029578,0.13882328942177388
15.997016166671528,-0.04064260423183441,0.05608481168746948,0.24371756613254547,-0.48345085978507996,2.867894411087036,-0.8193545341491699,-0.6806289951697829,0.19678107096084443,0.12810073022033086
16.007071166670357,0.09442367404699326,0.154579758644104,0.11444896459579468,-0.10249792784452438,3.0690317153930664,-0.6732934713363647,-0.6491220876694787,0.19898198353763333,0.12015159827393207
16.017126166669186,0.1642717570066452,0.17898523807525635,-0.04675064980983734,0.1984865367412567,3.137422561645508,-0.6782796382904053,-0.6168115677846597,0.20341550091350466,0.11494252593730038
16.027180166667677,0.2298087477684021,0.1020243763923645,-0.10088549554347992,0.21943283081054688,3.0227949619293213,-0.6883938312530518,-0.5848238073495606,0.20914598372570986,0.11051649889757777
16.037235166666505,0.2417116016149521,-0.08595609664916992,-0.030766665935516357,-0.08752288669347763,2.769313097000122,-0.746174156665802,-0.554442519685408,0.21375601473036165,0.10474780324030801
16.047290166665334,0.22314131259918213,-0.27139657735824585,0.02300901710987091,-0.4481005072593689,2.4085490703582764,-0.863549530506134,-0.5266207382440643,0.2156549861544439,0.09608131913456165
16.0573441666711,0.1351688802242279,-0.20624738931655884,0.08166135847568512,-0.8559626936912537,2.303765058517456,-0.8791518211364746,-0.5005454473085168,0.2141601603351816,0.08486626432908365
16.06739916666993,0.07108521461486816,-0.11952102184295654,0.11815054714679718,-1.0666751861572266,2.37591814994812,-0.7953341603279114,-0.47454289610497774,0.2094633333688212,0.07249665950700417
16.07745416666876,0.03165321797132492,-0.09486150741577148,0.16678297519683838,-1.0122476816177368,2.6145761013031006,-0.6869115233421326,-0.44712899642919895,0.20320336209650383,0.06079727023013593
16.08750816666725,0.08814501762390137,-0.031988680362701416,-0.07930666208267212,-0.6219598650932312,2.7604727745056152,-0.5440468192100525,-0.41809318733500955,0.19820852041153456,0.0513767739360886
16.097563166666077,0.22993528842926025,0.11169373989105225,-0.2762119174003601,-0.11625276505947113,2.741767168045044,-0.4247625768184662,-0.38914874941742433,0.19668833113414122,0.04537615488527275
16.107618166672182,0.3029271960258484,0.09311187267303467,-0.4310073256492615,0.30514535307884216,2.5475263595581055,-0.3209645450115204,-0.36173511604884184,0.19905282692453358,0.042193553278128675
16.117672166670673,0.3364548683166504,-0.06847959756851196,-0.5103644728660583,0.25190892815589905,2.14835786819458,-0.3643338680267334,-0.33752062775024594,0.20314300118708373,0.04002263506231635
16.1277271666695,0.37012359499931335,-0.28050440549850464,-0.5392246246337891,-0.16388829052448273,1.5938512086868286,-0.40044018626213074,-0.31789685818022145,0.20485768725659767,0.036495965838324936
16.13778216666833,0.34927383065223694,-0.37298160791397095,-0.5944610238075256,-0.5566037893295288,1.079483985900879,-0.4543333351612091,-0.30347995548650203,0.20272756354297153,0.031130126980413682
16.14783716666716,0.2735859751701355,-0.22147327661514282,-0.5992071032524109,-0.8373819589614868,0.7475584149360657,-0.4397309720516205,-0.293113696868642,0.19710446131552797,0.02451808016229649
16.15789116666565,0.19563919305801392,-0.1135452389717102,-0.5626141428947449,-0.8279191851615906,0.5932071805000305,-0.3743706941604614,-0.2852132636856393,0.19023243295870063,0.01803084263317734
16.167946166671754,0.14194287359714508,-0.0740242600440979,-0.4317939281463623,-0.6323563456535339,0.5579908490180969,-0.26616647839546204,-0.2785337609863525,0.18402010878079478,0.012791100408247418
16.178001166670583,0.08309479802846909,-0.012414336204528809,-0.24188105762004852,-0.38378462195396423,0.6344194412231445,-0.1995399445295334,-0.27195047592176147,0.1797424768982167,0.009094657461336557
16.188055166669074,0.05061368644237518,0.04083794355392456,-0.04728303849697113,-0.19772525131702423,0.8123157024383545,-0.12617439031600952,-0.264285576001452,0.17736656163017428,0.006748934352701199
16.198110166667902,0.03165813535451889,0.010671913623809814,0.09562772512435913,-0.09044380486011505,1.0138856172561646,-0.08683348447084427,-0.2548412491556937,0.17631240559894346,0.005354867017222545
16.20816516666673,0.02597915381193161,-0.020740509033203125,0.1405007243156433,0.0021495174150913954,1.1866371631622314,-0.08105815201997757,-0.24355226211929237,0.17610016829821656,0.0044322682376817
16.21821916666522,0.07673688232898712,0.040776193141937256,0.11196398735046387,0.04465338960289955,1.2438071966171265,-0.04845226928591728,-0.23118720453754354,0.1764911751500277,0.0038388425743055062
16.228274166671326,0.11556863784790039,0.06861013174057007,0.1100773811340332,-0.0050196233205497265,1.2369362115859985,-0.07264229655265808,-0.21859926436942867,0.1768800858481873,0.00335605730336231
16.238329166670155,0.11808474361896515,0.03419160842895508,0.12974239885807037,-0.12532579898834229,1.1707478761672974,-0.12014302611351013,-0.20626618002288694,0.17649734198759282,0.002259788347838652
16.248383166668646,0.11732890456914902,0.02589118480682373,0.12643779814243317,-0.28833815455436707,1.0651473999023438,-0.1507997363805771,-0.19471227148918283,0.17478905258671804,0.0005143551527893289
16.258438166667474,0.10230102390050888,0.051164329051971436,0.12010021507740021,-0.3900291621685028,0.981657087802887,-0.17675308883190155,-0.18406372251196998,0.17169528031308787,-0.001780219986167062
16.268493166666303,0.055560946464538574,0.10630196332931519,0.15839309990406036,-0.3526484966278076,1.0026541948318481,-0.20360973477363586,-0.1737188072961567,0.16819664263636216,-0.004376109744600665
16.27854716667207,0.0418425053358078,0.17611193656921387,0.1347389817237854,-0.268665611743927,0.9963168501853943,-0.1741238385438919,-0.16322240441013855,0.16547690641886995,-0.00687531699762459
16.2886021666709,0.09974981844425201,0.197984516620636,0.08194084465503693,-0.21232935786247253,0.9522023797035217,-0.09162415564060211,-0.15310282462062147,0.16330520002498985,-0.00856452170261339
16.298657166669727,0.09179491549730301,0.08452671766281128,-0.01881992816925049,-0.19032979011535645,0.8335143327713013,-0.13540583848953247,-0.14385317392640232,0.16153302385118193,-0.00997006226476218
16.308711166668218,0.10568933188915253,-0.006889164447784424,-0.08387994766235352,-0.2807145416736603,0.7084906697273254,-0.1596752256155014,-0.13580955122975327,0.15946025781290735,-0.011794013448983086
16.318766166667046,0.0693877711892128,-0.06483519077301025,-0.11584256589412689,-0.506375789642334,0.5819715261459351,-0.211803138256073,-0.12894888488504785,0.15580819221265851,-0.014176986209144428
16.328821166665875,0.03877732902765274,-0.1515650749206543,-0.17396396398544312,-0.6980621218681335,0.5176644921302795,-0.23541179299354553,-0.12303058974061416,0.1500565870992275,-0.01720179541804166
16.33887616667198,0.009097732603549957,-0.1196931004524231,-0.19152921438217163,-0.7617762684822083,0.5212361812591553,-0.2402966469526291,-0.11737399022283626,0.14292124341918014,-0.02055150412895847
16.34893016667047,-0.009213507175445557,-0.02060401439666748,-0.21906505525112152,-0.668331503868103,0.5816497206687927,-0.2419307678937912,-0.11139158949418987,0.135965261936093,-0.02383860961396941
16.3589851666693,0.0024418681859970093,0.05851900577545166,-0.23167002201080322,-0.3885501027107239,0.6909904479980469,-0.19357134401798248,-0.10464352779672614,0.1307787954474444,-0.026630422481128006
16.369040166668128,0.0011845901608467102,0.11697185039520264,-0.2682410478591919,-0.01519383117556572,0.7698724865913391,-0.14750638604164124,-0.09692975936550952,0.1289712278393615,-0.028553849592000108
16.37909416666662,0.03105873614549637,0.10877913236618042,-0.2632595896720886,0.22107426822185516,0.7508457899093628,-0.11199041455984116,-0.08905316739888258,0.1302313601772832,-0.0297546768162246
16.389149166665447,0.08294284343719482,-0.021516799926757812,-0.2759436368942261,0.19046363234519958,0.5871804356575012,-0.09200099855661392,-0.08214051547743097,0.1325525458480474,-0.030530664483647052
16.399204166671552,0.08869429677724838,-0.10630536079406738,-0.2581939697265625,0.042594410479068756,0.38796839118003845,-0.1536523550748825,-0.0771200691732359,0.1338544181551559,-0.031643332945943174
16.409258166670043,0.04866053909063339,-0.059195876121520996,-0.17109310626983643,-0.10256757587194443,0.24061277508735657,-0.22723868489265442,-0.0737369998286356,0.13368323381919492,-0.03363427052285882
16.41931316666887,0.03260307013988495,-0.0007559061050415039,-0.13192898035049438,-0.1787267029285431,0.14507080614566803,-0.22663730382919312,-0.07150644482572206,0.13244660100915703,-0.0360350909766676
16.4293681666677,0.00522448867559433,-0.009015917778015137,-0.030011169612407684,-0.23631329834461212,0.12319134175777435,-0.23752297461032867,-0.06988662559787685,0.13052743768322833,-0.038518389834961086
16.43942216666619,-0.04175771772861481,-0.049444496631622314,0.10251748561859131,-0.28803497552871704,0.14061933755874634,-0.24984082579612732,-0.06826338453343637,0.12806093353135745,-0.0411913277281983
16.449477166672295,-0.06713306903839111,-0.049536824226379395,0.15721529722213745,-0.3512752056121826,0.174734964966774,-0.23092332482337952,-0.06633637067632377,0.12501160488303448,-0.04385091899537144
16.459532166671124,-0.07643362879753113,-0.03147745132446289,0.14007627964019775,-0.29108336567878723,0.25712263584136963,-0.18730796873569489,-0.06388902765871425,0.1217905361604163,-0.04620142935187326
16.469586166669615,-0.07603264600038528,-0.013175666332244873,0.057853758335113525,-0.1587570309638977,0.3123651444911957,-0.15294280648231506,-0.06078599567492552,0.11963054849410967,-0.048072728033959816
16.479641166668443,-0.0534934401512146,-0.013114571571350098,0.036735162138938904,-0.0654606893658638,0.3595026731491089,-0.10254879295825958,-0.05724726878463996,0.11863019004657853,-0.04941330321748548
16.489696166667272,-0.04661351442337036,-0.10998940467834473,0.08730816841125488,-0.08084337413311005,0.3741205036640167,-0.08252076059579849,-0.053415319550086646,0.11806037068835175,-0.050365427359013025
16.499750166665763,-0.02015991508960724,-0.1621260643005371,0.09711115062236786,-0.21943022310733795,0.36167463660240173,-0.06350911408662796,-0.04960850033329881,0.11659958301560747,-0.05118342211840022
16.509805166671867,0.013426370918750763,-0.11665517091751099,0.05267131328582764,-0.32117629051208496,0.3444546163082123,-0.04991740360856056,-0.045958446675174174,0.11386564463627293,-0.05188770248777654
16.519860166670696,0.03482254594564438,-0.05050402879714966,0.021319329738616943,-0.34988394379615784,0.3316786289215088,-0.03252808377146721,-0.042481137725953744,0.11047443442222707,-0.052463644340291125
16.529915166669525,0.04487293213605881,-0.02881443500518799,-0.022830724716186523,-0.3408598303794861,0.30656370520591736,-0.0015856130048632622,-0.03924558027975922,0.10699437690865927,-0.05277498243027004
16.539969166668016,0.04933147132396698,-0.02847665548324585,-0.09109967201948166,-0.30301976203918457,0.27346086502075195,0.022360732778906822,-0.036338417779006996,0.10373074548774175,-0.05277521769849728
16.550024166666844,0.054597534239292145,-0.001695394515991211,-0.1779361367225647,-0.19282348453998566,0.21276503801345825,0.02332160249352455,-0.03391512923029125,0.10123486096431765,-0.05262797196718446
16.560078750000685,0.04758492112159729,0.018494069576263428,-0.1594843864440918,-0.14412997663021088,0.15408067405223846,0.04929913952946663,-0.032083205275646676,0.09956597465664842,-0.052336927379884886
16.570132749999175,0.02923324704170227,-0.04486429691314697,-0.14479482173919678,-0.1443672627210617,0.06500407308340073,0.09208628535270691,-0.03104606297334457,0.09812529918997769,-0.05167363932756955
16.58018775000528,0.012442074716091156,-0.07557523250579834,-0.1157488226890564,-0.1762937754392624,0.0026509484741836786,0.11639508605003357,-0.030851638904370007,0.09647950299688843,-0.05068810053726645
16.59024275000411,0.0050640106201171875,-0.036885082721710205,-0.07857269048690796,-0.20758672058582306,-0.045434024184942245,0.127142533659935,-0.031164362527169757,0.09454513556359259,-0.04951540531441876
16.6002967500026,0.02401309460401535,0.007121741771697998,-0.0966222882270813,-0.2693409025669098,-0.10736290365457535,0.1222710832953453,-0.03205358019672752,0.09208790500534132,-0.048322063147837595
16.610351750001428,0.02926631271839142,0.03243941068649292,-0.1085960865020752,-0.2579728364944458,-0.1436855047941208,0.09506668150424957,-0.03338132962358237,0.0893214463470888,-0.047302095986351204
16.620406750000257,0.020349375903606415,0.08063775300979614,-0.08879578113555908,-0.18508529663085938,-0.16993360221385956,0.06431078910827637,-0.03503745492445654,0.08710361922007345,-0.046590712448819176
16.630460749998747,0.017971426248550415,0.09213763475418091,-0.0860137939453125,-0.10302053391933441,-0.19240562617778778,0.06594756990671158,-0.03690382222637859,0.08564901665849962,-0.046006330910084284
16.64051575000485,0.024250395596027374,0.04654926061630249,-0.08175081759691238,-0.08090822398662567,-0.21953578293323517,0.051703546196222305,-0.03904183069800047,0.08471807279149725,-0.04542476700825908
16.65057075000368,0.018863439559936523,-0.0022699832916259766,-0.04988963156938553,-0.1416434794664383,-0.2451290339231491,0.022447925060987473,-0.04140156939816809,0.08363382780752646,-0.04510743457277379
16.66062475000217,0.009969435632228851,-0.042213499546051025,-0.010760173201560974,-0.2206116020679474,-0.2682894766330719,-0.0008825918193906546,-0.043985121061816124,0.08176322564039479,-0.04509480606600712
16.670679750001,-0.0020731836557388306,-0.041307270526885986,-0.0012248754501342773,-0.24782484769821167,-0.28264233469963074,-0.002026153262704611,-0.04672381681258563,0.0793587630514829,-0.04525618126455688
16.68073474999983,-0.003919005393981934,-0.020689547061920166,-0.03541439771652222,-0.20137497782707214,-0.2731127142906189,0.03000704012811184,-0.04954237704797511,0.07710048280312992,-0.045254403291311036
16.690788750005595,0.011262744665145874,-0.0041307806968688965,-0.08963726460933685,-0.07073361426591873,-0.2578775882720947,0.07742302119731903,-0.05224024212283607,0.07563127723314851,-0.0447538959689735
16.700843750004424,0.03210058808326721,0.006296038627624512,-0.0819128155708313,0.06372535228729248,-0.25931447744369507,0.10079852491617203,-0.05490320502056264,0.075605516250045,-0.04384140222399081
16.710898750003253,0.04481609910726547,0.015291810035705566,-0.0681120753288269,0.13953489065170288,-0.2689005136489868,0.12946505844593048,-0.05765497491676555,0.07657133025558303,-0.04264731249297876
16.72095375000208,0.04919201880693436,0.001595616340637207,-0.07819920778274536,0.1699867695569992,-0.2848689556121826,0.1553688496351242,-0.06056217132550788,0.07805510981574476,-0.04109187554684106
16.731007750000572,0.05043382942676544,0.0027922391891479492,-0.07178360223770142,0.13183724880218506,-0.29539164900779724,0.1349826157093048,-0.06361079732491857,0.07950656199107864,-0.03951568988647726
16.7410627499994,0.04005099833011627,-0.015274345874786377,-0.05429064482450485,0.06567882001399994,-0.30610477924346924,0.11591827869415283,-0.06671440526496955,0.08040402006964006,-0.038198143068505774
16.751117750005506,0.03752648085355759,-0.017590463161468506,-0.058477163314819336,0.017702244222164154,-0.329171746969223,0.11984564363956451,-0.06999153337596559,0.08069380665405977,-0.03699971346371967
16.761171750003996,0.038654208183288574,0.010772407054901123,-0.1190415695309639,0.0760304406285286,-0.3733181655406952,0.1319931596517563,-0.07365537238271538,0.08101341362787898,-0.035702480181232114
16.771226750002825,0.017530225217342377,0.03861284255981445,-0.13528257608413696,0.18097762763500214,-0.41238459944725037,0.11814206838607788,-0.07770090848412455,0.08220509615564787,-0.03435408987424899
16.781281750001654,-0.0023721307516098022,0.029902100563049316,-0.14670401811599731,0.2852616012096405,-0.42659521102905273,0.13985902070999146,-0.08199906570568344,0.08452493056003463,-0.0328585902187964
16.791335750000144,0.011815637350082397,0.007311344146728516,-0.22160488367080688,0.4286595284938812,-0.46058326959609985,0.2043653130531311,-0.086628029368222,0.0879247509232276,-0.030814688691140242
16.801390749998973,0.03660602122545242,-0.015773653984069824,-0.24318170547485352,0.5279725193977356,-0.5469839572906494,0.21045777201652527,-0.09186357668635281,0.09259769673597822,-0.028269782557892306
16.811445750005078,0.056602127850055695,-0.05282890796661377,-0.2610001564025879,0.48093923926353455,-0.6803803443908691,0.23340649902820587,-0.09828547569466295,0.09755713879957581,-0.025554699307536732
16.821499750003568,0.0637972503900528,-0.1260799765586853,-0.28692108392715454,0.3598940074443817,-0.8208308219909668,0.25742319226264954,-0.10610703512627104,0.10149234274753391,-0.02263430612258323
16.831554750002397,0.06572381407022476,-0.13237649202346802,-0.28771793842315674,0.2792936861515045,-0.945604145526886,0.25520503520965576,-0.11528438068089317,0.10433991742573273,-0.0197078189652387
16.841609750001226,0.062034159898757935,-0.0368502140045166,-0.2615644931793213,0.3296881318092346,-1.0185577869415283,0.25933337211608887,-0.1255300895155814,0.1070198854769867,-0.016784162120749475
16.851663749999716,0.06237635761499405,0.06568914651870728,-0.25458455085754395,0.428364634513855,-1.055124282836914,0.26657769083976746,-0.13634105953102296,0.11042951620008068,-0.013647463972583825
16.861718749998545,0.05822589993476868,0.07281345129013062,-0.15546613931655884,0.5525331497192383,-1.0558791160583496,0.2392282783985138,-0.14731437837821829,0.11489755111127853,-0.01038517792691518
16.87177375000465,0.05786522477865219,0.07874572277069092,-0.08292584121227264,0.61052006483078,-1.0976628065109253,0.21919065713882446,-0.15850636017230121,0.12041800027209147,-0.007215461559873522
16.88182775000314,0.07387147843837738,0.10298675298690796,-0.09918296337127686,0.6362533569335938,-1.1535513401031494,0.23284676671028137,-0.17023472415764881,0.12618465008620727,-0.003913430564502149
16.89188275000197,0.04142767935991287,0.04091918468475342,-0.10983783006668091,0.6763048768043518,-1.1814758777618408,0.20152026414871216,-0.1824178526833345,0.13233660174562195,-0.0005553470507091528
16.901937750000798,-0.010868996381759644,-0.03934866189956665,-0.07522720098495483,0.6235046982765198,-1.2034529447555542,0.15299688279628754,-0.1947819336684449,0.13855245388356197,0.002441428901334044
16.911991749999288,-0.029122084379196167,-0.09081906080245972,-0.07857663929462433,0.38165053725242615,-1.227234125137329,0.15090256929397583,-0.20738357392515783,0.1432986143324032,0.004967583389861802
16.922046750005393,-0.047655604779720306,-0.17999929189682007,-0.06504930555820465,0.1247665137052536,-1.24468994140625,0.18134534358978271,-0.22014283528693007,0.14535163735297174,0.007101645300740302
16.93210175000422,-0.06250113248825073,-0.21086901426315308,-0.028455674648284912,-0.059820909053087234,-1.2203313112258911,0.2648809850215912,-0.23288983842923477,0.14515017930275637,0.009324536780554447
16.94215675000305,-0.056067101657390594,-0.15563178062438965,-0.019071146845817566,-0.040515922009944916,-1.1524007320404053,0.3477329909801483,-0.24525589800809455,0.14379953915468197,0.012195497165969111
16.95221075000154,-0.04076559096574783,-0.09102118015289307,0.008604764938354492,0.06462967395782471,-1.1129255294799805,0.3934522867202759,-0.25714895744094607,0.1429429145989629,0.01585266860875717
16.96226575000037,0.006841026246547699,0.009503424167633057,0.010494768619537354,0.18559986352920532,-1.061042308807373,0.46464720368385315,-0.2687314603168815,0.1430729254342264,0.02041347305473839
16.9723207499992,0.060988135635852814,0.12019813060760498,0.031381554901599884,0.2115108221769333,-1.0343713760375977,0.481763631105423,-0.2799849380922794,0.14378183837187447,0.025667326131172414
16.982374750004965,0.11320961266756058,0.15901821851730347,0.042688965797424316,0.01536159310489893,-1.08901846408844,0.39979425072669983,-0.2912872265029534,0.14374818211844143,0.030380675720999697
16.992429750003794,0.13217619061470032,0.10115814208984375,0.03349560499191284,-0.31599634885787964,-1.2012685537338257,0.2504183351993561,-0.30315918508294704,0.14132233356397939,0.0331659190620658
17.002484750002623,0.14592112600803375,0.0839453935623169,0.008802898228168488,-0.5298264622688293,-1.3466733694076538,0.1168234571814537,-0.3160380169321066,0.1366026129927584,0.03354251512100487
17.012538750001113,0.14923369884490967,0.14216065406799316,-0.011440575122833252,-0.6242925524711609,-1.5196632146835327,-0.010912136174738407,-0.3303879588645357,0.13069326208543866,0.03200213698973835
17.022593749999942,0.14405331015586853,0.1314106583595276,-0.05023635923862457,-0.45795443654060364,-1.7291873693466187,-0.10121982544660568,-0.3463516911156935,0.12573183625640577,0.02968242505753369
17.03264874999877,0.13908442854881287,0.09826165437698364,-0.02600693702697754,-0.3713676333427429,-1.909071683883667,-0.14025643467903137,-0.3643149673003307,0.1223505012866237,0.027062736673384862
17.042702750004537,0.11486229300498962,-0.029278814792633057,0.03361076861619949,-0.38475778698921204,-2.0510671138763428,-0.18061457574367523,-0.38388878470438953,0.11940806097331826,0.024196521859915845
17.052757750003366,0.1064508706331253,-0.09731405973434448,0.05191422253847122,-0.42857104539871216,-2.2016963958740234,-0.18269316852092743,-0.40488844848337424,0.1163745713841129,0.02089840614736619
17.062812750002195,0.11663517355918884,0.0009878873825073242,-0.00635075569152832,-0.46005621552467346,-2.3252434730529785,-0.1871771216392517,-0.42729971447837806,0.11305558847780772,0.017391780185681372
17.072866750000685,0.12167339771986008,0.03319811820983887,-0.08947456628084183,-0.336995005607605,-2.4202404022216797,-0.23402026295661926,-0.4508129213362733,0.11033480738234627,0.013815631162298003
17.082921749999514,0.10622987896203995,0.0048958659172058105,-0.04561501741409302,-0.40863850712776184,-2.410510301589966,-0.28808528184890747,-0.47466806198733474,0.1083317138277359,0.00984852571744869
17.09297675000562,0.09209775924682617,-0.04497736692428589,-0.030377265065908432,-0.47130027413368225,-2.321401596069336,-0.2378721833229065,-0.49801285721935507,0.10574354533612201,0.005465617401146607
17.10303075000411,0.09156423062086105,-0.007436037063598633,-0.08085613697767258,-0.36301442980766296,-2.248636245727539,-0.2969794273376465,-0.5205059072475835,0.10328227486921163,0.0009997569434893605
17.113085750002938,0.12118636816740036,0.09247946739196777,-0.09335285425186157,-0.23551133275032043,-2.250943183898926,-0.31185582280158997,-0.5426511503678918,0.1022235101844312,-0.003204021956489369
17.123140750001767,0.09479779005050659,0.021243572235107422,-0.07315993309020996,-0.11945033073425293,-2.2668347358703613,-0.3166782855987549,-0.5650485999458813,0.10232539874377257,-0.006856508801042954
17.133194750000257,0.0312553346157074,-0.10117554664611816,-0.053849104791879654,-0.010840494185686111,-2.2371907234191895,-0.29281023144721985,-0.5874048639824262,0.10339379644677492,-0.009909640833488526
17.143249749999086,-0.009504102170467377,-0.04344940185546875,-0.10425019264221191,0.13635565340518951,-2.1492726802825928,-0.1461235135793686,-0.6093104712384857,0.10526088482342257,-0.011282807745443733
17.15330475000519,-0.021557390689849854,0.04563915729522705,-0.17338573932647705,0.28897902369499207,-1.9492207765579224,-0.007014360278844833,-0.6299987219456037,0.10746109433630714,-0.010665786838534154
17.16335975000402,-0.0019271224737167358,-0.008827269077301025,-0.18947738409042358,0.3553726077079773,-1.8257215023040771,0.08837777376174927,-0.6491902110942985,0.10983933426855841,-0.008310374717463433
17.17341375000251,0.042669519782066345,-0.027576029300689697,-0.18117207288742065,0.3385867178440094,-1.8028697967529297,0.15521885454654694,-0.6677548799485864,0.11189059401634405,-0.00513766157448657
17.18346875000134,0.060398802161216736,0.0734521746635437,-0.2002163529396057,0.37655967473983765,-1.8199046850204468,0.12657402455806732,-0.6863882831826857,0.11375542886497374,-0.0017411713932919402
17.193523750000168,0.06436067819595337,0.15004318952560425,-0.17938446998596191,0.43694791197776794,-1.8218022584915161,0.09656580537557602,-0.7050932610804433,0.11616621168413092,0.0017059963400861222
17.203577749998658,0.06112908571958542,0.17530518770217896,-0.1781206727027893,0.534825325012207,-1.882195234298706,0.032204147428274155,-0.7241680407520009,0.11944259900624589,0.005439244369728849
17.213632750004763,0.05513663589954376,0.1864449381828308,-0.18087708950042725,0.6380065679550171,-1.9592458009719849,-0.003313099266961217,-0.7439764461273534,0.12370175417159422,0.009521918645267056
17.22368775000359,0.032288312911987305,0.20434194803237915,-0.15041756629943848,0.7218031287193298,-1.9941328763961792,-0.03598710149526596,-0.7644731679689759,0.12891563930517907,0.014113972324141074
17.233741750002082,0.043030448257923126,0.17508447170257568,-0.10276145488023758,0.6542320847511292,-2.0512707233428955,-0.0734013170003891,-0.7854098367972824,0.1343618755242367,0.018813937420516222
17.24379675000091,0.06362341344356537,0.08626079559326172,0.006820611655712128,0.03739103674888611,-2.113570213317871,-0.18172462284564972,-0.8065360362192575,0.13795876233081097,0.020612608948395124
17.25385174999974,0.0931842178106308,-0.09155505895614624,0.08543902635574341,-0.639204740524292,-2.2213714122772217,-0.2403421252965927,-0.8277731930687583,0.13719809719156337,0.016728720331542726
17.263905750005506,0.09178158640861511,-0.006254315376281738,-0.0218847393989563,-0.6750044822692871,-2.349672317504883,-0.3578806221485138,-0.8498608694800551,0.13480296483206722,0.009519872925137377
17.273960750004335,0.08422809839248657,0.33201348781585693,-0.04589569568634033,-0.3523489534854889,-2.308997392654419,-0.4490286409854889,-0.872590584135594,0.13453149305123838,0.002841462383783639
17.284015750003164,0.035281598567962646,0.22594785690307617,0.0289040207862854,0.018329951912164688,-2.19633412361145,-0.4560956060886383,-0.8945821277814476,0.13710774756924998,-0.0014140163528300552
17.294069750001654,-0.0038967281579971313,-0.008688807487487793,0.11289596557617188,0.3249434232711792,-2.1796762943267822,-0.46658071875572205,-0.9164088138979417,0.14170069134074886,-0.0029041626151753764
17.304124750000483,-0.0828285962343216,-0.05891162157058716,0.18795561790466309,0.6651682257652283,-2.1725196838378906,-0.5050936341285706,-0.9384273607420432,0.1486298765442469,-0.001837452584402464
17.31417974999931,-0.11268903315067291,-0.0019441843032836914,0.2124539613723755,0.8641415238380432,-2.1354310512542725,-0.4502770006656647,-0.9606521072096794,0.15707170234462453,0.0017416220227541015
17.324233750005078,-0.14534427225589752,-0.08164328336715698,0.2940404415130615,0.8783795237541199,-2.017343282699585,-0.4090295732021332,-0.9823816273929024,0.16573954718060208,0.006695462546380384
17.334288750003907,-0.10729409754276276,-0.19043004512786865,0.32353925704956055,0.6351072192192078,-1.826542854309082,-0.2901058495044708,-1.0025450387463684,0.17291818519199964,0.011380545912245927
17.344343750002736,-0.04004091024398804,-0.20898765325546265,0.3522074818611145,0.21421010792255402,-1.5968059301376343,-0.2069970667362213,-1.0201204984732115,0.17728871877827287,0.013627559728756601
17.354397750001226,0.052602618932724,-0.18379110097885132,0.2845150828361511,-0.05799850821495056,-1.4355155229568481,-0.15596558153629303,-1.0352395535894274,0.17913569318224842,0.013262650871883898
17.364452750000055,0.13820752501487732,-0.028485238552093506,0.260387659072876,-0.06726480275392532,-1.3383649587631226,-0.16268298029899597,-1.0489447579968887,0.18017056053459063,0.011868595033535387
17.374507749998884,0.19619709253311157,0.03358978033065796,0.23094850778579712,0.0016170628368854523,-1.2478740215301514,-0.15355604887008667,-1.0616535204202833,0.181340190322866,0.010658420697423008
17.38456175000465,0.22549936175346375,-0.044180214405059814,0.18332219123840332,0.1542680412530899,-1.2491580247879028,-0.18062256276607513,-1.074225740636334,0.18323323540641298,0.010594668043323645
17.39461675000348,0.2520436644554138,-0.044036269187927246,0.1472490429878235,0.1682986319065094,-1.2637324333190918,-0.18887755274772644,-1.086960177015622,0.1856953910861392,0.011236316280672565
17.404671750002308,0.2762436866760254,-0.0903778076171875,0.08223903179168701,0.13771489262580872,-1.3011138439178467,-0.1376800388097763,-1.0999262283464595,0.1878924810442419,0.011835894146616725
17.414726750001137,0.2836468815803528,-0.08980774879455566,-0.008751451969146729,0.12453383207321167,-1.4254599809646606,-0.12733419239521027,-1.1137953361658093,0.18967963751386974,0.01248624377324924
17.424780749999627,0.26800382137298584,-0.05849999189376831,0.029617425054311752,0.026813983917236328,-1.470144510269165,-0.07390487194061279,-1.1284182968578733,0.1909420376374457,0.012749589409495301
17.434835749998456,0.24362589418888092,-0.11705899238586426,0.023640453815460205,-0.0462341271340847,-1.5417102575302124,-0.05630457401275635,-1.1434800689592253,0.19145733365666273,0.012383573617245123
17.44489075000456,0.2362474799156189,-0.1327027678489685,0.04842185974121094,-0.1700742244720459,-1.619648814201355,-0.0668523907661438,-1.1591326313600059,0.19158237294817956,0.01114762465194296
17.45494475000305,0.21283477544784546,-0.09746253490447998,0.016078472137451172,-0.24628031253814697,-1.6551260948181152,-0.06607981026172638,-1.175215449302819,0.19141945356247725,0.008811145214305052
17.46499975000188,0.18471978604793549,-0.03852856159210205,-0.003471910022199154,-0.2319037765264511,-1.6416137218475342,-0.04871930554509163,-1.1913272906566228,0.19097000398287403,0.0062681375898363395
17.47505475000071,0.14528422057628632,-0.025926172733306885,0.027734339237213135,-0.1721309870481491,-1.587449312210083,-0.029912590980529785,-1.20719106138138,0.19062438218320626,0.004233222679176202
17.4851087499992,0.11573401093482971,-0.05270886421203613,0.09935539960861206,-0.12153993546962738,-1.5048028230667114,0.0005732251447625458,-1.222385707352301,0.19024170117359346,0.0026854393145999416
17.495163750005304,0.09074226021766663,-0.03578752279281616,0.10005068778991699,0.06974826753139496,-1.4802974462509155,0.019142648205161095,-1.2373283653006109,0.19008530765954954,0.002495212088660506
17.505218750004133,0.08929809927940369,0.05783969163894653,0.02235853672027588,0.24781334400177002,-1.4379230737686157,0.06598307192325592,-1.2523757877080528,0.19015650124361946,0.004202533734796259
17.515272750002623,0.04456105828285217,0.02324044704437256,-0.03458082675933838,0.3455579876899719,-1.4008969068527222,0.0420905202627182,-1.2671962965010863,0.19057682432383397,0.007404415322738634
17.525327750001452,-0.0022460222244262695,-0.1187165379524231,-0.013458013534545898,0.21450993418693542,-1.3590188026428223,0.03782714530825615,-1.2816605770799865,0.19107032704303667,0.010417174650726379
17.53538275000028,-0.03396746516227722,-0.1820605993270874,-0.012574911117553711,-0.012668621726334095,-1.354252576828003,0.1282057762145996,-1.2955151949294548,0.19062702282709534,0.011590242301994656
17.54543674999877,-0.04244939982891083,-0.06402480602264404,-0.11780679225921631,-0.043320007622241974,-1.3540294170379639,0.17366935312747955,-1.3091624169838796,0.1889429464581,0.011555286512860412
17.555491750004876,-0.0641428679227829,0.03774833679199219,-0.13413524627685547,0.011928067542612553,-1.3326971530914307,0.14493250846862793,-1.3227481252879,0.18734954503290083,0.01180766946168673
17.56554654167121,-0.07840001583099365,0.012613356113433838,-0.012494564987719059,-0.006994934286922216,-1.241973638534546,0.20028343796730042,-1.3357725561346692,0.18572457079987797,0.01230877090028275
17.5756005416697,-0.08552922308444977,-0.04270106554031372,0.11835110187530518,-0.036423396319150925,-1.1611254215240479,0.2798248827457428,-1.347985734132277,0.1833428920470344,0.012677888348611914
17.58565554166853,-0.06969428062438965,4.076957702636719e-05,0.12056946754455566,-0.0034429430961608887,-1.0867486000061035,0.37605226039886475,-1.3593681801891753,0.18005718999808945,0.01311019649336471
17.59571054166736,-0.058954447507858276,0.09117048978805542,0.12778151035308838,0.14328178763389587,-0.9821517467498779,0.3798760175704956,-1.370076091615119,0.1764007167113016,0.014608772980345481
17.60576454166585,-0.026017412543296814,0.08297443389892578,0.11089944839477539,0.261381596326828,-0.9148910045623779,0.433353990316391,-1.3800632999979041,0.17282958220743505,0.017468058149832533
17.615819541671954,-0.01917240023612976,0.05068725347518921,0.15294873714447021,0.3503125309944153,-0.8617069125175476,0.46338218450546265,-1.3896969267659491,0.16897133645215037,0.02143475159151403
17.625874541670782,-0.02468085289001465,-0.017223000526428223,0.22507953643798828,0.2319824993610382,-0.7778691053390503,0.47190403938293457,-1.3986595414516014,0.1649165813276723,0.025247112805349074
17.63592954166961,0.0009095668792724609,-0.08513271808624268,0.27714478969573975,-0.027275970205664635,-0.5911932587623596,0.5400492548942566,-1.4058575385766066,0.16006398007933215,0.02710151068661788
17.6459835416681,0.01974247395992279,-0.07256114482879639,0.2940998077392578,-0.1367020159959793,-0.3973298668861389,0.5204818248748779,-1.410806099878276,0.15456375175533166,0.027028487150806507
17.65603854166693,0.043949633836746216,0.0280492901802063,0.2632027864456177,-0.015960954129695892,-0.22002141177654266,0.50091552734375,-1.4138750729981753,0.14935406965671333,0.026896123103796042
17.66609354166576,0.06325031816959381,0.10772979259490967,0.27332818508148193,0.26252686977386475,-0.12392203509807587,0.47390297055244446,-1.4158318372071461,0.14473053694667576,0.028996981451210258
17.676147541671526,0.07345320284366608,0.1049729585647583,0.24415242671966553,0.4266822636127472,-0.13399039208889008,0.4582587480545044,-1.4177134875179835,0.14062160209182617,0.033203655427430714
17.686202541670355,0.05960400402545929,0.006923556327819824,0.21243107318878174,0.35928159952163696,-0.09753557294607162,0.44776877760887146,-1.419548922967824,0.1367297434019336,0.03800479258653625
17.696257541669183,0.053343795239925385,-0.06745237112045288,0.25408780574798584,0.21089477837085724,-0.07783111184835434,0.4246690273284912,-1.4209162393181507,0.13285479014511478,0.041600865223186484
17.706311541667674,0.08704905956983566,-0.02873450517654419,0.1284095048904419,0.042450424283742905,-0.15453188121318817,0.3974035382270813,-1.4222450606635513,0.12890330340339567,0.04342625598211534
17.716366541666503,0.11154680699110031,0.013499438762664795,-0.03419160842895508,0.01787477359175682,-0.2583743631839752,0.32558128237724304,-1.424500349035053,0.125327985360181,0.04423269541835942
17.72642154166533,0.09998981654644012,0.011202335357666016,-0.031200528144836426,-0.034268055111169815,-0.28726914525032043,0.30951955914497375,-1.4272867864641918,0.122203701621818,0.044682660913431135
17.736475541671098,0.09078316390514374,-0.04899334907531738,-0.11809587478637695,-0.13109341263771057,-0.3273731470108032,0.30084937810897827,-1.4302712236073467,0.11904180240389574,0.04428255991515145
17.746530541669927,0.07745243608951569,-0.041323065757751465,-0.1342250108718872,-0.16877864301204681,-0.37915724515914917,0.26140013337135315,-1.43369141577473,0.11602265189498678,0.04317842062585456
17.756585541668755,0.05444210767745972,0.007078826427459717,-0.06080985069274902,-0.20273980498313904,-0.42956477403640747,0.26820477843284607,-1.4375936542736731,0.11316194232293751,0.04165871629297738
17.766639541667246,0.04158307611942291,-0.02162092924118042,0.003466011956334114,-0.3384748101234436,-0.42817485332489014,0.29613497853279114,-1.4417130394389273,0.11001796908730885,0.03942374099115047
17.776694541666075,0.03927082568407059,-0.06986165046691895,-0.09283554553985596,-0.4266158640384674,-0.4859297573566437,0.26161110401153564,-1.445803372616146,0.10664329209090824,0.03572075585590788
17.78674954167218,0.019656047224998474,0.03607165813446045,-0.1503998041152954,-0.2613164484500885,-0.580603837966919,0.19179804623126984,-1.45088014468833,0.10398543610026295,0.03247340775082248
17.79680354167067,-0.008014015853404999,0.16492021083831787,-0.17621183395385742,-0.09951399266719818,-0.6542593836784363,0.1887465864419937,-1.4569441691194687,0.10193946214604518,0.03092926595964285
17.8068585416695,-0.029724016785621643,0.049390196800231934,-0.16198813915252686,-0.10252966731786728,-0.6416599750518799,0.2312944233417511,-1.4634320587862817,0.09974287235186885,0.030303905200606406
17.816913541668328,-0.04408516734838486,-0.12230896949768066,-0.023769738152623177,-0.28463396430015564,-0.5784621238708496,0.2287742793560028,-1.469475298232908,0.0972322478757209,0.028707598565575324
17.826967541666818,-0.02600308507680893,-0.13887900114059448,0.08635866641998291,-0.49290767312049866,-0.5003653168678284,0.25129351019859314,-1.474514022550242,0.09440991220332971,0.024940640489653467
17.837022541665647,-0.017213687300682068,-0.043000221252441406,0.06545042991638184,-0.32041552662849426,-0.47478726506233215,0.24026936292648315,-1.4790305802437675,0.09156279097800576,0.020789469572722832
17.84707754167175,-0.007398046553134918,0.11769169569015503,0.05721902847290039,0.0554019995033741,-0.4251711070537567,0.30474910140037537,-1.4834622702832168,0.08881544116064509,0.019707882004732353
17.857131541670242,-0.008562549948692322,0.12711799144744873,0.026850461959838867,0.38121017813682556,-0.33732807636260986,0.37520062923431396,-1.4875070722461217,0.08558763101730309,0.022185583045931365
17.86718654166907,-0.015668369829654694,0.04280447959899902,0.0012586116790771484,0.49641066789627075,-0.2744303047657013,0.4029441177845001,-1.491013157311043,0.08199642439741094,0.02724381155339205
17.8772415416679,-0.02725997567176819,-0.006453871726989746,0.04279184341430664,0.31627577543258667,-0.16930417716503143,0.3538239598274231,-1.4936084617037575,0.07851982681327353,0.03168238928540776
17.88729654166673,-0.030696727335453033,-0.10243743658065796,0.12401711940765381,0.029951808974146843,-0.16392605006694794,0.3275057077407837,-1.4953211867171234,0.07524672459495159,0.033704424797333855
17.89735054166522,0.0038104206323623657,-0.027926981449127197,0.09181654453277588,-0.15375757217407227,-0.18619753420352936,0.28779610991477966,-1.4970718328327852,0.07206088807907952,0.033208475950324584
17.907405541671324,0.018725894391536713,0.061326563358306885,0.12279391288757324,-0.15197449922561646,-0.1356065273284912,0.2524489462375641,-1.4986014141987292,0.06928438422671347,0.031808002964522554
17.917460541670152,0.02396988868713379,0.021683216094970703,0.17081618309020996,-0.013578800484538078,-0.06727886945009232,0.2561619281768799,-1.4995633636657857,0.06666877198583922,0.03110603453080533
17.927514541668643,0.03527282178401947,0.060285210609436035,0.16703057289123535,0.19207258522510529,-0.006453732959926128,0.2544400095939636,-1.4999992341646438,0.06415966007535134,0.032149014894947106
17.93756954166747,0.029739756137132645,0.10483729839324951,0.19397342205047607,0.4147037863731384,0.058458954095840454,0.23392541706562042,-1.4999583014755704,0.06195023697473355,0.035375175787628756
17.9476245416663,0.023331541568040848,0.035516202449798584,0.2773876190185547,0.5494236350059509,0.1286272555589676,0.24605636298656464,-1.4993255371717933,0.05990311832489739,0.04051749770626311
17.957678541672067,0.038738664239645004,0.0125771164894104,0.3005443811416626,0.46247145533561707,0.17991814017295837,0.2263772040605545,-1.4981072082921514,0.057850432156265535,0.04587914095473249
17.967733541670896,0.04097692668437958,-0.014861643314361572,0.35964882373809814,0.25945335626602173,0.29121536016464233,0.1440116912126541,-1.4959676811016627,0.05624862274854873,0.049623079519807385
17.977788541669725,0.04225078225135803,-0.024075448513031006,0.44681859016418457,0.12883596122264862,0.40620559453964233,0.08879691362380981,-1.4925806365857617,0.05526306318641676,0.051607590530915265
17.987842541668215,0.05294753611087799,0.06239521503448486,0.4355342388153076,0.1728402078151703,0.5535131692886353,0.049489691853523254,-1.487828552122768,0.0546206259772915,0.05298641661625607
17.997897541667044,0.06035308539867401,0.12979668378829956,0.41815996170043945,0.3509356677532196,0.6999796032905579,-0.020694991573691368,-1.4816513023184907,0.054714642702671165,0.05566788833253446
18.007952541665873,0.06992101669311523,0.1355850100517273,0.4425770044326782,0.5319703221321106,0.8074097633361816,-0.07950448989868164,-1.4742987371105754,0.0556403199356895,0.060009710773383865
18.01800654167164,0.07528525590896606,0.09212470054626465,0.44469207525253296,0.5848881006240845,0.9064311385154724,-0.13744713366031647,-1.465971970115111,0.05732029584327611,0.06565454902645596
18.028061541670468,0.08675231039524078,0.08991599082946777,0.36100155115127563,0.4748680591583252,0.9725370407104492,-0.17956048250198364,-1.4568071755086638,0.059436426859699514,0.07078766798963847
18.038116541669297,0.04545673727989197,0.0914921760559082,0.3326568007469177,0.36420172452926636,1.0098719596862793,-0.30665454268455505,-1.4470925180816476,0.06238428479779258,0.07475109785545453
18.048170541667787,0.03442371264100075,0.11132562160491943,0.2990134358406067,0.18084056675434113,1.0496338605880737,-0.3884008526802063,-1.4368901373259477,0.06625177667510143,0.07699122492456684
18.058225541666616,0.022257529199123383,0.14008861780166626,0.2738053798675537,0.03410545364022255,1.1289358139038086,-0.4854600429534912,-1.4260183541342892,0.07073131005679081,0.07742664633424737
18.068280541665445,0.023867156356573105,0.14560621976852417,0.3221897482872009,-0.14255391061306,1.2946081161499023,-0.5530956983566284,-1.4137863136110957,0.07581251817504846,0.07612089487205319
18.07833554167155,0.0426388680934906,0.12547928094863892,0.43713390827178955,-0.31433767080307007,1.5290337800979614,-0.6111792325973511,-1.3993582741962225,0.08124186789142086,0.07283924243492515
18.08838954167004,0.0724976509809494,0.1466776728630066,0.4927927851676941,-0.31881362199783325,1.7809743881225586,-0.643744945526123,-1.3823924478987852,0.08685230530691031,0.06836851504080521
18.09844454166887,0.10250658541917801,0.2662345767021179,0.4333488345146179,-0.020745988935232162,1.9703863859176636,-0.6873752474784851,-1.363167717631227,0.09298652340531029,0.0651776424072397
18.108499541667697,0.1148848682641983,0.38003677129745483,0.43971002101898193,0.3187471032142639,2.1946167945861816,-0.7104914784431458,-1.3422407373269007,0.10020125068468815,0.06514724677126472
18.118553541666188,0.10387129336595535,0.32360517978668213,0.4221498966217041,0.5634676218032837,2.468018054962158,-0.7007805109024048,-1.319091036843512,0.10821984910011098,0.0678916872289839
18.128608541672293,0.08752933144569397,0.1611970067024231,0.4458653926849365,0.4983784556388855,2.6777820587158203,-0.7417336106300354,-1.2935999970677041,0.11664610323183203,0.07135325662258636
18.13866354167112,0.07935929298400879,0.01682126522064209,0.5552375912666321,0.22956803441047668,2.8841397762298584,-0.8001108765602112,-1.2657594101419734,0.1251306939259913,0.07273595375759007
18.148717541669612,0.06633446365594864,-0.05285060405731201,0.5677560567855835,-0.04054202139377594,3.0021069049835205,-0.8451850414276123,-1.236002047253585,0.13328031816641356,0.07095164202704751
18.15877254166844,0.03715460002422333,-0.025768160820007324,0.5426811575889587,-0.1407269388437271,3.278749465942383,-0.786408543586731,-1.2039306726027574,0.1406807081993433,0.06699700443871723
18.16882754166727,0.055985450744628906,0.1034502387046814,0.090492844581604,0.47645002603530884,3.491821050643921,-0.7234205007553101,-1.1696029550234446,0.1481114085888816,0.06526136245903968
18.17888154166576,0.062073275446891785,0.3958413600921631,-0.032348453998565674,1.1544662714004517,3.5968165397644043,-0.7923257946968079,-1.1346259369172553,0.15854992204911422,0.06997150447279057
18.188936541671865,0.1479736715555191,0.26691240072250366,0.04469788074493408,1.2244288921356201,3.5232651233673096,-0.6877025365829468,-1.0999765213798895,0.1707825389131698,0.07814599902279504
18.198991541670694,0.1574147343635559,-0.2558631896972656,0.02771686017513275,0.6107790470123291,3.2796661853790283,-0.779212474822998,-1.0665205850024404,0.18155839066473686,0.08310482621305443
18.209045541669184,0.16977395117282867,-0.4800112843513489,0.011522054672241211,-0.02699722722172737,2.983116388320923,-0.8507868051528931,-1.0349297520750778,0.19009235001019814,0.08149181918872488
18.219100541668013,0.13950186967849731,-0.2574021816253662,0.03576391935348511,-0.4868135452270508,2.9912490844726562,-0.856173038482666,-1.0036459541047262,0.1959628879204654,0.07433685328956105
18.22915554166684,0.15852923691272736,0.004464507102966309,-0.16202116012573242,-0.43463414907455444,2.9884982109069824,-0.7595900893211365,-0.9718340056145314,0.20015696809399022,0.06557966790949424
18.239209541665332,0.20890456438064575,0.1029769778251648,-0.1421910524368286,-0.14305716753005981,2.9698805809020996,-0.5770325660705566,-0.9405730895158566,0.2039164281489679,0.05915796347502642
18.249264541671437,0.19780835509300232,-0.04111349582672119,-0.02985965460538864,0.025066550821065903,2.9905104637145996,-0.4695531725883484,-0.9098085282856584,0.20785910111087288,0.05553052113730838
18.259319541670266,0.21854080259799957,-0.15151363611221313,-0.17335790395736694,0.16945569217205048,2.9183032512664795,-0.44963139295578003,-0.8795788174293092,0.21198235881936672,0.05338772479721701
18.269373541668756,0.23437117040157318,-0.0023703575134277344,-0.1585456281900406,0.2912371754646301,2.8447179794311523,-0.45770612359046936,-0.8503626060832409,0.21699146479631912,0.05207140576452276
18.279428541667585,0.22300152480602264,0.025502920150756836,0.005585953593254089,0.2502777576446533,2.868108034133911,-0.40861448645591736,-0.8214839676724818,0.22216325329513228,0.051275851813252525
18.289483541666414,0.2098420411348343,-0.14438891410827637,0.15913809835910797,-0.06968090683221817,2.9262466430664062,-0.38917335867881775,-0.7919307803897523,0.22570941983989815,0.049282323537079856
18.29953754167218,0.18637466430664062,-0.23128020763397217,0.30583375692367554,-0.5166059136390686,3.0273101329803467,-0.4479815363883972,-0.760932339858484,0.22650199406304816,0.04405046860583604
18.30959254167101,0.18792244791984558,-0.1558210849761963,0.3108742833137512,-0.7221994400024414,3.2114810943603516,-0.4422270357608795,-0.7278356246419561,0.2247930024101294,0.03613496294663996
18.319647541669838,0.24133361876010895,0.09305447340011597,0.12903015315532684,-0.4371442198753357,3.4286115169525146,-0.30728334188461304,-0.6928230656824476,0.22269295509888862,0.028976499664681448
18.329702541668667,0.316119909286499,0.3803768754005432,-0.17353637516498566,0.24197596311569214,3.584021806716919,-0.227875754237175,-0.6568933394956155,0.2234200570974998,0.026136185024022988
18.339756541667157,0.3819822072982788,0.3986913561820984,-0.3327866196632385,0.7780572772026062,3.499877691268921,-0.23653103411197662,-0.6214770904094046,0.2290507062366845,0.02744455787354166
18.349811541665986,0.4293830990791321,0.07156258821487427,-0.23096054792404175,0.6369265913963318,3.0855872631073,-0.3283991515636444,-0.5885240055056766,0.23688469724764064,0.029693153257858228
18.35986654167209,0.3777421712875366,-0.33341825008392334,-0.1009986400604248,-0.046187520027160645,2.6060125827789307,-0.4917721152305603,-0.5593407207946898,0.24193761819720916,0.02781833468673761
18.36992054167058,0.278221994638443,-0.504612922668457,0.0027224570512771606,-0.8128210306167603,2.3040778636932373,-0.5694044828414917,-0.5329865993510672,0.24078273541375722,0.020723363368054883
18.37997554166941,0.1150786280632019,-0.37411344051361084,0.15165062248706818,-1.4888466596603394,2.2266616821289062,-0.609725832939148,-0.5077607694998918,0.23350918858787958,0.009348420577133714
18.39003054166824,0.019966930150985718,-0.23618513345718384,0.26843249797821045,-1.657670497894287,2.392827033996582,-0.4652547538280487,-0.48176048471221244,0.22202383193388187,-0.003436244436937088
18.40008454166673,-0.007007136940956116,-0.10335469245910645,0.20943094789981842,-1.3907036781311035,2.717768907546997,-0.2762930989265442,-0.4538738472390957,0.2096724682896404,-0.014084354737257897
18.410139541665558,0.033307477831840515,0.022725582122802734,-0.039578139781951904,-0.9385660290718079,2.8908236026763916,-0.12852510809898376,-0.4240797193176736,0.19995938477201092,-0.021102472857436536
18.420194541671663,0.14256280660629272,0.09908193349838257,-0.13528235256671906,-0.32743075489997864,2.8957910537719727,0.02644956298172474,-0.39432447418836086,0.19434535761318195,-0.02403960589651482
18.430248541670153,0.1764146089553833,0.0661115050315857,-0.11737102270126343,-0.0395515002310276,2.775292158126831,-0.05885414779186249,-0.36540208665259505,0.19300502486951035,-0.02474353062850477
18.440303541668982,0.18575581908226013,-0.10370469093322754,-0.08871312439441681,-0.39472267031669617,2.6352226734161377,0.008206644095480442,-0.33806687046678374,0.1910034888158264,-0.025658603534334783
18.45035854166781,0.14225800335407257,-0.25024259090423584,-0.09136563539505005,-0.8075599670410156,2.403251886367798,-0.16079489886760712,-0.31229814226561614,0.18566403615914182,-0.028292701595953682
18.4604125416663,0.13529817759990692,-0.16175270080566406,-0.043274760246276855,-1.3035105466842651,2.2962324619293213,-0.21093235909938812,-0.28779149233852536,0.17608747119654053,-0.03334656569857599
18.47046754166513,0.08800481259822845,-0.1117926836013794,0.006215944886207581,-1.678819179534912,2.2284860610961914,-0.24022287130355835,-0.2639793236739222,0.1621771392640946,-0.03975999259819797
18.480522541671235,0.0527973473072052,-0.07296031713485718,0.024814963340759277,-1.837170958518982,2.2221479415893555,-0.174908846616745,-0.2406723773782654,0.14543374798384337,-0.04635185680516374
18.490576541669725,0.03269334137439728,0.023864448070526123,0.01788514107465744,-1.773093581199646,2.3117318153381348,-0.08995597809553146,-0.21722148078593612,0.1279024571908173,-0.0518261974380878
18.500631541668554,0.0339089035987854,0.11162519454956055,0.014231391251087189,-1.570227026939392,2.4720561504364014,0.026520296931266785,-0.19272828384293536,0.11149386761640417,-0.05563517696851263
18.510686541667383,0.0732983648777008,0.13936001062393188,-0.04327748715877533,-1.263622760772705,2.5998809337615967,0.1208575889468193,-0.16695453157636156,0.09728272988994877,-0.05741809530192059
18.520740541665873,0.14595122635364532,0.14362049102783203,-0.21978336572647095,-1.0263798236846924,2.5512771606445312,0.14553256332874298,-0.14091073131586218,0.08574637526654011,-0.057796223844345254
18.530795541671978,0.2376176118850708,0.14128351211547852,-0.35950982570648193,-0.845190167427063,2.362584352493286,0.12474068999290466,-0.11613762759867491,0.07627130595887184,-0.05761365843116946
18.540850541670807,0.2785302698612213,0.10257381200790405,-0.4448639154434204,-0.8274434208869934,2.089386224746704,0.04492228850722313,-0.09372018324495421,0.06794986654587419,-0.05758918997831986
18.550904541669297,0.2691945433616638,0.02169322967529297,-0.4687168002128601,-1.0526598691940308,1.7800135612487793,-0.045202307403087616,-0.07421778263249416,0.05865845781877716,-0.05840356157645386
18.560959541668126,0.24263784289360046,-0.0714678168296814,-0.4662756323814392,-1.3833270072937012,1.4208929538726807,-0.10701054334640503,-0.057979893316200286,0.04653388542594976,-0.059975255231618646
18.571014291672327,0.21531908214092255,-0.09804511070251465,-0.4662401080131531,-1.6329104900360107,1.06078040599823,-0.14221236109733582,-0.045462840149462426,0.031295600181684445,-0.06204891123371252
18.581069291671156,0.17328661680221558,-0.007627606391906738,-0.482699990272522,-1.6610569953918457,0.8028399348258972,-0.138481006026268,-0.036111016197330356,0.014696641797023183,-0.06415893592900894
18.591123291669646,0.11039640009403229,0.11268401145935059,-0.48208320140838623,-1.448361873626709,0.6570046544075012,-0.12122255563735962,-0.028856858303042333,-0.0010657793504323747,-0.06599731264744221
18.601178291668475,0.05971437692642212,0.18114632368087769,-0.45479118824005127,-1.1455620527267456,0.6203179955482483,-0.07302945852279663,-0.02249263054770578,-0.014083537703027551,-0.06731900496725961
18.611233291667304,0.028512969613075256,0.18234968185424805,-0.393418550491333,-0.8002313375473022,0.6267319917678833,-0.03222877159714699,-0.016255712909421127,-0.02388675343699061,-0.06804324994390996
18.621287291665794,0.016038164496421814,0.15813368558883667,-0.33294832706451416,-0.5036356449127197,0.6694560647010803,0.0037191107403486967,-0.009742073198043039,-0.030339475952304098,-0.06823938624871793
18.6313422916719,0.04189637303352356,0.14663046598434448,-0.29593706130981445,-0.31825751066207886,0.688997745513916,0.012157709337770939,-0.002883227886134784,-0.03444592552742318,-0.06816715574599252
18.641397291670728,0.08977273106575012,0.1367933750152588,-0.23580944538116455,-0.16913142800331116,0.6627166271209717,0.008124086074531078,0.003975000324417878,-0.0368736474600786,-0.06803601170464359
18.65145129166922,0.11385345458984375,0.104983389377594,-0.1695115566253662,-0.08230855315923691,0.5794289112091064,-0.02029477246105671,0.010230337431337302,-0.03809227693399237,-0.06808232377785599
18.661506291668047,0.11792200803756714,0.08518493175506592,-0.11821448057889938,-0.08265289664268494,0.4921320974826813,-0.05531667172908783,0.015608104819996034,-0.03886263473193567,-0.06842240964309272
18.671561291666876,0.11403146386146545,0.07190793752670288,-0.08685266971588135,-0.13362739980220795,0.40061044692993164,-0.1099250540137291,0.020105612454636518,-0.03995430882176532,-0.06924727368521426
18.681615291665366,0.1136823445558548,0.03903377056121826,-0.07580816745758057,-0.18396086990833282,0.31853342056274414,-0.14507558941841125,0.023680459719243853,-0.041594981262863,-0.07048465296618318
18.69167029167147,0.09916646778583527,0.005711615085601807,-0.06533193588256836,-0.21974536776542664,0.2405814826488495,-0.1696598380804062,0.02645029355905759,-0.04368740594285288,-0.0720280655135118
18.7017252916703,0.0799122005701065,-0.0049460530281066895,-0.05388546362519264,-0.2197059690952301,0.17471379041671753,-0.1690068244934082,0.02845611004289597,-0.04598561107727196,-0.07369625316004032
18.71177929166879,0.052746742963790894,-0.008464694023132324,-0.030422568321228027,-0.13542507588863373,0.1461402028799057,-0.14440076053142548,0.029977000676909473,-0.04787068148067253,-0.07524982130768375
18.72183429166762,0.026067450642585754,-0.020528733730316162,-0.012458436191082,-0.03836830332875252,0.11443474143743515,-0.11238903552293777,0.03123584141256404,-0.04880672049065582,-0.07651697967433536
18.731889291666448,0.015063822269439697,-0.056607186794281006,-0.0023969337344169617,-0.006513612344861031,0.07871589064598083,-0.07962677627801895,0.03215286069810135,-0.04900211650428258,-0.07746017558994757
18.741943291672214,0.010277897119522095,-0.1072036623954773,0.0021611452102661133,-0.024309387430548668,0.06184183806180954,-0.03359643742442131,0.0327995915994434,-0.04917100351687212,-0.07804102782520282
18.751998291671043,0.011800989508628845,-0.1275956630706787,0.004923343658447266,-0.06445867568254471,0.05160091444849968,0.011494128964841366,0.03335709409760339,-0.04961177654165048,-0.07813114062033807
18.762053291669872,0.019189387559890747,-0.1085854172706604,0.005975957959890366,-0.08801939338445663,0.045204535126686096,0.055087678134441376,0.033861192565660315,-0.050383232899782096,-0.0777865702713115
18.772107291668362,0.03261776268482208,-0.05946362018585205,-0.012203466147184372,-0.11048959195613861,0.03724181652069092,0.09508571773767471,0.034339199218520064,-0.051337785558817094,-0.07697105600290811
18.78216229166719,0.04685033857822418,-0.02848505973815918,-0.04381001368165016,-0.10477444529533386,0.028035001829266548,0.11306498944759369,0.03474845051690774,-0.052407748251436785,-0.07587249313530292
18.79221729166602,0.054967209696769714,-0.025555074214935303,-0.046308279037475586,-0.09674248844385147,-0.012126665562391281,0.09630819410085678,0.034895814891402685,-0.05338305527978664,-0.07477996857637689
18.802271291671786,0.05116584897041321,-0.005317270755767822,-0.04989349842071533,-0.09643382579088211,-0.045487552881240845,0.08728087693452835,0.034640263320446334,-0.05431004332671084,-0.07383586322817719
18.812326291670615,0.036006227135658264,0.008022308349609375,-0.04820692539215088,-0.0923393964767456,-0.06965840607881546,0.07419297844171524,0.034104603216320584,-0.055270077258661746,-0.07296454874642729
18.822381291669444,0.02452842891216278,0.007927894592285156,-0.053643714636564255,-0.06927721947431564,-0.08127724379301071,0.06754333525896072,0.03338786179339225,-0.05603912246227974,-0.0722401249701886
18.832436291668273,0.019154533743858337,0.011900484561920166,-0.058611638844013214,-0.053476639091968536,-0.08949536085128784,0.07251463085412979,0.032540622035160324,-0.05665633758571731,-0.07153066629262309
18.842490291666763,0.008228152990341187,0.006563901901245117,-0.0509953573346138,-0.010561129078269005,-0.09476043283939362,0.08176539093255997,0.03166219891720612,-0.056947323547659016,-0.07074403619170379
18.852545291665592,0.002084299921989441,0.00831669569015503,-0.03360474109649658,0.014515195973217487,-0.10754945874214172,0.09545755386352539,0.030701124351663098,-0.05689097868878482,-0.06985744034212558
18.862600291671697,0.0012326687574386597,0.008294403553009033,-0.027701854705810547,0.041790224611759186,-0.10840539634227753,0.12023293972015381,0.029689133294118052,-0.05651032207698302,-0.06875019992330404
18.872654291670187,0.007556244730949402,0.02935802936553955,-0.060410261154174805,0.08293100446462631,-0.12424561381340027,0.14437907934188843,0.02860322747309645,-0.0558578267620105,-0.06741217230277063
18.882709291669016,0.019007712602615356,0.05609637498855591,-0.09942018240690231,0.17203956842422485,-0.15704137086868286,0.15261809527873993,0.027304765609639844,-0.05452630371669659,-0.0659213156535619
18.892764291667845,0.026712685823440552,0.0910072922706604,-0.0957486554980278,0.2567567229270935,-0.18747104704380035,0.13053902983665466,0.025668782651181832,-0.052152083084076,-0.06451317887952199
18.902818291666335,0.043719977140426636,0.10920405387878418,-0.1567366123199463,0.29345375299453735,-0.2817443013191223,0.0603753887116909,0.02332728490556893,-0.049407377956548176,-0.0636503447123422
18.912873291665164,0.06787456572055817,0.1062505841255188,-0.19844865798950195,0.2803563177585602,-0.3680243194103241,0.01840609684586525,0.020115202633974094,-0.046455339092164656,-0.06328088000150342
18.92292829167127,0.07764402031898499,0.087490975856781,-0.20413482189178467,0.23444795608520508,-0.4775257706642151,-0.055714201182127,0.015839944813536358,-0.043829304316616406,-0.0635494117707783
18.93298229166976,0.09623366594314575,0.10078775882720947,-0.21847891807556152,0.16674263775348663,-0.571347713470459,-0.08934862166643143,0.010545681579738998,-0.041853572492208904,-0.0643058145118776
18.94303729166859,0.10562388598918915,0.14042633771896362,-0.20161545276641846,0.19316944479942322,-0.6592645645141602,-0.09003012627363205,0.0043416421272074015,-0.04005739642401622,-0.06523067491412592
18.953092291667417,0.10549432039260864,0.1730213761329651,-0.21263957023620605,0.2873615324497223,-0.7610939741134644,-0.09745997190475464,-0.0028678891285679998,-0.037634743958704746,-0.06617343404518031
18.963146291665907,0.10374146699905396,0.1594502329826355,-0.23453664779663086,0.3623894453048706,-0.8588929772377014,-0.13104641437530518,-0.011074626393249907,-0.03438149053156865,-0.06729071129179366
18.973201291672012,0.110711470246315,0.14058387279510498,-0.2247675657272339,0.3680765628814697,-0.9470058083534241,-0.1550028920173645,-0.02019698088037497,-0.03068756572522075,-0.06868407793425937
18.98325629167084,0.10746340453624725,0.1511719822883606,-0.24432682991027832,0.3799619674682617,-1.0222750902175903,-0.1610994040966034,-0.030118442696363004,-0.026860452427632263,-0.07014994542204737
18.99331029166933,0.10634556412696838,0.16500073671340942,-0.2579389810562134,0.40556493401527405,-1.1002734899520874,-0.22262047231197357,-0.040834917032312616,-0.022811077983855246,-0.07192586351053994
19.00336529166816,0.12868554890155792,0.16452187299728394,-0.23318374156951904,0.3566141724586487,-1.1494210958480835,-0.2248591184616089,-0.05220141077363586,-0.018779478339297034,-0.07403360176895529
19.01342029166699,0.14392827451229095,0.15303641557693481,-0.17939317226409912,0.21399518847465515,-1.2022919654846191,-0.18068711459636688,-0.06405752519675766,-0.015775598184951042,-0.07587414553335385
19.02347429166548,0.12553590536117554,0.09932583570480347,-0.1103895902633667,-0.028409456834197044,-1.2499414682388306,-0.17829586565494537,-0.07639633572091853,-0.014647555882177485,-0.07759045386139198
19.033529291671584,0.10398988425731659,0.025528311729431152,-0.04241311922669411,-0.24184028804302216,-1.2422500848770142,-0.20921550691127777,-0.08900815437884209,-0.015925620320423554,-0.07964270869449219
19.043584291670413,0.07611781358718872,0.0015459656715393066,0.007929794490337372,-0.39318373799324036,-1.223055362701416,-0.2543526291847229,-0.10147058394890789,-0.01887914175156762,-0.08222015624457485
19.053638291668904,0.06608065962791443,0.053930461406707764,-0.0006866455078125,-0.5168699622154236,-1.1660526990890503,-0.3122744560241699,-0.11361276493991633,-0.02309055449812464,-0.08550697663400654
19.063693291667732,0.08134527504444122,0.10016143321990967,-0.030481938272714615,-0.501214325428009,-1.1410787105560303,-0.3258563280105591,-0.1253163628168727,-0.027822151202297023,-0.08934386997457501
19.07374829166656,0.09931154549121857,0.08141642808914185,-0.025952227413654327,-0.4360017776489258,-1.144874095916748,-0.3316270411014557,-0.13688915803226903,-0.03210683883004738,-0.09323989305001265
19.08380329166539,0.11379295587539673,0.05274617671966553,-0.032341718673706055,-0.47736600041389465,-1.1359407901763916,-0.3425295054912567,-0.14856650036564142,-0.0361678054870728,-0.09723755054310741
19.093857291671156,0.1343943327665329,0.03904449939727783,-0.03766298294067383,-0.43167638778686523,-1.1572197675704956,-0.29734715819358826,-0.16025299193399287,-0.04022775065727318,-0.10113351820268661
19.103912291669985,0.1393342763185501,0.0141715407371521,-0.008854031562805176,-0.353871613740921,-1.199623703956604,-0.29410529136657715,-0.17224564950724094,-0.043659076182102186,-0.10468062893231349
19.113967291668814,0.13468672335147858,-0.018136262893676758,-0.0011124610900878906,-0.292906254529953,-1.2585471868515015,-0.2848294973373413,-0.18472073581741055,-0.04628574026739022,-0.1081593267456412
19.124021291667304,0.13486656546592712,-0.028984010219573975,0.015087485313415527,-0.24949541687965393,-1.2835407257080078,-0.24459604918956757,-0.19771305587365373,-0.04843411021586422,-0.11129595113068
19.134076291666133,0.12950566411018372,-0.0024927258491516113,0.02439892292022705,-0.18271319568157196,-1.323060393333435,-0.20087599754333496,-0.21098266846440655,-0.05017138047538881,-0.11390194064014883
19.144131291672238,0.13556769490242004,0.047872722148895264,0.007374167442321777,-0.08906525373458862,-1.3645561933517456,-0.18062424659729004,-0.22465328469876694,-0.05122741240801031,-0.11606690202806236
19.15418529167073,0.15580405294895172,0.07768422365188599,-0.02363668382167816,0.026166526600718498,-1.4587266445159912,-0.2142578512430191,-0.23902141727704249,-0.050860003760769684,-0.11809941336737624
19.164240291669557,0.1632387638092041,0.04026830196380615,-0.02034139633178711,0.05320107191801071,-1.5423568487167358,-0.20149864256381989,-0.2541785801875322,-0.050033869763350024,-0.12002845161116031
19.174295291668386,0.13846150040626526,-0.011094748973846436,-0.00945495069026947,0.06109645962715149,-1.617367148399353,-0.2390681803226471,-0.2701616722554196,-0.04876487945298497,-0.12199044052483515
19.184349291666877,0.11452855169773102,-0.03717660903930664,0.026201248168945312,-0.038632266223430634,-1.6419925689697266,-0.27693647146224976,-0.2866751919341948,-0.04789636324603122,-0.12443286239929469
19.194404291665705,0.09512452781200409,-0.07389587163925171,0.05842207372188568,-0.06450732052326202,-1.6565206050872803,-0.2926570177078247,-0.30340727530859996,-0.047615600829196796,-0.12736872854567957
19.20445929167181,0.07540634274482727,-0.0463753342628479,0.1293792873620987,0.05182914435863495,-1.696843147277832,-0.30495256185531616,-0.32038163940967,-0.04681729994642535,-0.1302589111276931
19.2145132916703,0.061381950974464417,0.04331737756729126,0.137231707572937,0.12832915782928467,-1.7424066066741943,-0.34008926153182983,-0.3378268150923973,-0.04483703153140641,-0.13293917680046122
19.22456829166913,0.06385065615177155,0.05146998167037964,0.06984247267246246,0.21750350296497345,-1.7450133562088013,-0.3090144395828247,-0.35551553972187233,-0.04214486696240719,-0.13553909187575974
19.23462329166796,0.0569307804107666,-0.0731881856918335,0.04386080801486969,0.3526178300380707,-1.7729536294937134,-0.3173265755176544,-0.3732227292449594,-0.03837281473677122,-0.13736334149817322
19.24467729166645,0.07025262713432312,-0.10386252403259277,0.0014297962188720703,0.31900233030319214,-1.8581933975219727,-0.31788957118988037,-0.39151458233601033,-0.03381268186919711,-0.13900201931826897
19.254732291665277,0.09508173167705536,-0.1016417145729065,-0.023260369896888733,0.039409004151821136,-1.9306435585021973,-0.27803048491477966,-0.41066997009985046,-0.03087230451680566,-0.14100857238843434
19.264787291671382,0.09017099440097809,-0.2046515941619873,0.01703988015651703,-0.2227693498134613,-1.997304081916809,-0.30248284339904785,-0.4304459582353719,-0.03058639616630286,-0.14410070215791418
19.274841291669873,0.08792635798454285,-0.22248250246047974,0.04962742328643799,-0.3392221927642822,-2.14070463180542,-0.2522926330566406,-0.4513779901522995,-0.03191360531992176,-0.14793038669652933
19.2848962916687,0.06808836758136749,-0.13653099536895752,0.012965798377990723,-0.19448737800121307,-2.1988799571990967,-0.22520722448825836,-0.473404477500779,-0.033409697497502666,-0.151260799729842
19.29495129166753,0.05929458141326904,-0.031796813011169434,-0.04296614229679108,0.24381159245967865,-2.1277647018432617,-0.16726557910442352,-0.49520081711239183,-0.03233949173565023,-0.15301931015921402
19.30500629166636,0.09392291307449341,-0.00029724836349487305,-0.00023174285888671875,0.815021812915802,-2.135676860809326,-0.04111297056078911,-0.516535941151634,-0.027354920237105586,-0.15151452128933385
19.315060291672125,0.13458681106567383,0.04460030794143677,0.02092514932155609,1.2970309257507324,-2.1494312286376953,0.11116916686296463,-0.5379968016134838,-0.018018083172304026,-0.1455666570562923
19.325115291670954,0.12066689133644104,-0.01943528652191162,0.0993570014834404,1.0871870517730713,-2.0801777839660645,0.13346514105796814,-0.5591782458174755,-0.008147797923144478,-0.1380301626707292
19.335170291669783,0.1198279857635498,-0.3260461688041687,0.15480732917785645,0.4787665605545044,-2.022697925567627,0.13822610676288605,-0.5797639003917987,-0.0021439649460365255,-0.132494351545981
19.345224291668274,0.11745142936706543,-0.4014623761177063,0.15803839266300201,-0.06716572493314743,-2.0132908821105957,0.10442766547203064,-0.6000357970585242,-0.0012830322998063346,-0.13049270068930227
19.355279291667102,0.13885267078876495,-0.14928537607192993,0.08503688871860504,-0.3077338635921478,-2.0318174362182617,0.09748400747776031,-0.6203560622875195,-0.0036142497953917502,-0.13092486447414678
19.36533429166593,0.13915330171585083,0.043643295764923096,0.003629907965660095,-0.1378265768289566,-2.008495569229126,0.140865296125412,-0.640678221909342,-0.006251168117849862,-0.13138743435515418
19.375388291671698,0.14401790499687195,0.031132757663726807,-0.06737995147705078,0.232490673661232,-2.0614278316497803,0.2189938724040985,-0.6610857384939381,-0.007033199014590198,-0.1296818080891685
19.385443291670526,0.13293485343456268,0.04917097091674805,-0.11520551145076752,0.701330840587616,-2.119656801223755,0.26304253935813904,-0.6820961929367779,-0.004910272654224671,-0.12488017828145848
19.395498291669355,0.11506940424442291,0.10590827465057373,-0.13182006776332855,0.9543351531028748,-2.153531074523926,0.2860335409641266,-0.7035694853001746,-5.7041765447307736e-05,-0.1172305553885363
19.405552291667846,0.13151611387729645,0.04021960496902466,-0.13823412358760834,0.6939677000045776,-2.1566286087036133,0.271920382976532,-0.725267058694165,0.004617127348544379,-0.1095210386694949
19.415607291666674,0.20300062000751495,-0.06299293041229248,-0.1459205150604248,0.2196333259344101,-2.226625680923462,0.26646149158477783,-0.7472646615738273,0.006179440897835468,-0.1044225647529164
19.425662291665503,0.26240652799606323,0.01489102840423584,-0.1562940925359726,0.0050802817568182945,-2.400846242904663,0.2167658507823944,-0.7704803935282002,0.005066922789097201,-0.10204400557232657
19.43571629167127,0.2657671570777893,0.2187509536743164,-0.14026488363742828,0.046080220490694046,-2.5839786529541016,0.11436770111322403,-0.795578026839255,0.004031094073709668,-0.10073242451237496
19.4457712916701,0.23560822010040283,0.32821011543273926,-0.15836560726165771,0.13357891142368317,-2.7440640926361084,0.04265356808900833,-0.8223700727982881,0.004115156556129456,-0.09958395214416571
19.455826291668927,0.21129298210144043,0.2874528765678406,-0.2340555191040039,0.13510623574256897,-2.8497064113616943,-0.034053195267915726,-0.8505295118443865,0.005051652249653033,-0.09840997253225772
19.465880291667418,0.18772488832473755,0.18189573287963867,-0.20978593826293945,0.15498539805412292,-2.9333038330078125,-0.12759752571582794,-0.8795557550958301,0.006603378014032781,-0.09783126005999461
19.475935291666246,0.17541846632957458,0.20897561311721802,-0.15661166608333588,0.3366082012653351,-3.008164882659912,-0.18894504010677338,-0.9094765664296989,0.009368844192503821,-0.09702223673994342
19.48599029167235,0.1648801863193512,0.29328662157058716,-0.1880870908498764,0.5416255593299866,-2.9482128620147705,-0.16532333195209503,-0.9395263028125623,0.01352234641520702,-0.0945094944762376
19.49604429167084,0.17752043902873993,0.18451964855194092,-0.1705695390701294,0.6203576922416687,-2.9036900997161865,-0.12352778762578964,-0.968899365104541,0.0181035028138315,-0.0905092922801119
19.50609929166967,0.21436963975429535,0.044662654399871826,-0.08614622056484222,0.5208633542060852,-2.9901580810546875,-0.12365881353616714,-0.9985226885743512,0.022366553832106874,-0.08623794862455761
19.5161542916685,0.2222437709569931,0.07694977521896362,-0.026939138770103455,0.29569801688194275,-3.103304147720337,-0.17805330455303192,-1.0292354314825978,0.025810343253733655,-0.08351662868082244
19.526209291667328,0.2034475952386856,0.11165910959243774,-0.012154832482337952,0.09104769676923752,-3.176060438156128,-0.21914507448673248,-1.060843282455049,0.028493067699101354,-0.08290342955794983
19.53626329166582,0.1700042188167572,0.0855560302734375,0.008600696921348572,-0.012619396671652794,-3.228288173675537,-0.2604214549064636,-1.093069309801096,0.030772574021733747,-0.08369040726708543
19.546318291671923,0.16009587049484253,0.0804862380027771,0.044740691781044006,-0.04600904509425163,-3.272968053817749,-0.3057907819747925,-1.1257410412313198,0.03319631584616396,-0.08527582887536553
19.556373291670752,0.1613941639661789,0.134638249874115,0.05935251712799072,0.08159995824098587,-3.2743897438049316,-0.307150661945343,-1.158652299303317,0.03603192491717147,-0.0864578597825282
19.566427249999833,0.13574481010437012,0.17896044254302979,0.047177672386169434,0.3544330596923828,-3.1511049270629883,-0.2846738398075104,-1.1910267236254273,0.039543204087494926,-0.08562799397244314
19.576482249998662,0.08840376883745193,0.14637279510498047,0.1357814073562622,0.41718918085098267,-2.963484287261963,-0.26316070556640625,-1.2219815088229842,0.04358558367095614,-0.08272015306900825
19.586537250004767,0.04970797896385193,0.021563351154327393,0.25923407077789307,0.1777513027191162,-2.797173261642456,-0.2749207019805908,-1.251032335608611,0.04714070802900142,-0.08071983716333238
19.596591250003257,0.038667090237140656,-0.05299288034439087,0.35276150703430176,-0.023180650547146797,-2.7068099975585938,-0.2833039164543152,-1.2786479110154225,0.05000165835184099,-0.08083017062140004
19.606646250002086,0.017145082354545593,0.07044637203216553,0.31735944747924805,-0.015951232984662056,-2.5995867252349854,-0.318549245595932,-1.3053294437358276,0.05284203783887628,-0.08201671431932975
19.616701250000915,0.009293749928474426,0.10678762197494507,0.25900065898895264,0.21026605367660522,-2.408053398132324,-0.3532550036907196,-1.3304787993507603,0.05630546153549337,-0.08202172659436442
19.626755249999405,0.03305574506521225,0.02397817373275757,0.2459561824798584,0.5777058601379395,-2.268284320831299,-0.3673143684864044,-1.3541622434021543,0.06079181126155486,-0.07902459593472104
19.63681025000551,0.07494349032640457,0.012784600257873535,0.2856714725494385,0.7527774572372437,-2.190767288208008,-0.35357552766799927,-1.376883581159542,0.06567987919502977,-0.07309159838160298
19.64686525000434,0.10248716175556183,-0.10113364458084106,0.2614312171936035,0.6885505318641663,-2.173534393310547,-0.30372196435928345,-1.399267265850933,0.07030600048187509,-0.06634692121906105
19.65691925000283,0.09489326179027557,-0.27144211530685425,0.21673107147216797,0.605888307094574,-2.1958212852478027,-0.2896284759044647,-1.4216354339659643,0.07426924872591578,-0.06042316268942597
19.666974250001658,0.04758506268262863,-0.3215603828430176,0.2104877382516861,0.3526269793510437,-2.2088892459869385,-0.33125290274620056,-1.444209072610205,0.07802417356144625,-0.05593892381311392
19.677029250000487,0.022328592836856842,-0.3005797863006592,0.22453103959560394,0.06709491461515427,-2.1181368827819824,-0.33129802346229553,-1.4661176906444187,0.08165763196031298,-0.05427643636743977
19.687083249998977,0.05161190778017044,-0.31511378288269043,0.2928692102432251,-0.19209536910057068,-2.085866689682007,-0.3480042815208435,-1.4870352299241885,0.08497524883909305,-0.05517342409677566
19.697138250005082,0.12876862287521362,-0.27884507179260254,0.3053232431411743,-0.3860131800174713,-2.124063491821289,-0.3388898968696594,-1.5078654561924694,0.08824583122043125,-0.058423603712942564
19.70719325000391,0.17608590424060822,-0.20139729976654053,0.2575267553329468,-0.2820897102355957,-2.1985676288604736,-0.3674517571926117,-1.5292284977293833,0.09164062665530578,-0.06199915802709587
19.7172472500024,0.17938095331192017,-0.11075037717819214,0.1707080453634262,-0.02649894915521145,-2.190925359725952,-0.3761102259159088,-1.5511342105599402,0.09520158951202964,-0.06387686948523229
19.72730225000123,0.14284957945346832,-0.08487766981124878,0.13960635662078857,0.2570944130420685,-2.108327627182007,-0.40285050868988037,-1.5729079979851575,0.09917618178692024,-0.06263193031831567
19.73735725000006,0.12042758613824844,-0.12777262926101685,0.0647813081741333,0.31696653366088867,-2.010939359664917,-0.43351390957832336,-1.5939410179020974,0.10332146223577965,-0.05945070767356925
19.74741124999855,0.12488169223070145,-0.2366766333580017,0.0545353889465332,0.09460004419088364,-1.9634490013122559,-0.4911505877971649,-1.6141559113762247,0.1078734091001897,-0.05698654672954792
19.757466250004654,0.1321253478527069,-0.2870047092437744,0.12196554243564606,-0.06570680439472198,-1.9536174535751343,-0.4788779318332672,-1.6338108308428378,0.11276441168265355,-0.056782398046800825
19.767521250003483,0.13247662782669067,-0.21424806118011475,0.15702305734157562,-0.1087416261434555,-2.003000020980835,-0.4100243151187897,-1.6536617889638707,0.11735259237434885,-0.05733190744778123
19.777575250001973,0.1334790289402008,-0.1510244607925415,0.2362755537033081,-0.23359066247940063,-2.030646562576294,-0.3464047908782959,-1.673809128479926,0.12129433774019516,-0.0586846404160176
19.787630250000802,0.11570516228675842,-0.1180841326713562,0.22566008567810059,-0.3100776970386505,-2.0795750617980957,-0.25932714343070984,-1.694155983464462,0.12468836725935532,-0.06128788345540013
19.79768524999963,0.07997206598520279,-0.007044315338134766,0.16974975168704987,-0.23679830133914948,-2.0939483642578125,-0.25345689058303833,-1.7149581803714773,0.12756191716580412,-0.06366348145063706
19.80774024999846,0.03231029957532883,0.09769195318222046,0.12498451769351959,-0.20180542767047882,-1.974717140197754,-0.1810798943042755,-1.735253215958364,0.13016633233976715,-0.06546239264624673
19.817794250004226,-0.017133526504039764,0.0841103196144104,0.1177060604095459,-0.11891640722751617,-1.86445951461792,-0.08802633732557297,-1.754364627711157,0.131729335185707,-0.06696203313700658
19.827849250003055,-0.0571054071187973,0.149175226688385,0.007716268301010132,0.11295676976442337,-1.6573444604873657,-0.03374365717172623,-1.772183694640019,0.13234148299698834,-0.06688269668509822
19.837904250001884,-0.11043531447649002,0.16004008054733276,-0.04519249498844147,0.2495272159576416,-1.420225977897644,-0.0180913545191288,-1.787863314365977,0.1322446496028919,-0.06498590672541754
19.847958250000374,-0.14963258802890778,0.08504027128219604,-0.031256213784217834,0.5144171714782715,-1.2984836101531982,-0.02670055441558361,-1.8019153148620832,0.1315840835565523,-0.06127358122845797
19.858013249999203,-0.20101025700569153,0.17860817909240723,0.03201103210449219,0.8966864943504333,-1.2898560762405396,-0.08804820477962494,-1.8158004354748518,0.13047461314142617,-0.05424543136907454
19.868068250005308,-0.21610024571418762,0.1904790997505188,0.02951967716217041,0.793683648109436,-1.2658412456512451,-0.19270670413970947,-1.8298667782514944,0.1296151619632608,-0.04511868150930143
19.8781222500038,-0.1277894824743271,0.02856624126434326,0.074409618973732,0.3029354214668274,-1.2479288578033447,-0.22712017595767975,-1.8432542902062927,0.13015004395581464,-0.03909170680864553
19.888177250002627,-0.07918017357587814,0.06089121103286743,0.19968639314174652,-0.02164209820330143,-1.3204421997070312,-0.2850298285484314,-1.856335981006438,0.13242173698597498,-0.03728271055250127
19.898232250001456,-0.03609871864318848,0.282414972782135,0.1166677325963974,0.059240590780973434,-1.3369959592819214,-0.3292897939682007,-1.8699199157463984,0.13526079620058148,-0.03626493379723883
19.908286249999946,-0.048656098544597626,0.2391500473022461,0.11404156684875488,0.22878114879131317,-1.2218952178955078,-0.42632898688316345,-1.8831684817725658,0.13842685994692527,-0.0337923033926309
19.918341249998775,-0.042767345905303955,0.11134111881256104,0.14864349365234375,0.3015199303627014,-1.0871862173080444,-0.4589540362358093,-1.895339656072923,0.14181743936432878,-0.02977732846267208
19.92839625000488,-0.004323601722717285,0.10472017526626587,0.14107821881771088,0.3240417540073395,-0.9291651248931885,-0.47908565402030945,-1.9061166024561833,0.1452864042495221,-0.025203256506730057
19.93845025000337,0.034279175102710724,0.09285259246826172,0.1725665181875229,0.3737609386444092,-0.8139826059341431,-0.4603980481624603,-1.9155807042161686,0.14855443865633017,-0.02023438041021044
19.9485052500022,0.04548145830631256,0.019920706748962402,0.16461242735385895,0.38947412371635437,-0.7563068270683289,-0.48656705021858215,-1.9242413059414094,0.1516806005488672,-0.014896419360981862
19.958560250001028,0.057740747928619385,-0.021769344806671143,0.15215110778808594,0.3344787657260895,-0.7633338570594788,-0.5343100428581238,-1.9326499221612705,0.15519228190361353,-0.009635573073274641
19.96861424999952,0.04937707632780075,-0.0054686665534973145,0.13908077776432037,0.32396435737609863,-0.7989072799682617,-0.5362735986709595,-1.9412984607171968,0.15904061310966322,-0.0045127514695751806
19.978669250005623,0.042328931391239166,-0.04195183515548706,0.07680129259824753,0.28630632162094116,-0.8207852840423584,-0.5480430126190186,-1.9502309509849922,0.1630123209717073,0.00040373779387112806
19.988724250004452,0.05847364664077759,-0.11296367645263672,0.036317095160484314,0.11045060306787491,-0.8268322348594666,-0.5740631222724915,-1.959198416196667,0.167438513547993,0.004580874556917847
19.998778250002943,0.0811224952340126,-0.20345211029052734,0.07087503373622894,-0.13743722438812256,-0.8620187044143677,-0.5637556314468384,-1.9680029685576277,0.17283246018428453,0.006622180605745998
20.00883325000177,0.09636826813220978,-0.24248641729354858,0.011993154883384705,-0.18416425585746765,-0.9478036761283875,-0.4970492720603943,-1.9771060945799277,0.1784867649257196,0.007031822336624485
20.0188882500006,0.10779015719890594,-0.1652781367301941,-0.06276249885559082,-0.019921252503991127,-1.0076518058776855,-0.41532304883003235,-1.987178524934379,0.1830556077072132,0.007934734171137684
20.02894324999943,0.11528564989566803,-0.2267041802406311,-0.026259303092956543,0.07142969965934753,-1.0251325368881226,-0.30792495608329773,-1.997757741706116,0.18627812772581356,0.009817140490830887
20.038997250005195,0.12240646779537201,-0.3389882445335388,-0.024764880537986755,0.15720324218273163,-1.0672807693481445,-0.17654187977313995,-2.0086471645064092,0.18804591784610036,0.011748272756958682
20.049052250004024,0.08348703384399414,-0.33599090576171875,-0.04170060157775879,0.2025504857301712,-1.1288796663284302,-0.10001514106988907,-2.0201084796863227,0.18846459430052362,0.014207082408575222
20.059107250002853,0.061254650354385376,-0.32411885261535645,-0.11984919011592865,0.13446228206157684,-1.2017641067504883,-0.021319342777132988,-2.032187945783313,0.18813460007149926,0.01609134452766382
20.069161250001343,0.016949236392974854,-0.340644896030426,-0.11405647546052933,-0.17208006978034973,-1.235653042793274,-0.020694565027952194,-2.0444725761951545,0.18839207146922068,0.016094151208629476
20.079216250000172,0.0027968883514404297,-0.2855150103569031,-0.08502042293548584,-0.5473124384880066,-1.2297002077102661,-0.03368692845106125,-2.056313549704022,0.1902469431135809,0.012911982846572122
20.089271249999,0.05393710732460022,-0.12248718738555908,-0.15702760219573975,-0.7765810489654541,-1.2336337566375732,-0.06969127058982849,-2.0675761170059377,0.19384701811052382,0.0070960694807242364
20.099325250004767,0.1734723597764969,0.059148967266082764,-0.12866127490997314,-0.8820620179176331,-1.2972257137298584,-0.05123614892363548,-2.0788322497775007,0.1984844712420578,-0.00014312653089929456
20.109380250003596,0.2745007276535034,0.12477004528045654,-0.14183032512664795,-0.761775553226471,-1.4514394998550415,-0.008087614551186562,-2.0912438284816126,0.20287459865112756,-0.007430390541295452
20.119435250002425,0.29685497283935547,0.09341728687286377,-0.17894184589385986,-0.4694513976573944,-1.5232855081558228,0.0033687453251332045,-2.105189781393251,0.20602408283995693,-0.012927420342557098
20.129489250000915,0.24968063831329346,0.04269397258758545,-0.0776766687631607,-0.11916128545999527,-1.4806768894195557,0.058853309601545334,-2.119753766060644,0.20733923835524476,-0.015679158616916086
20.139544249999744,0.17524245381355286,0.05762672424316406,0.06686960160732269,0.24758923053741455,-1.3608981370925903,0.14857028424739838,-2.1341521669320644,0.20607177421384676,-0.01561855792049729
20.149599249998573,0.10694334656000137,0.04368185997009277,-0.023981943726539612,0.4808134436607361,-1.1720608472824097,0.22164157032966614,-2.1472878416903156,0.20247915766655086,-0.013493728358984507
20.15965325000434,0.055021703243255615,-0.079922616481781,-0.016909882426261902,0.5068590044975281,-1.0490666627883911,0.1744299679994583,-2.159031992877128,0.1978895184517334,-0.010222076085474286
20.16970825000317,0.024002715945243835,-0.08652055263519287,0.05440950393676758,0.23394332826137543,-1.0512417554855347,0.1542099267244339,-2.1699719455203046,0.19442726050676212,-0.007961571300578852
20.179763250001997,0.015103772282600403,-0.032673537731170654,0.035666704177856445,0.09190177172422409,-1.0579440593719482,0.09316680580377579,-2.1807138461874276,0.19245921853660147,-0.0073645797566942815
20.189817250000488,0.026080355048179626,-0.014213204383850098,0.12109850347042084,-0.04031218960881233,-1.0602418184280396,0.05132322385907173,-2.19132160863056,0.1917658284980438,-0.007566476590317138
20.199872249999316,0.05622149258852005,0.025153934955596924,0.16737328469753265,-0.2562861740589142,-1.1361407041549683,0.0573275052011013,-2.2019622849202114,0.19219278999177303,-0.009024984883493068
20.20992725000542,0.08223679661750793,0.06613653898239136,0.04546557366847992,-0.3755393326282501,-1.3366472721099854,0.09490177780389786,-2.2137504521849123,0.19355416345376386,-0.01223661448613021
20.21998125000391,0.005104631185531616,0.0032276511192321777,-0.06095707416534424,-0.3056969940662384,-1.5107769966125488,0.07848981022834778,-2.2275035824472846,0.19491193764994466,-0.015570259183273448
20.23003625000274,-0.09688328951597214,0.023645341396331787,-0.021569252014160156,-0.23736347258090973,-1.532945156097412,0.03939007595181465,-2.2424130199406673,0.19613401951091416,-0.018109024148360475
20.24009125000157,-0.13193614780902863,0.014708101749420166,0.09287416934967041,-0.15804573893547058,-1.4571566581726074,0.064865343272686,-2.2571068886897003,0.19697054670854755,-0.019987431509590734
20.25014525000006,-0.12919805943965912,-0.011861920356750488,0.20255494117736816,-0.10820282250642776,-1.2763144969940186,0.11401185393333435,-2.27055958107732,0.1971225838112222,-0.021582076776271986
20.26020024999889,-0.1074378564953804,-0.00032192468643188477,0.1250636726617813,-0.04335862398147583,-1.1171672344207764,0.11418923735618591,-2.2823288186747566,0.19671449307815994,-0.023028165055602824
20.270255250004993,-0.1329013705253601,0.016869187355041504,0.21793651580810547,-0.08393560349941254,-1.0514187812805176,0.09271590411663055,-2.292922506062022,0.19627340937744614,-0.024060726624508068
20.280309250003484,-0.14327296614646912,0.10295557975769043,0.07214400172233582,-0.19155558943748474,-1.0459576845169067,0.0593683123588562,-2.3031699071709575,0.19657087149291355,-0.02563788896167155
20.290364250002312,-0.13583727180957794,0.08683228492736816,-0.014768928289413452,-0.28192785382270813,-1.0381250381469727,-0.025146571919322014,-2.313250950703928,0.19810257072422907,-0.027638603759660072
20.30041925000114,-0.11599859595298767,0.14610803127288818,-0.019502416253089905,-0.13877005875110626,-1.0267996788024902,-0.08090128749608994,-2.323369570038554,0.200086362740141,-0.028892441263701378
20.31047424999997,-0.061801061034202576,0.2087397575378418,0.05169175565242767,0.03858581930398941,-0.995060920715332,-0.10880029201507568,-2.333606989457377,0.2011581398182724,-0.028645025986755314
20.32052824999846,-0.018167994916439056,0.08638209104537964,0.16650722920894623,0.12048055231571198,-0.9428117275238037,-0.07483132928609848,-2.3436857660762933,0.20113929192356916,-0.027216731350099783
20.330583250004565,-0.008367806673049927,0.03954190015792847,0.3174724578857422,0.21397961676120758,-0.7737859487533569,0.013178419321775436,-2.352667603145244,0.20028826509309902,-0.025819667588117642
20.340638250003394,0.008668065071105957,0.034237802028656006,0.35458338260650635,0.42170676589012146,-0.49465349316596985,0.11998841166496277,-2.3594609654567145,0.19755922644484455,-0.02402810379543064
20.350692250001885,0.04317221790552139,0.12417149543762207,0.4044673442840576,0.7206414937973022,-0.1597902923822403,0.20278368890285492,-2.363343127062026,0.19237308818922247,-0.021144329840860062
20.360747250000713,0.05919000133872032,0.12522107362747192,0.5403358936309814,0.9740283489227295,0.16566450893878937,0.25314539670944214,-2.3641141876720266,0.1846390692287888,-0.01667982309353505
20.370802249999542,0.0759754478931427,0.0966690182685852,0.6579492092132568,1.0609863996505737,0.5054039359092712,0.2697635293006897,-2.361714267345379,0.17538969331549487,-0.011253216312764167
20.38085625000531,0.06812094151973724,0.006968379020690918,0.7478460073471069,0.9519093632698059,0.7443230748176575,0.18948476016521454,-2.356284107024782,0.16647008315427866,-0.0055945512421527385
20.390911250004137,0.05593717470765114,-0.06826472282409668,0.7248131036758423,0.6819132566452026,0.8203323483467102,0.11579722911119461,-2.349141237398944,0.15956844268955767,-0.0007979465583904601
20.400966250002966,-0.016158588230609894,-0.13363319635391235,0.564316987991333,0.5103108286857605,0.824586033821106,0.060866579413414,-2.341429112825954,0.15485170530408165,0.002830665036001389
20.411020250001457,-0.12391555309295654,-0.2353147268295288,0.43506181240081787,0.42041605710983276,0.8189055323600769,0.07331153005361557,-2.3336440672769485,0.1511703234398141,0.005805536331151515
20.421075250000285,-0.18659153580665588,-0.26917725801467896,0.298136830329895,0.37164145708084106,0.8543904423713684,0.14358225464820862,-2.3255472066745546,0.14769744665847048,0.007895946179330256
20.431130249999114,-0.19537165760993958,-0.2610206604003906,0.23245537281036377,0.3840424418449402,0.8851843476295471,0.17328102886676788,-2.317016807255627,0.14393220243452212,0.009647462064933983
20.44118425000488,-0.1753336638212204,-0.22007900476455688,0.27427423000335693,0.25791504979133606,0.8750400543212891,0.15278242528438568,-2.3083033641688324,0.14040482186618072,0.010978769374727982
20.45123925000371,-0.13117510080337524,-0.19633322954177856,0.36751580238342285,0.0516766794025898,0.8120541572570801,0.19568781554698944,-2.2998179047123513,0.13811375973532955,0.010898039269366236
20.46129425000254,-0.08965606987476349,-0.045664846897125244,0.3168680667877197,0.136513352394104,0.8644201755523682,0.24803750216960907,-2.2913974534459363,0.13599795220054905,0.009919501327835383
20.47134825000103,-0.04066590964794159,0.20001745223999023,0.214461550116539,0.5468431115150452,1.0436817407608032,0.23352007567882538,-2.2818902009407336,0.13200866651554183,0.010777205726469122
20.481403249999858,-0.006278123706579208,0.3015751838684082,0.19542239606380463,0.9344168305397034,1.2108532190322876,0.10588771849870682,-2.271077636931478,0.1257060572811545,0.015458756114227713
20.491458249998686,0.0036822818219661713,0.15222442150115967,0.26258230209350586,1.07021963596344,1.3015259504318237,0.07078086584806442,-2.2592972382038297,0.11869932122630782,0.022757785599437797
20.50151325000479,-0.02314383164048195,0.10273009538650513,0.24931085109710693,1.355975866317749,1.4452804327011108,0.04563838243484497,-2.2465808350465712,0.11058611432207487,0.031916897980782656
20.51156725000328,-0.06047627702355385,0.1579221487045288,0.3284180164337158,1.4597663879394531,1.7692116498947144,-0.07154309749603271,-2.2316605648544887,0.1017441718785442,0.04345406673286624
20.52162225000211,-0.02261519432067871,-0.04054898023605347,0.5450109243392944,1.2325422763824463,2.0445213317871094,-0.06764476746320724,-2.213482631821704,0.09403503069021951,0.054831784539543224
20.53167725000094,0.040381018072366714,-0.11836475133895874,0.6508640050888062,1.0460408926010132,2.2677125930786133,-0.04511761665344238,-2.192748116515023,0.08771778705502692,0.06440067821848355
20.54173124999943,0.08301609009504318,-0.03521835803985596,0.3913367986679077,0.755264937877655,2.5775866508483887,-0.07111252099275589,-2.1690784449657765,0.08292868130445495,0.07221182924486638
20.551786250005534,0.13843801617622375,-0.05697298049926758,0.2356351613998413,0.3335781395435333,2.696570634841919,-0.06298881024122238,-2.142768710196297,0.08064229067229105,0.07712122985986981
20.561841250004363,0.09463950991630554,-0.20298510789871216,0.12880241870880127,0.3991716504096985,2.545307159423828,-0.010610267519950867,-2.1165156264106155,0.07916422327066225,0.08020164836432576
20.571895500004757,0.036439210176467896,-0.08439826965332031,0.03961789608001709,0.6412348747253418,2.4848222732543945,0.07819630205631256,-2.0916951366592262,0.07619908212293121,0.0844457443551177
20.581950500003586,0.02567256987094879,-0.021151423454284668,0.08459436893463135,0.6532673835754395,2.497673273086548,0.10918505489826202,-2.067052924048857,0.07212420509570805,0.0899452584156792
20.592005500002415,0.05907551944255829,-0.1992538571357727,0.26142507791519165,0.6830812096595764,2.4739222526550293,0.14272916316986084,-2.0423073035498116,0.06789396077731015,0.09515292483826905
20.602059500000905,0.06369265913963318,-0.12952977418899536,0.3151283860206604,0.6851439476013184,2.518049478530884,0.09851761162281036,-2.0177030058217076,0.06364750967536949,0.10065520172404525
20.612114499999734,0.1134384274482727,0.08621060848236084,0.12383913993835449,0.6420127153396606,2.638522148132324,0.047589175403118134,-1.9921334227195984,0.060126149686430666,0.10648882787066648
20.622169499998563,0.1321229636669159,0.048972904682159424,0.10739583522081375,0.8637270927429199,2.64128041267395,-0.10832276195287704,-1.965890364554285,0.057397647457094414,0.11344088011816378
20.63222350000433,0.12131637334823608,0.15774446725845337,0.14399468898773193,1.0565185546875,2.6913094520568848,-0.18924717605113983,-1.9397119357055188,0.05515423052985529,0.12308790579903395
20.642278500003158,0.09989267587661743,0.272564172744751,0.14215558767318726,0.9801158905029297,2.8637328147888184,-0.3188610374927521,-1.9124388796729102,0.0538693891778015,0.13372090507841974
20.652333500001987,0.10690014809370041,0.061475396156311035,0.319009006023407,0.5420682430267334,3.026460886001587,-0.38246768712997437,-1.8833813540222524,0.05478259774080372,0.14212254557308593
20.662387500000477,0.11574237048625946,-0.04119378328323364,0.5199012160301208,0.2930625081062317,3.177776575088501,-0.43448543548583984,-1.8525735387367313,0.05753034488131196,0.1470805584729714
20.672442499999306,0.05490291118621826,0.09854722023010254,0.6743291020393372,0.4965013861656189,3.5787322521209717,-0.44256147742271423,-1.8190362420995543,0.06089051923021284,0.15177902307402022
20.68249750000541,0.0282694473862648,0.2365763783454895,0.7866200804710388,0.9949613213539124,4.092119216918945,-0.461925208568573,-1.7810633255150006,0.06353337331498272,0.16030295730994426
20.6925515000039,0.07905012369155884,0.22351288795471191,0.8581820726394653,1.5456894636154175,4.63832426071167,-0.5855206251144409,-1.7379078078147916,0.06624368552104881,0.17356972153488218
20.70260650000273,0.1937963217496872,0.2788321375846863,0.6152843236923218,1.99053955078125,4.783405780792236,-0.6530856490135193,-1.691727406372451,0.06971334422191246,0.1921496247135475
20.71266150000156,0.35663825273513794,0.535204291343689,0.5381535887718201,1.9435092210769653,4.683387756347656,-0.6031755805015564,-1.6453025058381214,0.07422540406695735,0.21251412414854706
20.72271550000005,0.30193111300468445,0.1692081093788147,0.3135087490081787,1.431844711303711,4.428609371185303,-0.8175169229507446,-1.60077788999906,0.08047174605508743,0.23110615446650554
20.732770499998878,0.1813642382621765,-0.5235162377357483,0.2835530638694763,0.379875123500824,4.244015216827393,-0.9384145736694336,-1.5578555478128,0.08908305172518516,0.24035514038077127
20.742825500004983,0.10696090757846832,-0.5450055003166199,0.4093049168586731,-0.7070960402488708,4.06135892868042,-1.0906256437301636,-1.516080493802612,0.09941234774242602,0.23793116390048433
20.752879500003473,0.014169968664646149,-0.0730365514755249,0.4364996552467346,-0.9809150695800781,4.238337993621826,-1.0524245500564575,-1.473486829020857,0.10957839287764747,0.2281644409147701
20.762934500002302,0.03798002004623413,0.1899999976158142,0.23839688301086426,-0.3133620619773865,4.4501953125,-0.9329495429992676,-1.428853742872966,0.1185749312362231,0.21995848753907335
20.77298950000113,0.1036929190158844,0.2892875075340271,0.2797582745552063,0.2215767204761505,4.683602809906006,-0.8746867775917053,-1.3827421416537127,0.12768960903326637,0.21847616539816792
20.78304449999996,0.10461390763521194,-0.006413578987121582,0.41645383834838867,0.41365867853164673,4.923116207122803,-0.8795502781867981,-1.334650077278733,0.13675143807413398,0.21982737900330915
20.793098500005726,0.19408878684043884,-0.11315321922302246,0.31869786977767944,0.29110240936279297,5.069805145263672,-0.8648006319999695,-1.2845766516985826,0.14596864502153073,0.2210852642282706
20.803153500004555,0.33167511224746704,0.04231613874435425,0.1655915528535843,-0.028577281162142754,5.076418399810791,-0.9567005634307861,-1.233197537867164,0.1552738865250462,0.21962173484133482
20.813208500003384,0.4286649227142334,-0.08398610353469849,0.11422115564346313,-0.36122047901153564,4.872640609741211,-0.9969756007194519,-1.1821857007967795,0.1637052231130661,0.2139899357732473
20.823262500001874,0.45308029651641846,-0.12685716152191162,-0.18406176567077637,-0.3927590548992157,4.5417327880859375,-1.0383423566818237,-1.1334800892478072,0.1713892005044897,0.20612922496617242
20.833317500000703,0.4226607084274292,0.028661489486694336,-0.28320807218551636,-0.265193372964859,4.238463401794434,-1.0969202518463135,-1.0880250685101582,0.1795798131363161,0.19829816777952952
20.843372499999532,0.3851451873779297,-0.04754209518432617,-0.31468141078948975,-0.43515312671661377,3.884882926940918,-1.0823158025741577,-1.0456735867016587,0.1877951861273856,0.189986071628205
20.8534265000053,0.34921181201934814,-0.26042425632476807,-0.3830946683883667,-0.693806529045105,3.5073182582855225,-1.0771538019180298,-1.0064460882057193,0.1942361209934918,0.17932862937548452
20.863481500004127,0.3000291585922241,-0.1845606565475464,-0.3523269295692444,-0.8594176173210144,3.231551170349121,-1.058750867843628,-0.9702546594845539,0.1988720089223262,0.16670051957185655
20.873536500002956,0.22744077444076538,-0.06826364994049072,-0.3190404176712036,-0.8224934339523315,3.085352659225464,-0.9515392780303955,-0.9358335371965131,0.20217921682811849,0.15346910010306603
20.883590500001446,0.2823699116706848,0.010408580303192139,-0.36983633041381836,-0.622387707233429,2.901710271835327,-0.8618488311767578,-0.9034114807364781,0.20499841028637567,0.14197187529665503
20.893645500000275,0.3375619649887085,0.14548087120056152,-0.3597090244293213,-0.4343014359474182,2.7098817825317383,-0.8437665104866028,-0.87319964181803,0.20827461274168207,0.13223449067122914
20.903700499999104,0.3691479563713074,0.19402474164962769,-0.4317494034767151,-0.3121774196624756,2.498325824737549,-0.904229998588562,-0.8451660030277985,0.21246087371216013,0.12348587148575262
20.91375450000487,0.40559595823287964,0.20743894577026367,-0.4427067041397095,-0.2878457307815552,2.2483179569244385,-0.9913204312324524,-0.8194014542777633,0.2175256012343743,0.11471398814958297
20.9238095000037,0.3900822401046753,0.11884129047393799,-0.38167428970336914,-0.4837936460971832,1.958530068397522,-1.0903140306472778,-0.7959671261433583,0.22249405080261261,0.10444841384515065
20.933864500002528,0.35394883155822754,0.005670309066772461,-0.37480807304382324,-0.6865653991699219,1.6701701879501343,-1.141428828239441,-0.7749647359033912,0.22624426252334875,0.0920131961271042
20.94391850000102,0.2616184949874878,0.03463500738143921,-0.3127155900001526,-0.7074308395385742,1.4555174112319946,-1.134738802909851,-0.7562540984030806,0.22909090214456884,0.07838010187988145
20.953973499999847,0.21051518619060516,0.13462787866592407,-0.25189369916915894,-0.5962662696838379,1.3762050867080688,-1.0059552192687988,-0.7392092230177013,0.23162634091146264,0.06561842836043401
20.964028499998676,0.26616472005844116,0.11768215894699097,-0.19936394691467285,-0.48755553364753723,1.3516172170639038,-0.8596561551094055,-0.7230181918215743,0.23381400276276512,0.05474447008975189
20.974082500004442,0.3096540570259094,0.06943154335021973,-0.0892927497625351,-0.4078806936740875,1.3261704444885254,-0.7943458557128906,-0.7073949123944406,0.23590295550671583,0.04533348262624269
20.98413750000327,0.31270360946655273,0.07460230588912964,-0.015357375144958496,-0.40369775891304016,1.3295127153396606,-0.786709725856781,-0.6919860704423114,0.23792390478921016,0.036390404680091505
20.9941925000021,0.30852580070495605,0.06099522113800049,0.046062588691711426,-0.451753705739975,1.3444405794143677,-0.7989038228988647,-0.6763921852854281,0.23964437621580634,0.02724593962635062
21.00424750000093,0.2724907398223877,0.02830636501312256,0.09085781872272491,-0.5127883553504944,1.4036790132522583,-0.8320385217666626,-0.6603001543632487,0.24090829615999687,0.017523880929068158
21.01430149999942,0.2020445615053177,-0.028478682041168213,0.16676874458789825,-0.6007832288742065,1.4940049648284912,-0.8817248940467834,-0.6432314490989329,0.24166413448674542,0.0069096810376958785
21.024356500005524,0.11542485654354095,-0.1004059910774231,0.22529113292694092,-0.6451407074928284,1.6168848276138306,-0.863015353679657,-0.6249366165656668,0.24181854529121533,-0.0042548392013207325
21.034411500004353,0.025285422801971436,-0.09513181447982788,0.25554192066192627,-0.5288500189781189,1.775702953338623,-0.783067524433136,-0.6053544399610743,0.24166765629713227,-0.014859586797888354
21.044465500002843,-0.0018293112516403198,-0.024153053760528564,0.18298669159412384,-0.30536729097366333,1.9160937070846558,-0.6658352017402649,-0.5846691519048273,0.24225945804393653,-0.023517845409500568
21.054520500001672,0.0543505996465683,-0.010200917720794678,0.10115857422351837,-0.17724686861038208,1.9733489751815796,-0.5367262363433838,-0.5634990620688957,0.24364525823845454,-0.030076977184804243
21.0645755000005,0.17579525709152222,-0.04495126008987427,-0.019921526312828064,-0.23265136778354645,1.8686550855636597,-0.45017504692077637,-0.5427612862157117,0.24451334327030322,-0.03543254780961248
21.07462949999899,0.23316939175128937,-0.05191957950592041,-0.09115223586559296,-0.36069244146347046,1.6510686874389648,-0.46236804127693176,-0.5236929840319426,0.2442757915345906,-0.041013174247167744
21.084684500005096,0.20707690715789795,-0.03602319955825806,-0.12128286063671112,-0.5046876072883606,1.469102382659912,-0.4848502576351166,-0.5064705726232713,0.24283247561270732,-0.04750291610547653
21.094739500003925,0.1593640297651291,-0.07234221696853638,-0.12006503343582153,-0.5978510975837708,1.3259364366531372,-0.4961196780204773,-0.49069145384099117,0.24028191055262535,-0.054719327591876116
21.104793500002415,0.13575558364391327,-0.08767539262771606,-0.09111088514328003,-0.6732474565505981,1.2142841815948486,-0.5042169094085693,-0.4761193230506154,0.2369596675410173,-0.062399277135269535
21.114848500001244,0.10817806422710419,-0.07714337110519409,-0.04965472221374512,-0.6797993779182434,1.1271886825561523,-0.46340212225914,-0.46258021644723357,0.2330376314189847,-0.07009560518994576
21.124903500000073,0.07100743055343628,-0.0571286678314209,-0.03172558546066284,-0.604610800743103,1.1006736755371094,-0.390835702419281,-0.44986128883767246,0.2291023482480982,-0.07700200290137586
21.134957499998563,0.07969242334365845,0.007531344890594482,-0.05734102427959442,-0.49673280119895935,1.095608115196228,-0.299382746219635,-0.4375219502625471,0.22564543692891428,-0.08266463066901258
21.14501250000467,0.1296122819185257,0.03436058759689331,-0.05929248034954071,-0.4064622223377228,1.0631769895553589,-0.2162800431251526,-0.4256592351198967,0.22260387848107033,-0.0870223894086773
21.155067500003497,0.15181420743465424,0.011934936046600342,-0.08396171033382416,-0.3894427716732025,0.9980027675628662,-0.16377370059490204,-0.41454962912372517,0.21978416545918716,-0.09040122853401275
21.165121500001987,0.16749216616153717,0.005912125110626221,-0.09424048662185669,-0.45946386456489563,0.938064694404602,-0.17254990339279175,-0.4040930953124872,0.21655946184915884,-0.09368626234917402
21.175176500000816,0.1836714893579483,0.02090609073638916,-0.12220460176467896,-0.5395663976669312,0.8706917762756348,-0.1701706349849701,-0.39422381644824406,0.21259061102494356,-0.09731574772307983
21.185231499999645,0.17605936527252197,0.04594045877456665,-0.12754464149475098,-0.5520938038825989,0.8207381963729858,-0.18609225749969482,-0.38494453359683606,0.2081250220693975,-0.10116907312095343
21.19528550000541,0.13285483419895172,0.07280659675598145,-0.08354580402374268,-0.5072999596595764,0.8236804604530334,-0.18136994540691376,-0.37592412847479684,0.20385146920542702,-0.10496744046138083
21.20534050000424,0.0783102810382843,0.05578356981277466,-0.046999864280223846,-0.4230507016181946,0.8534940481185913,-0.15478482842445374,-0.3668292802789221,0.20010096465408808,-0.10833719875210612
21.21539550000307,0.041565194725990295,0.013740360736846924,-0.040518105030059814,-0.35809752345085144,0.8853582143783569,-0.11829819530248642,-0.3575408498739395,0.19693095911838254,-0.1110659082744918
21.225450500001898,0.019656985998153687,-0.003424406051635742,-0.049317196011543274,-0.29169923067092896,0.91666179895401,-0.08362815529108047,-0.348072041372078,0.1942139024038338,-0.11318367899072249
21.23550450000039,0.007880404591560364,-0.014562904834747314,-0.05332052707672119,-0.271295428276062,0.953647792339325,-0.04435930773615837,-0.33835769227364815,0.19178752821686082,-0.1147674436594802
21.245559499999217,0.008204340934753418,-0.031821489334106445,-0.02704983949661255,-0.24639900028705597,0.975140392780304,-0.008787599392235279,-0.3284474878268241,0.18943141332309352,-0.11588409665539225
21.255614500005322,0.011554881930351257,-0.009823501110076904,-0.015507221221923828,-0.24007931351661682,0.9760815501213074,0.023759158328175545,-0.31848081332239636,0.18706622313774682,-0.11660565230364009
21.265668500003812,0.012219130992889404,-0.014988958835601807,-0.018478140234947205,-0.2116166055202484,0.9560330510139465,0.02541889250278473,-0.30866666330655657,0.18484877220449206,-0.11705331978992628
21.27572350000264,0.010656982660293579,-0.0178678035736084,-0.005138196051120758,-0.2628531754016876,0.9279585480690002,0.02302710898220539,-0.29912100199510044,0.18254469664916523,-0.11754127452659278
21.28577850000147,-0.003071829676628113,-0.03144770860671997,-0.011407732963562012,-0.288522332906723,0.8917410373687744,0.013706124387681484,-0.28984177071800166,0.17981427980850984,-0.11819328941771462
21.29583249999996,-0.02817031741142273,-0.0024095773696899414,0.00040931999683380127,-0.28564053773880005,0.8896272778511047,-0.010828246362507343,-0.2807698119169929,0.17704141321855882,-0.11901069280557097
21.30588749999879,-0.059678658843040466,0.00845181941986084,0.04316629469394684,-0.2708783745765686,0.9086523652076721,-0.020774992182850838,-0.27157330293870885,0.17440537577789827,-0.11997909471483367
21.315942500004894,-0.07101665437221527,-0.01248157024383545,0.06338180601596832,-0.2637733519077301,0.9269424080848694,-0.017021266743540764,-0.26220459287111186,0.17184971187275846,-0.12086074891383088
21.325996500003384,-0.07690492272377014,-0.0018340349197387695,0.08260589838027954,-0.22688539326190948,0.9830151200294495,-0.028857767581939697,-0.2524853921382668,0.16951200409577738,-0.12174364285518063
21.336051500002213,-0.05796109139919281,0.0290224552154541,0.10301351547241211,-0.22144988179206848,1.0178884267807007,-0.0374390073120594,-0.242230264787825,0.1674567676721052,-0.12264187671953504
21.346106500001042,-0.020795956254005432,0.014671087265014648,0.08310019969940186,-0.23630912601947784,1.0086681842803955,-0.03836384415626526,-0.23187511276194067,0.1652936148456672,-0.1235400381414528
21.356160499999532,-0.005697533488273621,0.017895281314849854,0.05861343443393707,-0.2265760749578476,1.0022156238555908,-0.05557611957192421,-0.22161773407180235,0.1631548131138949,-0.12453916901459633
21.366215500005637,0.0011673122644424438,0.020997583866119385,0.04799885302782059,-0.22866693139076233,1.0131633281707764,-0.06199577450752258,-0.211304186343166,0.16107583338461162,-0.12562541018316298
21.376270500004466,0.01314331591129303,-0.009937882423400879,0.04419106990098953,-0.26573652029037476,1.0080031156539917,-0.07324016839265823,-0.2009836277468824,0.15883144044919617,-0.12683339595185364
21.386324500002956,0.030924424529075623,-0.0066686272621154785,0.02346218377351761,-0.3136950433254242,1.0071189403533936,-0.08318258076906204,-0.1906459167084568,0.15609896254147584,-0.12818021973594243
21.396379500001785,0.039930760860443115,0.009515464305877686,0.02875719964504242,-0.30806857347488403,1.0280811786651611,-0.07823655754327774,-0.1801865504464784,0.15314693990882922,-0.12958848291727978
21.406434500000614,0.05510444939136505,0.03328144550323486,0.02683156728744507,-0.30725911259651184,1.0438541173934937,-0.05573201924562454,-0.16957086935071083,0.1502689757992607,-0.1308018781466519
21.416488499999105,0.08482249081134796,0.050295472145080566,0.011631608009338379,-0.2781297266483307,1.0453920364379883,-0.04123696684837341,-0.1589110171024311,0.1474086647045679,-0.13175777010110315
21.42654350000521,0.09967778623104095,0.06526875495910645,-0.004778742790222168,-0.24740590155124664,1.034711480140686,-0.03263809531927109,-0.14833933091270254,0.14489702884346584,-0.13253401707750734
21.436598500004038,0.10940755903720856,0.05641186237335205,-0.003751039505004883,-0.25982552766799927,1.019818902015686,-0.024970857426524162,-0.13788815407416113,0.14240992175496467,-0.13320206464147213
21.44665250000253,0.10936801135540009,0.029742300510406494,-0.01990063488483429,-0.2534826695919037,0.9909305572509766,-0.034286994487047195,-0.12767721427596165,0.13988398529569057,-0.1338326802507348
21.456707500001357,0.11281554400920868,0.06790941953659058,-0.04204024374485016,-0.22857624292373657,0.9712069630622864,-0.03863300755620003,-0.1177299676649294,0.13749723707566275,-0.13450824008641227
21.466762500000186,0.10298411548137665,0.0602603554725647,-0.043132588267326355,-0.19401057064533234,0.9532848000526428,-0.03725910559296608,-0.10795368980938236,0.1354190408866655,-0.1351489120635751
21.476817499999015,0.10088551044464111,0.024081289768218994,-0.039202980697155,-0.2009023129940033,0.9223524332046509,-0.026645880192518234,-0.09841520863646432,0.13349489473769813,-0.1356943357587069
21.48687150000478,0.10325263440608978,0.00511401891708374,-0.04326516389846802,-0.19571225345134735,0.8787258863449097,-0.017853187397122383,-0.089312780992346,0.13151340634741243,-0.1360990220475223
21.49692650000361,0.09176899492740631,-0.0007321834564208984,-0.05172663927078247,-0.16658499836921692,0.8434888124465942,-0.0036255144514143467,-0.08061535655890867,0.12971500310963127,-0.13637090984460679
21.50698150000244,0.08261825144290924,-0.016955792903900146,-0.05043584108352661,-0.15725554525852203,0.8118103742599487,0.018824322149157524,-0.07228701563861856,0.12810865090008772,-0.13643369281606277
21.51703550000093,0.08375564217567444,-0.04025459289550781,-0.04553043842315674,-0.18847444653511047,0.7771040201187134,0.038023848086595535,-0.0643044189395928,0.12637389295123405,-0.13627397973382613
21.52709049999976,0.08701379597187042,-0.03358560800552368,-0.05333596467971802,-0.21556630730628967,0.7335335612297058,0.045575160533189774,-0.05677051336325929,0.12429458153883875,-0.13598068239913857
21.537145499998587,0.08066070079803467,-0.010860264301300049,-0.07580064237117767,-0.16530074179172516,0.689361572265625,0.04512641578912735,-0.04966299339235084,0.1223033989937551,-0.1356389777561694
21.547199500004353,0.08694703876972198,0.03095102310180664,-0.08537419140338898,-0.08708462119102478,0.6545770764350891,0.06926310062408447,-0.042969378976258805,0.12100850498253775,-0.13512084932879997
21.557254500003182,0.09449130296707153,0.03680908679962158,-0.07880151271820068,0.023503674194216728,0.5894478559494019,0.09659378975629807,-0.036794510886761216,0.12066399510072624,-0.1342969493089678
21.567309250000108,0.09355975687503815,0.021512866020202637,-0.07144122570753098,0.07778239995241165,0.5309005379676819,0.11267105489969254,-0.03130652949148517,0.12116075251282414,-0.13321791421268941
21.577363249998598,0.0823916643857956,0.0004915595054626465,-0.06025324761867523,0.0810445100069046,0.4731900691986084,0.11162922531366348,-0.026386439130607366,0.12190733176218534,-0.1320565144009477
21.587418250004703,0.07493601739406586,-0.016795039176940918,-0.04818146675825119,0.040702056139707565,0.4376710057258606,0.1080966517329216,-0.021922540233585117,0.12254160156195218,-0.130929104722595
21.59747325000353,0.07385340332984924,-0.028344929218292236,-0.04183375835418701,-0.01213159505277872,0.39851853251457214,0.11209245771169662,-0.017868675843831065,0.1227054100024231,-0.12981771563259592
21.607527250002022,0.07826972007751465,-0.00841367244720459,-0.08711695671081543,-0.01766147091984749,0.35599687695503235,0.11206129193305969,-0.014234205733216085,0.12245260550239306,-0.12870913633999218
21.61758225000085,0.09300488233566284,0.036539554595947266,-0.1304730772972107,0.07566288113594055,0.29951709508895874,0.08891575783491135,-0.011038540609974314,0.12264704499264076,-0.12764687050509052
21.62763724999968,0.12034599483013153,0.054017841815948486,-0.14404630661010742,0.08304210007190704,0.22010737657546997,0.1229795441031456,-0.00862760208918222,0.12351939074788487,-0.1266234395317756
21.637691250005446,0.1106809675693512,0.006572842597961426,-0.18288162350654602,0.1103203296661377,0.11719004064798355,0.11311226338148117,-0.0071310189477478345,0.12458972004487144,-0.12532805209791942
21.647746250004275,0.13830570876598358,0.025485336780548096,-0.21213144063949585,0.1456223428249359,0.0016417440492659807,0.1422540843486786,-0.0066857262775217455,0.125838610352711,-0.123976763810911
21.657801250003104,0.12985669076442719,0.04741102457046509,-0.21256083250045776,0.17162758111953735,-0.0954030454158783,0.10962237417697906,-0.007334907172324802,0.12737705411457592,-0.12271592900532463
21.667855250001594,0.10330246388912201,0.04155677556991577,-0.1564427614212036,0.19571928679943085,-0.17985787987709045,0.10031342506408691,-0.008886967369978776,0.129230883690907,-0.12160219694035514
21.677910250000423,0.08450156450271606,0.030219733715057373,-0.10691319406032562,0.15107512474060059,-0.2318638116121292,0.10129746049642563,-0.011110223331997368,0.1309665620705516,-0.12059443137553431
21.68796524999925,0.07847598195075989,0.02194797992706299,-0.06750160455703735,0.12269781529903412,-0.2729470729827881,0.09068156778812408,-0.01379847819493759,0.1323000499159566,-0.11956542339454326
21.698020250005357,0.06552769243717194,0.04133319854736328,-0.04586724936962128,0.13610044121742249,-0.29190823435783386,0.06515330821275711,-0.016760201267677712,0.1335799441421754,-0.11876802897091046
21.708074250003847,0.0721590518951416,0.06288427114486694,-0.06169723719358444,0.1831590235233307,-0.30501580238342285,0.058135613799095154,-0.019861953007064927,0.13512009085181165,-0.11811638720059496
21.718129250002676,0.08659785985946655,0.068814218044281,-0.07683371752500534,0.23257237672805786,-0.33559128642082214,0.05527777597308159,-0.023176304142938208,0.13725364104547313,-0.11749026739980827
21.728184250001505,0.10635620355606079,0.05842304229736328,-0.08756691217422485,0.25336819887161255,-0.3691079616546631,0.06469151377677917,-0.026798480383645778,0.13973059071850774,-0.11679936258458037
21.738238249999995,0.1232111006975174,0.032220423221588135,-0.10319890081882477,0.25861862301826477,-0.41622060537338257,0.07445492595434189,-0.03082115679830588,0.142274103818758,-0.1160056067310017
21.748293249998824,0.13296028971672058,0.017606139183044434,-0.1270868331193924,0.27408280968666077,-0.48142385482788086,0.07312068343162537,-0.03544380976993833,0.144877008700274,-0.11516805125675089
21.75834825000493,0.13285794854164124,0.010846853256225586,-0.165327250957489,0.33590587973594666,-0.5529741644859314,0.0705731138586998,-0.04077225590897766,0.14789576492111084,-0.11430205872357072
21.76840225000342,0.1336311548948288,0.0011554956436157227,-0.2183273881673813,0.4461618661880493,-0.6487016677856445,0.05859801918268204,-0.046911434067937276,0.1517834012101171,-0.11347086266300742
21.778457250002248,0.15813690423965454,0.013010025024414062,-0.2574058175086975,0.5175542831420898,-0.7854270339012146,0.09103985130786896,-0.05428664989492505,0.15650937118338218,-0.11248668627649205
21.788512250001077,0.17405958473682404,-0.00028264522552490234,-0.2839632034301758,0.5120015740394592,-0.9204292893409729,0.14884163439273834,-0.06311795597131742,0.16161156206086855,-0.11096149818948423
21.798566249999567,0.2005814164876938,-0.023001253604888916,-0.28135907649993896,0.47470322251319885,-1.0811643600463867,0.18581269681453705,-0.07348756895712606,0.16652281748809553,-0.10893179799943148
21.80862125000567,0.24793468415737152,-0.024390876293182373,-0.2790997624397278,0.34579458832740784,-1.2768588066101074,0.24249130487442017,-0.08574030687510037,0.1704809034043785,-0.10642743948220271
21.8186762500045,0.2655143737792969,-0.028750121593475342,-0.2586987614631653,0.17066991329193115,-1.4597792625427246,0.2678017318248749,-0.09998911642798207,0.17286516964080936,-0.10358673326696818
21.82873025000299,0.2516304552555084,-0.04809778928756714,-0.2771339416503906,0.05844346061348915,-1.625990867614746,0.3294486105442047,-0.11606379911897038,0.17361119339818495,-0.10046228917723589
21.83878525000182,0.25314271450042725,-0.024360597133636475,-0.31988245248794556,0.055271636694669724,-1.775056004524231,0.40087005496025085,-0.133830588118771,0.1736640478630969,-0.09668763655561002
21.84884025000065,0.2474617213010788,0.01822870969772339,-0.28394049406051636,0.22457775473594666,-1.8908942937850952,0.4867917001247406,-0.153099497889934,0.17430917266560692,-0.0920664753135362
21.85889424999914,0.21425125002861023,0.007323563098907471,-0.263569712638855,0.5041428208351135,-1.9872286319732666,0.6157464385032654,-0.17366094144203592,0.17699466766481273,-0.08593505884023657
21.868949250005244,0.21278369426727295,-0.061753273010253906,-0.2996557950973511,0.6837893724441528,-2.056912422180176,0.7048977613449097,-0.19535346903248685,0.18171213771458755,-0.07814827002344582
21.879004250004073,0.23890334367752075,-0.11913269758224487,-0.2371518462896347,0.7481593489646912,-2.1098921298980713,0.7772398591041565,-0.21798584490787598,0.18737798017260637,-0.06914945038006344
21.889058250002563,0.24924379587173462,-0.06265497207641602,-0.11236916482448578,0.5819420218467712,-2.1406798362731934,0.8301922082901001,-0.24113009783297645,0.19210933864476595,-0.05956792811443618
21.899113250001392,0.2625882923603058,0.01129603385925293,-0.0646207332611084,0.36054202914237976,-2.1757638454437256,0.8259806632995605,-0.2646474087422751,0.1945754865562443,-0.050077790542548566
21.90916825000022,0.27607855200767517,0.07012391090393066,-0.032278552651405334,0.16335242986679077,-2.2256946563720703,0.7397048473358154,-0.28841627222159744,0.1949239126943458,-0.041602346323583894
21.91922324999905,0.2599758505821228,0.16937333345413208,0.013996005058288574,0.07644549757242203,-2.2683675289154053,0.610316812992096,-0.31235185745201877,0.19398284143328287,-0.03464944691327441
21.929277250004816,0.21118132770061493,0.2611048221588135,0.03486622869968414,0.14288243651390076,-2.279812812805176,0.48359164595603943,-0.3363156314325336,0.19322188605256174,-0.029025183374009843
21.939332250003645,0.15126924216747284,0.298214852809906,0.010609164834022522,0.2824968099594116,-2.204521656036377,0.40359827876091003,-0.35986480376294633,0.19370756027033784,-0.024026352558765365
21.949387250002474,0.10631945729255676,0.23163723945617676,0.048437491059303284,0.37281665205955505,-2.1065847873687744,0.36742115020751953,-0.38246134589294417,0.19542360924219268,-0.01911306564002494
21.959441250000964,0.06159964203834534,0.107005774974823,0.11333312094211578,0.4521104097366333,-2.0417683124542236,0.35656529664993286,-0.4042746454827882,0.19783219781999525,-0.014057570714885434
21.969496249999793,0.04655039310455322,0.05934721231460571,0.11381112039089203,0.519761323928833,-2.0150959491729736,0.354244589805603,-0.4257131555572792,0.20089087010608386,-0.008687238625321517
21.97955124999862,0.05198262631893158,0.07440245151519775,0.07591426372528076,0.6270193457603455,-2.020087480545044,0.37128937244415283,-0.4471711686940604,0.20455540684369589,-0.0028530636920711125
21.989605250004388,0.04613831639289856,0.05365568399429321,0.038430094718933105,0.7368893027305603,-2.0643272399902344,0.38341182470321655,-0.46901323697685693,0.20906043866653876,0.0037703658717785755
21.999660250003217,0.029804319143295288,-0.02614372968673706,0.03593945503234863,0.7528360486030579,-2.1657979488372803,0.37402257323265076,-0.49172036521104046,0.21405481898680712,0.010862736818320933
22.009715250002046,0.04524269700050354,-0.03789156675338745,-0.0008988380432128906,0.5567477941513062,-2.298502206802368,0.3399599492549896,-0.5155889510621309,0.21817979807664023,0.01742068439132528
22.019769250000536,0.06989555060863495,-0.045813679695129395,-0.036400794982910156,0.344990074634552,-2.424426555633545,0.2825115919113159,-0.5404943768842179,0.2205497882080039,0.02258979306946917
22.029824249999365,0.10315437614917755,6.61015510559082e-05,-0.06032945215702057,0.19461460411548615,-2.536616086959839,0.2302161306142807,-0.5662411375232496,0.22147059055314883,0.026267238581107757
22.03987925000547,0.12754149734973907,0.07830417156219482,-0.06611646711826324,0.1676650196313858,-2.6308884620666504,0.17441678047180176,-0.5928106040909332,0.2218515596348207,0.029042074349065323
22.04993325000396,0.15304329991340637,0.13519108295440674,-0.047979071736335754,0.1883697211742401,-2.7061760425567627,0.14124666154384613,-0.6202149907370889,0.22240188595984847,0.031404270244551
22.05998825000279,0.2012794315814972,0.1515052318572998,-0.00021469593048095703,0.2995297908782959,-2.7410454750061035,0.1369592398405075,-0.6481667630974507,0.22355046887568736,0.03404845402578595
22.070043250001618,0.2730710506439209,0.17908668518066406,0.03885580599308014,0.3749881684780121,-2.837625503540039,0.11930035054683685,-0.6768896524608159,0.22549332712394765,0.0373191088354239
22.080097250000108,0.3513166904449463,0.18280845880508423,0.010021686553955078,0.30118104815483093,-3.001434326171875,0.09375797212123871,-0.7069218733040381,0.22744634056146631,0.040424954173125485
22.090152249998937,0.3813384771347046,0.15288299322128296,-0.022437095642089844,0.24383728206157684,-3.1601483821868896,0.043159645050764084,-0.7384629142038341,0.22904824648120956,0.04284228345008563
22.10020725000504,0.3772937059402466,0.1544508934020996,-0.005158841609954834,0.11931347101926804,-3.267892599105835,0.0037632393650710583,-0.7711804045531833,0.23031518024257397,0.044392281132537535
22.110261250003532,0.35278767347335815,0.12257575988769531,0.043748557567596436,-0.12654311954975128,-3.319932460784912,-0.04849754273891449,-0.804305832340959,0.23051612531044857,0.04426664829051678
22.12031625000236,0.3036888837814331,0.001997232437133789,0.097861647605896,-0.38354164361953735,-3.333984851837158,-0.0777805969119072,-0.8372348806381172,0.22918938832743274,0.04180967388630679
22.13037125000119,0.24383026361465454,-0.04921221733093262,0.14441479742527008,-0.42239147424697876,-3.28633189201355,-0.07936660945415497,-0.8697046877227849,0.22703051353406892,0.03800906956655034
22.14042524999968,0.19765201210975647,0.029326677322387695,0.14985346794128418,-0.27909743785858154,-3.146726131439209,-0.037127550691366196,-0.9013663718049756,0.22515860122142506,0.034711861521845376
22.15048024999851,0.1587381511926651,0.031624555587768555,0.15839265286922455,-0.02043142542243004,-2.9549522399902344,0.029450466856360435,-0.9317728208544179,0.22429941566554804,0.03348670588160426
22.160535250004614,0.14261595904827118,-0.05949050188064575,0.18677908182144165,0.18104229867458344,-2.8017711639404297,0.10778122395277023,-0.9609481432368289,0.22422288519424666,0.03459270051496816
22.170590250003443,0.12974077463150024,-0.10526371002197266,0.15642821788787842,0.23406539857387543,-2.640078544616699,0.19652137160301208,-0.9889365852534535,0.2241859713241769,0.03735237963538886
22.180644250001933,0.11983099579811096,-0.13391298055648804,0.13156431913375854,0.2134527862071991,-2.497912645339966,0.27754324674606323,-1.0154443100771229,0.22339836290258927,0.04065620066129718
22.190699250000762,0.11120358109474182,-0.1217086911201477,0.11597353219985962,0.20669373869895935,-2.3921635150909424,0.35161834955215454,-1.040770072251587,0.2217370731443586,0.04424360742286592
22.20075424999959,0.10200557112693787,-0.0198286771774292,0.131541907787323,0.23773527145385742,-2.3400168418884277,0.35816627740859985,-1.0653954305797089,0.21972816334247955,0.04809644353833537
22.210808250005357,0.10274964570999146,0.04530632495880127,0.1048622876405716,0.22227168083190918,-2.3245677947998047,0.3126128911972046,-1.0896175590984665,0.21784103044522338,0.051890781975314625
22.220863250004186,0.1089356392621994,0.05889385938644409,0.10525190830230713,0.17988774180412292,-2.377617359161377,0.22237619757652283,-1.1139133954144103,0.2163432554262762,0.05501330503899081
22.230918250003015,0.08943156898021698,0.1021546721458435,0.14579468965530396,0.18702292442321777,-2.437004327774048,0.13701269030570984,-1.1386831143643172,0.2154927369869781,0.05752235911138414
22.240972250001505,0.05492371320724487,0.12852901220321655,0.13677579164505005,0.2380208522081375,-2.4529290199279785,0.0859479084610939,-1.1638282582197645,0.2153114534516568,0.05996205654855345
22.251027250000334,0.03292377293109894,0.1095280647277832,0.11662530899047852,0.3126121461391449,-2.4256482124328613,0.03449225798249245,-1.1889885387399715,0.21580748034405656,0.0628108874515086
22.261082249999163,0.009238556027412415,0.086952805519104,0.1773698925971985,0.3285011053085327,-2.3692331314086914,-0.033342450857162476,-1.2137995119171279,0.21699468112122686,0.06599729167354362
22.27113625000493,-0.006135150790214539,0.05844086408615112,0.2372455596923828,0.23775987327098846,-2.2877025604248047,-0.06595037877559662,-1.2378026813120624,0.21842786984629523,0.06856250598008666
22.281191250003758,-0.02159060537815094,0.008695662021636963,0.32051724195480347,0.11817674338817596,-2.193425178527832,-0.10520324110984802,-1.2606514329282261,0.21980465127426052,0.07000262372690302
22.291246250002587,-0.0452437549829483,0.00800412893295288,0.4324846863746643,0.06768187880516052,-2.089468240737915,-0.10214167088270187,-1.2823343923745285,0.22109444286719016,0.07056522343942145
22.301300250001077,-0.07808820903301239,0.03804755210876465,0.47080302238464355,0.15569935739040375,-1.9352253675460815,-0.0677189826965332,-1.302748212799855,0.22217036702286255,0.07127419827131576
22.311355249999906,-0.10580986738204956,0.00028210878372192383,0.45598745346069336,0.284688264131546,-1.7510710954666138,-0.08665147423744202,-1.3217474162979745,0.2234919028445723,0.07335455448356329
22.321410249998735,-0.09913691878318787,-0.051896631717681885,0.420837938785553,0.3286575675010681,-1.5761480331420898,-0.07992219924926758,-1.3390724139368368,0.2250662267586453,0.07624399121987369
22.3314642500045,-0.06628036499023438,-0.04198724031448364,0.34456974267959595,0.39292842149734497,-1.4552185535430908,-0.04774852469563484,-1.3550417672147925,0.22648870789861825,0.07965136294795172
22.34151925000333,-0.07185864448547363,-0.04564589262008667,0.2969859838485718,0.3996715247631073,-1.365168809890747,-0.06192613020539284,-1.3700887332685403,0.2278591788394025,0.08365659096433864
22.35157425000216,-0.09838837385177612,-0.14673757553100586,0.29247212409973145,0.25215867161750793,-1.2899521589279175,-0.06058032810688019,-1.3841970922918136,0.2291193322423591,0.08696343790812658
22.36162825000065,-0.09735025465488434,-0.22705572843551636,0.26097190380096436,-0.002004614332690835,-1.2232868671417236,-0.011304393410682678,-1.397087310080244,0.22972533123550126,0.08818938254723667
22.371683249999478,-0.06235186755657196,-0.2251477837562561,0.2532117962837219,-0.11324356496334076,-1.1849445104599,0.034682728350162506,-1.4090068087424064,0.22944666633666058,0.08746246070129932
22.381738250005583,-0.047728464007377625,-0.1457819938659668,0.23423051834106445,-0.007089165970683098,-1.2181190252304077,0.11024726182222366,-1.42094771714072,0.2286722609349038,0.0869197386146611
22.391792250004073,-0.039943188428878784,-0.09790438413619995,0.052505973726511,0.10759937763214111,-1.212361216545105,0.16148900985717773,-1.4333723576688675,0.22736223115420937,0.0877531789461929
22.401847250002902,-0.013834282755851746,-0.1609840989112854,-0.06177157163619995,0.10704410821199417,-1.281692624092102,0.19719401001930237,-1.4461464279946619,0.22571612246439915,0.0891551899670761
22.41190225000173,0.0029213279485702515,-0.1884365677833557,-0.04284881800413132,-0.06290138512849808,-1.4667818546295166,0.18094459176063538,-1.4600099259896242,0.22384234851422985,0.08971699533066727
22.42195725000056,0.003943711519241333,-0.13424605131149292,-0.06609714031219482,-0.2286573350429535,-1.6372101306915283,0.17262674868106842,-1.4753397105351218,0.221907533801629,0.08837006961600098
22.43201124999905,0.001169443130493164,-0.06630772352218628,-0.11864215135574341,-0.3136669397354126,-1.732200026512146,0.16814832389354706,-1.491747787110733,0.2199303491343516,0.08564190848561397
22.442066250005155,-0.0003534257411956787,-0.06451809406280518,-0.0570296086370945,-0.3461913466453552,-1.7574478387832642,0.11881539225578308,-1.5085936638033324,0.21829895915650568,0.08245338213045161
22.452121250003984,0.025273099541664124,-0.0712730884552002,0.02593141607940197,-0.4496086537837982,-1.7241687774658203,0.15759317576885223,-1.5252510870767135,0.21673296573326944,0.07845362257782541
22.462175250002474,0.04895584285259247,-0.10309720039367676,0.023510275408625603,-0.48356691002845764,-1.644866704940796,0.19953078031539917,-1.5411892183874467,0.21473732360349546,0.07363222810700801
22.472230250001303,0.08102542161941528,-0.10527300834655762,0.06905585527420044,-0.4493825435638428,-1.5262869596481323,0.26247429847717285,-1.5561649701219111,0.2123050959482584,0.0688542919673866
22.482285250000132,0.12009835243225098,-0.08463245630264282,0.1083899736404419,-0.37128132581710815,-1.4023083448410034,0.3311108648777008,-1.569988605889,0.2092911780472403,0.06465077339576589
22.492339249998622,0.16689930856227875,-0.07141125202178955,0.12310028076171875,-0.25782063603401184,-1.3603711128234863,0.44251778721809387,-1.5831516962331962,0.20543422607679926,0.06131487057685689
22.502394250004727,0.16073067486286163,-0.07905697822570801,0.1445215940475464,-0.0667143240571022,-1.3142038583755493,0.5263346433639526,-1.596281748150758,0.2005661337436657,0.05956744289474677
22.512449250003556,0.1330723762512207,-0.13958638906478882,0.16135740280151367,0.029943285509943962,-1.2250614166259766,0.6254326105117798,-1.6090132326981044,0.19479358727710683,0.059256291429019704
22.522503250002046,0.1088123470544815,-0.2114667296409607,0.1406083106994629,0.10756005346775055,-1.1279125213623047,0.6992788910865784,-1.6209064635606631,0.18808951444200503,0.059640731106701574
22.532558250000875,0.10110674798488617,-0.20649278163909912,0.1068798303604126,0.12220335751771927,-1.0868605375289917,0.7277525067329407,-1.6321633692555315,0.1807521607231492,0.060536210833795116
22.542613249999704,0.09173068404197693,-0.1922559142112732,0.08360493183135986,-0.0207801666110754,-1.059428334236145,0.7749519348144531,-1.6429811236067944,0.17324831829030912,0.060559074751511496
22.55266725000547,0.0976218730211258,-0.28733450174331665,-0.007113456726074219,-0.14616630971431732,-1.05506432056427,0.8084542751312256,-1.6533462816494358,0.16531391267639112,0.05908994910932453
22.5627222500043,0.09709975123405457,-0.24576079845428467,-0.00415194034576416,-0.30596238374710083,-1.0699079036712646,0.8328804969787598,-1.663561373630276,0.15732964020094975,0.056083523136823576
22.57277779166907,0.10709689557552338,-0.182905912399292,-0.00536954402923584,-0.3176652789115906,-1.1478815078735352,0.868755042552948,-1.6739467212833448,0.14911744359105156,0.05192562780099334
22.58283179166756,0.11327826976776123,-0.10496306419372559,0.0107494555413723,-0.24414685368537903,-1.3319767713546753,0.8681681156158447,-1.6858441038615999,0.14075671685884103,0.048146700198832694
22.592886791666388,0.10014251619577408,0.005392730236053467,-0.017766237258911133,-0.2375333309173584,-1.5042805671691895,0.8452677130699158,-1.6996536338086048,0.13242393149104598,0.044718140774039385
22.602941791665216,0.06923355162143707,0.09229964017868042,-0.04551506042480469,-0.29920122027397156,-1.6398528814315796,0.7464529871940613,-1.7149871802680936,0.12482027386966704,0.04092869669869232
22.612995791670983,0.037576012313365936,0.24128121137619019,-0.020331382751464844,-0.39953237771987915,-1.7423405647277832,0.5679727792739868,-1.7315264434070419,0.11880057856838135,0.036404106925103596
22.62305079166981,0.022829413414001465,0.3319486975669861,-0.021560557186603546,-0.531714916229248,-1.754310131072998,0.37493616342544556,-1.7485054815337728,0.11494510209296589,0.030921573065541913
22.63310579166864,0.0015462711453437805,0.28531527519226074,-0.013643980026245117,-0.6165555119514465,-1.7641886472702026,0.23899967968463898,-1.7654117012566601,0.11302347275149802,0.024607425482118014
22.64316079166747,-0.0425788089632988,0.2845473885536194,-0.018012292683124542,-0.6781381368637085,-1.6852957010269165,0.1274225413799286,-1.782036793938186,0.11254183242235906,0.017788919544103773
22.65321479166596,-0.06628647446632385,0.1759067177772522,-0.0608755424618721,-0.6219362020492554,-1.6090894937515259,0.06085488572716713,-1.7977795274082562,0.11308870408500139,0.011075419785686333
22.663269791672064,-0.10396725684404373,0.18410539627075195,-0.004304997622966766,-0.4500717520713806,-1.5979135036468506,0.012052195146679878,-1.8133297852063193,0.11401577449606165,0.005699847955523956
22.673324791670893,-0.14294099807739258,0.2370660901069641,-0.01970362663269043,-0.21969588100910187,-1.5678789615631104,-0.026269201189279556,-1.8289046429219884,0.11488333798634877,0.0024666242090896034
22.683378791669384,-0.16595220565795898,0.20984786748886108,0.016079194843769073,-0.061735544353723526,-1.4765455722808838,-0.05029783770442009,-1.8441050880261078,0.11564650284678923,0.001253269588135451
22.693433791668213,-0.14877274632453918,0.2354314923286438,0.003664731979370117,0.022668596357107162,-1.3531848192214966,-0.03969257324934006,-1.8583034991114602,0.11614937834536485,0.0012001707866906997
22.70348879166704,-0.09673008322715759,0.20122915506362915,-0.004700414836406708,0.020997462794184685,-1.2636568546295166,-0.05846892297267914,-1.8714689097451818,0.11650487264067103,0.00165634095936734
22.71354279166553,-0.04163949191570282,0.13857156038284302,-0.028602592647075653,-0.10074632614850998,-1.2109627723693848,-0.08930126577615738,-1.8838746413864667,0.11729664627995152,0.0016016294437631458
22.723597791671637,0.002771735191345215,0.07617419958114624,-0.04230213165283203,-0.29803571105003357,-1.1942381858825684,-0.13881555199623108,-1.89573584747716,0.11902466420942033,1.7269129919082013e-05
22.733652791670465,0.018237188458442688,0.058799564838409424,-0.02021775394678116,-0.3576821982860565,-1.2559351921081543,-0.20967048406600952,-1.9076972682833566,0.12180189951904562,-0.002639482474314833
22.743706791668956,0.030412539839744568,0.10141569375991821,-0.03833840787410736,-0.34283801913261414,-1.2765238285064697,-0.22644546627998352,-1.920155378009241,0.12511125145399568,-0.005227155572868381
22.753761791667785,0.024531804025173187,0.011034071445465088,-0.019680500030517578,-0.2826593220233917,-1.2730529308319092,-0.23870094120502472,-1.9327116011608518,0.12840913275891355,-0.007355750849823572
22.763816791666613,0.05216110497713089,-0.12018692493438721,0.014784231781959534,-0.20482178032398224,-1.3166192770004272,-0.21268345415592194,-1.945492081088541,0.1314222303782464,-0.008825130588650098
22.77387079167238,0.07818849384784698,-0.06027424335479736,0.00948595255613327,-0.16754399240016937,-1.396838903427124,-0.17565639317035675,-1.9589750750565909,0.13395846125783584,-0.009934125787476246
22.78392579167121,0.05165337026119232,-0.014490187168121338,-0.006114013493061066,-0.076480932533741,-1.4249954223632812,-0.15905052423477173,-1.9731530758101974,0.13595896795922838,-0.010424304451260163
22.793980791670037,0.02283572405576706,-0.027217090129852295,0.04935157299041748,-0.08112797141075134,-1.3722662925720215,-0.17910784482955933,-1.9872437048375189,0.13779836552270436,-0.01040862111915682
22.804034791668528,0.028627708554267883,-0.017113029956817627,0.14495444297790527,-0.21764960885047913,-1.287929892539978,-0.20494318008422852,-2.0005142856031934,0.1401615659530005,-0.010924667182873823
22.814089791667357,0.049597956240177155,-0.07325607538223267,0.21523891389369965,-0.38055044412612915,-1.2216925621032715,-0.21202266216278076,-2.012865932946447,0.14335886085027097,-0.012809019638567964
22.824144791666185,0.04208602011203766,-0.09340345859527588,0.21428346633911133,-0.34139585494995117,-1.1408538818359375,-0.18832479417324066,-2.0244037235553143,0.14684094520927393,-0.015383947594630864
22.83419879167195,0.041996851563453674,-0.015544891357421875,0.14552032947540283,-0.11164247244596481,-1.0076181888580322,-0.1358931064605713,-2.0350337237242497,0.1493690497974098,-0.016716975567509305
22.84425379167078,0.045359134674072266,-0.0056078433990478516,0.21146129071712494,0.12511494755744934,-0.9034892320632935,-0.06474783271551132,-2.044631194176911,0.15017446576484306,-0.016152944817968678
22.85430879166961,0.05296865850687027,-0.04883885383605957,0.22809801995754242,0.2441471964120865,-0.8410654067993164,-0.0077378880232572556,-2.0536634380816947,0.14959115055947844,-0.01426075673850279
22.8643627916681,0.034867413341999054,-0.05744868516921997,0.24023877084255219,0.29367637634277344,-0.7907625436782837,0.003348851576447487,-2.06224329987999,0.14829969144966132,-0.011775663509643113
22.87441779166693,-0.011974059045314789,-0.03320050239562988,0.2819387912750244,0.1871318370103836,-0.7431545257568359,-0.007675836328417063,-2.0702783029703262,0.14709974052430133,-0.00951026615878847
22.884472791665758,-0.04927877336740494,-0.04696077108383179,0.27357757091522217,-0.0024167830124497414,-0.6517814993858337,-0.05986447259783745,-2.077411516175341,0.1469943593971274,-0.008508623665606282
22.894527791671862,-0.07352159917354584,-0.07018297910690308,0.26165151596069336,-0.14956510066986084,-0.47475942969322205,-0.03840501233935356,-2.0829858806991752,0.14789089750534717,-0.008958279749708828
22.904581791670353,-0.052971623837947845,-0.08973205089569092,0.15532410144805908,-0.09766247123479843,-0.34530264139175415,0.035462021827697754,-2.0868726898027994,0.14847831261861213,-0.010106317785794386
22.91463679166918,-0.03084726631641388,-0.08019053936004639,0.2026066780090332,-0.06169208884239197,-0.2709273099899292,0.11530596017837524,-2.0897825163900023,0.14825697312429245,-0.011171077257129626
22.92469179166801,-0.03643878549337387,-0.13247692584991455,0.16645300388336182,-0.029620440676808357,-0.24058113992214203,0.16285483539104462,-2.092162439548968,0.14726299492476683,-0.012397271330321737
22.9347457916665,-0.06803148984909058,-0.07795661687850952,0.11394773423671722,0.03965352475643158,-0.21233059465885162,0.15692643821239471,-2.0943254900401413,0.1458106189189309,-0.013144096330312294
22.94480079166533,-0.083644337952137,-0.024724483489990234,0.06278285384178162,0.1101394072175026,-0.21577008068561554,0.12716613709926605,-2.0964433889258887,0.14414877236317702,-0.013154963276429522
22.954855791671434,-0.0455043688416481,-0.010777890682220459,0.05351361632347107,-0.04212615638971329,-0.29101622104644775,0.15879204869270325,-2.098861959475636,0.1427434247512001,-0.013557821027008891
22.964909791669925,-0.03455796837806702,-0.020410001277923584,0.05478382110595703,-0.1688004732131958,-0.3693946599960327,0.15998061001300812,-2.1020255104251735,0.14187470844554909,-0.015314091214841043
22.974964791668754,-0.04582284390926361,-0.0749083161354065,0.21471190452575684,-0.4414049983024597,-0.28215456008911133,0.11654568463563919,-2.10491692025028,0.14220576151977302,-0.018587718561698864
22.985019791667582,-0.006696775555610657,-0.04379087686538696,0.309606671333313,-0.49799293279647827,-0.15145619213581085,0.1681087464094162,-2.1063582800201948,0.14354286322062357,-0.023707857800062744
22.995073791666073,0.0031620636582374573,0.13094061613082886,0.3298186957836151,-0.1797899752855301,0.04542131721973419,0.14967294037342072,-2.106454648626318,0.14389925831227748,-0.02760873012094191
23.005128791672178,-0.02303186058998108,0.19355130195617676,0.40037572383880615,0.1173463761806488,0.39467889070510864,0.18908852338790894,-2.104138425221084,0.14263750549807197,-0.028602674917369675
23.015183791671006,-0.001731082797050476,0.06759709119796753,0.3945201635360718,0.40473073720932007,0.7092690467834473,0.22111952304840088,-2.098658737962519,0.13951153550075926,-0.027417819736174798
23.025237791669497,0.03038059175014496,0.07739275693893433,0.3377443552017212,0.7459970116615295,0.9423582553863525,0.21539080142974854,-2.090849235380925,0.13472844426307867,-0.023542909902265357
23.035292791668326,0.025058303028345108,0.1498691439628601,0.2514251470565796,1.0783913135528564,1.1253620386123657,0.17870987951755524,-2.0814130456841418,0.12840607457976358,-0.016403112479484987
23.045347791667155,0.0033094994723796844,0.04163038730621338,0.29568326473236084,1.065632939338684,1.1990880966186523,0.1297396868467331,-2.07070770328352,0.12175465325933074,-0.00744028852423369
23.055401791665645,0.0142032690346241,-0.11968261003494263,0.2875344753265381,0.7978775501251221,1.0864218473434448,0.11820793151855469,-2.06008508473352,0.11619591974893792,0.0002745094672790276
23.06545679167175,-0.004550907760858536,-0.14197230339050293,0.2581292390823364,0.585606038570404,0.9989300966262817,0.08794989436864853,-2.0503366912359082,0.1120582293286351,0.005919547058450521
23.07551179167058,-0.02867037057876587,-0.07210332155227661,0.28248560428619385,0.47566840052604675,1.0472716093063354,0.12347142398357391,-2.0406053746608945,0.10877853480662764,0.010137627529724259
23.08556579166907,-0.05000949278473854,-0.11216878890991211,0.28864192962646484,0.5374315977096558,1.165492296218872,0.18915162980556488,-2.0298747744788637,0.10516120399716992,0.013893866883752909
23.095620791667898,-0.045774467289447784,-0.074459969997406,0.18870270252227783,0.8102444410324097,1.2866237163543701,0.24437914788722992,-2.0180750053315095,0.10022630419268014,0.018956235616416312
23.105675791666727,-0.03843623027205467,0.026591122150421143,0.08908891677856445,1.0257236957550049,1.3543201684951782,0.2241537719964981,-2.005469438488265,0.09406156803315113,0.026411857459730768
23.115730791665555,-0.04055215045809746,0.00544285774230957,0.07997691631317139,0.901586651802063,1.3128976821899414,0.16611476242542267,-1.9927170889925567,0.08813241569640863,0.03469986678184953
23.12578479167132,-0.057511065155267715,-0.06777596473693848,0.08645355701446533,0.5288764834403992,1.2473934888839722,0.08295835554599762,-1.9803190476564385,0.08401689193185692,0.040911365975880305
23.13583979167015,-0.04697107523679733,-0.04695999622344971,0.06367170065641403,0.1264321357011795,1.1854227781295776,-0.03237284719944,-1.9682995154078442,0.08245694755335772,0.04382489823187566
23.14589479166898,-0.0014537684619426727,0.03526413440704346,0.10906946659088135,-0.1497855931520462,1.0689374208450317,-0.11201361566781998,-1.9569484741649477,0.0832547291337443,0.04388182493682304
23.15594879166747,0.0266619473695755,0.11134976148605347,0.05122316628694534,-0.21965904533863068,0.9623339772224426,-0.14750199019908905,-1.9466745486594998,0.08521996459850727,0.04253391390844089
23.1660037916663,0.005781330168247223,0.13879162073135376,0.020363569259643555,-0.17224359512329102,0.9518325924873352,-0.20051541924476624,-1.9370465447664562,0.08757440460603508,0.0413195507341545
23.176058791665128,-0.03707106411457062,0.11969763040542603,0.1014096736907959,-0.15487729012966156,1.0554301738739014,-0.18774698674678802,-1.9269311773660462,0.09000587474370544,0.0404805653914002
23.186112791670894,-0.061870038509368896,0.05461996793746948,0.11239385604858398,-0.10437284409999847,1.2060332298278809,-0.15728601813316345,-1.9155280117073887,0.09210596151021588,0.039795392942384815
23.196167791669723,-0.07437290251255035,0.059988558292388916,0.08980954438447952,0.03737235441803932,1.384140133857727,-0.14166788756847382,-1.9025550875810306,0.09362522686195553,0.039942876247911104
23.20622279166855,-0.08719810098409653,0.09757548570632935,0.12658870220184326,0.09947939962148666,1.583728551864624,-0.15292561054229736,-1.8877323377631918,0.09478364486337486,0.0411256205588047
23.216276791667042,-0.055099472403526306,0.04913455247879028,0.07104706764221191,0.05796271190047264,1.726158857345581,-0.1930985152721405,-1.8711675314403367,0.09614304061059825,0.04244590583983842
23.22633179166587,-0.002315022051334381,0.015596449375152588,0.056742310523986816,-0.05473240837454796,1.7691068649291992,-0.24632790684700012,-1.8536562083194177,0.09827528428326866,0.04303978231704004
23.236386791671976,0.025315001606941223,0.06417977809906006,0.1335160732269287,-0.13706918060779572,1.740362524986267,-0.3275083005428314,-1.836031268742181,0.10132684975447341,0.0428115738400241
23.246440791670466,0.032115161418914795,0.08044475317001343,0.18798315525054932,-0.23218503594398499,1.694618582725525,-0.4219016432762146,-1.8186769356532146,0.10542715483161706,0.04195007777135335
23.256495791669295,0.044197432696819305,0.09313762187957764,0.14826643466949463,-0.3140180706977844,1.651232123374939,-0.5086384415626526,-1.8016882020595164,0.1106881369223431,0.04031305145989706
23.266550791668124,0.046580538153648376,0.10778838396072388,0.061282988637685776,-0.24685820937156677,1.6184872388839722,-0.5545167326927185,-1.7850702121652555,0.11656490521917184,0.038609156385551076
23.276604791666614,0.016552694141864777,0.07592141628265381,0.07951235771179199,-0.21729101240634918,1.6528083086013794,-0.5752651691436768,-1.7685575815862125,0.12260625047863294,0.037551434128697936
23.286659791665443,-0.02028317004442215,-0.06526291370391846,0.11912810802459717,-0.25825148820877075,1.7066428661346436,-0.5775370597839355,-1.7514205344440017,0.12876765707095428,0.03628046745393349
23.296714791671548,-0.004924222826957703,-0.1346433162689209,0.10387170314788818,-0.3402955234050751,1.6786757707595825,-0.5127901434898376,-1.7340707454995357,0.13475224859696203,0.034225722136811985
23.306768791670038,0.005076669156551361,-0.08209937810897827,0.02536630630493164,-0.27152177691459656,1.6267695426940918,-0.4022971987724304,-1.7171276707825156,0.13975547387872855,0.03168084796384002
23.316823791668867,-0.03594373166561127,-0.15895318984985352,-0.012194864451885223,-0.2112257033586502,1.6531102657318115,-0.38314348459243774,-1.7003828698286214,0.1439895563145283,0.02980512956884495
23.326878791667696,-0.051613375544548035,-0.1831682324409485,0.05004597455263138,-0.22691118717193604,1.6779533624649048,-0.3281148672103882,-1.683361366505183,0.14784762317098354,0.028051166860289103
23.336932791666186,-0.03126257658004761,-0.11354589462280273,0.0698249340057373,-0.28904175758361816,1.713141679763794,-0.276987761259079,-1.6659516617088526,0.15117485870826183,0.02575180611950868
23.34698779167229,0.007677510380744934,-0.08203577995300293,0.08396673202514648,-0.29647117853164673,1.7130467891693115,-0.23136381804943085,-1.6483074329802159,0.15393517396635428,0.02290930815693255
23.35704279167112,0.014376223087310791,-0.09324800968170166,0.0709826871752739,-0.23843619227409363,1.7387665510177612,-0.21896418929100037,-1.6305518943749342,0.1563635022652253,0.02031273949808348
23.36709779166995,0.03942956030368805,-0.0179024338722229,0.12275611609220505,-0.21777725219726562,1.775706171989441,-0.17325928807258606,-1.6125001964160361,0.15848687698671543,0.01811408040496449
23.37715179166844,0.07605728507041931,0.06814950704574585,0.15923702716827393,-0.10975855588912964,1.7749264240264893,-0.0626899003982544,-1.5943351637130503,0.1597442068445613,0.016397034790857707
23.387206791667268,0.0644974559545517,-0.0021772384643554688,0.12079131603240967,0.008996060118079185,1.8125941753387451,-0.018447071313858032,-1.5762502974181793,0.16010891590615492,0.015918967610534702
23.397261791666097,0.06344006955623627,-0.028280973434448242,0.06238579750061035,0.0679754912853241,1.9000282287597656,-0.013992348685860634,-1.557676105444603,0.16027367571997547,0.0163329329824761
23.407315791671863,0.07402074337005615,0.028464794158935547,0.08796226978302002,0.11030004918575287,2.01023530960083,-0.007322727702558041,-1.5381616356794954,0.160456162326517,0.017237704720068865
23.41737079167069,0.08632887899875641,0.03485143184661865,0.09853637218475342,0.11739816516637802,2.0917484760284424,-0.008320774883031845,-1.5176979974827656,0.1605688308616757,0.01837476925893915
23.42742579166952,0.09533347189426422,-0.027665555477142334,0.12444925308227539,0.07826248556375504,2.1164262294769287,-0.023954061791300774,-1.4967507379619307,0.16075644559062513,0.019340834280926728
23.43747979166801,0.09892749786376953,-0.03776288032531738,0.15589702129364014,0.01915273629128933,2.1133224964141846,-0.041890453547239304,-1.4754798403500111,0.16121667732798292,0.019746391377647846
23.44753479166684,0.07600241899490356,-0.021087348461151123,0.20360815525054932,0.05140308290719986,2.176133632659912,-0.06784801930189133,-1.453938551504488,0.16178961432267752,0.020001141595447327
23.45758979166567,0.07825171947479248,0.0617029070854187,0.1221163272857666,0.18277455866336823,2.2222869396209717,-0.06188959628343582,-1.4319672084862296,0.16259171882760387,0.021068792482499234
23.467643791671435,0.08255289494991302,0.11627912521362305,0.10876286029815674,0.309267520904541,2.2433249950408936,-0.045109547674655914,-1.4098117218701438,0.1635445572261603,0.02344189133377907
23.477698791670264,0.0709901750087738,0.060998618602752686,0.05219292640686035,0.4231422245502472,2.2231452465057373,-0.014415871351957321,-1.3878897368538632,0.16443640047024682,0.027143893047591343
23.487753791669093,0.04123532772064209,-0.05158865451812744,0.03430593013763428,0.35427236557006836,2.185556411743164,-0.03631184622645378,-1.366421002453723,0.1654197780444733,0.03107373425536937
23.497807791667583,0.004560217261314392,-0.14200395345687866,0.1351257562637329,0.09667549282312393,2.232043743133545,-0.008656278252601624,-1.3445996220566705,0.1661452820921412,0.03325258916586753
23.507862791666412,-0.026019498705863953,-0.1596888303756714,0.18071436882019043,-0.11278319358825684,2.3390605449676514,0.008405528962612152,-1.3216481070849417,0.16609586801646212,0.03301685329696563
23.51791779166524,0.012741297483444214,-0.047239482402801514,0.07211905717849731,-0.024240899831056595,2.4340550899505615,0.04281032085418701,-1.2975229502001207,0.16566679481370714,0.03218154250646789
23.527971791671007,0.08427710831165314,0.0845687985420227,0.023440062999725342,0.18773767352104187,2.5021519660949707,0.08626937866210938,-1.27282061330717,0.16529695525787563,0.03315721131359734
23.538026791669836,0.13244199752807617,0.040186166763305664,0.05090564489364624,0.30916592478752136,2.4655847549438477,0.11966590583324432,-1.2482611619570028,0.16500015227489573,0.03596068634859055
23.548081791668665,0.1272587776184082,-0.05674499273300171,0.08015292882919312,0.3195282816886902,2.33353853225708,0.06712040305137634,-1.2246834006561393,0.1651734916677253,0.0393600482601081
23.558135791667155,0.09518727660179138,-0.020858705043792725,0.08157753944396973,0.19720178842544556,2.2624690532684326,0.018661443144083023,-1.202133835289809,0.1656974535684184,0.042067462933004895
23.568192041668226,0.05344671010971069,0.0023534297943115234,0.09447181224822998,0.05309920758008957,2.3016345500946045,0.0005918939132243395,-1.1794385588256058,0.16599155101187266,0.043216021939700436
23.578247041667055,0.0498601496219635,0.003848850727081299,0.023331817239522934,0.04649505391716957,2.3279078006744385,-0.040072258561849594,-1.1561544815574787,0.16632675955217344,0.04347624547209398
23.588302041665884,0.09172822535037994,0.097606360912323,-0.023694034665822983,0.07422788441181183,2.333773374557495,-0.09320365637540817,-1.1327405736844944,0.1672097109900119,0.04378522368400107
23.59835604167165,0.11508601903915405,0.11533361673355103,0.014491915702819824,0.06278272718191147,2.2983598709106445,-0.09762883931398392,-1.109425856623656,0.16839711557283943,0.04401377639492712
23.60841104167048,0.10835544764995575,0.047387659549713135,0.042236749082803726,0.04040258750319481,2.2588093280792236,-0.13038785755634308,-1.086532770384245,0.1696632931503074,0.043955645142639756
23.618466041669308,0.11139723658561707,0.07539963722229004,-0.035727739334106445,0.08260565996170044,2.2210428714752197,-0.19849300384521484,-1.0639627532642701,0.17133165366657424,0.04360564371456402
23.628520041667798,0.13150882720947266,0.1716090440750122,-0.034470438957214355,0.16965560615062714,2.1883738040924072,-0.27748262882232666,-1.0418132902085642,0.1741011607271635,0.043559931533359714
23.638575041666627,0.1596865952014923,0.15818768739700317,-0.0017546415328979492,0.09955596178770065,2.1023635864257812,-0.3115968704223633,-1.0201684528754213,0.17735844237407836,0.043180719292591464
23.648630041665456,0.14869631826877594,0.044752299785614014,0.023607492446899414,-0.05463014170527458,2.0226316452026367,-0.4034373164176941,-0.9991540966286824,0.18050071701498713,0.04146640004914132
23.658684041671222,0.1146576851606369,0.03660053014755249,0.02388637512922287,-0.22472508251667023,2.018364906311035,-0.5142364501953125,-0.9781937608405238,0.1835951254296949,0.037713126209109334
23.66873904167005,0.1018805205821991,0.06930810213088989,0.027545399963855743,-0.3431883454322815,2.049074411392212,-0.5833364129066467,-0.9567486525372245,0.18652037158015397,0.03199308851633189
23.67879404166888,0.10110528767108917,0.05624198913574219,0.08990336209535599,-0.3709689676761627,2.0795812606811523,-0.5978783965110779,-0.934751932150472,0.18921336618692466,0.02541334633627908
23.68884804166737,0.10056069493293762,0.04901248216629028,0.065290167927742,-0.36532333493232727,2.0874197483062744,-0.6068945527076721,-0.9124869536512421,0.19179902311114264,0.018657748564842334
23.6989030416662,0.14007209241390228,0.0899205207824707,-0.014107346534729004,-0.3363177478313446,2.0560171604156494,-0.6137632727622986,-0.8903841859519026,0.19443274740980687,0.011950936609689641
23.708958041672304,0.1512453258037567,0.07749491930007935,-0.015947334468364716,-0.33446764945983887,1.9835147857666016,-0.6291054487228394,-0.8687712283646244,0.1971056308942451,0.0052589125413165065
23.719012041670794,0.14493870735168457,0.0002506375312805176,-0.03465026617050171,-0.4472080171108246,1.8970564603805542,-0.6545693278312683,-0.8478057366856792,0.19945530241270173,-0.002051554266347659
23.729067041669623,0.1470988243818283,-0.022293925285339355,-0.03875577449798584,-0.5862231254577637,1.8174223899841309,-0.6682278513908386,-0.8274561749876962,0.20090878065931564,-0.010613791085982299
23.739122041668452,0.1474090814590454,0.016885101795196533,-0.003613293170928955,-0.6763299703598022,1.7531132698059082,-0.6463496685028076,-0.807651351592038,0.20136634584650673,-0.0200161404095453
23.749176041666942,0.1430705040693283,0.040496766567230225,0.03674358129501343,-0.7098844647407532,1.7317227125167847,-0.6257663369178772,-0.7882246623415046,0.2010303624897334,-0.029727527727149466
23.75923104166577,0.12003566324710846,0.01303243637084961,0.11368584632873535,-0.7025545835494995,1.7730540037155151,-0.6037620902061462,-0.7687214952989163,0.20029718245649678,-0.03936359623476804
23.769286041671876,0.08573469519615173,-0.004305899143218994,0.20486021041870117,-0.7017311453819275,1.8900514841079712,-0.5620521903038025,-0.7485289747842289,0.19922577245567533,-0.04869197079736859
23.779340041670366,0.07925570011138916,-0.008172869682312012,0.17076921463012695,-0.6257123947143555,2.040299892425537,-0.5358483195304871,-0.7269752372194543,0.19793360580132974,-0.05749991839551934
23.789395041669195,0.12293550372123718,0.03568089008331299,0.10020852088928223,-0.4997323751449585,2.0988242626190186,-0.5344568490982056,-0.7045690407887394,0.19719106779504242,-0.06545009920782927
23.799450041668024,0.16417557001113892,0.0666351318359375,0.08171164989471436,-0.4253792464733124,2.10602068901062,-0.5079138278961182,-0.681993847500389,0.1969803666096185,-0.07263508724128527
23.809504041666514,0.1713080108165741,-0.02833503484725952,0.05397909879684448,-0.4704303443431854,2.0539913177490234,-0.48279860615730286,-0.6597489617771807,0.19660549659545448,-0.07939974091663889
23.819559041665343,0.1577170342206955,-0.08135628700256348,0.055505041033029556,-0.5874051451683044,2.025531530380249,-0.47613781690597534,-0.6378889008278468,0.1952895989183181,-0.0866146812480045
23.829614041671448,0.13910487294197083,-0.047889530658721924,0.07898664474487305,-0.6977049708366394,2.0366485118865967,-0.43493393063545227,-0.615988297057722,0.19272378054267364,-0.0943394219304866
23.839669041670277,0.14775089919567108,-0.022348463535308838,0.10149693489074707,-0.7489315271377563,2.063455581665039,-0.3361130654811859,-0.5939735070299088,0.1889532419740069,-0.10179092457630864
23.849723041668767,0.15402565896511078,-0.04042232036590576,0.1471288800239563,-0.8293281197547913,2.1107242107391357,-0.24596720933914185,-0.5717273515517404,0.18394414920049434,-0.10869446240496185
23.859778041667596,0.15116730332374573,-0.06878417730331421,0.11540096998214722,-0.798102617263794,2.201420783996582,-0.18798880279064178,-0.5488658346293949,0.1780526056719194,-0.11503326614864379
23.869833041666425,0.19898490607738495,0.03538382053375244,-0.03810065612196922,-0.6471464037895203,2.1989948749542236,-0.14511829614639282,-0.5257961385807134,0.17267823647547959,-0.12030803780424582
23.87988704167219,0.25747352838516235,0.10474127531051636,-0.09649240970611572,-0.49214503169059753,2.1352555751800537,-0.10541773587465286,-0.5033165922532229,0.16828662758341467,-0.12428698499554679
23.88994204167102,0.27192676067352295,0.006105780601501465,-0.16106271743774414,-0.43081215023994446,1.9665793180465698,-0.08914075791835785,-0.4821322802865693,0.16470776888751923,-0.1273152433766207
23.89999704166985,0.2672496438026428,-0.032306134700775146,-0.24708080291748047,-0.46140560507774353,1.7678065299987793,-0.08917812258005142,-0.4628900824801101,0.16115886364254328,-0.13019133198003652
23.91005104166834,0.23505447804927826,-0.010201752185821533,-0.29287976026535034,-0.48939117789268494,1.6122936010360718,-0.0909390076994896,-0.44544173503221773,0.15720564413727622,-0.13317719792863378
23.920106041667168,0.19446007907390594,-0.036372482776641846,-0.3183916211128235,-0.5258789658546448,1.4667129516601562,-0.09104564040899277,-0.42950141681654874,0.15297699231313644,-0.1361725066505414
23.930161041665997,0.14982318878173828,-0.05686187744140625,-0.288283109664917,-0.5764087438583374,1.3762919902801514,-0.09740819782018661,-0.4147858962441446,0.14830491928954748,-0.13935332711852938
23.940215041671763,0.10468970239162445,-0.048938870429992676,-0.2211167812347412,-0.5797444581985474,1.3422493934631348,-0.07757467776536942,-0.4006785956730331,0.14328269790325876,-0.14252610896788004
23.950270041670592,0.07590162754058838,-0.03069019317626953,-0.17875933647155762,-0.5059235095977783,1.345141887664795,-0.03609994053840637,-0.3868291841126672,0.13842459630884657,-0.14519079217236142
23.96032504166942,0.05027441680431366,-0.027688801288604736,-0.13429898023605347,-0.3959648609161377,1.3822273015975952,0.009084608405828476,-0.3729303418671295,0.1342180702468917,-0.14703140663065736
23.97037904166791,0.03178766369819641,-0.021851003170013428,-0.11504602432250977,-0.276279479265213,1.4472028017044067,0.04013786464929581,-0.35856308455332603,0.1309852321819216,-0.14801410382431515
23.98043404166674,0.04533734917640686,-0.025901734828948975,-0.09426891803741455,-0.1875782459974289,1.4726296663284302,0.09067046642303467,-0.3437941977393059,0.12858710295245548,-0.14820244854165035
23.99048904166557,0.07836970686912537,-0.04428279399871826,-0.10237699747085571,-0.16690120100975037,1.4346742630004883,0.15893980860710144,-0.32923395586049997,0.12659329291341945,-0.14755868218774498
24.000543041671335,0.09641051292419434,-0.07076859474182129,-0.07531005144119263,-0.2317192107439041,1.3525121212005615,0.17964446544647217,-0.3152713419599947,0.12419131362710172,-0.14658810993956845
24.010598041670164,0.09514841437339783,-0.06267428398132324,-0.07051306962966919,-0.301491379737854,1.2668704986572266,0.19041109085083008,-0.3021933243484264,0.12111311529103683,-0.14558514849046542
24.020653041668993,0.10093456506729126,-0.005167245864868164,-0.058568358421325684,-0.3392152786254883,1.2048097848892212,0.20290300250053406,-0.28990187769407055,0.11744435205329097,-0.14463029330813928
24.030708041667822,0.09745611250400543,0.023470520973205566,-0.029824189841747284,-0.3467656075954437,1.1486908197402954,0.21707288920879364,-0.278221814905802,0.11355805801545467,-0.14356759473457156
24.040762041666312,0.0835050642490387,0.02321183681488037,0.0018944181501865387,-0.3212678134441376,1.1278588771820068,0.2101437896490097,-0.26693693990294604,0.10973403068185918,-0.14241802070966827
24.05081704166514,0.0675521045923233,0.05542886257171631,0.03377759829163551,-0.2900571823120117,1.1210731267929077,0.1978740692138672,-0.2557545516124863,0.10620525237505885,-0.14123438945785524
24.060872041671246,0.07291746139526367,0.08414387702941895,0.04954582825303078,-0.27141785621643066,1.1055387258529663,0.1952824592590332,-0.2446908772775882,0.10303756536370828,-0.14001401150268916
24.070926041669736,0.0735321044921875,0.03532528877258301,0.06731545925140381,-0.31390058994293213,1.0635439157485962,0.1721601039171219,-0.23389176772970777,0.09977463631670139,-0.13891230807111327
24.080981041668565,0.06353971362113953,-0.005142152309417725,0.06341356039047241,-0.4373023211956024,1.0207722187042236,0.15390461683273315,-0.22348117752034977,0.09570817818907419,-0.13818064610575007
24.091036041667394,0.05773651599884033,-0.0014934539794921875,0.03436088562011719,-0.5388398766517639,0.9869479537010193,0.13116522133350372,-0.21345213370832544,0.09062702424804006,-0.1378490118060271
24.101090041665884,0.051562920212745667,0.00892627239227295,0.023371756076812744,-0.5690326690673828,0.9642444849014282,0.12441729754209518,-0.20366663663330725,0.08490298679055581,-0.1377529072849156
24.11114504167199,0.04718130826950073,0.004000067710876465,0.009649630635976791,-0.590824544429779,0.949247419834137,0.12544554471969604,-0.19407893892826483,0.07889202175825591,-0.13768905254128416
24.121200041670818,0.036073461174964905,0.005254387855529785,0.02625858783721924,-0.583556592464447,0.9612360596656799,0.13106052577495575,-0.18452147882785117,0.07284799316933684,-0.13753951079276364
24.131254041669308,0.02651868760585785,0.014711916446685791,0.03899240493774414,-0.5707259774208069,0.9927439093589783,0.13791817426681519,-0.17474429369965486,0.06691387429139793,-0.1372291651764803
24.141309041668137,0.022358760237693787,0.009237825870513916,0.028467893600463867,-0.5829237699508667,1.0297114849090576,0.12842170894145966,-0.1646013637850016,0.06099562055766823,-0.13685268879536677
24.151364041666966,0.03754894435405731,-0.0016363263130187988,0.006876826286315918,-0.6411370038986206,1.031914234161377,0.11849983781576157,-0.15422008303143916,0.05476089554018601,-0.13660780506458187
24.161418041665456,0.06297138333320618,0.01621830463409424,-0.03573346138000488,-0.7249816656112671,0.9814017415046692,0.1043766662478447,-0.14409284561540886,0.04778875718472149,-0.13651404471740644
24.17147304167156,0.07402113080024719,0.037635207176208496,-0.09381431341171265,-0.7773018479347229,0.9032768607139587,0.07446244359016418,-0.13458490333532208,0.04016252728834014,-0.1366893279132285
24.18152804167039,0.0792541652917862,0.06277358531951904,-0.15523827075958252,-0.7648990154266357,0.8017674088478088,0.05482511967420578,-0.12598169416383248,0.03235661495924022,-0.13704553121644647
24.19158204166888,0.0762297511100769,0.09747457504272461,-0.1909956932067871,-0.7081587910652161,0.7052677869796753,0.030955739319324493,-0.11842228126926356,0.02494956142599151,-0.13751120087822905
24.20163704166771,0.06695152819156647,0.1058732271194458,-0.18333673477172852,-0.6360104084014893,0.6114466190338135,0.03137143328785896,-0.11180813163881151,0.01817655361839518,-0.1380118264615955
24.211692041666538,0.05078260600566864,0.08702534437179565,-0.17209720611572266,-0.54294353723526,0.5394952297210693,0.03183375671505928,-0.10604559038021426,0.012260065664951466,-0.1383183591159514
24.221746041672304,0.03171220421791077,0.05547177791595459,-0.1391688585281372,-0.4789087176322937,0.5026938915252686,0.0253800917416811,-0.10083758550427349,0.007135354504523035,-0.13857370836702895
24.231801041671133,0.018028661608695984,0.025268137454986572,-0.10663414001464844,-0.3996434509754181,0.49311986565589905,0.03713341802358627,-0.09584642331842091,0.0026729076027778237,-0.1386929190823321
24.241856041669962,0.01081492006778717,0.04338449239730835,-0.11009979248046875,-0.28525906801223755,0.49704456329345703,0.04417247325181961,-0.09086191490061829,-0.0008082606607046514,-0.13860530656763412
24.25191104166879,0.03480792045593262,0.08373934030532837,-0.14501118659973145,-0.1440867930650711,0.4652829170227051,0.05606641620397568,-0.08597529867913133,-0.002984574326676818,-0.13828777664591807
24.26196504166728,0.06796765327453613,0.09926801919937134,-0.17999815940856934,-0.0212215855717659,0.3937522768974304,0.06301353871822357,-0.0816157263380323,-0.003830322107429328,-0.13774991639205042
24.27202004166611,0.07708504796028137,0.09819352626800537,-0.1929391622543335,0.03205841779708862,0.28640103340148926,0.0498276948928833,-0.07819090979682396,-0.0037968856858702853,-0.13719188379622504
24.282075041672215,0.07693915069103241,0.06979286670684814,-0.1978515386581421,0.037470489740371704,0.17140014469623566,0.03278053551912308,-0.07586846379096099,-0.0034770405136875394,-0.13674184912794268
24.292129041670705,0.08464178442955017,0.07463210821151733,-0.215104341506958,0.04202049970626831,0.048181548714637756,0.009853916242718697,-0.07474633772707175,-0.0031275433537158222,-0.13647490010572563
24.302184041669534,0.08633807301521301,0.09794515371322632,-0.21691584587097168,0.08975926041603088,-0.05681836977601051,-0.025377308949828148,-0.07480946139305454,-0.002482886932729873,-0.13650920031336777
24.312239041668363,0.0698881596326828,0.08499091863632202,-0.17047464847564697,0.14211513102054596,-0.12378089129924774,-0.05024537444114685,-0.0757314144410136,-0.0012779533040785667,-0.1368192704212633
24.322293041666853,0.06743857264518738,0.06838703155517578,-0.14559078216552734,0.18413490056991577,-0.1749376803636551,-0.051082540303468704,-0.07722312791363066,0.00038215885961718094,-0.13720988221888203
24.332348041665682,0.07814936339855194,0.0650290846824646,-0.13215982913970947,0.2828127145767212,-0.23272734880447388,-0.04948386922478676,-0.07928733648986606,0.0027272413277472187,-0.1375485773176315
24.342403041671787,0.08011981844902039,0.08159738779067993,-0.13007605075836182,0.41051429510116577,-0.2807854115962982,-0.04322075471282005,-0.08190199097407204,0.0062439485040161734,-0.13773595493971044
24.352457041670277,0.07064707577228546,0.08131450414657593,-0.12129592895507812,0.5019275546073914,-0.31148046255111694,-0.04161353409290314,-0.08489749469279333,0.010920626997725395,-0.1377691295626304
24.362512041669106,0.06918185949325562,0.02606910467147827,-0.1007227897644043,0.47005268931388855,-0.3409228026866913,-0.04244108870625496,-0.08816591573755769,0.015916700965887168,-0.13776413866611076
24.372567041667935,0.07748240232467651,-0.0395275354385376,-0.08208513259887695,0.3475286364555359,-0.39211833477020264,-0.05464369058609009,-0.09182443689637153,0.020102148979027186,-0.13786997865071038
24.382621041666425,0.09105958044528961,-0.0467337965965271,-0.08575594425201416,0.254440039396286,-0.45917579531669617,-0.06947693973779678,-0.09608296557997172,0.023111383544278843,-0.13823518243762964
24.392676041665254,0.09498319029808044,0.0105208158493042,-0.09531795978546143,0.2548219561576843,-0.5247276425361633,-0.08333362638950348,-0.10101990093896482,0.025705934007036847,-0.13877200429686615
24.40273104167136,0.1058216542005539,0.05730777978897095,-0.13068139553070068,0.28851333260536194,-0.5900267958641052,-0.06729176640510559,-0.10661836858034829,0.02845915264086172,-0.13926273141904735
24.41278504166985,0.11401787400245667,0.03222179412841797,-0.1724681854248047,0.36878126859664917,-0.672829806804657,-0.053818028420209885,-0.11294734279752697,0.0318155812996401,-0.13948936577042945
24.422840041668678,0.11740033328533173,0.04325532913208008,-0.17760539054870605,0.43289515376091003,-0.7644634246826172,-0.059698209166526794,-0.1201746613128273,0.03590109802571533,-0.13958830619924553
24.432895041667507,0.1151636391878128,0.053786516189575195,-0.20059716701507568,0.4407605230808258,-0.8608378767967224,-0.07646946609020233,-0.12834157996769438,0.040446943283609545,-0.13970056869936795
24.442949041665997,0.11963960528373718,0.03560185432434082,-0.20890271663665771,0.3555785119533539,-0.9497712254524231,-0.09434806555509567,-0.1374454080853805,0.04450287048746253,-0.14002026455639893
24.453004041672102,0.10334275662899017,-0.004613816738128662,-0.1906048059463501,0.3267037272453308,-1.017425298690796,-0.1204393208026886,-0.14731286423650033,0.04804618265162057,-0.14058747477948663
24.46305904167093,0.09048765897750854,0.033788442611694336,-0.1871088743209839,0.39259544014930725,-1.072654366493225,-0.13005879521369934,-0.15779420585860526,0.051755232460276565,-0.1413075393235746
24.47311404166976,0.09207835793495178,0.08629685640335083,-0.18628418445587158,0.48882848024368286,-1.1176884174346924,-0.10368311405181885,-0.16878010944630442,0.0562810679817768,-0.14174953190503858
24.48316804166825,0.09683974087238312,0.0837106704711914,-0.1743665337562561,0.6211455464363098,-1.1535353660583496,-0.054334741085767746,-0.18019659856522313,0.06190327744130394,-0.14156294993925395
24.49322304166708,0.08948405086994171,0.0695340633392334,-0.16498953104019165,0.7840417623519897,-1.2030869722366333,-0.02090354450047016,-0.19208461597289936,0.06894045845282243,-0.1405773901504973
24.503278041665908,0.08600087463855743,0.08608794212341309,-0.1511918306350708,0.8664702773094177,-1.246504783630371,-0.01406095176935196,-0.20455389728782072,0.07717306369935766,-0.13912266290810457
24.513332041671674,0.08872340619564056,0.08777433633804321,-0.09906578063964844,0.8963847756385803,-1.2534266710281372,0.010073944926261902,-0.21728151755825792,0.08591896131759927,-0.13726697885049358
24.523387041670503,0.08182084560394287,0.07402986288070679,-0.065463125705719,0.8470956683158875,-1.2452157735824585,0.016551099717617035,-0.23005103065345203,0.09448459612244883,-0.1351448620314134
24.533442041669332,0.06331212818622589,0.040082693099975586,-0.04700738191604614,0.7573314309120178,-1.2199658155441284,-0.019539525732398033,-0.24260465759170957,0.10230096477094645,-0.1332045716800246
24.543496041667822,0.03820733726024628,-0.005501866340637207,-0.026866909116506577,0.6014137864112854,-1.1900888681411743,-0.09485563635826111,-0.25486030501061074,0.10914228424076408,-0.13206556007870027
24.55355104166665,0.042571842670440674,0.0018654465675354004,-0.000680387020111084,0.3997323513031006,-1.130928635597229,-0.11509513109922409,-0.2665409982386611,0.11429604889827832,-0.13181552525322496
24.56360604166548,0.07227808237075806,0.02125173807144165,-0.007854342460632324,0.29837557673454285,-1.1269558668136597,-0.10118008404970169,-0.27781210104756493,0.11785997992439812,-0.13194615344786176
24.573659916670294,0.08431461453437805,0.04093688726425171,-0.029638227075338364,0.33930355310440063,-1.169433832168579,-0.07809873670339584,-0.2893325262257412,0.12107167001092588,-0.13193956982153401
24.583714916669123,0.06856629252433777,0.025183677673339844,-0.034145236015319824,0.5047751665115356,-1.230249047279358,-0.056484922766685486,-0.3014756305833909,0.1253543707404845,-0.13131332414947014
24.593769916667952,0.04310889542102814,-0.002527773380279541,0.006641566753387451,0.6534810066223145,-1.276422142982483,-0.03714664280414581,-0.3142617974921657,0.1310755871797211,-0.12998987942232462
24.603823916666443,0.04785101115703583,-0.02014678716659546,0.0034251809120178223,0.7214284539222717,-1.3293166160583496,0.02567218616604805,-0.3276340294519247,0.13776267392300706,-0.12782218542273335
24.61387891666527,0.058222755789756775,-0.05368518829345703,-0.008358534425497055,0.7532657384872437,-1.374776840209961,0.06989424675703049,-0.34161456481200947,0.14457083443760807,-0.12488129107289078
24.623933916671376,0.06705577671527863,-0.09460669755935669,-0.006929151713848114,0.8122089505195618,-1.4200533628463745,0.1135730966925621,-0.3561774206115589,0.15164130208102924,-0.12129565841466318
24.633987916669867,0.10417504608631134,-0.07574135065078735,0.011958003044128418,0.8223220109939575,-1.4854859113693237,0.19340720772743225,-0.371408297124226,0.15887548796468376,-0.1168238956200894
24.644042916668695,0.14048272371292114,-0.09359937906265259,-0.03613162785768509,0.747102677822113,-1.5883620977401733,0.23640795052051544,-0.3876635937288908,0.16543140430159753,-0.11176385306320999
24.654097916667524,0.14567238092422485,-0.15768957138061523,-0.05517125874757767,0.6064885854721069,-1.7121155261993408,0.19238750636577606,-0.40503672300727495,0.17091696894130648,-0.10702973599468976
24.664151916666015,0.12654763460159302,-0.15485459566116333,-0.02302008867263794,0.4148732125759125,-1.8389614820480347,0.1370626538991928,-0.4234833233543028,0.17494079514305072,-0.10340081342273179
24.67420691667212,0.09285256266593933,-0.10751122236251831,0.031488120555877686,0.18027269840240479,-1.898642897605896,0.11354614049196243,-0.4427097403363356,0.17717953290401198,-0.10099644331081913
24.68426191667095,0.0641041249036789,-0.10233092308044434,0.04544585198163986,0.08818502724170685,-1.9005327224731445,0.12269463390111923,-0.4620945168450365,0.1778153376517159,-0.09937566144258744
24.69431591666944,0.03790925443172455,-0.09964734315872192,0.10211700201034546,0.17937512695789337,-1.8870948553085327,0.1321893334388733,-0.4814499424909959,0.17831911951335658,-0.09762201375260697
24.704370916668267,0.03157305717468262,-0.008053421974182129,0.12190408259630203,0.33933761715888977,-1.8268818855285645,0.16895049810409546,-0.5006536361599665,0.17991633258590473,-0.09507755610963767
24.714425916667096,0.053223684430122375,0.08751142024993896,0.09406089037656784,0.5307645797729492,-1.7498786449432373,0.25989797711372375,-0.5193693670916065,0.18267026517886498,-0.09094801850420726
24.724480916665925,0.05811990797519684,0.028039157390594482,0.08529122173786163,0.6839758157730103,-1.697562575340271,0.2903311550617218,-0.5377278607714646,0.18660666295407186,-0.08534173422348496
24.73453491667169,0.05824936926364899,-0.030789494514465332,0.10481930524110794,0.5864812135696411,-1.6799439191818237,0.2716887593269348,-0.5558144352847332,0.19074866722844822,-0.07938531649764578
24.74458991667052,0.039118871092796326,-0.09690964221954346,0.10864539444446564,0.3029085099697113,-1.6328284740447998,0.203290194272995,-0.5733911750942889,0.1932878704929104,-0.0748293033839355
24.75464491666935,0.025491416454315186,-0.1840376853942871,0.09452158212661743,0.016299646347761154,-1.6057864427566528,0.15907293558120728,-0.5901022172211894,0.19360011758462908,-0.0725185203109171
24.76469891666784,0.0526481568813324,-0.1445721983909607,0.053872473537921906,-0.11189600825309753,-1.6271017789840698,0.19154609739780426,-0.6065928134911007,0.19222269238601825,-0.07133247004415735
24.77475391666667,0.08592197299003601,0.021356523036956787,-0.013420462608337402,-0.15888960659503937,-1.7001162767410278,0.2158873975276947,-0.6235605193110793,0.189855374789208,-0.07038924995686961
24.784808916665497,0.0941784530878067,0.11595654487609863,-0.05474543571472168,-0.146580308675766,-1.7782862186431885,0.18364237248897552,-0.6412026204258666,0.18741462426151714,-0.06965563286389513
24.794862916671264,0.08974577486515045,0.10632514953613281,-0.06802201271057129,-0.09415385127067566,-1.8332985639572144,0.11203423887491226,-0.6594832833397364,0.18553117338875733,-0.0692025523838498
24.804917916670092,0.09866032004356384,0.12183862924575806,-0.056065142154693604,-0.023923804983496666,-1.8860760927200317,0.0527648963034153,-0.6782178629036401,0.18453551123962678,-0.06895394549863178
24.81497291666892,0.1251155436038971,0.19858497381210327,-0.05443620681762695,0.0723010003566742,-1.9456547498703003,-0.005581233650445938,-0.6975463894150988,0.18453321134156236,-0.0685691815672181
24.82502691666741,0.1437404900789261,0.2626209259033203,-0.09017336368560791,0.25581255555152893,-2.019697904586792,-0.057835835963487625,-0.7176563602581499,0.1859318005688404,-0.06775377534188166
24.83508191666624,0.13107062876224518,0.2894831895828247,-0.08156168460845947,0.4536380171775818,-2.0189175605773926,-0.09734649211168289,-0.7383880169688981,0.1892145293026608,-0.0658923690039387
24.845136916672345,0.12869352102279663,0.243524968624115,-0.02318209409713745,0.48457518219947815,-1.9464185237884521,-0.12993237376213074,-0.75882710293779,0.1935316553259423,-0.0633800691842092
24.855190916670836,0.14433468878269196,0.13770294189453125,0.05263811722397804,0.3520706593990326,-1.8909212350845337,-0.18789926171302795,-0.7784717817613294,0.19767229729514835,-0.06151256044292356
24.865245916669664,0.15539108216762543,0.08840435743331909,0.08180707693099976,0.23081323504447937,-1.879561424255371,-0.25563159584999084,-0.7974860079750477,0.20130832757304537,-0.06102688206987996
24.875300916668493,0.14773333072662354,0.1575741171836853,0.04982548952102661,0.22481019794940948,-1.8856546878814697,-0.29120558500289917,-0.8163872820528236,0.20483977647213555,-0.06132690547508588
24.885354916666984,0.11162753403186798,0.18119263648986816,0.0538177490234375,0.28836944699287415,-1.8373609781265259,-0.31614619493484497,-0.8350460456039437,0.20881923145933948,-0.06153615899141735
24.895409916665812,0.08392612636089325,0.12531137466430664,0.03970634564757347,0.35464248061180115,-1.811341404914856,-0.3374573290348053,-0.8534151608474001,0.21340065433212319,-0.06126175795590924
24.905464916671917,0.05302588641643524,0.07761788368225098,0.019419793039560318,0.43634283542633057,-1.8006521463394165,-0.36043238639831543,-0.8717395020690649,0.2186485054303934,-0.06053735509304272
24.915518916670408,0.018916606903076172,0.06672829389572144,0.025334417819976807,0.534946858882904,-1.7623523473739624,-0.3212386667728424,-0.8900054110964912,0.22442963272331995,-0.058920096566234675
24.925573916669236,-0.0023128092288970947,0.060805678367614746,0.044322188943624496,0.5821774005889893,-1.7036511898040771,-0.2757977545261383,-0.9080673292377209,0.23029938465633057,-0.05627077196860907
24.935628916668065,0.004729703068733215,0.017406702041625977,0.07172775268554688,0.5341252088546753,-1.6382734775543213,-0.24344301223754883,-0.9255079524770328,0.23579117478415812,-0.0533229326277192
24.945683916666894,0.013937234878540039,-0.018982231616973877,0.08976125717163086,0.4747583568096161,-1.6323904991149902,-0.2502937614917755,-0.9425429716515085,0.24075398560053238,-0.050606776924414634
24.955737916665385,-0.01734393835067749,-0.012614250183105469,0.11119377613067627,0.4102022647857666,-1.618120551109314,-0.2939017117023468,-0.9594475164411522,0.24556314372525384,-0.04849247462956361
24.96579291667149,-0.062444210052490234,0.005141019821166992,0.1674901843070984,0.34094011783599854,-1.5880908966064453,-0.32509148120880127,-0.9759097511672571,0.25026212054996355,-0.04710585093661027
24.97584791667032,-0.10801243782043457,0.006336390972137451,0.21506398916244507,0.2941577136516571,-1.4981825351715088,-0.33020102977752686,-0.9916547384197716,0.2547750470928413,-0.046298777584332804
24.98590191666881,-0.13641566038131714,-0.02600783109664917,0.2261766791343689,0.3256770074367523,-1.3805354833602905,-0.2720642387866974,-1.0063983096938531,0.2590177242123407,-0.04533786996966754
24.995956916667637,-0.14170613884925842,-0.0223236083984375,0.1994345784187317,0.43169188499450684,-1.2321724891662598,-0.18217909336090088,-1.020052157202639,0.2629950815628914,-0.04325962377842941
25.006011916666466,-0.1255214810371399,-0.056033194065093994,0.19443774223327637,0.5781354904174805,-1.074371337890625,-0.06462071090936661,-1.0326501016174434,0.2667080838217081,-0.039450945509868156
25.016065916672233,-0.06129634380340576,-0.07071620225906372,0.17080873250961304,0.6862371563911438,-1.002933144569397,0.0612458661198616,-1.044535377403499,0.2699549113695021,-0.03373003098894772
25.02612091667106,-0.023557931184768677,-0.021597087383270264,0.1460707187652588,0.7218510508537292,-0.9782238006591797,0.15158982574939728,-1.0563736161437691,0.27255487028598696,-0.026725189433476956
25.03617591666989,-0.03051742911338806,-0.006848573684692383,0.14905864000320435,0.6632835865020752,-0.9362419843673706,0.2085665613412857,-1.0679710433905083,0.2743589690197349,-0.019430095824257757
25.04622991666838,-0.03344622254371643,0.047568440437316895,0.17755591869354248,0.5904631018638611,-0.8796437978744507,0.2048962116241455,-1.0789459728505695,0.2755055903032889,-0.012610880525296084
25.05628491666721,-0.02375754714012146,0.12108778953552246,0.1680639386177063,0.5688547492027283,-0.8430261611938477,0.18502956628799438,-1.089312583064614,0.276494135235413,-0.006356471157588417
25.06633991666604,0.016459017992019653,0.1751575469970703,0.10366183519363403,0.6397780776023865,-0.8211115002632141,0.17824937403202057,-1.099403990255965,0.27757148942470244,6.840275061700606e-05
25.076393916671805,0.055654376745224,0.15462207794189453,0.054581284523010254,0.705420732498169,-0.8882609605789185,0.1032630130648613,-1.1098837881558565,0.27936081324276363,0.007117719020371452
25.086448916670633,0.0710456371307373,0.06612640619277954,0.04998594522476196,0.5797089338302612,-0.9789376258850098,0.008489418774843216,-1.1210690787544577,0.2817623197292825,0.013515838054276861
25.096503916669462,0.07058197259902954,-0.08530455827713013,0.08095616847276688,0.307957261800766,-1.0448801517486572,-0.020637573674321175,-1.1324118950951902,0.2837603265309904,0.017686952498234116
25.106557916667953,0.0853298008441925,-0.1693374514579773,0.07608772069215775,0.054199669510126114,-1.127840280532837,-0.03493368998169899,-1.1437688062499483,0.2847569762597227,0.019278229051198272
25.11661291666678,0.0966004729270935,-0.14571458101272583,0.07883518934249878,-0.11934282630681992,-1.183634877204895,0.01652710512280464,-1.1553027663689568,0.28474118502726786,0.018793005045016447
25.12666791666561,0.09902834892272949,-0.13056331872940063,0.106631338596344,-0.14427493512630463,-1.1735045909881592,0.12837249040603638,-1.166919472254268,0.2835393720554133,0.01775006889269298
25.136721916671377,0.11047574877738953,-0.12352228164672852,0.12470728158950806,-0.12699554860591888,-1.1443967819213867,0.19871775805950165,-1.1784057419728773,0.28146292470758383,0.017156768491364386
25.146776916670206,0.13462555408477783,-0.18258649110794067,0.09625393152236938,-0.18013520538806915,-1.0912585258483887,0.2514343857765198,-1.1894991141554254,0.27877644607251967,0.016567908274270977
25.156831916669034,0.15406310558319092,-0.259746253490448,0.04690081253647804,-0.1445132941007614,-1.039249300956726,0.3040957450866699,-1.200046545944123,0.275545799047409,0.016006592690573446
25.166886916667863,0.1442810595035553,-0.2536957263946533,0.007970929145812988,-0.10362821817398071,-0.9853255152702332,0.3869617283344269,-1.2102596183980399,0.2718836401555619,0.016123174017538804
25.176940916666354,0.12878108024597168,-0.3396916389465332,-0.06717121601104736,-0.06024506315588951,-0.9477245807647705,0.4960442781448364,-1.2201666389817698,0.2674295328543601,0.016900505711996285
25.186995916665182,0.12777137756347656,-0.406097412109375,-0.08773821592330933,0.029813991859555244,-0.9577516913414001,0.6153593063354492,-1.2301552267784017,0.26209912469202984,0.01873217598660123
25.197050916671287,0.12117660045623779,-0.280584454536438,-0.04053467512130737,0.04998743534088135,-0.9714136719703674,0.7551952600479126,-1.2405827532631049,0.255775431661224,0.021499639313743667
25.207104916669778,0.14073880016803741,-0.18174147605895996,-0.0338212251663208,0.09568732231855392,-0.9931870102882385,0.8739449977874756,-1.2512661033752037,0.24820083191522777,0.02487362113243209
25.217159916668606,0.17036448419094086,-0.07466500997543335,-0.02751576527953148,0.1650402992963791,-1.094320297241211,0.9101415872573853,-1.2627102894996531,0.24002595627637482,0.029024203772196167
25.227214916667435,0.14704328775405884,0.0678633451461792,-0.013124525547027588,0.2139330506324768,-1.2087292671203613,0.8410378098487854,-1.2753847919237142,0.23213334376430841,0.03364844419854933
25.237268916665926,0.07662361860275269,0.19120413064956665,0.011242147535085678,0.1935068666934967,-1.2579023838043213,0.6773381233215332,-1.288841671066108,0.22537513667760017,0.0379967773790865
25.24732391667203,0.005879208445549011,0.31309372186660767,0.027779635041952133,0.11611044406890869,-1.2232952117919922,0.4568499028682709,-1.3020947668926095,0.2203102246933,0.04112329960430683
25.25737891667086,-0.030416131019592285,0.4233112931251526,0.0823514461517334,0.013594452291727066,-1.1049286127090454,0.27298444509506226,-1.3141611741747032,0.2169496202325989,0.04276826092344471
25.26743291666935,-0.04410634934902191,0.4133327007293701,0.049706995487213135,-0.06433967500925064,-0.9582435488700867,0.10758505761623383,-1.3245669271618816,0.21508269590869233,0.04285290182725154
25.27748791666818,-0.012229636311531067,0.2244950532913208,0.05811941623687744,-0.046134836971759796,-0.9328020811080933,0.02174205332994461,-1.3338494436403612,0.21429642098031462,0.04236446811211031
25.287542916667007,-0.010571599006652832,0.21954596042633057,0.08310198783874512,0.0733872503042221,-1.0187981128692627,-0.022694945335388184,-1.3437172626912446,0.214369866670243,0.04257354699450151
25.297596916665498,-0.054208800196647644,0.23534542322158813,0.018373727798461914,0.13267400860786438,-1.025352120399475,-0.02093273214995861,-1.35421332970058,0.21481397420004952,0.04354897114119148
25.307651916671603,-0.09038230776786804,0.06954687833786011,-0.030522700399160385,0.11355442553758621,-1.1092578172683716,-0.057216569781303406,-1.3651312025304247,0.21541059788670242,0.04475163830375504
25.31770691667043,-0.14419995248317719,-0.044280409812927246,-0.05482637882232666,0.06989455968141556,-1.2360758781433105,-0.10990694165229797,-1.3771164027107994,0.21648396313321963,0.045545343617235834
25.32776091666892,-0.18856094777584076,-0.029730916023254395,-0.05661052465438843,0.03635204955935478,-1.280874490737915,-0.11152651906013489,-1.3898930647610623,0.21767011596496133,0.04580749473596461
25.33781591666775,-0.19176720082759857,0.02657914161682129,-0.05863368511199951,0.04695409536361694,-1.2199180126190186,-0.06392544507980347,-1.4025933328011437,0.21861279712442105,0.046068595674258514
25.34787091666658,-0.14134147763252258,0.07795000076293945,-0.02762460708618164,0.00739922933280468,-1.1298335790634155,-0.028669988736510277,-1.4144475199530102,0.21913004761355973,0.046332430117911674
25.357924916672346,-0.047111451625823975,0.0817251205444336,0.013789058662950993,-0.05301671102643013,-1.0796226263046265,-0.02236948162317276,-1.4254439806859,0.21928431715619448,0.04607879187195227
25.367979916671175,0.0006583482027053833,0.028199195861816406,0.06559759378433228,-0.06630544364452362,-1.0347627401351929,-0.09875192493200302,-1.435924816989311,0.21973696051753194,0.04530204436429089
25.378034916670003,0.0023222267627716064,0.03814101219177246,0.12643736600875854,0.06933201104402542,-1.0051617622375488,-0.13805271685123444,-1.4461674092620698,0.22093606448971415,0.045101319209385635
25.388089916668832,-0.03458341956138611,0.09951388835906982,0.15487486124038696,0.1891273558139801,-0.8861860036849976,-0.1276664286851883,-1.4559857779939953,0.22245105731299147,0.046312843537882946
25.398143916667323,-0.0584576278924942,0.006348133087158203,0.16134536266326904,0.3186613619327545,-0.7561851143836975,-0.09710505604743958,-1.4647940991650907,0.22384806304259802,0.04881181663149782
25.40819891666615,-0.047459572553634644,-0.03919637203216553,0.17532658576965332,0.3754997253417969,-0.6565828919410706,-0.08690450340509415,-1.4726670892512919,0.22512306913402672,0.05232678369481419
25.418253916672256,-0.019362643361091614,-0.0538143515586853,0.20680326223373413,0.3638092279434204,-0.5260542035102844,-0.030150147154927254,-1.4794716886639179,0.22611600229159018,0.05609117102019258
25.428307916670747,0.03080323338508606,-0.16805195808410645,0.20097088813781738,0.3806976079940796,-0.48809120059013367,0.046676963567733765,-1.4853062790770404,0.22634775751745473,0.05984171637870277
25.438362916669575,0.048499345779418945,-0.16603010892868042,0.18346798419952393,0.42731279134750366,-0.5529718995094299,0.04570997133851051,-1.491513957245327,0.22617449238276882,0.06410319526623366
25.448417916668404,0.02307213842868805,-0.10429221391677856,0.15979576110839844,0.30730900168418884,-0.558561384677887,0.034215234220027924,-1.4979986505319633,0.2260337271822361,0.06798295450295332
25.458471916666895,0.014296725392341614,-0.1039201021194458,0.10689413547515869,0.20299749076366425,-0.5848446488380432,-0.03663869574666023,-1.5042476483487752,0.22616533131970906,0.07057315701093153
25.468526916665724,0.022273287177085876,0.0077893733978271484,0.06719988584518433,0.03248123452067375,-0.6518273949623108,-0.13782066106796265,-1.5107762396617026,0.22713578834945441,0.07182171451467459
25.47858191667183,0.026938945055007935,0.023170948028564453,0.03196454048156738,-0.0823899507522583,-0.694180428981781,-0.21476657688617706,-1.5174133668761765,0.2289261970078115,0.07140030458236499
25.48863591667032,0.03366585075855255,-0.03277033567428589,0.02572035975754261,-0.11488060653209686,-0.819770872592926,-0.2664130926132202,-1.5247091268719162,0.23126358303058012,0.07018915182432761
25.498690916669148,0.010944068431854248,-0.005935847759246826,0.0204504132270813,-0.20032760500907898,-0.8904101252555847,-0.27599725127220154,-1.5330011814596314,0.23397745320885888,0.06851373529513047
25.508745916667976,-0.004947289824485779,-0.1615617275238037,-0.01861494779586792,-0.14372321963310242,-0.9182968139648438,-0.2026376575231552,-1.5415642140034151,0.2363251147849195,0.06645411260462246
25.518799916666467,0.0025290697813034058,-0.16408801078796387,-0.1416289210319519,0.003775687888264656,-1.081231713294983,-0.1725228875875473,-1.551360441434499,0.23812851587568454,0.06567461609700924
25.528854916665296,0.010641545057296753,0.03200888633728027,-0.25314998626708984,0.17361682653427124,-1.2695798873901367,-0.23061837255954742,-1.563422532860394,0.24011691196092738,0.06660478597638352
25.5389099166714,-0.013869211077690125,0.0739092230796814,-0.23549562692642212,0.21737337112426758,-1.4512224197387695,-0.31599292159080505,-1.5776132589099716,0.24284498375228172,0.06878477552119137
25.54896391666989,-0.020153358578681946,0.13463574647903442,-0.16216790676116943,0.0013060055207461119,-1.6054623126983643,-0.4433787167072296,-1.5933693029230842,0.2465750737416669,0.0701376770554782
25.55901891666872,-0.010058864951133728,0.18105173110961914,-0.11773073673248291,-0.30379799008369446,-1.688492774963379,-0.6083050966262817,-1.6096428694728233,0.2519054346690003,0.0687135238464063
25.569073750004463,0.018921375274658203,0.13068652153015137,-0.09229052066802979,-0.4545157253742218,-1.6716309785842896,-0.6852269768714905,-1.625617871862471,0.25870157177360775,0.0649229990602003
25.579127750002954,0.01979541778564453,0.11790198087692261,0.0026172399520874023,-0.3183315098285675,-1.5408005714416504,-0.6547079682350159,-1.6409089308887874,0.2657440140861879,0.06117129348665228
25.589182750001783,-0.01262703537940979,0.10651737451553345,0.15054333209991455,-0.07530780881643295,-1.3052427768707275,-0.5392069816589355,-1.6548313521483047,0.2718841868047088,0.0596323980897827
25.59923775000061,-0.06756770610809326,0.02394545078277588,0.19402265548706055,0.1551847904920578,-1.0327985286712646,-0.433227002620697,-1.666874179441163,0.2766956735765537,0.06049885631723424
25.60929274999944,-0.11957651376724243,-0.04035472869873047,0.13219165802001953,0.36001086235046387,-0.7651397585868835,-0.37484288215637207,-1.676795416790933,0.28044287129574597,0.06359956478957732
25.619346750005207,-0.1271873414516449,-0.0011466145515441895,0.14899861812591553,0.49811068177223206,-0.4966648519039154,-0.3030475080013275,-1.6845054578918555,0.2833864821645759,0.0684964584264601
25.629401750004035,-0.11366447806358337,0.06220507621765137,0.18958806991577148,0.5795018076896667,-0.23332428932189941,-0.23912978172302246,-1.6898244263459357,0.28541279567870637,0.07438640119376119
25.639456750002864,-0.09477514028549194,0.12746191024780273,0.2262638807296753,0.5696686506271362,-0.01778348721563816,-0.28156778216362,-1.692853033674407,0.2872701066699971,0.08075411808034086
25.649510750001355,-0.06596335768699646,0.08268260955810547,0.2932779788970947,0.47670766711235046,0.10703527182340622,-0.34558504819869995,-1.693966551578079,0.2897751732321628,0.08656486355118229
25.659565750000183,-0.038157910108566284,-0.012803733348846436,0.20658206939697266,0.4343580901622772,0.03133305907249451,-0.4076497256755829,-1.6945484450212482,0.2929644430699003,0.09172215177752713
25.669620749999012,-0.017026066780090332,-0.012178599834442139,0.0004349946975708008,0.3604329526424408,-0.18726865947246552,-0.465549498796463,-1.6966920385047672,0.2968138634942204,0.09652570714187973
25.67967475000478,-0.06389939785003662,-0.11865335702896118,-0.0861579179763794,0.19033153355121613,-0.4220673143863678,-0.5157673954963684,-1.7007931856073548,0.30137966631513025,0.1001126073980824
25.689729750003607,-0.10943987965583801,-0.2819371819496155,-0.05431568622589111,-0.08085446059703827,-0.5738058686256409,-0.49106115102767944,-1.7062087034060784,0.30636852938085696,0.10143777965878122
25.699784750002436,-0.1347341537475586,-0.2672910690307617,0.06648409366607666,-0.28215163946151733,-0.5759587287902832,-0.4462164640426636,-1.711714706971746,0.31129730432419334,0.10020003383634585
25.709838750000927,-0.0981166660785675,-0.1391923427581787,0.21715164184570312,-0.4101311266422272,-0.4249528646469116,-0.32907572388648987,-1.7158073106239968,0.31574211481418063,0.09700992609140924
25.719893749999756,-0.02539956569671631,-0.08839452266693115,0.23695695400238037,-0.2231183499097824,-0.24835410714149475,-0.21275468170642853,-1.7182272221880703,0.31887643742650223,0.09390283432172894
25.729948749998584,0.01636064052581787,0.06706875562667847,0.23221611976623535,0.11844847351312637,-0.005440533626824617,-0.16070052981376648,-1.7194737307649668,0.3207861499224039,0.0936057193688699
25.74000275000435,0.04076144099235535,0.17325520515441895,0.18805468082427979,0.3848164975643158,0.21788309514522552,-0.14043201506137848,-1.7192735588452157,0.32187201717122543,0.0965632769253035
25.75005775000318,0.06318926811218262,0.10965591669082642,0.17312490940093994,0.4516010582447052,0.3617609143257141,-0.16535627841949463,-1.7177972034206166,0.3227309331709304,0.10132162435214459
25.76011275000201,0.06712090969085693,0.037541747093200684,0.1967066526412964,0.35878509283065796,0.41011327505111694,-0.22187654674053192,-1.7153505185398483,0.32403282849801945,0.1059242079686624
25.7701667500005,0.05620279908180237,0.029659271240234375,0.2879248857498169,0.20708180963993073,0.4796628952026367,-0.2818211317062378,-1.7120021727632346,0.32614179904697077,0.10933656444184171
25.780221749999328,0.0518377423286438,-0.01437443494796753,0.3705896735191345,0.026422543451189995,0.5755434036254883,-0.3215424418449402,-1.7072074324822255,0.32902689804293545,0.11098093585226187
25.790276750005432,0.08288690447807312,-0.11623638868331909,0.3211290240287781,-0.04194905608892441,0.6226778626441956,-0.29069066047668457,-1.7012247018148798,0.332130632037253,0.11121355467037498
25.800330750003923,0.09211426973342896,-0.1653875708580017,0.2149815559387207,0.07439965754747391,0.6486942768096924,-0.21447661519050598,-1.6949777930813734,0.3346763546697799,0.1116121167632338
25.81038575000275,0.06945142149925232,-0.20094424486160278,0.08012408018112183,0.22699874639511108,0.6616389751434326,-0.10405813902616501,-1.6890177810000677,0.3360875524291253,0.11347301104871808
25.82044075000158,0.02981814742088318,-0.2848661541938782,0.09265321493148804,0.2677285969257355,0.6633503437042236,0.03336390107870102,-1.683194985939832,0.33612617890751817,0.11621371011334743
25.83049475000007,0.01266375184059143,-0.34676963090896606,0.08562964200973511,0.14059367775917053,0.5802398920059204,0.12733852863311768,-1.6776532267045017,0.3350318704867246,0.11838440583752698
25.8405497499989,0.006501704454421997,-0.3430793881416321,0.11168742179870605,-0.09538662433624268,0.5067166686058044,0.1452525407075882,-1.672218241190482,0.33361651077636834,0.1184527324653165
25.850604750005004,0.009990185499191284,-0.22663217782974243,0.14484769105911255,-0.22396959364414215,0.46290162205696106,0.13280436396598816,-1.6667356681215333,0.3323899072694891,0.11652226872340486
25.860659750003833,0.021389096975326538,-0.004281163215637207,0.1348932385444641,-0.2134607583284378,0.5043359398841858,0.11895246803760529,-1.6611035904734233,0.33130821528964,0.11399621423095917
25.870713750002324,0.02605178952217102,0.08585113286972046,0.14947384595870972,-0.0864550918340683,0.6064256429672241,0.09355845302343369,-1.6549930386050844,0.33038010610275664,0.11227817682939731
25.880768750001153,0.04092329740524292,0.08708000183105469,0.15936970710754395,0.021675370633602142,0.7025575041770935,0.05766596645116806,-1.6482780732078952,0.3296259736063758,0.11192537428845716
25.89082374999998,0.05271807312965393,0.08276742696762085,0.19928759336471558,0.034203723073005676,0.7854166030883789,0.023402081802487373,-1.6408970514869905,0.32920199562775776,0.11229094692144571
25.90087774999847,0.04966667294502258,-0.0374719500541687,0.20122629404067993,-0.038317881524562836,0.8622527718544006,0.05540235713124275,-1.6325821136537826,0.3288665060809993,0.11223716469030692
25.910932750004577,0.06287738680839539,-0.14868170022964478,0.1698511242866516,-0.10407283157110214,0.8986128568649292,0.11810499429702759,-1.623432354832065,0.32804472168340787,0.11136530352594376
25.920987750003405,0.06030455231666565,-0.11215031147003174,0.14698266983032227,-0.10878689587116241,0.9394726753234863,0.16190467774868011,-1.6138144895643525,0.32669176447093745,0.11015200590674921
25.931041750001896,0.05565527081489563,-0.0552067756652832,0.1845017671585083,-0.0660276785492897,1.0274258852005005,0.2108088582754135,-1.6036156069588718,0.32484823657072837,0.10910076922624734
25.941096750000725,0.04778099060058594,-0.049465835094451904,0.21328449249267578,0.03343500196933746,1.0915167331695557,0.21974989771842957,-1.592835203297493,0.3226586507540836,0.10882651825340273
25.951151749999553,0.06834319233894348,0.012439072132110596,0.15351873636245728,0.15147313475608826,1.0928202867507935,0.19670486450195312,-1.582105853957074,0.3205297912427689,0.10976149824430301
25.96120575000532,0.055906832218170166,0.061879098415374756,0.14041531085968018,0.24759913980960846,1.1097838878631592,0.14772160351276398,-1.5717333091925434,0.3187719519816751,0.11190762487055944
25.97126075000415,0.02736803889274597,0.05949735641479492,0.12813764810562134,0.21672111749649048,1.1290369033813477,0.07046447694301605,-1.5612941278628805,0.3176689101499456,0.11452843025578487
25.981315750002977,0.01821058988571167,0.0083235502243042,0.11806101351976395,0.06274060159921646,1.1171866655349731,-0.0157668124884367,-1.550464198034607,0.317481243812847,0.11614566338934204
25.991369750001468,-0.0032364726066589355,-0.04118180274963379,0.16485589742660522,-0.04349861666560173,1.077357530593872,-0.09721962362527847,-1.5394288050117744,0.31801670845501634,0.11616437040726695
26.001424750000297,-0.022613942623138428,-0.001973450183868408,0.19607573747634888,-0.1539793163537979,1.0527830123901367,-0.14292319118976593,-1.528410658193485,0.31922371673593025,0.1150898791957743
26.011479749999125,-0.03468412160873413,-0.028050124645233154,0.19742727279663086,-0.2434089332818985,1.0718828439712524,-0.21057523787021637,-1.517044534874196,0.32090524392212955,0.11295683429808852
26.02153375000489,-0.02809116244316101,-0.03971517086029053,0.2549747824668884,-0.3401235044002533,1.0931389331817627,-0.2522318661212921,-1.50518141975621,0.3230484020102802,0.10964529081820319
26.03158875000372,-0.02609992027282715,0.019561290740966797,0.3062697649002075,-0.41861391067504883,1.1514835357666016,-0.29614341259002686,-1.4926284522183144,0.3255050372146916,0.10549082483850217
26.04164375000255,-0.03590798377990723,-0.005264699459075928,0.3218345046043396,-0.5267710089683533,1.2302675247192383,-0.35204318165779114,-1.4789873987562654,0.3284119473481664,0.10023517988865503
26.05169875000138,-0.01788589358329773,-0.1717548966407776,0.3626861572265625,-0.6456229090690613,1.2921022176742554,-0.2627873718738556,-1.4640291743408187,0.3309403606935622,0.09350434905747071
26.06175274999987,-0.0024670064449310303,-0.07627445459365845,0.23370152711868286,-0.5271199345588684,1.291146993637085,-0.17695555090904236,-1.448935732323921,0.3324077188925037,0.08696980517619328
26.071807749998698,-0.025091707706451416,0.08302193880081177,0.10963250696659088,-0.4731353223323822,1.441998839378357,-0.15601898729801178,-1.4335040782300974,0.3334083709640697,0.08163554766078689
26.081862750004802,-0.0037459135055541992,0.07441562414169312,0.1230774000287056,-0.5481414198875427,1.5639806985855103,-0.13292299211025238,-1.4164253192479621,0.33415291708747713,0.0760310227016471
26.091916750003293,0.021517008543014526,0.05113321542739868,0.10888983309268951,-0.5827954411506653,1.557180404663086,-0.13051170110702515,-1.3986133568472892,0.33448194256478325,0.06985645290031549
26.10197175000212,0.046414732933044434,0.12177830934524536,-0.007208220660686493,-0.6303602457046509,1.540164589881897,-0.1485266536474228,-1.3808861770473928,0.3347237592479679,0.06317095700142983
26.11202675000095,0.035399049520492554,0.18983948230743408,-0.04510277509689331,-0.5809270739555359,1.6254175901412964,-0.21415987610816956,-1.3628100160381607,0.3352944776179367,0.0564182271343567
26.12208074999944,0.016163289546966553,0.19821852445602417,0.05250639095902443,-0.5221514105796814,1.7834516763687134,-0.25359517335891724,-1.343664856020779,0.33640790160564166,0.050176227749300466
26.132135750005546,0.024035394191741943,0.17283445596694946,0.16173046827316284,-0.5215241312980652,1.9659122228622437,-0.25241750478744507,-1.3228409031822128,0.3376694810777997,0.04414945868237733
26.142190750004374,0.0066780149936676025,0.14987921714782715,0.30909866094589233,-0.5232226848602295,2.229607105255127,-0.27283409237861633,-1.2998011306858024,0.33886860099693855,0.03803562063826192
26.152244750002865,-0.010957956314086914,0.1646541953086853,0.4457296133041382,-0.5179468989372253,2.5915043354034424,-0.2540571689605713,-1.2735582107161543,0.33998447456710407,0.03189251373596689
26.162299750001694,0.024467915296554565,0.17239320278167725,0.507605254650116,-0.41826215386390686,2.954207420349121,-0.18972235918045044,-1.2437914824421308,0.3406225633616748,0.026314112831575854
26.172354750000522,0.06390130519866943,0.21585017442703247,0.45053631067276,-0.15272274613380432,3.2710444927215576,-0.16003793478012085,-1.2111924582525693,0.3412273995317359,0.02272316369914037
26.182408749999013,0.1217099130153656,0.2946358919143677,0.24727457761764526,0.17572170495986938,3.4185736179351807,-0.17684781551361084,-1.177358697040138,0.3428819948783935,0.02229180961243169
26.192463750005118,0.1651117205619812,0.20860505104064941,0.18716967105865479,0.2513650953769684,3.412794828414917,-0.20163527131080627,-1.1433631888482583,0.34548016733869275,0.02367138210174306
26.202518750003946,0.18976283073425293,-0.04013669490814209,0.13905459642410278,-0.03764298930764198,3.2040507793426514,-0.22907167673110962,-1.1102037890922,0.34788768391031294,0.023817384209583944
26.212572750002437,0.1680254340171814,-0.1695813536643982,0.14998500049114227,-0.4376160800457001,2.9663872718811035,-0.3335111439228058,-1.0780571763586595,0.3492753852752773,0.020239465584494423
26.222627750001266,0.11512881517410278,-0.12302941083908081,0.1938348412513733,-0.8684167861938477,2.854241371154785,-0.37131020426750183,-1.0461571145826192,0.3491969949768353,0.012223009235933429
26.232682750000095,0.03936997056007385,-0.10243260860443115,0.25884830951690674,-1.1036638021469116,2.912921905517578,-0.32232195138931274,-1.0134585873897726,0.3469779828552065,0.0010599744183854287
26.242736749998585,0.008091360330581665,-0.04881817102432251,0.2675790786743164,-1.0544211864471436,3.068682909011841,-0.24903468787670135,-0.9795037431389689,0.3434104216141732,-0.010435564850803946
26.25279175000469,0.0924052894115448,0.1437392234802246,0.052295565605163574,-0.6813240647315979,3.1074378490448,-0.1723303198814392,-0.9454109900085835,0.3400737006597421,-0.01947304792632924
26.26284675000352,0.14647215604782104,0.24786227941513062,-0.02140360325574875,-0.37613219022750854,3.1167166233062744,-0.17096997797489166,-0.9122588516404515,0.338367906476452,-0.024920507955575613
26.272901750002347,0.16878479719161987,0.07986235618591309,-0.03711594641208649,-0.3398715555667877,3.0144312381744385,-0.18894733488559723,-0.880026396378997,0.337568139327882,-0.028878841024689756
26.282955750000838,0.18894514441490173,-0.058018624782562256,-0.1125602126121521,-0.5896978974342346,2.763333320617676,-0.2477789670228958,-0.8492282902845256,0.3362842646467223,-0.034128789347001
26.293010749999667,0.15555447340011597,-0.06471914052963257,-0.15903067588806152,-0.8701638579368591,2.5525989532470703,-0.33596765995025635,-0.8199736778957065,0.3335695499116206,-0.041926599328802695
26.303065749998495,0.11147573590278625,-0.030230939388275146,-0.16264313459396362,-1.0395148992538452,2.4198567867279053,-0.35083848237991333,-0.7918024178468825,0.32940924058429527,-0.051872127192512274
26.31311975000426,0.0775873064994812,0.03738117218017578,-0.10326474905014038,-1.1105188131332397,2.3818752765655518,-0.3441820740699768,-0.7642986783211092,0.32412544746154043,-0.06256342536653012
26.32317475000309,0.06053286790847778,0.043957650661468506,-0.027450039982795715,-1.0903328657150269,2.4264638423919678,-0.3153075575828552,-0.7368334613934718,0.3182323097050626,-0.07312093343917032
26.33322975000192,0.09483137726783752,0.08368653059005737,-0.04596453905105591,-0.992376446723938,2.513113260269165,-0.2798711955547333,-0.7090593108878648,0.3123584718724698,-0.08280800925442111
26.34328375000041,0.14654582738876343,0.15719425678253174,-0.13656169176101685,-0.7858967781066895,2.5859549045562744,-0.29315000772476196,-0.6808201962983632,0.30725541153940955,-0.09116729444251502
26.35333874999924,0.20430153608322144,0.1829286813735962,-0.2024388313293457,-0.5292444825172424,2.577338695526123,-0.2879483997821808,-0.6528141325229208,0.30394481618360214,-0.09783398635595655
26.363393750005343,0.21582764387130737,0.12228447198867798,-0.15974067151546478,-0.42616599798202515,2.512376546859741,-0.22098349034786224,-0.6256815076375429,0.3017237735572003,-0.10293411658748003
26.373447750003834,0.21570217609405518,-0.020950913429260254,-0.1487293839454651,-0.49497100710868835,2.4171767234802246,-0.19942668080329895,-0.5995273559604091,0.2991410833712267,-0.10747430621879504
26.383502750002663,0.22576043009757996,-0.048567116260528564,-0.13617752492427826,-0.6314659714698792,2.3126862049102783,-0.23649707436561584,-0.5742782310466865,0.2956492719613608,-0.11263541459499851
26.39355775000149,0.20115208625793457,0.036238253116607666,-0.11480712890625,-0.7001281976699829,2.2740135192871094,-0.2710612714290619,-0.5495282973205514,0.29133792785314816,-0.1186436182821668
26.403611749999982,0.17057621479034424,0.07345318794250488,-0.07368563115596771,-0.645356297492981,2.3094406127929688,-0.27102264761924744,-0.524765018998903,0.2868604180788683,-0.12477385857473741
26.41366674999881,0.15576237440109253,0.08030307292938232,-0.06746387481689453,-0.4877959191799164,2.361226797103882,-0.2591555118560791,-0.49975707516927204,0.28316678945074875,-0.1301521903972447
26.423721750004916,0.14001479744911194,0.05948847532272339,-0.06968420743942261,-0.32767894864082336,2.4072463512420654,-0.25312134623527527,-0.4745056188176656,0.28073676600534214,-0.13455208129172838
26.433775750003406,0.1386590600013733,0.018444299697875977,-0.07533721625804901,-0.24783183634281158,2.4257140159606934,-0.24680450558662415,-0.44920500989272394,0.27926767597148355,-0.13819589333843313
26.443830750002235,0.14754262566566467,-0.029767096042633057,-0.06129483878612518,-0.35482990741729736,2.405961036682129,-0.2505028247833252,-0.42394192284166016,0.2780073386807003,-0.1418232921118112
26.453885750001064,0.13112083077430725,-0.12784171104431152,-0.03319929540157318,-0.4970734417438507,2.391855239868164,-0.20730678737163544,-0.39870565127535684,0.2749897283738733,-0.145797699665607
26.463940749999892,0.13605979084968567,-0.10450762510299683,0.013685420155525208,-0.672231912612915,2.37168288230896,-0.17868952453136444,-0.373639903170008,0.27015949301888337,-0.15004992477233756
26.47399475000566,0.16125363111495972,-0.046526193618774414,-0.03926432132720947,-0.6249769926071167,2.315985918045044,-0.11674421280622482,-0.34903699561531265,0.2644894261308699,-0.1538954125012424
26.484049750004488,0.19271531701087952,0.026782214641571045,-0.10954886674880981,-0.5142134428024292,2.2419068813323975,-0.09490229934453964,-0.3253887256590091,0.259385912106006,-0.1569238074566997
26.494104750003316,0.20352202653884888,0.05491280555725098,-0.10560710728168488,-0.3626357316970825,2.1580350399017334,-0.08528613299131393,-0.30265876325663793,0.25554777738023515,-0.15921031809201797
26.504158750001807,0.21037673950195312,0.03409981727600098,-0.08643819391727448,-0.34360265731811523,2.0581858158111572,-0.045974940061569214,-0.28109072018902886,0.2524379207694815,-0.16087188592093615
26.514213750000636,0.21478354930877686,-0.021335482597351074,-0.0618869811296463,-0.45045289397239685,1.9326235055923462,-0.06264486163854599,-0.26059340774586304,0.24876968506530553,-0.16250278420492656
26.524268749999464,0.2292194664478302,-0.012776434421539307,-0.05647951364517212,-0.6618152260780334,1.7846755981445312,-0.08961469680070877,-0.24136303701815384,0.24355747692690569,-0.16465591991747117
26.53432275000523,0.22031375765800476,0.0012199878692626953,-0.05992110073566437,-0.8236398696899414,1.6227189302444458,-0.11290590465068817,-0.22356259631727274,0.23648685413718595,-0.16747442469229512
26.54437775000406,0.1876268982887268,0.0132293701171875,-0.0516853928565979,-0.9098055958747864,1.4871898889541626,-0.11618559062480927,-0.20722270270268173,0.22816439533451832,-0.1705731160344431
26.55443275000289,0.164320170879364,0.024012506008148193,-0.04945164918899536,-0.9252784848213196,1.4094150066375732,-0.10348281264305115,-0.19202136675234407,0.21929892187482303,-0.1735847507367993
26.56448675000138,0.1461828052997589,0.027133524417877197,-0.027255594730377197,-0.8947107195854187,1.3728852272033691,-0.08718879520893097,-0.177469508569362,0.21045253631652397,-0.17627010075496194
26.574541666668665,0.12397205829620361,0.008437275886535645,0.00705660879611969,-0.8270019292831421,1.3778579235076904,-0.06920862197875977,-0.16317376415737117,0.2020056078969451,-0.17856340967636936
26.584596666667494,0.10861241817474365,-0.02937018871307373,0.03236277401447296,-0.7739219069480896,1.3856234550476074,-0.046640463173389435,-0.14890806678156182,0.1941839817387136,-0.1804383273580784
26.594650666665984,0.1071973443031311,-0.06131488084793091,0.05078364908695221,-0.7690756916999817,1.4012800455093384,-0.022913858294487,-0.13460907402526545,0.18662233678142753,-0.18188448628182752
26.60470566667209,0.11130619049072266,-0.07357293367385864,0.05524201691150665,-0.8161814212799072,1.4024238586425781,-0.010454791598021984,-0.12030163078222554,0.1787152548946815,-0.1830824613406074
26.614760666670918,0.11548048257827759,-0.07294774055480957,0.052935779094696045,-0.8664647340774536,1.3950775861740112,0.0014204566832631826,-0.10603605440340881,0.17030279663417985,-0.18411304742597517
26.62481466666941,0.11519849300384521,-0.06043022871017456,0.010211355984210968,-0.8387460112571716,1.3966370820999146,0.03262205421924591,-0.09188273542774159,0.16171474347762105,-0.1848004059750956
26.634869666668237,0.11641719937324524,-0.028449058532714844,-0.03351104259490967,-0.7599244117736816,1.4083971977233887,0.052529312670230865,-0.07772624557559875,0.15366361021382355,-0.185057726993207
26.644924666667066,0.1274639368057251,-0.00970524549484253,-0.04704385995864868,-0.6779925227165222,1.4095466136932373,0.06742597371339798,-0.06354829693420358,0.14643468642189325,-0.1849678972956441
26.654978666665556,0.13590270280838013,-0.0168379545211792,-0.048653796315193176,-0.6515663862228394,1.3856638669967651,0.09061068296432495,-0.04952358913153903,0.13973180318959993,-0.18454441256194742
26.66503366667166,0.13563358783721924,-0.035183727741241455,-0.04190106689929962,-0.6332470178604126,1.361352562904358,0.10120952874422073,-0.03577764397402728,0.13326111012957217,-0.18384257353203984
26.67508866667049,0.1355072259902954,-0.027751505374908447,-0.02510376274585724,-0.6520482301712036,1.3289743661880493,0.09099220484495163,-0.02235819668378613,0.1267869482586899,-0.18306374163036365
26.68514366666932,0.13356350362300873,-0.010383009910583496,-0.016433611512184143,-0.6736922860145569,1.2909340858459473,0.06836998462677002,-0.009268354051225806,0.1200623746149376,-0.18236205076259102
26.69519766666781,0.1302662491798401,-0.003807544708251953,-0.02463485300540924,-0.692180335521698,1.2535685300827026,0.06697329133749008,0.0034618586346531217,0.11316473724889067,-0.18171755928031416
26.705252666666638,0.1289607435464859,0.001353919506072998,-0.04887223243713379,-0.6974190473556519,1.1870901584625244,0.10649353265762329,0.015659466167252993,0.10616995128968294,-0.18081572422077352
26.715307666665467,0.13938593864440918,0.04122859239578247,-0.12335371971130371,-0.6554777026176453,1.091301441192627,0.17081600427627563,0.02697743310395466,0.09934639918611572,-0.17927563473481484
26.725361666671233,0.13343952596187592,0.08402574062347412,-0.20340150594711304,-0.5237343311309814,0.9618657827377319,0.19486434757709503,0.03712355000769791,0.09347478612481973,-0.17719904756539437
26.735416666670062,0.1306108832359314,0.13959795236587524,-0.2413443922996521,-0.4484420120716095,0.8356176614761353,0.21021142601966858,0.04595381160060399,0.08876286264716866,-0.17494157150108253
26.74547166666889,0.10936307907104492,0.1358247995376587,-0.24684029817581177,-0.4145469069480896,0.7041142582893372,0.20630989968776703,0.05350864907476007,0.08455913382015262,-0.17259952897706538
26.75552566666738,0.0829554945230484,0.10039573907852173,-0.24530327320098877,-0.4527571499347687,0.5961398482322693,0.18306279182434082,0.05985067681799862,0.08034896410870643,-0.17038715468686508
26.76558066666621,0.06263330578804016,0.09668254852294922,-0.2296741008758545,-0.44034096598625183,0.47798311710357666,0.1620107740163803,0.06509424664677695,0.07592615038698486,-0.1683718184620744
26.775635666672315,0.04870736598968506,0.12575197219848633,-0.22233718633651733,-0.4094157814979553,0.36758098006248474,0.14535878598690033,0.06915488615587403,0.07174036234704662,-0.16655970439984935
26.785689666670805,0.02864079177379608,0.125413179397583,-0.22118377685546875,-0.3839264214038849,0.2994709014892578,0.1346861571073532,0.07235504924203853,0.06794944617700116,-0.16488051029168727
26.795744666669634,0.010955065488815308,0.10502421855926514,-0.21554023027420044,-0.33254656195640564,0.27307793498039246,0.1307622641324997,0.07513949709234034,0.06444118968277679,-0.1632661471927873
26.805799666668463,0.011571511626243591,0.13336896896362305,-0.20983672142028809,-0.24224278330802917,0.2585242688655853,0.1284961700439453,0.07771799449513339,0.061596150666902015,-0.16177286498563956
26.815853666666953,0.010611772537231445,0.15303105115890503,-0.19811373949050903,-0.12327072769403458,0.2622927725315094,0.11271398514509201,0.08023265184935381,0.05987497249987083,-0.1604103982051241
26.825908666665782,0.004312857985496521,0.13943356275558472,-0.1707865595817566,-0.03806368261575699,0.28626787662506104,0.11647330224514008,0.08290678972251278,0.059164287817601344,-0.1591833314199921
26.835963666671887,-0.005442097783088684,0.10724079608917236,-0.1471155285835266,0.0022118352353572845,0.31677624583244324,0.07027357816696167,0.08587800178798095,0.05913418097199641,-0.15824384060632057
26.846017666670377,0.006394550204277039,0.10788393020629883,-0.13551491498947144,0.04646718129515648,0.3340732157230377,0.04566491022706032,0.0891151743263586,0.05944965598146209,-0.15763757859713362
26.856072666669206,0.020221486687660217,0.12278366088867188,-0.11963838338851929,0.11810913681983948,0.32280433177948,0.002020227024331689,0.09241098862642243,0.06030629501024571,-0.157488774731365
26.866127666668035,0.040107205510139465,0.12191110849380493,-0.11044996976852417,0.16194477677345276,0.28001290559768677,-0.03255372866988182,0.09545745700673736,0.06171391935522864,-0.15779214125894558
26.876181666666525,0.05133567750453949,0.09277516603469849,-0.10907775163650513,0.19247391819953918,0.21613885462284088,-0.048699673265218735,0.09795650001088511,0.06349794871208622,-0.15839562912196478
26.886236666665354,0.051278918981552124,0.057139575481414795,-0.11434368789196014,0.22393597662448883,0.1533372551202774,-0.071705661714077,0.0998347336231097,0.06554390866145231,-0.15919914310664723
26.89629166667146,0.05270829796791077,0.04800468683242798,-0.09585397690534592,0.25384703278541565,0.1008230596780777,-0.06997175514698029,0.10117129555203688,0.06785122744329879,-0.16017420616437428
26.906346666670288,0.05434751510620117,0.031369149684906006,-0.07194333523511887,0.2673428952693939,0.051152169704437256,-0.05412407964468002,0.10199708191734845,0.07040890921242546,-0.16108884757840053
26.91640066666878,0.05055232346057892,-0.021680057048797607,-0.053983092308044434,0.2499372661113739,0.005966317839920521,-0.025460265576839447,0.10234042140552799,0.07295704843546313,-0.16174371367596804
26.926455666667607,0.051101088523864746,-0.058055996894836426,-0.04169207811355591,0.21784323453903198,-0.03310837969183922,0.017896529287099838,0.10219798254624408,0.07530452426159616,-0.1620652817327793
26.936510666666436,0.06200827658176422,-0.04386633634567261,-0.03291165083646774,0.22357973456382751,-0.06737540662288666,0.0522688552737236,0.10170546534463455,0.0774854383731976,-0.16192689212531286
26.946564666672202,0.07585081458091736,-0.023471355438232422,-0.04847043752670288,0.35171082615852356,-0.1325187236070633,0.10408970713615417,0.10067235829882584,0.08040326975594883,-0.16139292681859424
26.95661966667103,0.08615504205226898,0.0129469633102417,-0.07221728563308716,0.42316025495529175,-0.20620906352996826,0.08808685094118118,0.09891754257829871,0.08443702514819351,-0.16081890785794858
26.96667466666986,0.11148670315742493,0.010352909564971924,-0.07420068234205246,0.3132342994213104,-0.26969748735427856,0.08115757256746292,0.09646069927119358,0.08835140723689759,-0.1603681952038088
26.97672866666835,0.12047368288040161,-0.07136780023574829,-0.08415906876325607,0.21793600916862488,-0.36899691820144653,0.05943576619029045,0.09321572652096018,0.09108558684832142,-0.1599428409207614
26.98678366666718,0.12346513569355011,-0.0486607551574707,-0.1009635254740715,0.15932568907737732,-0.43283340334892273,0.06645666062831879,0.0891494902468983,0.0929974601730078,-0.15948771838765083
26.996838666666008,0.13404835760593414,-0.004081606864929199,-0.14910829067230225,0.18450339138507843,-0.51527339220047,0.0914599597454071,0.08433161576878272,0.09470809783893665,-0.15884169606082849
27.006892666671774,0.14368665218353271,-0.00013434886932373047,-0.15971849858760834,0.22246621549129486,-0.59378582239151,0.12753593921661377,0.07867558187221776,0.09683473649197294,-0.15789783252642225
27.016947666670603,0.14881840348243713,-0.011201679706573486,-0.16314548254013062,0.245401531457901,-0.6790911555290222,0.176155686378479,0.07214015698031474,0.09938270030896947,-0.15655889063318165
27.027002666669432,0.1545947641134262,0.0008497238159179688,-0.16470927000045776,0.2952532470226288,-0.7485066652297974,0.23215264081954956,0.06478907313610567,0.10224246492095414,-0.15471375926550965
27.037056666667922,0.14770430326461792,0.004764378070831299,-0.154413640499115,0.3813139796257019,-0.8379828929901123,0.2840682566165924,0.05654719401001275,0.1057488501193611,-0.1523117505681542
27.04711166666675,0.13416504859924316,-0.019890129566192627,-0.11897212266921997,0.4871234893798828,-0.8958485722541809,0.33778420090675354,0.04752536597684991,0.11030854465496516,-0.14940230752409922
27.05716666666558,0.11528590321540833,-0.05177825689315796,-0.09124737977981567,0.557074785232544,-0.9547867774963379,0.34239912033081055,0.03783828263085167,0.11572182262604644,-0.14615664288954033
27.067220666671346,0.11033888161182404,-0.06887996196746826,-0.10462766885757446,0.5289360880851746,-1.017318606376648,0.34030985832214355,0.027586617518623117,0.12129040472404386,-0.14286367306857634
27.077275666670175,0.11324597895145416,-0.07857978343963623,-0.12678265571594238,0.4291089177131653,-1.0596647262573242,0.3046216070652008,0.016767526762016594,0.1262719077827306,-0.139696724678485
27.087330666669004,0.1341571807861328,-0.04354816675186157,-0.15136921405792236,0.40464484691619873,-1.107732892036438,0.2999514639377594,0.005475515125321065,0.1304737957149399,-0.1366975721745856
27.097384666667494,0.14381539821624756,0.013135135173797607,-0.17385254800319672,0.4851539433002472,-1.1582560539245605,0.298030823469162,-0.00628183525673536,0.13486889038088123,-0.13367464804585755
27.107439666666323,0.15698233246803284,0.02939927577972412,-0.18418240547180176,0.5603616237640381,-1.2156949043273926,0.32481423020362854,-0.018607157043823964,0.14015190414344128,-0.13041149002007513
27.117494666665152,0.17517662048339844,0.00224381685256958,-0.1531483381986618,0.5822000503540039,-1.3219715356826782,0.3453565239906311,-0.03179628108219953,0.14595128173666172,-0.12686692936283916
27.127549666671257,0.18254677951335907,-0.024626612663269043,-0.11139552295207977,0.5104252099990845,-1.465080976486206,0.3825515806674957,-0.046336499553422436,0.15138426636581606,-0.12298957040015836
27.137603666669747,0.17149287462234497,-0.045156896114349365,-0.10055594146251678,0.42691269516944885,-1.5902752876281738,0.42124587297439575,-0.06236955641325852,0.1558887652059548,-0.11862526986255344
27.147658666668576,0.1310850977897644,-0.08253765106201172,-0.06291186809539795,0.36957696080207825,-1.6782314777374268,0.4269317388534546,-0.07952745826574024,0.15956758073325414,-0.11399941526124147
27.157713666667405,0.09788292646408081,-0.08601421117782593,-0.060179173946380615,0.3594026267528534,-1.7823212146759033,0.3944251239299774,-0.09762916324326502,0.1628335417108673,-0.10952145347074764
27.167767666665895,0.10856278240680695,-0.008738458156585693,-0.13222168385982513,0.4041661024093628,-1.8723959922790527,0.40256401896476746,-0.11674119564399045,0.16618304372056816,-0.10507504535014245
27.177822666672,0.1514677256345749,0.08904165029525757,-0.18396025896072388,0.524389922618866,-1.8943817615509033,0.45785781741142273,-0.13655418923911664,0.17021527776949577,-0.10014160762453103
27.18787766667083,0.18768349289894104,0.11780232191085815,-0.13825547695159912,0.5130121111869812,-1.9543931484222412,0.4758879542350769,-0.1568578496198639,0.17478210613437054,-0.09457712662104094
27.19793166666932,0.19966986775398254,0.04823195934295654,-0.07050901651382446,0.3490993082523346,-2.0382165908813477,0.4462572932243347,-0.17793702079511203,0.17831220204387185,-0.08916791634221424
27.20798666666815,0.16884581744670868,0.06986063718795776,-0.02504187822341919,0.03797924146056175,-2.0714523792266846,0.34416499733924866,-0.19938833613702323,0.17948200025986544,-0.08477465011258116
27.218041666666977,0.12969456613063812,0.15377813577651978,0.004407897591590881,-0.10061632096767426,-2.0506479740142822,0.25539037585258484,-0.2206264537383091,0.17838619493862548,-0.08190070128389121
27.228095666665467,0.10479514300823212,0.17743158340454102,0.01069755107164383,-0.08820731937885284,-2.04898738861084,0.17413358390331268,-0.24154929062724448,0.17690022891952312,-0.08000072457040344
27.238150666671572,0.08651134371757507,0.15707862377166748,-0.007470965385437012,-0.00014879077207297087,-2.0778279304504395,0.11542364209890366,-0.2625138764773907,0.176071176098746,-0.07871260723909276
27.2482056666704,0.0588659793138504,0.17504554986953735,-0.04259604215621948,0.17131856083869934,-2.1263484954833984,0.07217736542224884,-0.2838293132745381,0.17665780625512922,-0.07755185715242827
27.25825966666889,0.03628318011760712,0.1864311695098877,-0.0741230770945549,0.3810635805130005,-2.1477208137512207,0.07711702585220337,-0.30559882544025013,0.1791131228414617,-0.0760064570424907
27.26831466666772,0.014424845576286316,0.12117117643356323,-0.07199060916900635,0.47769638895988464,-2.1763198375701904,0.08890790492296219,-0.3277286011022169,0.18306537807357934,-0.07378463754450816
27.27836966666655,0.014668643474578857,0.034464478492736816,-0.0429673045873642,0.42299824953079224,-2.226919651031494,0.09122768044471741,-0.35028467855091505,0.1871337675878965,-0.07131378818481707
27.288424666665378,0.03537638485431671,-0.005656182765960693,-0.01916182041168213,0.3165282607078552,-2.3095779418945312,0.10178951174020767,-0.3735230688517614,0.19021829419191724,-0.06906950999718997
27.298478666671144,0.04352915287017822,0.0039046406745910645,-0.04179483652114868,0.25548526644706726,-2.3338794708251953,0.1306893676519394,-0.3973037575049356,0.19239452527843298,-0.06689627065558591
27.308533666669973,0.031395941972732544,0.03515660762786865,-0.06506717205047607,0.2715257704257965,-2.3054749965667725,0.13672062754631042,-0.42108597601061354,0.19428237487427333,-0.0645240670613949
27.318588666668802,0.028267234563827515,0.05098003149032593,-0.03932660073041916,0.2744051218032837,-2.313734531402588,0.11238367110490799,-0.4447513453477835,0.19628002639574646,-0.06214709642217614
27.328642666667292,0.028871402144432068,0.05960923433303833,0.032120294868946075,0.26522815227508545,-2.333256721496582,0.10611964762210846,-0.4685820752432312,0.19826865096085236,-0.05989467509011123
27.33869766666612,-0.0021552592515945435,0.05292558670043945,0.047630853950977325,0.22877751290798187,-2.3009486198425293,0.09719441086053848,-0.49235757499422267,0.20000533416044647,-0.05775967028892791
27.348752666672226,-0.01875181496143341,0.04468560218811035,0.0793546512722969,0.16731254756450653,-2.2260806560516357,0.06401888281106949,-0.5154325418267419,0.20136125894492413,-0.05603396535263295
27.358806666670716,-0.010807216167449951,0.07921355962753296,0.11003613471984863,0.17818982899188995,-2.15328311920166,0.04834903031587601,-0.5376846180566819,0.20253928698061188,-0.0546599769395921
27.368861666669545,-0.004739642143249512,0.10061097145080566,0.08252567052841187,0.2571600079536438,-2.0380823612213135,0.05410225689411163,-0.5591073994637042,0.2041292803762421,-0.05304360331471812
27.378916666668374,0.013590410351753235,0.049809813499450684,0.0871964544057846,0.267353892326355,-1.9220919609069824,0.07730643451213837,-0.5794141053656452,0.20608205759051873,-0.05095877942675524
27.388970666666864,0.023167192935943604,-0.020424723625183105,0.1151612251996994,0.19190546870231628,-1.874966025352478,0.09321136772632599,-0.5988691264114135,0.20753182997941744,-0.04891059158684703
27.399025666665693,0.0051488131284713745,8.624792098999023e-05,0.07661116123199463,0.15977372229099274,-1.8255420923233032,0.0855942964553833,-0.617917856846823,0.20841022728474592,-0.0471354032613674
27.409080666671798,-0.0048537105321884155,0.055418193340301514,0.06601298600435257,0.2261090725660324,-1.6985121965408325,0.07899179309606552,-0.6360427118199276,0.20946128895769406,-0.045298136561308426
27.41913466667029,0.0367603600025177,0.03967595100402832,0.14488554000854492,0.29024431109428406,-1.67669677734375,0.0372595489025116,-0.6533389064693129,0.2112031749488052,-0.043158515079033774
27.429189666669117,0.09810234606266022,0.0087050199508667,0.19444257020950317,0.22512845695018768,-1.7758859395980835,0.0009444166207686067,-0.6710814389518518,0.21330547021042026,-0.04127826233588427
27.439244666667946,0.10249947011470795,0.034249067306518555,0.10564291477203369,0.12321317940950394,-1.7742767333984375,-0.00769972475245595,-0.6892288686148529,0.2145337441254705,-0.04024931173041199
27.449298666666436,0.09574912488460541,0.034075021743774414,0.019839592278003693,0.20149652659893036,-1.712424397468567,-0.0124100586399436,-0.7069667194269216,0.2158243132351424,-0.03930033239142824
27.459353666665265,0.12207183241844177,0.05614131689071655,0.049482762813568115,0.2843968868255615,-1.711286187171936,-0.0415019765496254,-0.7244095100979716,0.21786444212529857,-0.03780920330386881
27.46940866667137,0.1197936087846756,0.017157375812530518,0.09606891125440598,0.30424433946609497,-1.8076846599578857,-0.07498031109571457,-0.7424089287728179,0.22052392721585878,-0.03620044952300524
27.47946266666986,0.11092670261859894,-0.05254065990447998,0.05861169099807739,0.24589253962039948,-1.871756911277771,-0.051741618663072586,-0.7612693869225182,0.2230015506679078,-0.03474477984929615
27.48951766666869,0.10561749339103699,-0.10252362489700317,0.023898668587207794,0.19831597805023193,-1.9067683219909668,-0.008855137042701244,-0.7806008257802572,0.22475996334207135,-0.03335980798552449
27.499572666667518,0.10047350823879242,-0.11951887607574463,0.08785080909729004,0.09198371320962906,-1.944340467453003,0.02313147857785225,-0.8002418449481709,0.22581876770062523,-0.03217856045232703
27.509627666666347,0.10499465465545654,-0.13553786277770996,0.0989379957318306,0.01958514377474785,-1.9734328985214233,0.09699052572250366,-0.8201298943103464,0.22575175600044844,-0.03139295074843212
27.519681666672113,0.12364037334918976,-0.08690690994262695,0.05358076095581055,0.09651391953229904,-2.0089313983917236,0.1425284892320633,-0.8404733776433125,0.225186200699328,-0.03008015733715728
27.529736666670942,0.11423218250274658,-0.019976496696472168,0.05397915840148926,0.17094209790229797,-2.01021671295166,0.14227016270160675,-0.8611575857630089,0.22503898107154882,-0.02799864580748723
27.53979166666977,0.06700234115123749,-0.029075026512145996,0.08172756433486938,0.1819618046283722,-1.9700266122817993,0.1329406499862671,-0.8817183689801116,0.22513911486331536,-0.025690617658243497
27.54984566666826,0.03874203562736511,-0.025890231132507324,0.09450411051511765,0.22674977779388428,-1.8658570051193237,0.12993526458740234,-0.9015973897305952,0.22542076628732796,-0.023230674499930173
27.55990066666709,0.04130929708480835,-0.015328705310821533,0.13980519771575928,0.2964130640029907,-1.7580678462982178,0.15016524493694305,-0.9204605316658494,0.22591646251739306,-0.020242576498383503
27.56995566666592,0.06756144762039185,-0.030931532382965088,0.19846928119659424,0.3173463046550751,-1.7023998498916626,0.16362619400024414,-0.9385928912083625,0.226542057920331,-0.016667566438026072
27.580009750003228,0.10476438701152802,-0.002276599407196045,0.16440171003341675,0.3023531138896942,-1.6722744703292847,0.18847058713436127,-0.9564030452968889,0.2268883921097756,-0.013000363468253433
27.590064750002057,0.09136991202831268,0.007378995418548584,0.1513870358467102,0.3010455071926117,-1.5908622741699219,0.1807045340538025,-0.9736912469668614,0.2270934143737714,-0.009325370524417677
27.600119750000886,0.08278241753578186,0.020367860794067383,0.16029465198516846,0.314590722322464,-1.4937022924423218,0.18436050415039062,-0.9900172836912378,0.22727885913495097,-0.005620536281130059
27.610173749999376,0.08667632937431335,0.06292879581451416,0.1640411615371704,0.2892614006996155,-1.4108017683029175,0.15375758707523346,-1.005395489882407,0.22750761553051674,-0.002041704096858807
27.62022875000548,0.10118445754051208,0.06881165504455566,0.15159308910369873,0.2961253821849823,-1.3549021482467651,0.12761357426643372,-1.0200252691300458,0.22782548753371226,0.0012459893354178622
27.63028375000431,0.0948011577129364,0.07137107849121094,0.1416988968849182,0.33599796891212463,-1.3082143068313599,0.11777132749557495,-1.0341937903722214,0.22843390000671177,0.004683867419993799
27.6403377500028,0.09765896201133728,0.04600602388381958,0.15284937620162964,0.3686683475971222,-1.2754607200622559,0.11425725370645523,-1.0479952703461248,0.22920756024326483,0.008441855519167216
27.65039275000163,0.09978058934211731,0.04659074544906616,0.14842462539672852,0.40489745140075684,-1.2905653715133667,0.10160750895738602,-1.0617954764539297,0.23016511426558214,0.012463431531488572
27.660447750000458,0.07135872542858124,0.07966786623001099,0.09504276514053345,0.47518688440322876,-1.297558307647705,0.06883171945810318,-1.075807380240167,0.23152157518610486,0.016920305868624638
27.670501749998948,0.04092282056808472,0.06394439935684204,0.07832205295562744,0.41116955876350403,-1.2902867794036865,0.004897745791822672,-1.0897973300696624,0.23329740523582887,0.02124214773835613
27.680556750005053,0.02137671411037445,-0.00018024444580078125,0.0668330192565918,0.2304484248161316,-1.3461037874221802,-0.07604983448982239,-1.1036609317661685,0.23505179536699014,0.02407949764930154
27.69061175000388,-0.005025997757911682,0.019781768321990967,-0.0031192898750305176,0.17231428623199463,-1.4398152828216553,-0.17711493372917175,-1.1179594292656339,0.23706146688452492,0.025242217059467935
27.700665750002372,-0.03405404090881348,0.11066001653671265,-0.09339845180511475,0.2466440349817276,-1.4864360094070435,-0.22149649262428284,-1.132903049911753,0.23980032227029735,0.026231780625500835
27.7107207500012,-0.03779110312461853,0.09307515621185303,-0.15040111541748047,0.3773639500141144,-1.503806233406067,-0.21961310505867004,-1.1483688606073814,0.24311825020344596,0.028241722746369265
27.72077575000003,0.012965857982635498,0.03127014636993408,-0.1697368621826172,0.45834293961524963,-1.5845240354537964,-0.2000153511762619,-1.1645960547611234,0.2467355592494177,0.03138940904148266
27.73083074999886,0.056687042117118835,0.013250470161437988,-0.15680867433547974,0.5132269263267517,-1.7179380655288696,-0.21673759818077087,-1.1821496388705044,0.250512106734459,0.03526193582613238
27.740884750004625,0.055632710456848145,-0.04267376661300659,-0.13021427392959595,0.5606286525726318,-1.8631068468093872,-0.26114988327026367,-1.2012022123372992,0.25471181869474757,0.039521822513339175
27.750939750003454,0.07498210668563843,-0.0805896520614624,-0.16403180360794067,0.6106159090995789,-2.036039352416992,-0.3196994662284851,-1.2220089852139473,0.2595012353557524,0.04418211308270105
27.760994750002283,0.0905061662197113,0.012616217136383057,-0.18841880559921265,0.6925721168518066,-2.1742913722991943,-0.3454612195491791,-1.244580927556906,0.2648322582522652,0.04935178587164669
27.771048750000773,0.05982232093811035,0.07203149795532227,-0.19256693124771118,0.9699350595474243,-2.211014747619629,-0.3567945659160614,-1.2685374401817988,0.27071351481290495,0.05638178357031827
27.781103749999602,0.03561568260192871,0.039279282093048096,-0.15932053327560425,1.3384008407592773,-2.160653591156006,-0.2869062125682831,-1.2934604319234766,0.27720865577838594,0.0670367488040567
27.791158750005707,0.04609555006027222,-0.005231499671936035,-0.03240776062011719,1.4317240715026855,-2.029299736022949,-0.12367628514766693,-1.3183885843421435,0.2829657135225477,0.08075430828856826
27.801212750004197,0.07539749145507812,-0.07238352298736572,0.07875716686248779,1.105584740638733,-1.877705454826355,0.08762295544147491,-1.341685479681354,0.28612580770875506,0.09368715267669053
27.811267750003026,0.09651166200637817,-0.17901939153671265,0.08974499255418777,0.7991216778755188,-1.8181893825531006,0.1229439303278923,-1.3629957611010504,0.2870201120650014,0.10370124268475407
27.821322750001855,0.14978474378585815,-0.08571505546569824,0.04458184540271759,0.5797813534736633,-1.7826433181762695,0.15359333157539368,-1.383210958126889,0.28705415082891234,0.11107023953924072
27.831376750000345,0.17059463262557983,0.017558515071868896,0.031082816421985626,0.4343584179878235,-1.7198035717010498,0.1787862926721573,-1.402379824777026,0.2863493636947904,0.11661013815043132
27.841431749999174,0.17552712559700012,0.010701000690460205,0.029457852244377136,0.3098207414150238,-1.6515039205551147,0.19589529931545258,-1.4204743385877847,0.28504238927593545,0.12075433232303602
27.85148675000528,0.15603500604629517,0.025525689125061035,0.0485580638051033,0.32366305589675903,-1.5819357633590698,0.15571752190589905,-1.4377274768022776,0.28369448249299917,0.12421699290673728
27.86154075000377,0.11357548832893372,0.08452075719833374,0.10450053960084915,0.46900102496147156,-1.4803426265716553,0.11134687811136246,-1.4543267545461287,0.2828401400070635,0.1285073741859677
27.871595750002598,0.08978903293609619,0.09403878450393677,0.14082062244415283,0.5735436677932739,-1.3810120820999146,0.14706146717071533,-1.470237651533528,0.2821553088415832,0.13404639043550967
27.881650750001427,0.07304912805557251,0.008927643299102783,0.06399954855442047,0.7486402988433838,-1.331132411956787,0.14959003031253815,-1.4858018662099608,0.2812221326257536,0.141026052237296
27.891704749999917,0.09922340512275696,-0.01628267765045166,0.08291639387607574,0.7568766474723816,-1.329574465751648,0.20114350318908691,-1.5013693709597378,0.28014964992359215,0.14915077325420084
27.901759749998746,0.13304385542869568,-0.03333449363708496,0.07306428253650665,0.6285941004753113,-1.3789914846420288,0.2184034287929535,-1.5170156172137403,0.2784433261988655,0.15663758745765233
27.91181475000485,0.17198094725608826,-0.06867927312850952,0.0870356559753418,0.36661577224731445,-1.4449065923690796,0.26046591997146606,-1.5326692854434567,0.27629536916502906,0.16198935219814176
27.92186975000368,0.17868781089782715,-0.1040947437286377,0.07708323001861572,0.18505732715129852,-1.534714937210083,0.28579509258270264,-1.548375339949388,0.27362407242882797,0.16481930904488493
27.93192375000217,0.14136475324630737,-0.08941149711608887,0.09925234317779541,0.06853737682104111,-1.5699541568756104,0.29373422265052795,-1.564431987688714,0.2707396411250058,0.16621048876270542
27.941978750001,0.09829267859458923,-0.07760649919509888,0.13670510053634644,-0.007947724312543869,-1.5227872133255005,0.3053763806819916,-1.5800408897116938,0.2677494058918125,0.16641993489497078
27.952033749999828,0.07394519448280334,-0.08136993646621704,0.14429323375225067,0.05258512496948242,-1.4944897890090942,0.3167954981327057,-1.5951857023294025,0.2646275337508622,0.16651612193496926
27.962087750005594,0.06818684935569763,-0.011218726634979248,0.14756715297698975,0.16733430325984955,-1.4944002628326416,0.3280412256717682,-1.6105031499138762,0.2613307604956452,0.16759513936744008
27.972142750004423,0.03240406513214111,-0.02172112464904785,0.1494910717010498,0.2143137902021408,-1.481693148612976,0.31066063046455383,-1.625965538769187,0.25797860764884706,0.1694986312882253
27.98219775000325,-0.009673386812210083,-0.07045960426330566,0.13275808095932007,0.18146024644374847,-1.468906044960022,0.2623548209667206,-1.6412579239272709,0.25496474406240915,0.17138793997720422
27.992251750001742,-0.038685545325279236,-0.03479832410812378,0.1637093424797058,0.12360839545726776,-1.4145996570587158,0.23873338103294373,-1.6561314422296571,0.25238228360720505,0.17279087946081784
28.00230675000057,-0.02587662637233734,0.0005416274070739746,0.12446576356887817,0.05162425711750984,-1.3773213624954224,0.22878798842430115,-1.6702559998919835,0.24989394012232874,0.1734535598432807
28.0123617499994,-0.005990058183670044,0.02670079469680786,0.04080832004547119,-0.01595558412373066,-1.3345648050308228,0.1727209985256195,-1.683937989232877,0.2478900882890437,0.1734611356583785
28.022415750005166,0.0074310302734375,0.004825294017791748,0.10691993683576584,-0.0898941233754158,-1.2969735860824585,0.16160297393798828,-1.6968976979870338,0.2463175851019956,0.17261685485069916
28.032470750003995,0.018030136823654175,-0.018825292587280273,-0.0174560546875,-0.003929946571588516,-1.351860523223877,0.17499732971191406,-1.7099597432110485,0.24467980346157128,0.17184019828187105
28.042525750002824,0.006358087062835693,0.030994296073913574,-0.09190338850021362,0.09621760249137878,-1.3899562358856201,0.15232813358306885,-1.723853113229136,0.24295812339902384,0.1721065765684416
28.052579750001314,-0.02531541883945465,-0.04550278186798096,-0.02773713320493698,0.06760779768228531,-1.4055639505386353,0.14305074512958527,-1.7380091854480773,0.2413167764943884,0.1727157177550304
28.062634750000143,-0.03459306061267853,-0.07424318790435791,0.03101581335067749,-0.03262528404593468,-1.4561858177185059,0.15743353962898254,-1.752331859813127,0.23982891754286942,0.1726376431512267
28.072689749998972,-0.008019089698791504,0.004581451416015625,-0.07053405046463013,-0.025508785620331764,-1.524407148361206,0.16178567707538605,-1.7672086498134325,0.2382652505087801,0.17201990291748032
28.082743750004738,0.006595328450202942,0.08719980716705322,-0.06909966468811035,0.07253256440162659,-1.5641058683395386,0.11583464592695236,-1.7827270226467389,0.2368455971940105,0.17190051521628907
28.092798750003567,0.0019938796758651733,0.12453806400299072,-0.05754643678665161,0.1426333487033844,-1.5765154361724854,0.08161436021327972,-1.7987967756800016,0.23563312063544742,0.17287532004267556
28.102853750002396,0.0051177144050598145,0.047876596450805664,-0.016529329121112823,0.08523596823215485,-1.537217140197754,0.06426964700222015,-1.8146971281588657,0.23465946463694573,0.17389540413447077
28.112908750001225,0.012521550059318542,0.011584460735321045,0.05075942724943161,-0.014285559765994549,-1.495435357093811,0.038957368582487106,-1.8299986401283377,0.23404938460017022,0.1740897973597399
28.122962749999715,0.0026499778032302856,0.07165271043777466,0.10228961706161499,-0.03223366662859917,-1.40847909450531,0.032504528760910034,-1.8445495522191946,0.2337851892962845,0.17371552081963113
28.133017749998544,-0.021020308136940002,0.11224514245986938,0.10396140813827515,0.09725534915924072,-1.2884643077850342,0.04210042953491211,-1.8581287944430964,0.2333719099779452,0.17388878246636827
28.14307275000465,-0.04874686896800995,0.09857809543609619,0.11505782604217529,0.2476244866847992,-1.128474235534668,0.038692355155944824,-1.8707189396678299,0.2324358143945439,0.17557916343126942
28.15312675000314,-0.06457008421421051,0.01623094081878662,0.19482731819152832,0.31015923619270325,-0.9703083038330078,0.06784731149673462,-1.8819334059376251,0.23104724069015,0.17827452017829715
28.163181750001968,-0.059556812047958374,-0.04376721382141113,0.1495887041091919,0.31943726539611816,-0.9060325026512146,0.09982822090387344,-1.891988371645964,0.2292451539868598,0.18109052463108583
28.173236750000797,-0.04394464194774628,-0.03049159049987793,0.16360259056091309,0.34353649616241455,-0.842265784740448,0.09638475626707077,-1.9014437904439019,0.22727631236825005,0.18399543573594077
28.183290749999287,-0.010266199707984924,-0.014185488224029541,0.11231565475463867,0.3913121223449707,-0.8865187168121338,0.1382264941930771,-1.9107347045257796,0.2249385523874323,0.1871451440885731
28.193345750005392,0.016749516129493713,-0.007012009620666504,0.04007071629166603,0.3458130657672882,-0.9630166888237,0.12443476915359497,-1.92077314347999,0.2223629208241526,0.19025929731886657
28.20340075000422,-0.0015281140804290771,-0.11337149143218994,0.11427843570709229,0.0587327666580677,-1.0080146789550781,0.11263570934534073,-1.931089927892404,0.22057237946142508,0.19199698158227715
28.21345475000271,0.010943606495857239,-0.17881906032562256,0.20642399787902832,-0.2599794268608093,-1.0592979192733765,0.1350366324186325,-1.9411644517303561,0.21971647859566243,0.19053857858644277
28.22350975000154,0.0129174143075943,-0.09159255027770996,0.19767099618911743,-0.3243633806705475,-1.0599303245544434,0.1512424349784851,-1.9511029513866134,0.21950623688895907,0.18700388444194738
28.23356475000037,0.010948702692985535,0.050511717796325684,0.153062641620636,-0.20677444338798523,-0.9866050481796265,0.14901097118854523,-1.960669579747403,0.21919455284508324,0.1837398143586825
28.24361874999886,0.004462987184524536,0.03700774908065796,0.12789654731750488,-0.033501286059617996,-0.9429643154144287,0.15857753157615662,-1.9699109718337795,0.21829144225387095,0.18200937359619546
28.253673750004964,-0.010427609086036682,-0.03050684928894043,0.1282573938369751,0.018960054963827133,-0.9058787226676941,0.1754864752292633,-1.9791382706752594,0.21669494954246138,0.18141434916015292
28.263728750003793,-0.04652749001979828,-0.06536036729812622,0.14101535081863403,0.013383662328124046,-0.8387686610221863,0.19755762815475464,-1.98776497250009,0.21490626487662048,0.18079591870362116
28.273782750002283,-0.06659886240959167,-0.03140753507614136,0.20575547218322754,0.020532919093966484,-0.7133350968360901,0.22843405604362488,-1.9955129929524058,0.21284010845205084,0.18013229318096177
28.283837750001112,-0.08424165844917297,0.006181836128234863,0.3843672275543213,-0.05263401195406914,-0.508939802646637,0.24189023673534393,-2.001468806701167,0.21072974957511656,0.1789992743316193
28.29389274999994,-0.07021644711494446,0.01639235019683838,0.49521076679229736,-0.07018078863620758,-0.25660738348960876,0.25111091136932373,-2.0049592762449304,0.20879090070763803,0.17718724387138945
28.303946750005707,-0.03553047776222229,0.20036816596984863,0.41622596979141235,0.26971471309661865,0.054605625569820404,0.2214302271604538,-2.0058684337731107,0.20628264410575894,0.17674186136170936
28.314001750004536,0.0016486942768096924,0.38972508907318115,0.29849696159362793,0.7142367959022522,0.3227662444114685,0.1531856656074524,-2.0047070665738986,0.2024961301389745,0.180609763097486
28.324056750003365,0.02749761939048767,0.3318710923194885,0.2880629897117615,1.0870661735534668,0.44361063838005066,0.07442837953567505,-2.0023538805422563,0.19752297477896616,0.18876790643608093
28.334111750002194,0.0402245819568634,0.19894939661026,0.2649960517883301,0.9658199548721313,0.473320871591568,-0.006998301483690739,-1.9996032919693665,0.19274093753398375,0.19848529958029817
28.344165750000684,0.03685678541660309,0.0023645758628845215,0.35120898485183716,0.40421923995018005,0.4613468647003174,-0.10854513943195343,-1.9961674980917588,0.1903833298958143,0.20525350930677128
28.354220749999513,0.03877644240856171,-0.13559329509735107,0.42597532272338867,-0.14118576049804688,0.41925615072250366,-0.18476028740406036,-1.9920373490660224,0.19124898469071488,0.20689927835613475
28.364275750005618,0.028652116656303406,-0.023822367191314697,0.32580018043518066,-0.2411530613899231,0.3746587336063385,-0.22755736112594604,-1.9878705572855517,0.19407879539249345,0.20567296437786997
28.374329750004108,-0.03179921209812164,0.10403597354888916,0.2907710671424866,-0.06782414764165878,0.45542654395103455,-0.2216712385416031,-1.9836680151566959,0.1967950867271842,0.20512676167002625
28.384384750002937,-0.10951969027519226,-0.04511982202529907,0.34814316034317017,0.017319947481155396,0.6051534414291382,-0.14539478719234467,-1.9784249506920006,0.19857556348084388,0.20574916427709886
28.394439750001766,-0.12266328930854797,-0.15975844860076904,0.34757566452026367,0.053183939307928085,0.6780558824539185,-0.08718875050544739,-1.9721432382945312,0.1994684878284921,0.2065574566427013
28.404493750000256,-0.1349947303533554,-0.05489456653594971,0.34314459562301636,0.06877727806568146,0.7902148962020874,-0.07476392388343811,-1.9650063000583204,0.20000545577070655,0.20742646228507305
28.414548749999085,-0.141339510679245,-0.028363406658172607,0.2762453556060791,0.13133414089679718,0.9043055176734924,-0.048391442745923996,-1.9567206175754142,0.20021155534576549,0.20855252745479522
28.42460375000519,-0.12382616102695465,-0.02584397792816162,0.24792295694351196,0.1861961930990219,1.012917399406433,-0.0405098982155323,-1.947439052803006,0.1999919033891386,0.21027117202863255
28.43465775000368,-0.09018644690513611,-0.00013208389282226562,0.23192262649536133,0.1844765841960907,1.1064707040786743,-0.04769883304834366,-1.9371463059990972,0.19970275161004614,0.212266952782632
28.44471275000251,-0.04158954322338104,0.017168521881103516,0.2543871998786926,0.11642114818096161,1.168336033821106,-0.05695909634232521,-1.9260374573465902,0.19964152777306113,0.21391879834834826
28.454767750001338,0.002567395567893982,0.026339292526245117,0.2734742760658264,0.045495837926864624,1.2186594009399414,-0.07271569222211838,-1.9142293634510599,0.19998135845329482,0.21485564094163376
28.464821749999828,0.02895110845565796,0.06292712688446045,0.31143486499786377,0.025785204023122787,1.3091341257095337,-0.11636865139007568,-1.901703785018603,0.20078993434322778,0.21548326095665968
28.474876749998657,0.04856152832508087,0.0889924168586731,0.3019108176231384,0.08703231811523438,1.4220396280288696,-0.1550382822751999,-1.8881809737844208,0.20190815745083845,0.21647841176537888
28.484931750004762,0.06586809456348419,0.06560546159744263,0.32496869564056396,0.08118756115436554,1.5626723766326904,-0.1426577866077423,-1.8733944262987299,0.2031297097428051,0.2177514326414254
28.49498675000359,0.07300223410129547,0.003714323043823242,0.2923099398612976,0.10950388759374619,1.673662781715393,-0.12202547490596771,-1.8573683078445236,0.20413184354485545,0.219036760366955
28.50504075000208,0.06833066046237946,0.02247411012649536,0.23100583255290985,0.1950567364692688,1.7760257720947266,-0.12496162950992584,-1.840418078309764,0.2049054288128505,0.22084933802168144
28.51509575000091,0.043211594223976135,0.03603243827819824,0.2520105242729187,0.2633090317249298,1.9149045944213867,-0.11356676369905472,-1.8224182399833617,0.20548705392577338,0.2234862568994158
28.52515074999974,0.028569132089614868,-0.02829843759536743,0.30717867612838745,0.26342931389808655,2.0460777282714844,-0.07903063297271729,-1.8030533845703507,0.20578908456041325,0.22646355590259318
28.535204750005505,0.03181958198547363,-0.075797438621521,0.28981131315231323,0.32749298214912415,2.182074785232544,-0.057658497244119644,-1.7824014218970823,0.20580625538245095,0.22944916618482242
28.545259750004334,0.03759707510471344,-0.0338517427444458,0.19045841693878174,0.5493127107620239,2.2470617294311523,-0.05162116140127182,-1.7610738107421566,0.20550204317714466,0.2338660533391318
28.555314750003163,0.04513227939605713,0.027723371982574463,0.1687678098678589,0.7267117500305176,2.2648751735687256,-0.04041937366127968,-1.7397269155142687,0.20485088558984196,0.24049508965834546
28.565368750001653,0.032797813415527344,-0.07290107011795044,0.24423784017562866,0.6398129463195801,2.2754623889923096,-0.03718840330839157,-1.7184053016706842,0.20404974222274025,0.24773814778723438
28.575423166665132,0.01541110873222351,-0.24136018753051758,0.339510440826416,0.1473718285560608,2.23500919342041,-0.05798742547631264,-1.6965658392407366,0.2040258930071632,0.25209625083501414
28.585478166671237,-0.008227840065956116,-0.3333626389503479,0.3643321990966797,-0.3594058156013489,2.269129991531372,-0.07517460733652115,-1.6736903505630647,0.2047988374569027,0.2508288205219241
28.595532166669727,-0.012063160538673401,-0.1465214490890503,0.3338814377784729,-0.5401617288589478,2.384798049926758,-0.029596474021673203,-1.649367588846449,0.20581159095944998,0.24604209410671157
28.605587166668556,0.0109025239944458,0.08951234817504883,0.20370571315288544,-0.27964329719543457,2.577869415283203,0.024322018027305603,-1.6234281830123092,0.20607141329361198,0.24150106403065047
28.615642166667385,0.06528739631175995,0.20651233196258545,-0.07205639779567719,0.41360336542129517,2.647732734680176,0.00372140109539032,-1.597287760468042,0.20584558689820115,0.2422604385496349
28.625696166665875,0.10959689319133759,0.2343197464942932,-0.05630342662334442,0.8018734455108643,2.6596522331237793,0.006788137834519148,-1.5719994116433058,0.20575702237373142,0.24884755858491217
28.63575116667198,0.10169856250286102,0.012394368648529053,-0.09485778212547302,0.7309311032295227,2.6392388343811035,-0.024495482444763184,-1.5469027813893053,0.20582239656858495,0.2570715135231467
28.64580616667081,0.13839149475097656,-0.11743003129959106,-0.18395638465881348,0.39589306712150574,2.403928756713867,-0.08636438846588135,-1.5227001432709022,0.20650975443842884,0.26283681697040545
28.655861166669638,0.12242250144481659,-0.06477516889572144,-0.1312738060951233,0.08028320223093033,2.140056848526001,-0.22673454880714417,-1.5003408396365934,0.2082297209514201,0.2650814820057155
28.665915166668128,0.08013005554676056,0.00739896297454834,-0.03606611490249634,-0.27273839712142944,1.9015954732894897,-0.3039286732673645,-1.4798484269975845,0.21095708794740858,0.2639407610411627
28.675970166666957,0.05248384177684784,0.036298155784606934,-0.03863540291786194,-0.5458530187606812,1.7666096687316895,-0.35393112897872925,-1.4605224427891041,0.21373061415821146,0.2593179849544898
28.686025166665786,0.053130894899368286,0.14251220226287842,-0.11150960624217987,-0.5754173398017883,1.7030134201049805,-0.41701754927635193,-1.44173735836762,0.21687915059284443,0.25286277569719
28.696079166671552,0.04692600667476654,0.27977216243743896,-0.12907683849334717,-0.3640134930610657,1.7491140365600586,-0.4660668671131134,-1.4232058883499454,0.2206082565243289,0.24723565205420175
28.70613416667038,0.054170891642570496,0.3226500153541565,-0.17373445630073547,-0.05062257498502731,1.8018269538879395,-0.5099419951438904,-1.4047288016627668,0.22509969822781434,0.24438145743960576
28.71618916666921,0.06872859597206116,0.24909257888793945,-0.14370611310005188,0.13721416890621185,1.8654389381408691,-0.5728370547294617,-1.3862185529297404,0.2305276159196271,0.2439662746035739
28.7262431666677,0.07587075233459473,0.12737268209457397,-0.07314734160900116,0.0319453626871109,1.9118231534957886,-0.6183657646179199,-1.3672205574549439,0.2366052110105797,0.24376531388279427
28.73629816666653,0.07666701078414917,0.029224276542663574,-0.046585798263549805,-0.16099798679351807,1.9376167058944702,-0.6813511252403259,-1.347368334130993,0.2428383967120238,0.24160992247259297
28.746353166665358,0.06201639771461487,0.01974356174468994,0.003465116024017334,-0.21020197868347168,2.0010921955108643,-0.7210816144943237,-1.3267258519477487,0.24926962184766677,0.23790743946940135
28.756407166671124,0.06491062045097351,0.11554157733917236,0.0017471462488174438,-0.05875253677368164,2.100059747695923,-0.727635383605957,-1.3052271279978471,0.2559719399918752,0.23446221751949176
28.766462166669953,0.10597729682922363,0.14631378650665283,-0.024810194969177246,0.11686743795871735,2.1156675815582275,-0.7070581912994385,-1.2835724758587124,0.26297062565277124,0.2326452298737241
28.776517166668782,0.13383473455905914,0.07768726348876953,0.018421068787574768,0.20484496653079987,2.1038658618927,-0.7029915452003479,-1.262204295280741,0.27018222022473076,0.23207287523361794
28.786571166667272,0.12941136956214905,-0.005490660667419434,0.045585229992866516,0.1756725311279297,2.068938732147217,-0.7350354790687561,-1.2411169261868589,0.2777469059601388,0.23179603628838907
28.7966261666661,0.15309599041938782,0.01855260133743286,-0.021957457065582275,0.08779167383909225,2.028395891189575,-0.7669246792793274,-1.2200950589872381,0.2852595587346653,0.23047040773929853
28.806681166672206,0.15025773644447327,0.04449594020843506,-0.020207107067108154,0.0026458860374987125,2.0076963901519775,-0.7735188007354736,-1.1991151542250273,0.29267850613823576,0.22791710715062713
28.816735166670696,0.14314574003219604,-0.0009335875511169434,0.009496420621871948,-0.1178102195262909,1.9630671739578247,-0.7449891567230225,-1.1781632293247362,0.29955669317778166,0.22440511797439366
28.826790166669525,0.1324048936367035,-0.006016731262207031,0.08751189708709717,-0.2755095660686493,1.9557467699050903,-0.7669690251350403,-1.1570589711197734,0.30577247876608354,0.21940772706595793
28.836845166668354,0.09133104979991913,0.04190778732299805,0.22810408473014832,-0.4066644012928009,2.0189876556396484,-0.7964118719100952,-1.1350678250190498,0.3114819397712539,0.2126093931584286
28.846899166666844,0.05677725374698639,0.1112983226776123,0.34815269708633423,-0.5040464401245117,2.173722982406616,-0.7948334217071533,-1.1115813731992052,0.3166865697764171,0.204601991336839
28.856954166665673,0.05833497643470764,0.15894752740859985,0.3415374159812927,-0.5261008739471436,2.387087821960449,-0.8279391527175903,-1.0858167123748146,0.321466596688224,0.19569044040938624
28.867009166671778,0.095264732837677,0.21777522563934326,0.23180848360061646,-0.320029616355896,2.5269312858581543,-0.9058322906494141,-1.0583700071055189,0.3270449972777294,0.18717538400880568
28.877064166670607,0.12742704153060913,0.32714909315109253,0.19720220565795898,-0.0328173004090786,2.632249116897583,-0.9596135020256042,-1.030251978140338,0.3342730237771115,0.18050972091774317
28.887118166669097,0.13075657188892365,0.2750825881958008,0.16965943574905396,0.16638515889644623,2.674682855606079,-1.0173747539520264,-1.0019472591036658,0.34306162805163387,0.1757300988384136
28.897173166667926,0.12540754675865173,0.08323264122009277,0.14694711565971375,0.07492420822381973,2.6221349239349365,-1.0598849058151245,-0.9735376742698892,0.3524364924244776,0.17064516260494378
28.907228166666755,0.09959398210048676,-0.0030691027641296387,0.1467040777206421,-0.19771645963191986,2.5518600940704346,-1.1499370336532593,-0.9450281001368849,0.3613237251091058,0.16338785409778617
28.917282166665245,0.06889687478542328,-0.04947459697723389,0.16752490401268005,-0.431551069021225,2.5009043216705322,-1.1432183980941772,-0.9160428628975741,0.36857610029794896,0.1532996475988085
28.92733716667135,0.02858521044254303,-0.09167122840881348,0.24739649891853333,-0.6678903102874756,2.5357890129089355,-1.1463559865951538,-0.8862738564676542,0.3741842960757807,0.14090461900005244
28.93739216667018,0.010864928364753723,-0.07614588737487793,0.35792306065559387,-0.8109592795372009,2.672591209411621,-1.0941213369369507,-0.8549751038688062,0.37794690373875395,0.1268321902895596
28.94744616666867,0.040388673543930054,-0.013723492622375488,0.3168690800666809,-0.8125206828117371,2.8153064250946045,-1.034245491027832,-0.8220738954495787,0.3804031489375671,0.11250343929685819
28.957501166667498,0.11345888674259186,0.054564058780670166,0.23588281869888306,-0.7027526497840881,2.9254229068756104,-0.989779531955719,-0.7881695750327852,0.3823944821253421,0.09891969073675316
28.967556166666327,0.1639544814825058,0.03610187768936157,0.15767115354537964,-0.6341094970703125,2.99141526222229,-0.9550869464874268,-0.7536376184604132,0.3843899437177302,0.08631474208721768
28.977610166672093,0.21747198700904846,-0.010783135890960693,0.0806887149810791,-0.643039882183075,2.9708707332611084,-0.9122664928436279,-0.7190886651852731,0.38601602754410075,0.07418573903064041
28.987665166670922,0.22819410264492035,-0.035263895988464355,0.07637560367584229,-0.754033625125885,2.921271324157715,-0.8752357959747314,-0.6848337526874239,0.386440452982741,0.06187723294327475
28.99772016666975,0.21338018774986267,-0.10140460729598999,0.06533950567245483,-0.9470129609107971,2.8633642196655273,-0.851428747177124,-0.6508474780555915,0.38510408043559546,0.0488094753654262
29.00777416666824,0.2075118124485016,-0.14487498998641968,0.07026040554046631,-1.1086338758468628,2.8344175815582275,-0.7922190427780151,-0.6171177829790709,0.3817008466927275,0.03502294584617117
29.01782916666707,0.1805354207754135,-0.13686317205429077,0.10063531994819641,-1.2580546140670776,2.854665756225586,-0.7219909429550171,-0.5833411359549282,0.37615223163801464,0.02093965287066947
29.0278841666659,0.18027997016906738,-0.1063159704208374,0.13955733180046082,-1.378612756729126,2.9018681049346924,-0.6060585975646973,-0.5494133398695646,0.3684759458446876,0.007267079208207294
29.037939166672004,0.1842809021472931,-0.08855903148651123,0.09991100430488586,-1.381059169769287,2.9985907077789307,-0.4971510171890259,-0.5152141429125888,0.359224961774315,-0.005406380086479811
29.047993166670494,0.2210678607225418,-0.05501621961593628,-0.03955903649330139,-1.1859972476959229,2.9979662895202637,-0.42217519879341125,-0.48121289470822065,0.3499813370312531,-0.01630281216202525
29.058048166669323,0.28059929609298706,-0.0015418529510498047,-0.09913459420204163,-1.01939857006073,2.9210550785064697,-0.387593537569046,-0.44833332469100245,0.3419391908172408,-0.0254285974984791
29.068103166668152,0.2923862338066101,-0.03579890727996826,-0.10905218124389648,-0.9511724710464478,2.8222291469573975,-0.35297924280166626,-0.41680792812830036,0.3345852518479431,-0.03338947103912102
29.078157166666642,0.2868608832359314,-0.10513091087341309,-0.11924794316291809,-1.0308500528335571,2.6976754665374756,-0.3061795234680176,-0.3866443305750558,0.32679680711684767,-0.04068711199252607
29.08821216666547,0.292603075504303,-0.10933655500411987,-0.11821204423904419,-1.188004732131958,2.5610570907592773,-0.24778538942337036,-0.35799924767196917,0.3174218246003655,-0.047701030181400546
29.098267166671576,0.2752522826194763,-0.10572600364685059,-0.12028656899929047,-1.3148225545883179,2.4397470951080322,-0.21077784895896912,-0.3308106897541511,0.3063276787103939,-0.054450304583701176
29.108321166670066,0.2521664500236511,-0.09096741676330566,-0.11712008714675903,-1.4048652648925781,2.356198787689209,-0.15532241761684418,-0.3048543356061229,0.29386638153888306,-0.06076593191114511
29.118376166668895,0.2394074648618698,-0.08047729730606079,-0.1257920116186142,-1.429986834526062,2.2961268424987793,-0.11048144847154617,-0.2798360170535276,0.2805462722408169,-0.06642737094791863
29.128431166667724,0.26317715644836426,-0.05167144536972046,-0.14123564958572388,-1.4157413244247437,2.209489583969116,-0.036580640822649,-0.255906720553717,0.26693501180241763,-0.07112462587748902
29.138485166666214,0.2722194194793701,-0.0237615704536438,-0.13073478639125824,-1.4058148860931396,2.1227664947509766,0.004893831443041563,-0.23321398452747663,0.2531907396784067,-0.07481598413504328
29.14854016667232,0.271282821893692,-0.04011660814285278,-0.11436127126216888,-1.3866153955459595,2.034168004989624,0.050869736820459366,-0.21164296933015603,0.23945934833437835,-0.07772859191052955
29.158595166671148,0.26383107900619507,-0.038899004459381104,-0.13817907869815826,-1.3285541534423828,1.9656559228897095,0.09596983343362808,-0.1910439175227864,0.22583836485008624,-0.07983439307724015
29.16864916666964,0.26439499855041504,-0.0010559558868408203,-0.17137090861797333,-1.2099239826202393,1.8681437969207764,0.11836789548397064,-0.17146967164152568,0.21307718149510055,-0.08109007471139264
29.178704166668467,0.28638213872909546,0.06170332431793213,-0.1849132776260376,-1.1941876411437988,1.7174938917160034,0.15184304118156433,-0.15330022019834116,0.20100967099251815,-0.08170807393922877
29.188759166667296,0.29127633571624756,0.049904048442840576,-0.19729435443878174,-1.19036865234375,1.53546941280365,0.1520678848028183,-0.13695858221952228,0.18897341428142564,-0.0819100526233508
29.198813166665786,0.27414172887802124,0.029514729976654053,-0.1997912973165512,-1.2655729055404663,1.360396385192871,0.15535981953144073,-0.12242669330229966,0.176566160242103,-0.08197861397538518
29.20886816667189,0.25044015049934387,0.03644394874572754,-0.21897459030151367,-1.3112229108810425,1.1999456882476807,0.1493910253047943,-0.1096163622528573,0.16348814407204165,-0.08195202954380072
29.21892316667072,0.21748222410678864,0.04896587133407593,-0.2278725504875183,-1.2996171712875366,1.0947158336639404,0.14535899460315704,-0.09810166447600124,0.15018723127473746,-0.08187943570078385
29.22897816666955,0.19321706891059875,0.05492013692855835,-0.22595399618148804,-1.2385250329971313,1.0110923051834106,0.17309319972991943,-0.08759276728198664,0.1373164879290029,-0.08146543598667655
29.23903216666804,0.16362017393112183,0.06923699378967285,-0.22125935554504395,-1.1017674207687378,0.9674620032310486,0.18582656979560852,-0.07775519087065623,0.1254495087233582,-0.08063572771176379
29.249087166666868,0.14349383115768433,0.07052958011627197,-0.22607332468032837,-0.9496795535087585,0.9344652891159058,0.21200238168239594,-0.06834517682034374,0.1149795588866314,-0.07939066362605385
29.259142166665697,0.1365315318107605,0.05528461933135986,-0.2444707751274109,-0.8212211728096008,0.8861374258995056,0.2487287074327469,-0.05940008983936076,0.10596392551357246,-0.07763578672586874
29.269196166671463,0.1366257220506668,0.04722559452056885,-0.2652142643928528,-0.671638011932373,0.8365801572799683,0.2924325466156006,-0.05094561463953483,0.09831918591365112,-0.07532604939208096
29.279251166670292,0.13081800937652588,0.06326073408126831,-0.2768780589103699,-0.549319326877594,0.7626140713691711,0.3134893476963043,-0.04317991053420004,0.09206307914856768,-0.07254820739149043
29.28930616666912,0.11252643167972565,0.06173902750015259,-0.2666792869567871,-0.4531402885913849,0.7027395367622375,0.3175022006034851,-0.03606091346359014,0.08690178637787856,-0.06955337583492517
29.29936016666761,0.09490004181861877,0.032206952571868896,-0.2566949129104614,-0.40579912066459656,0.6212862133979797,0.31622177362442017,-0.029638467217751152,0.082551200760901,-0.06648120433071554
29.30941516666644,0.0799315869808197,0.01734340190887451,-0.2616487145423889,-0.42106491327285767,0.5474399924278259,0.31206563115119934,-0.02404011945558781,0.07832756959586167,-0.0634019147697003
29.31947016666527,0.07159982621669769,0.010251343250274658,-0.2653864622116089,-0.435766339302063,0.4954976737499237,0.30823469161987305,-0.019025515415692622,0.07392536635978372,-0.06035730255198565
29.329524166671035,0.06866537779569626,0.019135355949401855,-0.24423342943191528,-0.3956868350505829,0.4256826341152191,0.29300832748413086,-0.014600926581520509,0.0696713762458488,-0.057388255157994866
29.339579166669864,0.06081758439540863,0.043507933616638184,-0.23679476976394653,-0.33405864238739014,0.32707563042640686,0.29831627011299133,-0.011010840884558224,0.06595630541575927,-0.05447450136038665
29.349634166668693,0.042788065969944,0.059976935386657715,-0.23004990816116333,-0.24167653918266296,0.2546524405479431,0.3096891939640045,-0.008306803131830676,0.06300900762786589,-0.051436598381083845
29.359688166667183,0.02672819048166275,0.08032792806625366,-0.20944231748580933,-0.15234346687793732,0.19125720858573914,0.31260085105895996,-0.006235617724555648,0.060991868722354375,-0.04830421868502247
29.369743166666012,0.021388418972492218,0.09956640005111694,-0.1800747513771057,-0.09450622648000717,0.11924413591623306,0.2858804166316986,-0.004848006667787798,0.05976078219206092,-0.04527617967549558
29.379798166672117,0.010714761912822723,0.08154034614562988,-0.13505887985229492,-0.05609678849577904,0.047229066491127014,0.23972409963607788,-0.004143175916499507,0.059025824055945114,-0.04261816541477264
29.389852166670607,0.005258060991764069,0.07274132966995239,-0.11186164617538452,-0.0650174468755722,-0.04170679673552513,0.18329909443855286,-0.004243651093108907,0.0584344649484471,-0.040503794515431554
29.399907166669436,0.0044053420424461365,0.08491194248199463,-0.10787099599838257,-0.09165119379758835,-0.11261292546987534,0.13722774386405945,-0.005123215811304946,0.05765856363592482,-0.038903555989896976
29.409962166668265,0.004900991916656494,0.0756692886352539,-0.09963136911392212,-0.10206201672554016,-0.1736840009689331,0.09329809993505478,-0.006656936190653902,0.056669576288289676,-0.03775855319763431
29.420017166667094,-0.0003915354609489441,0.07183998823165894,-0.09197860956192017,-0.09312231838703156,-0.22391335666179657,0.06179450452327728,-0.008710721304808348,0.05568364710928024,-0.0370035553264486
29.430071166665584,-0.001639038324356079,0.07130897045135498,-0.08427292108535767,-0.09031561762094498,-0.26127538084983826,0.03482520580291748,-0.011179629533379313,0.0547649542032897,-0.036527857220368304
29.44012616667169,-0.0006097778677940369,0.05298548936843872,-0.07673662900924683,-0.07253182679414749,-0.29046866297721863,0.016597731038928032,-0.013965271786120155,0.053987147027558094,-0.03627578942523601
29.450181166670518,0.0003294721245765686,0.04207742214202881,-0.05499917268753052,-0.07544346153736115,-0.3033367991447449,0.008057240396738052,-0.016962524210938953,0.05318272088951448,-0.03617584609477468
29.46023516666901,0.0007704198360443115,0.0297243595123291,-0.038559261709451675,-0.07611670345067978,-0.30770599842071533,0.014990514144301414,-0.02003175784885393,0.05241409441132188,-0.036098745287637984
29.470290166667837,9.157508611679077e-05,0.018778681755065918,-0.024747729301452637,-0.041479673236608505,-0.29756292700767517,0.04015171155333519,-0.02310195663963208,0.05182017298617907,-0.035833167011676166
29.480345166666666,0.002937301993370056,-0.0023413896560668945,-0.010016322135925293,-0.015161251649260521,-0.2794017493724823,0.06854180991649628,-0.026047020762750544,0.05157677619621847,-0.03530657252830542
29.490399166665156,-0.000957980751991272,-0.028645455837249756,0.02621430531144142,0.018538078293204308,-0.25114816427230835,0.06874418258666992,-0.02879754824801632,0.05148860737956832,-0.03460416373642399
29.50045416667126,0.008520200848579407,-0.027547836303710938,0.05124813690781593,0.06955918669700623,-0.23857617378234863,0.05615994706749916,-0.031292938510646524,0.05195942002215026,-0.033947609912163446
29.51050916667009,0.02189932018518448,-0.007667422294616699,0.06034839153289795,0.10090813785791397,-0.23223067820072174,0.04322604089975357,-0.03367052074098945,0.05277113216324784,-0.033445668652490816
29.52056316666858,0.031222060322761536,-0.0022531747817993164,0.05924653634428978,0.05699154734611511,-0.21739552915096283,0.05523822829127312,-0.03593367387988065,0.053604915147701285,-0.032915765196056324
29.53061816666741,0.03333401679992676,-0.028943300247192383,0.05303305387496948,0.01883009262382984,-0.19947658479213715,0.07084938138723373,-0.03805205658497078,0.05395638544256292,-0.03227503595273417
29.540673166666238,0.03318645805120468,-0.04879516363143921,0.04452228546142578,-0.004017697647213936,-0.19091905653476715,0.09090272337198257,-0.04004995267468558,0.054015967358030895,-0.03146414952854302
29.550727166672004,0.029809527099132538,-0.05135238170623779,0.0464516282081604,-0.05835350975394249,-0.17697060108184814,0.12536272406578064,-0.04196957727879142,0.05370278735491385,-0.03040125242398196
29.560782166670833,0.023606956005096436,-0.06016135215759277,0.05275452136993408,-0.13537664711475372,-0.15813487768173218,0.16115747392177582,-0.04373126196181167,0.052719555188678026,-0.02901930494635502
29.570837166669662,0.02337229996919632,-0.0814027190208435,0.06700515747070312,-0.2612484097480774,-0.15766017138957977,0.20560704171657562,-0.04539376942691832,0.05065822094424172,-0.02728099822571026
29.5808910416672,0.019927069544792175,-0.08866924047470093,0.06348764896392822,-0.3408476412296295,-0.14667941629886627,0.26378488540649414,-0.04701716033942003,0.047481052528115374,-0.025044963888138195
29.59094604166603,0.008591517806053162,-0.08055084943771362,0.0790940523147583,-0.3473052382469177,-0.1267058402299881,0.3109787106513977,-0.04851785174865621,0.043882539955249114,-0.02232044322085245
29.601001041672134,-0.0030851438641548157,-0.06844568252563477,0.09427297115325928,-0.24959172308444977,-0.10799607634544373,0.3224838376045227,-0.049854311904613424,0.040720877865974565,-0.019261981249078006
29.611056041670963,0.000391446053981781,-0.029269278049468994,0.10726892948150635,-0.13791455328464508,-0.07443384826183319,0.34720197319984436,-0.05091051438837812,0.03866817879650324,-0.016010109059114673
29.621110041669453,0.0021720528602600098,-0.0012615323066711426,0.13807690143585205,-0.14721377193927765,-0.07234566658735275,0.3868447244167328,-0.0517994140083799,0.03707463884020216,-0.012434062615703928
29.631165041668282,-0.00695328414440155,-0.02410709857940674,0.14531254768371582,-0.1613745093345642,-0.057383228093385696,0.3927486836910248,-0.05253554102659787,0.03538763312292223,-0.008536556743991763
29.64122004166711,-0.013130798935890198,-0.03782784938812256,0.188398540019989,-0.3119294047355652,-0.02767433226108551,0.40908291935920715,-0.053103082415728725,0.03277399137162578,-0.004667047415578497
29.6512740416656,-0.008887089788913727,-0.03402519226074219,0.23838204145431519,-0.49270176887512207,-0.05259379744529724,0.44840869307518005,-0.053657716861685335,0.0284742793418306,-0.0005546889746929223
29.661329041671706,-0.01679069548845291,-0.012204527854919434,0.3047197461128235,-0.618158757686615,-0.11998216062784195,0.5010322332382202,-0.05457949658838218,0.02261362879188615,0.00386939096341205
29.671384041670535,-0.03093082830309868,0.019951820373535156,0.36850273609161377,-0.5376442670822144,-0.27835169434547424,0.5540716052055359,-0.056639677363255335,0.016408659884922232,0.00884170184217794
29.681438041669026,-0.04168098047375679,0.05775654315948486,0.4229099750518799,-0.2854061424732208,-0.5427380800247192,0.6352655291557312,-0.060859569595622505,0.011784881330663488,0.014667847522527986
29.691493041667854,-0.04696548357605934,0.07952356338500977,0.4626963138580322,0.02549043670296669,-0.9223356246948242,0.6962451338768005,-0.0681307851118317,0.01000053360058866,0.021204896869671273
29.701548041666683,0.01754486933350563,0.08807426691055298,0.3344043493270874,0.17026174068450928,-1.5597038269042969,1.0091040134429932,-0.08081785158825754,0.010214045506650058,0.029728669483035045
29.711602041665174,0.03274477273225784,0.03790658712387085,0.16684222221374512,0.13296514749526978,-2.051180601119995,1.2338411808013916,-0.09912035947862606,0.010932615085406135,0.04109696455417085
29.72165704167128,-0.04734434187412262,-0.14876115322113037,-0.0930933952331543,-0.1589127779006958,-1.8580650091171265,1.365386724472046,-0.11939223206555323,0.009556414869331517,0.054032676898359035
29.731712041670107,-0.16964933276176453,-0.34979623556137085,-0.41197049617767334,-0.5172047019004822,-1.1943529844284058,1.3340656757354736,-0.13488364145247272,0.00439083496724826,0.06721926651437912
29.741766041668598,-0.1488267034292221,-0.380068302154541,-0.5753051042556763,-0.7107898592948914,-0.6706418395042419,1.1321243047714233,-0.14410551822561932,-0.0035458431219781506,0.07869910840784317
29.751821041667426,-0.04656850919127464,-0.2910427451133728,-0.4800204038619995,-0.7916772365570068,-0.27473539113998413,0.9697622060775757,-0.1487308395412085,-0.012724078406691191,0.0879330536804582
29.761876041666255,-0.02150871604681015,-0.18507462739944458,-0.271561861038208,-0.5944152474403381,-0.04751687869429588,0.8147238492965698,-0.15006964620254282,-0.020930935680928926,0.0958459222996967
29.77193004167202,-0.01852525770664215,-0.07134896516799927,0.09630632400512695,-0.6459754705429077,0.19089674949645996,0.7992185950279236,-0.14931798423804848,-0.028121608291117976,0.10276121114942129
29.78198504167085,-0.04723202437162399,-0.05009770393371582,0.22905826568603516,-0.7246031761169434,0.3053484857082367,0.8899080157279968,-0.14653493504052403,-0.03619526515998806,0.1101477286655824
29.79204004166968,-0.03422397002577782,-0.07015645503997803,0.23854780197143555,-0.7993562817573547,0.44120725989341736,1.0806472301483154,-0.14221700504385243,-0.045314106967512216,0.1190028655312007
29.802095041668508,0.01721605658531189,-0.048725008964538574,0.11132753640413284,-0.750471293926239,0.5075125694274902,1.1447782516479492,-0.13686584713616276,-0.0546557929734906,0.12898604889866963
29.812149041667,0.043148189783096313,-0.0147133469581604,0.0664743110537529,-0.6957316994667053,0.5489886999130249,1.0765774250030518,-0.1310078237868825,-0.06327843345937756,0.13914218832980746
29.822204041665827,0.034961119294166565,-0.05578422546386719,-0.004104383289813995,-0.5747535824775696,0.6522676944732666,1.0671225786209106,-0.12407579194971811,-0.07107900873202558,0.14899109523193851
29.832259041671932,0.05489499866962433,0.0019888877868652344,-0.029711969196796417,-0.48667284846305847,0.6303486824035645,1.0856958627700806,-0.1169186107196416,-0.07765137662030443,0.1591392618485273
29.842313041670423,0.0749424397945404,0.024025142192840576,0.030612587928771973,-0.44860056042671204,0.6431214809417725,1.018425464630127,-0.10962881302324627,-0.08350561220296696,0.168985173151305
29.85236804166925,0.10203003883361816,0.0011036396026611328,0.0529557541012764,-0.33495935797691345,0.6272366642951965,1.1245100498199463,-0.10244542309040867,-0.08869767251322205,0.17931011686037618
29.86242304166808,0.08435611426830292,0.07234400510787964,0.09023654460906982,-0.43436452746391296,0.603374183177948,1.0997461080551147,-0.09545562606696278,-0.09364107513438799,0.19014442986196076
29.87247704166657,0.0476345419883728,0.0021224617958068848,0.046541452407836914,-0.40791088342666626,0.6908305287361145,1.1313313245773315,-0.08774185980688139,-0.0990011542984389,0.20098620079237725
29.8825320416654,0.049071937799453735,0.0062029361724853516,0.07602941989898682,-0.41149789094924927,0.6386637091636658,1.0688128471374512,-0.07991439338235834,-0.10391990981513254,0.21166114587950227
29.892587041671504,0.04961107671260834,0.01730966567993164,0.07374680042266846,-0.32911989092826843,0.597509503364563,1.1273125410079956,-0.0724901643832983,-0.10864769345126131,0.22254844201581833
29.902641041669995,0.001660674810409546,-0.013650715351104736,0.055188409984111786,-0.24228112399578094,0.5770604014396667,1.1565990447998047,-0.06528528680262355,-0.11223325991141887,0.23383157410332311
29.912696041668823,-0.038962140679359436,-0.0866813063621521,0.04986359179019928,-0.27800339460372925,0.6083160042762756,1.1514458656311035,-0.058036979503344285,-0.1154433511508286,0.24537961216650467
29.922751041667652,-0.09377746284008026,-0.1804099678993225,0.027266621589660645,-0.39505037665367126,0.666048526763916,1.1114842891693115,-0.050358100572397944,-0.11956562013105773,0.2565840391204129
29.932805041666143,-0.08302325010299683,-0.1422443389892578,-0.009541042149066925,-0.4913535714149475,0.6391319036483765,1.1252508163452148,-0.042410583344653835,-0.12451558351704181,0.26768590413464843
29.942860041672247,-0.07805268466472626,-0.07756119966506958,-0.018834233283996582,-0.5219064354896545,0.5914568305015564,1.163200855255127,-0.03479065829203173,-0.1301594984111103,0.27903051123034367
29.952915041671076,-0.11357106268405914,-0.10435634851455688,-0.03707946836948395,-0.4802311956882477,0.5749152302742004,1.2246712446212769,-0.027381445872820005,-0.13547764442808713,0.29099599407740423
29.962970041669905,-0.1521504670381546,-0.1266535520553589,-0.022511973977088928,-0.5878018736839294,0.608568012714386,1.2606370449066162,-0.019675482076548168,-0.14109986114432255,0.30350103129255823
29.973024041668396,-0.13365860283374786,-0.11334288120269775,-0.0045124441385269165,-0.8291798233985901,0.6000217795372009,1.293755292892456,-0.011729753804205028,-0.14835312736878634,0.3163550167182258
29.983079041667224,-0.10431909561157227,-0.10630643367767334,0.02783741056919098,-1.1499314308166504,0.5508638024330139,1.3427273035049438,-0.003897121990699882,-0.1583721254149995,0.32969257778285244
29.993134041666053,-0.09804236888885498,-0.10927551984786987,0.04889024794101715,-1.5488466024398804,0.5021113753318787,1.4131072759628296,0.003694472167217146,-0.1718985770571399,0.34374064715796393
30.00318804167182,-0.1044836938381195,-0.12392151355743408,0.03759846091270447,-1.8502839803695679,0.42910823225975037,1.4523186683654785,0.011033470344694552,-0.1890148937579859,0.3585278971465359
30.01324304167065,-0.0869700014591217,-0.08748173713684082,0.03800669312477112,-2.1722183227539062,0.3803051710128784,1.4832788705825806,0.018139119036638025,-0.2090723313515393,0.3738413621403203
30.023298041669477,-0.047022849321365356,-0.03624778985977173,0.0072973668575286865,-2.3227028846740723,0.31911131739616394,1.4915424585342407,0.025099176983585443,-0.231482911276147,0.38965463696901503
30.033352041667968,-0.0376606285572052,0.04034000635147095,-0.009125679731369019,-2.169236898422241,0.2349659502506256,1.447878360748291,0.031709734471729485,-0.2538030954031407,0.4055644885317208
30.043407041666796,-0.012135237455368042,0.16060107946395874,-0.004557818174362183,-1.8487906455993652,0.17339153587818146,1.4023492336273193,0.037778704191809565,-0.2735676999253685,0.42114245734866534
30.053462041665625,0.007171720266342163,0.22881507873535156,0.021137356758117676,-1.5014601945877075,0.12145868688821793,1.335911750793457,0.043443599408887354,-0.28980354229955074,0.4361918013171082
30.06351604167139,0.014887511730194092,0.21747946739196777,0.0869048535823822,-1.2408032417297363,0.13202504813671112,1.224230170249939,0.0488319924672424,-0.3029364800865632,0.4503491521124588
30.07357104167022,0.017922192811965942,0.1925763487815857,0.12646201252937317,-1.119112491607666,0.17406050860881805,1.0598511695861816,0.0542030597250718,-0.31408909917511346,0.4630354153623878
30.08362604166905,0.0376717746257782,0.19169944524765015,0.16093680262565613,-1.1423134803771973,0.23240184783935547,0.8917504549026489,0.059647943063117,-0.32477385077893245,0.4740511110746798
30.09368004166754,0.07043170928955078,0.24890410900115967,0.1935180127620697,-1.3258907794952393,0.25147101283073425,0.690060555934906,0.06509382868960051,-0.33661204275029655,0.48329142452169643
30.10373504166637,0.09857770800590515,0.3344172239303589,0.1872437298297882,-1.5019352436065674,0.21876446902751923,0.5078582763671875,0.06995226808485815,-0.3505229763368403,0.49070589375316304
30.113790041665197,0.1201704740524292,0.4375538229942322,0.15436020493507385,-1.3671375513076782,0.19553785026073456,0.332980751991272,0.07400744114137002,-0.36470962976913757,0.49632147662738696
30.123845041671302,0.16299360990524292,0.5815984606742859,0.15390557050704956,-1.1203490495681763,0.2000761479139328,0.14458714425563812,0.07730389828739016,-0.3770771686471299,0.49990268687322936
30.133899041669792,0.19742009043693542,0.6564340591430664,0.11860138177871704,-0.7763359546661377,0.21855980157852173,-0.05416855961084366,0.07971017866530464,-0.3865499459452715,0.5012283174085281
30.14395404166862,0.2050454318523407,0.6619099974632263,0.1637302041053772,-0.4832068383693695,0.2969694137573242,-0.2946493327617645,0.08184611149612435,-0.3930864046145449,0.49992105356577526
30.15400904166745,0.19949227571487427,0.6000916361808777,0.12610799074172974,-0.16013078391551971,0.29306042194366455,-0.5483028888702393,0.0831573017406161,-0.3965962674884278,0.4956097305400046
30.16406304166594,0.1832939088344574,0.5612698197364807,0.17013698816299438,0.029101461172103882,0.3022078275680542,-0.8159982562065125,0.08326203092832099,-0.3977444281517238,0.48825988429274786
30.174118041672045,0.12744522094726562,0.5037972331047058,0.1505681276321411,0.1310102939605713,0.3446270525455475,-1.1043336391448975,0.08247346554072069,-0.3976227119922046,0.4777748689354979
30.184173041670874,0.11132869124412537,0.46738994121551514,0.055319368839263916,0.038432955741882324,0.3825872242450714,-1.3491108417510986,0.08086772803660024,-0.3977242372292648,0.464360423050531
30.194227041669365,0.11059543490409851,0.4362521767616272,-0.00942683219909668,-0.11307578533887863,0.4547700583934784,-1.6010080575942993,0.07884428007330715,-0.39924914554888447,0.4483245767367
30.204282041668193,0.13658860325813293,0.42326056957244873,-0.1054794192314148,-0.17652612924575806,0.500410795211792,-1.8121306896209717,0.07649619125070257,-0.40210962769222097,0.42989068221683774
30.214337041667022,0.1004781723022461,0.3984212279319763,-0.20053401589393616,-0.191090926527977,0.5462466478347778,-2.0048446655273438,0.0735858195359755,-0.40544670693031576,0.4091478999089993
30.224391041665513,0.03984782099723816,0.3421497344970703,-0.24417510628700256,-0.10363190621137619,0.6208034157752991,-2.2014613151550293,0.07041733622438533,-0.40851834329187503,0.38638286404490396
30.234446041671617,-0.006861269474029541,0.20558303594589233,-0.1889878809452057,0.03218087553977966,0.7126563787460327,-2.4086673259735107,0.06719335724511542,-0.4104532724980508,0.3612112941098939
30.244501041670446,-0.019497767090797424,0.05637836456298828,-0.1591922640800476,0.3587912321090698,0.5947739481925964,-2.4420478343963623,0.0631295658574197,-0.410116252500266,0.334370843174465
30.254555041668937,-0.06673352420330048,0.060077667236328125,-0.18054187297821045,0.7428826689720154,0.5094336867332458,-2.5136847496032715,0.05768303543753944,-0.4061905995488765,0.3069881490293406
30.264610041667765,-0.09732550382614136,0.07391345500946045,-0.19512203335762024,1.150336742401123,0.4118104875087738,-2.485320806503296,0.051376452694699884,-0.39800069384523235,0.2791571898541344
30.274665041666594,-0.1238970160484314,0.08061987161636353,-0.15257585048675537,1.5456790924072266,0.2913486361503601,-2.496366024017334,0.044282355221318855,-0.38569186200088007,0.2513051639203094
30.284720041665423,-0.11548244953155518,0.04884368181228638,-0.11283627152442932,1.8885166645050049,0.1460854709148407,-2.415544033050537,0.0364099178775727,-0.3693112891807153,0.22390532771650778
30.29477404167119,-0.09668468683958054,-0.051172494888305664,-0.06367304921150208,2.048213243484497,0.035898782312870026,-2.1763176918029785,0.02839479320557284,-0.35022529049040946,0.1985131650145408
30.30482904167002,-0.11821971833705902,-0.2175459861755371,-0.07295528054237366,2.1091370582580566,-0.08654963225126266,-1.939192295074463,0.020626925603755328,-0.3296851041791002,0.17600842026566815
30.314884041668847,-0.12887589633464813,-0.32534629106521606,-0.05156400799751282,1.9003138542175293,-0.1715603917837143,-1.641266942024231,0.013253464498638646,-0.30967354016053017,0.15671048610410906
30.324938041667338,-0.10119777917861938,-0.3963494300842285,0.0066238343715667725,1.500124454498291,-0.15126098692417145,-1.370977759361267,0.006871329744585429,-0.2927373297798671,0.1406950042336966
30.334993041666166,-0.10496405512094498,-0.47716283798217773,0.06245630979537964,1.0409302711486816,-0.08980628103017807,-1.0815768241882324,0.0019438292357948216,-0.279985173759061,0.12778083418648914
30.34504804167227,-0.12603023648262024,-0.5003479719161987,0.10279807448387146,0.6670156717300415,0.02849559299647808,-0.7921317219734192,-0.0011117257444807121,-0.2715521455330189,0.11800944040910982
30.35510204167076,-0.12511436641216278,-0.45445072650909424,0.13463780283927917,0.5269522666931152,0.18180952966213226,-0.5692619681358337,-0.001902606494889949,-0.265562819161827,0.11093924008112988
30.36515704166959,-0.10771016776561737,-0.4313012361526489,0.15340960025787354,0.7095300555229187,0.40409424901008606,-0.35851985216140747,-7.363909358242354e-05,-0.2595796689391413,0.10619198339525909
30.37521204166842,-0.14286068081855774,-0.5150085687637329,0.2617439329624176,1.1094564199447632,0.6397485733032227,-0.1636950522661209,0.004366460747566543,-0.25064644825168947,0.10349011789297058
30.38526604166691,-0.12234782427549362,-0.47124242782592773,0.3428622782230377,1.5849093198776245,0.7668942809104919,0.04250844940543175,0.011501174995984187,-0.23700066075607432,0.10266552406682274
30.39532104166574,-0.14821785688400269,-0.35992830991744995,0.46037450432777405,2.2052366733551025,0.8487644195556641,0.21882005035877228,0.019808695473011142,-0.2178069661199065,0.10378635810748127
30.405376041671843,-0.15642049908638,-0.295195996761322,0.48362424969673157,2.4677374362945557,0.9922983646392822,0.36536580324172974,0.029508912337931764,-0.19422116830460073,0.1060940941930924
30.415431041670672,-0.1281762421131134,-0.2748115062713623,0.41866207122802734,2.66552734375,1.217244029045105,0.5134887099266052,0.041409274893594764,-0.1680830368177765,0.1097116007377051
30.425485041669162,-0.10026878863573074,-0.23440581560134888,0.3843045234680176,2.632859706878662,1.3811557292938232,0.6960590481758118,0.05519052944831746,-0.14118038181407397,0.11454786329167951
30.43554004166799,-0.12125934660434723,-0.2317650318145752,0.3854849338531494,2.324751377105713,1.5485554933547974,0.7795833945274353,0.07063818583061601,-0.1155862407620543,0.12046190629422374
30.44559404166648,-0.15255938470363617,-0.2767115831375122,0.3933858871459961,1.7894684076309204,1.750460147857666,0.8512375950813293,0.08795352168117095,-0.0942671605001802,0.1269918386630291
30.45564904166531,-0.1532868593931198,-0.2842114567756653,0.3758176565170288,1.2553598880767822,1.9349486827850342,0.9435346722602844,0.10719637504856712,-0.07827243029829065,0.13449588199151258
30.465704041671415,-0.14136433601379395,-0.20102930068969727,0.3784080743789673,0.7818186283111572,2.0310935974121094,0.9895090460777283,0.12771095264990723,-0.06700348638410318,0.14299824124678576
30.475759041670244,-0.12436529994010925,-0.09061270952224731,0.4294952154159546,0.6104323267936707,2.1225600242614746,1.0351063013076782,0.1492184421703914,-0.05883026633755952,0.1521898289466817
30.485813041668735,-0.1331987977027893,0.022022128105163574,0.4481344223022461,0.6039427518844604,2.1276402473449707,1.0602850914001465,0.17121872978075253,-0.05136625328872389,0.16163265380463995
30.495868041667563,-0.13398905098438263,0.05358433723449707,0.3971327543258667,0.8272977471351624,2.1920790672302246,1.1295392513275146,0.1933569447566993,-0.04235967518910969,0.17119943964216594
30.505923041666392,-0.15170928835868835,-0.03572213649749756,0.317022442817688,0.9737340807914734,2.259307622909546,1.115152359008789,0.2159977668764419,-0.031082948302717187,0.18049227893764874
30.51597704167216,-0.13125911355018616,-0.1662977933883667,0.2087153196334839,0.9633937478065491,2.2821109294891357,1.0963656902313232,0.2390940705484356,-0.019002179275294764,0.18904956502725678
30.526032041670987,-0.09213250875473022,-0.21199601888656616,0.15018045902252197,0.8732752799987793,2.3216569423675537,1.0839707851409912,0.26237983578128954,-0.007243288140649883,0.19747415416024816
30.536087041669816,-0.08402469754219055,-0.18102401494979858,0.15306878089904785,0.7697652578353882,2.3012616634368896,1.0307508707046509,0.2856699832687657,0.0035169222770495274,0.20541144642863002
30.546141041668307,-0.0878654420375824,-0.1355469822883606,0.1707364320755005,0.6227403879165649,2.3592519760131836,0.961100161075592,0.3092077744925119,0.013218546472026428,0.21284365982540063
30.556196041667135,-0.05030812323093414,-0.06538689136505127,0.1571890115737915,0.6058289408683777,2.411851406097412,0.9843490719795227,0.33292655895503964,0.02199843479884043,0.22033606802759365
30.566251041665964,0.0057805925607681274,0.058593928813934326,0.13231682777404785,0.8390718102455139,2.354156732559204,0.9353730082511902,0.3566568889136388,0.031805142189067714,0.2270014480243853
30.57630612500361,0.06245148181915283,0.22058945894241333,0.20895183086395264,1.2251436710357666,2.316575050354004,0.9342422485351562,0.3800819820839625,0.0453488814242965,0.23188571398928137
30.58636112500244,0.07814277708530426,0.24451518058776855,0.14681637287139893,1.6891342401504517,2.3089423179626465,0.9162818789482117,0.4031465009575154,0.06193648230752676,0.23510402488616752
30.59641612500127,0.07005251944065094,0.1566409468650818,0.13577520847320557,2.324251174926758,2.4732422828674316,0.8730924725532532,0.42666645815527454,0.08409584382059136,0.2349633084625317
30.6064711250001,0.08587853610515594,0.2123110294342041,-0.10259932279586792,2.874011993408203,2.1584300994873047,0.9078952074050903,0.4500579548908559,0.11214743556677297,0.23211872516448653
30.61652512499859,0.21616755425930023,0.22560203075408936,-0.15994906425476074,2.9881811141967773,1.8149851560592651,0.8395220637321472,0.47132666861707956,0.14236477867965422,0.2267180832779867
30.626580125004693,0.222678080201149,0.0409928560256958,-0.37292951345443726,3.2309954166412354,1.542272925376892,0.6870225667953491,0.48932583775047667,0.1741252094742066,0.21903969852356964
30.636635125003522,0.21506042778491974,0.08029299974441528,-0.416056752204895,3.235736131668091,1.2072104215621948,0.6748114228248596,0.5044242603885308,0.20626307687938925,0.20977396631098513
30.646689125002013,0.22292043268680573,-0.059680283069610596,-0.6003535389900208,2.282978057861328,0.8064835071563721,0.44110947847366333,0.5161114642640827,0.23245938324461649,0.20125775873363505
30.65674412500084,0.36233413219451904,-0.20986533164978027,-0.942083477973938,1.173317790031433,0.4324824810028076,0.12780258059501648,0.52366933584304,0.24916582553986702,0.19444532623802752
30.66679912499967,0.38010352849960327,-0.04626196622848511,-1.041214942932129,0.5688763856887817,0.3731805384159088,0.1526203155517578,0.5281492546080497,0.2575036096708786,0.19135811345400358
30.676853125005437,0.2514607310295105,0.11650055646896362,-0.8328204154968262,0.3111569583415985,0.3846359848976135,-0.010561345145106316,0.5322289346489117,0.26125864501691237,0.18995417023067873
30.686908125004265,0.23691141605377197,0.22690296173095703,-0.5754113793373108,0.6145938634872437,0.37479880452156067,-0.04980382323265076,0.536871416687763,0.2648026676378654,0.18724211304107552
30.696963125003094,0.17984932661056519,0.3196427822113037,-0.23924241960048676,1.0049391984939575,0.3072544038295746,-0.14385703206062317,0.5416740926349938,0.27144120181497877,0.1820605403249697
30.707017125001585,0.08622188866138458,0.2513815760612488,0.014961674809455872,1.1969165802001953,0.3504894971847534,-0.19792452454566956,0.5469012352010408,0.28018601898031714,0.17438131650045544
30.717072125000414,0.04063716530799866,0.06044250726699829,0.12055009603500366,1.2424575090408325,0.4474642276763916,-0.11750733852386475,0.5531466512104835,0.28977076244092026,0.16629164805135
30.727127124999242,0.019871607422828674,0.0025545358657836914,0.16744300723075867,1.2921712398529053,0.5401150584220886,-0.10082875937223434,0.5604401680238608,0.2999427560792714,0.15830816882974166
30.73718112500501,0.014952242374420166,0.026522040367126465,0.17555323243141174,1.4333761930465698,0.65346360206604,-0.038734789937734604,0.5689553430105365,0.31118727857602424,0.1499645631301903
30.747236125003838,0.02935601770877838,-0.08074402809143066,0.12998050451278687,1.4407470226287842,0.6984569430351257,0.0482749417424202,0.5783848052498275,0.3234736220283018,0.1416407737476926
30.757291125002666,0.04707947373390198,-0.26475661993026733,0.13439321517944336,1.1013514995574951,0.6926937103271484,0.10678306967020035,0.587667801371808,0.3347057902895319,0.13480051720665337
30.767346125001495,0.027415409684181213,-0.3438233733177185,0.13536520302295685,0.6650031805038452,0.7234031558036804,0.12306403368711472,0.5961387118488852,0.3427229771952203,0.13064146720073191
30.777400124999986,-0.013974681496620178,-0.26527392864227295,0.10436619818210602,0.2574230432510376,0.7699222564697266,0.09403161704540253,0.6042832479798553,0.3471209713436004,0.12878737880598745
30.787455124998814,0.007303372025489807,-0.16320359706878662,0.10723532736301422,-0.09562422335147858,0.814190685749054,0.08859024196863174,0.6122562583580632,0.3483936759329381,0.12900001211807668
30.79751012500492,0.05039696395397186,-0.16778331995010376,0.0957443118095398,-0.3420511782169342,0.7418196797370911,0.08205413073301315,0.6193052165733217,0.34685729770712453,0.13127647850184987
30.80756412500341,0.04222077131271362,-0.11200600862503052,0.0998067855834961,-0.444322407245636,0.6416720151901245,0.031279366463422775,0.6252640832359064,0.3439900884987922,0.134156793626083
30.81761912500224,0.025189965963363647,0.01968616247177124,0.09650593996047974,-0.45439860224723816,0.5574879050254822,-0.014764504507184029,0.6303428041911456,0.3402541583035985,0.13714172005365005
30.827674125001067,0.03431658446788788,0.03186464309692383,0.054758667945861816,-0.33636781573295593,0.44544553756713867,-0.009346303530037403,0.6346379206682485,0.3369478338282584,0.13950089660539727
30.837728124999558,0.05851690471172333,0.034214913845062256,0.03313988447189331,-0.26077112555503845,0.34353649616241455,-0.009622100740671158,0.6379625570190549,0.3344862269750967,0.14129538287975266
30.847783125005662,0.06915770471096039,0.021363675594329834,0.01641252636909485,-0.1961764395236969,0.24318379163742065,-0.03087519109249115,0.640480831590217,0.3324897788057624,0.14258114071631076
30.85783812500449,0.06881128251552582,0.02675682306289673,6.264448165893555e-05,-0.11385777592658997,0.15779805183410645,-0.0072176395915448666,0.6422181298526468,0.3310713245106263,0.14333928461569673
30.86789212500298,0.056328773498535156,-0.01199948787689209,-0.017250478267669678,-0.019431941211223602,0.11120925098657608,0.06266450136899948,0.6433377285698831,0.3307185706290763,0.14402555841549397
30.87794712500181,0.057028114795684814,-0.09424722194671631,-0.03510349988937378,-0.05129937082529068,0.08477670699357986,0.12184007465839386,0.6440255555454868,0.33108475487992217,0.14491088060199905
30.88800212500064,0.073770672082901,-0.09708386659622192,-0.05978876352310181,-0.0722198337316513,0.01638833060860634,0.12012899667024612,0.644072235775627,0.3313205757809449,0.14638214370890995
30.89805612499913,0.07197284698486328,-0.02539771795272827,-0.07169865071773529,-0.12054164707660675,-0.03564930334687233,0.11658358573913574,0.643388744230837,0.3312123120222598,0.1480204275261132
30.908111125005234,0.07186582684516907,-0.02832496166229248,-0.08188152313232422,-0.12150491029024124,-0.08853701502084732,0.08976847678422928,0.642249327514232,0.3308574172938196,0.1496645447125988
30.918166125004063,0.0713970959186554,-0.002141237258911133,-0.0473925918340683,-0.1605096161365509,-0.11294981837272644,0.0938834697008133,0.6406655440703936,0.33028797340049976,0.15131518052811818
30.928220125002554,0.08425968885421753,-0.014411985874176025,-0.03572098910808563,-0.21479149162769318,-0.15839000046253204,0.10255525261163712,0.6386798736273465,0.32940863896386624,0.1533319161544641
30.938275125001383,0.09002488851547241,-0.05095571279525757,-0.012719422578811646,-0.28982049226760864,-0.209051713347435,0.10766763985157013,0.6359931227793157,0.3279976901523753,0.15584272642626218
30.94833012500021,0.09265276789665222,-0.049887776374816895,-0.01908034086227417,-0.3224165439605713,-0.2392418384552002,0.1184273436665535,0.6327634062403752,0.32614309341967057,0.15876357142894856
30.95838512499904,0.09416502714157104,-0.030067026615142822,-0.01385621726512909,-0.28154122829437256,-0.2560736835002899,0.11936809867620468,0.6293173861404403,0.3243452389287062,0.1616983280646381
30.968439125004807,0.10091060400009155,-0.026571214199066162,-0.028168857097625732,-0.14842578768730164,-0.2716558575630188,0.15661481022834778,0.6258745289391274,0.32338988153729775,0.16423183531235216
30.978494125003635,0.10799729824066162,-0.035981595516204834,-0.05557197332382202,0.0019302505534142256,-0.30183345079421997,0.1986316591501236,0.6223751473369786,0.3238418887494105,0.16621851241994834
30.988549125002464,0.10920649766921997,-0.06196713447570801,-0.10319200158119202,0.14448261260986328,-0.34988805651664734,0.22600282728672028,0.6186760855999041,0.32570776653648714,0.16758276374868147
30.998603125000955,0.11335158348083496,-0.06294775009155273,-0.11084091663360596,0.22771957516670227,-0.36218348145484924,0.2566359341144562,0.6147752818114752,0.32867145945486664,0.1684958093732815
31.008658124999783,0.11575597524642944,-0.049016475677490234,-0.1075238585472107,0.28117746114730835,-0.3632553815841675,0.2651734948158264,0.610933332837316,0.3323700925215947,0.16918872798433207
31.018713124998612,0.1152789294719696,-0.03509765863418579,-0.09265273809432983,0.25662368535995483,-0.37465065717697144,0.2439935952425003,0.6070225610943001,0.33602360258996183,0.16976705845297474
31.02876712500438,0.12837901711463928,-0.03962862491607666,-0.061578452587127686,0.13772448897361755,-0.3632392883300781,0.2846635580062866,0.6029277657384718,0.339219534198541,0.17075410076047015
31.038822125003207,0.13121360540390015,-0.037778377532958984,-0.005231782793998718,0.05173322558403015,-0.3784017264842987,0.2710648477077484,0.5985668074819142,0.3415551232941752,0.1727640558349789
31.048877125002036,0.11725100874900818,0.05092501640319824,0.017568379640579224,0.05611386150121689,-0.37883448600769043,0.26104336977005005,0.5940505007034718,0.34331992833759417,0.17485942484346242
31.058931125000527,0.11752915382385254,0.12247228622436523,0.012488007545471191,0.23038148880004883,-0.401847779750824,0.2693513333797455,0.5896389256907474,0.34594076274873975,0.1763592966711353
31.068986124999356,0.12104770541191101,0.08431446552276611,0.007355034351348877,0.4542849063873291,-0.44500431418418884,0.31353825330734253,0.585202136144392,0.35043682374103424,0.1768861314235113
31.07904112500546,0.11001536250114441,-0.015559077262878418,0.00567626953125,0.598760724067688,-0.48049095273017883,0.35850661993026733,0.5805803266300632,0.35682792878794695,0.17675368956817572
31.08909512500395,0.08918356895446777,-0.10361671447753906,0.024248555302619934,0.5844265222549438,-0.49136143922805786,0.3616659343242645,0.5757954944452974,0.363836650000381,0.17647136947538944
31.09915012500278,0.08921432495117188,-0.14676004648208618,0.024474531412124634,0.4765312969684601,-0.49885863065719604,0.3563227653503418,0.5707880813943507,0.37031225633396236,0.17658795770430105
31.10920512500161,0.10437589883804321,-0.15234392881393433,-0.006857246160507202,0.35519659519195557,-0.5285630226135254,0.35801252722740173,0.5653331486909694,0.3757530824450574,0.17744057343419067
31.119260125000437,0.11703875660896301,-0.14250564575195312,-0.06735923886299133,0.2768975794315338,-0.570850133895874,0.3663918673992157,0.5592652277290204,0.38032182043948143,0.17893263622447836
31.129314124998928,0.11833128333091736,-0.10160189867019653,-0.11506187915802002,0.26506784558296204,-0.6047436594963074,0.36799854040145874,0.5526257304743414,0.38454881162799776,0.18080618566642873
31.139369125005032,0.111962229013443,-0.07079309225082397,-0.13367965817451477,0.3446848392486572,-0.6313631534576416,0.37708067893981934,0.5457672268324724,0.38912383392459443,0.18251275487397767
31.14942412500386,0.11499932408332825,-0.05638962984085083,-0.09999114274978638,0.40023836493492126,-0.6770075559616089,0.41363388299942017,0.5385948316859531,0.3943763644112263,0.18408173926852747
31.15947812500235,0.10864901542663574,-0.07001179456710815,-0.027493178844451904,0.4184521734714508,-0.6991507411003113,0.45305582880973816,0.5309823754342563,0.400123291314472,0.18583879290293634
31.16953312500118,0.08515876531600952,-0.08658671379089355,-0.012519091367721558,0.43432462215423584,-0.7051295042037964,0.48517942428588867,0.5231114097963546,0.4062339975248115,0.1879096172174555
31.17958812500001,0.07408344745635986,-0.0728500485420227,-0.01829695701599121,0.44929039478302,-0.717008650302887,0.5225532650947571,0.5150155187863802,0.41265044473479245,0.1902919833710655
31.1896421249985,0.07547187805175781,-0.06978732347488403,-0.03858032822608948,0.41052567958831787,-0.7298586964607239,0.5413269400596619,0.506612736450784,0.4190558555058119,0.19307755824002593
31.199697125004604,0.08345848321914673,-0.10265594720840454,-0.05652505159378052,0.2754184305667877,-0.7752044796943665,0.5727798938751221,0.49759666626216126,0.42483572572231687,0.19660561539995733
31.209752125003433,0.08254140615463257,-0.10641831159591675,-0.0853671133518219,0.055337462574243546,-0.8015660643577576,0.5812698006629944,0.48771236411790286,0.429110001662677,0.20133379676859284
31.219806125001924,0.0715663731098175,-0.09725695848464966,-0.11235451698303223,-0.14794321358203888,-0.7855716347694397,0.5701373219490051,0.477241726190253,0.4313467512871215,0.2072263925342502
31.229861125000753,0.06749221682548523,-0.08444440364837646,-0.1378198266029358,-0.30193281173706055,-0.7760284543037415,0.5630719661712646,0.4665743194640317,0.4319083278127546,0.21396813660153025
31.23991612499958,0.06889781355857849,-0.05983084440231323,-0.1484127938747406,-0.4068891406059265,-0.7672610878944397,0.5480327010154724,0.455784763604203,0.431174491313192,0.22124617947110367
31.249970125005348,0.06797167658805847,-0.048756957054138184,-0.13107621669769287,-0.4573341906070709,-0.7730475664138794,0.5361044406890869,0.44492790516981884,0.4295767360125584,0.22874830991766015
31.260025125004177,0.05272191762924194,-0.03996694087982178,-0.09198808670043945,-0.46950563788414,-0.7778785824775696,0.518741250038147,0.4340195155218755,0.42761164455139244,0.23618631269053122
31.270080125003005,0.043099820613861084,-0.026456236839294434,-0.03996676206588745,-0.47076132893562317,-0.769033670425415,0.49564361572265625,0.4232146256603143,0.42544337726670556,0.24343742269930305
31.280135125001834,0.03655490279197693,-0.025159895420074463,0.015194356441497803,-0.47429266571998596,-0.7446069121360779,0.47690349817276,0.41267603342400166,0.4230562945674625,0.25047242468424263
31.290189125000325,0.025926142930984497,-0.02784097194671631,0.03340008854866028,-0.43155398964881897,-0.7105892896652222,0.46649080514907837,0.4025845997301185,0.4207474212542342,0.25723852298142447
31.300244124999153,0.027203291654586792,-0.016194641590118408,0.032552570104599,-0.33899933099746704,-0.688612163066864,0.4615689814090729,0.3929228296063001,0.4189291667159861,0.26360651002366686
31.31029912500526,0.02789291739463806,-0.008055329322814941,0.019985169172286987,-0.22907787561416626,-0.6831316351890564,0.45795509219169617,0.38364297427763133,0.41804004137145806,0.26947413248754626
31.32035312500375,0.025705307722091675,-0.007117569446563721,0.003171473741531372,-0.14618723094463348,-0.6886309385299683,0.4382035732269287,0.3745729757930683,0.4180550978633594,0.2747816722428106
31.330408125002577,0.030805319547653198,-0.012691318988800049,0.0019411444664001465,-0.1381748467683792,-0.6665783524513245,0.4233817458152771,0.36573962413775823,0.4183007499817513,0.27975741424341877
31.340463125001406,0.03114020824432373,-0.03442448377609253,-0.006214320659637451,-0.1526012271642685,-0.6429179310798645,0.4240662157535553,0.35715689645957965,0.41843742278267426,0.28467910480195197
31.350517124999897,0.023370474576950073,-0.037653326988220215,-0.010357320308685303,-0.19316542148590088,-0.6115831732749939,0.4288548231124878,0.3487885354387066,0.4182746291218328,0.28974016729023244
31.360572124998725,0.019376635551452637,-0.04168576002120972,-0.016607701778411865,-0.23242826759815216,-0.5826930999755859,0.4336327314376831,0.34064591945599165,0.4177191412029707,0.29500165772529746
31.37062712500483,0.019081950187683105,-0.046313464641571045,-0.02169516682624817,-0.268989235162735,-0.5744282007217407,0.43478694558143616,0.33266171991246807,0.4168053836241755,0.30043023879158937
31.38068112500332,0.02418661117553711,-0.03539431095123291,-0.0019071400165557861,-0.3604496419429779,-0.5726659893989563,0.422013521194458,0.3246270480976811,0.4152444404353619,0.306015419583724
31.39073612500215,0.025894641876220703,-0.019369304180145264,0.02569878101348877,-0.504770040512085,-0.5427168607711792,0.3919565677642822,0.31668527818209496,0.41239976060387934,0.31176560840319345
31.40079112500098,0.021872907876968384,-0.025157272815704346,0.040275782346725464,-0.6347431540489197,-0.5182453989982605,0.3654903769493103,0.30901512155119487,0.4081297968911966,0.31763737761501154
31.41084512499947,0.012215226888656616,-0.021042346954345703,0.0400812029838562,-0.6923902034759521,-0.4950979948043823,0.35408350825309753,0.30156264976757385,0.40279586474797485,0.3235951236231505
31.420900125005573,0.005280047655105591,-0.00853341817855835,0.03329768776893616,-0.6977154016494751,-0.493073046207428,0.3375498950481415,0.29431751155161956,0.39707893611121226,0.32942911376514356
31.430955125004402,-0.0018604695796966553,-0.0035181045532226562,0.020013123750686646,-0.6185443997383118,-0.493257075548172,0.33431628346443176,0.2872230051353779,0.391696550817388,0.3349985698397854
31.44101012500323,-0.011633217334747314,0.00633394718170166,0.011414170265197754,-0.5536655783653259,-0.48717573285102844,0.3314470648765564,0.280284227881221,0.38697134671295985,0.34025741136755666
31.45106412500172,-0.020219922065734863,0.005451858043670654,0.007388949394226074,-0.5041840672492981,-0.475481778383255,0.32347196340560913,0.27356732600625483,0.38278874330955737,0.34521264020253123
31.46111912500055,-0.015356689691543579,-0.005720734596252441,-0.0003375113010406494,-0.47174832224845886,-0.45355919003486633,0.3313983678817749,0.26708728246367264,0.3789326225829011,0.3500201193310087
31.47117412499938,-0.012147873640060425,0.005884110927581787,0.004969179630279541,-0.4684731662273407,-0.4301806390285492,0.3313959836959839,0.2608757598506883,0.37522524038831345,0.3548255198144652
31.481228125005146,-0.006653964519500732,0.03633338212966919,-0.006568491458892822,-0.47324639558792114,-0.4092632532119751,0.33046266436576843,0.25490098104359793,0.37149255427095407,0.35958186882529675
31.491283125003974,-0.0012422502040863037,0.06347924470901489,-0.024819254875183105,-0.4600837230682373,-0.3965889811515808,0.3223762512207031,0.24915945653204194,0.367778639559904,0.36426701801845374
31.501338125002803,0.006840646266937256,0.07964509725570679,-0.03213457763195038,-0.45263978838920593,-0.38429465889930725,0.29220494627952576,0.24364309307845583,0.3640678792731601,0.36867886599737676
31.511392125001294,0.01218751072883606,0.062404096126556396,-0.039455339312553406,-0.4476916193962097,-0.3795994818210602,0.2729465663433075,0.23835927610882918,0.36035838666868675,0.3727910357833997
31.521447125000122,0.0066224634647369385,0.05130481719970703,-0.03592674434185028,-0.44594770669937134,-0.3665936589241028,0.2491089105606079,0.23324264246315365,0.3565772657820223,0.3766374665787696
31.53150212499895,-0.0033809244632720947,0.05042564868927002,-0.03846941888332367,-0.4134667217731476,-0.35483554005622864,0.22149673104286194,0.2284029917910179,0.35290813201856486,0.38014445027448707
31.541556125004718,-0.012060403823852539,0.04284590482711792,-0.03792983293533325,-0.355962872505188,-0.34666284918785095,0.2004561722278595,0.22378387715713027,0.3496096246026202,0.3832636888565979
31.551611125003546,-0.016211241483688354,0.03565269708633423,-0.03768536448478699,-0.29691872000694275,-0.3385106325149536,0.17686109244823456,0.2193908848199496,0.34683619768849494,0.3859840729718671
31.561666125002375,-0.022673994302749634,0.022319316864013672,-0.03438887000083923,-0.2563849687576294,-0.3367215394973755,0.161367729306221,0.21516999798742567,0.34449866850036515,0.3883860873907179
31.571720125000866,-0.032107144594192505,0.016675114631652832,-0.031217873096466064,-0.24065978825092316,-0.3223934471607208,0.1480601727962494,0.21112323375051667,0.3423996280603364,0.3905532014196363
31.581774999998743,-0.03759607672691345,0.012171447277069092,-0.03301092982292175,-0.2301940619945526,-0.3098463714122772,0.1374782919883728,0.20726469438631545,0.3403771262507134,0.39254999884892827
31.591830000004848,-0.03986620903015137,0.0008308291435241699,-0.02920997142791748,-0.22194544970989227,-0.2968349754810333,0.13015593588352203,0.2035939442313622,0.3384344858737065,0.39443709239536473
31.601885000003676,-0.043728917837142944,0.002871870994567871,-0.02740541100502014,-0.2246367484331131,-0.28128448128700256,0.11869113147258759,0.20010726034884563,0.33646398247119713,0.39622700869247707
31.611939000002167,-0.038250505924224854,0.005584836006164551,-0.032105088233947754,-0.2370992749929428,-0.2755246162414551,0.11029205471277237,0.19677065037471306,0.3343870869210984,0.39790116258554836
31.621994000000996,-0.03750985860824585,-0.0025776028633117676,-0.02792501449584961,-0.23484492301940918,-0.2601621747016907,0.1115933209657669,0.19356206906140694,0.3322791242728571,0.39954580000552853
31.632048999999824,-0.04177802801132202,-0.011846661567687988,-0.023758351802825928,-0.23663268983364105,-0.2576393485069275,0.1081509217619896,0.1904323437350667,0.3301426854501184,0.40116912144632855
31.64210300000559,-0.045484691858291626,-0.01500767469406128,-0.018648982048034668,-0.24811780452728271,-0.2420903593301773,0.0965513363480568,0.18740548374107568,0.3279534989327841,0.4027351062072139
31.65215800000442,-0.04395174980163574,-0.005555331707000732,-0.010353177785873413,-0.25103849172592163,-0.2315908521413803,0.09517688304185867,0.1845432031522398,0.32566045586898096,0.4042111383798679
31.66221300000325,-0.0411204993724823,-0.003116428852081299,-0.004815086722373962,-0.22995531558990479,-0.2181650549173355,0.09817059338092804,0.18182073788717182,0.3234637049019603,0.4056902573969721
31.67226700000174,-0.037338823080062866,0.003681778907775879,-0.002402663230895996,-0.18234091997146606,-0.2145649939775467,0.0943758562207222,0.17920495656536073,0.3215804747926855,0.40708987544955266
31.682322000000568,-0.031990647315979004,0.004980206489562988,0.0030518323183059692,-0.16043487191200256,-0.20010682940483093,0.11604628711938858,0.17665270638804517,0.32006053174030885,0.40850901719554966
31.692376999999397,-0.03251197934150696,0.007828831672668457,0.0012016594409942627,-0.13514097034931183,-0.1909511387348175,0.11108535528182983,0.17423070276849456,0.3188337297060735,0.40996891363213184
31.702431000005163,-0.023520052433013916,0.01622319221496582,0.006802797317504883,-0.13669970631599426,-0.17827129364013672,0.12236299365758896,0.17192369288800993,0.317674027255936,0.41142735342673264
31.71248600000399,-0.014958709478378296,0.01723271608352661,0.004413008689880371,-0.12607263028621674,-0.16404815018177032,0.1231563463807106,0.1697294756394702,0.3165983528801938,0.412944726111954
31.72254100000282,-0.0064539313316345215,0.024814724922180176,0.008678734302520752,-0.13224872946739197,-0.15918481349945068,0.12172684073448181,0.16764258063821352,0.31553904449773734,0.41442491850745505
31.73259500000131,-0.001282721757888794,0.029139995574951172,0.01241619884967804,-0.12758739292621613,-0.14727835357189178,0.11593366414308548,0.16564392836096997,0.31443549075830546,0.4159122005334283
31.74265000000014,-0.0011878907680511475,0.02558034658432007,0.017267614603042603,-0.1240110844373703,-0.13633263111114502,0.11312517523765564,0.16379731899550337,0.3133570617770166,0.41733330803666635
31.75270499999897,-0.0022186636924743652,0.01585167646408081,0.027752816677093506,-0.11487191170454025,-0.1271228939294815,0.10385604202747345,0.1620586618094111,0.312366477390844,0.41865726229752465
31.762760000005073,-0.0034548044204711914,0.004393219947814941,0.043518900871276855,-0.11666949838399887,-0.10717222094535828,0.09130272269248962,0.1604964477764431,0.31138094752945744,0.419859157149664
31.772814000003564,-0.0054509639739990234,-0.0013267993927001953,0.04695725440979004,-0.10114140808582306,-0.08936259895563126,0.09132562577724457,0.15916224840123752,0.31043550344468845,0.4209779176676373
31.782869000002393,-0.010059893131256104,0.001965939998626709,0.042413920164108276,-0.06722254306077957,-0.07660458981990814,0.08583816140890121,0.15801834172656998,0.30974506576065625,0.42204732731188915
31.79292400000122,-0.007452666759490967,0.007772326469421387,0.046586230397224426,-0.045874908566474915,-0.06076357513666153,0.08247911930084229,0.1570532442989093,0.30926865640428014,0.42292361961382624
31.80297799999971,-0.005671769380569458,-0.006385207176208496,0.04513271152973175,-0.023950083181262016,-0.045878104865550995,0.08543506264686584,0.1562606732228003,0.30902067667490496,0.4237763368773504
31.81303299999854,-0.007577240467071533,-0.010701894760131836,0.04492160677909851,-0.02277163416147232,-0.029530024155974388,0.08480203151702881,0.15563754033315833,0.30887215424715364,0.4246337917706948
31.823088000004645,-0.00942268967628479,-0.01946234703063965,0.04778654873371124,-0.0283237025141716,-0.021750397980213165,0.09173658490180969,0.15512330911673877,0.3086407819744675,0.4255461182190947
31.833142000003136,-0.011331558227539062,-0.021401166915893555,0.042730510234832764,-0.042506635189056396,0.0033863806165754795,0.10062142461538315,0.15477854545712208,0.30831398270629884,0.42653626704391007
31.843197000001965,-0.010843366384506226,-0.020603537559509277,0.04021930694580078,-0.0361708402633667,0.02331095188856125,0.1103765070438385,0.15463146006858441,0.3079099876982174,0.4276915855840845
31.853252000000793,-0.010366320610046387,-0.012440860271453857,0.04098494350910187,-0.03695966675877571,0.045792028307914734,0.12221292406320572,0.15467369309535967,0.3075271354417671,0.42894619289726305
31.863305999999284,-0.005895674228668213,-0.014480113983154297,0.04726302623748779,-0.04425140470266342,0.06816630810499191,0.13108237087726593,0.15491509680645602,0.30716014795336194,0.43029158169570897
31.87336100000539,-0.005534261465072632,-0.0182916522026062,0.052193135023117065,-0.041746169328689575,0.08626515418291092,0.1424141228199005,0.1552987878045846,0.30674610790531953,0.43175179684470455
31.883416000004217,-0.008375048637390137,-0.020803451538085938,0.05770158767700195,-0.03185034915804863,0.10393722355365753,0.15244141221046448,0.1558166613630139,0.30651392085696494,0.43333729816657474
31.893470000002708,-0.012172013521194458,-0.02127760648727417,0.06358426809310913,-0.02806812897324562,0.1277349591255188,0.1583096981048584,0.15651728617122834,0.3063795372203646,0.4349964397112941
31.903525000001537,-0.013788372278213501,-0.024469971656799316,0.06356891989707947,-0.023982971906661987,0.14354388415813446,0.1647440791130066,0.15737659216294428,0.3062983387443377,0.43673256094630714
31.913580000000366,-0.017973393201828003,-0.02558797597885132,0.06336583197116852,-0.020838044583797455,0.16725242137908936,0.1689004749059677,0.1584365517074878,0.30629484391430384,0.4384860128271678
31.923634999999194,-0.02104511857032776,-0.021345198154449463,0.060841143131256104,-0.01804177090525627,0.18896156549453735,0.17357760667800903,0.1596978725758629,0.30634895312184973,0.44028923047550084
31.93368900000496,-0.02086147665977478,-0.01399296522140503,0.06573304533958435,-0.04311276972293854,0.21118618547916412,0.1726207286119461,0.16115137111617892,0.30626770949963733,0.44213491900543694
31.94374400000379,-0.0235213041305542,-0.012576043605804443,0.06337755918502808,-0.057266492396593094,0.23425234854221344,0.17518705129623413,0.16282744196689447,0.30601326652439004,0.4440187283457207
31.95379900000262,-0.030000776052474976,-0.006735861301422119,0.05834835767745972,-0.07443402707576752,0.2533687949180603,0.18117037415504456,0.16470176934854697,0.3056209785413123,0.4459927868720714
31.96385300000111,-0.037053465843200684,0.008616328239440918,0.052559927105903625,-0.08079374581575394,0.27481523156166077,0.17709851264953613,0.16676999220717295,0.30508084382155704,0.44799799042623273
31.973907999999938,-0.037490248680114746,0.011199414730072021,0.05116230249404907,-0.07752498239278793,0.2988390624523163,0.17241667211055756,0.16909539321442216,0.30456126049162047,0.44994071886169434
31.983962999998766,-0.04131054878234863,0.00838083028793335,0.05319708585739136,-0.08092184364795685,0.30963391065597534,0.16657130420207977,0.1716025037780718,0.3039963175135294,0.45182152564356853
31.994017000004533,-0.048939257860183716,0.012797355651855469,0.052261531352996826,-0.09872107952833176,0.33652758598327637,0.15739883482456207,0.17432617949698595,0.3033398958804256,0.4536393621542251
32.00407200000336,-0.053152620792388916,0.023098647594451904,0.04969736933708191,-0.10473156720399857,0.3530575633049011,0.14435307681560516,0.1772910132262131,0.3025281320939672,0.4553779191426921
32.01412700000219,-0.04938459396362305,0.03426647186279297,0.04907621443271637,-0.11920718103647232,0.3658426105976105,0.13338539004325867,0.18044971126159706,0.30170896951105386,0.4570194979287002
32.02418100000068,-0.048084378242492676,0.039719343185424805,0.05124732851982117,-0.11648063361644745,0.38606664538383484,0.12199344485998154,0.1837686888307974,0.30072584289129034,0.45858065416785315
32.03423599999951,-0.04947438836097717,0.051957666873931885,0.04369927942752838,-0.1165996789932251,0.39802396297454834,0.10579956322908401,0.18730607427134044,0.2997721077765703,0.4599740919420102
32.044291000005614,-0.051832884550094604,0.06633728742599487,0.03321005403995514,-0.07656020671129227,0.41253527998924255,0.09192363917827606,0.19102062686764887,0.2990059596166512,0.46119930417690513
32.054345000004105,-0.049282580614089966,0.08183127641677856,0.029540419578552246,-0.03149614855647087,0.4246039390563965,0.07640764862298965,0.19492774621042822,0.29861906419075696,0.46219427753527637
32.064400000002934,-0.04587063193321228,0.08005774021148682,0.023416921496391296,0.003761839587241411,0.42790478467941284,0.061311859637498856,0.1990024552003519,0.29865472453086916,0.4629037071284214
32.07445500000176,-0.04598802328109741,0.07237297296524048,0.023063957691192627,0.023146988824009895,0.43913426995277405,0.040239330381155014,0.20321848117889552,0.2989110060307016,0.46339901803347144
32.08451000000059,-0.04297471046447754,0.07700932025909424,0.020146742463111877,0.043548401445150375,0.4430358111858368,0.012543042190372944,0.2076252535214157,0.2993106126804033,0.46360588323506835
32.09456399999908,-0.03804504871368408,0.08128291368484497,0.016527965664863586,0.06328614801168442,0.4469996392726898,-0.016439074650406837,0.21215933774114304,0.2998010802836372,0.46346915281752404
32.10461900000519,-0.03907957673072815,0.0718533992767334,0.014849364757537842,0.07138224691152573,0.44301366806030273,-0.03595413267612457,0.216771024373137,0.30042300886259343,0.463030393694325
32.114674000004015,-0.039982378482818604,0.0607302188873291,0.018431290984153748,0.058613456785678864,0.44993656873703003,-0.056965675204992294,0.22146017576116855,0.300973328940604,0.4623930182577905
32.124728000002506,-0.0379675030708313,0.057813405990600586,0.02277366816997528,0.037255220115184784,0.4551762044429779,-0.0790197104215622,0.2262638168867012,0.30129843163150216,0.4615749320760045
32.134783000001335,-0.029859870672225952,0.05422532558441162,0.01859760284423828,0.025754889473319054,0.4583304524421692,-0.09781283885240555,0.2311649368969719,0.30140388709673943,0.460579821458629
32.14483800000016,-0.025571554899215698,0.04802870750427246,0.014532029628753662,0.021351708099246025,0.45848411321640015,-0.10534995794296265,0.2361096789469574,0.3014068761786783,0.45949133039132944
32.154891999998654,-0.026691943407058716,0.042763471603393555,0.01159512996673584,0.028932129964232445,0.458858847618103,-0.11395756155252457,0.24106832495848,0.3013722801699707,0.4583035095840642
32.16494700000476,-0.023911118507385254,0.0390925407409668,0.006607130169868469,0.03579651564359665,0.46097204089164734,-0.11922087520360947,0.2460607470244183,0.3014151986701244,0.4570344907802698
32.17500200000359,-0.0171736478805542,0.04133039712905884,0.006724253296852112,0.040403783321380615,0.4673748314380646,-0.12508222460746765,0.25110656330455755,0.3014568393566236,0.4556881840062672
32.18505600000208,-0.010026156902313232,0.03437000513076782,0.00436168909072876,0.055020011961460114,0.4678720235824585,-0.12966285645961761,0.2562286301775198,0.3016257981241315,0.4542523008618559
32.19511100000091,-0.002948760986328125,0.03699260950088501,0.004297509789466858,0.057672783732414246,0.46059975028038025,-0.13017258048057556,0.26132422761713714,0.3018532985635658,0.4527697924715871
32.205165999999736,0.001134037971496582,0.04160726070404053,-0.0002019256353378296,0.09320317208766937,0.4625718295574188,-0.13985468447208405,0.2664453664509716,0.30225729428224457,0.4511744990962713
32.2152200000055,0.011538445949554443,0.04368871450424194,0.00586642324924469,0.11137125641107559,0.4572843909263611,-0.1548677235841751,0.2716112556011284,0.30283931979736656,0.4493966397138913
32.22527500000433,0.020016908645629883,0.038128793239593506,0.004632487893104553,0.12387163937091827,0.43928074836730957,-0.1642392873764038,0.2767111772945152,0.3035413373739208,0.4474425435654655
32.23533000000316,0.021571576595306396,0.035252928733825684,0.003860175609588623,0.14340007305145264,0.42682433128356934,-0.17423546314239502,0.28167760219073995,0.3043422440913386,0.4453548603804145
32.24538400000165,0.02155020833015442,0.03877049684524536,0.000877678394317627,0.15836438536643982,0.4196960926055908,-0.18321292102336884,0.2866057547398909,0.3053027296947616,0.44308799899845175
32.25543900000048,0.027682781219482422,0.03531748056411743,-0.0033945292234420776,0.17610076069831848,0.40409183502197266,-0.1867498755455017,0.2914600852437071,0.3063875306251327,0.4407160853412365
32.26549399999931,0.03399240970611572,0.023569703102111816,-0.005548834800720215,0.191436305642128,0.38780635595321655,-0.18610230088233948,0.29617973354831734,0.3076209567574946,0.4382705603744272
32.27554900000541,0.03504663705825806,0.018483877182006836,-0.010753467679023743,0.19951900839805603,0.37199944257736206,-0.1835821568965912,0.30072686460329867,0.3089681171413723,0.43578442539890433
32.2856030000039,0.03649932146072388,0.017202794551849365,-0.00701218843460083,0.20085281133651733,0.3538191020488739,-0.18682625889778137,0.3051392689278767,0.31034721408123256,0.43326522314749233
32.29565800000273,0.042605042457580566,0.0172119140625,-0.00905144214630127,0.2060992270708084,0.3385581374168396,-0.18395110964775085,0.30940025148071343,0.3117278513359691,0.43074603863507355
32.30571300000156,0.04596021771430969,0.008976340293884277,-0.013221979141235352,0.21113912761211395,0.3113516569137573,-0.17698617279529572,0.3134187894456467,0.31318962246557513,0.42825699808713336
32.31576700000005,0.04606717824935913,-0.0040909647941589355,-0.01599752902984619,0.2016952931880951,0.2820504903793335,-0.1732470840215683,0.3171462020124799,0.3146456333849369,0.4258098573399632
32.32582199999888,0.044645607471466064,-0.013416111469268799,-0.011233314871788025,0.17977534234523773,0.26018381118774414,-0.1693313866853714,0.3205956698911925,0.3159365403967765,0.42344286196683467
32.335877000004984,0.044120997190475464,-0.017697811126708984,-0.010951399803161621,0.14969228208065033,0.23707397282123566,-0.1661909818649292,0.32379812925091367,0.31697691342989937,0.4212000704297335
32.345931000003475,0.045388489961624146,-0.024794399738311768,-0.007785618305206299,0.12772732973098755,0.21050067245960236,-0.16291029751300812,0.326718604197184,0.31777904302241644,0.4190747015792258
32.355986000002304,0.042863667011260986,-0.03159439563751221,-0.011526167392730713,0.11364506930112839,0.1848592311143875,-0.15924419462680817,0.32932731994412545,0.3184189109279392,0.41704875351684334
32.36604100000113,0.03599506616592407,-0.03862088918685913,-0.010818541049957275,0.10783915221691132,0.16224832832813263,-0.14892259240150452,0.33165214899248446,0.3189880016286394,0.41512584379336964
32.37609499999962,0.03205925226211548,-0.04016059637069702,-0.007617831230163574,0.10045953094959259,0.14514976739883423,-0.1335955709218979,0.33374225413811587,0.31952609618245953,0.41333989152824435
32.38615000000573,0.031193584203720093,-0.04602164030075073,-0.009831205010414124,0.10248389095067978,0.1270674467086792,-0.12177519500255585,0.33563303471446176,0.3200897864688986,0.41170113685077425
32.39620500000456,0.030271828174591064,-0.04921787977218628,-0.007758975028991699,0.10635346174240112,0.11157955974340439,-0.10153117775917053,0.3372930576869706,0.320717179284819,0.4102178481601845
32.406260000003385,0.028001874685287476,-0.051864683628082275,-0.007873892784118652,0.10857467353343964,0.09395942091941833,-0.08045019954442978,0.33872159407921304,0.3214420486357232,0.4089265919243667
32.416314000001876,0.025090783834457397,-0.05431872606277466,-0.0035651475191116333,0.10471548140048981,0.08337069302797318,-0.06025225296616554,0.33994018088749056,0.32221998643653005,0.4078509038831345
32.426369000000705,0.02501705288887024,-0.0483664870262146,-0.002523168921470642,0.09270666539669037,0.07246584445238113,-0.04088830202817917,0.3409750180438656,0.3229993299792992,0.40700464591930596
32.43642399999953,0.03019052743911743,-0.038585782051086426,-0.0012338608503341675,0.07647683471441269,0.052523303776979446,-0.028703544288873672,0.34180354733114143,0.3236952691585048,0.40637040972806726
32.4464780000053,0.03272882103919983,-0.03812861442565918,0.0052787065505981445,0.06560035049915314,0.03811253607273102,-0.012382227927446365,0.3424110224736354,0.3243023898113954,0.40591019305548537
32.45653300000413,0.03182250261306763,-0.033725857734680176,0.0056629180908203125,0.05392079055309296,0.01953379064798355,-0.002852106001228094,0.3427406633924975,0.3249321621854817,0.4057935053030671
32.46658800000296,0.03168728947639465,-0.021710455417633057,0.0022726058959960938,0.04402151331305504,0.003198095364496112,0.008452080190181732,0.34286325922512945,0.32549015616317817,0.4057852496932502
32.47664200000145,0.038286566734313965,-0.014135777950286865,0.0010492205619812012,0.0370917022228241,-0.015424058772623539,0.017416279762983322,0.34278950092753296,0.32600234386707727,0.4059137041576445
32.48669700000028,0.03790080547332764,-0.016788840293884277,0.00514906644821167,0.02197226881980896,-0.03364287689328194,0.023525705561041832,0.34247474336304046,0.3264145060006443,0.4061194356826708
32.496751999999105,0.03356119990348816,-0.014703989028930664,0.004204049706459045,0.002471804153174162,-0.05188020318746567,0.028255745768547058,0.3419361844376244,0.3266736319698129,0.4064422520740605
32.50680600000487,0.03179153800010681,-0.008502423763275146,0.0061324238777160645,-0.009461953304708004,-0.06705688685178757,0.028819136321544647,0.34123470846036574,0.3267872012268097,0.4068402221006097
32.5168610000037,0.02938544750213623,-0.0014409422874450684,0.005820021033287048,-0.020528987050056458,-0.08105020225048065,0.030790409073233604,0.3403598630708595,0.3267961863589493,0.4073031553597543
32.52691600000253,0.029878705739974976,0.0004889965057373047,0.008358180522918701,-0.026162149384617805,-0.09184732288122177,0.02767331339418888,0.3393506713245863,0.32670205025360566,0.4078454983598944
32.53697000000102,0.030032813549041748,-0.003149271011352539,0.011161267757415771,-0.02847457118332386,-0.10478655993938446,0.03284303843975067,0.3382135956597621,0.32659472436741627,0.4084030621001982
32.54702499999985,0.027723461389541626,-0.0022596120834350586,0.00995868444442749,-0.028928862884640694,-0.11927030235528946,0.027442868798971176,0.3369203514313889,0.3264604960370096,0.4089719973869791
32.55707999999868,0.021382957696914673,0.009110033512115479,0.010931625962257385,-0.032972075045108795,-0.1226077750325203,0.02560102753341198,0.3355545656683163,0.3262885608969036,0.4095174046507242
32.567134000004444,0.02304387092590332,0.005781650543212891,0.008709028363227844,-0.03019697032868862,-0.13068513572216034,0.027731874957680702,0.334138896792684,0.3260894983031199,0.41007477805961745
32.57718916666636,0.023401498794555664,-0.000640571117401123,0.012519016861915588,-0.04031405225396156,-0.14557380974292755,0.02549348771572113,0.3326177966938491,0.32587081755606034,0.4106127042354699
32.58724416666519,0.015845388174057007,-0.005683422088623047,0.011686205863952637,-0.043243661522865295,-0.15453308820724487,0.02470649778842926,0.3309802094893085,0.3255825941290149,0.4111364253740368
32.59729916667129,0.011780589818954468,-0.004351258277893066,0.010692790150642395,-0.04915774241089821,-0.16540223360061646,0.022940821945667267,0.32922560167401105,0.3252398963166002,0.4116506094352231
32.60735316666978,0.011291056871414185,-0.0029872655868530273,0.005980744957923889,-0.04985522851347923,-0.1678568720817566,0.021145639941096306,0.3274164553782169,0.3248417346869086,0.41217017989658244
32.61740816666861,0.015150368213653564,-0.008026719093322754,0.003929495811462402,-0.05759197846055031,-0.1831466108560562,0.02796413004398346,0.32551480822575174,0.32440866547634667,0.41273635853619806
32.62746316666744,0.014987677335739136,-0.014429032802581787,0.0030425190925598145,-0.0666479617357254,-0.1994829773902893,0.02929544448852539,0.3234391066759332,0.32390075286797315,0.41335272246400734
32.63751716666593,0.007002979516983032,-0.01601541042327881,0.007236853241920471,-0.0761203020811081,-0.21251995861530304,0.027406997978687286,0.32120625067486946,0.32327445529939847,0.41395940104371437
32.647572166672035,0.0012623369693756104,-0.016791105270385742,0.010216236114501953,-0.08485350757837296,-0.21971794962882996,0.031907953321933746,0.318874740371289,0.32259454763737033,0.41461781412148235
32.65762716667086,-0.0012850463390350342,-0.0183790922164917,0.013979911804199219,-0.09691283851861954,-0.22382481396198273,0.036118410527706146,0.3164624469597278,0.3218100321982076,0.41535454724470244
32.667681166669354,-2.1010637283325195e-05,-0.02193373441696167,0.018265143036842346,-0.12021758407354355,-0.23077312111854553,0.04431772232055664,0.3139359401458839,0.32087023538536524,0.41618228311636496
32.67773616666818,0.0020433664321899414,-0.026630103588104248,0.02098776400089264,-0.1505238115787506,-0.24134506285190582,0.050587333738803864,0.31128197294601306,0.31969918130844327,0.4171678006743111
32.68779116666701,-0.0026054680347442627,-0.023928403854370117,0.012879624962806702,-0.15557131171226501,-0.2452724426984787,0.056031692773103714,0.30851939314578086,0.31840932077050965,0.41824139944731475
32.6978451666655,-0.0025979280471801758,-0.011133730411529541,0.01430252194404602,-0.1677107959985733,-0.2513122260570526,0.062049902975559235,0.30566250355163943,0.31704744826877,0.41943556250029224
32.70790016667161,-0.0013768672943115234,-0.0089874267578125,0.01534944772720337,-0.17502450942993164,-0.2517629563808441,0.06959673762321472,0.30274619067502667,0.31564222446039114,0.42070953267274863
32.717955166670436,-0.0006895661354064941,-0.004415988922119141,0.015831902623176575,-0.16466054320335388,-0.2596592307090759,0.0760735496878624,0.29978341426742816,0.3142283021302532,0.4220230901440357
32.728009166668926,-0.0050850510597229,0.0004807114601135254,0.018994808197021484,-0.16084574162960052,-0.25936654210090637,0.0830177441239357,0.2967642266719797,0.31288294586268744,0.423374515774629
32.738064166667755,-0.0049658119678497314,0.006230652332305908,0.018878117203712463,-0.16004014015197754,-0.2608581781387329,0.08240494877099991,0.29373254693952083,0.31156679891085,0.42473272850723814
32.748119166666584,-0.004612982273101807,0.006418287754058838,0.014545395970344543,-0.1545455902814865,-0.2630592882633209,0.08301593363285065,0.29071678326588046,0.3102654387160906,0.4260893543003102
32.75817416666541,-0.005438387393951416,-0.00021404027938842773,0.018677547574043274,-0.15607264637947083,-0.2565537095069885,0.08248277008533478,0.2876987772583512,0.30902011068913166,0.42739239630850456
32.76822816667118,-0.0074349939823150635,0.004052639007568359,0.022207796573638916,-0.1608179211616516,-0.2565855383872986,0.07973787188529968,0.2847104781079389,0.3077233615897256,0.4286947496474592
32.77828316667001,-0.005926460027694702,0.014751434326171875,0.018737375736236572,-0.1584940403699875,-0.251619815826416,0.07402326166629791,0.28177905300718786,0.3063694624668556,0.42996668196659726
32.78833816666884,-0.0038577616214752197,0.030774235725402832,0.015335023403167725,-0.14750641584396362,-0.24887369573116302,0.0697181299328804,0.27891517180790426,0.30506469032551825,0.43114070282752676
32.79839216666733,-0.0035234689712524414,0.027037978172302246,0.014725342392921448,-0.12241651117801666,-0.24325628578662872,0.06526399403810501,0.2761186665788935,0.30395487755114536,0.43220075277767517
32.808447166666156,-0.006117284297943115,0.015283465385437012,0.01706506311893463,-0.11796228587627411,-0.24212603271007538,0.05806722491979599,0.27338788692428495,0.3029831080663626,0.4331691448566305
32.81850216667226,-0.015615373849868774,0.010270476341247559,0.018085971474647522,-0.11773378401994705,-0.2337416112422943,0.049501966685056686,0.2707316065404685,0.30199913329254185,0.4340444012964912
32.82855616667075,-0.017285972833633423,0.004606306552886963,0.017602741718292236,-0.11508505791425705,-0.22760716080665588,0.04677150771021843,0.26815895034731846,0.3009986733224014,0.4348530779203634
32.83861116666958,-0.019521743059158325,-0.004318177700042725,0.021135464310646057,-0.12560400366783142,-0.2167113572359085,0.04629720002412796,0.26567110144818745,0.2999659997538406,0.4356521065560683
32.84866616666841,-0.023434221744537354,-0.00948721170425415,0.024929702281951904,-0.13883113861083984,-0.20870164036750793,0.05117024853825569,0.26326409935480716,0.2988152519577828,0.43649732859564855
32.8587201666669,-0.02373027801513672,-0.009483098983764648,0.024766698479652405,-0.1612972915172577,-0.19779573380947113,0.05585820972919464,0.2609402185664571,0.29749784106771865,0.437419638949053
32.86877516666573,-0.019832491874694824,-0.0070282816886901855,0.025236785411834717,-0.18192502856254578,-0.18759089708328247,0.06301410496234894,0.25868459894391127,0.2959449396862135,0.4384938971436474
32.87883016667183,-0.017762839794158936,-0.0061914920806884766,0.020825520157814026,-0.17991194128990173,-0.1815423220396042,0.06330864876508713,0.256531442081024,0.29437082128275344,0.4396155805100306
32.88888516667066,-0.01699352264404297,0.007344961166381836,0.022253021597862244,-0.17712050676345825,-0.1732870638370514,0.060304492712020874,0.25444609808978225,0.29277573502744786,0.44071111977727756
32.89893916666915,-0.016511380672454834,0.006112992763519287,0.019082844257354736,-0.1557643562555313,-0.16585923731327057,0.06068718805909157,0.25242979405377186,0.29130820047598277,0.44175254826687405
32.90899416666798,-0.020071089267730713,0.00628894567489624,0.020149171352386475,-0.14368470013141632,-0.15916724503040314,0.05837934836745262,0.2505047651874657,0.29000556867852106,0.44276381742276955
32.91904916666681,-0.01832258701324463,0.009117841720581055,0.02050517499446869,-0.13764730095863342,-0.1488376408815384,0.062493667006492615,0.24866905963527927,0.2888056505046354,0.4437312875747572
32.9291031666653,-0.018421083688735962,0.006681680679321289,0.01777172088623047,-0.11939031630754471,-0.14701084792613983,0.06198896840214729,0.24689654585532295,0.28772748021016376,0.4446889875575086
32.939158166671405,-0.020073026418685913,0.00466543436050415,0.018033728003501892,-0.11314946413040161,-0.1391148418188095,0.06960774213075638,0.2452308215148542,0.28668519856314295,0.4455950698250446
32.94921316667023,-0.020319253206253052,-0.002934277057647705,0.01969347894191742,-0.1111072227358818,-0.12547080218791962,0.07371153682470322,0.2436522943915517,0.28568007052289746,0.4465586914193524
32.959267166668724,-0.01779314875602722,0.00438612699508667,0.021756544709205627,-0.11951189488172531,-0.11439497768878937,0.0760631114244461,0.2421763260777224,0.28465748919719647,0.4475634825305651
32.96932216666755,-0.013536632061004639,0.012574851512908936,0.02338363230228424,-0.11738260835409164,-0.10603398829698563,0.07341156154870987,0.2408204867060767,0.2835861654828735,0.4485496499573299
32.97937716666638,-0.012253999710083008,0.01803445816040039,0.020412862300872803,-0.10775262117385864,-0.10013668239116669,0.06770201027393341,0.23953486412584732,0.2825925412972463,0.44948305855056925
32.98943116667215,-0.012291938066482544,0.020641088485717773,0.015401840209960938,-0.10110070556402206,-0.09960072487592697,0.057191602885723114,0.23832387904796215,0.28164600239861376,0.450294947754075
32.99948616667098,-0.014020800590515137,0.020451009273529053,0.010083749890327454,-0.10045329481363297,-0.09241657704114914,0.05139337107539177,0.23718683571188176,0.28071007981894125,0.4509992065160441
33.009541166669806,-0.01595604419708252,0.01630115509033203,0.009319677948951721,-0.10516709089279175,-0.086933933198452,0.038428302854299545,0.2361191075270101,0.2797320648180672,0.45162185523490994
33.019595166668296,-0.021021991968154907,0.009716153144836426,0.009993195533752441,-0.10924971103668213,-0.07658541947603226,0.03538430854678154,0.2351501913282381,0.27869194515875906,0.452174074691169
33.029650166667125,-0.026656895875930786,0.008602380752563477,0.008962467312812805,-0.1095060408115387,-0.0695236474275589,0.03006557747721672,0.2342603797808758,0.2776234147186008,0.4527226885763779
33.039705166665954,-0.028286010026931763,0.009161412715911865,0.009333133697509766,-0.1126810610294342,-0.058350883424282074,0.031221920624375343,0.23349848114267832,0.2765282767068455,0.4532278824910697
33.04976016667206,-0.03179827332496643,0.004026174545288086,0.006454795598983765,-0.10367389768362045,-0.046803150326013565,0.0379926897585392,0.23283309215874287,0.2754642388394043,0.4537846626277435
33.05981416667055,-0.032688796520233154,0.0007968544960021973,0.008248448371887207,-0.10603345930576324,-0.03575263172388077,0.044221822172403336,0.23226934846049366,0.2744506772085283,0.4543842766123192
33.06986916666938,-0.03068569302558899,-0.00012362003326416016,0.007299602031707764,-0.09944093972444534,-0.02701892890036106,0.052121903747320175,0.23177483811846714,0.2734662910588879,0.45505776191304
33.07992416666821,-0.032763540744781494,0.008559584617614746,0.008440569043159485,-0.09567176550626755,-0.018738096579909325,0.050929341465234756,0.23135502254532778,0.27258284896605983,0.4557195572365698
33.0899781666667,-0.030596107244491577,0.006996512413024902,0.004466548562049866,-0.08460068702697754,-0.004944120533764362,0.05604593828320503,0.23104041517720636,0.2717693084433082,0.4563955741546707
33.100033166665526,-0.025937914848327637,0.007289230823516846,0.002132728695869446,-0.07888181507587433,0.002285296330228448,0.056715987622737885,0.23083223205745293,0.27108020539657507,0.4570555726318132
33.11008816667163,-0.02327713370323181,0.0205533504486084,0.0009983330965042114,-0.06825194507837296,0.015162346884608269,0.05468929931521416,0.230742157313523,0.2704469404262678,0.4576813984628587
33.12014216667012,-0.0190904438495636,0.022378146648406982,-0.0013163089752197266,-0.05571138486266136,0.017955202609300613,0.052450645714998245,0.23074175640289893,0.2699188306568313,0.4582508423146135
33.13019716666895,-0.019268929958343506,0.023819327354431152,0.00046896934509277344,-0.04374336078763008,0.021976444870233536,0.04573620483279228,0.23079131896874278,0.2695182770128454,0.458731584184723
33.14025216666778,-0.01960921287536621,0.03137236833572388,-0.002018868923187256,-0.03174795210361481,0.02922263741493225,0.03446623682975769,0.2309479058902533,0.26919955264559775,0.45909963511534513
33.15030616666627,-0.014197379350662231,0.03545737266540527,-0.006463721394538879,-0.015479676425457,0.03748190030455589,0.025379478931427002,0.23121318133502833,0.26900500265540855,0.45933494861939544
33.160361166672374,-0.012176573276519775,0.030956029891967773,-0.010288119316101074,-0.00019419763702899218,0.03880176320672035,0.01688559353351593,0.23156090462947923,0.2689181479235467,0.4594313942261801
33.1704161666712,-0.010931730270385742,0.025571584701538086,-0.010237053036689758,0.004964167717844248,0.04403141140937805,0.009669225662946701,0.23196413132833854,0.26894306252244843,0.4594207688369779
33.18047116667003,-0.012541472911834717,0.024871528148651123,-0.014400005340576172,0.012449248693883419,0.05074284225702286,0.00719488225877285,0.2324169904437591,0.2690281256765959,0.4593719504481846
33.19052516666852,-0.012482911348342896,0.021873891353607178,-0.01640474796295166,0.021525034680962563,0.052771374583244324,0.0028361931908875704,0.23294362071331218,0.2691850332794356,0.4592537611668288
33.20058016666735,-0.008938372135162354,0.021577894687652588,-0.015346243977546692,0.032975830137729645,0.05642656236886978,-0.00211568851955235,0.23353461619251334,0.26943608611757314,0.45907769243459295
33.21063516666618,-0.00585213303565979,0.01861262321472168,-0.012408450245857239,0.039458852261304855,0.055060360580682755,-0.006579572334885597,0.23414667827891247,0.2697293488162332,0.4588362847042861
33.220689166671946,-0.006070643663406372,0.012057363986968994,-0.01348966360092163,0.045706894248723984,0.05587262287735939,-0.009749533608555794,0.23478031752725398,0.2701074750354596,0.4585287216983979
33.230744166670775,-0.007175266742706299,0.011181294918060303,-0.011610329151153564,0.051776282489299774,0.05320746824145317,-0.016259124502539635,0.23540660103852554,0.2705419805649084,0.4581923872550505
33.2407991666696,-0.007535696029663086,0.00861746072769165,-0.013538479804992676,0.05018770694732666,0.05349695309996605,-0.019685814157128334,0.23601799018729142,0.27098377290157966,0.4578253748499104
33.250853166668094,-0.005501359701156616,0.0032242536544799805,-0.017372623085975647,0.04913797602057457,0.04987292364239693,-0.021894585341215134,0.23664251580611995,0.27142619140187346,0.4574391736921684
33.26090816666692,-0.0061727166175842285,-0.0008795261383056641,-0.018872901797294617,0.04829588532447815,0.043008625507354736,-0.020878324285149574,0.237197752683788,0.2718621368689195,0.45703576886245145
33.27096316666575,-0.00584644079208374,-0.0060364603996276855,-0.02020639181137085,0.047804221510887146,0.03970297425985336,-0.02080143801867962,0.2376956402867866,0.27228787525410164,0.456637146417237
33.28101716667152,-0.009349733591079712,-0.008879005908966064,-0.018940985202789307,0.04397033154964447,0.03355293720960617,-0.018450666218996048,0.23812944009493223,0.27271480217671606,0.456265142506941
33.29107216667035,-0.011208057403564453,-0.012948870658874512,-0.015952810645103455,0.036621831357479095,0.027036050334572792,-0.01273869164288044,0.23849680687479488,0.27307798277027195,0.4559572970010498
33.301127166669175,-0.013256430625915527,-0.01613306999206543,-0.011126399040222168,0.031562089920043945,0.022351549938321114,-0.0054176622070372105,0.23878584671299574,0.27342760507872627,0.4557429342377818
33.311181166667666,-0.01140323281288147,-0.01597541570663452,-0.009838521480560303,0.021565116941928864,0.01774721033871174,-0.003945732954889536,0.23900570302619817,0.27369435524083985,0.45558247813279923
33.321236166666495,-0.009404212236404419,-0.012697219848632812,-0.0058666616678237915,0.016084862872958183,0.017324300482869148,0.000113723348476924,0.2392038837235208,0.2739008824695627,0.45548275868982685
33.33129116666532,-0.005558639764785767,-0.005772054195404053,-0.006985187530517578,0.015308905392885208,0.011332187801599503,0.0022091518621891737,0.2393407061550024,0.2741009740174554,0.45542896741662425
33.34134616667143,-0.0007707178592681885,0.0069558024406433105,-0.007420763373374939,0.012126961722970009,0.00950898788869381,-0.0031043870840221643,0.23942529875342375,0.2742822138809494,0.45535754755236896
33.35140016666992,0.004536718130111694,0.013629794120788574,-0.01110045611858368,0.01387585885822773,0.003801301121711731,-0.00510809663683176,0.2394856604658611,0.27446433778595264,0.4552541771253783
33.36145516666875,0.009071171283721924,0.014241218566894531,-0.013025686144828796,0.019248254597187042,-0.003645696211606264,-0.009060493670403957,0.23947927294954374,0.27468687839012335,0.45511108734092115
33.371510166667576,0.008494436740875244,0.016398489475250244,-0.012305125594139099,0.025184394791722298,-0.012791124172508717,-0.017001640051603317,0.23943714280087378,0.27493644006789597,0.45487943827264193
33.38156416666607,0.009163111448287964,0.01739954948425293,-0.010050415992736816,0.027390824630856514,-0.01674485392868519,-0.02356979437172413,0.23934580190693444,0.2751805009986771,0.4545766840381785
33.39161916667217,0.010736227035522461,0.017874062061309814,-0.009730637073516846,0.03220537677407265,-0.02168954536318779,-0.03307515010237694,0.23924239793430918,0.2754461371757216,0.45419622405897997
33.401674166671,0.01478034257888794,0.012184679508209229,-0.008993864059448242,0.032549455761909485,-0.029957327991724014,-0.03908190876245499,0.2390863454072091,0.2756997031416959,0.45374141418266783
33.41172816666949,0.016486525535583496,0.005552828311920166,-0.010103985667228699,0.02521573379635811,-0.03745466098189354,-0.04580697417259216,0.2388701787631059,0.275906722873715,0.4532419958710301
33.42178316666832,0.01740613579750061,0.0018076300621032715,-0.013400420546531677,0.01951523683965206,-0.04942956194281578,-0.04571056738495827,0.2385651821830923,0.27603846251718034,0.45271570812149753
33.43183816666715,0.0215284526348114,-0.0031415224075317383,-0.014917194843292236,0.01820296235382557,-0.06593437492847443,-0.050406280905008316,0.2381211748698628,0.27614167166093123,0.45216942669617477
33.44189216666564,0.023417741060256958,-0.00723719596862793,-0.015940725803375244,0.011982884258031845,-0.07659927010536194,-0.048473093658685684,0.23754100640722517,0.276209945004824,0.451643298067798
33.451947166671744,0.024062365293502808,-0.008143484592437744,-0.012421727180480957,0.00990721769630909,-0.09586350619792938,-0.051225628703832626,0.23682058024965452,0.27622130645827503,0.45111255640561143
33.46200216667057,0.028963446617126465,-0.011486947536468506,-0.013923466205596924,-0.0017206768970936537,-0.11511523276567459,-0.052365195006132126,0.2359111062343735,0.27616426177452297,0.45059660402326096
33.47205616666906,0.02949109673500061,-0.019669294357299805,-0.014101848006248474,-0.010862909257411957,-0.13368532061576843,-0.05153351649641991,0.23479420735162518,0.2760095977742639,0.4500979241816458
33.48211116666789,0.0286543071269989,-0.029579341411590576,-0.013927638530731201,-0.023792289197444916,-0.15450617671012878,-0.04943973943591118,0.2334644247836508,0.2757299426814127,0.4496729568891712
33.49216616666672,0.030631214380264282,-0.03640246391296387,-0.01521766185760498,-0.04412752389907837,-0.17109355330467224,-0.042701173573732376,0.23191769917193247,0.275329089296609,0.4493413176704051
33.50222116666555,0.03153645992279053,-0.03645533323287964,-0.009863629937171936,-0.06383225321769714,-0.19376131892204285,-0.03701159358024597,0.23013148955822318,0.2747543299536834,0.44911243286609226
33.512275166671316,0.03127482533454895,-0.04359841346740723,-0.009937107563018799,-0.07893046736717224,-0.21299877762794495,-0.028410783037543297,0.22813394739144727,0.2740486614816976,0.4490266990474526
33.522330166670145,0.03161218762397766,-0.04815465211868286,-0.007146164774894714,-0.09741120785474777,-0.22943101823329926,-0.01450322289019823,0.22588730832066917,0.2732051839418088,0.4490960079541038
33.53238516666897,0.029437869787216187,-0.05291342735290527,-0.004587411880493164,-0.11685117334127426,-0.24186252057552338,0.00036368766450323164,0.2234498897212909,0.27219253936338345,0.44934868045465887
33.542439166667464,0.03262856602668762,-0.049654364585876465,-0.007033228874206543,-0.13661421835422516,-0.25773096084594727,0.010472248308360577,0.22082625194344974,0.2710515565221785,0.4497867999570681
33.55249416666629,0.03618282079696655,-0.04163062572479248,-0.007869064807891846,-0.14793847501277924,-0.2688921391963959,0.023603256791830063,0.21801847111795766,0.2697718476424642,0.45040700459118593
33.5625491666724,0.04209902882575989,-0.038175880908966064,-0.014774143695831299,-0.14876379072666168,-0.28506898880004883,0.03918514773249626,0.21502651902387698,0.2684773997251988,0.45118139490800135
33.57260316667089,0.046455830335617065,-0.03138554096221924,-0.004337489604949951,-0.15650013089179993,-0.3022659420967102,0.048070650547742844,0.2118263164577039,0.2671614348299783,0.452114814488642
33.58265641667094,0.04102832078933716,-0.03935134410858154,0.0018453001976013184,-0.17384396493434906,-0.31067779660224915,0.052943434566259384,0.20847382951021093,0.2657261720381887,0.4531147768086679
33.59271141666977,0.043572813272476196,-0.034253478050231934,0.0045859962701797485,-0.19179439544677734,-0.31844064593315125,0.056333959102630615,0.20502791240469645,0.26410095772321995,0.45419006062426687
33.60276541666826,0.0450158417224884,-0.027966082096099854,0.004506304860115051,-0.20390458405017853,-0.33521243929862976,0.05871162936091423,0.2014402657465253,0.2623034853151475,0.4553196268347524
33.61282041666709,0.04243266582489014,-0.030322730541229248,-0.002190530300140381,-0.20203277468681335,-0.3536139726638794,0.06482601165771484,0.19768623692656037,0.26048733502863747,0.45646941341061475
33.62287541666592,0.032662540674209595,-0.02924215793609619,-0.006489694118499756,-0.20515559613704681,-0.36028197407722473,0.076284259557724,0.1938070319198365,0.25862294062986213,0.45760591796397077
33.632929416671686,0.021687418222427368,-0.03668808937072754,-0.005793645977973938,-0.21510116755962372,-0.3614652156829834,0.08710590749979019,0.18985445401349738,0.25669268663344763,0.45886011711036195
33.642984416670515,0.016509950160980225,-0.03693610429763794,-0.004980996251106262,-0.23532229661941528,-0.3668631911277771,0.10250537097454071,0.18584962127040777,0.25466850994782025,0.4602681636924317
33.653039416669344,0.013145655393600464,-0.0305442214012146,-0.006283938884735107,-0.2594343423843384,-0.3675525486469269,0.11412855237722397,0.18177642501939387,0.2524175645753976,0.46184043765955896
33.66309441666817,0.006933003664016724,-0.031352460384368896,-0.0033783167600631714,-0.2771211862564087,-0.3677312433719635,0.13091258704662323,0.17765911094324174,0.2499781259725855,0.4635887297280642
33.67314841666666,0.0012429654598236084,-0.02413707971572876,-0.006603524088859558,-0.28929707407951355,-0.3643338680267334,0.13576726615428925,0.1735305203376024,0.24740748010861813,0.4654622785590474
33.68320341666549,-0.002755105495452881,-0.008940935134887695,-0.004050612449645996,-0.29050880670547485,-0.3556325137615204,0.1429639309644699,0.16944476783771156,0.24475454456792747,0.46739728771017497
33.6932584166716,-0.0028286874294281006,-0.0033004283905029297,-0.004087626934051514,-0.2819420397281647,-0.3584759533405304,0.14979253709316254,0.16538891172702724,0.24215749923211552,0.46938382231972997
33.70331241667009,-0.007838279008865356,-0.0005868673324584961,0.0008427947759628296,-0.28656715154647827,-0.35646554827690125,0.15498249232769012,0.1613250854341069,0.23959903506789773,0.47140898742936677
33.713367416668916,-0.015408992767333984,-0.0019262433052062988,-0.0008370876312255859,-0.267952561378479,-0.34469249844551086,0.15994961559772491,0.15729141684866674,0.237099535129517,0.4734700676649236
33.723422416667745,-0.0217704176902771,0.007651329040527344,0.0012745261192321777,-0.2662324011325836,-0.3353725075721741,0.16272863745689392,0.15337215099696627,0.234705968348597,0.47554622043203487
33.733476416666235,-0.021972060203552246,0.012203037738800049,-0.0013436079025268555,-0.2604634761810303,-0.3273252248764038,0.16444504261016846,0.1495601747881983,0.23233088483831438,0.4776115405771149
33.74353141667234,-0.022983849048614502,0.013331234455108643,-0.004590079188346863,-0.261829137802124,-0.3218311071395874,0.1611057072877884,0.14580717382898256,0.22996666389165674,0.47967147848039376
33.75358641667117,-0.02623763680458069,0.010151565074920654,-0.008543357253074646,-0.24531403183937073,-0.31541383266448975,0.1611277312040329,0.1421452435012763,0.22768674637004796,0.48169130646398123
33.76364041666966,-0.03118380904197693,0.018006563186645508,-0.012914061546325684,-0.23550987243652344,-0.30426424741744995,0.15948694944381714,0.1385775927484102,0.2254889803564999,0.48365467756181874
33.77369541666849,-0.03663155436515808,0.021974921226501465,-0.0074185580015182495,-0.23465432226657867,-0.2939552962779999,0.14991611242294312,0.13514027223735178,0.2234055718665172,0.4855523633902537
33.78375041666732,-0.03618013858795166,0.020647943019866943,-0.007684335112571716,-0.2224184274673462,-0.2899365723133087,0.1461767703294754,0.13179641654152208,0.2213003939551092,0.4874012289512596
33.793805416666146,-0.04230371117591858,0.019190549850463867,-0.003592461347579956,-0.21296896040439606,-0.28079140186309814,0.14027442038059235,0.12854691874855922,0.21930532420396162,0.48915879083637903
33.80385941667191,-0.04675617814064026,0.017216861248016357,0.002018868923187256,-0.1874159276485443,-0.27295398712158203,0.13678941130638123,0.12538901320772894,0.21747333187010504,0.4908303073487326
33.81391441667074,-0.05433186888694763,0.01127469539642334,0.012996956706047058,-0.18585851788520813,-0.25766104459762573,0.1313811093568802,0.12238833251037079,0.21581199466038473,0.4924445091358618
33.82396941666957,-0.052720218896865845,0.014248788356781006,0.010972976684570312,-0.1929105669260025,-0.24619880318641663,0.12204860150814056,0.11952659383633285,0.21410140629975893,0.49396723149436705
33.83402341666806,-0.04717561602592468,0.021184146404266357,0.0059853196144104,-0.19517283141613007,-0.23698054254055023,0.11296184360980988,0.11678982403471282,0.2122355824134397,0.4954190025205156
33.84407841666689,-0.05041301250457764,0.028977274894714355,0.005333393812179565,-0.20379482209682465,-0.2331882119178772,0.1089327484369278,0.11414199661980383,0.21042103479750937,0.4967682275057878
33.85413341666572,-0.05372944474220276,0.029770374298095703,0.00010313093662261963,-0.2087545543909073,-0.2171933948993683,0.09914347529411316,0.11159053187493714,0.208463538768319,0.4980644825620968
33.864187416671484,-0.05409449338912964,0.02194613218307495,0.0020365267992019653,-0.19056463241577148,-0.2048107534646988,0.09189754724502563,0.1092271028482491,0.2066170779049545,0.4992727530833448
33.87424241667031,-0.05731484293937683,0.026047885417938232,0.006029501557350159,-0.20019321143627167,-0.1947179138660431,0.08715520054101944,0.10696876812151199,0.20473776105495783,0.5004309903606085
33.88429741666914,-0.06064063310623169,0.023132145404815674,0.005385935306549072,-0.18590374290943146,-0.18058212101459503,0.07876650989055634,0.10486283125323154,0.2029104396453833,0.5014859051809973
33.89435141666763,-0.06037965416908264,0.024762988090515137,0.011139750480651855,-0.1871940791606903,-0.16981670260429382,0.06922357529401779,0.10291344252306273,0.2011235082831909,0.5024392794957634
33.90440641666646,-0.06027892231941223,0.015663862228393555,0.008379526436328888,-0.17954257130622864,-0.15590594708919525,0.06750397384166718,0.10107733324330616,0.19930532850170254,0.5033148100905276
33.91446141666529,-0.06384158134460449,0.0106162428855896,0.014757640659809113,-0.1797003448009491,-0.14668354392051697,0.06306377053260803,0.09939455151900763,0.19760302173391417,0.5041537876004327
33.924516416671395,-0.0649251937866211,0.0032786130905151367,0.016501978039741516,-0.18561255931854248,-0.12896686792373657,0.06058196723461151,0.09786856465549178,0.19585508049577435,0.5049631473146169
33.934570416669885,-0.06796720623970032,-0.009348034858703613,0.020013339817523956,-0.1915532797574997,-0.11645480245351791,0.05672123655676842,0.09647766037137893,0.19399184790742569,0.5057496858958875
33.944625416668714,-0.07070297002792358,-0.020721733570098877,0.02082187682390213,-0.20313963294029236,-0.09595432132482529,0.05492919310927391,0.09525400962683116,0.19208227266799677,0.5065125346415671
33.95468041666754,-0.07672989368438721,-0.028509855270385742,0.023671641945838928,-0.214619979262352,-0.08647266775369644,0.050925347954034805,0.09418970912929052,0.19005000496614657,0.5072392654437142
33.96473441666603,-0.0798482894897461,-0.04500865936279297,0.019816040992736816,-0.20601238310337067,-0.06775117665529251,0.052249737083911896,0.09327360344395004,0.18799665008249095,0.5079684512842544
33.97478941667214,-0.08711767196655273,-0.05737876892089844,0.025397121906280518,-0.21981598436832428,-0.04844139888882637,0.0567474439740181,0.0925483276885271,0.18589453176558432,0.5087259854243283
33.98484441667097,-0.0923812985420227,-0.0699358582496643,0.02773362398147583,-0.22347383201122284,-0.026193082332611084,0.06900916248559952,0.09198862744125076,0.18372166228625014,0.509561160359597
33.99489841666946,-0.09623953700065613,-0.08490771055221558,0.03519231081008911,-0.2399379462003708,-0.004123467020690441,0.09343131631612778,0.09166220136065059,0.18150068995835897,0.510572790837751
34.004953416668286,-0.09615233540534973,-0.09210032224655151,0.03348475694656372,-0.23526303470134735,0.022706815972924232,0.1255652904510498,0.09153243900007091,0.17919350019367825,0.5118826208749621
34.015008416667115,-0.0956360399723053,-0.09822320938110352,0.03812074661254883,-0.2618470788002014,0.04163869470357895,0.1657058745622635,0.09155728232003865,0.1768554397628895,0.5135857206879917
34.025062416665605,-0.09429016709327698,-0.10674470663070679,0.03339255601167679,-0.2685143053531647,0.06563884019851685,0.20512039959430695,0.0917330147984037,0.17442533299139257,0.5156859983507787
34.03511741667171,-0.08709076046943665,-0.10133564472198486,0.03789425641298294,-0.315664678812027,0.09319163113832474,0.23943406343460083,0.09211614631305201,0.17163433452206286,0.5181999997478337
34.04517241667054,-0.07335725426673889,-0.10434567928314209,0.03452819585800171,-0.37125149369239807,0.11465644091367722,0.29147568345069885,0.09264181004420453,0.16847622042584362,0.5212323133153249
34.05522641666903,-0.06319132447242737,-0.1135757565498352,0.034188807010650635,-0.41420096158981323,0.12241117656230927,0.33428654074668884,0.09324619982958235,0.16483389161479522,0.5248053270641704
34.06528141666786,-0.055774182081222534,-0.11437630653381348,0.03694039583206177,-0.44793254137039185,0.1312534064054489,0.3822604715824127,0.09385431704030855,0.16084896538748397,0.5288550025375935
34.07533641666669,-0.054842978715896606,-0.10647761821746826,0.04020857810974121,-0.46275922656059265,0.14757445454597473,0.42172977328300476,0.09454123244785372,0.15664947638354948,0.5333812984234935
34.085391416665516,-0.04847189784049988,-0.0913841724395752,0.042334623634815216,-0.425372451543808,0.15346722304821014,0.4812522232532501,0.09528442044592102,0.15259134681219905,0.5383820189159731
34.09544541667128,-0.03710398077964783,-0.07138442993164062,0.03613781929016113,-0.35373491048812866,0.1619078516960144,0.5308111310005188,0.09604795778279646,0.1491561451422394,0.5438885818547857
34.10550041667011,-0.02651923894882202,-0.0579645037651062,0.03396355360746384,-0.24755866825580597,0.14869990944862366,0.5796215534210205,0.09677026486276992,0.14667937393068206,0.5497865650975068
34.11555541666894,-0.021683335304260254,-0.049601614475250244,0.03623568266630173,-0.13780055940151215,0.14128246903419495,0.6222545504570007,0.09732951571155891,0.14533976320296865,0.5560603915518627
34.12560941666743,-0.022706151008605957,-0.04579639434814453,0.03986716270446777,-0.0640384703874588,0.1369234025478363,0.658693253993988,0.09776681599093241,0.1449918732750047,0.5626385851291468
34.13566441666626,-0.022702664136886597,-0.04640382528305054,0.047177620232105255,-0.08934959769248962,0.14541542530059814,0.7028465867042542,0.0981676009557934,0.14496554860622357,0.5695970916370996
34.145719416672364,-0.013812780380249023,-0.040250182151794434,0.04800785332918167,-0.1685325652360916,0.16092008352279663,0.7278379201889038,0.09863171011402805,0.14437723550554757,0.5769829148270388
34.155773416670854,-0.006191849708557129,-0.011445581912994385,0.04391360282897949,-0.2729477882385254,0.18323563039302826,0.7364622354507446,0.09922577839455606,0.14294099658322373,0.5846042436941401
34.16582841666968,0.005613982677459717,-0.012687325477600098,0.039379291236400604,-0.33430832624435425,0.1903121918439865,0.7429994940757751,0.10001380322817632,0.14060344203851405,0.5924060716805246
34.17588341666851,0.021153390407562256,-0.003450334072113037,0.04510176181793213,-0.3919737637042999,0.19870620965957642,0.751449465751648,0.10086820139864434,0.13768155168358953,0.6003273015847648
34.185937416667,0.03161787986755371,0.026728510856628418,0.04275423288345337,-0.40937885642051697,0.1871957629919052,0.7429087162017822,0.10175242805841657,0.13443190924929596,0.6082624648834616
34.19599241666583,0.03687971830368042,0.05737072229385376,0.03779613971710205,-0.36876386404037476,0.1821589171886444,0.7448358535766602,0.1025683286697727,0.131268310170074,0.6161825637699871
34.206047416671936,0.03677326440811157,0.08070164918899536,0.032555222511291504,-0.2724810242652893,0.1660318821668625,0.7522718906402588,0.10329911080318208,0.1288229867484271,0.624073731135973
34.216102416670765,0.034769654273986816,0.1019817590713501,0.029405947774648666,-0.1372772604227066,0.14576323330402374,0.7580986618995667,0.10386889861584983,0.1275382998648615,0.6319194755475246
34.226156416669255,0.034206271171569824,0.11316615343093872,0.03133207932114601,-0.017307713627815247,0.12840048968791962,0.7666007876396179,0.10425859365540707,0.127561785847154,0.63967128321421
34.236211416668084,0.03013402223587036,0.09960675239562988,0.02781522274017334,0.09588630497455597,0.11006142944097519,0.7760834693908691,0.10445672377158643,0.12879453091539333,0.6473826300537888
34.24626641666691,0.03013402223587036,0.08063918352127075,0.030241012573242188,0.15108591318130493,0.09287764877080917,0.777430534362793,0.10447624377572831,0.13086211090052605,0.6550957152290817
34.2563204166654,0.026785731315612793,0.0680118203163147,0.03679567202925682,0.15275242924690247,0.08724372833967209,0.7839588522911072,0.10437226211006793,0.13323693004915552,0.6628153756899129
34.26637541667151,0.025727689266204834,0.05838024616241455,0.03588104248046875,0.12987667322158813,0.08266256004571915,0.7817742824554443,0.10419652454205733,0.13548917544540104,0.6705567194396611
34.27643041667034,0.027854740619659424,0.05158817768096924,0.033274177461862564,0.07776758074760437,0.07094571739435196,0.7692773938179016,0.10391360810039428,0.13734842644192874,0.6782816177791641
34.28648441666883,0.02124887704849243,0.049740374088287354,0.03621428832411766,0.000993438996374607,0.05835695192217827,0.7523215413093567,0.10350383059681369,0.13855439032344105,0.6859046665885427
34.296539416667656,0.013693273067474365,0.053771257400512695,0.03269469738006592,-0.06359993666410446,0.05192621797323227,0.7374005317687988,0.10300211827523525,0.1389885803491736,0.6934311807112233
34.306594416666485,0.003519296646118164,0.07203412055969238,0.03441667556762695,-0.11555901169776917,0.059124208986759186,0.7065565586090088,0.1025450984453517,0.13880558991690725,0.7008225450022937
34.31664841667225,0.002080678939819336,0.07143932580947876,0.03061031922698021,-0.12059278041124344,0.05461827665567398,0.6857292652130127,0.1021317081291181,0.13830410661436013,0.7079656196900868
34.32670341667108,0.00271528959274292,0.07233881950378418,0.027546409517526627,-0.09927044808864594,0.04347481206059456,0.6709777116775513,0.10167579840347143,0.13789530676209222,0.7149463455064878
34.33675841666991,-0.004196286201477051,0.08213919401168823,0.022636111825704575,-0.03417826443910599,0.027571743354201317,0.6561745405197144,0.10110231168342645,0.1379051037921368,0.7217021717902583
34.34681341666874,-0.00914829969406128,0.09324628114700317,0.025800645351409912,0.03619256988167763,0.0068763201124966145,0.6451844573020935,0.1003807873194908,0.13854399073493007,0.7282898904671312
34.35686741666723,-0.009717285633087158,0.08903396129608154,0.021303117275238037,0.1141623854637146,-0.013470763340592384,0.6416563391685486,0.09949579121142567,0.1399745779516686,0.7346976006114133
34.36692241666606,-0.011896193027496338,0.07322019338607788,0.025260329246520996,0.17238333821296692,-0.03865627944469452,0.6417087912559509,0.09834627301285219,0.1420726407184221,0.741038159046647
34.37697741667216,-0.014502286911010742,0.06072467565536499,0.031086083501577377,0.19790056347846985,-0.06534714251756668,0.6487177610397339,0.09690182585471994,0.14456053716010764,0.7473739212735939
34.38703141667065,-0.019015133380889893,0.04940539598464966,0.03538399934768677,0.1954997181892395,-0.08212745189666748,0.6401841640472412,0.09524936970733855,0.1471566486463953,0.7536906617377959
34.39708641666948,-0.012923777103424072,0.04870259761810303,0.039969202131032944,0.1694580316543579,-0.09833984822034836,0.6360845565795898,0.09343006515093483,0.149609029155015,0.7599734429166084
34.40714141666831,-0.004338681697845459,0.04702794551849365,0.039544522762298584,0.15095704793930054,-0.1275200992822647,0.6269733905792236,0.09136535132364362,0.15181722288326419,0.7662060630633889
34.4171954166668,-0.0009247064590454102,0.05238807201385498,0.04108608514070511,0.12355748564004898,-0.156843900680542,0.6084087491035461,0.08898403227365928,0.15376478168837965,0.7723394696688906
34.42725041666563,-4.792213439941406e-05,0.04978388547897339,0.046208739280700684,0.1066615879535675,-0.18390747904777527,0.6012845635414124,0.08634686199875578,0.1554283075172237,0.7783582724066619
34.437305416671734,0.00648808479309082,0.05154687166213989,0.05216342583298683,0.09912551194429398,-0.22712858021259308,0.5925694704055786,0.08335453700828527,0.15698418845643808,0.7843104979814558
34.447359416670224,0.006208240985870361,0.045913517475128174,0.05627685785293579,0.11015445739030838,-0.2652764916419983,0.5799343585968018,0.07996329167010181,0.1584992773235784,0.7901659349462785
34.45741441666905,-5.334615707397461e-05,0.03906005620956421,0.06639564037322998,0.12771888077259064,-0.2924809455871582,0.5728489756584167,0.07623386395159916,0.16014939178262738,0.7959154603204183
34.46746941666788,-0.0031383633613586426,0.04075884819030762,0.0714259147644043,0.15305885672569275,-0.3196662366390228,0.5716140866279602,0.0722253729614926,0.16196126746663309,0.8016361112476879
34.47752341666637,-0.0004942417144775391,0.04923731088638306,0.0805785059928894,0.1708170473575592,-0.34126409888267517,0.5644593834877014,0.06800141442793366,0.1639375040093405,0.8073007908288513
34.4875784166652,0.006976127624511719,0.05365055799484253,0.08415783196687698,0.18325453996658325,-0.3591557443141937,0.5643717646598816,0.06356379419788584,0.16604767459674413,0.8128986028086339
34.497633416671306,0.014514803886413574,0.04428064823150635,0.0876537561416626,0.2037188559770584,-0.3847182095050812,0.5581340193748474,0.05889712018516503,0.1683496694108013,0.8184917989416237
34.507688416670135,0.014069437980651855,0.029321491718292236,0.09156501293182373,0.21775372326374054,-0.40811169147491455,0.5532985329627991,0.053966921269678655,0.17077433124447366,0.8240458675023415
34.517742416668625,0.006910860538482666,0.021131813526153564,0.10007226467132568,0.20022234320640564,-0.4167090356349945,0.5364338159561157,0.0488742976233184,0.17319027232593553,0.8294923288553433
34.527797416667454,0.004228711128234863,0.016433000564575195,0.11034505814313889,0.1661357432603836,-0.414389967918396,0.5276211500167847,0.0437605642315867,0.17527184917383218,0.8348234655729924
34.53785241666628,0.010425031185150146,0.014280438423156738,0.11640817672014236,0.11996012926101685,-0.4092182219028473,0.5213048458099365,0.03870410725933721,0.17694157321945211,0.8401016636377401
34.54790641667205,0.016294419765472412,0.006508588790893555,0.12156808376312256,0.07789922505617142,-0.41223904490470886,0.5301515460014343,0.03371772812971373,0.1780594495236355,0.8453715752601071
34.55796141667088,0.018223464488983154,-0.0008463859558105469,0.12864619493484497,0.029163114726543427,-0.4225721061229706,0.5414848923683167,0.02858081900941211,0.17878422266646882,0.8508395267206675
34.56801641666971,0.011854231357574463,-0.010464370250701904,0.13433170318603516,0.005720905028283596,-0.43697449564933777,0.5740063786506653,0.02318493285995496,0.17911524798031536,0.8565545894223541
34.5780704166682,-0.004601240158081055,-0.010642588138580322,0.14242923259735107,-0.021203920245170593,-0.4356769919395447,0.5687040090560913,0.01771166755728311,0.17916401040753904,0.8623840186344884
34.588127000002714,-0.0032407641410827637,-0.01016920804977417,0.1462295651435852,-0.02382872998714447,-0.4403117001056671,0.603908896446228,0.012214916452888327,0.17906691690318172,0.8683917296908117
34.59818200000154,-0.004035055637359619,-0.014803767204284668,0.15190774202346802,-0.025157380849123,-0.4451024532318115,0.6244229674339294,0.006659175983741317,0.17884969619035432,0.8746240436620452
34.60823600000003,-0.004523038864135742,-0.020564019680023193,0.15688955783843994,-0.021616175770759583,-0.44632112979888916,0.6466947197914124,0.001028391748580855,0.17861748687573983,0.8811247125747199
34.61829099999886,-0.014089643955230713,-0.028707027435302734,0.1623772382736206,-0.006310990545898676,-0.45624619722366333,0.6779474020004272,-0.004726567923456273,0.1784651459046637,0.8878874504020386
34.62834600000497,-0.029102563858032227,-0.038914501667022705,0.16510432958602905,0.0020366881508380175,-0.44795575737953186,0.697981595993042,-0.010517062577908269,0.17839216284155973,0.894904835714021
34.638401000003796,-0.034994661808013916,-0.043501317501068115,0.1664588451385498,0.014630598947405815,-0.432255357503891,0.7226263284683228,-0.016212151744161216,0.17838001690567568,0.9021683101129467
34.648455000002286,-0.030118882656097412,-0.0538862943649292,0.1645129919052124,0.028606070205569267,-0.4099958539009094,0.7546876072883606,-0.02178936378085783,0.17845175698514348,0.9097043065180269
34.658510000001115,-0.02305811643600464,-0.06370043754577637,0.1630399376153946,0.049257729202508926,-0.4098845422267914,0.7932939529418945,-0.027320204616034512,0.17864616072839953,0.9176142602047126
34.668564999999944,-0.01983696222305298,-0.07046091556549072,0.16224388778209686,0.06714591383934021,-0.41020360589027405,0.8466772437095642,-0.0329443137732361,0.17899480530293366,0.926004068064476
34.67861900000571,-0.01792001724243164,-0.07824170589447021,0.15929998457431793,0.0798395648598671,-0.4010469913482666,0.8946641683578491,-0.03860513657564748,0.17940015344792118,0.9349183904494643
34.68867400000454,-0.009942591190338135,-0.07722866535186768,0.1570691615343094,0.09204509854316711,-0.39920222759246826,0.9423760175704956,-0.04432578073775176,0.1798942439786152,0.9443661237780888
34.69872900000337,0.002328157424926758,-0.07499462366104126,0.15679292380809784,0.10999808460474014,-0.4047836661338806,0.9948737621307373,-0.05016501154593281,0.18042416890641824,0.9542773766462291
34.70878300000186,0.01945561170578003,-0.07162928581237793,0.15334773063659668,0.1251693218946457,-0.4038848578929901,1.0463545322418213,-0.05612085873441552,0.1810642395659641,0.9647735504609918
34.71883800000069,0.04398822784423828,-0.067768394947052,0.15366131067276,0.14485162496566772,-0.41684287786483765,1.0892877578735352,-0.06220637575080374,0.18175556407922538,0.9757577276452046
34.728892999999516,0.06527036428451538,-0.06528711318969727,0.15088015794754028,0.15339051187038422,-0.4301096796989441,1.1229455471038818,-0.06851237265956672,0.1825136017125795,0.9871611800144473
34.73894700000528,0.08175182342529297,-0.06926965713500977,0.152782142162323,0.1636815220117569,-0.4428419768810272,1.1586289405822754,-0.07504853597141478,0.18327761772377474,0.9989203695819004
34.74900200000411,0.09485208988189697,-0.07300698757171631,0.15304158627986908,0.1709892302751541,-0.45787256956100464,1.1865004301071167,-0.0817909166426182,0.18403237548314377,1.0110240015685046
34.75905700000294,0.10842525959014893,-0.07117146253585815,0.15370608866214752,0.15942861139774323,-0.46258214116096497,1.2070053815841675,-0.08865960730152371,0.18465668647951713,1.0233677319394956
34.76911200000177,0.12402927875518799,-0.06891006231307983,0.15599942207336426,0.14200115203857422,-0.47575971484184265,1.22758948802948,-0.09568843242901208,0.18506488825283485,1.0359132764261274
34.77916600000026,0.13055962324142456,-0.07385385036468506,0.16374421119689941,0.09802913665771484,-0.48069146275520325,1.2379908561706543,-0.10283222334369885,0.1850337170654141,1.0486037207887127
34.78922099999909,0.13149148225784302,-0.07728821039199829,0.16853654384613037,0.044517435133457184,-0.47538965940475464,1.2461504936218262,-0.10997943642629585,0.18443864081981445,1.0613208738221875
34.79927600000519,0.13051384687423706,-0.08314365148544312,0.17299139499664307,-0.01771877333521843,-0.45320793986320496,1.2579255104064941,-0.1169538783052085,0.1831276573289047,1.0740476099660088
34.80933000000368,0.12697798013687134,-0.08583033084869385,0.1685582846403122,-0.06519734114408493,-0.42815184593200684,1.2699931859970093,-0.12370262722421096,0.18120668808307708,1.0868111876710889
34.81938500000251,0.1186184287071228,-0.08225607872009277,0.16138578951358795,-0.10192672908306122,-0.40184420347213745,1.2782925367355347,-0.13016093302947776,0.17872679995614765,1.0996311596579813
34.82944000000134,0.10209208726882935,-0.0722787082195282,0.1505506932735443,-0.11938614398241043,-0.3616107404232025,1.2738821506500244,-0.13626860194841398,0.17592092083170824,1.1123974600898712
34.83949399999983,0.07390284538269043,-0.05873745679855347,0.13498623669147491,-0.12657615542411804,-0.31248319149017334,1.2610491514205933,-0.1418487235814232,0.17292793034503848,1.1250257061649511
34.84954899999866,0.04208904504776001,-0.05214390158653259,0.11103522777557373,-0.1167386919260025,-0.2484426647424698,1.2339022159576416,-0.14681525285304634,0.16991453460892827,1.1374370830301745
34.859604000004765,0.017981767654418945,-0.04423442482948303,0.09065575897693634,-0.09736046940088272,-0.16400180757045746,1.2033990621566772,-0.15093382972884362,0.16703034531697666,1.1495839802247663
34.869658000003255,-0.002451658248901367,-0.03299003839492798,0.06943130493164062,-0.051847584545612335,-0.08167311549186707,1.1585451364517212,-0.15415341550714096,0.16445614648341925,1.1613635701442717
34.879713000002084,-0.012583673000335693,-0.02620115876197815,0.05346101522445679,0.003976889885962009,-0.005612174514681101,1.120010256767273,-0.1564536754595257,0.16242278377936303,1.1727966180396923
34.88976800000091,-0.016522884368896484,-0.024748951196670532,0.035653769969940186,0.0902705043554306,0.08856305480003357,1.080093264579773,-0.15783748894866204,0.1611589247011737,1.1839369924923167
34.89982299999974,-0.0081406831741333,-0.030724942684173584,0.013355851173400879,0.18952281773090363,0.18309928476810455,1.0313117504119873,-0.15822583406315116,0.16084305268289198,1.1947665832535428
34.90987700000551,0.01540595293045044,-0.03182661533355713,-0.0025783181190490723,0.28468263149261475,0.2810434401035309,0.990394651889801,-0.15758910966133893,0.16161386172448686,1.205292785651866
34.91993200000434,0.05563253164291382,-0.03449395298957825,-0.028171658515930176,0.3850838840007782,0.36760950088500977,0.9462445974349976,-0.15596416499606158,0.16342392907501718,1.2155614305886604
34.929987000003166,0.099018394947052,-0.044101178646087646,-0.06462600827217102,0.48798656463623047,0.4412133991718292,0.9053040742874146,-0.153539817179154,0.16629943168291128,1.225574942434639
34.940041000001656,0.15029102563858032,-0.04729348421096802,-0.10342107713222504,0.5516594648361206,0.4908648133277893,0.871622622013092,-0.15049043307090534,0.17013708079485987,1.2353480880217023
34.950096000000485,0.20091962814331055,-0.057713866233825684,-0.12938325107097626,0.578822910785675,0.5013843178749084,0.8520739674568176,-0.14710386312208415,0.17446059574337938,1.2448958731458741
34.960150999999314,0.2512003779411316,-0.06527411937713623,-0.15208588540554047,0.5958278775215149,0.493913471698761,0.8584805727005005,-0.14376513912380756,0.17908543378545672,1.2543854502641991
34.97020500000508,0.27351778745651245,-0.05766230821609497,-0.15762196481227875,0.5935143828392029,0.4589299261569977,0.8289788365364075,-0.1406908864131441,0.18378271622223152,1.263797032931028
34.98026000000391,0.2771216630935669,-0.05975699424743652,-0.15260137617588043,0.5161301493644714,0.414114385843277,0.812645435333252,-0.13794016626051156,0.18820771306704612,1.272896912961814
34.99031500000274,0.26951372623443604,-0.08069083094596863,-0.14479437470436096,0.3877953588962555,0.28678572177886963,0.7891249060630798,-0.13594554789218688,0.19174188124790068,1.281650738900791
35.00036900000123,0.25054508447647095,-0.10859560966491699,-0.1391497105360031,0.22375959157943726,0.12090209126472473,0.7838132381439209,-0.13546815775561197,0.1936667413898075,1.290067488526532
35.01042400000006,0.1901102066040039,-0.10716468095779419,-0.1458805352449417,0.08360620588064194,0.013424102216959,0.7588834166526794,-0.1363317393008549,0.1942100805596588,1.2981561899489524
35.020478999998886,0.12180900573730469,-0.0941719114780426,-0.12857705354690552,-0.1191546693444252,-0.04089706018567085,0.704794704914093,-0.13792011007887636,0.1929778127165819,1.305576403713098
35.03053300000465,0.07117187976837158,-0.11579480767250061,-0.13040970265865326,-0.2976250648498535,-0.0640186220407486,0.6247797608375549,-0.13965052035780803,0.18997454852958964,1.3120249557304795
35.04058800000348,0.045966923236846924,-0.12533587217330933,-0.11970862746238708,-0.5183708667755127,-0.10090780258178711,0.5418589115142822,-0.14147933065203533,0.18506593680988603,1.3173631900493044
35.05064300000231,0.023674309253692627,-0.13849616050720215,-0.1198720782995224,-0.7768303751945496,-0.1643831729888916,0.48697805404663086,-0.14354293779724012,0.17795729951291323,1.3215673227066527
35.06069800000114,0.005810856819152832,-0.15934228897094727,-0.09381483495235443,-1.2016903162002563,-0.23520421981811523,0.44496363401412964,-0.14611042134259855,0.1674752644581307,1.3249282039534438
35.07075199999963,-0.00956881046295166,-0.20542290806770325,-0.10506319999694824,-1.5923824310302734,-0.33679476380348206,0.336519718170166,-0.14923204562286274,0.1529604991858102,1.3267887618266858
35.08080699999846,-0.022507011890411377,-0.16462096571922302,-0.11821591854095459,-1.9722179174423218,-0.4553850591182709,0.23982103168964386,-0.15322815028578013,0.13482334993017522,1.326907302608852
35.09086200000456,-0.046548426151275635,-0.0884661078453064,-0.1504732221364975,-2.1925580501556396,-0.5505667328834534,0.16202157735824585,-0.15815449292661227,0.11372831146851754,1.325684829900661
35.10091600000305,-0.06426185369491577,-0.02999436855316162,-0.16941988468170166,-2.4024181365966797,-0.6427454948425293,0.06612943857908249,-0.16385306359822774,0.09074835218049083,1.323103405734472
35.11097100000188,-0.06712675094604492,-0.03957486152648926,-0.1729099303483963,-2.6019890308380127,-0.7455579042434692,-0.010047887451946735,-0.17050465173361293,0.06586647854348901,1.3191720880978381
35.12102600000071,-0.08151644468307495,-0.05014494061470032,-0.16937214136123657,-2.80263090133667,-0.8242809772491455,-0.07358100265264511,-0.17812514531415877,0.03915898605826416,1.314050750554121
35.1310799999992,-0.08593815565109253,-0.025188058614730835,-0.1530408412218094,-2.9713985919952393,-0.8919481635093689,-0.12113679945468903,-0.18657472538514053,0.010775954945985208,1.307828773088049
35.141135000005306,-0.08816111087799072,-0.006031900644302368,-0.1461799144744873,-3.03438663482666,-0.9614306688308716,-0.1531885713338852,-0.19592245040891954,-0.018652267456966007,1.3007337420447367
35.151190000004135,-0.08551782369613647,0.025740981101989746,-0.13957679271697998,-3.020817279815674,-1.0248684883117676,-0.1803799718618393,-0.20618533984062862,-0.048237261696326784,1.2929946855275405
35.161244000002625,-0.06773090362548828,0.06889572739601135,-0.1428840160369873,-2.8942432403564453,-1.0944645404815674,-0.16498880088329315,-0.2173500124501773,-0.07700933080033046,1.284994818904609
35.171299000001454,-0.04844951629638672,0.10552841424942017,-0.13725803792476654,-2.6640512943267822,-1.1683260202407837,-0.11071702837944031,-0.22942700944282193,-0.10398237729671156,1.2773893615981933
35.18135400000028,-0.051409125328063965,0.12330746650695801,-0.11726659536361694,-2.3857955932617188,-1.2204742431640625,-0.03414733707904816,-0.2422005042333705,-0.1285112437409033,1.2707091508628767
35.19140899999911,-0.07511067390441895,0.11733546853065491,-0.08846300840377808,-2.132643938064575,-1.2287564277648926,0.04109708219766617,-0.25530580083524507,-0.1505057750341494,1.2651382540322307
35.20146300000488,-0.10239887237548828,0.08458051085472107,-0.04187725484371185,-1.984398603439331,-1.2019141912460327,0.09946103394031525,-0.2682590524106757,-0.1706001098841098,1.2604449153951496
35.21151800000371,-0.11944717168807983,0.03749406337738037,0.0021135956048965454,-1.8951188325881958,-1.1673352718353271,0.14436832070350647,-0.28090680737801327,-0.18972224480057598,1.256286825453323
35.221573000002536,-0.11874878406524658,0.03052222728729248,0.022542715072631836,-1.8210272789001465,-1.1239349842071533,0.1731141060590744,-0.2931916177521087,-0.20807516083170055,1.2524571272699843
35.231627000001026,-0.11713796854019165,0.05388715863227844,0.036310434341430664,-1.7465696334838867,-1.0886648893356323,0.18062341213226318,-0.305091268687905,-0.22573997582693395,1.2488019305555969
35.241681999999855,-0.11776679754257202,0.0612790584564209,0.04889869689941406,-1.7198808193206787,-1.0484637022018433,0.1698276549577713,-0.316694016283654,-0.2428337679742965,1.2450700038345668
35.251736999998684,-0.12136173248291016,0.04872730374336243,0.06671077013015747,-1.7511601448059082,-1.0127898454666138,0.1474698781967163,-0.3280824756466833,-0.2598736966510612,1.2409294586790656
35.26179100000445,-0.1278994083404541,0.03491303324699402,0.07858312129974365,-1.8137825727462769,-0.9700145721435547,0.11215198040008545,-0.33933077562015046,-0.27722764970268904,1.2361550195883273
35.27184600000328,-0.12152975797653198,0.053980737924575806,0.08376067876815796,-1.8623712062835693,-0.9328714609146118,0.08485857397317886,-0.35050417683047286,-0.2949707332700616,1.230601184608171
35.28190100000211,-0.11968189477920532,0.08069315552711487,0.08543217182159424,-1.8739454746246338,-0.8763892650604248,0.03770719841122627,-0.3614863130238334,-0.3128316119322172,1.2243128234020357
35.2919550000006,-0.1072462797164917,0.09482160210609436,0.08532853424549103,-1.8554350137710571,-0.8324100971221924,-0.0008322047651745379,-0.37227547677618056,-0.33041797102384024,1.2174209938746625
35.30200999999943,-0.0956767201423645,0.10076013207435608,0.08435115218162537,-1.8027324676513672,-0.7848300337791443,-0.04387320205569267,-0.38283497150102286,-0.34745771954845545,1.209942263441015
35.31206500000553,-0.07708150148391724,0.11357522010803223,0.08326108753681183,-1.73378324508667,-0.7348781824111938,-0.06119813024997711,-0.3931271659813758,-0.3637278890201187,1.2022443878278257
35.32212000000436,-0.06141245365142822,0.12638074159622192,0.07951581478118896,-1.6456565856933594,-0.6843077540397644,-0.08423921465873718,-0.4030917255706723,-0.37910274851464565,1.194450777535943
35.33217400000285,-0.03914046287536621,0.1263510286808014,0.07831239700317383,-1.5547994375228882,-0.6467824578285217,-0.10382569581270218,-0.4127524053192281,-0.3934765773727532,1.1865939524836202
35.34222900000168,-0.011435866355895996,0.11548209190368652,0.08170968294143677,-1.488114833831787,-0.6237070560455322,-0.1181611493229866,-0.42216802801186276,-0.40699598722258223,1.178772899980211
35.35228400000051,0.008632302284240723,0.10088852047920227,0.09010893106460571,-1.4502431154251099,-0.6156553030014038,-0.13424424827098846,-0.4315941260051128,-0.4199291600180709,1.1708397321214483
35.362337999999,0.016649365425109863,0.09028539061546326,0.09300082921981812,-1.4304176568984985,-0.6064062118530273,-0.156694233417511,-0.4411182407181882,-0.4324161672096411,1.1626870314717523
35.372393000005104,0.020080089569091797,0.07908350229263306,0.09805646538734436,-1.4310221672058105,-0.5921556949615479,-0.18636317551136017,-0.4507704594697382,-0.44464770789635966,1.1541391989966336
35.38244800000393,0.024856626987457275,0.06159260869026184,0.09800530970096588,-1.4443461894989014,-0.574857771396637,-0.2232344150543213,-0.46063682117613425,-0.45673750719943756,1.1450052710712206
35.39250200000242,0.03417778015136719,0.05336111783981323,0.0930367112159729,-1.4738849401474,-0.5400521159172058,-0.2528493106365204,-0.47059751664667715,-0.4687569528816403,1.1352651424343043
35.40255700000125,0.05265158414840698,0.03901851177215576,0.08255250751972198,-1.5025943517684937,-0.52193284034729,-0.2886635363101959,-0.48069446737599203,-0.4808318916944141,1.1248316373767921
35.41261200000008,0.07020574808120728,0.032913804054260254,0.07456919550895691,-1.5319609642028809,-0.4996306896209717,-0.30675679445266724,-0.4909819860803639,-0.4929692522379792,1.1137789740818833
35.42266699999891,0.08303600549697876,0.03449118137359619,0.06905591487884521,-1.5366750955581665,-0.4894355535507202,-0.3345697224140167,-0.5015198763213321,-0.5049533652064506,1.1021410942816758
35.432721000004676,0.08147180080413818,0.028976023197174072,0.06097699701786041,-1.486285924911499,-0.48045405745506287,-0.37901628017425537,-0.5122320312344234,-0.5165195303300938,1.0901285357941626
35.442776000003505,0.07682633399963379,0.027624309062957764,0.06276251375675201,-1.4408798217773438,-0.45022639632225037,-0.4139964282512665,-0.5230503110291624,-0.527412267270691,1.0777247719878154
35.452831000002334,0.07449483871459961,0.015485435724258423,0.0603448748588562,-1.3811753988265991,-0.4238765239715576,-0.43958407640457153,-0.5338618916432742,-0.5374987648956248,1.065099866224252
35.462885000000824,0.0690186619758606,0.007436484098434448,0.055922746658325195,-1.3035629987716675,-0.39374884963035583,-0.4621608853340149,-0.5445063695734077,-0.5467438435224747,1.0524599643147372
35.47293999999965,0.060288429260253906,0.0005655884742736816,0.05469810962677002,-1.205118179321289,-0.3624340891838074,-0.48121312260627747,-0.5548607649337424,-0.5550221437108752,1.039981538916351
35.48299499999848,0.04402428865432739,-0.0014787912368774414,0.05628764629364014,-1.0923162698745728,-0.3188820779323578,-0.5045051574707031,-0.5647475060865668,-0.5621920356278345,1.0277957125755552
35.49304900000425,0.029459893703460693,-0.009610176086425781,0.06629198789596558,-0.9653090238571167,-0.2665315270423889,-0.520724356174469,-0.5739890345472398,-0.5681421894894366,1.0160458573212523
35.50310400000308,0.008823096752166748,-0.021079450845718384,0.08432525396347046,-0.8501335978507996,-0.183684304356575,-0.5271412134170532,-0.582303138298349,-0.5729181114418361,1.0048613558227009
35.513159000001906,-0.0007437467575073242,-0.03448590636253357,0.08856166899204254,-0.7287541627883911,-0.09188541024923325,-0.5258826017379761,-0.5893659859769339,-0.5765783502702163,0.9943999009190496
35.523213000000396,0.0047484636306762695,-0.04037362337112427,0.08418084681034088,-0.6187866926193237,-0.009651390835642815,-0.5235041975975037,-0.5951874562794914,-0.5792695186078276,0.9846332123654841
35.533267999999225,0.015546917915344238,-0.04653608798980713,0.06052899360656738,-0.48486328125,0.04994189739227295,-0.5134803056716919,-0.5998608545940809,-0.580928855700844,0.9757125213610975
35.54332300000533,0.014938414096832275,-0.04680138826370239,0.03818327188491821,-0.32806313037872314,0.09344450384378433,-0.4941045641899109,-0.6033959678235892,-0.5814202477720136,0.9679265943211145
35.55337700000382,0.005849957466125488,-0.04548835754394531,0.017745032906532288,-0.20034939050674438,0.12973272800445557,-0.4660886228084564,-0.6058625412189063,-0.580887785234501,0.9613777840064756
35.56343200000265,-0.013371706008911133,-0.061441242694854736,0.013062730431556702,-0.106578029692173,0.1572563648223877,-0.44149836897850037,-0.6074120775885903,-0.5795030358743389,0.9558860645612544
35.57348700000148,-0.039404988288879395,-0.06877511739730835,0.02265840768814087,-0.07003013789653778,0.18954746425151825,-0.4128483533859253,-0.6082982926456699,-0.577778221157954,0.9510558776595197
35.583541375002824,-0.05652415752410889,-0.08108562231063843,0.02924048900604248,-0.0673934742808342,0.20599713921546936,-0.3779244124889374,-0.6086687755583673,-0.5760288839584681,0.9466970994563317
35.593595375001314,-0.07320094108581543,-0.0949210524559021,0.045099616050720215,-0.07551106065511703,0.22078193724155426,-0.3186618685722351,-0.6087032640849211,-0.5746127797849858,0.9427382169734051
35.60365037500014,-0.07919281721115112,-0.10611486434936523,0.058053478598594666,-0.09747400879859924,0.22900724411010742,-0.26765885949134827,-0.6083182513112186,-0.5736303761279316,0.9392683317098257
35.61370537499897,-0.07284033298492432,-0.11040645837783813,0.06510739028453827,-0.13663792610168457,0.22812867164611816,-0.20673425495624542,-0.6077206392747457,-0.5732524487036355,0.9361031837792202
35.62375937500474,-0.07103943824768066,-0.11998802423477173,0.06496016681194305,-0.19219093024730682,0.19667434692382812,-0.14651060104370117,-0.6071535118829652,-0.5736331319454557,0.9332023177437789
35.63381437500357,-0.06898117065429688,-0.12806010246276855,0.0575103759765625,-0.20773287117481232,0.17953398823738098,-0.056808680295944214,-0.6065195547300898,-0.5746943841876028,0.9308364703895669
35.643869375002396,-0.07945215702056885,-0.12101876735687256,0.07917000353336334,-0.2389887124300003,0.17612700164318085,0.036717489361763,-0.6056416043445914,-0.57646668507893,0.929240507279553
35.653923375000886,-0.08311885595321655,-0.09914499521255493,0.10398019850254059,-0.29776522517204285,0.17603565752506256,0.13582569360733032,-0.6044015960827792,-0.5791897691742549,0.9282668527861643
35.663978374999715,-0.07884883880615234,-0.0815238356590271,0.1171613335609436,-0.3744964003562927,0.1776035875082016,0.2565974295139313,-0.6027262577278888,-0.5831073211074768,0.9279452308789967
35.674033374998544,-0.08591032028198242,-0.0619930624961853,0.081361785531044,-0.3815908133983612,0.14573033154010773,0.37534192204475403,-0.6007497068428529,-0.5880171408945953,0.9285032942395689
35.68408737500431,-0.09440445899963379,-0.0471034049987793,0.04666101932525635,-0.2987857460975647,0.11983176320791245,0.5209817290306091,-0.5982652272224104,-0.5934375371272597,0.9306025159938716
35.69414237500314,-0.11842596530914307,-0.0062555670738220215,0.04737389087677002,-0.2260449379682541,0.10287195444107056,0.6279856562614441,-0.5948525597844389,-0.5988690415775126,0.9346725277779747
35.70419737500197,-0.13989996910095215,-0.0014916658401489258,0.06985025107860565,-0.14001627266407013,0.10281163454055786,0.7102795839309692,-0.5907457974764015,-0.6042021575432565,0.9401278333215207
35.7142523750008,-0.1645747423171997,-0.018057525157928467,0.1030777096748352,-0.09974902123212814,0.14065515995025635,0.8234402537345886,-0.5855253410597259,-0.6093068629497347,0.9471854131713402
35.72430637499929,-0.16462409496307373,-0.0172540545463562,0.12586957216262817,-0.10091690719127655,0.20994074642658234,0.9358894228935242,-0.5788885783821047,-0.6150758251674676,0.9555322785122782
35.73436137500539,-0.12849271297454834,0.03422728180885315,0.10449142754077911,-0.05488522723317146,0.25810644030570984,1.0809427499771118,-0.5707864660530249,-0.6213111963093324,0.9654672495546786
35.74441637500422,-0.11141008138656616,0.07385656237602234,0.08714127540588379,0.0245552696287632,0.34802883863449097,1.2060699462890625,-0.5608927086485399,-0.6276150643663432,0.9772110223374563
35.75447037500271,-0.07758688926696777,0.09409424662590027,0.07145781815052032,0.1682751476764679,0.4097931385040283,1.3098578453063965,-0.5487747241919299,-0.6335388020138659,0.9912092895083824
35.76452537500154,-0.06242436170578003,0.08918836712837219,0.08658112585544586,0.2937740683555603,0.45494717359542847,1.371391773223877,-0.5351149387622074,-0.6384769897164115,1.0069333968101921
35.77458037500037,-0.00831371545791626,0.12158623337745667,0.1120501160621643,0.3261141777038574,0.4820515215396881,1.471486210823059,-0.5199097913077149,-0.6431123276504755,1.0245062488304084
35.78463437499886,-0.0036970973014831543,0.14401113986968994,0.10661680996417999,0.34919971227645874,0.498874694108963,1.4621012210845947,-0.5040404200987285,-0.6473459071324718,1.0426754148693815
35.794689375004964,0.03433865308761597,0.18667742609977722,0.09809000045061111,0.38924938440322876,0.4843226373195648,1.5227919816970825,-0.48782481198796807,-0.6512625067284812,1.0614041083324668
35.80474437500379,0.04271805286407471,0.25331002473831177,0.07156484574079514,0.5294916033744812,0.5065233111381531,1.51956307888031,-0.4706694308447183,-0.6541892230758533,1.0813923681690791
35.81479837500228,0.01984095573425293,0.2802058458328247,0.07011384516954422,0.6118533611297607,0.5297157168388367,1.4797354936599731,-0.45323802895074977,-0.6557759265738284,1.1014867518954334
35.82485337500111,0.00791323184967041,0.26014432311058044,0.06326120346784592,0.6482668519020081,0.5576028823852539,1.3786423206329346,-0.4355964613301462,-0.6562598363277274,1.1215022659728944
35.83490837499994,-0.011495411396026611,0.22857925295829773,0.06926686316728592,0.6486167907714844,0.5725812911987305,1.305367350578308,-0.41841912903561096,-0.6558605489917072,1.1403319575375523
35.84496337499877,-0.036241114139556885,0.22139987349510193,0.08966381102800369,0.5104554891586304,0.577886164188385,1.1891244649887085,-0.40194370575132454,-0.6554440057898685,1.15782092882275
35.855017375004536,-0.06325042247772217,0.20267829298973083,0.08880811929702759,0.3662910759449005,0.60973060131073,1.0635793209075928,-0.3867001662333535,-0.6557746280111059,1.1731156518882297
35.865072375003365,-0.06353724002838135,0.2131783664226532,0.0672612190246582,0.2425122708082199,0.6081022620201111,0.9561845064163208,-0.3724508216952854,-0.6567901525907011,1.1864145224977454
35.875127375002194,-0.07313483953475952,0.2321399450302124,0.0303349569439888,0.2232389748096466,0.5797776579856873,0.8226285576820374,-0.3593887677462931,-0.657868364730768,1.1979541320963927
35.885181375000684,-0.07296782732009888,0.2403717041015625,-0.032856639474630356,0.24335898458957672,0.49261531233787537,0.587898313999176,-0.34821735070437904,-0.6582626187160999,1.2075330826823643
35.89523637499951,0.03752732276916504,0.1900615394115448,-0.225652813911438,0.03871183469891548,0.1758272498846054,0.5042585730552673,-0.340565182732665,-0.6582622076215731,1.2142241554697355
35.90529137500562,-0.03747481107711792,0.06808480620384216,-0.31921011209487915,-0.2798144519329071,0.05032619088888168,0.4416077136993408,-0.33621949982544336,-0.6611036945279944,1.2197631370039956
35.91534537500411,-0.1598658561706543,0.08506524562835693,-0.2560698986053467,-0.7315065264701843,-0.025890015065670013,0.3004476726055145,-0.3346759676651221,-0.6671277353743097,1.2220072956765267
35.92540037500294,-0.16060340404510498,0.1290372908115387,-0.2267071008682251,-1.0270462036132812,-0.14322823286056519,0.2140377014875412,-0.3358853546915338,-0.676388660854755,1.2213882671679652
35.935455375001766,-0.182512104511261,0.13741090893745422,-0.22055600583553314,-1.205098271369934,-0.24962763488292694,0.17817504703998566,-0.3394400544439675,-0.6877498179481826,1.2189622960009179
35.945510375000595,-0.1815330982208252,0.13193365931510925,-0.2499157190322876,-1.2978830337524414,-0.3960654139518738,0.1030471920967102,-0.3450583673628818,-0.7000908742484052,1.2151600478156754
35.955564374999085,-0.1602432131767273,0.21518480777740479,-0.2814565896987915,-1.199975609779358,-0.48464134335517883,0.05426659807562828,-0.35266912465666944,-0.7123806291290621,1.2104253522699784
35.96561937500519,-0.17586243152618408,0.344009667634964,-0.32458776235580444,-0.7515648007392883,-0.5541146993637085,0.017807552590966225,-0.3605231273285591,-0.7217424126279697,1.206348754558344
35.97567437500402,-0.20847094058990479,0.34990474581718445,-0.23825287818908691,-0.3218182623386383,-0.6289918422698975,0.01128174178302288,-0.36807525148713943,-0.7268095743155817,1.2039130623975085
35.98572837500251,-0.24764728546142578,0.17423763871192932,-0.09970206767320633,-0.03838250786066055,-0.6458482146263123,0.06838404387235641,-0.3747513957205489,-0.7285590737500424,1.2036991762379874
35.99578337500134,-0.32310181856155396,0.10757216811180115,0.026165485382080078,0.15132643282413483,-0.5156607031822205,0.01353730633854866,-0.3800349732585746,-0.728100725019877,1.2043897190512436
36.00583837500017,-0.3331844210624695,0.051567018032073975,0.144059419631958,0.23568350076675415,-0.33211904764175415,0.08087538182735443,-0.38328128065673855,-0.7265397676696406,1.206143303283238
36.01589237499866,-0.3314569592475891,-0.006275922060012817,0.2601355314254761,0.22013729810714722,-0.17107076942920685,0.11608823388814926,-0.3842896859806564,-0.7247705938556902,1.2085267895684266
36.02594737500476,-0.32339709997177124,-0.034696727991104126,0.34600770473480225,0.19524233043193817,0.029064444825053215,0.14350654184818268,-0.3832180234063441,-0.7234150285470333,1.2113589837353298
36.03600237500359,-0.3051467537879944,-0.05054602026939392,0.36278975009918213,0.24402078986167908,0.13924315571784973,0.05219181254506111,-0.38084512083609556,-0.7218230832107874,1.2139169815612887
36.04605637500208,-0.292216420173645,-0.027984827756881714,0.36438679695129395,0.32611486315727234,0.23641817271709442,0.2078714221715927,-0.3770292056654112,-0.7198089819707438,1.2171738648765087
36.05611137500091,-0.26252925395965576,0.016016244888305664,0.30774348974227905,0.5759102702140808,0.35591819882392883,0.1971745640039444,-0.3709249316387927,-0.716301120147282,1.2217611039869465
36.06616637499974,-0.18280255794525146,0.06877109408378601,0.27462005615234375,0.8827028274536133,0.3561139404773712,0.22822068631649017,-0.3633079871831965,-0.710234457284036,1.227838530999455
36.07622137499857,-0.15526264905929565,0.08568358421325684,0.22840029001235962,1.2335660457611084,0.3816949427127838,0.27275168895721436,-0.3544319987341623,-0.7012483472052309,1.2359531045053604
36.086275375004334,-0.14852899312973022,0.1161808967590332,0.1812061071395874,1.5684373378753662,0.2936058044433594,0.34788158535957336,-0.3449028488366008,-0.6889439158955077,1.245709286831468
36.09633037500316,-0.19505000114440918,0.06701767444610596,0.12716364860534668,1.787841796875,0.3602098822593689,0.36963480710983276,-0.3340943977287951,-0.6738759378522017,1.2575305854618917
36.10638537500199,-0.1515204906463623,-0.11956030130386353,0.12818336486816406,1.675475835800171,0.4010356068611145,0.3075188398361206,-0.3230889218441102,-0.658307798756955,1.2690730410445858
36.11643937500048,-0.10599178075790405,-0.15125152468681335,0.1073121428489685,1.2692999839782715,0.3441352844238281,0.22943471372127533,-0.3137771022955082,-0.6451645903116148,1.2780589422653321
36.12649437499931,-0.04072761535644531,-0.028860121965408325,-0.01067083328962326,0.9321415424346924,0.2463604062795639,0.2352563440799713,-0.3066332648829184,-0.6353837921448843,1.2849028734569883
36.136549375005416,0.02519547939300537,0.037449002265930176,-0.13529962301254272,0.7660406827926636,0.038908954709768295,0.2231680005788803,-0.30167802973968366,-0.6281295018452424,1.2908199026516138
36.146603375003906,0.012945175170898438,0.07819882035255432,-0.21214145421981812,0.7084675431251526,-0.1960805207490921,0.23516301810741425,-0.2994288061347059,-0.6217463341612063,1.296192595416567
36.156658375002735,-0.041322946548461914,0.04735252261161804,-0.2578568458557129,0.5925366878509521,-0.33515822887420654,0.30008846521377563,-0.2989373844909312,-0.6162026824618425,1.3016880407152367
36.166713375001564,-0.10224759578704834,-0.022331714630126953,-0.14322464168071747,0.28831714391708374,-0.4642336964607239,0.35184717178344727,-0.2998125106257067,-0.612787184497736,1.3070501047178051
36.17676837500039,-0.1387540102005005,-0.11104190349578857,-0.07289093732833862,-0.06479138880968094,-0.6132519245147705,0.42281270027160645,-0.3024891658488442,-0.6128612639261645,1.3121788989075187
36.18682237499888,-0.2560312747955322,-0.11658111214637756,-0.08063948154449463,-0.34586456418037415,-0.537490725517273,0.38234251737594604,-0.3061475620352253,-0.6161681046461441,1.316103929028973
36.19687737500499,-0.2621261477470398,-0.08452081680297852,-0.13894623517990112,-0.45861294865608215,-0.40802621841430664,0.24549466371536255,-0.30964615104756427,-0.6210709340965553,1.3182057905596207
36.20693237500382,-0.17049503326416016,-0.08218647539615631,-0.17137646675109863,-0.3921874463558197,-0.3288353681564331,0.04820527136325836,-0.31312955115763935,-0.6257287162476176,1.3183702903017236
36.21698637500231,-0.054800570011138916,0.08129265904426575,-0.20263035595417023,-0.39312034845352173,-0.2828974425792694,-0.08974940329790115,-0.3173568696257536,-0.6294264622117564,1.3164012182950815
36.227041375001136,0.09465688467025757,0.16050954163074493,-0.2216813564300537,-0.22145605087280273,-0.42650002241134644,-0.19684530794620514,-0.322525990301217,-0.6320536444322099,1.3135495450851216
36.237096374999965,0.1908697485923767,0.38733983039855957,-0.26324236392974854,0.025706332176923752,-0.538826048374176,-0.29233452677726746,-0.32959772789273667,-0.6322867371810682,1.3099672606911315
36.24715037500573,0.2444562315940857,0.6061769127845764,-0.20848441123962402,0.2907104790210724,-0.7211476564407349,-0.3834896385669708,-0.33775495473894396,-0.6295388994688577,1.306965406334169
36.25720537500456,0.2164284586906433,0.5456863641738892,-0.12853173911571503,0.7369157075881958,-0.8695903420448303,-0.4640135169029236,-0.3474647223771757,-0.6231931667022882,1.3040350106473122
36.26726037500339,0.1787136197090149,0.4370591342449188,-0.034300029277801514,0.9702773690223694,-0.9438827037811279,-0.49003925919532776,-0.3577903839662388,-0.6134328126538472,1.302280086503527
36.27731537500222,0.12464636564254761,0.2910568416118622,0.02875661849975586,1.1568443775177002,-0.9906405806541443,-0.5535277128219604,-0.3684617040753601,-0.601586997993661,1.3007796852673845
36.28736937500071,0.1613239049911499,0.30742311477661133,0.06102423369884491,1.2862564325332642,-1.103192687034607,-0.5124890208244324,-0.3793673955042778,-0.5881680967441311,1.3002451967414463
36.29742437499954,0.19738274812698364,0.28543445467948914,0.09366130828857422,1.403971552848816,-1.1461673974990845,-0.5309958457946777,-0.39039784930317134,-0.5736843438317479,1.3006904763452487
36.30747937500564,0.1674848198890686,0.14862751960754395,0.045449018478393555,1.6717082262039185,-1.1573742628097534,-0.6204296946525574,-0.4016261145340088,-0.5571446448344711,1.3014774861528233
36.31753337500413,0.11638522148132324,0.24712017178535461,0.0202675461769104,1.9038573503494263,-1.0606049299240112,-0.5949022769927979,-0.4120005341254832,-0.5382498280449489,1.3032500002809375
36.32758837500296,0.13923168182373047,0.261928528547287,0.006537348031997681,2.0983598232269287,-0.9646434187889099,-0.5714232921600342,-0.420519314552248,-0.5173345368316298,1.306577113592858
36.33764337500179,0.13478565216064453,0.05787396430969238,0.01660776138305664,2.1892943382263184,-0.8944262266159058,-0.5559516549110413,-0.42783549301520063,-0.49522878631071715,1.3106723580664104
36.34769737500028,0.12665659189224243,-0.016401439905166626,0.03321686387062073,2.039747476577759,-0.7770158052444458,-0.6100450754165649,-0.43430981839959537,-0.4734227563210039,1.314851829964652
36.35775237499911,0.11518216133117676,-0.08165255188941956,0.13423621654510498,1.6289902925491333,-0.7025533318519592,-0.7817723155021667,-0.44086135561778583,-0.4537437767099284,1.3165963123010536
36.36780737500521,0.1004718542098999,-0.14238178730010986,-0.05144491791725159,1.9805079698562622,-0.7657554149627686,-0.8466522097587585,-0.4485173042766316,-0.4342462833694359,1.3166521877674107
36.377861375003704,0.06957894563674927,0.4704573452472687,0.03786632418632507,1.8457027673721313,-0.6096286773681641,-0.7562296390533447,-0.45474851346862444,-0.41346374558117815,1.3179802153767881
36.38791637500253,0.25548410415649414,0.028198033571243286,0.03538796305656433,1.7535719871520996,-0.8064938187599182,-0.7133444547653198,-0.4611226978125784,-0.3937917237817611,1.319589872516262
36.39797137500136,0.2247689962387085,-0.11646997928619385,0.02980327606201172,1.5678859949111938,-0.818683922290802,-0.696230947971344,-0.46898174860283576,-0.3756907045671611,1.3211196953634419
36.40802637500019,0.16115856170654297,0.050436824560165405,-1.329183578491211e-05,1.4957692623138428,-0.7535451054573059,-0.7510398626327515,-0.47673704131116335,-0.358705248730811,1.3215225224227434
36.41808037499868,0.20318245887756348,-0.03126785159111023,0.08669200539588928,1.357527494430542,-0.7532484531402588,-0.7528577446937561,-0.48440440348491576,-0.3424072566081428,1.3214330298915156
36.428135375004786,0.2290431261062622,-0.03522312641143799,0.1300678551197052,1.2728906869888306,-0.7853562831878662,-0.7296189069747925,-0.49232786521011274,-0.3272429748101965,1.32094036268461
36.438190375003614,0.22925424575805664,0.05333113670349121,0.11132657527923584,1.2959858179092407,-0.8778457641601562,-0.8050190806388855,-0.5009174712181447,-0.31218145849473344,1.320395489985429
36.448244375002105,0.2597876787185669,0.05196598172187805,0.104164719581604,1.3346104621887207,-0.8860243558883667,-0.7158021926879883,-0.5097885880384483,-0.29688062623335726,1.3200287034548575
36.458299375000934,0.25293904542922974,0.022257506847381592,0.10720095038414001,1.3576021194458008,-0.9806432723999023,-0.7620437145233154,-0.5192304679885094,-0.28135369051727815,1.320157218549542
36.46835437499976,0.2300984263420105,-0.01523783802986145,0.07693439722061157,1.3146589994430542,-1.0353955030441284,-0.8082553744316101,-0.529355563946664,-0.2658124284337228,1.3200530004577375
36.47840837500553,0.28040122985839844,-0.02140355110168457,0.03972253203392029,1.2855868339538574,-1.0536972284317017,-0.7402371764183044,-0.5397813967184689,-0.2504015299697927,1.3201777909977908
36.48846337500436,0.3102215528488159,-0.07787889242172241,0.03082597255706787,1.3085567951202393,-1.1198720932006836,-0.6884694695472717,-0.5505639289441229,-0.23555600375846386,1.3208820475261145
36.49851837500319,0.29992854595184326,-0.18985337018966675,-0.032668113708496094,1.2924182415008545,-1.2411588430404663,-0.6835663318634033,-0.5622956950874998,-0.2207426853904107,1.3219976053709335
36.508573375002015,0.28515779972076416,-0.25728344917297363,-0.07912257313728333,1.195300579071045,-1.269921064376831,-0.6243655681610107,-0.5747448432619228,-0.20660730156911505,1.3232305308487646
36.518627375000506,0.28925132751464844,-0.3443256616592407,-0.07952556014060974,1.01763916015625,-1.3840364217758179,-0.5661608576774597,-0.5878916959861535,-0.19394409599684195,1.3244228035056271
36.528682374999335,0.24980998039245605,-0.4001539349555969,-0.08684033155441284,0.8762241005897522,-1.4361273050308228,-0.5550779104232788,-0.6020097858604596,-0.18298087475418728,1.3250226110240644
36.53873737500544,0.23673951625823975,-0.43915101885795593,-0.05642363429069519,0.6608031392097473,-1.4662878513336182,-0.5099689960479736,-0.6165683044206098,-0.17359455444696031,1.3250513082530766
36.54879137500393,0.2072516679763794,-0.4884650409221649,-0.016649723052978516,0.47994694113731384,-1.5117383003234863,-0.5243672132492065,-0.6317869211585413,-0.16583990403139856,1.3241943787100632
36.55884637500276,0.18451744318008423,-0.5162108540534973,0.04486393928527832,0.18934093415737152,-1.5450626611709595,-0.48104798793792725,-0.6475494807289673,-0.16018245789566757,1.3220721668787345
36.56890137500159,0.114205002784729,-0.5146136283874512,0.05727744102478027,-0.03217640891671181,-1.4695028066635132,-0.4394589066505432,-0.6632783176507205,-0.15674577941524645,1.3187764526733343
36.57895537500008,0.12915581464767456,-0.42570939660072327,0.008970856666564941,-0.17848223447799683,-1.4663636684417725,-0.36452820897102356,-0.678567125836811,-0.15516440756287764,1.3148330974181814
36.58901062500081,0.15683585405349731,-0.2707635462284088,-0.01023709774017334,-0.21271556615829468,-1.518815517425537,-0.3110103905200958,-0.6941828986913947,-0.154641903785381,1.3109165437640597
36.59906562499964,0.1338614821434021,-0.18314558267593384,0.05504763126373291,-0.17027756571769714,-1.5385524034500122,-0.28142639994621277,-0.7101317032404865,-0.15416496607223024,1.3073450293681528
36.60912062499847,0.14298105239868164,-0.14295679330825806,0.07787007093429565,-0.0784049853682518,-1.5840529203414917,-0.30158326029777527,-0.7262863387597457,-0.15325748403821565,1.3042663106292292
36.619174625004234,0.1510370969772339,-0.059677183628082275,0.014474928379058838,0.012341434136033058,-1.618922472000122,-0.3347878158092499,-0.7427956380106397,-0.1513939357171468,1.301607365281278
36.62922962500306,0.1578027606010437,0.011909455060958862,-0.046233534812927246,0.09549752622842789,-1.6223214864730835,-0.3743032217025757,-0.7594297640679706,-0.14850118467118748,1.2993353165049089
36.63928462500189,0.17862409353256226,0.007896363735198975,-0.02361607551574707,0.1988939642906189,-1.6512242555618286,-0.4416617453098297,-0.7762288977246995,-0.14452526929085502,1.2973503054589
36.64933862500038,0.1798742413520813,-0.022601306438446045,-0.01667386293411255,0.25933942198753357,-1.6596535444259644,-0.4433770775794983,-0.7931114813597915,-0.1396723229161364,1.2958292247220908
36.65939362499921,0.2085254192352295,-0.019038617610931396,-0.04747140407562256,0.3168077766895294,-1.6948131322860718,-0.4592660069465637,-0.8101521331944748,-0.1343897210636707,1.294739122957054
36.669448625005316,0.24766403436660767,-0.0033217668533325195,-0.061337828636169434,0.31965237855911255,-1.8359228372573853,-0.47663652896881104,-0.8276846950768578,-0.12880202456343307,1.2940259351340657
36.679502625003806,0.16379660367965698,-0.008198201656341553,0.022601842880249023,0.2987063527107239,-1.7126659154891968,-0.4857328236103058,-0.8455549468837871,-0.12315992580397189,1.2929202155120223
36.689557625002635,0.27421021461486816,0.007385969161987305,0.08506619930267334,0.31351685523986816,-1.8355424404144287,-0.4694530665874481,-0.8635262763974196,-0.11766756013186196,1.29207207457605
36.699612625001464,0.2241579294204712,0.08527356386184692,0.08343982696533203,0.40250131487846375,-1.814971923828125,-0.4919956624507904,-0.8819318164675082,-0.11158661583162108,1.2917365217498378
36.70966762500029,0.25341278314590454,0.10428318381309509,0.09209251403808594,0.46255800127983093,-1.873478889465332,-0.5094396471977234,-0.9003814192454915,-0.10492201863181282,1.291961702814717
36.71972162499878,0.23862546682357788,0.14074140787124634,0.09562402963638306,0.5374077558517456,-1.9076876640319824,-0.5630972981452942,-0.9193702463728821,-0.09759824871555431,1.2926173614577399
36.72977662500489,0.22056955099105835,0.13114634156227112,0.10606253147125244,0.5918990969657898,-1.929564356803894,-0.6049401164054871,-0.9385437629401875,-0.08949791491124641,1.293626887716108
36.73983162500372,0.2129097580909729,0.13856080174446106,0.1510060429573059,0.6050450205802917,-1.9684771299362183,-0.6207435727119446,-0.9579620612786054,-0.08090060942939936,1.2949850225199018
36.74988562500221,0.1943904161453247,0.08463695645332336,0.2241191864013672,0.6038086414337158,-2.0303871631622314,-0.6344440579414368,-0.9779458982312395,-0.07223744331017395,1.2964163456686144
36.759940625001036,0.14943963289260864,0.053406745195388794,0.2586427330970764,0.5630236864089966,-2.070159435272217,-0.6135326623916626,-0.998432582215878,-0.06373521188889933,1.2979306600469704
36.769995624999865,0.11025136709213257,0.020028799772262573,0.26163458824157715,0.503783643245697,-2.116063117980957,-0.5936186909675598,-1.019375584176804,-0.05569490965566019,1.2992607957620033
36.78004962500563,0.07948905229568481,0.02297520637512207,0.26188987493515015,0.41893428564071655,-2.1815812587738037,-0.5850616693496704,-1.040933591376616,-0.048259663326800366,1.3002016719265403
36.79010462500446,0.01212930679321289,0.05620506405830383,0.24182677268981934,0.4135800004005432,-2.2207119464874268,-0.5856557488441467,-1.0630277173813312,-0.0410948063710216,1.3008830966831608
36.80015962500329,-0.027258306741714478,0.05780714750289917,0.20490217208862305,0.4257301390171051,-2.2961254119873047,-0.6059256196022034,-1.0856571073119923,-0.033785418389997185,1.3017312663287792
36.81021462500212,-0.07361003756523132,0.086020827293396,0.181923508644104,0.4528549909591675,-2.34356689453125,-0.6139524579048157,-1.1090006216254338,-0.026315626095039516,1.30277404857827
36.82026862500061,-0.11824536323547363,0.10823741555213928,0.18904972076416016,0.5093584656715393,-2.4012110233306885,-0.6676167249679565,-1.132834924316115,-0.018329588558353056,1.3041932132480523
36.83032362499944,-0.13280102610588074,0.08821353316307068,0.2165513038635254,0.5628362894058228,-2.4321861267089844,-0.6613896489143372,-1.157084227983115,-0.010015467557503694,1.306316431559103
36.84037862500554,-0.1339626908302307,0.10809400677680969,0.24040567874908447,0.6104354858398438,-2.4598371982574463,-0.6261482834815979,-1.1816297175828832,-0.0016950670925917103,1.3092066762595416
36.85043262500403,-0.1291619837284088,0.11294341087341309,0.21230989694595337,0.6751803159713745,-2.5038840770721436,-0.6132557392120361,-1.2064675236079359,0.006492055725523753,1.3129534614492133
36.86048762500286,-0.12918415665626526,0.12871718406677246,0.166706383228302,0.752032995223999,-2.5357627868652344,-0.6355293393135071,-1.2318222167342587,0.014801883344860952,1.317493340165384
36.87054262500169,-0.13247257471084595,0.08471176028251648,0.11791074275970459,0.8138771057128906,-2.57997465133667,-0.631515622138977,-1.257654857856026,0.023394574031519035,1.3229098696016028
36.88059662500018,-0.071147620677948,0.022778242826461792,0.031637489795684814,0.7851511836051941,-2.6777503490448,-0.578777015209198,-1.2842158052819892,0.031565392300779635,1.328743439490838
36.89065162499901,-0.03786748647689819,0.03196841478347778,-0.11707824468612671,0.7962658405303955,-2.7064809799194336,-0.5123908519744873,-1.311525317055565,0.03905204378976751,1.3349671326384278
36.900706625005114,0.015662014484405518,-0.10708549618721008,-0.1716834306716919,0.6597327589988708,-2.7123701572418213,-0.38682231307029724,-1.3391012628357688,0.045281381089323856,1.341050071382736
36.91076162500394,0.047248005867004395,-0.2014722228050232,-0.1268472671508789,0.47062307596206665,-2.6441354751586914,-0.23956641554832458,-1.3662701875965133,0.049612920364814156,1.3458960677753184
36.92081562500243,0.08916190266609192,-0.24873265624046326,0.003192305564880371,0.2798214256763458,-2.564448595046997,-0.10790930688381195,-1.3925945090882597,0.0520101892513054,1.3492323899218461
36.93087062500126,0.10649740695953369,-0.19687828421592712,0.0859495997428894,0.15389123558998108,-2.4452595710754395,-0.03817739337682724,-1.4179270945848816,0.053059297843650884,1.351225332647407
36.94092562500009,0.13125494122505188,-0.07647940516471863,0.06018340587615967,0.0761977806687355,-2.313208818435669,-0.03325507417321205,-1.4419085682596915,0.053556829130655216,1.3523294522901381
36.95097962499858,0.13776284456253052,0.04638662934303284,-0.01338118314743042,0.08423803746700287,-2.173168897628784,-0.07133028656244278,-1.4645413314473092,0.05412563601759775,1.352934669341023
36.961034625004686,0.10907544940710068,0.15965768694877625,-0.0885082483291626,0.22064781188964844,-2.0155651569366455,-0.12709420919418335,-1.4856828285683255,0.05524368571047943,1.3543047531031958
36.971089625003515,0.06292755901813507,0.1744864284992218,-0.13784033060073853,0.40012338757514954,-1.8264058828353882,-0.16162966191768646,-1.505204091929195,0.0569116284276737,1.357285567488855
36.981144625002344,-0.015527933835983276,0.1101183295249939,-0.1881195306777954,0.5529991984367371,-1.602110505104065,-0.19650429487228394,-1.5227192567135341,0.059017371833456816,1.3619733935057632
36.991198625000834,-0.08791452646255493,-0.0325198769569397,-0.23336827754974365,0.6462534666061401,-1.340333342552185,-0.17306317389011383,-1.5379443763103726,0.0611266233985726,1.367868025398064
37.00125362499966,-0.14447735249996185,-0.16781941056251526,-0.2614580988883972,0.6256544589996338,-1.0530341863632202,-0.08802551031112671,-1.5503315053550877,0.06263367116890894,1.3742622589006788
37.01130862499849,-0.1757122427225113,-0.2514932155609131,-0.24521410465240479,0.5776675343513489,-0.7737065553665161,0.04922914877533913,-1.5598234022053714,0.0629220955129311,1.3804044979608259
37.02136262500426,-0.20838722586631775,-0.2828407287597656,-0.22076433897018433,0.5713843107223511,-0.5089206695556641,0.1596161127090454,-1.5666437124476151,0.06184777377298074,1.3861361309200435
37.03141762500309,-0.23188166320323944,-0.29649585485458374,-0.18074250221252441,0.5691815614700317,-0.27559852600097656,0.29887205362319946,-1.5710053965607296,0.05956399696287537,1.3918224165092408
37.041472625001916,-0.2835158407688141,-0.29448217153549194,-0.1507418155670166,0.5649993419647217,-0.014126167632639408,0.4874739348888397,-1.572785465353543,0.055596155029345985,1.3975147489395776
37.051526625000406,-0.3004266321659088,-0.30625849962234497,-0.14853614568710327,0.5426703691482544,0.22608868777751923,0.6239205002784729,-1.5718867386310014,0.04998290786212688,1.4031340475012484
37.061581624999235,-0.23062318563461304,-0.36859357357025146,-0.13461452722549438,0.35419392585754395,0.38866907358169556,0.7512938976287842,-1.5690136334251017,0.04311405254411174,1.407770041932172
37.07163662500534,-0.17822572588920593,-0.36998605728149414,-0.09935528039932251,0.1936355084180832,0.7258313894271851,0.884509801864624,-1.5637273700252974,0.034881814761164226,1.4103917103673922
37.08169062500383,-0.06366538256406784,-0.2936173677444458,-0.016153037548065186,0.001015721121802926,1.4078069925308228,0.6519229412078857,-1.5522901061986465,0.027177302827462686,1.4116222654653665
37.09174562500266,0.08203323185443878,-0.40462809801101685,0.036439359188079834,-0.5314605236053467,0.5492390990257263,1.3912239074707031,-1.5472368371457,0.014663984895122533,1.4074576159082337
37.10180062500149,-0.2652814984321594,-0.2872338891029358,-0.12917834520339966,-0.6985981464385986,1.1959168910980225,0.705349862575531,-1.5379348212371629,0.004795457729177771,1.4017258956698477
37.11185562500032,0.001745760440826416,-0.2604159712791443,-0.040139615535736084,-0.7792237997055054,1.3437646627426147,0.4161645770072937,-1.5252367875969177,-0.0016517203565170814,1.3943095576046005
37.12190962499881,0.09987013041973114,-0.3345971703529358,0.033044636249542236,-1.15914785861969,1.1633014678955078,0.5009759068489075,-1.51194974950705,-0.005792027512923511,1.3851672496547813
37.13196462500491,0.14647948741912842,-0.18735912442207336,-0.0721743106842041,-1.3792192935943604,0.9924005270004272,0.5787534713745117,-1.5018317004183062,-0.01281825610619955,1.3728410069529513
37.14201962500374,-0.018960632383823395,-0.1259838342666626,-0.09891766309738159,-1.558052897453308,0.9804021716117859,0.33279645442962646,-1.4919931067598955,-0.018372537644201218,1.3583075912686975
37.15207362500223,-0.017845869064331055,-0.17151281237602234,-0.07666468620300293,-1.730792760848999,1.0139667987823486,0.25771209597587585,-1.4823506625443457,-0.022716691478143754,1.3421292930039306
37.16212862500106,-0.017882294952869415,-0.14393547177314758,-0.040472328662872314,-1.852577567100525,1.1013829708099365,0.2798812985420227,-1.4721124624860087,-0.027235426169310455,1.3244489801360053
37.17218362499989,-0.018365785479545593,-0.07729119062423706,-0.016997933387756348,-1.9502686262130737,1.2216517925262451,0.09515459090471268,-1.460937822224791,-0.03107870140253752,1.3055137655087428
37.182237625005655,0.049434393644332886,-0.048087358474731445,0.0028492212295532227,-2.0005218982696533,1.247072696685791,0.14417007565498352,-1.4491058090530313,-0.03444304111988257,1.2859252766991178
37.192292625004484,0.08337123692035675,0.004895508289337158,0.051680803298950195,-1.9560741186141968,1.2472935914993286,0.10208813101053238,-1.437296228499358,-0.03843448579341485,1.2663233665905218
37.20234762500331,0.12721960246562958,0.031059682369232178,0.12311816215515137,-1.8301876783370972,1.1664971113204956,0.04902610927820206,-1.4258135156559408,-0.04169022790200585,1.2474456864304049
37.21240262500214,0.1454433798789978,0.08241227269172668,0.1784091591835022,-1.6416951417922974,1.0843831300735474,0.016580315306782722,-1.4151755484202047,-0.04473397067902089,1.2302607529934264
37.22245662500063,0.11278188228607178,0.11064550280570984,0.23819231986999512,-1.4278688430786133,1.0154666900634766,-0.060239631682634354,-1.4053564207916198,-0.046900989561615675,1.214859224823708
37.23251162499946,0.08668608963489532,0.12495183944702148,0.2843177318572998,-1.2569717168807983,0.9776484966278076,-0.1285582333803177,-1.3959982154989898,-0.04828407924150098,1.2014848741683963
37.242566625005566,0.07542012631893158,0.1378135085105896,0.32303619384765625,-1.0209871530532837,0.9128865599632263,-0.19720254838466644,-1.387049419246263,-0.04869007166765148,1.1898113989570855
37.252620625004056,0.07343846559524536,0.18877658247947693,0.32797515392303467,-0.7062130570411682,0.8591042160987854,-0.29438528418540955,-1.378611366943544,-0.04792163098337869,1.1807710596849204
37.262675625002885,0.07453267276287079,0.2464008331298828,0.31900978088378906,-0.31885603070259094,0.7988219857215881,-0.3656163215637207,-1.3705628490864386,-0.045661525721950647,1.1750331651556123
37.272730625001714,0.08131447434425354,0.2628728151321411,0.2983032464981079,0.06528290361166,0.7115996479988098,-0.419323205947876,-1.363030123667023,-0.042052960640787576,1.173051027379329
37.282784625000204,0.0862082690000534,0.24973368644714355,0.28219401836395264,0.3707541525363922,0.5868465304374695,-0.4698537588119507,-1.3564093361751424,-0.03721168865769831,1.1742667790333274
37.29283962499903,0.07754990458488464,0.2224852740764618,0.2605881094932556,0.5186015367507935,0.4249439835548401,-0.5153358578681946,-1.3511648830691378,-0.03137194195083876,1.1776848957327875
37.30289462500514,0.06147076189517975,0.1679990589618683,0.23966461420059204,0.554353654384613,0.2788349986076355,-0.5420007705688477,-1.3475578806352935,-0.02497158587364003,1.181789130178926
37.31294962500397,0.02606785297393799,0.13389340043067932,0.17892688512802124,0.5769713521003723,0.22330783307552338,-0.5285014510154724,-1.3449910424903384,-0.018457885623848858,1.1861489859075065
37.32300362500246,0.00022639334201812744,0.17398902773857117,0.0986018180847168,0.4834674894809723,0.2015969455242157,-0.5120532512664795,-1.342776716098048,-0.012131353041468215,1.1902862579216809
37.333058625001286,0.02497732639312744,0.19070973992347717,0.06018376350402832,0.2794501483440399,0.12435927242040634,-0.4558052718639374,-1.3410790932694383,-0.006493124245674866,1.192916759371563
37.343113625000115,0.05607633292675018,0.1784270703792572,0.016699552536010742,0.10810954868793488,0.02692965604364872,-0.35807204246520996,-1.3403187678063715,-0.002078663702932538,1.1938953622100457
37.353167624998605,0.04554189741611481,0.22558379173278809,-0.02490079402923584,-0.08873245120048523,-0.049126096069812775,-0.3278901278972626,-1.3403919336058978,0.0012917526187625366,1.1932377027954684
37.36322262500471,0.05900098383426666,0.2712549865245819,-0.009823501110076904,-0.2478925585746765,-0.1598406285047531,-0.29302749037742615,-1.3414067494100403,0.003945575557098536,1.1908191226343494
37.37327762500354,0.058823809027671814,0.29409363865852356,0.0012851357460021973,-0.2591116726398468,-0.26559993624687195,-0.2631801962852478,-1.343563182582968,0.00605484425038034,1.1876379071174301
37.38333162500203,0.01928912103176117,0.32742083072662354,0.0031267404556274414,-0.3347603678703308,-0.33363333344459534,-0.26856884360313416,-1.346545815661421,0.008020620784916383,1.1842169996068286
37.39338662500086,-0.008312791585922241,0.31720981001853943,0.04088437557220459,-0.38755717873573303,-0.38600412011146545,-0.2436652034521103,-1.350115307730995,0.009719333255223396,1.1800157997900884
37.40344162499969,-0.06547479331493378,0.2897118926048279,0.07410311698913574,-0.3573340177536011,-0.40553387999534607,-0.2451602965593338,-1.3540873099613482,0.01128905742962229,1.1758221231628854
37.413496624998515,-0.1554524451494217,0.29850152134895325,0.11006301641464233,-0.33860430121421814,-0.3427831530570984,-0.26235735416412354,-1.3578501103449272,0.013020517226916625,1.1718605935285433
37.42355062500428,-0.25608086585998535,0.2987440526485443,0.11291271448135376,-0.3812201917171478,-0.20741572976112366,-0.3045162558555603,-1.3605775279611585,0.015056620661737458,1.167768996582668
37.43360562500311,-0.3094022870063782,0.29665040969848633,0.10677468776702881,-0.5111693739891052,-0.049520645290613174,-0.3386199474334717,-1.3618166683670734,0.017281633312511518,1.1627051984400265
37.44366062500194,-0.3361048400402069,0.3150022625923157,0.07811629772186279,-0.6130965352058411,0.06421630829572678,-0.4219593107700348,-1.3615912013760068,0.019804958767716995,1.1563342645363681
37.45371462500043,-0.34665781259536743,0.36452755331993103,0.03807324171066284,-0.7027596235275269,0.10918857157230377,-0.265499085187912,-1.3605353809829097,0.022053823964127754,1.149143242143182
37.46376962499926,-0.339208722114563,0.26997584104537964,-0.05747932195663452,-0.7963665723800659,0.07011733949184418,-0.06892183423042297,-1.3593731379528493,0.02196224520562112,1.141290793650408
37.47382462500536,-0.32758796215057373,0.18099579215049744,-0.1509230136871338,-0.7711803913116455,-0.0007933175656944513,0.014619988389313221,-1.3587920884855478,0.020527357002431763,1.1334228385561407
37.483878625003854,-0.3283844292163849,0.13837891817092896,-0.2554702162742615,-0.44795066118240356,-0.14393556118011475,0.03924383968114853,-1.3594181142295911,0.018939244908184896,1.1272417684102474
37.49393362500268,-0.3229665160179138,0.10954877734184265,-0.3780815601348877,0.1595037579536438,-0.2835310101509094,0.04866573587059975,-1.3615490761826061,0.018066923272070084,1.1257802907884407
37.50398862500151,-0.34588027000427246,-0.021120578050613403,-0.46984827518463135,0.7007741928100586,-0.3408355712890625,-0.09953385591506958,-1.3648986977761184,0.019154115131299252,1.1301254515546788
37.51404362500034,-0.3407552242279053,-0.14247065782546997,-0.5126633644104004,0.9666326642036438,-0.3003893494606018,-0.29257068037986755,-1.3683025181621098,0.022863649921458118,1.1380602543017129
37.52409762499883,-0.28721553087234497,-0.21682846546173096,-0.524393618106842,1.1031972169876099,-0.23331870138645172,-0.42131614685058594,-1.3712227700148503,0.02849439012837588,1.1475724375057923
37.534152625004936,-0.24983736872673035,-0.22941046953201294,-0.4710584282875061,1.1532187461853027,-0.18150144815444946,-0.49892088770866394,-1.3736240319023603,0.03528662839599762,1.1578183720180686
37.544207625003764,-0.22162921726703644,-0.23166021704673767,-0.3807417154312134,1.1571096181869507,-0.12245543301105499,-0.5469321608543396,-1.3755654749700388,0.04277021366430152,1.1682441635595462
37.554261625002255,-0.17834028601646423,-0.21323928236961365,-0.2777135372161865,1.1137865781784058,-0.08363107591867447,-0.527677595615387,-1.377090655981306,0.05021603486804478,1.1784352241242833
37.564316625001084,-0.1484861671924591,-0.18232637643814087,-0.147152841091156,1.010659098625183,-0.06276680529117584,-0.4887475073337555,-1.3783491439551678,0.057317543277396306,1.1880125672997592
37.57437162499991,-0.11853596568107605,-0.15886425971984863,-0.01734548807144165,0.9018447995185852,-0.017227550968527794,-0.4358846843242645,-1.3793152619585962,0.06367872450906255,1.196607387581699
37.584425875000306,-0.08229145407676697,-0.16477838158607483,0.09549731016159058,0.7770618200302124,0.032949864864349365,-0.4271777272224426,-1.3797919804131253,0.06953228541116226,1.20411784012858
37.594480874999135,-0.041097089648246765,-0.15998166799545288,0.18758678436279297,0.6585639715194702,0.08480014652013779,-0.36704695224761963,-1.3796085226580603,0.07486082745223652,1.2104103995201223
37.60453587500524,-0.01157870888710022,-0.13635745644569397,0.259230375289917,0.6092076301574707,0.1144493892788887,-0.32603853940963745,-1.3790082467911917,0.07933935041054128,1.2160568413119224
37.61458987500373,0.0013538450002670288,-0.15005967020988464,0.28168630599975586,0.616645336151123,0.16666798293590546,-0.3412310779094696,-1.378069722820324,0.08387650696336861,1.221461677836454
37.62464487500256,0.036951690912246704,-0.133518248796463,0.32201093435287476,0.5997164249420166,0.20990680158138275,-0.2739250063896179,-1.376607279237612,0.08813686306451608,1.2268230235136264
37.63469987500139,0.06640878319740295,-0.13351967930793762,0.32642054557800293,0.6196103692054749,0.21229952573776245,-0.24584242701530457,-1.3749783093645966,0.09184425323734435,1.2323472494439247
37.64475487500022,0.07364915311336517,-0.12034386396408081,0.3267764449119568,0.6498532295227051,0.22205094993114471,-0.20274929702281952,-1.3733311262262955,0.0953790941471964,1.2381536515786078
37.65480887499871,0.09574589133262634,-0.05884137749671936,0.3145509362220764,0.7815724015235901,0.2518063187599182,-0.0625794306397438,-1.3715818645276774,0.09817538701621886,1.2448470139178165
37.66486387500481,0.12577670812606812,-0.014563560485839844,0.2833324074745178,0.9625805616378784,0.25916436314582825,-0.1280692219734192,-1.3699083086304602,0.10075658419171366,1.2532853793107153
37.67491887500364,0.2178746610879898,-0.020784348249435425,0.23415637016296387,1.1631213426589966,0.09241771697998047,-0.08504366874694824,-1.3691057074675566,0.10394241920993011,1.2636655326575037
37.68497287500213,0.26763299107551575,-0.02475234866142273,0.1891263723373413,1.2964777946472168,-0.14050234854221344,-0.1031278669834137,-1.3705981535181408,0.1073469340089406,1.2757670368844563
37.69502787500096,0.2546316385269165,-0.05844929814338684,0.13695275783538818,1.2490053176879883,-0.32342660427093506,-0.08403034508228302,-1.3743343124284313,0.11085145704996305,1.2883003123874828
37.70508287499979,0.20691712200641632,-0.08643978834152222,0.0927438735961914,1.0388579368591309,-0.40217840671539307,-0.05957906320691109,-1.3793033028074524,0.11382556692280989,1.2995107142388347
37.715136875005555,0.18699432909488678,-0.10385876893997192,0.044441938400268555,0.8038491010665894,-0.395079106092453,0.020375238731503487,-1.3843631877432019,0.11577811678061475,1.3086138060853427
37.725191875004384,0.18262864649295807,-0.11051064729690552,0.012811720371246338,0.603864312171936,-0.38114625215530396,0.08745547384023666,-1.389130325983197,0.11652809844221144,1.3156783589726262
37.73524687500321,0.1577088087797165,-0.12215930223464966,-0.0019467473030090332,0.4223502576351166,-0.314649373292923,0.1414732038974762,-1.3932591062434445,0.11632943329980527,1.3209831070572196
37.74530187500204,0.11908984184265137,-0.1371632218360901,3.7550926208496094e-06,0.23667094111442566,-0.22474345564842224,0.1920466274023056,-1.396372810407713,0.11527180358621163,1.324542592083188
37.75535587500053,0.07922893762588501,-0.14849165081977844,0.016817748546600342,0.08928149193525314,-0.11360042542219162,0.28282618522644043,-1.3983270268488626,0.11319183782665536,1.326539568203265
37.76541087499936,0.04681694507598877,-0.15976667404174805,0.0363960862159729,-0.02903955988585949,-0.029551062732934952,0.3641732335090637,-1.399067538425205,0.11003617724715035,1.3274055361502004
37.775465875005466,0.03464768826961517,-0.15953725576400757,0.041074395179748535,-0.16671931743621826,0.015056885778903961,0.4360465705394745,-1.3990823156017456,0.1058914419267671,1.3271127259233155
37.785519875003956,0.017102912068367004,-0.13170269131660461,0.025472283363342285,-0.27017006278038025,0.026874663308262825,0.4630565941333771,-1.3987255789994735,0.10102882571491358,1.3256872829869217
37.795574875002785,0.0017781853675842285,-0.0904850959777832,0.0015221238136291504,-0.3366581201553345,0.055867429822683334,0.4552798569202423,-1.398109658613578,0.09594450331285427,1.3234386625817678
37.805629875001614,-0.0009595900774002075,-0.040126651525497437,-0.01900184154510498,-0.3820125460624695,0.0598219558596611,0.41578197479248047,-1.3972612509668165,0.09097571282197944,1.3206169862539432
37.815683875000104,0.003923296928405762,0.010069787502288818,-0.035025954246520996,-0.41072455048561096,0.06313399970531464,0.366921991109848,-1.3963471518401223,0.0864199287849952,1.317383242282379
37.82573887499893,-0.005034655332565308,0.047906965017318726,-0.04505205154418945,-0.43774232268333435,0.05021340772509575,0.29465392231941223,-1.3954577356398938,0.08237762640033362,1.3137468132966206
37.83579387500504,-0.014841824769973755,0.07839128375053406,-0.06873637437820435,-0.42804503440856934,0.0588175468146801,0.21985964477062225,-1.3946332576534195,0.07906464065690469,1.3099001799169034
37.84584887500387,-0.02815377712249756,0.11808320879936218,-0.09224838018417358,-0.4189514219760895,0.07918247580528259,0.1411435306072235,-1.3936345249454978,0.07651769613773925,1.306027364660198
37.85590287500236,-0.028041735291481018,0.14938724040985107,-0.10924911499023438,-0.4309421181678772,0.06509248912334442,0.06421779841184616,-1.3927106098573607,0.0747756771970186,1.301915132411667
37.865957875001186,-0.05942578613758087,0.1295226812362671,-0.12106204032897949,-0.42452895641326904,0.09991198778152466,-0.024451354518532753,-1.3915743737425124,0.0737690707593339,1.2977321767341938
37.876012875000015,-0.08079560101032257,0.13377448916435242,-0.13471120595932007,-0.3776825964450836,0.16550098359584808,-0.08409249782562256,-1.3898977655105214,0.0735823537987182,1.2936049597853747
37.886066874998505,-0.07530555129051208,0.1412721872329712,-0.1297304630279541,-0.28163835406303406,0.1913032829761505,-0.1340866982936859,-1.3878019378183186,0.07407460331233215,1.2901245014962663
37.89612187500461,-0.06758727133274078,0.12982770800590515,-0.10522902011871338,-0.15884234011173248,0.19704411923885345,-0.1531294882297516,-1.3856631959439294,0.07509701748478938,1.287651242691995
37.90617687500344,-0.0647849589586258,0.10812720656394958,-0.07896184921264648,-0.03368522599339485,0.18796195089817047,-0.17266857624053955,-1.3836405931855484,0.07654322874174171,1.2864533258715631
37.91623087500193,-0.0609612762928009,0.07629120349884033,-0.03861522674560547,0.04881160333752632,0.19784919917583466,-0.16974174976348877,-1.3816640700176803,0.07824991836113149,1.2862562905956747
37.92628587500076,-0.056495532393455505,0.04138535261154175,-0.01257866621017456,0.0790129229426384,0.2044847309589386,-0.1632513552904129,-1.3796875415963963,0.0800346248321948,1.2865756000136421
37.93634087499959,-0.03696046769618988,0.021976321935653687,-0.00037741661071777344,0.12052418291568756,0.21244585514068604,-0.16165956854820251,-1.3776455211754166,0.08182858196632131,1.2872785300202298
37.94639587500569,-0.017009183764457703,0.016881734132766724,0.007349371910095215,0.14156076312065125,0.2193453013896942,-0.14021046459674835,-1.3755435505608313,0.08356289273137613,1.2882596055022826
37.95644987500418,0.008129894733428955,0.015651673078536987,0.024612724781036377,0.12075295299291611,0.1995505690574646,-0.11691175401210785,-1.3734964260043045,0.08509719394872632,1.2893129567490222
37.96650487500301,0.03159366548061371,0.010490953922271729,0.04340183734893799,0.0924249067902565,0.13328711688518524,-0.10330139845609665,-1.3718902639208264,0.08638502263428702,1.2901485229855985
37.97655987500184,0.03811162710189819,0.016176819801330566,0.06179243326187134,0.059276897460222244,0.07653623074293137,-0.09803356230258942,-1.370894727690787,0.08752247451043539,1.290690756025043
37.98661387500033,0.038860514760017395,0.023076653480529785,0.07584184408187866,0.02981487847864628,0.03362231329083443,-0.08833299577236176,-1.370375177858782,0.08853186283790915,1.2909345923320046
37.99666887499916,0.043699830770492554,0.02960386872291565,0.0756496787071228,0.00779754901304841,0.005040469579398632,-0.0856005996465683,-1.3701867032510713,0.08942266099036358,1.2909131705252377
38.006723875005264,0.057489216327667236,0.038030028343200684,0.07029122114181519,-0.02013714611530304,-0.035418540239334106,-0.07269838452339172,-1.3703114682586643,0.09019366222176602,1.290673226607043
38.016777875003754,0.06778232753276825,0.03835076093673706,0.052393555641174316,-0.016530871391296387,-0.08558477461338043,-0.06583812832832336,-1.370905418623843,0.09083781543037,1.290318213191577
38.02683287500258,0.056761860847473145,0.02911624312400818,0.031005442142486572,-0.006416451185941696,-0.11445929855108261,-0.04819149151444435,-1.3719004265779493,0.09138863767928056,1.2900757067568858
38.03688787500141,0.051215216517448425,0.010313957929611206,0.014936089515686035,0.002930800197646022,-0.13254483044147491,-0.027578303590416908,-1.3731455190766442,0.0917496054001451,1.2899668517010965
38.0469418749999,0.047553420066833496,-0.004486709833145142,-0.0006245970726013184,-0.012872397899627686,-0.1433974802494049,0.00015265881665982306,-1.3745046371842815,0.09188856216948511,1.2899155121059824
38.05699687499873,0.045655280351638794,-0.01583033800125122,-0.006170451641082764,-0.039680756628513336,-0.15503361821174622,0.03508145362138748,-1.3759450242162448,0.09163256757080425,1.2896369068381055
38.067051875004836,0.0369596928358078,-0.03026553988456726,-0.013316690921783447,-0.06616269797086716,-0.14948518574237823,0.06501991301774979,-1.377375883177726,0.09101914475689002,1.289160368118276
38.077106875003665,0.024453356862068176,-0.043400466442108154,-0.016532421112060547,-0.10858436673879623,-0.1367930918931961,0.08906255662441254,-1.3786571830004526,0.09006220958994288,1.2883843912658792
38.087160875002155,0.013754338026046753,-0.04820862412452698,-0.023727715015411377,-0.13197730481624603,-0.11353252083063126,0.10631344467401505,-1.3796873277451314,0.08881785127427777,1.2872829593490995
38.097215875000984,0.0069786012172698975,-0.04144534468650818,-0.021913886070251465,-0.15052516758441925,-0.08413387835025787,0.12017270177602768,-1.3804512287782045,0.08739953830506189,1.2860431664597147
38.10727087499981,0.006638616323471069,-0.03761821985244751,-0.016345441341400146,-0.15302559733390808,-0.06400464475154877,0.12680797278881073,-1.3809865726691368,0.08584805819421043,1.284716333802432
38.11732487500558,0.002919599413871765,-0.029353588819503784,-0.01659858226776123,-0.12965236604213715,-0.03802071511745453,0.11808371543884277,-1.3813067522909446,0.08434229789287258,1.2835148147415656
38.12737987500441,0.0016160160303115845,-0.019643425941467285,-0.023372530937194824,-0.09050602465867996,-0.010453801602125168,0.10115453600883484,-1.3814161221868708,0.08303417613957795,1.282647421604864
38.13743487500324,0.001848071813583374,-0.01775112748146057,-0.036726415157318115,-0.04659174382686615,0.011458687484264374,0.07929099351167679,-1.3813282014367276,0.0819736934737864,1.2821935386008854
38.14748887500173,0.003085225820541382,-0.017855167388916016,-0.03895038366317749,-0.012998099438846111,0.02191745489835739,0.059110358357429504,-1.3810988009070904,0.08121568425870036,1.282095852167951
38.157543875000556,0.013081848621368408,-0.021951407194137573,-0.03963947296142578,0.004291941411793232,0.0315740741789341,0.0384809784591198,-1.3808003867251564,0.08070405409528579,1.282244485426695
38.167598874999385,0.01619909703731537,-0.0292188823223114,-0.03793102502822876,-0.009029989130795002,0.0352066271007061,0.021023426204919815,-1.3804576536689543,0.08039696401833898,1.2824738226239245
38.17765387500549,0.025958657264709473,-0.036696165800094604,-0.0324321985244751,-0.03675181046128273,0.031379930675029755,0.015284526161849499,-1.3801033295639649,0.08017599301754155,1.2824768189805116
38.18770787500398,0.0354330837726593,-0.04537549614906311,-0.02475637197494507,-0.06728442013263702,0.01811579242348671,0.018412142992019653,-1.3798173891615144,0.0799214708877753,1.282158006294656
38.19776287500281,0.03465765714645386,-0.04260951280593872,-0.004996299743652344,-0.11634792387485504,0.012110896408557892,0.020254304632544518,-1.379612149414457,0.07955016754184364,1.2814015875909086
38.20781787500164,0.03529232740402222,-0.03865671157836914,0.014601826667785645,-0.17185087502002716,0.006183499004691839,0.024161960929632187,-1.3794274538217672,0.07906289531007064,1.2801204499311976
38.21787187500013,0.03616988658905029,-0.024586111307144165,0.017926037311553955,-0.22623944282531738,0.0017021973617374897,0.028801772743463516,-1.379251913920766,0.07843521980639791,1.2783358318087399
38.22792687499896,0.03604452311992645,0.0009070634841918945,-0.0017778873443603516,-0.2668537199497223,0.013225163333117962,0.02835223078727722,-1.3790133951131578,0.07770421588948445,1.2760544768961275
38.23798187500506,0.030542537569999695,0.03982535004615784,-0.01794135570526123,-0.25307145714759827,0.02439885400235653,0.030701274052262306,-1.378625869416001,0.07687143502216041,1.2736553401743649
38.24803687500389,0.01751178503036499,0.06470745801925659,-0.015163838863372803,-0.1677296757698059,0.030569931492209435,0.03668273240327835,-1.378186780229171,0.07616217825528133,1.2716966711036246
38.25809087500238,0.013339579105377197,0.07592585682868958,-0.010863006114959717,-0.07956065982580185,0.019212082028388977,0.05165715515613556,-1.3778801092338653,0.07549715485991054,1.2706626225318378
38.26814587500121,0.0043697357177734375,0.0729670524597168,-0.004394829273223877,-0.03456122428178787,0.018915405496954918,0.06217637285590172,-1.3776340445227195,0.07482524640320459,1.2702815717599807
38.27820087500004,-0.011216506361961365,0.05773398280143738,0.0033353567123413086,0.0006507791113108397,0.024645863100886345,0.06490390747785568,-1.3774064650956501,0.0741437235202914,1.2702874775816253
38.28825487499853,-0.02474530041217804,0.04744729399681091,0.014147281646728516,0.019848443567752838,0.03354242071509361,0.0671209916472435,-1.3771119262745637,0.07350942606950737,1.2705411999060316
38.298309875004634,-0.027208000421524048,0.03785693645477295,0.01599133014678955,0.04014962911605835,0.04500679671764374,0.06841373443603516,-1.3767268722660269,0.07288962016824861,1.2709847753091612
38.30836487500346,-0.027234241366386414,0.03468349575996399,0.0059975385665893555,0.07806532084941864,0.052080947905778885,0.06815274804830551,-1.3762724035624052,0.07233545863102625,1.2717307573645684
38.31841887500195,-0.018081605434417725,0.029836177825927734,-0.0011300444602966309,0.09989409893751144,0.05902673676609993,0.07086901366710663,-1.375778294633975,0.07182310762807266,1.2727100284062467
38.32847387500078,-0.011750906705856323,0.02211490273475647,-0.013560891151428223,0.1258484572172165,0.06158524006605148,0.07198141515254974,-1.3752349039818639,0.07135172085159472,1.2739115302745265
38.33852887499961,-0.007560282945632935,0.024921029806137085,-0.017202258110046387,0.14122582972049713,0.06691236048936844,0.06684274226427078,-1.3746642369700357,0.0709259357285775,1.2753067610300182
38.34858287500538,-0.0006172209978103638,0.02532804012298584,-0.020286977291107178,0.1539488136768341,0.07329036295413971,0.065060555934906,-1.3740884923554402,0.07057062508221279,1.2768110811293263
38.358637875004206,0.0029172301292419434,0.01965177059173584,-0.02010113000869751,0.17192904651165009,0.08100501447916031,0.058532506227493286,-1.3734454010039339,0.07029361255516114,1.2784488447509703
38.368692875003035,0.004646316170692444,0.02175360918045044,-0.014432668685913086,0.17341242730617523,0.08125614374876022,0.05072012171149254,-1.372812179570727,0.0701244762259214,1.2801289748925144
38.378747875001864,0.005880400538444519,0.013010293245315552,0.0011990666389465332,0.1674860119819641,0.07299528270959854,0.03560199588537216,-1.3722147069436887,0.07004931422662448,1.2817780657321631
38.388801875000354,0.004516124725341797,0.004974782466888428,0.015492558479309082,0.1616739183664322,0.07194067537784576,0.024349873885512352,-1.3716714532481313,0.07009930457235128,1.2833496417404255
38.39885687499918,0.0021332353353500366,0.0028736889362335205,0.027232229709625244,0.1698714941740036,0.07868140190839767,0.010449557565152645,-1.3710931591381723,0.07029300795680041,1.284900464629236
38.40891187500529,0.0012045353651046753,0.008230894804000854,0.030319154262542725,0.190032958984375,0.08563891053199768,-0.00169046176597476,-1.3704433923962105,0.07062495676461118,1.2866080809243072
38.41896587500378,0.006428524851799011,0.0028495192527770996,0.02912271022796631,0.19632813334465027,0.08904749155044556,-0.005256700795143843,-1.3697314231879418,0.07105768665804366,1.2884471848839232
38.42902087500261,0.01381237804889679,0.0001493990421295166,0.03194856643676758,0.16761286556720734,0.08475686609745026,-0.00799043569713831,-1.3690150134639356,0.07151777336025332,1.290133822584129
38.439075875001436,0.015438809990882874,-0.0024632811546325684,0.028918027877807617,0.13671362400054932,0.06365691125392914,-0.013401126489043236,-1.3684017207828487,0.07192228941089204,1.2915070826297486
38.449129874999926,0.010129958391189575,-0.0017865896224975586,0.019977331161499023,0.09311129152774811,0.05295180156826973,-0.01709013618528843,-1.3679128817105326,0.07231792909145442,1.2925153223342813
38.459184874998755,0.002693086862564087,-0.000335007905960083,0.01674950122833252,0.06479638069868088,0.054425861686468124,-0.01985146291553974,-1.3674153972123184,0.07265048586044914,1.2931304266167662
38.46923987500486,-0.003949493169784546,0.010638505220413208,0.017480194568634033,0.049640070647001266,0.05552254989743233,-0.019689543172717094,-1.3668776292723819,0.07297343522618545,1.29355087216249
38.47929487500369,-2.2917985916137695e-05,0.019427716732025146,0.017581582069396973,0.051180265843868256,0.05301571637392044,-0.012385076843202114,-1.3663597752640337,0.0732060022847232,1.2939216887107834
38.48934887500218,0.001353830099105835,0.027767986059188843,0.01874399185180664,0.054536912590265274,0.04851577430963516,-0.002825394505634904,-1.3658628041546235,0.07338551615925545,1.29431842894955
38.49940387500101,-0.001320868730545044,0.03313499689102173,0.014719545841217041,0.06414967775344849,0.050105415284633636,-0.0027872046921402216,-1.3653591151252646,0.07351653021923295,1.2948320495929124
38.50945887499984,-0.0006383955478668213,0.038083553314208984,0.019064784049987793,0.06295765191316605,0.04656234756112099,0.002393176080659032,-1.364837952578311,0.0736226726182931,1.2953877878805171
38.5195128750056,-5.678832530975342e-05,0.03624597191810608,0.015061616897583008,0.07424803823232651,0.035764824599027634,0.008811820298433304,-1.3644105576714383,0.07366510534064649,1.2960459812971414
38.52956787500443,-0.004337683320045471,0.03724983334541321,0.008996248245239258,0.08095574378967285,0.04048367962241173,0.009326343424618244,-1.3640458612676258,0.07372787300363823,1.2968046454064701
38.53962287500326,-0.004879012703895569,0.02602246403694153,0.009686112403869629,0.09289854764938354,0.0438215546309948,0.014577804133296013,-1.3636797615097134,0.07378828843466133,1.2976509275948196
38.54967687500175,-0.00407746434211731,0.019675463438034058,0.011008024215698242,0.08881859481334686,0.05732644721865654,0.02459981106221676,-1.3632430784875353,0.07378182504548335,1.2985278039491503
38.55973187500058,0.0021642297506332397,0.017590194940567017,0.009147286415100098,0.08959609270095825,0.060077354311943054,0.041947830468416214,-1.362723326460229,0.07362185974494782,1.2993137150575902
38.56978687499941,0.0026735812425613403,0.021297484636306763,-0.0004596114158630371,0.08874468505382538,0.07594393938779831,0.04401684179902077,-1.362108311300131,0.07339104329869418,1.3001431483135695
38.57984187500551,0.014569535851478577,0.023223668336868286,-0.0034828782081604004,0.0905190110206604,0.08003655076026917,0.05805625393986702,-1.3613968212450736,0.07307086866801182,1.300977779302337
38.5898951666677,0.021346941590309143,0.021057546138763428,-0.004648029804229736,0.07793158292770386,0.0762559324502945,0.06858638674020767,-1.3606917672420382,0.07262727542953169,1.3017296200374058
38.59995016666653,0.018481656908988953,0.012023329734802246,-0.0029975175857543945,0.07830655574798584,0.07181377708911896,0.07161515206098557,-1.3600135555522577,0.0720998405162434,1.3024642100522184
38.61000516666536,0.014731094241142273,0.005504578351974487,-0.007046937942504883,0.05958640202879906,0.06386636942625046,0.0794626921415329,-1.359422233084284,0.0715291809487108,1.3031321588203222
38.620059166671126,0.011800095438957214,-0.011417269706726074,-0.012298941612243652,0.05143508315086365,0.04999582841992378,0.08600426465272903,-1.3589390218448334,0.07083520527301049,1.303723622216537
38.630114166669955,0.003376901149749756,-0.019367694854736328,-0.01837819814682007,0.04201095551252365,0.04860592633485794,0.0917004942893982,-1.3585167217116823,0.07007552839984428,1.3042342041537136
38.640169166668784,-0.0022459328174591064,-0.021440356969833374,-0.03450119495391846,0.04169594869017601,0.04398946464061737,0.09535177052021027,-1.3580984978770967,0.06925191558902691,1.3047966745797825
38.650223166667274,0.0013555735349655151,-0.01588156819343567,-0.05645805597305298,0.035171471536159515,0.05720993131399155,0.10683052986860275,-1.3576327464173574,0.06832431094487791,1.3052975669536615
38.6602781666661,0.0018565654754638672,-0.0022940337657928467,-0.055745720863342285,0.0243412833660841,0.0676037147641182,0.11553788930177689,-1.3570142897590765,0.0672827921640335,1.305753412672672
38.67033316667221,0.0024414807558059692,0.019200116395950317,-0.04658418893814087,0.033770736306905746,0.0704042911529541,0.11292026937007904,-1.3562856013875415,0.06618735531118439,1.306179684727488
38.68038816667104,-0.0017118453979492188,0.032427966594696045,-0.045670390129089355,0.04180962219834328,0.08195322751998901,0.10881764441728592,-1.3555114244586493,0.06520247553221845,1.3067378527167823
38.69044216666953,0.0037093013525009155,0.042458951473236084,-0.04300171136856079,0.031574830412864685,0.07715128362178802,0.10622798651456833,-1.3547485100209626,0.06417932297184764,1.3073524507310672
38.700497166668356,-0.0018966495990753174,0.02915114164352417,-0.03462499380111694,0.005272917449474335,0.07722079008817673,0.0809067040681839,-1.353974192890751,0.06330539299943458,1.3077462599298444
38.710552166667185,-0.005780428647994995,0.01734253764152527,-0.03428471088409424,-0.022575225681066513,0.09571005403995514,0.054943814873695374,-1.3531415589434985,0.06262273250565561,1.3078513992945142
38.720606166665675,-0.008299708366394043,0.008134305477142334,-0.054693520069122314,-0.03752274811267853,0.1454738825559616,0.03979650139808655,-1.351907661899094,0.062108933658193075,1.307686845164496
38.73066116667178,0.0049224793910980225,0.020463675260543823,-0.08214360475540161,-0.0462038554251194,0.1473410278558731,0.016327660530805588,-1.3503828410167544,0.061779597233876084,1.307350810341836
38.74071616667061,0.03334292769432068,0.044009238481521606,-0.09812700748443604,-0.040361810475587845,0.10432524979114532,0.013561940751969814,-1.3490967791618356,0.06155231461785852,1.3069663015819608
38.7507701666691,0.039821937680244446,0.04980716109275818,-0.09650731086730957,-0.031641289591789246,0.057924456894397736,0.014343312941491604,-1.3482757963531204,0.06132953139660922,1.3066123051986676
38.76082516666793,0.026402771472930908,0.047569721937179565,-0.08816826343536377,-0.03367128595709801,-0.0004036971367895603,0.000277854036539793,-1.3479780731376068,0.06120858346321914,1.3063608287213369
38.77088016666676,0.025652676820755005,0.020119041204452515,-0.004655361175537109,-0.20103658735752106,-0.06687566637992859,-0.014169794507324696,-1.348279523499205,0.061004737206943965,1.3053114962420438
38.780935166665586,0.02584041655063629,-0.07526275515556335,0.06988811492919922,-0.4053209722042084,-0.11430057138204575,-0.08685355633497238,-1.349036257547947,0.060780122493561406,1.3021922180127272
38.79098916667135,0.0305977463722229,-0.08819317817687988,0.055930495262145996,-0.5092723965644836,-0.17791390419006348,-0.16271664202213287,-1.3502513919927326,0.06106878895447791,1.2974205536842278
38.80104416667018,0.06276272237300873,-0.03070247173309326,0.09193480014801025,-0.6563169360160828,-0.18073564767837524,-0.17649254202842712,-1.351656467379739,0.06141634305196578,1.291212438951463
38.81109916666901,0.0792887955904007,-0.02593362331390381,0.049853503704071045,-0.6541584134101868,-0.20730867981910706,-0.24857020378112793,-1.3532099570463323,0.062080465774032784,1.2843323643296283
38.8211531666675,0.12882913649082184,-0.010351747274398804,0.05194646120071411,-0.7173439264297485,-0.24019166827201843,-0.2970440685749054,-1.3549542723933974,0.06330572430780489,1.2771278271044726
38.83120816666633,0.15164314210414886,-0.047396183013916016,0.045819878578186035,-1.1416761875152588,-0.2980181872844696,-0.3520367443561554,-1.357005807043818,0.06452769259975694,1.2674450439229474
38.84126316666516,0.14835631847381592,-0.06499788165092468,-0.02974557876586914,-1.5413343906402588,-0.3344326913356781,-0.46436890959739685,-1.3592546430422572,0.06566321272799952,1.2532135140355318
38.85131816667126,0.15632770955562592,0.11179551482200623,-0.10960853099822998,-1.7740496397018433,-0.3891609013080597,-0.510789155960083,-1.3617204766986974,0.0669192255754274,1.2358223655916754
38.86137216666975,0.15424302220344543,0.21246984601020813,-0.16504722833633423,-1.874811053276062,-0.4924621284008026,-0.5733254551887512,-1.3648158599149152,0.06850661053361207,1.2165920214209047
38.87142716666858,0.12383684515953064,0.23829761147499084,-0.1763695478439331,-1.9156767129898071,-0.5601756572723389,-0.6650487184524536,-1.3687203321826056,0.0706900438344703,1.1966511678054503
38.88148216666741,0.05526375770568848,0.2648230493068695,-0.15010833740234375,-1.9379717111587524,-0.5904001593589783,-0.7572211623191833,-1.3730787763206427,0.07388392226921589,1.1761594801691733
38.8915361666659,-0.00950649380683899,0.28005433082580566,-0.10503512620925903,-2.127849578857422,-0.5576506853103638,-0.9067637920379639,-1.377253153497818,0.07811770719175422,1.1545987616228761
38.901591166672006,-0.04155595600605011,0.23532354831695557,-0.08090734481811523,-2.2978293895721436,-0.5282639265060425,-1.1103639602661133,-1.3807448140962244,0.08372733008490929,1.1307167431583764
38.911646166670835,-0.0637848973274231,0.2871866226196289,-0.07915794849395752,-2.4279568195343018,-0.4755607843399048,-1.3533529043197632,-1.3835243565760644,0.09142999296894366,1.1048329851595042
38.921700166669325,-0.0893135815858841,0.3564431667327881,-0.07052993774414062,-2.4583094120025635,-0.4214431941509247,-1.6308809518814087,-1.3854769492521446,0.10162089784866128,1.0777725267214977
38.931755166668154,-0.13166889548301697,0.3682505488395691,-0.023328125476837158,-2.520139217376709,-0.3299116790294647,-1.934745192527771,-1.3862311051059377,0.11457610622139977,1.049711823863051
38.94181016666698,-0.20037201046943665,0.33798933029174805,0.03732180595397949,-2.695105791091919,-0.16864584386348724,-2.240729808807373,-1.385182959657807,0.13042614122766144,1.0199185036896012
38.95186516666581,-0.25397756695747375,0.34847819805145264,0.013690769672393799,-2.721334934234619,0.030196156352758408,-2.4536712169647217,-1.381490854725846,0.14852844424973824,0.9884970065880688
38.96191916667158,-0.27827537059783936,0.41772812604904175,0.1335524320602417,-3.1228079795837402,0.1779850870370865,-2.6803770065307617,-1.3749700866979317,0.16836304003306482,0.9544275965897693
38.97197416667041,-0.28796008229255676,0.32344990968704224,0.23591595888137817,-3.6887917518615723,0.2508329153060913,-2.8259098529815674,-1.3657573259688416,0.18875445856216047,0.9145984442075081
38.982029166669236,-0.3227028250694275,0.24376195669174194,0.2612346410751343,-4.102601528167725,0.44418442249298096,-2.9066202640533447,-1.3535010688841542,0.2085726847166574,0.8692121505921985
38.992083166667726,-0.359744668006897,0.36192941665649414,0.2679687738418579,-4.054478645324707,0.6809642314910889,-3.056419849395752,-1.33735658121358,0.22873629255177957,0.8212103382151803
39.002138166666555,-0.2739330232143402,0.5320132970809937,0.3319545388221741,-3.6565489768981934,0.9091004133224487,-3.0170562267303467,-1.3182222449743504,0.24901374535152995,0.774694378506595
39.012193166665384,-0.19097700715065002,0.49206650257110596,0.37949109077453613,-2.986198902130127,0.9638350605964661,-3.0833499431610107,-1.2979788309687668,0.26995681572648406,0.7329981046854132
39.02224716667115,-0.13552890717983246,0.44646209478378296,0.42418330907821655,-2.491136074066162,0.9664789438247681,-3.226170778274536,-1.2781044284264724,0.2927925590888775,0.6963673687760453
39.03230216666998,-0.09116785228252411,0.42810434103012085,0.3834550380706787,-1.9617218971252441,0.9459856152534485,-3.3270676136016846,-1.2586110118392835,0.3175647985761975,0.6636620527622201
39.04235716666881,-0.046886689960956573,0.40853196382522583,0.3280385732650757,-1.5117104053497314,0.9298729300498962,-3.418661594390869,-1.2398138802137104,0.3443138871098325,0.6348980728250859
39.05241216666764,-0.009275346994400024,0.29906773567199707,0.2861309051513672,-1.222892165184021,0.9045084714889526,-3.4399476051330566,-1.2214467266468494,0.37229631467184726,0.608767949657939
39.06246616666613,-0.013777509331703186,0.1281050443649292,0.2539963126182556,-1.1563735008239746,0.9095959067344666,-3.4286060333251953,-1.2029807107747006,0.4005185587467384,0.5837656556969824
39.07252116667223,-0.04332543909549713,-0.026534676551818848,0.2336176633834839,-1.3327842950820923,1.008689522743225,-3.3911736011505127,-1.182784732287098,0.42782798431137087,0.5573936755439958
39.08257616667106,-0.050878509879112244,-0.13485568761825562,0.2177640199661255,-1.6885952949523926,1.1618283987045288,-3.3155763149261475,-1.1591308005841836,0.45306678609555123,0.5274466657230245
39.09263016666955,-0.03762039542198181,-0.1889408826828003,0.21027332544326782,-2.2174534797668457,1.3157410621643066,-3.233450174331665,-1.1309462839168913,0.4749998043503723,0.492302414447861
39.10268516666838,-0.01924765110015869,-0.22492468357086182,0.18293267488479614,-2.8116564750671387,1.4980812072753906,-3.1684327125549316,-1.097327298148658,0.4927175656238779,0.45067683559059907
39.11274016666721,0.017400294542312622,-0.2931756377220154,0.15069890022277832,-3.244736671447754,1.622829794883728,-3.0393266677856445,-1.0588309043357682,0.5057962768091416,0.4030787074106978
39.1227941666657,0.029912874102592468,-0.3388741612434387,0.11453890800476074,-3.4045090675354004,1.749943733215332,-2.7266857624053955,-1.0177673993040255,0.5138903818718675,0.3531603839199811
39.132849166671804,0.005912572145462036,-0.2826359272003174,0.07502764463424683,-3.3795886039733887,2.076709270477295,-2.4816932678222656,-0.9741007136540067,0.5171619229954528,0.3038787766845611
39.14290416667063,0.057471901178359985,-0.2796705961227417,0.09194749593734741,-3.39455509185791,2.17643666267395,-2.304861068725586,-0.9288375799225826,0.5170231092179733,0.25607194568804825
39.15295916666946,0.13904708623886108,-0.3652191758155823,0.0882129967212677,-3.401071310043335,2.1889798641204834,-2.1413512229919434,-0.883861396316404,0.5136142507671497,0.20934387246308814
39.16301316666795,0.15089085698127747,-0.36768966913223267,0.08431226015090942,-3.6040375232696533,2.219193935394287,-1.940177321434021,-0.8394062288558859,0.5062648052735514,0.16343564815244324
39.17306816666678,0.15808838605880737,-0.3624011278152466,0.05538457632064819,-3.8264315128326416,2.2277886867523193,-1.6744290590286255,-0.7952444511962437,0.4940961638341992,0.11829607005989691
39.18312316666561,0.15545544028282166,-0.4166119694709778,0.07481804490089417,-4.088977336883545,2.3787739276885986,-1.420575737953186,-0.7516154731044723,0.47627512655170423,0.07409359063200903
39.193177166671376,0.15439936518669128,-0.40905195474624634,0.060156941413879395,-4.115045547485352,2.471343994140625,-1.170108675956726,-0.708574925775,0.454318365617518,0.03243769312360252
39.203232166670205,0.19433319568634033,-0.315380334854126,0.08145946264266968,-4.130699157714844,2.5966010093688965,-0.852668046951294,-0.6668471817389402,0.4287410828718381,-0.00538595635085806
39.21328716666903,0.24640104174613953,-0.2578583359718323,0.128384068608284,-4.206048488616943,2.673170566558838,-0.6232782602310181,-0.6267494375204877,0.3997443322704917,-0.039288437056364464
39.22334216666786,0.3402395248413086,-0.22926533222198486,0.15983757376670837,-4.2233099937438965,2.6139004230499268,-0.5074020624160767,-0.5883294070416745,0.36805530369942036,-0.07049342933118331
39.23339616666635,0.4357113838195801,-0.16896647214889526,0.11610054969787598,-3.8623595237731934,2.3740620613098145,-0.24024498462677002,-0.553958509850636,0.33577974835127317,-0.0975365215923347
39.24345116666518,0.45926299691200256,0.015229403972625732,0.10952146351337433,-3.651829719543457,2.2799158096313477,0.1352517157793045,-0.5241522860522208,0.3038636474553601,-0.11826539525650066
39.253506166671286,0.4735022485256195,0.1734488606452942,0.048219457268714905,-3.445319652557373,2.1733884811401367,0.41718536615371704,-0.4972124572726799,0.27119153695636483,-0.13395853410255115
39.26356016666978,0.534887433052063,0.23071205615997314,-0.021926335990428925,-3.238311529159546,2.0254688262939453,0.6448249816894531,-0.4732322037379194,0.23904460493566387,-0.14520825329661283
39.273615166668606,0.6115930676460266,0.18259060382843018,-0.07666366547346115,-3.0586304664611816,1.7761460542678833,0.8254008889198303,-0.45229412019906695,0.20738699688271564,-0.15294567167940087
39.283670166667434,0.6274741888046265,0.01740211248397827,-0.14866143465042114,-2.8420093059539795,1.4803571701049805,1.0200260877609253,-0.43506500760414435,0.176593664835924,-0.15740351898734786
39.293724166665925,0.5502218008041382,-0.07367444038391113,-0.19382846355438232,-2.7238388061523438,1.2595221996307373,1.1996808052062988,-0.4211975263576476,0.14664435208489887,-0.15877144592771564
39.30377916667203,0.44467172026634216,-0.053600311279296875,-0.2089080810546875,-2.7382652759552,1.2571574449539185,1.3299063444137573,-0.4086927867185711,0.11639030181103219,-0.15816586394044624
39.31383416667086,0.4047279357910156,-0.02644491195678711,-0.20902085304260254,-2.8614695072174072,1.2236093282699585,1.414499282836914,-0.3963333347011563,0.08513314370316485,-0.1564294708290839
39.32388916666969,0.42425039410591125,-0.03978985548019409,-0.18658864498138428,-3.041144847869873,1.0998696088790894,1.4919501543045044,-0.38477591645338594,0.05224509952281757,-0.15418472223235588
39.33394316666818,0.42200320959091187,-0.058983445167541504,-0.14327490329742432,-3.3043456077575684,0.9010350704193115,1.575526475906372,-0.37478038743122183,0.01688311159709139,-0.15168294040820868
39.343998166667006,0.364928662776947,-0.031316518783569336,-0.11193263530731201,-3.429987668991089,0.7435514330863953,1.6385822296142578,-0.36651663568121085,-0.02062660251655605,-0.14892158321409923
39.354053166665835,0.304015576839447,0.08240032196044922,-0.10467897355556488,-3.4840686321258545,0.6151159405708313,1.6804249286651611,-0.35958348177559385,-0.059071483745722006,-0.14561974222651175
39.3641071666716,0.25239938497543335,0.1546574831008911,-0.09434102475643158,-3.508756399154663,0.5114160180091858,1.660151720046997,-0.3536651722852291,-0.0978722616885575,-0.1421727531878566
39.37416216667043,0.23282261192798615,0.13502883911132812,-0.06512202322483063,-3.448591470718384,0.4436761438846588,1.6633994579315186,-0.34844947309267343,-0.1365727394429705,-0.1385041823791309
39.38421716666926,0.21133540570735931,0.10883438587188721,-0.05049407482147217,-3.2890286445617676,0.35565826296806335,1.5732228755950928,-0.3438195836381605,-0.17390922242143378,-0.13456537897781584
39.39427116666775,0.19247490167617798,0.11922544240951538,-0.039157360792160034,-3.1116244792938232,0.3125142455101013,1.45021653175354,-0.33976978064467045,-0.20940545529736249,-0.1309539332346446
39.40432616666658,0.17842184007167816,0.11293977499008179,-0.040398478507995605,-2.889403820037842,0.2574070692062378,1.2837016582489014,-0.33623978864817483,-0.2424564270606756,-0.12794141863391362
39.41438116666541,0.16918233036994934,0.1391182541847229,-0.049275487661361694,-2.615583658218384,0.19991794228553772,1.1496567726135254,-0.33327345002303804,-0.2725921604231959,-0.12537145280700493
39.42443616667151,0.13744208216667175,0.18409597873687744,-0.06495437026023865,-2.4191901683807373,0.12658435106277466,0.9753826260566711,-0.33109761428625345,-0.29998593516745337,-0.12343043566888866
39.43449016667,0.10598194599151611,0.17927682399749756,-0.10152176022529602,-2.2165846824645996,0.05846574157476425,0.8378668427467346,-0.32983364539348353,-0.32495001297425413,-0.12233417642789905
39.44454516666883,0.08007656037807465,0.1752205491065979,-0.14053267240524292,-2.0564627647399902,-0.01299645472317934,0.7175267338752747,-0.32944763777308667,-0.3477771895775818,-0.1218822728160239
39.45460016666766,0.0764681026339531,0.19495797157287598,-0.17670655250549316,-1.950341820716858,-0.1088513433933258,0.6108633875846863,-0.3300742591988567,-0.36896690435080504,-0.12205309602408082
39.46465416666615,0.07594712823629379,0.2169172167778015,-0.19706910848617554,-1.7800846099853516,-0.25800979137420654,0.5072439908981323,-0.3322249784251933,-0.3885996119637725,-0.12292331127879547
39.474709166672255,0.06980946660041809,0.25424134731292725,-0.19566714763641357,-1.526243805885315,-0.39371436834335327,0.3995034098625183,-0.33599521001584487,-0.40586918484284684,-0.12415187996619664
39.484764166671084,0.0661998987197876,0.24954909086227417,-0.1902591586112976,-1.227674126625061,-0.4952082335948944,0.26723435521125793,-0.3411032652950301,-0.420012047399543,-0.12568642611677552
39.49481916666991,0.08912068605422974,0.21068280935287476,-0.17298895120620728,-1.0169391632080078,-0.6339796781539917,0.14016057550907135,-0.3476993131759794,-0.43134886912499576,-0.12777819695917506
39.5048731666684,0.09184423834085464,0.17431426048278809,-0.16395670175552368,-0.8325367569923401,-0.7485545873641968,0.00930666271597147,-0.3558200968163182,-0.44024282837812956,-0.1304756934562552
39.51492816666723,0.07052554190158844,0.13972419500350952,-0.11078858375549316,-0.8786736130714417,-0.8429300785064697,-0.14732874929904938,-0.3656334155198649,-0.44803209721649034,-0.1345672272529946
39.52498316666606,0.06987397372722626,0.11283135414123535,-0.09586775302886963,-0.8704808354377747,-0.962704598903656,-0.1849735677242279,-0.37705771067642924,-0.45561967684616017,-0.140007823607754
39.53503716667183,0.02512919157743454,0.15980792045593262,-0.07308846712112427,-0.961616039276123,-0.9740126132965088,-0.4324624836444855,-0.3899086319147664,-0.46288351701602687,-0.14675097770942352
39.545092166670656,-0.026224913075566292,0.1095457673072815,-0.09328204393386841,-1.0764882564544678,-0.8779360055923462,-0.3951759338378906,-0.4031234097645223,-0.4707436057273142,-0.1558152339980621
39.555147166669485,0.009466234594583511,0.08035701513290405,-0.09055829048156738,-1.0067520141601562,-0.893858790397644,-0.46900996565818787,-0.4161372051181395,-0.47865295576376427,-0.1647546023684894
39.565201166667975,0.036812469363212585,0.11916536092758179,-0.08135110139846802,-0.847729504108429,-0.9166568517684937,-0.5530456304550171,-0.4296823232360523,-0.48520479833035424,-0.174525557935193
39.575256166666804,0.09479127824306488,0.1795673966407776,-0.09432017803192139,-0.5456181168556213,-1.0446491241455078,-0.561346173286438,-0.4437798702972189,-0.4892581809617122,-0.18357802652459576
39.58531100000255,0.08732688426971436,0.18596720695495605,-0.09740608930587769,-0.16827547550201416,-1.119771957397461,-0.6395642161369324,-0.45842603672897725,-0.4898615544631204,-0.19150763822903594
39.59536600000138,0.08085373044013977,0.13665920495986938,-0.07266175746917725,0.09450660645961761,-1.2089256048202515,-0.6526416540145874,-0.4732136481248186,-0.4871361115946799,-0.19816730749713993
39.60541999999987,0.06748814880847931,0.06494313478469849,-0.027467727661132812,0.03609643504023552,-1.215671181678772,-0.6734694838523865,-0.48831454186829076,-0.4831678406514563,-0.20435103558382822
39.615474999998696,0.060638003051280975,-0.03891944885253906,0.0855531096458435,-0.2793661653995514,-1.1652274131774902,-0.7046197056770325,-0.503904406262254,-0.4810219503328892,-0.21201557322495893
39.6255300000048,0.033896833658218384,-0.06394070386886597,0.14897805452346802,-0.52472323179245,-1.1332727670669556,-0.7012737393379211,-0.5197083873550022,-0.48108389168957283,-0.22123663920792921
39.63558400000329,0.015170404687523842,0.041431546211242676,0.1667473316192627,-0.5712521076202393,-1.0917831659317017,-0.6297359466552734,-0.5354181530387909,-0.4826337878122055,-0.2309591564465358
39.64563900000212,-0.003400854766368866,0.04263275861740112,0.1542336344718933,-0.4764762818813324,-1.0240113735198975,-0.6749858856201172,-0.5504676130333459,-0.4838164692549964,-0.24038824171384826
39.65569400000095,-0.026035964488983154,-0.02223449945449829,0.14765316247940063,-0.2447996437549591,-0.9898152947425842,-0.7078666090965271,-0.5646810415308411,-0.483218487373088,-0.24921595225470614
39.66574899999978,-0.058528654277324677,0.019972681999206543,0.1474062204360962,-0.058115776628255844,-0.9193518161773682,-0.7481048703193665,-0.5779958646623851,-0.4805060327174125,-0.2570731639491792
39.675803000005544,-0.07828421145677567,0.04679596424102783,0.15360653400421143,0.15094663202762604,-0.8831152319908142,-0.7418975830078125,-0.5901124173551072,-0.47597079615138765,-0.2639075393303231
39.68585800000437,-0.08224691450595856,0.0536465048789978,0.1605668067932129,0.3794223964214325,-0.8739057183265686,-0.7203903198242188,-0.601321757989104,-0.469702946423162,-0.2690558887229604
39.6959130000032,-0.09174786508083344,0.07037621736526489,0.15249252319335938,0.6143763065338135,-0.8573962450027466,-0.6507771611213684,-0.611459657421512,-0.46164105325624594,-0.27225049593587575
39.70596700000169,-0.1002720445394516,0.07691711187362671,0.14712482690811157,0.7768531441688538,-0.8115861415863037,-0.5351733565330505,-0.6201682959568621,-0.45247348224154443,-0.2731199256390567
39.71602200000052,-0.10360836982727051,0.01761150360107422,0.1444031000137329,0.8682448267936707,-0.8040688633918762,-0.5289303660392761,-0.628009524533563,-0.44256302203074815,-0.27241716448093933
39.72607699999935,-0.10562867671251297,-0.05632668733596802,0.1686459183692932,0.7878298759460449,-0.769943356513977,-0.48110052943229675,-0.6355517889340246,-0.43282590001648763,-0.27156587824862166
39.736131000005116,-0.12760759890079498,-0.11740881204605103,0.18566817045211792,0.6410591006278992,-0.705909013748169,-0.484590619802475,-0.6428344264609555,-0.42416079444833266,-0.2710365598406931
39.746186000003945,-0.13307726383209229,-0.16066092252731323,0.1706560254096985,0.46519190073013306,-0.5958511829376221,-0.4124535620212555,-0.6494452295234171,-0.4169636949906039,-0.27124585175419347
39.756241000002774,-0.11853682994842529,-0.1552554965019226,0.14449769258499146,0.2538061738014221,-0.5132367610931396,-0.37882450222969055,-0.6554160715870339,-0.4116660466690986,-0.2722924011737398
39.7662960000016,-0.10301903635263443,-0.153561532497406,0.13159412145614624,0.08635298907756805,-0.4261932373046875,-0.3740273416042328,-0.661007617157792,-0.4080087949763212,-0.27442250190172746
39.77635000000009,-0.08773744851350784,-0.12264561653137207,0.11610811948776245,-0.017127063125371933,-0.3241363763809204,-0.33061861991882324,-0.665928231276691,-0.40557498430653793,-0.2773104062849648
39.78640499999892,-0.05925465375185013,-0.0807715654373169,0.08989149332046509,-0.028700629249215126,-0.2575165927410126,-0.285208523273468,-0.6699605179472701,-0.4039112380902236,-0.28015188130248586
39.79646000000503,-0.04222826659679413,-0.06301277875900269,0.0768277645111084,0.06874736398458481,-0.19270510971546173,-0.2384900003671646,-0.6730300243012218,-0.40219440177003185,-0.28227451134573583
39.80651400000352,-0.025399278849363327,-0.04018723964691162,0.07294535636901855,0.22023701667785645,-0.1444113403558731,-0.19829145073890686,-0.67504929263656,-0.39972628825228607,-0.2831940541665027
39.816569000002346,-0.010136190801858902,-0.027726709842681885,0.07641106843948364,0.4430871307849884,-0.11480816453695297,-0.1704944372177124,-0.6760452711482471,-0.39597756986072674,-0.2825007522436491
39.826624000001175,-0.003905661404132843,-0.025856852531433105,0.09991830587387085,0.659303605556488,-0.09985345602035522,-0.14548203349113464,-0.6762060193026919,-0.39066380130583156,-0.28011050731088755
39.836679000000004,0.0025397799909114838,-0.05245471000671387,0.10919544100761414,0.8460716605186462,-0.07381266355514526,-0.10735012590885162,-0.6755413221100776,-0.3839200901455077,-0.27604305540480545
39.846732999998494,0.010047953575849533,-0.07424551248550415,0.11382871866226196,0.9623362421989441,-0.054862409830093384,-0.07972782105207443,-0.6742061665623289,-0.3762295887489484,-0.27069353595237705
39.8567880000046,0.014892619103193283,-0.08258897066116333,0.10819751024246216,1.0316286087036133,-0.0380241759121418,-0.05818265676498413,-0.6724416022152032,-0.36794932391680446,-0.2645634569558162
39.86684300000343,0.017581619322299957,-0.07583838701248169,0.10715797543525696,1.0583655834197998,-0.01714552566409111,-0.055070970207452774,-0.6703670239099541,-0.3593424666819983,-0.25793317889552
39.87689700000192,0.025439348071813583,-0.07869166135787964,0.09524554014205933,0.9819007515907288,0.026883715763688087,-0.05964255332946777,-0.6681070295383333,-0.3509176319296039,-0.25169676271996066
39.88695200000075,0.04431227222084999,-0.0749737024307251,0.06051468849182129,0.9655209183692932,0.03670332580804825,-0.02916448377072811,-0.6657149618429122,-0.3429867223406127,-0.24558094888694496
39.897006999999576,0.039054978638887405,-0.026909232139587402,0.054663777351379395,0.9186767339706421,0.02726215124130249,-0.027437957003712654,-0.6634390238465877,-0.33534559561825766,-0.23962116712479897
39.90706100000534,0.0447414368391037,-0.01483774185180664,0.024250268936157227,0.8541321158409119,0.042516469955444336,-0.006664074491709471,-0.6612612643463898,-0.3282125413136056,-0.23402260632328817
39.91711600000417,0.05226781591773033,-0.01706981658935547,-0.007526814937591553,0.8498172760009766,0.04055052623152733,0.02905930019915104,-0.6589973573469826,-0.3215673045298582,-0.22838079801255862
39.927171000003,0.05027987062931061,0.020925462245941162,-0.037221819162368774,0.9270097613334656,0.03353362902998924,0.041573282331228256,-0.6567054578311758,-0.3147684292123919,-0.22236573495837028
39.93722600000183,0.03868282213807106,0.06611990928649902,-0.040324509143829346,1.0155616998672485,0.00514912698417902,0.03605707362294197,-0.6545494335444414,-0.3072541340762178,-0.21580539941948207
39.94728000000032,0.03576277568936348,0.0671992301940918,-0.03327023983001709,1.0530147552490234,0.0034420406445860863,0.05914471298456192,-0.6524172560463567,-0.2992537103568929,-0.20876613172441696
39.95733499999915,0.03546537458896637,0.03392273187637329,-0.039438605308532715,1.0841922760009766,-0.006267045624554157,0.08213524520397186,-0.6502866641679778,-0.29115433268463053,-0.20143041283809374
39.96739000000525,0.024380650371313095,0.014012932777404785,-0.022310078144073486,1.1241613626480103,-0.0014657657593488693,0.07058876752853394,-0.6481559197015087,-0.28277722967924074,-0.19375386170347736
39.97744400000374,0.025862514972686768,0.019096016883850098,-0.02675330638885498,1.1544348001480103,-0.007975064218044281,0.05763142183423042,-0.6460739050338058,-0.27401521171195264,-0.18605146392270666
39.98749900000257,0.02962161973118782,0.029484033584594727,-0.027388811111450195,1.2214547395706177,-0.019554754719138145,0.04610989987850189,-0.6441026423699663,-0.264824082675484,-0.17818085121939292
39.9975540000014,0.02761678770184517,0.039366066455841064,-0.04606550931930542,1.3591688871383667,-0.03905681520700455,0.05727733299136162,-0.6422482122933661,-0.25479891367913116,-0.16980439172666426
40.00760900000023,0.023659002035856247,0.0652397871017456,-0.04875898361206055,1.5716255903244019,-0.08846231549978256,0.04508295655250549,-0.6405851669779233,-0.2433301907960874,-0.16027451737930828
40.01766299999872,0.021701883524656296,0.06276655197143555,-0.04959002137184143,1.8227550983428955,-0.1232043132185936,0.06894221156835556,-0.6390307277994066,-0.23005199728916564,-0.1493644058341853
40.027718000004825,0.008432460948824883,0.03180742263793945,-0.040206074714660645,2.040074110031128,-0.14941221475601196,0.07526274770498276,-0.6376382576875139,-0.21483924575197288,-0.13680955572727602
40.037773000003654,-0.004210725426673889,0.006274163722991943,-0.01733487844467163,2.1584372520446777,-0.14962980151176453,0.041629157960414886,-0.6364264324813146,-0.19817409713556722,-0.12350051055038642
40.047827000002144,-0.006060091778635979,-0.0011103153228759766,0.01475784182548523,2.1435165405273438,-0.15729743242263794,0.002395280171185732,-0.6354342153143805,-0.18086371538426937,-0.11017364810982035
40.05788200000097,-0.01036866381764412,-0.001523137092590332,0.029516294598579407,2.0169267654418945,-0.14125774800777435,-0.05111401528120041,-0.6348116664421471,-0.16380986387628982,-0.09777077862635856
40.0679369999998,-0.006131721660494804,-0.006967782974243164,0.03507433831691742,1.7679094076156616,-0.11430603265762329,-0.09932910650968552,-0.6343710995524182,-0.14800934308052988,-0.08707510564319985
40.07799100000557,-0.009815774857997894,0.01015692949295044,0.05251398682594299,1.6076925992965698,-0.0958964005112648,-0.09398280829191208,-0.6340743386495257,-0.1337229093406231,-0.07747727432166505
40.0880460000044,-0.02404627948999405,0.04312145709991455,0.06224644184112549,1.2991621494293213,-0.03542852774262428,-0.14321331679821014,-0.6338009914751634,-0.12123738258991272,-0.06993792756031193
40.098101000003226,-0.00522233173251152,0.0012951493263244629,0.06638242304325104,1.056727409362793,-0.004393911454826593,-0.12905648350715637,-0.633322430192625,-0.11088602282421568,-0.06397233252173325
40.108156000002054,-0.004786644130945206,-0.03004908561706543,0.060582295060157776,0.8585314154624939,0.034208741039037704,-0.15676574409008026,-0.6326591620240577,-0.10230699132845822,-0.05946824936950311
40.118210000000545,-0.005156487226486206,-0.021438181400299072,0.057303428649902344,0.773714542388916,0.0563337504863739,-0.18935485184192657,-0.6318690360620415,-0.09472162735520323,-0.05606113110369455
40.128264999999374,-0.008321259170770645,0.018458068370819092,0.06024600565433502,0.8219576478004456,0.07230952382087708,-0.21128417551517487,-0.6309193605114576,-0.08716100619985076,-0.0530054205920397
40.13832000000548,-0.011687234044075012,0.04800146818161011,0.06883682310581207,0.9473550319671631,0.05125190690159798,-0.21285437047481537,-0.6300250800143553,-0.0787038012610592,-0.04948991515876744
40.14837400000397,-0.004881728440523148,0.05713796615600586,0.08153332769870758,1.1287972927093506,0.043292783200740814,-0.19067764282226562,-0.629219298725092,-0.06913851050581336,-0.045022375368254354
40.1584290000028,-0.008255437016487122,0.0372086763381958,0.07809066772460938,1.4135159254074097,0.02792474813759327,-0.15174169838428497,-0.6284883481157172,-0.057840510877242846,-0.0389450374303725
40.16848400000163,-0.012161299586296082,0.02833634614944458,0.07405851781368256,1.7049033641815186,0.02720196358859539,-0.08450464904308319,-0.6277895179430396,-0.044425701042249625,-0.03065491544523439
40.178539000000455,-0.020222395658493042,0.009042203426361084,0.09021949023008347,1.852081060409546,0.02317925915122032,-0.059259213507175446,-0.6271373873008443,-0.029479601727579633,-0.020623599988283562
40.188592999998946,-0.02231026440858841,-0.037125229835510254,0.0997995138168335,1.8797550201416016,0.03551315888762474,-0.01805601269006729,-0.6266174165494046,-0.014005411433315695,-0.00991892129792884
40.19864800000505,-0.01695438101887703,-0.06327974796295166,0.10595357418060303,1.7527915239334106,0.07030709087848663,-0.00929208192974329,-0.6260309236737074,0.0009209727250619632,0.0007650057151905183
40.20870300000388,-0.009878572076559067,-0.08700293302536011,0.0977257490158081,1.585464596748352,0.09806668758392334,0.03621172532439232,-0.6252404560712724,0.014477441772587876,0.010718611138469765
40.21875700000237,-0.01305941492319107,-0.0915536880493164,0.09054982662200928,1.3903694152832031,0.13883274793624878,0.0531129464507103,-0.6242343432631727,0.026352834489496737,0.01977741471423111
40.2288120000012,-0.006941307336091995,-0.0765385627746582,0.06742870807647705,1.1989370584487915,0.15372101962566376,0.05592265725135803,-0.6230545893029434,0.03654820082384371,0.02782823763268193
40.23886700000003,-0.002619687467813492,-0.06123030185699463,0.06985753774642944,0.9882544875144958,0.1523585468530655,0.09356324374675751,-0.6217517304248515,0.04505653005592097,0.03490565566881573
40.248921999998856,-0.003299374133348465,-0.07958239316940308,0.05471968650817871,0.791562557220459,0.18192270398139954,0.08557341247797012,-0.6204006685493623,0.05181135208011438,0.04091196532450769
40.25897600000462,-0.006812676787376404,-0.08149349689483643,0.06031220778822899,0.5942028760910034,0.22772294282913208,0.053158752620220184,-0.6185698020814586,0.05702126950358674,0.04552156749285986
40.26903100000345,0.0026493407785892487,-0.047814130783081055,0.032700538635253906,0.5133689045906067,0.25479185581207275,0.008679327555000782,-0.616324237036677,0.06133255385280708,0.04897138363090117
40.27908600000228,0.01642093062400818,0.009508490562438965,0.005476232618093491,0.5004288554191589,0.24268431961536407,0.01348393689841032,-0.6139887694784948,0.06536363576314833,0.05189987743697869
40.28914000000077,0.023070070892572403,0.04368668794631958,-0.01001984253525734,0.581915557384491,0.19393755495548248,0.04254419356584549,-0.6119860845528297,0.06962895323091944,0.05525533363747541
40.2991949999996,0.019848491996526718,0.06160324811935425,-0.011774003505706787,0.661855161190033,0.14349834620952606,0.02731224149465561,-0.6105412161528151,0.07452910959979492,0.059149380136379166
40.309250000005704,0.002415105700492859,0.052162230014801025,-0.0048779211938381195,0.6887074708938599,0.10716217756271362,0.03660432994365692,-0.6095370257033919,0.08000121287589158,0.06319359556986504
40.31930500000453,0.003774929791688919,0.03239351511001587,-0.017840076237916946,0.7673335671424866,0.09192782640457153,0.04014340415596962,-0.6089093819198002,0.08569955753799019,0.06770878494371589
40.32935900000302,-0.006409294903278351,0.04309093952178955,-0.039203472435474396,0.9163494110107422,0.07875597476959229,0.05536951869726181,-0.6084851746306043,0.09232363689915027,0.07293565514729494
40.33941400000185,-0.01178610697388649,0.06390243768692017,-0.04819083213806152,1.080751895904541,0.0804998129606247,0.053893864154815674,-0.6082705174515443,0.10023095753636668,0.07913218775263191
40.34946900000068,0.0004431232810020447,0.05655109882354736,-0.04892963171005249,1.2657290697097778,0.05684015154838562,0.05636770278215408,-0.6083061925452111,0.10961463886540299,0.08636901711562844
40.35952299999917,0.008998550474643707,0.023596107959747314,-0.029103338718414307,1.411712884902954,0.033696748316287994,0.08754745870828629,-0.6088364842897153,0.12025989610695459,0.09469367085114211
40.369578000005276,-0.00019138306379318237,-0.022854983806610107,0.00467294454574585,1.457815408706665,0.006374048069119453,0.08932070434093475,-0.6097487169592566,0.13164139795925367,0.10380586521094248
40.379633000004105,-0.004204783588647842,-0.05086863040924072,0.03973054885864258,1.3137719631195068,0.005490144714713097,0.12254363298416138,-0.6109522807144843,0.1425446051673048,0.1128088427329694
40.389687000002596,-0.000133611261844635,-0.08862662315368652,0.053064122796058655,1.040720820426941,0.01753642037510872,0.1340736299753189,-0.6119837012730843,0.15151712218368824,0.12076650265849069
40.399742000001424,0.007190041244029999,-0.11071056127548218,0.04450453817844391,0.7556886076927185,0.019628601148724556,0.1358206570148468,-0.6127810297804774,0.15811687440991198,0.12718069893254447
40.40979700000025,0.007897291332483292,-0.08986729383468628,0.01957245171070099,0.5115744471549988,0.012351246550679207,0.14497335255146027,-0.6133978112779003,0.16248463735960506,0.13196202970927004
40.41985199999908,-0.003256421536207199,-0.06275302171707153,0.015328526496887207,0.3036026060581207,0.035084519535303116,0.13167911767959595,-0.6137579892469148,0.16503007655726298,0.13555451396310927
40.42990600000485,-0.002864951267838478,-0.055944204330444336,0.02963225543498993,0.10788042843341827,0.04568896442651749,0.14845570921897888,-0.6136957110628746,0.16589287067398908,0.13787024265572898
40.43996100000368,-0.001584276556968689,-0.05352747440338135,0.027537405490875244,-0.043516285717487335,0.06838840991258621,0.1559128314256668,-0.6133328095012783,0.16524507282497633,0.13933639702330788
40.450016000002506,-0.002341192215681076,-0.030587315559387207,0.0326799601316452,-0.1328430026769638,0.07609786838293076,0.16602055728435516,-0.612732724795712,0.16357095356791015,0.14018663075395624
40.460070000001,-0.005814753472805023,-0.011920750141143799,0.03747133910655975,-0.15332990884780884,0.09162089973688126,0.17058788239955902,-0.6119975251711198,0.16131469597009426,0.14070361341853266
40.470124999999825,-0.008635196834802628,0.01787281036376953,0.022932305932044983,-0.04170786216855049,0.11781575530767441,0.14702849090099335,-0.6110310059279287,0.15958155467357302,0.14139192487037242
40.480179999998654,-0.01393645815551281,0.07442712783813477,0.029850080609321594,0.12403050810098648,0.10152679681777954,0.11622131615877151,-0.6100672704344758,0.15913732615853537,0.14273685228104238
40.49023500000476,-0.0044891927391290665,0.07590091228485107,0.02728569507598877,0.2854155898094177,0.07775009423494339,0.07291298359632492,-0.6094919063060386,0.16024433737056815,0.1447102881185032
40.50028900000325,0.004301907494664192,0.0409083366394043,0.028761625289916992,0.4526090919971466,0.01230637263506651,0.09698796272277832,-0.6094871114184801,0.16282933896325513,0.14751172654444053
40.51034400000208,-0.019129259511828423,0.06159716844558716,0.015116989612579346,0.6113534569740295,-0.007084502838551998,0.1327303946018219,-0.610146856060011,0.16651217295647674,0.15162259482454304
40.52039900000091,-0.023580029606819153,0.07403194904327393,0.012760043144226074,0.7431412935256958,-0.0697886273264885,0.11866782605648041,-0.611323796180693,0.17144958562245383,0.15661952964610415
40.5304529999994,0.017622601240873337,0.04616057872772217,0.03876730799674988,0.6804748177528381,-0.1343832015991211,0.17658665776252747,-0.6132689661650936,0.1765395782642247,0.1620590693636496
40.5405080000055,0.01118555013090372,-0.07551956176757812,0.022011831402778625,0.566384494304657,-0.1720581352710724,0.21469569206237793,-0.6158444794675189,0.1804802120851507,0.16738654675008674
40.55056300000433,-0.026785634458065033,-0.10289311408996582,0.0017023682594299316,0.4129257798194885,-0.13462820649147034,0.21148130297660828,-0.618275040459955,0.18325792413261854,0.1720862413717145
40.56061800000316,-0.029164277017116547,-0.0578957200050354,-0.012813538312911987,0.2590499222278595,-0.10712414979934692,0.15458473563194275,-0.6201079729554968,0.1849118604733355,0.1756117939981002
40.57067200000165,-0.006044704467058182,-0.03528439998626709,-0.018434345722198486,0.16898031532764435,-0.0861634761095047,0.13203798234462738,-0.6215076835531861,0.18577939971917815,0.17801032609013612
40.58072700000048,0.002190941944718361,-0.017361581325531006,-0.021425098180770874,0.15409165620803833,-0.0905558243393898,0.13008348643779755,-0.6227851610037941,0.1862894153944649,0.18005023756711108
40.590782500003115,0.0027885418385267258,0.021813154220581055,-0.004018843173980713,0.20369493961334229,-0.0673968493938446,0.12440912425518036,-0.6239929674657366,0.18697629806319582,0.18215504769766092
40.600836500001606,-0.006403891835361719,0.04424488544464111,0.007356911897659302,0.2858092188835144,-0.03348175436258316,0.10280556231737137,-0.6249125596096435,0.1882949695740201,0.18455022526413822
40.610891500000434,-0.009931676089763641,0.05224341154098511,0.016672328114509583,0.3587907552719116,0.003426727605983615,0.0694599598646164,-0.6255438033823875,0.19041877593865605,0.18724682783648927
40.62094649999926,-0.00858338177204132,0.04880625009536743,0.02160048484802246,0.4167959988117218,0.04203297570347786,0.03259968012571335,-0.6258528830704911,0.19333355294586618,0.1900119137149594
40.63100150000537,-0.003677657339721918,0.03797590732574463,0.04133990406990051,0.41386598348617554,0.08280064910650253,-0.00767423864454031,-0.6257153558223661,0.19663983494947604,0.19262865561984796
40.64105550000386,0.00639710295945406,0.03299987316131592,0.03846919536590576,0.4156892001628876,0.12740565836429596,-0.014776889234781265,-0.6250672494063648,0.20005115785028038,0.19491698646658165
40.65111050000269,0.01960103027522564,0.036020636558532715,0.02356487512588501,0.4137367606163025,0.1280280351638794,-0.020940829068422318,-0.624248737676854,0.20355797209448712,0.19730619698773533
40.661165500001516,0.007660532370209694,0.011222541332244873,0.009316578507423401,0.38777175545692444,0.1350231021642685,-0.03281133621931076,-0.6233777117520228,0.20697099408298006,0.1994528565084185
40.67121950000001,0.0012918398715555668,-0.003274977207183838,-0.027120575308799744,0.40904176235198975,0.1483628898859024,-0.03824445232748985,-0.6223821222552318,0.21043535187947388,0.2015289880354435
40.681274499998835,-0.0021418603137135506,0.010433197021484375,-0.0261957049369812,0.40642839670181274,0.15245109796524048,-0.059084221720695496,-0.6213026170937955,0.21403129613168229,0.20357766959156104
40.69132950000494,-0.0052606165409088135,-0.00892937183380127,-0.00825721025466919,0.4005037248134613,0.1522456258535385,-0.06941405683755875,-0.6201554707537663,0.21772252366730038,0.20544197472904535
40.70138450000377,0.005572210066020489,-0.03645515441894531,0.005590155720710754,0.3869338631629944,0.12262515723705292,-0.03503158688545227,-0.6191644450877396,0.22125461581108496,0.2073172028181483
40.71143850000226,0.003728253301233053,-0.0462954044342041,0.0035071074962615967,0.35647955536842346,0.08779793232679367,-0.0030062231235206127,-0.6185429205957694,0.22439133364015645,0.20935370140560136
40.72149350000109,0.002581329084932804,-0.03199738264083862,0.00017881393432617188,0.327562153339386,0.07558494061231613,0.01685030572116375,-0.6182421279955262,0.227119877335343,0.21146949336497367
40.73154849999992,0.021105773746967316,-0.040647149085998535,0.0024219155311584473,0.26930007338523865,0.052278291434049606,0.036373406648635864,-0.6180636322579633,0.22944884365067458,0.2134741614767408
40.74160250000568,0.028283584862947464,-0.06388348340988159,0.006685316562652588,0.20369204878807068,0.04280595853924751,0.0288931205868721,-0.6179806039994865,0.23116531115507505,0.2151765778612675
40.75165750000451,0.02491055428981781,-0.0361330509185791,0.010897397994995117,0.11836551874876022,0.027398504316806793,0.030059050768613815,-0.6179122567019404,0.23229584265197303,0.21640174710405857
40.76171250000334,0.009457364678382874,-0.03646993637084961,0.01016157865524292,0.011041723191738129,0.01763029582798481,-0.007727209012955427,-0.617815308703944,0.23278638755846548,0.21691968251440766
40.77176750000217,-0.0005153650417923927,-0.019598841667175293,0.024460196495056152,-0.12128227204084396,0.02886071428656578,-0.02469274215400219,-0.6174458749872677,0.2324043748671722,0.21640623749268947
40.78182150000066,-0.00046568410471081734,0.027259349822998047,0.008971452713012695,-0.1678505688905716,0.016312964260578156,-0.025019511580467224,-0.6169714528340768,0.23130276163371974,0.21530293076627904
40.79187649999949,-0.0018557021394371986,0.05191439390182495,0.0019431710243225098,-0.15824082493782043,-0.004393112380057573,-0.04201927036046982,-0.6166305740947438,0.23014408482255522,0.21404468318478562
40.801931500005594,-0.001646057702600956,0.034986257553100586,0.0033190250396728516,-0.1489194929599762,-0.01046591904014349,-0.071369968354702,-0.6164050845440062,0.22919177551532566,0.2126519451279677
40.811985500004084,-0.010536853224039078,0.017786920070648193,0.01406019926071167,-0.1644250750541687,-0.008617818355560303,-0.09625489264726639,-0.6161348301839495,0.2284134750248527,0.21100151061832317
40.82204050000291,-0.01843622699379921,0.01585918664932251,0.015961170196533203,-0.15749846398830414,0.0025637298822402954,-0.09545648097991943,-0.6157779595376832,0.22764670400849446,0.20918541144722716
40.83209550000174,-0.023661348968744278,0.005562961101531982,0.040507882833480835,-0.17399634420871735,0.005082680843770504,-0.1233750581741333,-0.6153076792023973,0.22692121908682342,0.20734010317674073
40.84215050000057,-0.018191346898674965,-0.024927973747253418,0.05386239290237427,-0.22401423752307892,0.004556972999125719,-0.14077109098434448,-0.6147170185505993,0.2260622957852326,0.20505727414111505
40.85220449999906,-0.019909050315618515,-0.02929234504699707,0.05010116100311279,-0.2646408677101135,0.011075325310230255,-0.13509593904018402,-0.6140648962089215,0.22482829156201972,0.20243225042338228
40.862259500005166,-0.02432667464017868,-0.026710331439971924,0.03611709177494049,-0.27636435627937317,0.018190227448940277,-0.14610998332500458,-0.6133023223027583,0.22344690397510583,0.19965821654435112
40.872314500003995,-0.020510485395789146,-0.04121309518814087,0.05008777976036072,-0.35963118076324463,0.0460604727268219,-0.13833370804786682,-0.6123175798904865,0.22172659208624523,0.19656435600180797
40.882368500002485,-0.01737752929329872,-0.04675889015197754,0.05164016783237457,-0.4443782866001129,0.05730034410953522,-0.13660691678524017,-0.6110486995042095,0.21913976179982053,0.19308311790346175
40.892423500001314,-0.01047142967581749,-0.014364361763000488,0.030283987522125244,-0.5305058360099792,0.07745088636875153,-0.12369459122419357,-0.6095487360537474,0.21586900047102217,0.18913639439717167
40.90247850000014,0.007350310683250427,0.013366937637329102,0.01324540376663208,-0.5742599964141846,0.05966896191239357,-0.09997408092021942,-0.6078316196388305,0.21200012109430233,0.18486377571404214
40.91253249999863,0.013203110545873642,0.025284111499786377,-0.005777105689048767,-0.5514035224914551,0.08936719596385956,-0.10302536189556122,-0.606241472365369,0.20786709901067393,0.18071238642006932
40.92258750000474,0.019222702831029892,0.03002643585205078,-0.015459597110748291,-0.5237362384796143,0.07841628044843674,-0.137634739279747,-0.604548842459271,0.20413057953616617,0.17652190934265924
40.93264250000357,0.0354999378323555,0.015982329845428467,-0.018261238932609558,-0.49563068151474,0.05348536744713783,-0.145978644490242,-0.6030634335661184,0.2007161809091608,0.17231807741482688
40.942697500002396,0.025641588494181633,0.019411087036132812,-0.02604609727859497,-0.39742234349250793,0.016116423532366753,-0.15891282260417938,-0.6019036330601464,0.1978413601497974,0.1683825396493823
40.952751500000886,0.015724889934062958,0.04231351613998413,-0.029584765434265137,-0.26056820154190063,-0.006689156871289015,-0.17439736425876617,-0.6012330881058497,0.1960330703253445,0.165081944419595
40.962806499999715,0.009631611406803131,0.035800278186798096,-0.025902867317199707,-0.15238502621650696,-0.037030018866062164,-0.16282911598682404,-0.6009839506678022,0.1952721292982435,0.16240955245096111
40.972861499998544,-0.005921937525272369,0.024656713008880615,-0.02069532871246338,-0.048760756850242615,-0.0600193589925766,-0.1616884022951126,-0.6010669010177344,0.19540547846365433,0.16046894772681009
40.98291550000431,-0.012770887464284897,0.02674102783203125,-0.01696769893169403,0.028845887631177902,-0.054580383002758026,-0.1665278971195221,-0.6013523734773129,0.1962629176258895,0.15903293305049895
40.99297050000314,-0.008055474609136581,0.012514352798461914,-0.000605851411819458,0.0685790479183197,-0.050220124423503876,-0.15450558066368103,-0.6016827729293198,0.19759372573435674,0.1579622327533097
41.00302550000197,-0.0014425870031118393,0.007217526435852051,0.01405113935470581,0.0789448693394661,-0.04735083132982254,-0.15273351967334747,-0.601998006355228,0.19907725819283958,0.15709362042015546
41.0130805000008,0.006430231034755707,0.0030847787857055664,0.021977975964546204,0.07018055021762848,-0.05281843617558479,-0.14245522022247314,-0.6023263387397869,0.20054296090929147,0.1562797298177117
41.02313449999929,0.008741442114114761,-0.003730177879333496,0.015008985996246338,0.059065572917461395,-0.059695784002542496,-0.12643630802631378,-0.6027397356971504,0.20183104317066622,0.1555063175984588
41.03318950000539,0.006496891379356384,-0.0028399229049682617,0.007911622524261475,0.05764881521463394,-0.06312340497970581,-0.11828849464654922,-0.603229357349532,0.2029906898737425,0.15480552260598088
41.04324450000422,0.004600830376148224,-0.008549690246582031,0.0033014416694641113,0.0482177659869194,-0.05560290440917015,-0.12261693179607391,-0.6037087015492925,0.20410306492551322,0.15409247602912884
41.05329850000271,0.011145275086164474,-0.00973576307296753,0.011461615562438965,0.022347774356603622,-0.05470661446452141,-0.10881315916776657,-0.6040936392834048,0.20504289082485522,0.1532931254815903
41.06335350000154,0.008478183299303055,0.0012860894203186035,0.02391369640827179,0.026413623243570328,-0.02757353149354458,-0.09931765496730804,-0.6043670826067832,0.20580000750105373,0.15254041104706392
41.07340850000037,0.0008314400911331177,0.00794762372970581,0.03947049379348755,0.051255278289318085,-0.0038188016042113304,-0.0814037173986435,-0.6044316543951533,0.20663093782394584,0.15201194153887876
41.0834634999992,0.001959327608346939,-0.0019377470016479492,0.0503692626953125,0.04436381533741951,0.0049597760662436485,-0.07050180435180664,-0.6043377623248368,0.20743365384506118,0.1516445308681192
