timestamp,ax,ay,az,gx,gy,gz,roll,pitch,yaw
0,0.008641127497,-0.02776646614,-0.0004535764456,-0.001331841806,0.01425162517,0.01027163677,2.84E-17,4.36E-17,-2.07E-17
0.010056,0.01083589345,-0.02382278442,0.00861440599,-0.03328596056,0.01360527426,0.009088234976,0.0001324733598,-0.0001397752654,5.94E-05
0.020112,0.01048311964,-0.01150029898,0.003460392356,-0.04421663284,0.008634750731,0.01053113583,0.0002368554118,-0.0004649038112,0.0001379740059
0.030167,0.008973930031,0.003037512302,-0.003125682473,-0.03254617378,0.01244693249,0.009758898057,0.0003461559649,-0.0007568890732,0.0002743453498
0.040223,0.007275216281,0.01505964994,0.005344867706,-0.02416148037,0.01420168951,0.01166705322,0.0005002312686,-0.0009309293191,0.0004258321718
0.050279,0.002924378961,0.02137237787,-0.0004548579454,-0.01764920726,0.01418557763,0.01682945713,0.0006517377234,-0.001015315852,0.0006056744169
0.060335,0.002741381526,0.01002156734,0.001363694668,-0.04320729896,0.01557654701,0.01722067595,0.0008285540917,-0.001251117998,0.000825899147
0.070390875,-0.001076158136,0.0053165555,2.42E-05,-0.09292305261,0.01811920106,0.01438928302,0.001012656038,-0.001841671208,0.001032995473
0.080446875,-0.003999181092,-0.006133258343,-0.004536196589,-0.1459489912,0.03005388752,0.007464265916,0.001259498772,-0.002961087099,0.001190957391
0.090501875,-0.009057987481,-0.007599711418,0.009210705757,-0.1697966754,0.02826837264,-0.002621418331,0.001547874079,-0.004594372146,0.001281759479
0.100557875,-0.03966625035,0.00666821003,0.002731159329,-0.1374368668,-0.2005243301,0.2788337171,0.001648850779,-0.006151268962,0.001670050114
0.110613875,-0.05632043257,0.01486760378,-0.002410277724,-0.07321313024,-0.1122272238,0.8254805803,0.002365268991,-0.007273451725,0.001650943144
0.120669875,0.1320939958,0.02610176802,-0.01958394051,0.02898940071,0.07595200092,0.4246429503,0.002731527952,-0.007557030591,0.001676312734
0.130725875,0.09054303169,0.04722493887,-0.02643227577,0.07978338003,0.1028609872,0.0580997467,0.002871795604,-0.007002607005,0.002057167313
0.140780875,-0.02519668639,0.03220903873,-0.01536536217,0.105838947,0.02620961517,0.01903863065,0.003286659495,-0.006009735065,0.002288237533
0.150836875,0.004122383893,0.009016573429,-0.00877635181,0.1110229343,0.01717550866,0.00741315959,0.003522028787,-0.004832393215,0.002396722798
0.160892875,-0.01102516428,0.01267230511,-0.002809926867,0.1225072816,0.02330956794,-0.003562259953,0.003722666312,-0.003635188335,0.002404176898
0.170948875,-0.01119602099,0.02033042908,-0.0001316517591,0.1122348011,0.02332381532,-0.01435677055,0.003964615469,-0.002447473077,0.002288871969
0.181004875,-0.004971902817,0.02595818043,0.001810967922,0.1117746085,0.01765048318,-0.0313035287,0.004155831317,-0.001323428439,0.001978574477
0.191060875,0.002559166402,0.01619058847,-0.005361005664,0.08448479325,0.01659440622,-0.04437876865,0.004299232309,-0.0003425756963,0.001511268641
0.201115875,0.008628115058,0.02336388826,-0.001271113753,0.06023218483,0.01011040807,-0.0624296777,0.004470271381,0.0003917803055,0.001192247135
0.211171875,0.01640458032,0.02950900793,-0.006670534611,0.03848392516,0.001365652541,-0.07335811853,0.004542985932,0.0009297148753,0.0006588311971
0.221227875,0.02147981524,0.01132124662,-0.004929244518,0.01587715,-0.003907139879,-0.0821814388,0.004508362021,0.001222845293,-0.0001654162725
0.231283875,0.01920616627,0.003115177155,0.007232680917,0.002092938637,-0.009988601319,-0.09261583537,0.004439223644,0.001314995402,-0.001035713176
0.241339875,0.01956329495,0.01028835773,0.000287309289,0.01267314516,-0.02559925243,-0.09998932481,0.004258073481,0.001361774613,-0.002018348697
0.251395875,0.02569393069,0.004929184914,-0.01396369934,0.02870510705,-0.03405292332,-0.1027507633,0.003960743194,0.001556315837,-0.003051089973
0.261450875,0.02809138224,-0.009065806866,-0.0148601979,0.05113131925,-0.03530860692,-0.1045705006,0.003618798753,0.001941807661,-0.004098246825
0.271506875,0.0211074464,-0.02022081614,-0.004553794861,0.06651165336,-0.03881106153,-0.1049068272,0.003253572408,0.002533199822,-0.005129552764
0.281562875,0.02196424454,-0.021492064,0.001576378942,0.07264384627,-0.04943068326,-0.1003312543,0.002816578462,0.003210915191,-0.006085320558
0.291618875,0.02925028279,-0.03003281355,-0.001145243645,0.06377037615,-0.05884549022,-0.09203342348,0.002293134149,0.003892484841,-0.00686223278
0.301674875,0.02968891338,-0.04215651751,-0.006158694625,0.0399350822,-0.06574281305,-0.08562852442,0.001703130335,0.00442039934,-0.007538761644
0.311730875,0.03159986809,-0.04765790701,-0.007073029876,0.017307356,-0.07141081244,-0.07847692817,0.00102610848,0.004654040231,-0.008208119254
0.321785875,0.03343529254,-0.04629713297,-0.007942423224,-0.004105257802,-0.08926997334,-0.06583729386,0.0002249483747,0.004677314799,-0.0088273124
0.331841875,0.03546312824,-0.04102319479,-0.01319120824,-0.01892668009,-0.1016309038,-0.04978975654,-0.000700873831,0.004599434777,-0.009281648038
0.341897875,0.03159802034,-0.04074108601,-0.02119886875,-0.02418828756,-0.111243315,-0.04299523309,-0.001745128184,0.004453732985,-0.009590792245
0.351953875,0.0285680145,-0.03768146038,-0.02208912373,-0.02674949542,-0.1241512597,-0.03429178149,-0.002903427967,0.004228474489,-0.009847379296
0.362009875,0.02433659881,-0.03341042995,-0.02141970396,-0.02970214188,-0.1274623722,-0.02074108645,-0.004156189395,0.003965353441,-0.01003208151
0.372065875,0.01770183071,-0.03396117687,-0.01341049373,-0.03772220761,-0.1244512647,-0.01434782241,-0.005415245244,0.003641208427,-0.0101008121
0.382120875,0.007807634771,-0.02519547939,-0.003876626492,-0.03652591631,-0.1264627576,-0.007176728919,-0.006670985579,0.003284781673,-0.0101308572
0.392176875,0.005224451423,-0.0143044591,-0.002175495028,-0.03455957025,-0.1218529493,-0.0002232949628,-0.00791155404,0.002983988344,-0.01007312741
0.402232875,0.001545000821,-0.006675541401,-0.002815946937,-0.02682894655,-0.1144546866,0.005394643638,-0.009110369059,0.002720071658,-0.009962973295
0.412288875,-0.002578340471,-0.006717443466,0.0008541494608,-0.02996242233,-0.1133792996,0.006145655178,-0.01023976063,0.00249090633,-0.00983170307
0.422344875,-0.005247417837,-0.006308197975,0.006300806999,-0.03626319394,-0.1119704917,0.009422407486,-0.01138709101,0.002222895198,-0.009687912871
0.432400875,-0.009231008589,-0.007892727852,0.006712019444,-0.04364804924,-0.1041719615,0.007830902934,-0.01246739191,0.001889062622,-0.009538317466
0.442455875,-0.01067276299,-0.005560338497,0.00745613873,-0.03916728124,-0.1110855266,0.01452529058,-0.01353259112,0.001535522701,-0.00935469323
0.452511875,-0.01032904536,-0.0009616613388,0.003800630569,-0.03304551914,-0.1052512079,0.01696892641,-0.01460515603,0.001238932065,-0.009154656473
0.462567875,-0.01173409447,0.006037652493,0.003984168172,-0.02617802471,-0.1044866145,0.02108191326,-0.01565806831,0.0009805153294,-0.008932909037
0.472623875,-0.01357921213,0.001129984856,0.01250475645,-0.03536646068,-0.09707903117,0.0224864129,-0.01664940791,0.0006935914957,-0.008693273065
0.482679875,-0.01145803183,-0.003011763096,0.008529558778,-0.04482361302,-0.1006529927,0.01781389676,-0.01765198089,0.0003156374554,-0.008484020178
0.492735875,-0.013442453,0.003035604954,-0.0006235092878,-0.0387574248,-0.09395287186,0.02384619415,-0.01864612043,-9.84E-05,-0.008307486635
0.502790875,-0.01195307449,0.01179128885,-0.01338928938,-0.03029975481,-0.09153366089,0.02268745378,-0.01959738472,-0.0004645915863,-0.008132112644
0.512846875,-0.009964853525,0.01613306999,-0.01839230955,-0.006797092035,-0.07954543829,0.02103948966,-0.02047295614,-0.0006683382645,-0.007991857134
0.522902875,-0.005670394748,0.01752090454,-0.00864751637,-0.00243030698,-0.08035983145,0.01689987071,-0.02131072179,-0.0007415165357,-0.007888065552
0.532958875,-0.007550217211,0.02369004488,0.004614666104,-0.006055401638,-0.07955129445,0.01326518971,-0.02214298805,-0.0007910893559,-0.007821280368
0.543014875,-0.01392136887,0.01829826832,0.004954218864,-0.01551548205,-0.06932742149,0.006352156401,-0.02293070704,-0.0009320590419,-0.007835436048
0.553070875,-0.02042131498,0.01059025526,0.005184471607,-0.01358176116,-0.06001408771,0.001560596749,-0.02360571355,-0.001172633079,-0.007908908872
0.563125875,-0.02497748286,0.01105391979,0.003400191665,0.003692033933,-0.04687804356,-0.0001901652722,-0.02415288511,-0.0012647391,-0.008004467063
0.573181875,-0.02615897357,0.02028769255,0.003678247333,0.03059679456,-0.03702301532,-0.001882923767,-0.02458870514,-0.001081616513,-0.008112759761
0.583237875,-0.02552843839,0.02681869268,0.002368822694,0.04696751386,-0.03677747026,0.00479868101,-0.02495755868,-0.0005946137522,-0.008173311267
0.593293875,-0.02327542007,0.01970386505,-0.0004871934652,0.06083419546,-0.03615522385,0.004392416216,-0.02532623388,8.62E-05,-0.008156424628
0.603349875,-0.02773189545,0.00296074152,0.000998750329,0.04876767471,-0.03186247498,0.0001148465381,-0.02565262899,0.0006652498504,-0.008137131457
0.613405875,-0.03104613721,-0.005305707455,-0.001525759697,0.02812822163,-0.01857689582,0.001587388222,-0.02593523118,0.0009830167116,-0.00815972118
0.623460875,-0.03121110052,-0.007221102715,0.004833981395,0.01440974791,-0.004883188754,0.002273418708,-0.02605383672,0.00111120744,-0.008218364536
0.633516875,-0.02404584736,-0.0008994340897,0.002629444003,0.01637538336,0.002004412003,-0.0009045050247,-0.02608858107,0.001201737996,-0.0083433584
0.643572875,-0.01850743964,0.002401888371,0.006691813469,0.02708954737,-0.004049486015,-0.005099250004,-0.02611246878,0.001381114143,-0.008519997189
0.653628875,-0.01676875353,-0.004885196686,0.009451270103,0.03433236852,-0.0005530219059,-0.01053886302,-0.02616466072,0.001650429577,-0.008751438757
0.663684875,-0.01545387134,-0.001717865467,0.00747191906,0.03114536405,0.01063092332,-0.01116736885,-0.0261417425,0.001923453734,-0.009013365729
0.673740875,-0.009030893445,-0.0004877448082,0.01018124819,0.02843630686,0.003413224127,-0.007695885375,-0.02608819987,0.002199102659,-0.009276315413
0.683796875,-0.002248283476,-0.01519918442,0.007279261947,0.01402514428,-0.004232711159,0.002253950806,-0.02613764999,0.002406340317,-0.009518476818
0.693851875,-0.002008169889,-0.02983510494,0.005243420601,-0.0107051041,-0.0009805923328,0.01547508035,-0.02620363205,0.002438258488,-0.009673381015
0.703907875,-0.009691491723,-0.04083269835,0.01472194493,-0.03376994282,0.008519169874,0.02797116525,-0.02618419145,0.002161973171,-0.009690848458
0.713963875,-0.01473244652,-0.03882223368,0.02199162543,-0.04637455195,0.02031071484,0.04769749194,-0.02606329516,0.001708196089,-0.009483833497
0.724019875,-0.01779566333,-0.04330563545,0.01853317022,-0.05113282055,0.01749708503,0.06633855402,-0.0258918987,0.001167410367,-0.009048833954
0.734075875,-0.01845741645,-0.06055146456,0.005181148648,-0.06004544348,0.02744612284,0.08602341264,-0.02569197399,0.0005515953958,-0.008393962736
0.744131875,-0.02288949117,-0.06244361401,-0.0006756782532,-0.09138604999,0.04152812064,0.109592393,-0.02535676615,-0.000274246379,-0.007500601901
0.754186875,-0.02332549542,-0.05920994282,0.003553017974,-0.1061003357,0.04433975369,0.1408556253,-0.02490721089,-0.001329696128,-0.006303443443
0.764242875,-0.02487951145,-0.06652408838,0.004637673497,-0.1032251865,0.04136287048,0.1770213544,-0.02445360023,-0.002424616039,-0.004747296229
0.774298875,-0.02844482288,-0.07750689983,-0.0007531642914,-0.09961561859,0.03643735498,0.208069995,-0.02406659377,-0.003496834907,-0.002873593266
0.784354875,-0.0348421149,-0.0996786952,-0.001373410225,-0.0962741524,0.04031465203,0.2420093268,-0.02367431005,-0.004534923478,-0.0006499656997
0.794410875,-0.04623134434,-0.1235416532,-0.001459538937,-0.1107435524,0.04268512875,0.2632560432,-0.02325602586,-0.005624978096,0.001865131428
0.804466875,-0.06020908803,-0.142329216,-0.00623935461,-0.1425760537,0.04201721027,0.2994582653,-0.02280997911,-0.006959682812,0.00461285292
0.814521875,-0.06423811615,-0.1583422422,-0.01909935474,-0.2241520435,0.04649185017,0.3241037726,-0.02236049468,-0.008832257093,0.007704256236
0.824577875,-0.07729792595,-0.1656423807,-0.02045345306,-0.345600456,0.08720652759,0.3311086595,-0.02169153387,-0.01174350836,0.01092602727
0.834633875,-0.08336337656,-0.1662988067,0.006244435906,-0.4254731238,0.1080821082,0.3482587934,-0.02065753237,-0.01573319052,0.01422683506
0.844689875,-0.07533803582,-0.1520088315,0.02234096825,-0.4797616601,0.1162388399,0.3676274419,-0.01945405469,-0.02041006935,0.01770856461
0.854745875,-0.06853793561,-0.08759647608,0.05281531811,-0.4911522567,0.158373639,0.4129337072,-0.01796360944,-0.02532844528,0.02150420042
0.864801875,-0.04309927672,0.02103435993,0.04100489616,-0.4491536617,0.1597473025,0.4346573651,-0.01627089226,-0.03027500042,0.02571330412
0.874856875,-0.01535838842,0.08138251305,-0.002833470702,-0.3542540669,0.1680818051,0.4354845881,-0.01448108723,-0.03429984629,0.03006594105
0.884912875,0.007169551216,0.1085668206,-0.005602158606,-0.2969851792,0.1439546198,0.3777541816,-0.01276702871,-0.03763390696,0.03412033187
0.894968875,0.01279271021,0.1088156104,0.005384087563,-0.2867249846,0.1424916238,0.3268499672,-0.01121676334,-0.04057085905,0.03763561876
0.905024875,0.006440008525,0.1244156361,0.0290421322,-0.3135573864,0.1256268919,0.251391679,-0.009721420682,-0.04354464023,0.04053029081
0.915080875,0.001742657972,0.1474631429,0.03500682861,-0.3888473511,0.1267355531,0.1917767227,-0.008393298498,-0.04707942573,0.04271385909
0.925136875,0.00263173948,0.1438062191,0.01195872575,-0.4173855186,0.150171116,0.131696865,-0.006945495196,-0.05122194621,0.04431730088
0.935191875,0.005772597622,0.1306319833,0.022740677,-0.4491613209,0.1283636838,0.06292193383,-0.005393732484,-0.0556438548,0.04529467427
0.945247875,0.01205248199,0.1574230194,0.02528393269,-0.3797361851,0.1333432645,0.0565431267,-0.004099668395,-0.05973737324,0.04586793342
0.955303875,0.007299812976,0.1809965968,-0.009821586311,-0.3047480881,0.1196203902,0.01626028866,-0.002854011209,-0.06329664489,0.04622659928
0.965359875,0.01313595939,0.1437414289,-0.02492272109,-0.2147897035,0.1175646931,-0.0006483888137,-0.001639222816,-0.06582715899,0.0463060434
0.975415875,0.01319213584,0.1276128888,0.0007014870644,-0.1435378939,0.1013713479,-0.02568274178,-0.0005520240037,-0.06759184609,0.04613738067
0.985471875,0.01544610597,0.1455762982,-0.02730875462,-0.09210133553,0.09232432395,-0.04241777956,0.0004082618891,-0.06879068174,0.04582813505
0.995526875,0.01649836265,0.120593369,-0.053911075,-0.02170160785,0.08434935659,-0.09514642507,0.001239306796,-0.0693437941,0.04514146838
1.005582875,0.01362689212,0.05780267715,-0.04921448231,-0.01189318392,0.09471064806,-0.1502794474,0.00205147901,-0.06946699514,0.0439028838
1.015638875,0.01240151748,0.03654116392,-0.0320083499,-0.02003539912,0.1035418212,-0.1748675406,0.002946250771,-0.06965718381,0.04222735963
1.025694875,0.02073817514,0.05209767818,-0.01277435571,-0.02474067174,0.1013644189,-0.1850096583,0.003853951144,-0.06989832021,0.04041763996
1.035750875,0.02867305279,0.04454052448,0.02407281846,-0.02898384258,0.08906660974,-0.1942626834,0.004695051229,-0.07013894612,0.03849552756
1.045806875,0.03138289601,0.02989453077,0.04047197849,-0.07589942217,0.06544783711,-0.1971492767,0.005294643608,-0.07072099804,0.03650965255
1.055862875,0.02580036409,0.01969522238,0.02708023787,-0.0656363517,0.07012660801,-0.1973752975,0.005851768919,-0.07146391103,0.03453585389
1.065917875,0.00878457725,0.01085835695,0.01555150747,0.001718986547,0.09734145552,-0.1948018819,0.006544809021,-0.07182592193,0.03256918053
1.075973792,-0.003643265925,0.006567060947,0.007272846997,0.0641842261,0.1473090053,-0.175178647,0.007664414376,-0.07148956914,0.03070678753
1.086029792,0.004519265145,-0.0007218122482,0.008421063423,0.09419804811,0.157540068,-0.1717804521,0.009109355827,-0.07070320309,0.02896069329
1.096085792,0.01437106822,-0.01501405239,0.02212864161,0.1187605262,0.1566248834,-0.1741817594,0.01057197127,-0.06958346268,0.02724252369
1.106141792,0.008540347219,-0.01527297497,0.04167271405,0.08667529374,0.1746933609,-0.1661145091,0.01211315367,-0.06856903369,0.02552743598
1.116197792,0.01009805501,-0.02370631695,0.05227851868,0.01816378348,0.1687028408,-0.1424625963,0.01374776913,-0.06806070176,0.02397464123
1.126252792,0.027248092,-0.04931420088,0.03078205138,-0.06766536832,0.1638756096,-0.1188866943,0.0153543362,-0.0683465396,0.02271487409
1.136308792,0.03770425171,-0.0568407774,0.02467614412,-0.1527162194,0.1448881924,-0.1053687781,0.01686746434,-0.06952472571,0.02165957922
1.146364792,0.03886263072,-0.0434269309,0.007352419198,-0.1589850336,0.1430554092,-0.07394321263,0.01821560184,-0.07117620506,0.02083619383
1.156420792,0.03414765,-0.01968890429,-0.01758985966,-0.09012518078,0.143838644,-0.05055512488,0.01962708605,-0.07250883869,0.02023612591
1.166476792,0.04160049558,0.001286149025,-0.02200298756,-0.01499661058,0.1271760464,-0.03524753824,0.02097241992,-0.07304926102,0.01988425373
1.176532792,0.04848317802,0.00923293829,-0.03257101029,0.01620250009,0.09396642447,-0.009247735143,0.02205255435,-0.07312739457,0.01972038719
1.186587792,0.05066458136,-0.01817089319,-0.04471062869,0.04444772005,0.09010989964,-0.01844123565,0.02295581614,-0.07293982767,0.01965907708
1.196643792,0.04195868969,-0.0345595479,-0.04146099836,0.022544818,0.08105754852,-0.007027991116,0.02381017816,-0.07277339082,0.0195942901
1.206699792,0.04171341658,-0.02297246456,-0.03483140469,-0.01205204148,0.06722082943,0.001397717744,0.02453733008,-0.07286867682,0.01969317103
1.216755792,0.03246944398,-0.02155041695,-0.003087095916,0.001079783542,0.05102601647,-0.009260811843,0.02520322972,-0.07299405669,0.01980934561
1.226811792,0.02741525508,-0.01017582417,-0.0241470933,-0.01263070293,0.02504155412,0.005346360151,0.02558985265,-0.07306070317,0.01996868825
1.236867792,0.03725912422,0.001586973667,-0.06373083591,0.008395442739,0.02341050096,0.01129956357,0.02583262477,-0.07303106932,0.0201779671
1.246923792,0.03624878079,-0.007276237011,-0.06577574462,0.02340182289,0.004731088877,0.0053540566,0.02598404206,-0.07276870452,0.02036294028
1.256978792,0.02625666745,0.005645513535,-0.04937141389,0.03933631629,0.002319863066,-0.003674165811,0.02602097472,-0.07238104999,0.02051725311
1.267034792,0.02273100615,0.0186021328,-0.05326592922,0.04723791406,-0.01048754435,-0.004886170849,0.02600944023,-0.07176952528,0.02059573628
1.277090792,0.02491637878,0.01497858763,-0.05297566205,0.05678472668,-0.01399625931,-0.0008849840378,0.02591213836,-0.07107446133,0.0207366429
1.287146792,0.02626938559,0.002569496632,-0.04507178068,0.08478119969,-0.02902314439,-0.02258308977,0.02572628448,-0.07016497394,0.02084165894
1.297202792,0.02156140655,0.02309507132,-0.03128862381,0.1040596515,-0.0449019745,-0.01336152013,0.02538793507,-0.06920393824,0.0208847061
1.307258792,0.0238137003,0.02976351976,-0.01586747169,0.1331709176,-0.07161002606,-0.02218164504,0.02482898424,-0.06774422094,0.02090165952
1.317313792,0.01595662907,0.02330881357,-0.004437565804,0.1365479976,-0.08141285181,-0.01568065397,0.0240774554,-0.06595156751,0.02096812031
1.327369792,0.01430106536,-0.001000881195,-0.008163392544,0.107336849,-0.09080208838,-0.03704826161,0.02324555558,-0.06424004673,0.02094719565
1.337425792,0.008727204055,-0.003741681576,-0.003366164863,0.06467118859,-0.1024916396,-0.05067317933,0.0222756665,-0.06302855134,0.02068717632
1.347481792,0.004022600129,0.006200790405,-0.005858659744,0.04096958786,-0.09991262853,-0.06293943524,0.02124640755,-0.06216722692,0.02027313002
1.357537792,-0.0007003825158,-0.006412386894,-0.002840220928,0.01430135686,-0.09821046889,-0.06930266321,0.02027031827,-0.06153497453,0.01978652018
1.367593792,-0.003737924621,-0.009003579617,0.007072277367,-0.01011104137,-0.09195443988,-0.06572443992,0.01930280116,-0.06127236827,0.0193159295
1.377648792,-0.01125174575,0.0008606910706,0.004793934524,0.0126735447,-0.06888400763,-0.04672176763,0.01850178801,-0.06111667012,0.01891513542
1.387704792,-0.01511085965,0.001648426056,0.008292973042,0.03506087512,-0.05734106898,-0.02801971883,0.01784461736,-0.06088846519,0.01872358567
1.397760792,-0.01803829335,0.002729773521,0.008296556771,0.05920376256,-0.03604403511,-0.01932780072,0.01736884957,-0.06043290389,0.01863407533
1.407816792,-0.02206834406,-0.006112575531,0.02943135053,0.01483709738,-0.02370135114,-0.01309786737,0.01706340289,-0.06002775319,0.01859565829
1.417872792,-0.02396729402,-0.02190274,0.02201092243,0.02822427452,-0.01658271998,0.003027039813,0.01681489882,-0.05982785501,0.01862257298
1.427928792,-0.01843603514,-0.01845520735,0.01503223181,0.0243139565,-0.008502157405,-0.009764921851,0.01668993695,-0.05950879547,0.01862130119
1.437984792,-0.01192787103,-0.0291659236,0.02375840396,0.02609987184,-0.02247310057,-0.02930453606,0.01657381953,-0.0592209121,0.01840324481
1.448039792,0.008105766028,-0.01535671949,-0.01763451099,0.03812431172,-0.03435798734,-0.01944364794,0.01628851405,-0.05895522729,0.01813364185
1.458095792,0.02633892,0.0007551908493,-0.03434062004,0.03708696365,-0.0643581003,-0.02841772884,0.01575783309,-0.05871784614,0.0178107768
1.468151792,0.03099770099,-0.008211433887,-0.04397338629,0.02479168214,-0.09198839962,-0.03314111009,0.01492663803,-0.05843657849,0.0173711579
1.478207792,0.02755148895,0.001159965992,-0.02847092599,0.04260219261,-0.09956882149,-0.03909742832,0.01394860227,-0.05819354399,0.01691834417
1.488263792,0.0241805464,0.007260382175,-0.02475868165,0.03098255396,-0.1175891012,-0.03750858828,0.0127892101,-0.05803396349,0.01637740059
1.498319792,0.02566917799,0.0001676678658,-0.01638130844,0.04235243425,-0.1148347184,-0.03967674822,0.01156106596,-0.05781405588,0.0158508067
1.508374792,0.01460488513,-0.01374685764,-0.003794670105,0.02144768462,-0.1207498685,-0.02627146058,0.01033209739,-0.05759408812,0.01538148425
1.518430792,0.006492910907,-0.00191539526,-0.008802577853,0.04090087861,-0.09765453637,-0.02974398248,0.009200987262,-0.0574514762,0.0150663488
1.528486792,0.002132538706,0.01065927744,-0.003616675735,0.04888263345,-0.09186030179,-0.03621146828,0.008261106469,-0.05686652016,0.01479322733
1.538542792,0.006122449413,0.02192878723,0.005550637841,0.05121654272,-0.1118284166,-0.02173026465,0.007284332241,-0.05617266569,0.01467466919
1.548598792,0.007468260825,0.02112001181,-0.001891732216,0.06806476414,-0.1032466441,-0.03492330015,0.006245133117,-0.05523883643,0.01462823584
1.558654792,-0.004803244025,0.007677555084,-0.0008060187101,0.07817914337,-0.08792934567,-0.03968122229,0.005296348683,-0.05434032573,0.01445791692
1.568710792,-0.01404885389,0.001797497272,0.01212024689,0.08146414906,-0.06679262966,-0.05725009739,0.00453946162,-0.05338553951,0.0141724107
1.578765792,-0.01832570508,0.01340299845,0.02180089056,0.08419264853,-0.06522988528,-0.06988999248,0.00389565191,-0.05249094307,0.01372836739
1.588821792,-0.0100266505,0.01936554909,0.01802731305,0.08975013345,-0.05281023681,-0.08253414184,0.003293568906,-0.05162389566,0.0131087239
1.598877792,-0.006739227101,0.004449307919,0.01950009167,0.0828614682,-0.05026625097,-0.1065117344,0.00274633139,-0.05073063377,0.01224409316
1.608933792,0.0009528100491,0.001438379288,0.02067832649,0.06323184073,-0.06134047359,-0.1253663749,0.002142232354,-0.05003952083,0.01111401733
1.618989792,0.01120984554,-0.0007445812225,0.01969027519,0.03920834884,-0.07420381159,-0.1337351501,0.001401763479,-0.04965007024,0.00988973383
1.629045792,0.01635716669,-0.01167100668,0.01616680622,0.04355090111,-0.08624715358,-0.1379266977,0.0005215818312,-0.04928751459,0.00863226588
1.639100792,0.01681660861,-0.007109224796,0.009946286678,0.05566877127,-0.08917783201,-0.1357084066,-0.0004305176291,-0.04882477515,0.007262866824
1.649156792,0.02038260922,-0.006377458572,0.003552801907,0.06303161383,-0.09678701311,-0.1167147532,-0.001454644369,-0.04836211082,0.005954505243
1.659212792,0.02375343814,-0.02235496044,0.001937866211,0.04553890601,-0.09824509174,-0.09748976678,-0.00252766213,-0.04801524632,0.004818556374
1.669268792,0.01793095469,-0.04396730661,0.0123186782,0.0353616327,-0.08655940741,-0.07207442075,-0.003501391908,-0.04777515669,0.003958042847
1.679324792,0.01285944879,-0.0451117754,0.01364023238,0.02025183663,-0.0769456625,-0.0425783135,-0.004353842777,-0.04767220281,0.003405596436
1.689380792,0.01269616187,-0.04036825895,0.006406724453,0.02455843426,-0.07222919911,-0.00419896841,-0.005107921068,-0.04759880502,0.003249493317
1.699436792,0.009950473905,-0.05151724815,-0.006445422769,0.02617586032,-0.05265896395,0.03538615257,-0.005731475929,-0.04745817132,0.003516351744
1.709491792,-0.0001993477345,-0.0476847887,0.009155392647,0.04245070368,-0.03060559742,0.0765202716,-0.00610847972,-0.04721059597,0.00417855367
1.719547792,-0.01300835609,-0.04268854856,0.02540655434,0.04409382865,-0.02442053705,0.1121175438,-0.006320660357,-0.04680820587,0.005214767395
1.729603792,-0.02238490433,-0.04384243488,0.02598316967,0.02189558372,-0.01978344098,0.141728431,-0.006484867681,-0.04647442246,0.006555249798
1.739659792,-0.03138774261,-0.04887604713,0.01677413285,-0.006294687279,-0.005857505836,0.1623139828,-0.006539366708,-0.04641177399,0.008137208857
1.749715792,-0.04701168463,-0.04826366901,0.02282548696,-0.03175503761,0.002291500568,0.1696738899,-0.00648401873,-0.04662802584,0.009827827212
1.759771792,-0.06077863276,-0.02950674295,0.01639729738,-0.0246774666,0.00894341059,0.1736017615,-0.006343644012,-0.04698284488,0.01157484156
1.769826792,-0.0664037019,-0.02129083872,0.01136219501,-0.02077220753,0.0129583925,0.1598763615,-0.006158730643,-0.04721096282,0.0132625644
1.779882792,-0.06801395118,-0.01725852489,0.0207631588,-0.01862538978,0.02330570482,0.1385492086,-0.005889657409,-0.04739236906,0.01475449993
1.789938792,-0.06271840632,-0.005771875381,0.01064133644,-0.01684772968,0.0230425857,0.1080879718,-0.005597938789,-0.04757924598,0.01597258982
1.799994792,-0.04114113748,0.005352735519,-0.005687832832,-0.01683441363,0.02211820148,0.07991530001,-0.005348343334,-0.04780631754,0.01688557179
1.810050792,-0.03048055992,0.00667911768,0.006255373359,-0.0126591092,0.01812985167,0.06193070114,-0.005118924848,-0.04797211653,0.01752982373
1.820106792,-0.02436040714,0.01831626892,0.006984934211,-0.02106289193,0.02340717241,0.05754037574,-0.004918262776,-0.04821162317,0.01803108041
1.830162792,-0.007990173995,0.02286171913,-0.006371155381,0.005697616376,0.02709804662,0.02802988887,-0.004640118861,-0.04831552604,0.01831261727
1.840217792,0.003905493766,0.02185225487,0.001293540001,0.02623804472,0.02338267118,0.01501091849,-0.004404861255,-0.04819322141,0.01831008249
1.850273792,0.01441522501,0.01429367065,0.0007836818695,0.01231850125,0.008474028669,0.01585860178,-0.004284744258,-0.04798679454,0.01814750196
1.860329792,0.02089807391,0.01533734798,0.005806148052,-0.01363671105,0.01412352547,0.02696512826,-0.004184974434,-0.04807858222,0.01812328939
1.870385792,0.0220698677,0.008355855942,0.004688963294,-0.04751371965,0.02520280704,0.02221777849,-0.004003646329,-0.04843894336,0.01818309174
1.880441792,0.02319288626,0.01331079006,0.007923729718,-0.05044537038,0.02868156321,0.01771850139,-0.003740475275,-0.04890548268,0.01825248535
1.890497792,0.03318536654,0.03481405973,-0.01468211412,-0.02018919773,0.02306389064,0.007228043396,-0.003484424441,-0.04930236896,0.01830355525
1.900553792,0.04675393552,0.04068285227,-0.03308446705,0.0071167266,0.009804544039,-0.00638529053,-0.003285936241,-0.04936816472,0.01826363852
1.910608792,0.05732558668,0.03407138586,-0.0257254988,0.00953088142,-0.01521452237,0.003715280443,-0.003320549711,-0.04927098751,0.01822395677
1.920664792,0.053734418,0.02654850483,-0.03031885624,0.0208541099,-0.02370867506,0.009855943732,-0.003510417601,-0.04911405392,0.01828063765
1.930720792,0.04385736585,0.004434645176,-0.02785646915,0.0114265196,-0.03240309656,0.03779543564,-0.003787943354,-0.04894954444,0.01854658219
1.940776792,0.03095279075,-0.02285498381,-0.01725596189,-0.001622925396,-0.02982422523,0.04989441484,-0.004050499135,-0.04891907427,0.01903301421
1.950832792,0.01292201504,-0.0387404561,-0.005336754024,-0.01301459689,-0.0163291879,0.07934551686,-0.004257393884,-0.04908383343,0.01975911794
1.960888792,-0.006629131734,-0.05538123846,0.0289260149,0.007179487497,0.003571149427,0.08263151348,-0.004234496111,-0.04914183841,0.02068763311
1.970943792,-0.0230251886,-0.05071306229,0.03924102336,-0.01166211069,0.0158219561,0.1010443419,-0.004071313879,-0.04911752747,0.02171345026
1.980999792,-0.01798935235,-0.03300273418,0.02247877419,-0.02317087352,0.01652476564,0.133323133,-0.003808906076,-0.04924184364,0.02304390851
1.991055792,-0.0169707071,-0.03642958403,0.01232940704,-0.02212584764,0.01077100635,0.157761097,-0.003541263575,-0.04937585466,0.02467131649
2.001111792,-0.02352544665,-0.04024893045,0.008193261921,-0.01569116116,0.002194961067,0.1961335391,-0.003374808675,-0.04946119468,0.02656160885
2.011167792,-0.03725517541,-0.0438516736,0.003721907735,-0.009646586142,-0.009187655523,0.1984648705,-0.003304700869,-0.04952965803,0.02865064572
2.021223792,-0.04460439831,-0.05104368925,-0.005597829819,-0.06798250973,-0.02632802725,0.2051163316,-0.003361354642,-0.04982287726,0.03073426105
2.031279792,-0.04291540384,-0.03689056635,-0.002751938999,-0.1195026934,-0.03232546523,0.2277191132,-0.003551541789,-0.0507711832,0.03290139817
2.041334792,-0.05071986467,-0.01828807592,-0.001612000167,-0.08804685622,-0.04150005803,0.2556078732,-0.003837008279,-0.05197832034,0.03526465669
2.051390792,-0.05518890172,0.009256184101,-0.003647387028,-0.0513250567,-0.05093084276,0.2738319039,-0.00419812735,-0.05279010537,0.03781260759
2.061446792,-0.06081321836,0.01067745686,-0.007259860635,0.0003827456385,-0.04457373917,0.2608721256,-0.004550612822,-0.05305773388,0.04041890477
2.071501792,-0.05659551546,-0.009549260139,-0.01603382826,-0.007367053069,-0.05472624302,0.2533585429,-0.004960254547,-0.05319327786,0.04290780883
2.081557792,-0.03566237912,0.0004662871361,-0.003963589668,-0.01603222452,-0.1066460386,0.2430681288,-0.005622493644,-0.05323906202,0.04532272804
2.091613792,-0.01142283715,0.04844754934,-0.01530741155,-0.05597830936,-0.1942161024,0.237023294,-0.007085286606,-0.05362250901,0.04760428204
2.101669792,0.007818515413,0.06570470333,-0.06235557795,-0.1140408963,-0.2762563825,0.2413297296,-0.009381602013,-0.05444762967,0.04983349282
2.111724792,0.01386970282,0.01516705751,-0.08579641581,-0.1658122241,-0.3234699667,0.2133047432,-0.01234581051,-0.0557931768,0.05198608279
2.121780792,0.000577271916,-0.01014590263,-0.07481264323,-0.2458749115,-0.3229413033,0.2083205879,-0.01553705494,-0.05794543406,0.05384232552
2.131836792,-0.006395123899,0.01935845613,-0.08319043368,-0.2326139659,-0.3213956058,0.1657345146,-0.0186038284,-0.06039159922,0.05546424391
2.141892792,0.01345950086,0.0399711132,-0.1227689385,-0.2054507583,-0.358015269,0.1404376626,-0.02195876801,-0.0626913348,0.05695980381
2.151948792,0.04345537722,0.04311847687,-0.1211613342,-0.107303679,-0.4529436529,0.1309884936,-0.02593392004,-0.06428339098,0.05830367973
2.162004792,0.06336773932,0.0476847291,-0.1461042166,-0.1281360835,-0.5991232395,0.1153321415,-0.03120092187,-0.06536576883,0.05950027349
2.172059792,0.0686326772,0.02162963152,-0.1646676511,-0.2130248845,-0.7076814175,0.1210598052,-0.03772982918,-0.06713573343,0.06061551303
2.182115792,0.05698467791,-0.03668981791,-0.1591202617,-0.3084645271,-0.778984189,0.08813852072,-0.04513362985,-0.0697357986,0.06156670571
2.192171792,0.04472079873,-0.008592784405,-0.1513534784,-0.3226980567,-0.8297206163,0.05008861423,-0.0531905456,-0.07300355746,0.06210220083
2.202227792,0.0550022535,0.04030561447,-0.2244805694,-0.3188561201,-0.9074198604,0.02359673753,-0.06190714934,-0.0762565394,0.06225940501
2.212283792,0.07580420375,0.01045519114,-0.2466534376,-0.2235448062,-0.9740952849,-0.01248084009,-0.07133888725,-0.07890987054,0.06209468397
2.222339792,0.08837977052,0.02339291573,-0.2304115295,-0.2855784893,-1.033140898,-0.0167518314,-0.08145977093,-0.0813609683,0.0617641471
2.232395792,0.1162905172,0.05311965942,-0.2259084582,-0.3377151787,-1.117345214,0.006832058076,-0.09232861699,-0.08451079461,0.06145023035
2.242451792,0.1474543363,0.02926456928,-0.2122736573,-0.400618434,-1.241650224,-0.014201588,-0.1042155613,-0.08816045287,0.06108164057
2.252506792,0.1609893739,0.0323652029,-0.2397931814,-0.4636037946,-1.383425117,-0.07317249477,-0.1175435643,-0.09246587809,0.06017875906
2.262562792,0.1660579592,0.03385919333,-0.2649427056,-0.4634877741,-1.506888509,-0.1635037363,-0.132249237,-0.09690671753,0.05840996435
2.272618792,0.1615277976,0.04195588827,-0.2823552489,-0.4005149305,-1.577306986,-0.2826476693,-0.1480906715,-0.1009497722,0.05558074457
2.282674792,0.1309525967,0.04224616289,-0.237855792,-0.413672179,-1.58724165,-0.3561842442,-0.1644342472,-0.1044680298,0.05170427014
2.292730792,0.1239985675,0.06961226463,-0.1945055127,-0.3919349313,-1.596166492,-0.3529530168,-0.180878338,-0.1077000174,0.04748154609
2.302786792,0.1263902932,0.0870834589,-0.1289992929,-0.2450404763,-1.63164556,-0.3303430378,-0.1975185153,-0.1103317687,0.04340534512
2.312841792,0.1423659772,0.08505660295,-0.1217320561,-0.1615394503,-1.701533318,-0.2952636182,-0.214674288,-0.1115780517,0.03991342879
2.322897792,0.1672813445,0.08818221092,-0.1137130857,-0.1747950613,-1.776195288,-0.2853671908,-0.2324703589,-0.1125035114,0.03669162985
2.332953792,0.1968722194,0.04798078537,-0.1368075013,-0.1891835928,-1.916183829,-0.3233113885,-0.2514258963,-0.1135421685,0.0332700706
2.343009792,0.20797126,0.04014694691,-0.1590980291,-0.2941341698,-2.047250032,-0.37016958,-0.2718365115,-0.1149660731,0.0292783553
2.353065792,0.1984457076,0.04557728767,-0.1823173761,-0.2387633473,-2.093946934,-0.3977133334,-0.2932091565,-0.116544653,0.02476496507
2.363121792,0.1824193895,0.04299342632,-0.1794473529,-0.07862050086,-2.102108717,-0.37437585,-0.3147879658,-0.116956733,0.02055206571
2.373177792,0.1770477593,0.02960890532,-0.1173277497,-0.002927874215,-2.105106831,-0.3541922867,-0.3363662834,-0.1161085508,0.01698270802
2.383232792,0.1700910032,0.01236218214,-0.06517064571,0.08778081089,-2.140564203,-0.3240095675,-0.3580252553,-0.1145093849,0.01391140191
2.393288792,0.1726338267,0.0008146166801,-0.0553294383,0.110893853,-2.153496265,-0.3180776536,-0.3799422624,-0.1123167741,0.01129504999
2.403344792,0.142782703,-0.01094901562,-0.007770236582,0.1156515479,-2.124771595,-0.3077893257,-0.4017817749,-0.1100004905,0.008809570894
2.413400792,0.1193000823,-0.03128325939,0.07212507725,0.04589190707,-2.07499218,-0.2701639235,-0.4231379021,-0.1080505814,0.006491108821
2.423456792,0.1088496,-0.05686295033,0.1260626912,-0.03332386166,-2.066891193,-0.2490499467,-0.4442110392,-0.1069349355,0.004102218401
2.433512792,0.1337242723,-0.06054884195,0.06992644072,-0.02033589408,-2.11332202,-0.2155423164,-0.4654309365,-0.1062036138,0.001892501737
2.443568792,0.1539974809,-0.02650630474,0.006174743176,0.004552190658,-2.123841286,-0.2266470343,-0.4869889237,-0.1052512665,-0.0001366236691
2.453623792,0.1375097036,0.001476585865,0.01943594217,0.1530465782,-2.124477386,-0.2295719832,-0.5085030284,-0.1034946852,-0.001782463516
2.463679792,0.1023739651,0.00596088171,0.05474042892,0.2384152412,-2.121915817,-0.2568997145,-0.5299367715,-0.1005390522,-0.002911978454
2.473735792,0.1036948189,0.04094529152,0.01307130046,0.2950878441,-2.154301405,-0.280436486,-0.5514808275,-0.09680838238,-0.003821298847
2.483791792,0.1343924105,0.07396119833,-0.07357949018,0.3589969575,-2.216971874,-0.3140044212,-0.5735197171,-0.09245077341,-0.004575849883
2.493847792,0.1368505657,0.06793510914,-0.07996701449,0.2366236448,-2.296718121,-0.3781935275,-0.5963144442,-0.08791514396,-0.005781900322
2.503903792,0.1190864071,0.03223180771,-0.01107114553,-0.01843355224,-2.383030891,-0.4601244926,-0.6200739146,-0.08455709792,-0.008595938668
2.513959792,0.117997162,0.008509159088,0.03630971909,-0.2949828506,-2.508863211,-0.47550264,-0.6451357375,-0.0830479285,-0.01333045124
2.524014792,0.1377081573,0.005678355694,-0.01488000154,-0.3871468306,-2.552784443,-0.5162944198,-0.6712195918,-0.08280184164,-0.01949688745
2.534070792,0.1336624026,0.02604359388,-0.1051799655,-0.2820446491,-2.527202845,-0.5177903175,-0.6973075546,-0.08222759203,-0.02571358537
2.544126792,0.1109274551,0.07937127352,-0.0771317482,-0.1326809824,-2.453926563,-0.5004133582,-0.7228298923,-0.08037707201,-0.03099598491
2.554182792,0.1106610894,0.09341037273,-0.0418484807,-0.1566313207,-2.381951094,-0.4741722345,-0.7475103344,-0.07818431044,-0.03555838535
2.564238792,0.1248532683,0.05843055248,-0.02946031094,-0.2023627758,-2.289475203,-0.4453718662,-0.7713475571,-0.07633484033,-0.04022998208
2.574294792,0.1330941319,0.02343988419,-0.0119856596,-0.06312632561,-2.192113161,-0.4456448555,-0.7942263448,-0.07420271137,-0.04438684429
2.584350792,0.09776997566,0.05078786612,0.1140850782,0.1369523555,-2.123399496,-0.4410466552,-0.816085439,-0.07068164961,-0.0472357063
2.594405792,0.07958082855,0.07564085722,0.1628086567,0.1515595168,-2.091453552,-0.4274264574,-0.8373645785,-0.06639880429,-0.04901818834
2.604461792,0.09796863794,0.05428177118,0.1608384848,0.09339466691,-2.079777241,-0.4464389086,-0.8584151217,-0.06225566042,-0.05094971309
2.614517792,0.1194727123,-0.02314037085,0.1643456221,-0.08496867865,-2.084460258,-0.4857165515,-0.8795788192,-0.05868196991,-0.05404559243
2.624573792,0.1258229911,-0.04367536306,0.1063625813,-0.1092666984,-2.055449963,-0.5130027533,-0.9006180924,-0.05548617098,-0.05811485257
2.634629792,0.1142411232,-0.01950848103,0.07372426987,-0.01629308052,-2.019545794,-0.5195503831,-0.9213281469,-0.05174072294,-0.06175918389
2.644685792,0.1052865088,0.0003002882004,0.05485856161,0.0858027935,-2.009426117,-0.4960655868,-0.9417040818,-0.04748281363,-0.06452994713
2.654741792,0.10698466,-0.03924906254,0.04796361923,0.1295862198,-1.983045697,-0.462192297,-0.9618806902,-0.04283752229,-0.06634847052
2.664796792,0.09298619628,-0.09930062294,0.1084866524,0.1972851455,-1.899152517,-0.4507419169,-0.9815260243,-0.03823276412,-0.06774396593
2.674852792,0.04742386937,-0.1509245038,0.2010686398,0.248297736,-1.816524386,-0.3789143264,-1.000169031,-0.0334904065,-0.06810293344
2.684908792,0.02302351594,-0.1219387054,0.1889200211,0.3232313693,-1.726339698,-0.2941806912,-1.018024982,-0.02914729227,-0.06754400632
2.694964792,0.02340938151,-0.148984015,0.1262283325,0.3780637085,-1.615963936,-0.2527624071,-1.034721795,-0.02484726636,-0.06568228402
2.705020792,0.03139251471,-0.2076293826,0.1314702034,0.3200701773,-1.512137413,-0.214140296,-1.050453893,-0.02114581303,-0.06393972196
2.715076792,0.03862190247,-0.2181532979,0.05589020252,0.2737783194,-1.46604526,-0.2159680277,-1.06538955,-0.01772471464,-0.06236214827
2.725132792,0.06135094166,-0.1930869222,0.02783096023,0.2146881074,-1.449349642,-0.2000194192,-1.079983227,-0.01470312583,-0.06126569504
2.735187792,0.08950728178,-0.2030882239,0.06532239914,0.1071408838,-1.5064044,-0.1668199152,-1.094823541,-0.01220308942,-0.0604690054
2.745243792,0.1389049739,-0.1680781841,0.1181274652,-0.1091754362,-1.602767944,-0.1649369448,-1.110432395,-0.01076005653,-0.06125338532
2.755299792,0.1998469085,-0.1206725836,0.1117500067,-0.3513180614,-1.736535311,-0.1630889773,-1.12723837,-0.01028209577,-0.06402239883
2.765355792,0.2442610562,-0.0888608098,0.09098613262,-0.4740425348,-1.860082388,-0.1928757578,-1.145360937,-0.01044915002,-0.06859660678
2.775411792,0.2327248752,-0.003347098827,0.09629678726,-0.5215570331,-2.001276731,-0.2281663716,-1.164850915,-0.01056161217,-0.07406559115
2.785467792,0.1870478243,0.1131439209,0.04100669175,-0.4615710676,-2.044784069,-0.2411748171,-1.185286404,-0.01028308165,-0.079607542
2.795523792,0.1318783313,0.1032479405,-0.004003047943,-0.3516949117,-2.031563044,-0.2454918027,-1.205853454,-0.009467873764,-0.08429364779
2.805578792,0.07197315991,0.07564109564,0.01937317103,-0.1678524762,-1.944818139,-0.2330848128,-1.225899417,-0.008141987752,-0.08765427123
2.815634792,0.01903253794,0.1173704863,0.07298898697,0.03414936364,-1.848540664,-0.1556605995,-1.24495424,-0.006528635187,-0.0889188307
2.825690792,-0.01327030361,0.09789562225,0.04878723621,0.2263249755,-1.783417583,-0.1098056361,-1.263220389,-0.004834899826,-0.08800533217
2.835746792,-0.03648193181,0.02876675129,0.005939595401,0.2871659696,-1.701752305,-0.06724219769,-1.280712421,-0.003205466402,-0.08565209922
2.845802792,-0.07413743436,-0.03190886974,0.04807589948,0.1877989769,-1.657600522,-0.03501075879,-1.297610034,-0.00200698041,-0.08338807727
2.855858792,-0.09025429189,-0.03102439642,0.06054604053,0.003686929587,-1.65338695,0.0002737307223,-1.31415425,-0.001590372838,-0.08248785513
2.865914792,-0.07365642488,-0.06847810745,0.03245473653,-0.1389113665,-1.71368289,0.01144055184,-1.331061626,-0.001830635797,-0.08309427522
2.875969792,-0.04061032832,-0.1039516926,-0.02245224267,-0.2289049029,-1.757387757,0.03191892803,-1.348513915,-0.002478312778,-0.08491571038
2.886025792,-0.002468660474,-0.05094045401,-0.07619929314,-0.1715540439,-1.851814508,0.02563671768,-1.366636485,-0.003197685654,-0.0869088858
2.896081792,0.04186220467,-0.03223770857,-0.122155793,-0.1244318038,-1.967125654,0.03076703101,-1.38584394,-0.003725824162,-0.08822727134
2.906137792,0.07202532887,-0.07642251253,-0.06459404528,-0.1892307252,-2.045630932,0.05615449324,-1.406048191,-0.004443509358,-0.08970304966
2.916193792,0.09983710945,-0.109421432,-0.001851782203,-0.2470591366,-2.078747034,0.106509544,-1.426771853,-0.005592887785,-0.09177454924
2.926249792,0.1246087551,-0.09207463264,0.03001725674,-0.2852522135,-2.136486053,0.1297660619,-1.448003459,-0.007163391253,-0.09420641856
2.936305792,0.1435835361,-0.1024320722,0.04971206188,-0.4649013281,-2.171808243,0.1324265599,-1.469724484,-0.008853819057,-0.09776452707
2.946360792,0.1560386121,-0.1340398788,0.07109795511,-0.646794796,-2.186533689,0.1338383704,-1.491674984,-0.01078068923,-0.103234769
2.956416792,0.1126651466,-0.08962130547,0.1185396761,-0.6897084117,-2.21065402,0.09003123641,-1.513931207,-0.01236996292,-0.1099752303
2.966472792,0.07207718492,0.04752963781,0.07736861706,-0.6256357431,-2.192321777,0.07494005561,-1.536219033,-0.01348864812,-0.11661298
2.976528792,0.06553630531,0.03671187162,0.05206976831,-0.5803052783,-2.128555059,0.03623474017,-1.558048705,-0.01414376271,-0.1226434779
2.986584792,0.07283359766,0.004527032375,0.09164060652,-0.494658798,-2.050434589,0.02753661759,-1.579134385,-0.01449164597,-0.1280798599
2.996640792,0.0634316057,0.07018113136,0.1265235096,-0.3092529774,-1.975795627,0.04568046704,-1.599459462,-0.01469609319,-0.1321487782
3.006696792,0.06697145104,0.08366560936,0.1126451641,-0.2851060331,-1.932888865,0.05254010484,-1.619220692,-0.01519170991,-0.1351184062
3.016751792,0.05430365354,0.01942515373,0.1092750877,-0.4647516906,-1.860572219,0.05412761495,-1.638393534,-0.01551011233,-0.1387895829
3.026807792,0.02465286106,-0.008261561394,0.1134034246,-0.5594608784,-1.748131394,0.0489544794,-1.6566908,-0.01566260074,-0.1440921762
3.036863792,-0.03271205723,0.02298682928,0.03794917464,-0.5277357101,-1.665067077,0.002560081193,-1.673886129,-0.01538741656,-0.1495378149
3.046919792,-0.05559495836,0.07835000753,0.01080396771,-0.5599300265,-1.638979912,-0.01642969437,-1.690586713,-0.0147134594,-0.1549750498
3.056975792,-0.05192504823,0.04387044907,-0.01412571967,-0.6530088782,-1.618321776,-0.00819440186,-1.707011021,-0.01379241561,-0.160948761
3.067031792,-0.05703301728,-0.0180298686,-0.03938350081,-0.6690424681,-1.560688615,-0.05564692616,-1.723058128,-0.01249432976,-0.1675369324
3.077088417,-0.05997355282,0.003709197044,-0.0326860249,-0.7009578347,-1.589341283,-0.06134076416,-1.738964796,-0.01076152873,-0.1743794703
3.087143417,-0.02967023104,0.06489896774,-0.08205741644,-0.6158176064,-1.635813713,-0.06988524646,-1.755231155,-0.008945783563,-0.1807635143
3.097199417,-0.02976296097,0.02688360214,-0.0778876543,-0.5870482922,-1.647752404,-0.08679792285,-1.771807916,-0.006980916253,-0.1864807136
3.107255417,-0.04621788114,-0.02801859379,-0.08540126681,-0.5260805488,-1.60538733,-0.1369910538,-1.788195928,-0.004698206256,-0.1917891487
3.117311417,-0.03369117528,-0.07540124655,-0.05935677886,-0.3769824207,-1.550282001,-0.1365585476,-1.804028612,-0.002287606976,-0.1958071608
3.127367417,0.01647036523,0.0369322896,0.01189848781,-0.1586767286,-1.549464703,-0.06958085299,-1.819611306,-0.0006053541343,-0.1982607824
3.137423417,0.07355450839,0.09820353985,-0.007946282625,0.01194055378,-1.555131078,-0.004663903266,-1.835227226,-0.0001513031828,-0.1987160837
3.147479417,0.08871385455,-0.02522754669,0.006616830826,0.01507402956,-1.510681391,0.0007031654241,-1.850671615,-0.0002234316908,-0.1985551272
3.157535417,0.07215823233,-0.04788511992,0.002597242594,0.1733685434,-1.411425233,-0.01387718879,-1.865376404,-0.0004412991628,-0.1977213924
3.167590417,0.06787261367,0.004239141941,0.0501589179,0.2627512217,-1.330521464,-0.02031639218,-1.879144343,-0.001027629213,-0.195402528
3.177646417,0.1067664847,0.04450362921,0.06000849605,0.05745215714,-1.268028021,-0.05315823108,-1.892204607,-0.001272973235,-0.1934871929
3.187702417,0.1265548468,-0.01735037565,0.130124718,-0.2930676639,-1.233616829,-0.1222139969,-1.904828259,-4.57E-05,-0.1943640184
3.197758417,0.03456820548,-0.02939039469,0.1761525869,-0.2702307999,-1.1483109,-0.1744732112,-1.916866986,0.002500499173,-0.1969700303
3.207814417,-0.03222624958,0.02464401722,0.2368005216,-0.05853813887,-1.106415868,-0.1442230344,-1.928158608,0.004622891257,-0.1979275677
3.217870417,0.002234563231,0.1136924028,0.2608520687,0.3316024542,-1.058131695,-0.07636328042,-1.939061746,0.005203065051,-0.1962771742
3.227926417,0.05235898867,0.056838274,0.1978309751,0.5710833073,-0.9785468578,-0.0524744615,-1.949368623,0.004103142096,-0.1917649877
3.237981417,-0.008255530149,-0.01119410992,0.1987666786,0.8469092846,-0.8474692702,-0.01830930263,-1.958591289,0.001754847436,-0.1850258162
3.248037417,-0.04500605538,-0.02590566874,0.1764958203,1.027107835,-0.7283883095,-0.004914639518,-1.966515646,-0.001866409298,-0.1761212682
3.258093417,-0.04396426678,-0.04480934143,0.1302891374,0.7816941142,-0.6150326729,-0.02108348906,-1.973215745,-0.005401070674,-0.1674105094
3.268149417,-0.0100704506,-0.0677767396,0.1734189689,0.3230850399,-0.5287245512,-0.02150866389,-1.978936163,-0.007378230917,-0.162221221
3.278205417,0.003857649863,-0.08158093691,0.211149171,0.06154104322,-0.3863596916,0.007533374708,-1.98353143,-0.008020341213,-0.1606310952
3.288261417,-0.002941571176,-0.08042800426,0.3414447308,0.1247133464,-0.3289083838,-0.004748911131,-1.987064703,-0.008399508731,-0.1598645528
3.298317417,0.004617333412,0.04875272512,0.416836977,0.3293519914,-0.2904978693,-0.02284775302,-1.990170764,-0.009136631688,-0.1578245184
3.308372417,0.07709447294,0.09493005276,0.3001478016,0.614607811,-0.24110277,-0.04098657146,-1.992836812,-0.01080326658,-0.1533567096
3.318428417,0.08332461119,0.02946931124,0.2342763841,0.773026526,-0.1411050707,-0.07189175487,-1.994677205,-0.01320347377,-0.1466492469
3.328484417,0.03687816486,-0.02426809072,0.2913234532,0.6231762767,-0.02222582512,-0.05108543485,-1.995410664,-0.01557657187,-0.1397531219
3.338540417,0.0622192584,-0.07918292284,0.3053104877,0.2984243035,0.0789212957,-0.01077263523,-1.995032546,-0.01719775317,-0.1354268595
3.348596417,0.05432204157,-0.08879572153,0.2687842846,0.09329097718,0.1498318166,0.002795078559,-1.993854333,-0.01793149612,-0.1337806241
3.358652417,-0.04441885278,-0.08971679211,0.1587269306,0.1253751516,0.2368551344,-0.01365899667,-1.991906117,-0.01829971028,-0.1328733424
3.368708417,-0.1119002253,-0.06006628275,0.1057290137,0.269261688,0.2811678648,-0.0336416252,-1.989229946,-0.01888700761,-0.1310051549
3.378763417,-0.1189795136,0.01044768095,0.1796603203,0.3090285361,0.2617909908,0.001525949105,-1.986405192,-0.01987788637,-0.1282439177
3.388819417,-0.09637072682,0.005738377571,0.2145341486,0.3331158757,0.2442170382,0.04413125291,-1.983851429,-0.02140544217,-0.1254107061
3.398875417,-0.09699584544,-0.0695092082,0.06417511404,0.3398686051,0.2688888609,0.03811011091,-1.981180958,-0.02314705057,-0.1225164836
3.408931417,-0.1045457125,-0.02834385633,-0.01612710953,0.3335050642,0.2275059819,0.0217341762,-1.978565392,-0.02477647943,-0.1194823377
3.418987417,-0.04954824224,0.01128524542,-0.0566393435,0.1986159384,0.174808681,0.04234384745,-1.976492874,-0.02612488348,-0.1170655723
3.429043417,0.00592167303,0.0005708932877,-0.03024065495,0.0107315667,0.1603968441,0.09192271531,-1.97483101,-0.0271141442,-0.1164708283
3.439099417,0.02493364364,-0.01987415552,-0.06197714806,-0.04880233109,0.1925361454,0.1059695557,-1.973070168,-0.02793148053,-0.1171456445
3.449155417,0.008574213833,0.01159769297,-0.05460321903,0.0702990666,0.2085802257,0.09144678712,-1.971073178,-0.02890603882,-0.1174888762
3.459210417,-0.01252617687,0.01076835394,-0.01260173321,0.1663286686,0.2248129845,0.06092855334,-1.968826394,-0.0300607726,-0.1166950145
3.469266417,0.01251288503,0.02394062281,0.004363059998,0.2536578476,0.21706599,0.02864361368,-1.966525457,-0.03130584994,-0.1149223098
3.479322417,0.04364736378,0.05233579874,-0.05061364174,0.3392318785,0.1987048239,0.006751364097,-1.964351056,-0.03261611024,-0.1122196924
3.489378417,0.0286777392,0.02883273363,-0.05575276911,0.3026426136,0.1574588567,-0.02415515296,-1.962477371,-0.03379986675,-0.1091255168
3.499434417,0.03270326555,0.04926878214,-0.02696096897,0.1319712698,0.07361960411,-0.02358177491,-1.961231106,-0.0343979331,-0.1070227283
3.509490417,0.06259328127,0.02420204878,-0.06302022934,-0.07629290223,0.03227829561,-0.004800629802,-1.960717959,-0.03437517692,-0.106710581
3.519546417,0.04800234735,-0.02941530943,-0.06190192699,-0.1535887569,0.04363134876,0.03093446419,-1.960411949,-0.03396463252,-0.1079694444
3.529601417,0.0261234194,-0.02586781979,-0.04469549656,-0.08660568297,0.07581684738,0.05774751306,-1.95987403,-0.03390621508,-0.1093307004
3.539657417,0.01547601074,-0.03114712238,-0.02002717555,0.06318487972,0.1348561943,0.08998215199,-1.958832779,-0.03454738476,-0.1097458848
3.549713417,0.001796647906,-0.0576762557,0.007695645094,0.231309697,0.1744728535,0.1053452864,-1.95722779,-0.03601639919,-0.1087781574
3.559769417,-0.02335683629,-0.04605805874,0.03525300324,0.3476975858,0.1992916465,0.09540690482,-1.955242945,-0.03819882217,-0.1063529557
3.569825417,-0.04214453697,-0.03006881475,0.08612036705,0.4218708873,0.2366656661,0.08812251687,-1.952946195,-0.0406243347,-0.1029061874
3.579881417,-0.03875663504,-0.07091844082,0.1538449377,0.335973531,0.2522717714,0.1172559038,-1.950362747,-0.04308380827,-0.09969333927
3.589937417,-0.01736762375,-0.07497954369,0.1277126223,0.235473603,0.2825869322,0.1465479881,-1.947577359,-0.04535594931,-0.09756808808
3.599992417,0.001540590078,-0.0370066762,0.121131286,0.1886709481,0.3254065514,0.1793557256,-1.944480928,-0.04761581769,-0.09624608648
3.610048417,0.02204028517,-0.07263100147,0.1557972431,0.1638287902,0.4201964736,0.2236329168,-1.94073969,-0.05011417168,-0.09537235426
3.620104417,0.02863260731,-0.08771103621,0.2249994278,0.1996230185,0.6137992144,0.2823694646,-1.935550461,-0.0530386169,-0.0945829309
3.630160417,0.04899148643,-0.09414875507,0.3592407703,0.2690529823,0.8849847913,0.3787737489,-1.928006997,-0.05696238716,-0.09357383132
3.640216417,0.0686108768,-0.1250190735,0.4330602884,0.4264854789,1.146949053,0.4479224682,-1.917625224,-0.06207642172,-0.0917264544
3.650272417,0.05641235784,-0.10784477,0.4495860338,0.7067846656,1.335890293,0.4359876812,-1.904827557,-0.06825287132,-0.08790963368
3.660328417,0.000626064837,-0.05352818966,0.4378807545,0.8900796771,1.449504972,0.3656147122,-1.890318975,-0.07469861956,-0.08157539139
3.670383417,-0.01368575543,0.01097762585,0.3579890728,0.9566386938,1.500587463,0.31112656,-1.874864773,-0.08080826648,-0.07372749285
3.680439417,-0.008053004742,0.04511415958,0.2971292734,0.9184476137,1.548445821,0.2264436185,-1.858842683,-0.08615892304,-0.06543396366
3.690495417,-0.006008416414,0.04615819454,0.325730443,0.7004899979,1.525592923,0.1511472613,-1.842717171,-0.09022284817,-0.05804589994
3.700551417,0.01247775927,0.09203314781,0.3009353876,0.5993207693,1.535835981,0.1221696734,-1.826888339,-0.09312982128,-0.05234687147
3.710607417,0.0120029375,0.08577936888,0.1275130659,0.8066731691,1.600990295,0.08786403388,-1.810547509,-0.09585116277,-0.04599004983
3.720663417,-0.04941128194,0.1067587733,0.0645750761,1.231950641,1.668952346,0.03511932865,-1.793173081,-0.09872835034,-0.03627806099
3.730719417,-0.1018261909,0.1951534748,0.08584523201,1.823731899,1.803250551,-0.0008494041394,-1.774282419,-0.102118372,-0.02125199479
3.740774417,-0.1066869646,0.2015630603,0.1295540333,2.337849617,1.985613704,-0.0369352363,-1.753056457,-0.105969615,-0.0005119916618
3.750830417,-0.09966774285,0.1207765937,0.2506576777,2.577299595,2.121657372,-0.05807948485,-1.729660064,-0.1096557346,0.02434949458
3.760886417,-0.08229781687,0.1072483063,0.3607198596,2.453053474,2.220532894,-0.09264145792,-1.704966303,-0.112632318,0.04967545791
3.770942417,-0.04535093904,0.1076494455,0.2591179609,2.091181278,2.210927248,-0.1828823686,-1.679970843,-0.1140533206,0.07280152566
3.780998417,0.0009449534118,0.03797399998,0.1710573435,1.62430203,2.086208344,-0.2657663226,-1.656192825,-0.1136465736,0.0917187311
3.791054417,0.009651590139,-0.02306854725,0.02506477386,1.196162462,1.999947429,-0.3353611529,-1.634128333,-0.1116884839,0.1060182118
3.801110417,0.02862615138,-0.002948582172,-0.0665698573,0.7538458109,1.925920486,-0.3655765653,-1.613289921,-0.1086684919,0.1160773609
3.811166417,0.07239317149,-0.03215646744,-0.04544860125,0.5059258342,1.859872937,-0.3407594264,-1.593610639,-0.105342933,0.1223046442
3.821221417,0.1143289208,-0.05435281992,-0.06308382004,0.4482087195,1.747179151,-0.3704294562,-1.574981675,-0.1018319215,0.1270570285
3.831277417,0.1183467209,-0.03477889299,-0.1262871623,0.4972821772,1.679572225,-0.3794278502,-1.557312311,-0.09804620599,0.1318431951
3.841333417,0.1013678461,-0.01007312536,-0.1584414244,0.5163354874,1.671582103,-0.3654459715,-1.54001396,-0.09418066448,0.1368834455
3.851389417,0.07550223172,-0.03476822376,-0.06020581722,0.4235065281,1.699711442,-0.3731386065,-1.522643928,-0.09025495563,0.1415568191
3.861445417,0.06051257625,-0.05732035637,0.09230135381,0.2207483649,1.785537601,-0.3659177125,-1.504875355,-0.08637508925,0.1446461851
3.871501417,0.07104440778,-0.06161379814,0.1743733883,0.1254119873,1.902503371,-0.3414639831,-1.486285385,-0.08270425638,0.1458444482
3.881557417,0.1166723445,-0.05226755142,0.09228801727,0.2465482652,1.917508721,-0.3650662601,-1.466854452,-0.07904665396,0.1473283296
3.891612417,0.1349730492,0.03844887018,0.02027726173,0.3090863526,1.855987191,-0.3446574509,-1.447630313,-0.07511838337,0.1498432758
3.901668417,0.1528204381,0.04131925106,-0.04273676872,0.1571319699,1.78958869,-0.3508498371,-1.429106037,-0.07132448897,0.1518366336
3.911724417,0.1418289244,-0.07120978832,-0.008567467332,-0.08705677837,1.682824254,-0.3948134482,-1.411645659,-0.06757800704,0.1516690836
3.921780417,0.1153096631,-0.08572268486,0.04831326008,-0.3130944371,1.700387001,-0.394404918,-1.394947019,-0.06397977522,0.1489099571
3.931836417,0.07437443733,-0.04458087683,0.1658733487,-0.3845354617,1.848276019,-0.380654633,-1.377409266,-0.06082807036,0.1446490611
3.941892417,0.04178737849,-0.02037036419,0.2938032746,-0.324419409,2.033741474,-0.3638628721,-1.358164634,-0.05788097984,0.1402136721
3.951948417,0.06956922263,0.02959781885,0.2492792606,-0.04228513315,2.224171162,-0.3408775628,-1.336899031,-0.05489437636,0.1375335252
3.962004417,0.08322685212,0.0648804903,0.2117110342,0.1662742049,2.34153223,-0.3442360759,-1.313912895,-0.05133519136,0.1373821791
3.972059417,0.1063672751,0.09525543451,0.1543183774,0.1859349906,2.341122627,-0.3267832398,-1.29032357,-0.04762769405,0.1382616563
3.982115417,0.1246189922,0.01169079542,0.1071691513,-0.02350026183,2.259518147,-0.3654627502,-1.267197308,-0.0440253898,0.1381498573
3.992171417,0.1165727526,-0.06030040979,0.1026633531,-0.2923177779,2.176092148,-0.4123744071,-1.245020668,-0.04082361922,0.1352530867
4.002227417,0.09688046575,-0.0707321763,0.05651230365,-0.4028109908,2.105793715,-0.4268963635,-1.223722749,-0.03798016756,0.1304758737
4.012283417,0.09438498318,0.02728372812,-0.03029011935,-0.3914240301,2.066857815,-0.4338374138,-1.202942749,-0.03535859406,0.1251455764
4.022339417,0.1078332439,0.05132305622,-0.09129630029,-0.3107843101,1.989644647,-0.4868580401,-1.182662599,-0.0324261926,0.1200394146
4.032395417,0.1118322685,0.01551020145,-0.1818089485,-0.281265229,1.867646813,-0.5175771713,-1.163498893,-0.02885702459,0.1153733556
4.042450417,0.1168008745,0.09284615517,-0.2686153054,-0.319368124,1.821028471,-0.5492027402,-1.145154105,-0.02520581352,0.1103596682
4.052506417,0.1063964665,0.06926965714,-0.2523398995,-0.3865382075,1.822737694,-0.5836024284,-1.126981372,-0.02159040679,0.1047368557
4.062562417,0.08127369732,-0.01429975033,-0.2433981448,-0.2767933309,1.905310631,-0.6492539048,-1.108488096,-0.01752475645,0.09896866854
4.0726185,0.03835904598,0.1237915158,-0.1213260219,-0.4097535014,1.894359946,-0.6412314177,-1.089288095,-0.01318422778,0.0929218417
4.0826745,0.03333467245,0.3001339436,0.03913623095,-0.2357769161,1.824106336,-0.6421092153,-1.070632219,-0.009144068386,0.08689668626
4.0927305,0.05097255856,0.00465130806,-0.0721501112,-0.371212393,1.818029881,-0.6695666909,-1.052371089,-0.004764842924,0.08116712967
4.1027865,0.04794918001,-0.0261567235,-0.04321986437,-0.5585111976,1.866435289,-0.6850708127,-1.033866171,-0.001257435471,0.07365918352
4.1128415,0.0616966188,0.06950813532,-0.05120562762,-0.5229361653,1.803882122,-0.6869398355,-1.01535383,0.001887038702,0.0654071762
4.1228975,0.1109064892,0.08166092634,-0.09609483182,-0.5208447576,1.678784132,-0.7276462317,-0.997797755,0.005113282101,0.05720821268
4.1329535,0.1291641444,0.0719845891,-0.1628881097,-0.4325242937,1.628048897,-0.741925478,-0.9810913976,0.008565781475,0.04901572809
4.1430095,0.1057828516,0.07885575294,-0.1286703348,-0.3214848638,1.566613674,-0.7604789138,-0.9649363572,0.01269103997,0.0417763386
4.1530655,0.05403856933,0.03273934126,-0.03056424856,-0.3836882114,1.562091112,-0.7835458517,-0.9491810339,0.01707559035,0.03440313885
4.1631215,0.01668728888,0.006598830223,0.01623732597,-0.2553382218,1.599343419,-0.7462362647,-0.9331445013,0.02141266294,0.02713547014
4.1731775,0.009547576308,0.04369944334,-0.03186727315,-0.1361760795,1.554381013,-0.7154175043,-0.9170696516,0.0261436341,0.02118903076
4.1832335,0.01764316857,0.04626071453,-0.04150396585,-0.05169421434,1.504197717,-0.7022383213,-0.9015645857,0.03120996178,0.0160886486
4.1932885,0.007833912969,-0.09303987026,-0.0358902216,-0.1246192008,1.524297357,-0.6643710732,-0.8861685593,0.03610612187,0.01114783869
4.2033445,0.0008106529713,-0.1686656475,0.03778917342,-0.2746012509,1.582972169,-0.6311444044,-0.8703596783,0.03982158386,0.005422414479
4.2134005,-0.00912104547,-0.1401259899,0.1634749174,-0.4259828627,1.736211538,-0.582855463,-0.8534532441,0.04214055029,-0.001198331693
4.2234565,-0.02409747243,-0.1385443211,0.312582314,-0.4608899951,1.928354263,-0.525393784,-0.8347208066,0.0432257073,-0.008431102674
4.2335125,0.004360809922,-0.1099465489,0.2413849384,-0.2064948976,2.086515665,-0.4815169275,-0.8142082209,0.04457284506,-0.01445264557
4.2435685,0.05780500174,0.04278498888,0.1785376072,-0.02022035606,2.145849466,-0.4656588733,-0.7926266818,0.04735247053,-0.01843560797
4.2536245,0.1108340323,0.1121608019,0.2063868046,-0.05860494077,2.098214149,-0.4345736504,-0.7711148808,0.05026082996,-0.02191664037
4.2636805,0.1566855311,-0.03067004681,0.177668035,-0.1628599614,1.998149633,-0.4031728506,-0.7503350729,0.0524380519,-0.02569945737
4.2737355,0.1561969072,-0.1262646914,0.2015006542,-0.4073769152,1.923808694,-0.383736968,-0.7305039672,0.05294962316,-0.03054958147
4.2837915,0.1024713069,-0.1276366115,0.2365466952,-0.6179301739,2.013498783,-0.355995357,-0.7104493831,0.05146174145,-0.03684821907
4.2938475,0.04447497427,-0.1629369855,0.3008701205,-0.6390756369,2.150238276,-0.2917318344,-0.6891746131,0.04865142994,-0.04354482454
4.3039035,0.03069147468,-0.1412260532,0.2594559193,-0.5350916982,2.268175364,-0.2323715836,-0.6666658276,0.04559970493,-0.0493778574
4.3139595,0.06749261916,-0.05460101366,0.06738521159,-0.1447441727,2.360192299,-0.1711930931,-0.6432155983,0.04395772505,-0.053308984
4.3240155,0.1311579496,0.02564519644,-0.1177125946,0.1706944704,2.287667036,-0.1609484404,-0.6196557265,0.04517129006,-0.05437441432
4.3340715,0.1582573652,0.04895764589,-0.1147956699,-0.002601415152,2.063300371,-0.1731563807,-0.5977220585,0.04709524373,-0.05518175859
4.3441265,0.1964331865,-0.1227073073,-0.0913272649,-0.438283354,1.775187612,-0.1645969748,-0.5783949426,0.04603936799,-0.05798403935
4.3541825,0.2093369812,-0.2562314272,-0.09943825006,-0.7690474391,1.587769389,-0.1439050883,-0.5613549444,0.04167754147,-0.06264179973
4.3642385,0.1478665173,-0.1673319936,-0.05469191074,-0.8642088175,1.564665437,-0.1005957052,-0.5454113954,0.03523069391,-0.06812909366
4.3742945,0.07611604035,-0.07881903648,-0.1172457337,-0.6579188108,1.615731239,-0.02964509837,-0.5292641962,0.02881871825,-0.07274540866
4.3843505,0.09826827049,-0.03185772896,-0.3438572288,-0.3103382289,1.594748974,0.02504877187,-0.5130142955,0.02464431853,-0.07511622378
4.3944065,0.1489129364,0.06816959381,-0.371545136,-0.2090920955,1.453888774,0.01719870418,-0.4975841516,0.02239928244,-0.07607596002
4.4044625,0.1593230814,0.05223840475,-0.2942038774,-0.3507024944,1.272700071,-0.02564303391,-0.4838658968,0.02001840868,-0.07739150268
4.4145185,0.1285921335,-0.05969572067,-0.2075556517,-0.5640221238,1.159759045,-0.06019371375,-0.4716550344,0.01619474359,-0.07985362752
4.4245735,0.07464417815,-0.03668737411,-0.1198736355,-0.8084151149,1.128585458,-0.1094171852,-0.4601564671,0.01042809947,-0.08370855195
4.4346295,0.04614555836,0.0699505806,-0.04763567448,-0.8963255286,1.159435511,-0.1233829111,-0.4486477617,0.003062505199,-0.08865128204
4.4446855,0.03578664362,0.124745369,-0.04565405846,-0.7323839664,1.224030256,-0.1132575721,-0.4366558625,-0.003909458246,-0.09330778096
4.4547415,0.03125707805,0.1620543003,-0.07108741254,-0.4400882423,1.296187997,-0.0744279623,-0.4240193795,-0.008869703161,-0.09658023638
4.4647975,0.02026548982,0.2010125518,-0.04683803767,-0.2284116745,1.406980038,-0.08408299088,-0.4105420166,-0.01149904785,-0.09868259631
4.4748535,0.01210303605,0.1815739274,-0.0005127266049,-0.1196261719,1.435171723,-0.08140023053,-0.3963493547,-0.0126314626,-0.100182037
4.4849095,0.03440156579,0.1070122123,0.05396854877,-0.1462047845,1.440228224,-0.1230004057,-0.3818202049,-0.01342104638,-0.1015844047
4.4949645,0.02901341021,0.03583961725,0.1364964843,-0.2676415443,1.404440641,-0.1510091275,-0.3675218635,-0.01485618593,-0.103611674
4.5050205,0.04200099409,0.03601837158,0.1406450868,-0.4565499425,1.392786622,-0.1938764304,-0.3534880893,-0.01777374902,-0.1065786043
4.5150765,0.04352074862,0.01721698046,0.1427925229,-0.4612925649,1.399776816,-0.1970249116,-0.3395455817,-0.02149383404,-0.1100547419
4.5251325,0.04644711316,0.02055066824,0.1028079465,-0.3312482834,1.397258997,-0.1776794493,-0.3255332488,-0.02471220181,-0.1132058702
4.5351885,0.06019055843,0.05981987715,0.03488726169,-0.1674341708,1.363935471,-0.1623747647,-0.3116995466,-0.02658074282,-0.1156292735
4.5452445,0.07600241899,0.06483620405,-0.001397795975,0.01167672314,1.291537166,-0.1731301993,-0.2983582638,-0.02678730713,-0.1174599213
4.5553005,0.07244211435,0.04252284765,-0.01883244514,0.1114118397,1.204960704,-0.189731285,-0.2858496629,-0.02563054764,-0.1190385147
4.5653565,0.07572256029,0.03420454264,-0.05309700966,0.09063438326,1.108006477,-0.2034734637,-0.2742566502,-0.02401589459,-0.1206258326
4.5754115,0.07970879972,0.009776115417,-0.0635207817,-0.0035104407,1.01875484,-0.2446620911,-0.2636407886,-0.02299779306,-0.1226858681
4.5854675,0.0688046813,-0.04334998131,-0.0275015831,-0.1204218864,0.9848719835,-0.2635846734,-0.2536236479,-0.02298806842,-0.1253606976
4.5955235,0.05304399133,-0.04582321644,0.01167970896,-0.1553703994,0.9612442851,-0.2423563451,-0.2439125004,-0.02383631648,-0.128257301
4.6055795,0.0707463026,0.001628339291,-0.08291924,0.01929354109,0.9292826653,-0.1806367934,-0.2344704318,-0.02405932349,-0.1305198979
4.6156355,0.09791311622,0.057903409,-0.1334405541,0.2805705369,0.8866029382,-0.1440066993,-0.2253935433,-0.02227651157,-0.1317829901
4.6256915,0.08680061996,0.07397776842,-0.1541908532,0.4683337808,0.8675666451,-0.1077389717,-0.2165807554,-0.01824506612,-0.1321895111
4.6357475,0.08661296964,0.03885751963,-0.1796345711,0.4555443525,0.848931551,-0.08950737119,-0.2079414432,-0.01326881576,-0.132079472
4.6458025,0.08402138948,-0.05884408951,-0.145084396,0.1392801404,0.8141541481,-0.0850937143,-0.1995880477,-0.01007433983,-0.132311715
4.6558585,0.09572692215,-0.1560730338,-0.1068743467,-0.2207758278,0.7542454004,-0.1023143753,-0.1917407682,-0.01030401749,-0.1333132923
4.6659145,0.09738832712,-0.136030674,-0.09899379313,-0.3606844842,0.6923684478,-0.07342626899,-0.1844716868,-0.01314667786,-0.1348036732
4.6759705,0.1068619341,0.006653130054,-0.1591224223,-0.2679949999,0.6418514848,-0.05838415027,-0.1778597169,-0.01625916566,-0.1360457952
4.6860265,0.08727368712,0.08756941557,-0.1762956381,-0.08160168678,0.6232607961,-0.05148682743,-0.1715066531,-0.0178987011,-0.1368807805
4.6960825,0.07584318519,0.09256738424,-0.1788736582,0.05873562396,0.5982704759,-0.04167446494,-0.1653667096,-0.01789763789,-0.1373665014
4.7061385,0.07798312604,0.07604974508,-0.1293019652,0.1252440661,0.5420356989,-0.03303543851,-0.1596066718,-0.01687187182,-0.1375782356
4.7161945,0.06295146048,0.04224842787,-0.0743021369,0.05466768891,0.4815226793,-0.04895658419,-0.154462512,-0.01585017517,-0.1378131312
4.7262495,0.04513008893,0.0020840168,-0.04450066388,-0.04261971265,0.4253062904,-0.0664921701,-0.149938986,-0.01573500797,-0.1384021808
4.7363055,0.03621995449,-0.01466137171,-0.03065954894,-0.1149086952,0.3715702295,-0.08039820939,-0.1459346151,-0.01644446257,-0.1392639407
4.7463615,0.03332546353,0.01595032215,-0.02012598515,-0.1263909042,0.330142349,-0.07809404284,-0.1424404352,-0.01755990438,-0.1402219103
4.7564175,0.02104373276,0.008642077446,-0.01681351662,-0.1143830717,0.3353562653,-0.08515222371,-0.1391418351,-0.018625094,-0.1412049174
4.7664735,0.007075384259,-0.02091538906,0.002737268806,-0.1204311103,0.3663999438,-0.07364097238,-0.1356406426,-0.0196882278,-0.1421645619
4.7765295,0.005568102002,-0.01678842306,0.03591454029,-0.134681195,0.3816072643,-0.0683792904,-0.1318750414,-0.02081994075,-0.1430405412
4.7865855,0.01709914207,-0.009501993656,0.01289187372,-0.1284195781,0.4006177187,-0.05848430842,-0.1279723738,-0.02208960579,-0.1438399227
4.7966415,0.01950792968,-0.0307174921,0.004164882004,-0.1021333262,0.4381151497,-0.05749039352,-0.1237708781,-0.0231349823,-0.1445600374
4.8066965,0.009342119098,-0.01943820715,0.02174828947,-0.1166821793,0.500148952,-0.04991769418,-0.119044979,-0.02417976476,-0.1452356189
4.8167525,0.01306541264,-0.02817100286,0.05098724365,-0.09955538809,0.5309276581,-0.03050910868,-0.1138484352,-0.02521443909,-0.1457696834
4.8268085,0.02933914959,-0.01396918297,0.04601097107,-0.08849128336,0.5129281282,-0.02666217275,-0.1085893026,-0.0261431536,-0.1461431869
4.8368645,0.04371264577,0.006738245487,0.0009290575981,-0.06667853892,0.5088813305,-0.02772879601,-0.1034713293,-0.02689331315,-0.1465011815
4.8469205,0.03747493029,-0.02123379707,-0.002583429217,-0.07520731539,0.4990459979,-0.01211095322,-0.09838585772,-0.02754657626,-0.1467678219
4.8569765,0.03330039978,-0.0320238471,-0.02901512384,-0.09152023494,0.4772054255,-0.003324066754,-0.09344958598,-0.0283847166,-0.1469108846
4.8670325,0.03527282178,-0.0560079813,-0.07123315334,-0.09616425633,0.4477090538,0.00170344871,-0.08882450042,-0.02934554763,-0.1469930385
4.8770875,0.03156332672,-0.0529718399,-0.07628696412,-0.08805537224,0.4206619859,0.01021230128,-0.08446743721,-0.03027626611,-0.1470325928
4.8871435,0.02982632816,-0.03489553928,-0.07261002064,-0.09601529688,0.3751099408,0.03482816741,-0.08046111652,-0.03120925443,-0.1468760927
4.8971995,0.03675742447,-0.04721575975,-0.08788625896,-0.08406999707,0.3312430084,0.06380695105,-0.07690965828,-0.03214736877,-0.1464621723
4.9072555,0.03376752138,-0.06422817707,-0.09251832962,-0.0950281024,0.2891930342,0.07734672725,-0.07375565857,-0.03307093122,-0.1458237411
4.9173115,0.0298615098,-0.05584490299,-0.08282013237,-0.1368812472,0.2572349906,0.09055981785,-0.07098805358,-0.03429496738,-0.1450660724
4.9273675,0.03772877157,-0.06389844418,-0.07266848534,-0.139465034,0.2300829738,0.101192221,-0.06849876981,-0.03576871775,-0.1441894243
4.9374235,0.044349581,-0.03660827875,-0.06444566697,-0.09431926906,0.2044163644,0.1128439531,-0.0662923572,-0.03703895001,-0.1431896376
4.9474795,0.04118135571,0.01022654772,-0.06183159351,0.002173455199,0.2000786066,0.1427944005,-0.06420768595,-0.0375676254,-0.1419434802
4.9575345,0.04006634653,0.01814055443,-0.04444175959,0.03750760853,0.1880212873,0.1660826951,-0.0622016223,-0.03741627598,-0.1403557433
4.9675905,0.03879342973,-0.002349615097,-0.01527494192,0.04402143508,0.1748682112,0.160940662,-0.06030186832,-0.03705950806,-0.1386622213
4.9776465,0.02584011853,-0.05056494474,0.00722438097,-0.0488322936,0.1591234654,0.145018667,-0.05854064508,-0.03709954818,-0.1371292243
4.9877025,0.04095762968,-0.02851462364,-0.02373190224,-0.1315428913,0.1288952529,0.1440599263,-0.05704384742,-0.03819123293,-0.1357490233
4.9977585,0.04612550139,-0.02611017227,-0.05871278048,-0.08428739756,0.09436257184,0.1355781853,-0.05585620177,-0.03940464948,-0.1343864455
5.0078145,0.02703103423,0.01316362619,-0.07662683725,-0.01167231891,0.0880170539,0.1370349377,-0.05488883982,-0.03995682959,-0.1330394731
5.0178705,0.01274883747,0.05923199654,-0.08470451832,0.100780502,0.06896520406,0.1337971836,-0.05406216899,-0.03961477035,-0.1316500775
5.0279265,0.007731661201,0.04356622696,-0.1060256958,0.2420771867,0.03504318744,0.1424836218,-0.05347655681,-0.03795094168,-0.1301834782
5.0379815,0.004317939281,0.04920583963,-0.1416528225,0.3547690511,0.003633201122,0.1451965123,-0.05321643449,-0.03499755058,-0.1285372505
5.0480375,-0.02175831795,0.0291634798,-0.1094725654,0.3444181383,-0.02800914645,0.1193641126,-0.0533060331,-0.03141871332,-0.1270041097
5.0580935,-0.03498546779,-0.03515672684,-0.07210153341,0.1954009682,-0.1027640775,0.1105445772,-0.05392669672,-0.02873315611,-0.1257077965
5.0681495,-0.02085603774,-0.0971288681,-0.07438462973,0.094812572,-0.1950665861,0.1051476821,-0.05542172511,-0.02741761707,-0.1245646887
5.07820625,-0.01286515594,-0.08107703924,-0.1038585454,0.08178261667,-0.249015823,0.1181994081,-0.05764515501,-0.02657780307,-0.1233376708
5.08826225,-0.02018651366,-0.03328537941,-0.1212068945,0.142200157,-0.2342057228,0.15455769,-0.06002730816,-0.02546793366,-0.1218920825
5.09831825,-0.01889686286,-0.02037805319,-0.1297482848,0.2264092565,-0.2335059792,0.2051490396,-0.06230005151,-0.02367545702,-0.1199478901
5.10837425,0.004137068987,-0.03106415272,-0.1171154529,0.2817343175,-0.2530985773,0.2386369556,-0.06467832289,-0.02118842616,-0.1175472946
5.11842925,0.02618594468,-0.03240334988,-0.08447982371,0.2577527463,-0.3039003611,0.2448597252,-0.06740480276,-0.01857759896,-0.1149182109
5.12848525,0.03781163692,-0.06542253494,-0.0537937209,0.1423497498,-0.382416755,0.2255006731,-0.0708068657,-0.01668572314,-0.1124266185
5.13854125,0.04871372879,-0.09831666946,-0.03864562511,-0.02306004055,-0.4557060003,0.2350902557,-0.07496854249,-0.01622731559,-0.1100832461
5.14859725,0.0537789017,-0.09041154385,-0.07178755105,-0.1658858955,-0.4956281185,0.2215523422,-0.0797063611,-0.01737146727,-0.1078158328
5.15865325,0.04657936096,-0.07454329729,-0.05553132296,-0.1595261395,-0.5317665339,0.2290712744,-0.08484157208,-0.01915936277,-0.105664805
5.16870925,0.03805354238,-0.02219420671,-0.05110275745,-0.1038676724,-0.5381794572,0.2534346879,-0.09017717327,-0.02077635936,-0.1033871998
5.17876525,0.03479535878,0.01256889105,-0.0455878526,-0.01772852615,-0.5418833494,0.2673700154,-0.09557207112,-0.02161731112,-0.1008169971
5.18882025,0.02997924387,0.003026306629,-0.04243599623,0.02749301493,-0.5422277451,0.2799662352,-0.1009518251,-0.02181368872,-0.09806821304
5.19887625,0.03519663215,-0.002434253693,-0.02557790279,0.05387957022,-0.5529066324,0.2963653505,-0.1063790954,-0.02168636531,-0.09512019623
5.20893225,0.03841304779,0.007884323597,-0.01210235804,0.04410709813,-0.569031775,0.2803064883,-0.1119381686,-0.02148650536,-0.09216276196
5.21898825,0.03485876322,0.01203817129,0.01726723462,-0.005110024009,-0.57601583,0.2632718086,-0.117640811,-0.02157184695,-0.08943004111
5.22904425,0.03948621452,0.01598751545,0.01882481575,-0.0387247093,-0.5854814649,0.263235867,-0.1234218463,-0.02212155535,-0.08683041953
5.23910025,0.05226282775,0.05247348547,-0.03367936611,-0.04788833484,-0.6069056988,0.2467977405,-0.1293592423,-0.02289772877,-0.08433004948
5.24915625,0.06316834688,0.07812201977,-0.07594263554,-0.02422188781,-0.6392087936,0.235588491,-0.1355729719,-0.02354472078,-0.08198582021
5.25921225,0.07096602023,0.06808745861,-0.09483803809,-0.01462239213,-0.689027071,0.2413005084,-0.1421703059,-0.02406345181,-0.07964214265
5.26926725,0.09275533259,0.07316398621,-0.1608127356,0.01826525107,-0.7753022909,0.2264278233,-0.1494855185,-0.02445627645,-0.07728576727
5.27932325,0.1036769003,0.06500929594,-0.1895301491,0.07225773484,-0.8636028171,0.1845725179,-0.1576769533,-0.0242876471,-0.07517179394
5.28937925,0.08984619379,0.06913107634,-0.1691819429,0.0195258148,-0.947604239,0.1552591175,-0.1667369514,-0.02401359791,-0.07338285028
5.29943525,0.07145512104,0.04544258118,-0.1606544852,-0.08545280248,-1.028030157,0.1118655577,-0.176606536,-0.02461483822,-0.07208976709
5.30949125,0.062908113,-0.02287817001,-0.1645342708,-0.1892337948,-1.085771441,0.0815172419,-0.1869649723,-0.02599582254,-0.07126229923
5.31954725,0.05944138765,0.0005431771278,-0.1786590815,-0.2517660558,-1.128898382,0.07139531523,-0.1980639212,-0.02817915453,-0.07082709464
5.32960325,0.05174612999,0.01047378778,-0.1700924188,-0.2512983978,-1.210950136,0.07169146091,-0.2098272619,-0.03063579396,-0.07063569906
5.33965925,0.05741356313,0.03061401844,-0.1964029074,-0.1060718372,-1.269124031,0.08147604764,-0.2222546402,-0.03245336033,-0.07025970553
5.34971425,0.05897700787,0.05482894182,-0.2021884322,-0.05111857504,-1.366867423,0.1087034047,-0.2355561095,-0.03332911268,-0.06952854832
5.35977025,0.06480976939,0.02900183201,-0.1943621635,-0.0624422878,-1.426779866,0.1093193069,-0.2495469589,-0.03411606579,-0.06860700181
5.36982625,0.075729087,-0.02203118801,-0.1783975363,-0.1562910229,-1.488707185,0.1138754413,-0.2641785302,-0.03550143831,-0.06777457124
5.37988225,0.09435681999,-0.02221035957,-0.1661607027,-0.1188527048,-1.57209003,0.1071849763,-0.2794894444,-0.03699003459,-0.066996458
5.38993825,0.09878762066,0.01912885904,-0.111212194,-0.2142971903,-1.65835166,0.07473248988,-0.2957424053,-0.03885960389,-0.06659751414
5.39999425,0.09803172946,0.01202559471,-0.07822692394,-0.3696028888,-1.708053589,0.008023715578,-0.3126544548,-0.04179401815,-0.06704475878
5.41005025,0.09576575458,-0.008752644062,-0.06519567221,-0.3109832406,-1.742451787,0.01429865602,-0.3299986748,-0.04473965335,-0.06782449763
5.42010625,0.1000309587,0.07941114902,-0.03408729285,-0.2037101239,-1.725190997,-0.002701818943,-0.3474766537,-0.04702622409,-0.06852909232
5.43016125,0.1057163924,0.1247119308,-0.06620550156,-0.02662668005,-1.734920859,-0.004915172234,-0.3649092877,-0.04772200454,-0.06876257796
5.44021725,0.1046844125,0.07500100136,-0.009070031345,0.1338248253,-1.690681219,-0.01352610439,-0.3821540203,-0.04712256689,-0.0686212579
5.45027325,0.08794349432,0.04014647007,0.03975558281,0.1494325399,-1.61995244,0.02243589051,-0.3987559674,-0.04584179866,-0.06802720851
5.46032925,0.07695104182,0.05974686146,0.0657138899,0.1965214461,-1.568480253,-0.002029317664,-0.414769027,-0.04418492884,-0.06713828645
5.47038525,0.06331689656,0.03166937828,0.09596383572,0.2253435105,-1.494505405,-0.01858832128,-0.4301236311,-0.04214704235,-0.06630903943
5.48044125,0.05984191597,0.02113521099,0.1612796187,0.190338701,-1.450737834,-0.03835443407,-0.4448952629,-0.0401053992,-0.06568036568
5.49049725,0.06541612744,0.01734751463,0.1522080898,0.2263068259,-1.44510746,-0.01850669459,-0.4593858008,-0.03801784859,-0.06497881406
5.50055325,0.09356229007,0.05939996243,0.09600799531,0.2249766141,-1.442656875,-0.01147965062,-0.4738831636,-0.03589881271,-0.0640720585
5.51060825,0.1157514751,0.06297236681,0.050113976,0.16835168,-1.454818726,-0.01583019085,-0.4883827204,-0.03410796774,-0.06322235606
5.52066425,0.1251492351,0.02188140154,0.03280544281,0.1397057027,-1.481400967,-0.02660696395,-0.5031011061,-0.03261665328,-0.06268267677
5.53072025,0.1368945688,0.04960173368,-0.00550276041,0.127633065,-1.543120503,-0.03498207405,-0.5183132332,-0.03126123524,-0.06222344036
5.54077625,0.1363190413,0.0776309371,-0.03764879331,0.07038459927,-1.580249786,-0.06088317931,-0.5340129059,-0.03017210618,-0.0621069479
5.55083225,0.1275384277,0.03809207678,-0.07493758947,0.1083940342,-1.619092226,-0.07628637552,-0.5500840007,-0.02909902706,-0.06227965264
5.56088825,0.1087275445,0.03402990103,-0.08425784111,0.1656136513,-1.657625318,-0.08387451619,-0.5665483698,-0.0275063536,-0.0622529486
5.57094425,0.09292133152,0.07415872812,-0.1055729985,0.2584650218,-1.689701438,-0.07113848627,-0.5833380561,-0.02526239442,-0.06169650962
5.58100025,0.07377173007,0.05291461945,-0.1100721955,0.3149611056,-1.720111728,-0.06282874942,-0.6004609698,-0.02242724822,-0.06060145653
5.59105525,0.05489438772,0.02475947142,-0.1149522066,0.2944289148,-1.727803469,-0.0572941713,-0.6177819395,-0.0194984442,-0.05929975863
5.60111125,0.0361122191,-0.007773458958,-0.100805454,0.2821974754,-1.728631377,-0.05430019274,-0.6351177055,-0.0167776174,-0.05804113497
5.61116725,0.02780404687,-0.0242138505,-0.07819402218,0.2436373085,-1.728442311,-0.03113095649,-0.6524597562,-0.01440109301,-0.05681120212
5.62122325,0.02954550087,-0.02468001842,-0.04004508257,0.1968617141,-1.742498994,-0.02925513126,-0.669891728,-0.0125049198,-0.05571638157
5.63127925,0.04849128425,-0.004965722561,-0.03641044348,0.1686242223,-1.796553969,-0.03469437361,-0.6876412691,-0.01087336368,-0.05473456213
5.64133525,0.07861797512,0.02167797089,-0.03604073077,0.143330723,-1.88226676,-0.03493009135,-0.7061181694,-0.00942899145,-0.05402357791
5.65139125,0.1102238595,0.03050458431,-0.05949479714,0.1478162855,-1.949024558,-0.0605742,-0.7253642957,-0.008016868606,-0.05339300821
5.66144725,0.1092514098,0.02962750196,-0.03941595554,0.1855410188,-2.007529497,-0.077712439,-0.7452029532,-0.006278760316,-0.05289438861
5.67150225,0.1095568091,0.06335920095,-0.01799923182,0.2111025751,-2.053076744,-0.08638768643,-0.7656546694,-0.004284994641,-0.05213199019
5.68155825,0.0951847434,0.07087540627,-0.02499448881,0.2688204646,-2.0523417,-0.1110144705,-0.7863076907,-0.001879276657,-0.05113170414
5.69161425,0.07929289341,0.06691938639,-0.04318398237,0.3145647943,-2.032893181,-0.1544397026,-0.8068597928,0.001126216261,-0.04990928986
5.70167025,0.06305877864,0.07309758663,0.004226680845,0.2576186657,-1.973974347,-0.2091831118,-0.8270333558,0.004496754355,-0.04898968284
5.71172625,0.0466632098,0.02777767181,0.05455058813,0.2450421602,-1.942735195,-0.2496226877,-0.8466733655,0.007746733766,-0.04885871306
5.72178225,0.04660966992,0.001337707043,0.01637011394,0.3478769362,-1.952220917,-0.2840754092,-0.8662737839,0.01175704849,-0.04828820607
5.73183825,0.04303826392,0.09684419632,0.004799604416,0.5226634145,-1.974387169,-0.3046848178,-0.8860463692,0.01685401388,-0.04680589099
5.74189425,0.06271784008,0.1064435244,-0.08938115835,0.7099243402,-2.070554018,-0.3115449548,-0.9064115794,0.02318048734,-0.04388033445
5.75194925,0.106113404,0.05773830414,-0.1827460527,0.7824848294,-2.21841383,-0.3150201142,-0.9280922067,0.03025029559,-0.03979462637
5.76200525,0.1289909631,0.01714152098,-0.1988857985,0.6661000848,-2.398609877,-0.3297223449,-0.9514636687,0.03733414814,-0.03569386117
5.77206125,0.1561682224,-0.05212211609,-0.1702416539,0.2379718721,-2.5195117,-0.3385973275,-0.97621126,0.04268677767,-0.0339546706
5.78211725,0.172315374,-0.1980060339,-0.09163123369,-0.2740564942,-2.628556967,-0.3552900851,-1.002016138,0.04552816584,-0.03601801468
5.79217325,0.1794568151,-0.276640892,-0.03745860234,-0.5956524014,-2.686631203,-0.3112352788,-1.028579886,0.04598371758,-0.04166608131
5.80222925,0.2075505108,-0.1585695744,-0.08097279072,-0.4898028672,-2.730715275,-0.2636637986,-1.055700608,0.04567524205,-0.04787198595
5.81228525,0.2038014382,0.02127742767,-0.05450624228,-0.2138932347,-2.678695917,-0.2040835619,-1.082741258,0.04599930965,-0.05222581388
5.82234125,0.1856838465,0.02771443129,-0.02606737614,0.01287749875,-2.485999584,-0.09550025314,-1.108528846,0.04687837699,-0.0536404518
5.83239625,0.1635212898,-0.0439516902,0.1041335464,0.2043966055,-2.353363752,-0.0350164026,-1.132843606,0.04792821726,-0.05274557773
5.84245225,0.1622526348,-0.0623639822,0.1952568293,0.3346290588,-2.238678694,0.04062754288,-1.156011929,0.04904776431,-0.05031996243
5.85250825,0.1570214629,-0.01814508438,0.2942218781,0.4373003244,-2.177348852,0.04865431041,-1.178498858,0.05023129615,-0.04634287017
5.86256425,0.1405244619,0.01666009426,0.3398420811,0.3521651626,-2.028274775,0.04024237394,-1.199847394,0.05127723241,-0.0423234424
5.87262025,0.1289990246,-0.04017066956,0.3224475384,0.1239982918,-1.85698092,0.03729958087,-1.219490458,0.0517834474,-0.03999387669
5.88267625,0.1445129067,-0.102112174,0.2957735062,0.02607608028,-1.691881537,0.008628839627,-1.237328239,0.0517378654,-0.03925537336
5.89273225,0.1554675698,-0.006527006626,0.2483967543,0.1145175323,-1.604974627,0.01494505908,-1.253935666,0.05180092171,-0.03855306568
5.90278825,0.168300271,0.1362535357,0.1703211069,0.2388071716,-1.522228241,0.007451136597,-1.26978797,0.05224159811,-0.03683509103
5.91284325,0.1537170261,0.1035440564,0.1313611269,0.3960977197,-1.479221463,0.02503412589,-1.28509386,0.05298553689,-0.03362034806
5.92289925,0.1145785749,0.0315566659,0.1732525826,0.4071020782,-1.419699311,0.006054201629,-1.29988889,0.05393940661,-0.02959888832
5.93295525,0.05635021627,-0.009812891483,0.2249565125,0.2964943349,-1.373139262,-0.01736803539,-1.314090874,0.05492841642,-0.0260471894
5.94301125,0.02064333856,-0.0646545887,0.1897232533,0.1102265567,-1.362642288,-0.07265903801,-1.327946314,0.05587371519,-0.02416462314
5.95306725,0.01508611441,-0.08416974545,0.1062736511,-0.01709757745,-1.398585081,-0.08193162829,-1.341794744,0.05675119508,-0.02395400217
5.96312325,0.009497866035,-0.06783890724,0.05299401283,-0.09650491923,-1.428399682,-0.05602938309,-1.355987439,0.05733941156,-0.02473512151
5.97317925,-0.0142981559,-0.0339422226,-0.008644940332,-0.09768016636,-1.428007364,-0.0557124652,-1.370288798,0.05762891811,-0.02580593495
5.98323525,-0.04047697783,-0.03124529123,-0.007079362869,-0.09462405741,-1.43787694,-0.02863661386,-1.384688209,0.05786557504,-0.02662812497
5.99329025,-0.04361523688,-0.04944074154,0.001050949097,-0.04270333797,-1.440679312,0.05389155447,-1.399067207,0.05761411691,-0.0275505009
6.00334625,-0.03975315392,-0.04486662149,-0.0492063798,0.01525769755,-1.48164618,0.07572729141,-1.413812061,0.05692224258,-0.02736880187
6.01340225,-0.04604305327,-0.0317158699,0.008793469518,-0.1489410996,-1.493385434,0.07161856443,-1.42873498,0.05614190424,-0.02793324999
6.02345825,-0.002762496471,-0.1355884671,-0.007486108691,-0.1409709603,-1.548307538,0.07146336138,-1.443844282,0.0551714403,-0.02945962196
6.03351425,0.01173329353,-0.1094304919,0.06421506405,-0.1916479915,-1.701978326,0.07134191692,-1.460127305,0.05434724414,-0.03087655242
6.04357025,0.04630105197,0.03620707989,0.02251505852,-0.2980490923,-1.756215453,0.04271943122,-1.477425348,0.05339515724,-0.03330845547
6.05362625,0.04965385795,-0.02723348141,-0.03456223011,-0.3481444716,-1.793549418,-0.03750083968,-1.495093403,0.05316252892,-0.036514465
6.06368225,0.07353770733,-0.1268541217,0.02899861336,-0.4416873753,-1.792894363,-0.0009590198752,-1.512913225,0.05314830775,-0.04055585732
6.0737365,0.1082722247,-0.05738866329,0.06369662285,-0.4348177612,-1.763062239,0.04399966449,-1.530502653,0.05275369978,-0.04501158566
6.0837925,0.1112616807,-0.009096562862,0.006544597447,-0.3367709517,-1.702433586,0.02007092349,-1.547821122,0.05229819315,-0.04892777982
6.0938485,0.09879299998,-0.06842535734,0.03282392025,-0.2127251923,-1.72034061,0.06469857693,-1.564780685,0.05187016252,-0.05159761936
6.1039045,0.1104395092,-0.0910410881,0.08008921146,-0.0662380904,-1.747622371,0.1297479272,-1.582133587,0.05089919655,-0.05306567906
6.1139605,0.1090704948,-0.08819025755,0.08645986766,0.07519147545,-1.754955411,0.208811596,-1.599821525,0.04921210198,-0.05307719844
6.1240165,0.1111419648,-0.07280921936,-0.02469705045,0.2273574919,-1.695831418,0.221394673,-1.617219331,0.04689451958,-0.05160860759
6.1340725,0.08768497407,-0.06713122129,-0.01354657114,0.1920607537,-1.712986112,0.2090668976,-1.634373936,0.04459706928,-0.04933807126
6.1441285,0.1076265574,-0.08068758249,0.06145989895,-0.131843999,-1.776991725,0.2359582186,-1.651934687,0.04234811234,-0.04903671805
6.1541835,0.107414484,-0.1116114855,0.07004892826,-0.3693074286,-1.831644297,0.2793948948,-1.670042373,0.04007029173,-0.051968377
6.1642395,0.08894601464,-0.1166903377,0.02370204031,-0.3951439261,-1.807118893,0.3187573552,-1.68828963,0.03750199475,-0.0562778614
6.1742955,0.05196492374,-0.001261770725,-0.02092503011,-0.2882499695,-1.680284739,0.3466725945,-1.705749293,0.03465043121,-0.06018666785
6.1843515,0.01286636293,0.05294197798,-0.01454102993,-0.1719288826,-1.569815159,0.3623475134,-1.722026533,0.0314384378,-0.06295409151
6.1944075,0.009118974209,0.0442147851,0.03448745608,-0.170122996,-1.462297797,0.3970740736,-1.737231185,0.02790037908,-0.06519773708
6.2044635,0.001709803939,0.05590736866,0.03034435213,-0.09067055583,-1.26802218,0.4097305238,-1.75099975,0.02412391124,-0.0672751388
6.2145195,-0.04652677476,0.06254130602,0.07915817201,-0.06655216962,-0.9879620671,0.4107174873,-1.762365644,0.02020055386,-0.0687749982
6.2245755,-0.08298842609,0.06518125534,0.2294268608,-0.05634804443,-0.7385345697,0.420989722,-1.770981949,0.01620791987,-0.07025754426
6.2346305,-0.06562289596,0.1028414965,0.2923717499,0.1211982444,-0.5612260699,0.3888735771,-1.777405548,0.01217372126,-0.0709558006
6.2446865,-0.1058119982,0.152874887,0.375513196,0.3668148816,-0.4917214215,0.3199357092,-1.782681131,0.008164443138,-0.06920496212
6.2547425,-0.1076529771,0.2829986215,0.2566814423,0.4210610688,-0.4688981473,0.221059218,-1.787472123,0.004653442563,-0.06577625678
6.2647985,-0.08297649026,0.2201516032,0.1281026453,0.2104647905,-0.4041263461,0.1119078547,-1.791903835,0.002202263335,-0.06283785659
6.2748545,-0.09809480608,0.1094900966,0.1113643646,-0.3143257499,-0.324392885,-0.05877094716,-1.795531087,0.002004553738,-0.0632416982
6.2849105,-0.08513119817,0.04669612646,0.09602057934,-1.074727058,-0.2620064616,-0.2650828362,-1.798382943,0.005136540967,-0.06962146862
6.2949665,-0.03489488363,0.02223998308,0.01818059385,-1.640062094,-0.2959585786,-0.4101737142,-1.800950423,0.01168742056,-0.08250186076
6.3050225,-0.04987855256,0.07614094019,0.004381522536,-1.54805243,-0.3982588351,-0.6324960589,-1.804241953,0.02051692182,-0.09723422513
6.3150785,-0.1248779893,0.1830115318,0.08312259614,-1.467308044,-0.5965207815,-0.6280000806,-1.808772268,0.03044891036,-0.1101643614
6.3251335,-0.1007772386,0.3603164554,0.05422890186,-1.533112407,-0.6747747064,-0.7603737712,-1.814696086,0.04059216952,-0.1233249832
6.3351895,-0.1195917279,0.1513817906,-0.03668749332,-1.403049111,-0.7154129744,-0.7639029622,-1.820976935,0.05187364094,-0.1357679696
6.3452455,-0.07200117409,0.08117747307,-0.002519458532,-1.213463664,-0.7385992408,-0.8265398741,-1.827467406,0.06298056079,-0.1465087389
6.3553015,-0.07647891343,0.2535024285,-0.006214022636,-1.182352304,-0.7882629037,-0.7646996379,-1.834599351,0.07381942081,-0.1559338397
6.3653575,-0.09899523854,0.1042189598,0.01952314377,-1.193548918,-0.6493657231,-0.8018231988,-1.84113452,0.08470991638,-0.1656238748
6.3754135,-0.09622094035,-0.1267588735,0.06704971194,-0.9424142241,-0.4559393227,-0.5726267695,-1.845862411,0.09433464363,-0.1743774962
6.3854695,-0.05378741026,0.04726850986,0.0224750638,-0.4225490689,-0.2673074901,-0.6837580204,-1.848931481,0.1023618882,-0.1793283446
6.3955255,-0.01995006204,0.2216593623,0.1724200249,-0.0954785347,-0.2362595648,-0.6161083579,-1.851471735,0.1093224006,-0.1798571022
6.4055805,0.06842686236,0.06289416552,0.201839447,0.2706556916,-0.1218227223,-0.4450383186,-1.853558971,0.1141699741,-0.1776339244
6.4156365,0.1244522631,0.0348854661,0.1442852318,0.5747247934,-0.05481013656,-0.442714721,-1.855049431,0.1170702424,-0.1719794412
6.4256925,0.1092125922,0.07257020473,0.2076230049,0.317583859,-0.09913551807,-0.4055477977,-1.856449602,0.1198895462,-0.1661828648
6.4357485,0.135060221,-0.1697289348,0.1734247506,0.08699672669,-0.08091630042,-0.2935898602,-1.857756845,0.122838234,-0.1634939829
6.4458045,0.1331449151,-0.2754273415,-0.0300462544,0.1394663304,0.03217349946,-0.2301750332,-1.858193515,0.1249686093,-0.1616496866
6.4558605,0.07679484785,-0.0461062789,-0.1214138567,0.2478276789,0.09275534749,-0.1532118022,-1.857836696,0.1263140581,-0.1592854707
6.4659165,0.05860736966,-0.1138209105,-0.0817514658,0.4657053351,0.1140880734,-0.0542726554,-1.857197558,0.1263280958,-0.1556326898
6.4759725,0.0337125212,-0.2456269264,0.02133131027,0.858802557,0.09027728438,0.0207246244,-1.856946025,0.1246034324,-0.149174453
6.4860285,-0.006819620728,-0.1610393524,0.1431157291,1.097072959,0.0107964389,0.07626167685,-1.857592421,0.121253365,-0.1395589367
6.4960835,0.03053954244,-0.09339153767,0.1386178136,0.8842164278,-0.008941845968,0.112876147,-1.858741792,0.1174213711,-0.1300128423
6.5061395,0.07921355963,-0.2489503026,0.1678007841,0.4392921925,-0.03394240141,0.1046281531,-1.859626173,0.114454076,-0.1238878046
6.5161955,0.08141818643,-0.2744364142,0.1862528622,0.03657643497,-0.1343339831,0.09315472096,-1.860688186,0.1128464245,-0.1219027349
6.5262515,0.0765915364,-0.1028214097,0.07176017761,-0.1946949065,-0.1834670454,0.105264999,-1.862185056,0.1121778559,-0.1231890938
6.5363075,0.05695198476,-0.04359680414,-0.03839208186,-0.1487026513,-0.1962675303,0.1093034148,-1.863876118,0.1116450612,-0.1252279352
6.5463635,0.03663747013,-0.01526623964,-0.09415663779,0.0043297722,-0.1429529041,0.1272256374,-1.865521208,0.1107502288,-0.126347666
6.5564195,0.004105180502,-0.02201253176,-0.003896400332,0.2763857841,-0.03488689288,0.1802377254,-1.866506014,0.1088994,-0.1255160662
6.5664755,-0.04938307405,-0.05377715826,0.1112868786,0.5151472092,-0.006313039921,0.2267409265,-1.867005363,0.1057022985,-0.1221629796
6.5765305,-0.05434714258,-0.05975931883,0.06006285548,0.5337626934,0.06457098573,0.2482696623,-1.867246181,0.1018674359,-0.1177095291
6.5865865,-0.07880616188,-0.1582809091,0.109808594,0.4824244082,0.1038996205,0.3263175189,-1.866766968,0.09763165176,-0.1136287455
6.5966425,-0.04478782415,-0.1540606618,0.08562147617,0.412985146,0.06876853108,0.3675243258,-1.866207434,0.09290314869,-0.1103755911
6.6066985,0.002393588424,-0.05495631695,-0.01765188575,0.2548575401,0.03415382653,0.3522622287,-1.86583257,0.08846153208,-0.1082616173
6.6167545,0.0171187669,-0.04014331102,-0.002347350121,0.1319606602,-0.05211501569,0.3357562423,-1.865970228,0.08459082667,-0.1073810911
6.6268105,0.03155781329,0.005793333054,-0.0962446928,0.2120104432,-0.0860933587,0.2973484695,-1.866808936,0.0810349092,-0.1067104595
6.6368665,-0.001076310873,0.04936140776,-0.1114411503,0.410761863,-0.0979231149,0.2631138265,-1.867886259,0.07742307249,-0.1045167284
6.6469225,-0.03086215258,0.04436129332,-0.01742650568,0.5304343104,-0.1237653643,0.2810728848,-1.869269079,0.07348267535,-0.1008649876
6.6569775,-0.02244715393,-0.0277261138,0.06890508533,0.6313633323,-0.176829651,0.3265458345,-1.871110811,0.06882373228,-0.09606201115
6.6670335,0.01053760946,-0.00776475668,0.0160176754,0.6023572683,-0.1650651395,0.3224961162,-1.873233963,0.06376426434,-0.09094041045
6.6770895,0.0126555562,-0.01448476315,0.03931389749,0.351146847,-0.1235360727,0.2980866432,-1.874930636,0.05931674809,-0.08713548121
6.6871455,-0.005270600319,-0.0972200036,0.1330960989,-0.02051663399,-0.06018239632,0.3113506734,-1.875857357,0.05594879583,-0.08650284022
6.6972015,0.0373865962,-0.08838874102,0.1206156164,-0.08582799137,-0.007594286464,0.3240017593,-1.876114898,0.0531041051,-0.08821389969
6.7072575,0.04663050175,0.04332286119,0.06177832186,0.03977635503,0.1305782348,0.3055241108,-1.875500948,0.05016831585,-0.0893963499
6.7173135,0.0162320286,0.08565616608,0.08385431767,0.2895209491,0.2968148887,0.3140890896,-1.873348538,0.04673117114,-0.0888266671
6.7273695,0.01020872593,0.0212765336,0.141864419,0.4928504825,0.4239394069,0.3201465905,-1.869840467,0.04248292374,-0.08593561866
6.7374245,0.007205039263,0.05280333757,0.217896238,0.5033531785,0.4733855128,0.2952995598,-1.865397333,0.03805294041,-0.08189137718
6.7474805,0.03007674217,0.001451134682,0.2408101559,0.3180868626,0.4780833423,0.3039287925,-1.860725053,0.03391097893,-0.07885132529
6.7575365,0.04647192359,-0.09379786253,0.2362445593,0.2026742399,0.4863881469,0.3010451198,-1.855950006,0.0303238778,-0.07726155676
6.7675925,0.02733421326,-0.07652741671,0.2090327591,0.1985208243,0.552174449,0.2959788144,-1.850777879,0.02690210167,-0.07622784117
6.7776485,0.01120844483,-0.005550861359,0.1756649017,0.1980209351,0.6159672737,0.3105297983,-1.844907397,0.02346066946,-0.07507196871
6.7877045,0.01614928246,-0.04574990273,0.2112740129,0.2143130898,0.666519165,0.3366234601,-1.838487023,0.01982410549,-0.07396280926
6.7977605,0.0276645869,-0.06338250637,0.1891765296,0.3173971474,0.816852212,0.3451314569,-1.831171032,0.01577357247,-0.0723772842
6.8078165,-0.004070907831,-0.03116881847,0.2111391872,0.4769474268,0.9624686241,0.3594864905,-1.82225256,0.01132688804,-0.06949074822
6.8178715,-0.02700570226,-0.001262068748,0.2357646078,0.5198267698,1.003170013,0.3505691588,-1.812319837,0.006660772152,-0.06532894554
6.8279275,-0.02172860503,0.0213483572,0.2369400263,0.4417509735,0.9752120376,0.3456166089,-1.802406548,0.00205551361,-0.06142824602
6.8379835,-0.01845364273,0.01867222786,0.172665,0.3191361129,0.9949932098,0.2774053216,-1.792536742,-0.001860571515,-0.05842913915
6.8480395,-0.04112105817,0.03000855446,0.1827464998,0.1223885939,1.031914115,0.2173015773,-1.782295473,-0.00480786517,-0.0567903264
6.8580955,-0.04745423049,0.06418424845,0.1788188219,-0.07393910736,1.037810683,0.1828479916,-1.771889511,-0.006793878554,-0.05707575068
6.8681515,-0.0330318138,0.07279288769,0.1128872558,-0.000875686761,1.07426703,0.1502053887,-1.761306754,-0.008293378226,-0.05793209837
6.8782075,-0.05030059069,0.1195471287,0.03431235999,0.1971532404,1.15187192,0.1283722669,-1.750157917,-0.00985328771,-0.05725186931
6.8882635,-0.09015265852,0.1859402061,0.01829265803,0.2889472544,1.246440411,0.08760053664,-1.738016048,-0.01127534128,-0.05488650644
6.8983195,-0.09506735206,0.143581748,0.0791465044,0.2790325582,1.291837692,0.09230421484,-1.725193425,-0.01268159307,-0.05222257511
6.9083745,-0.07722082734,0.07231479883,0.1516989321,0.07635767013,1.305787921,0.05573305115,-1.712146226,-0.01370402706,-0.05048644119
6.9184305,-0.05768026412,0.03708285093,0.1871005446,-0.101534836,1.321469903,0.03285170346,-1.69890358,-0.01414555967,-0.05083541579
6.9284865,-0.03257648647,0.04384124279,0.08876118809,-0.1006237641,1.3469522,-0.006312479731,-1.685529968,-0.01411495613,-0.05196220802
6.9385425,-0.03827984631,0.1179184914,0.03350602835,-0.1162189692,1.413783669,-0.05513674393,-1.671635486,-0.01363982366,-0.05287079236
6.9485985,-0.04052481055,0.1149487495,0.07532513142,-0.2204888761,1.571289301,-0.0455650501,-1.656596768,-0.01294854979,-0.05453804873
6.9586545,-0.01851734519,-0.003108859062,0.1108323336,-0.2112330496,1.693442345,-0.01065953076,-1.640167427,-0.01248993601,-0.05677209257
6.9687105,-0.005422398448,-0.0240675807,0.1408293247,-0.1691270024,1.85171032,0.0238919761,-1.622406042,-0.0124310439,-0.05866080287
6.9787665,-0.01984326541,1.81E-05,0.1969321966,-0.09955246001,2.047751427,0.083684735,-1.602726584,-0.01287761642,-0.0601524352
6.9888215,0.01516951621,-0.04647606611,0.1781567335,0.1356469095,2.168762922,0.1558023393,-1.581482706,-0.01405151138,-0.06009594613
6.9988775,0.06432260573,0.01166003942,0.0933785364,0.4495790005,2.19691968,0.1502749473,-1.559412117,-0.01567336704,-0.05720719469
7.0089335,0.07080748677,0.08273941278,0.05806492269,0.5797465444,2.134034872,0.1105652973,-1.537472852,-0.01684833877,-0.05174906669
7.0189895,0.09489579499,0.04434120655,0.02830278873,0.3849727511,2.013328075,0.07940418273,-1.516435438,-0.01758295591,-0.04671824849
7.0290455,0.1103027612,-0.104511261,0.03162098676,0.03410648555,1.851453781,0.001508718356,-1.497014071,-0.01783431794,-0.0445492243
7.0391015,0.08082006872,-0.2106375098,0.08846808225,-0.2531348765,1.751582623,-0.01907165907,-1.47891519,-0.01778022407,-0.04590168463
7.0491575,0.0880343467,-0.1338332891,-0.07312262058,-0.1542478055,1.690946341,-0.0475098528,-1.461730389,-0.01779081365,-0.04813499766
7.0592135,0.06923824549,0.02725464106,-0.1430225372,-0.02554574609,1.516709328,-0.07458806783,-1.445668582,-0.01725446815,-0.04906597204
7.0692685,0.05788262188,0.0409912467,-0.1267174482,0.006233976688,1.337914944,-0.09107796848,-1.431316184,-0.01633075499,-0.04924653383
7.079324792,0.06584487855,-0.06650871038,-0.0503462553,-0.04044111446,1.222280025,-0.08140004426,-1.418501459,-0.01552453396,-0.0495373921
7.089380792,0.06078885496,-0.09111195803,-0.004474759102,-0.1401266605,1.174478531,-0.05667282641,-1.40649513,-0.01498156845,-0.05052285372
7.099436792,0.06141132116,-0.0101364851,0.0201228857,-0.1950133443,1.217783928,-0.01642234623,-1.394566501,-0.01488412399,-0.05237595275
7.109492792,0.03685995936,-0.06481379271,0.03559136391,-0.1424128413,1.330233932,0.04096661881,-1.381823671,-0.01531223322,-0.05412368398
7.119548792,0.03531005979,-0.05820018053,0.028211236,-0.01892499439,1.446464062,0.1065906286,-1.367837876,-0.01621412556,-0.05486167452
7.129604792,0.05107906461,0.01907330751,0.05558145046,0.04275798798,1.54508841,0.157884866,-1.352803226,-0.01747391374,-0.05443268655
7.139660792,0.05595624447,-0.01063239574,0.1182094738,0.05665169656,1.708166361,0.1858414114,-1.33644626,-0.01909036402,-0.05367606261
7.149716792,0.05870172381,-0.06121909618,0.140478611,0.1655573249,1.792685747,0.217776224,-1.318841646,-0.0208459268,-0.05217154895
7.159771792,0.07120837271,0.001265466213,0.1939647198,0.2098906934,1.899252653,0.210944429,-1.300267325,-0.02238154151,-0.04981130067
7.169827792,0.07421974838,0.04897707701,0.2461726665,0.3310992718,1.97879076,0.2069493234,-1.280575776,-0.02363021127,-0.04672231529
7.179883792,0.1024291962,0.02924543619,0.1706516743,0.4266577363,1.973459363,0.1844368279,-1.260600697,-0.02445660962,-0.04247416532
7.189939792,0.1149820387,0.08904248476,0.1340297461,0.3506672084,1.942103744,0.09699017555,-1.240791262,-0.02450300261,-0.03827832824
7.199995792,0.1071967483,0.0592802763,0.06006753445,0.2991023064,1.886260986,0.04518051073,-1.221489938,-0.02407504727,-0.03502419094
7.210051792,0.1020637602,0.02980190516,0.01366519928,0.1679043323,1.797251582,-0.0172702428,-1.202876668,-0.02339009343,-0.03278533988
7.220107792,0.06995372474,0.04507607222,0.05084764957,-0.07510593534,1.762280583,-0.04370317981,-1.185001494,-0.02285556268,-0.03246124884
7.230163792,0.04961068928,-0.02961730957,0.06355917454,-0.2193072289,1.807174683,-0.09008553624,-1.167068672,-0.02289760513,-0.03420593655
7.240219792,0.03328894079,-0.0675342083,0.1342097521,-0.3484625518,1.871566415,-0.06150369719,-1.148746961,-0.02334752836,-0.03725420963
7.250274792,0.05033275485,0.02744859457,0.121019125,-0.06104022264,1.998216152,-0.01252179872,-1.129321743,-0.02414377829,-0.03972443663
7.260330792,0.07589530945,0.133640945,-0.0809892416,0.3810032308,2.003552675,-0.04229594022,-1.109071625,-0.02308603608,-0.03825112451
7.270386792,0.09117738903,0.2530126572,-0.05954122543,0.3387497067,1.974872231,-0.05856753513,-1.089042172,-0.02082871377,-0.03498539584
7.280442792,0.09855417907,0.1082099676,-0.005367636681,-0.1479821354,1.898643732,-0.06991206855,-1.069427048,-0.01970535968,-0.03446371961
7.290498792,0.1362297833,-0.156476438,-0.01198625565,-0.5450232029,1.752482176,-0.08683595061,-1.051204401,-0.02087063844,-0.03784184809
7.300554792,0.1280737072,-0.1164182425,0.02063536644,-0.8552617431,1.680179238,-0.09808967263,-1.034219588,-0.02360215712,-0.04462613223
7.310610792,0.09470194578,0.04021650553,-0.0296857357,-0.8190060854,1.763174772,-0.007138619199,-1.017167654,-0.02761535204,-0.0522626171
7.320666792,0.07242439687,0.07425129414,-0.02362704463,-0.5975754857,1.823032498,0.05204800516,-0.9992974473,-0.03166161166,-0.05829614247
7.330721792,0.08984525502,0.04287743568,-0.08604633808,-0.3173131049,1.846829057,0.09850101918,-0.9809565507,-0.03486408652,-0.06169468908
7.340777792,0.117884323,0.1125063896,-0.1484318972,-0.1639720201,1.77392292,0.08528428525,-0.9626465037,-0.03690409825,-0.06302910625
7.350833792,0.1214232892,0.1560745835,-0.122988224,-0.2282213569,1.652387261,0.01672293246,-0.9453027563,-0.03830728837,-0.06420544591
7.360889792,0.1515313685,0.05708777905,-0.1124402285,-0.4667300582,1.486792445,-0.08527134359,-0.9296896117,-0.04016029648,-0.06722394522
7.370945792,0.1162340194,-0.04761147499,-0.05195605755,-0.6916007996,1.451390982,-0.1392127275,-0.9153192829,-0.04275407713,-0.0726347306
7.381001792,0.04495738447,-0.0439041853,0.06570756435,-0.8343315721,1.565874338,-0.146087423,-0.9006068539,-0.04633375913,-0.07962920895
7.391057792,-0.02250064909,-0.02854764462,0.2045509815,-0.867893219,1.827518106,-0.08383728564,-0.884038917,-0.05086020595,-0.08709515179
7.401113792,-0.05525560677,-0.07446849346,0.3646719456,-0.6646625996,2.171366453,-0.00680881273,-0.8642595693,-0.05571595386,-0.09355922395
7.411168792,-0.02258177102,-0.04859739542,0.203772068,-0.04864236712,2.335034132,0.07549069822,-0.8416247159,-0.0584193905,-0.09615020388
7.421224792,0.08649630845,0.149456501,0.05382192135,0.4879606366,2.325592518,0.1204496473,-0.8179815981,-0.05746453337,-0.09358203459
7.431280792,0.1035564244,0.2106456757,0.1111892462,0.3249893188,2.180893898,0.03067371435,-0.794907319,-0.05483249737,-0.08985465681
7.441336792,0.1054376364,-0.1020550728,0.1703697443,-0.1666760147,2.010910988,-0.009236684069,-0.7737679465,-0.05440779962,-0.08914757639
7.451392792,0.08343097568,-0.3918832541,0.1745443344,-0.6360226274,1.927579999,-0.1074768305,-0.754195581,-0.05684280908,-0.09239646687
7.461448792,0.02469025552,-0.2622400522,0.2036826611,-0.8467777371,2.044076204,-0.07549919188,-0.734693591,-0.06190350759,-0.09840641311
7.471504792,-0.03295853734,-0.04988926649,0.1518769264,-0.7255272865,2.223606348,-0.009588993154,-0.7135773036,-0.06760585734,-0.1040936025
7.481560792,-0.001880660653,-0.01330834627,0.09334373474,-0.4970355332,2.341526031,0.08110655844,-0.6908378408,-0.07248890693,-0.1078241926
7.491616792,0.06700268388,-0.02140694857,-0.03854000196,-0.05888678879,2.307855129,0.1856701672,-0.6674287955,-0.07569993178,-0.1086565355
7.501671792,0.1239676625,0.07389765978,-0.2541592121,0.2973432243,2.175697565,0.1957022995,-0.6446306768,-0.07578608629,-0.1062631372
7.511727792,0.1283053458,0.1981905699,-0.2855821848,0.1776580513,1.9416641,0.09326548129,-0.623761137,-0.07453914958,-0.1034998457
7.521783792,0.1245727539,0.03647631407,-0.2342960835,-0.1808577478,1.681672215,-0.02659354173,-0.6054417553,-0.07470235001,-0.103254545
7.531839792,0.1174830645,-0.1801960468,-0.1697711945,-0.6116089225,1.531215072,-0.1105613038,-0.5896075004,-0.07760289996,-0.1061401861
7.541895792,0.06441275775,-0.1067987084,-0.1128220558,-0.8227219582,1.589796305,-0.102352649,-0.5744600564,-0.08322638182,-0.111177006
7.551951792,0.005077436566,0.0384773612,-0.03948270902,-0.6897805333,1.798428178,-0.02832896449,-0.557825135,-0.089482878,-0.1159839337
7.562007792,0.0433627516,0.08781170845,-0.1915860176,-0.2491557598,1.849756837,0.02871035226,-0.5395715796,-0.09363198096,-0.1184706663
7.572063792,0.159804374,0.1565203667,-0.2112580538,0.02478901856,1.759934425,0.03371871635,-0.5213717833,-0.09456093925,-0.118719121
7.582118792,0.1937848479,0.1633097529,-0.09821867943,0.02960720845,1.598053932,0.08612493426,-0.5044294872,-0.09461813373,-0.1180468319
7.592174792,0.1971780211,0.008944153786,-0.131296277,0.03258639947,1.4090693,0.04513217881,-0.4892455505,-0.0946957212,-0.1172352864
7.602230792,0.1709849685,-0.0113030076,-0.1103969812,-0.05032446235,1.28299129,-0.04111243039,-0.4757587553,-0.09471546582,-0.1172504404
7.612286792,0.117704317,0.05522060394,-0.05244410038,-0.2515912056,1.243444085,-0.06128111109,-0.4632374049,-0.0958273155,-0.118432177
7.622342792,0.0721411556,-0.02941846848,0.01609790139,-0.442601651,1.296158075,-0.08578138798,-0.450720443,-0.09867909996,-0.1206487386
7.632398792,0.03277225792,-0.09922528267,0.1035895348,-0.5510975718,1.396133184,-0.07256151736,-0.4375189712,-0.1029362503,-0.1236287116
7.642454792,0.02353924513,-0.02693641186,0.1337343454,-0.4662213027,1.575908303,-0.03286443651,-0.4229318381,-0.1075235216,-0.1262981299
7.652510792,0.03301310539,0.04964250326,0.03632568941,-0.1090368256,1.619314551,-0.002078665886,-0.4068545907,-0.110310128,-0.1276953619
7.662566792,0.1084687263,0.1317517757,-0.1033357382,0.2322113216,1.504449487,0.0215859171,-0.3910276315,-0.1095989984,-0.1273271304
7.672621792,0.1365595162,0.1745025516,-0.100636363,0.1914518476,1.29584074,0.04299275205,-0.3768678757,-0.1076135062,-0.1260893663
7.682677792,0.1240719259,-0.006496489048,-0.104565382,-0.05250700936,1.095291972,-0.03910371661,-0.3648118608,-0.1069965908,-0.1258214631
7.692733792,0.1089010239,-0.1743733287,-0.1318410635,-0.3254427612,0.9588412046,-0.1072893739,-0.3546988999,-0.1084795992,-0.1271848251
7.702789792,0.07011067867,-0.09422719479,-0.1373741627,-0.4844686389,0.9395042658,-0.09688706696,-0.3455104081,-0.1120830389,-0.1296733532
7.712845792,0.03725217283,-0.01954329014,-0.1236249208,-0.4828911722,0.985847652,-0.04561911151,-0.3362235819,-0.1165359821,-0.1319755365
7.722901792,0.0155993551,-0.01762896776,-0.07179331779,-0.380762428,1.066252232,0.03010494262,-0.3261544056,-0.1206408233,-0.1335229369
7.732957792,0.01403595507,0.006466209888,-0.01031434722,-0.2028644681,1.200122952,0.07403540611,-0.3148749069,-0.1236383158,-0.1339234901
7.743013792,0.01797525585,0.05107706785,-0.01781749725,-0.04980807379,1.287151933,0.1091321409,-0.3022680509,-0.1250938343,-0.1334269788
7.753068792,0.0732640475,0.08171278238,-0.0189718008,-0.07294619083,1.281190038,0.1309205592,-0.2891686244,-0.1258830616,-0.1323623402
7.763124792,0.1141456068,0.03142100573,0.04991304874,-0.2981801331,1.184501052,0.1210476831,-0.2766426889,-0.1280144424,-0.1316266644
7.773180792,0.1339731812,-0.04477614164,0.04860317707,-0.5075543523,1.072611809,0.09589008242,-0.2653074487,-0.1322601977,-0.1316387084
7.783236792,0.1328282505,-0.00664627552,0.03362071514,-0.6124954224,1.007679224,0.07279062271,-0.2549497693,-0.1380162177,-0.132297101
7.793292792,0.1118426174,0.06883561611,0.02518868074,-0.6568649411,1.005012631,0.05883291364,-0.2450683016,-0.1443687517,-0.1333334224
7.803348792,0.09094332159,0.05779331923,0.04688083753,-0.6278178692,1.03900516,0.06122310087,-0.2350128212,-0.1508423813,-0.1342732162
7.813404792,0.05600577593,0.02136319876,0.08554124832,-0.5180395246,1.139311314,0.08655871451,-0.224182662,-0.1566794372,-0.1349007426
7.823460792,0.02687749267,0.03667628765,0.0972751379,-0.3492635787,1.268246412,0.07778013498,-0.2121549951,-0.1611381241,-0.1350292615
7.833515792,0.01904927194,0.04978138208,-0.007400278002,-0.1523578465,1.310979128,0.08007027209,-0.1990260065,-0.1637938918,-0.1347202302
7.843571792,0.06041952968,0.03322941065,-0.06062496454,-0.1127654314,1.241603494,0.0757644698,-0.1860623655,-0.1651467428,-0.1342165089
7.853627792,0.07901957631,-0.007157325745,-0.07685339451,-0.1667117923,1.098013639,0.0956658721,-0.1742146856,-0.166681421,-0.1335938602
7.863683792,0.07274079323,-0.08296042681,-0.1094912291,-0.2328732312,0.9720288515,0.07559628785,-0.1637687005,-0.1688325516,-0.1330835866
7.873739792,0.04782985151,-0.0641656518,-0.1641696692,-0.2457468659,0.899533391,0.05629007518,-0.1543570402,-0.171396664,-0.1328300064
7.883795792,0.02969942987,-0.02075171471,-0.1878283024,-0.2049019635,0.877287209,0.05847120285,-0.1453785926,-0.1737521346,-0.1326009811
7.893851792,0.01892368495,-0.0110449791,-0.1779301167,-0.1458528936,0.8363825083,0.06719537824,-0.1366367011,-0.1756374891,-0.1322103949
7.903907792,0.01896476746,-0.03796648979,-0.1768450737,-0.1184146106,0.8055707812,0.06443846971,-0.1283360483,-0.1769896633,-0.1317334695
7.913963792,0.01000531018,-0.02943646908,-0.1665389538,-0.05651120842,0.8215864897,0.07341231406,-0.1200969412,-0.1779703324,-0.1311432806
7.924018792,-0.004086434841,0.02391904593,-0.1508831978,0.0413354598,0.8230876923,0.06543667614,-0.1116887963,-0.1781441988,-0.1304451526
7.934074792,-0.0005529820919,0.04000115395,-0.1192166805,0.1284336448,0.7949001789,0.07536054403,-0.1033777738,-0.1773167359,-0.1296262067
7.944130792,0.01737730205,0.04691034555,-0.09545600414,0.1783383638,0.7443763018,0.1018616557,-0.09545278755,-0.1759043391,-0.1285804144
7.954186792,0.03697097301,0.06162387133,-0.1009684801,0.2425883263,0.6457651258,0.1117549613,-0.0882358874,-0.1738747013,-0.1272563606
7.964242792,0.06131626666,0.06847804785,-0.1052569151,0.3198029697,0.521469295,0.1137411445,-0.08211722057,-0.171186263,-0.1258633435
7.974298792,0.07604022324,0.05705487728,-0.1040586233,0.3768540323,0.3622832298,0.1139850616,-0.07742159129,-0.1677219226,-0.1244011357
7.984354792,0.08466911316,0.0467633605,-0.09545063972,0.3939885497,0.2248185724,0.113089703,-0.07430821548,-0.1639670755,-0.1229818515
7.994410792,0.08623045683,0.04846411943,-0.09009850025,0.4146395922,0.1401052922,0.1091740653,-0.07218148371,-0.159899855,-0.1215641721
8.004466792,0.06706064939,0.03371340036,-0.06673252583,0.4558088481,0.1306183189,0.09618342668,-0.07066973572,-0.155601376,-0.1201150684
8.014521792,0.04729808867,0.002755820751,-0.07438266277,0.5171415806,0.2194210291,0.06900957227,-0.06882293297,-0.1507197402,-0.1189050102
8.024577792,0.03765724599,-0.007822871208,-0.01108300686,0.4391996562,0.2065819204,0.08313497156,-0.06649013309,-0.1460432194,-0.1179981346
8.034633792,0.03798440099,-0.04219049215,-0.007435142994,0.4127842188,0.2925623357,0.1096537188,-0.06381425184,-0.1417666695,-0.1166762471
8.044689792,0.03397576511,-0.07466387749,-0.01177930832,0.3575928509,0.3972051442,0.1084462479,-0.06025735146,-0.1380511698,-0.1154019847
8.054745792,0.04460814595,-0.05568617582,0.001921177842,0.3305994272,0.359934479,0.08570428938,-0.05616204541,-0.134619384,-0.1141561069
8.064801792,0.01391346753,-0.03527152538,0.04077321291,0.2865842879,0.382217139,0.1122307032,-0.05231075613,-0.1315366277,-0.1129969522
8.074857417,-0.006066769361,0.008638978004,0.01160275936,0.2428517193,0.3955475688,0.1213766336,-0.04821563566,-0.1289836017,-0.1116322501
8.084913417,0.003148525953,0.005460679531,-0.02925282903,0.2395081222,0.4134916961,0.1089090481,-0.04398598083,-0.1266524238,-0.1103569983
8.094968417,0.03848426044,0.009705364704,-0.05420446396,0.1752267629,0.3899235129,0.07353859395,-0.0398426743,-0.1245674241,-0.1093441898
8.105024417,0.03545558453,0.03482329845,-0.04159837589,0.1822694987,0.3807220459,0.07932510972,-0.03587210362,-0.1228885855,-0.1084828235
8.115080417,0.02661250532,0.01111775637,-0.02743184566,0.1734700203,0.331264317,0.06490082294,-0.03218250466,-0.1211408498,-0.1077200389
8.125136417,0.02042014897,0.03259021044,-0.03048747778,0.1574732065,0.3465332985,0.07271320373,-0.02865528538,-0.1194983315,-0.1069348763
8.135192417,0.0101543963,0.02860361338,-0.031251017,0.1827591211,0.3754413724,0.09891205281,-0.02479378355,-0.1178048401,-0.1059555007
8.145248417,0.01222786307,-0.005498230457,0.01430177689,0.2201174051,0.3163120151,0.1239723936,-0.02110227937,-0.1158120964,-0.104802442
8.155304417,0.02189701796,0.002403557301,0.01855498552,0.2623343766,0.2597264946,0.1745276004,-0.01792932549,-0.1134540528,-0.1031532972
8.165360417,0.004554003477,-0.02597022057,0.008831858635,0.2836923897,0.2156743407,0.1213027388,-0.01540225707,-0.1106246427,-0.1015919116
8.175416417,0.01439976692,-0.04454433918,-0.03351872787,0.11834649,0.168220818,0.1140938252,-0.01336599594,-0.1086501699,-0.1003762269
8.185471417,0.03624773026,-0.03649646044,-0.05586481094,0.03131145611,0.1552032977,0.07097192109,-0.01160515306,-0.1079135786,-0.09939840022
8.195527417,0.01974563301,-0.07323944569,-0.03008991107,-0.04913087934,0.1230508089,0.06232892349,-0.01011808748,-0.1080064708,-0.09875767071
8.205583417,0.02233837545,-0.04357862473,-0.04023343325,-0.0252737496,0.1108380854,0.04500159994,-0.008870727347,-0.1084340946,-0.09820889634
8.215639417,0.02738076448,0.02279466391,-0.0635163784,0.04665885493,0.09440318495,0.0478922464,-0.007768323286,-0.1083801721,-0.09771978432
8.225695417,0.05376061797,0.05746251345,-0.07810086012,0.12817581,0.04093756527,0.0500739105,-0.007011207494,-0.1075211654,-0.09719987176
8.235751417,0.0499278456,0.06157821417,-0.06721162796,0.1542721391,-0.01374299265,0.07512307167,-0.006802536017,-0.1060546614,-0.0965420806
8.245807417,0.04088847339,0.01871788502,-0.07084340602,0.1370454729,-0.01828741096,0.07049449533,-0.006922929549,-0.1046146976,-0.09580324561
8.255863417,0.02114313841,-0.02051925659,-0.01320850849,0.0565357171,-0.04350434989,0.03234950826,-0.0071536629,-0.103590734,-0.0952543384
8.265918417,-0.009557873011,-0.05287712812,0.0769033432,0.01896730438,-0.07048910111,0.005818831269,-0.007777634275,-0.1033581322,-0.09509635837
8.275974417,-0.004626080394,-0.04982936382,0.03323173523,0.06943793595,-0.09068704396,-0.01176575478,-0.008649594184,-0.1027945213,-0.09508216124
8.286030417,-0.0180208236,0.00154209137,0.03613102809,-0.0002567237243,-0.0500709042,-0.01773736067,-0.009350935725,-0.1024231902,-0.09524818082
8.296086417,-0.03016501665,-0.005474746227,0.04818957299,-0.03144602478,-0.09210956842,0.04989593476,-0.009947891094,-0.1024609766,-0.09504869788
8.306142417,0.01481248438,0.01589679718,-0.06030506641,0.1070719063,-0.1626932025,0.0953116715,-0.01112399545,-0.1022278434,-0.09421761704
8.316198417,0.03507766128,0.04364466667,-0.1358239055,0.08357417583,-0.1742453277,0.09090197831,-0.0127162034,-0.1011998231,-0.09328405264
8.326254417,0.0124515146,0.0157250762,-0.07874274254,0.00439599622,-0.1800531447,0.08553011715,-0.01440134078,-0.1006547318,-0.09227304709
8.336310417,-0.01473677158,-0.06595760584,-0.0376945734,-0.1355865449,-0.1944580525,0.04020847008,-0.01625596774,-0.1012110397,-0.09153487668
8.346366417,-0.01566614211,-0.07286292315,0.02055156231,-0.2787434459,-0.208797574,0.006330398377,-0.01827130386,-0.1034088906,-0.09139614223
8.356421417,0.0002588778734,-0.0438349247,0.061844524,-0.3397360742,-0.2751639187,-0.08849067986,-0.02072356979,-0.1065328533,-0.09178885498
8.366477417,-0.007238686085,-0.02378177643,0.06317508221,-0.4503552616,-0.3755150437,-0.1501764059,-0.02416336721,-0.1104390998,-0.09317220581
8.376533417,0.01955914497,0.03777122498,-0.02344101295,-0.5158317685,-0.4554483593,-0.1645624191,-0.02859124325,-0.1154267704,-0.09494736019
8.386589417,0.02075146139,0.1045331955,-0.1171542406,-0.3420711756,-0.5150922537,-0.1167986169,-0.03364769952,-0.1197653822,-0.09651042404
8.396645417,0.03018417954,0.1310628653,-0.1792083383,-0.09860642254,-0.5892328024,-0.0250446219,-0.03925547468,-0.1218903715,-0.09733517624
8.406701417,0.06212602556,0.101142168,-0.1763454676,-0.03716462851,-0.7469680905,0.01616060548,-0.04593206476,-0.1223520372,-0.09723065449
8.416757417,0.0920675993,-0.004361331463,-0.1411910057,-0.1659579426,-0.9439088702,0.008915422484,-0.05436550677,-0.123351953,-0.09720211703
8.426813417,0.1211241931,-0.06825709343,-0.1821520329,-0.263931632,-1.120677948,0.06971804798,-0.0648202828,-0.1256155447,-0.09695974523
8.436868417,0.1175668687,-0.05018115044,-0.2440888286,-0.1394957602,-1.193641424,0.0125175342,-0.07640011759,-0.1276516469,-0.09664497402
8.446924417,0.1158619374,0.02492713928,-0.2642849684,-0.1796844602,-1.332045078,0.0169415772,-0.0891236488,-0.1293071567,-0.09665049205
8.456980417,0.1335641444,0.05175668001,-0.28066504,-0.2074371129,-1.41846478,-0.01468806807,-0.1030194211,-0.1312688111,-0.09680276726
8.467036417,0.1213291436,0.003285109997,-0.2942271829,-0.08721297234,-1.428202629,-0.005522000138,-0.1174139588,-0.1327802185,-0.09709165427
8.477092417,0.1027821898,0.06096440554,-0.2443858981,0.08998586237,-1.403032422,-0.02504590154,-0.1316000158,-0.1326562296,-0.09719456972
8.487148417,0.09921781719,0.1245028973,-0.1787790656,0.1022353396,-1.481840491,-0.04023550823,-0.1460832924,-0.1315563698,-0.09736416636
8.497204417,0.1205210239,0.06727278233,-0.1309211254,0.157268852,-1.578583717,-0.02859999612,-0.1614792011,-0.1302142944,-0.09751778185
8.507260417,0.1304362267,0.03690481186,-0.1312850714,0.2879645526,-1.659350514,-0.002709808527,-0.1777836282,-0.1279673575,-0.09719432931
8.517316417,0.1237471998,0.04935562611,-0.1396824121,0.3276655376,-1.75594604,-0.05507128313,-0.1948624141,-0.1247662122,-0.09687657977
8.527371417,0.1175417155,0.06707954407,-0.06082522869,0.2668493092,-1.911995292,-0.04507217929,-0.2132587497,-0.1217048354,-0.09681123482
8.537427417,0.1229219437,0.08283740282,-0.08829325438,0.2394462824,-2.029223204,0.0003014809336,-0.2330598256,-0.1192411332,-0.09639238207
8.547483417,0.1145443171,-0.001478731632,-0.1446092129,0.2311425358,-2.075207949,-0.1048089564,-0.2536755007,-0.1167362473,-0.09632213734
8.557539417,0.0919894129,-0.04519486427,-0.113214016,0.1456510723,-2.045682192,-0.06261277199,-0.2745194298,-0.1147781079,-0.09679693306
8.567595417,0.08616094291,0.04142838717,-0.08668875694,0.229278326,-2.017894745,-0.02230183221,-0.2948002542,-0.1129006005,-0.09668685506
8.577651417,0.106024608,0.05741006136,-0.06644046307,0.2875121236,-2.056727886,-0.08650625497,-0.3151590485,-0.1101679952,-0.09632480804
8.587707417,0.1358731538,0.02051484585,-0.05635404587,0.2073182166,-2.106075525,-0.04293187708,-0.3361672662,-0.1076048858,-0.09626996286
8.597763417,0.1284920573,0.04472780228,-0.04289889336,0.2608490884,-2.097334862,-0.01335859112,-0.3572025191,-0.1054177774,-0.09570413468
8.607818417,0.09304344654,0.02587032318,-0.03552484512,0.3115586042,-2.084413528,-0.06578265131,-0.3781550161,-0.1026132096,-0.09513455229
8.617874417,0.07949565351,0.04111176729,-0.03501296043,0.4375602305,-2.057306528,-0.06249971688,-0.3988121695,-0.09890331444,-0.09432821678
8.627930417,0.08000594378,0.09453684092,-0.008685648441,0.55995965,-2.065091133,-0.02651961334,-0.4193296027,-0.09406382558,-0.09271667655
8.637986417,0.1002081633,0.0553779006,-0.01825171709,0.6110861897,-2.075785637,-0.01835638471,-0.4399748753,-0.08850254496,-0.09047317246
8.648042417,0.09212844074,0.03434687853,-0.04797196388,0.5886506438,-2.034414768,-0.02872353792,-0.4603033596,-0.08286283876,-0.08803029253
8.658098417,0.06756848097,0.01190656424,-0.01898527145,0.5727703571,-2.052022219,-0.04613147676,-0.4806619762,-0.07746450965,-0.08563925
8.668154417,0.07230822742,-0.0384132266,-0.03561544418,0.3491913378,-2.085726738,-0.04099983349,-0.5013936973,-0.07296338455,-0.08380048115
8.678210417,0.08259837329,0.004616379738,-0.0871847868,0.2126531154,-2.09407568,-0.005283007864,-0.522361857,-0.07054645091,-0.08267838407
8.688266417,0.08691851795,-0.02542686462,-0.152061224,0.2210236937,-2.040215492,-0.02586498111,-0.5430594337,-0.0685795055,-0.08170153731
8.698321417,0.07683040202,-0.04190045595,-0.09925347567,0.202720657,-1.97143364,-0.08457287401,-0.5632093739,-0.06648121185,-0.08114189509
8.708377417,0.0640181005,-0.02005887032,-0.03445261717,0.425183028,-1.890818119,-0.0509339571,-0.5824383563,-0.06348485346,-0.07999855527
8.718433417,0.07495567203,-0.05516165495,0.005469324067,0.612187326,-1.965246201,-0.09573862702,-0.601642252,-0.05874013573,-0.0776385925
8.728489417,0.09557871521,0.0264955759,-0.0189375896,0.7724997401,-1.967194557,-0.1001461595,-0.6213329859,-0.05240396114,-0.07443888388
8.738545417,0.09466335177,0.06065309048,-0.06403821707,0.870518446,-1.913774729,-0.1058073565,-0.6405267386,-0.04494764573,-0.07025033808
8.748601417,0.07124786079,0.0004529953003,-0.05350195989,0.9031389952,-1.812998772,-0.1150016487,-0.6591767458,-0.03705199415,-0.0656439782
8.758657417,0.06015233696,-0.05213755369,-0.06953895092,0.6160395145,-1.676375747,-0.1668471694,-0.676630347,-0.03012284846,-0.06196986968
8.768713417,0.04128456116,0.01893800497,0.07313543558,0.3924277127,-1.604121208,-0.1191355661,-0.6929874165,-0.0252617749,-0.05985759103
8.778769417,0.1182719916,0.1636093259,0.1330865622,0.3320920169,-1.619590282,-0.002488579601,-0.7091685421,-0.02223458233,-0.05792240937
8.788824417,0.1400650591,0.1173143387,0.2105970979,0.407566011,-1.653319001,-0.05691427365,-0.7255838456,-0.01932579954,-0.0556683474
8.798880417,0.07626479864,0.08846485615,0.2384545803,0.5061901808,-1.703598738,-0.1028032228,-0.7423750165,-0.01533898954,-0.05321565575
8.808936417,0.08132340014,0.152675271,0.1679910421,0.5370277762,-1.737705231,-0.1173685864,-0.7596537286,-0.01076552186,-0.05040766889
8.818992417,0.08150178194,0.06542140245,0.1156160235,0.4116295874,-1.743595362,-0.1582652032,-0.7771106183,-0.006274458167,-0.04805405947
8.829048417,0.05925664306,-0.02831286192,0.05917006359,0.1653527021,-1.705848336,-0.1624791324,-0.7944589186,-0.002993677012,-0.04704773887
8.839104417,0.0467402786,-0.07345032692,-0.004071593285,-0.03126328811,-1.616660237,-0.1768625677,-0.8111817847,-0.001397249004,-0.04779120327
8.849160417,0.0310472548,-0.07925778627,0.002282377332,-0.1532328725,-1.529706478,-0.1889162958,-0.82694817,-0.0007244706172,-0.04983984728
8.859216417,0.03609322011,-0.01675873995,0.04598391056,-0.06625722349,-1.479516745,-0.1766777486,-0.8420372217,-0.0001392208039,-0.05190752988
8.869271417,0.04338563979,-0.006083190441,0.1528986096,-0.005138475448,-1.474138498,-0.1498993933,-0.85691419,0.0009300742108,-0.05323888613
8.879327417,0.04693375528,0.02511465549,0.1720523238,0.1864296347,-1.43266809,-0.07671231776,-0.871562984,0.002289891925,-0.05338613706
8.889383417,0.04640382528,0.003302574158,0.08835119009,0.3832239211,-1.392014623,-0.04456343502,-0.8856756142,0.004664700686,-0.05142777552
8.899439417,0.02786365151,0.03948360682,0.1421524286,0.2933114767,-1.386349201,0.01287378464,-0.8997039177,0.006978292813,-0.04889025297
8.909495417,0.06122404337,-0.07113915682,0.1307954788,0.02580519207,-1.390260577,0.05170160532,-0.9137340205,0.007732143483,-0.04737010865
8.919551417,0.07688421011,-0.1542026401,0.1168556809,-0.230003953,-1.398630619,0.07632759213,-0.927789068,0.006599597338,-0.04775263193
8.929607417,0.09223340452,-0.1294994354,0.06289750338,-0.2903876603,-1.416079402,0.04812151939,-0.9419646628,0.004457312509,-0.04951133378
8.939663417,0.1038217992,-0.01273834705,-0.01439583115,-0.1097845063,-1.479883313,0.0434682332,-0.9564449833,0.002789138178,-0.05106851315
8.949719417,0.122076422,0.07567828894,-0.1196616888,0.2325619161,-1.583191872,-0.001410825178,-0.9718405274,0.002961252307,-0.05033794473
8.959774417,0.1027006209,0.1350336671,-0.1578192115,0.3905525208,-1.680928349,-0.08310297132,-0.9882606949,0.005126011093,-0.04786384335
8.969830417,0.09286549687,0.1133800149,-0.1738623381,0.4836582243,-1.722335696,-0.1347733587,-1.005427365,0.008457400349,-0.04467528836
8.979886417,0.08673338592,0.1026617885,-0.149817884,0.3687846959,-1.758378029,-0.1814834177,-1.02294406,0.01214784051,-0.04175901908
8.989942417,0.09615364671,0.07282811403,-0.0874119401,-0.01343484316,-1.83946383,-0.1880984306,-1.041068307,0.01477441553,-0.04106664696
8.999998417,0.106806308,-0.001947820187,-0.07442682981,-0.2111701667,-1.865547419,-0.2356147468,-1.059586369,0.01589114223,-0.04318972736
9.010054417,0.072026968,0.04155129194,-0.09115129709,-0.1750672907,-1.888250589,-0.3334843218,-1.078430887,0.0174094263,-0.04629999671
9.020110417,0.04767271876,0.1150779128,-0.09285420179,-0.07200983167,-1.858728528,-0.378100276,-1.097222697,0.02004254216,-0.04916649851
9.030166417,0.05533327162,0.09867590666,-0.07225513458,0.04192392901,-1.846980572,-0.3743731976,-1.115819307,0.02334577452,-0.05098107695
9.040221417,0.0594831109,0.06080526114,-0.02429485321,0.1141415313,-1.85501194,-0.4051528275,-1.134444018,0.0272436346,-0.05181547501
9.050277417,0.05810956657,0.02562636137,0.03955197334,0.04282820597,-1.845194221,-0.4042279124,-1.153218138,0.03110019749,-0.05296406
9.060333417,0.06765666604,-0.01926887035,0.03603172302,-0.09456080943,-1.80949831,-0.4133153558,-1.171556067,0.03494646818,-0.05482176399
9.070389417,0.07544541359,-0.01423048973,0.1365940571,-0.1465989798,-1.764233828,-0.4033482075,-1.189358891,0.03832171529,-0.05750092596
9.080445542,0.09409978986,0.02562475204,0.1407721043,-0.09076239169,-1.760935068,-0.3931103349,-1.207030437,0.04156176491,-0.06006929946
9.090501542,0.1133373678,0.01209670305,0.1102638245,-0.08047486842,-1.71241045,-0.3478837311,-1.224400049,0.04480573166,-0.06207990897
9.100557542,0.1157659441,-0.06009483337,0.1322798729,-0.09232273698,-1.652361751,-0.3024055064,-1.241271932,0.04763837237,-0.06392207692
9.110613542,0.1106668264,-0.07930809259,0.1139198542,-0.1242937222,-1.59953177,-0.3132698834,-1.257532259,0.05031014372,-0.06581952956
9.120669542,0.1051873714,-0.07830363512,0.1145218611,-0.2557755709,-1.591195703,-0.2958894074,-1.27341254,0.05265646749,-0.06852750292
9.130724542,0.08927670121,-0.1411596537,0.103268519,-0.3346543908,-1.588536978,-0.2835105062,-1.289118263,0.05455180985,-0.07222214656
9.140780542,0.06834061444,-0.1615433097,0.1307697296,-0.377502799,-1.612203121,-0.2788940668,-1.304971177,0.05635148883,-0.07640787331
9.150836542,0.05627466738,-0.1086935997,0.1775934696,-0.3560518324,-1.671906114,-0.1952492446,-1.321222428,0.05771801142,-0.08072352855
9.160892542,0.07072724402,-0.1573759913,0.1093228981,-0.3844519854,-1.712286353,-0.1157235801,-1.338021705,0.05831698236,-0.08456836494
9.170948542,0.04853989184,-0.1889961958,0.09914993495,-0.5587643981,-1.681997657,-0.066240713,-1.354868669,0.05816995134,-0.08943060068
9.181004542,0.02736194432,-0.2021628618,0.09153663367,-0.5618636012,-1.625584245,0.0309965685,-1.371121736,0.05713339966,-0.09509914738
9.191060542,0.01729789376,-0.1675072312,0.04854940623,-0.4595960677,-1.610490322,0.1039682478,-1.387154214,0.05549905603,-0.09999651512
9.201116542,0.003671199083,-0.1201259494,-0.0201735571,-0.4030784369,-1.597860813,0.1627926975,-1.40302412,0.05344571975,-0.1039132548
9.211171542,0.0005967766047,-0.160371244,-0.0113363266,-0.4068095386,-1.616660714,0.1899044812,-1.418924237,0.05100731154,-0.1076340638
9.221227542,0.0145342052,-0.1166082025,0.01971614361,-0.2507324815,-1.676040053,0.2116076052,-1.435281036,0.04850840339,-0.1106440132
9.231283542,0.03391674161,-0.01063966751,-0.01976156235,-0.1562512517,-1.733906269,0.2108169049,-1.452379279,0.04614305918,-0.1124349059
9.241339542,0.05952134728,-0.05928605795,-0.00874568522,-0.2494564354,-1.747412682,0.2379690856,-1.469824948,0.04376338555,-0.1141018186
9.251395542,0.06919391453,-0.1169399023,0.09289608896,-0.2780912519,-1.748068333,0.3534890413,-1.487304757,0.04042104696,-0.1166892443
9.261451542,0.05950921774,-0.05036514997,0.07240414619,-0.01680751517,-1.711766601,0.3756568432,-1.504682205,0.03661186038,-0.1181065114
9.271507542,0.06291680038,-0.0004860758781,-0.05137501657,0.3894188106,-1.665128231,0.3800374568,-1.521729498,0.03298466873,-0.1159374065
9.281563542,0.06372131407,-0.05031985044,-0.09376512468,0.8131909966,-1.58089149,0.4438386261,-1.538258684,0.02911364236,-0.1096706795
9.291619542,0.06323443353,-0.01608723402,-0.0860889107,1.18957901,-1.558451772,0.518640995,-1.554241164,0.02450361263,-0.09939448861
9.301674542,0.06098331511,-0.07998931408,0.06428562105,1.102800965,-1.656874299,0.5484544635,-1.570653994,0.01923873856,-0.08753272867
9.311730542,0.04888047278,-0.1650417447,0.1077572256,0.6765929461,-1.764729142,0.6121133566,-1.587960343,0.01336871561,-0.07853835061
9.321786542,0.06255492568,-0.2068309188,0.07727600634,0.3864561319,-1.860285997,0.6104872823,-1.60632037,0.00700808979,-0.07343958844
9.331842542,0.05207467079,-0.178132236,-0.05338142812,0.2129277587,-1.861101508,0.5760033727,-1.625097834,0.0009492887853,-0.07077438933
9.341898542,0.04010017216,-0.08700197935,-0.1267658323,0.08237841725,-1.789451003,0.5629819632,-1.643394345,-0.004795377702,-0.06962773638
9.351954542,0.05789446831,-0.0273026824,-0.05650138855,0.07735382766,-1.749642253,0.5885789394,-1.661190916,-0.01062844381,-0.06944163821
9.362010542,0.08328667283,-0.008658826351,-0.08159017563,0.3088546395,-1.656856418,0.5619854927,-1.678345767,-0.01661665567,-0.06819592579
9.372066542,0.06277890503,0.03907310963,-0.138248682,0.4990104437,-1.519901514,0.5065552592,-1.694234853,-0.0224223718,-0.06465718009
9.382121542,0.06038548052,0.06733125448,-0.04960571229,0.4491040111,-1.442478299,0.4567479193,-1.708932782,-0.02783799634,-0.06043949791
9.392177542,0.06025081873,0.06623411179,0.08580626547,0.3162016273,-1.447734594,0.4432968497,-1.723383333,-0.03287286859,-0.05720699925
9.402233542,0.06400114298,0.1008175015,0.0551636219,0.1614382565,-1.416062474,0.4046112299,-1.737754561,-0.03748989304,-0.05543074265
9.412289542,0.04043350369,0.08123493195,0.04791557789,-0.003616212634,-1.298801899,0.3732674122,-1.751443544,-0.04148876339,-0.05531223916
9.422345542,0.01861890405,0.07229554653,0.1140162945,-0.1547451913,-1.150226474,0.3964936435,-1.763861178,-0.04507910319,-0.05690743859
9.432401542,0.02582144737,0.08853775263,0.2040026039,-0.1664705575,-0.9670667648,0.4382205904,-1.774627602,-0.04887706322,-0.0593982
9.442457542,0.007268048823,0.05155712366,0.2497512102,-0.01398132369,-0.7776483893,0.4307307601,-1.783482416,-0.05301211239,-0.06125712792
9.452513542,-0.03258270025,0.04068422318,0.2709879875,0.1827085614,-0.6757981777,0.3739630878,-1.790739001,-0.05716533319,-0.06141395868
9.462568542,-0.05860820413,0.03235304356,0.2538484335,0.3735810816,-0.6867851615,0.3024839759,-1.797408974,-0.06108515988,-0.05941554288
9.472624542,-0.08618281782,0.1346738935,0.1921976805,0.3846161664,-0.7703868747,0.2668471336,-1.804378617,-0.06480975913,-0.05602034674
9.482680542,-0.08835426718,0.1460934877,0.2623503208,0.04368876293,-0.9287376404,0.2615400553,-1.812911627,-0.06785645268,-0.05449850258
9.492736542,-0.04305650294,0.06169629097,0.0528472662,-0.3552541137,-0.9535332918,0.2450572252,-1.822579053,-0.06998256716,-0.05655460734
9.502792542,-0.05919644237,0.02912944555,0.002452358603,-0.6694126129,-0.9409034252,0.2465094328,-1.832578797,-0.07101878894,-0.06238057573
9.512848542,-0.06204129383,0.0580573678,0.02655506134,-0.6904148459,-0.881116271,0.2382696122,-1.84234555,-0.07151091244,-0.06991330789
9.522904542,-0.04727454484,0.09420180321,0.03787766397,-0.387557447,-0.792227149,0.2162080556,-1.851238352,-0.07215761238,-0.07599591265
9.532960542,-0.02954066172,0.1329126358,-0.006989359856,-0.06621722877,-0.7204081416,0.1719899923,-1.858935833,-0.07346621149,-0.07862426391
9.543016542,-0.02275099233,0.1211332679,0.119164601,0.1294530183,-0.7065266967,0.1044868976,-1.866179515,-0.07492738817,-0.07870058824
9.553071542,0.002408616245,0.08851832151,0.150657177,0.3371998072,-0.6493962407,0.04017209262,-1.872821039,-0.07634713542,-0.07668658526
9.563127542,0.01444454864,0.0901068449,0.1553713232,0.5064411759,-0.5917518735,-0.02624805085,-1.878688288,-0.07773595816,-0.07248297017
9.573183542,0.03733508661,0.1725025773,0.1940341145,0.321370095,-0.6173770428,-0.03814439103,-1.884378257,-0.07875218684,-0.0680936561
9.583239542,0.0924359113,0.09873747826,0.200799942,-0.1514269859,-0.6036515236,-0.02609776892,-1.890559172,-0.07870506768,-0.0671552982
9.593295542,0.08806194365,-0.01223915815,0.1440912336,-0.4451422095,-0.5543521643,-0.0296240598,-1.896625004,-0.07744683742,-0.07013950939
9.603351542,0.05801814422,0.03064072132,0.09937083721,-0.4361150265,-0.4932045341,-0.05195330828,-1.902197331,-0.07561774955,-0.07429678828
9.613407542,0.01824195683,0.08941018581,0.07487370074,-0.3204651475,-0.4403266609,-0.06848275661,-1.907114636,-0.07381108954,-0.07767911847
9.623463542,-0.02527556568,0.04345613718,0.07220125198,-0.2187880427,-0.3736461699,-0.09697915614,-1.91137853,-0.07217649689,-0.07987565836
9.633518542,-0.06590428948,0.01840811968,0.061795488,-0.08309705555,-0.3489384353,-0.1043763533,-1.915100687,-0.07073531415,-0.08100346858
9.643574542,-0.07786728442,0.00819081068,0.04027700424,0.1009003893,-0.3447055817,-0.1137634665,-1.918529402,-0.06970708097,-0.08059430158
9.653630542,-0.07097870111,0.02093613148,0.03199459612,0.2598617971,-0.3659600019,-0.09445847571,-1.921916193,-0.06939060452,-0.07845432627
9.663686542,-0.05874970183,0.03058701754,0.03102339804,0.1923351437,-0.4275165796,-0.04076531529,-1.925773483,-0.06956160009,-0.07585685154
9.673742542,-0.05535932258,-0.03221988678,-0.03401172161,-0.09233760834,-0.4245322645,0.005371553823,-1.930050102,-0.06959963055,-0.07533182608
9.683798542,-0.0695162341,-0.1477201581,-0.02406646311,-0.214832589,-0.4329716861,0.005072081462,-1.934460156,-0.06901443076,-0.07698607537
9.693854542,-0.0453710556,-0.05875790119,-0.02779175341,-0.05156349763,-0.3973029256,0.03114629164,-1.938704233,-0.06870003039,-0.07837189302
9.703910542,-0.009743344039,0.02844494581,-0.07835747302,0.1542019695,-0.3491365612,0.02744798735,-1.942414963,-0.06920055514,-0.07793585132
9.713966542,0.01128260419,0.009466648102,-0.02605308592,0.2464349568,-0.3417769074,-0.00344787701,-1.945746781,-0.07005993514,-0.07606753811
9.724021542,0.04135470837,0.03904056549,0.0005742311478,0.326595962,-0.3299172223,-0.003137805266,-1.948933955,-0.07109586089,-0.07332443143
9.734077542,0.04540309682,0.07138544321,0.01224839687,0.4287622869,-0.3046163917,-0.03869792819,-1.951908242,-0.07237476821,-0.06963825839
9.744133542,0.03951763734,0.05806690454,0.03305184841,0.3988516927,-0.2602728605,-0.07023178041,-1.954462156,-0.0734045184,-0.06553013302
9.754189542,0.04275047407,0.05833697319,0.07770323008,0.3513688743,-0.2115809768,-0.07570910454,-1.956574975,-0.07413128404,-0.06170042912
9.764245542,0.0284453854,0.003208339214,0.1399946213,0.2285545319,-0.1536343098,-0.05226066336,-1.958197884,-0.07461958334,-0.05869181736
9.774301542,0.02822944149,-0.0504103303,0.06847417355,0.1868536919,-0.1219464242,-0.002834258135,-1.959397377,-0.07510670497,-0.05670916877
9.784357542,-0.02040063962,-0.03879523277,-0.02792882919,0.2230582982,-0.1420389116,0.01030018553,-1.960524382,-0.0759447215,-0.05483568811
9.794413542,-0.07081536949,-0.06865233183,-0.06483316422,0.2445438951,-0.1534050107,0.003539751517,-1.96185041,-0.07695337225,-0.05256938679
9.804468542,-0.05849547312,-0.06993633509,-0.05133975297,0.2441324294,-0.1874537915,0.01014385838,-1.963384617,-0.07795978579,-0.05033087195
9.814524542,-0.02583404258,-0.04990917444,0.03910565376,0.1038251147,-0.2828032076,-0.002174593043,-1.965583381,-0.07872405116,-0.04863390476
9.824580542,0.0001325942576,-0.0427365303,0.04381276667,0.01992311329,-0.3574622869,0.005939526018,-1.968794103,-0.07893772025,-0.0481242181
9.834636542,0.002802286297,-0.0165977478,-0.004955038428,-0.07820691913,-0.4548133314,0.03193331137,-1.97292629,-0.07899598713,-0.04853119219
9.844692542,0.009814575315,0.02374690771,-0.0639725998,-0.07338273525,-0.4952738285,0.05574961007,-1.977783433,-0.07916855574,-0.04938141696
9.854748542,0.0007423199713,-0.02592360973,-0.05205476284,-0.1198319942,-0.472058773,0.05637518689,-1.982801494,-0.07929123242,-0.05048484059
9.864804542,0.01195892133,-0.03181052208,0.001164078712,-0.1125751361,-0.3892680109,0.08116937429,-1.987349515,-0.07938929711,-0.05196238753
9.874860542,0.02562402934,-0.03243517876,0.01248942316,-0.06051460654,-0.2390713245,0.08352787048,-1.99062268,-0.07976653827,-0.05311761086
9.884915542,0.02169029042,-0.03156131506,0.05211471766,0.04806864262,-0.1042878106,0.07017347962,-1.992347793,-0.08049700859,-0.05340984093
9.894971542,0.02526982315,-0.01348751783,0.06102240086,0.06644791365,-0.01453395188,0.02331010066,-1.992895004,-0.08117614889,-0.05302551059
9.905027542,0.01003553718,-0.01082003117,0.07427038252,0.09099036455,0.03128520399,-0.01604284532,-1.992720649,-0.08154736885,-0.05228008108
9.915083542,-0.01081779413,0.004776716232,0.2285699993,-0.008598277345,0.006965215318,-0.02456389554,-1.992473335,-0.08148448354,-0.05174828453
9.925139542,0.06396715343,0.05248636007,0.2554130554,-0.08162281662,0.01145410631,0.02094097808,-1.992400705,-0.08128683724,-0.05221698888
9.935195542,0.09988037497,-0.0108268857,0.1473139673,-0.06200597435,0.06138890982,0.0004615368962,-1.992106012,-0.08105827201,-0.05299330975
9.945251542,-0.009979367256,0.01893848181,0.1318266541,-0.04712773487,0.08625790477,-0.02373123169,-1.991396534,-0.08074510063,-0.05336512683
9.955307542,-0.02391404286,-0.005684196949,0.1627024412,-0.1314138621,0.1504635364,0.006617087405,-1.99031168,-0.08032095113,-0.05408118995
9.965363542,-0.02078849263,-0.08015155792,0.2707972527,-0.2813310027,0.2786164284,0.05354097113,-1.988423137,-0.07974667571,-0.05619953833
9.975418542,-0.02171712741,-0.07954478264,0.3547093868,-0.3550275862,0.4410106838,0.103198804,-1.985086915,-0.07913945236,-0.05951147929
9.985474542,-0.01287007704,-0.06258434057,0.403373003,-0.3043309152,0.6044120193,0.083111085,-1.980106294,-0.07868480595,-0.06293836278
9.995530542,-0.02114659734,-0.03074425459,0.4362283945,-0.2314745337,0.7178648114,0.04146004841,-1.973638799,-0.0782094113,-0.06567295497
10.00558654,-0.003927662969,0.03056305647,0.446660161,-0.2237690389,0.7598292828,-0.01331728604,-1.966411476,-0.0774340864,-0.06785989879
10.01564254,0.03345613927,0.06019842625,0.3353585005,-0.1704437733,0.8185533285,-0.02953540348,-1.958602703,-0.07645400091,-0.06961860697
10.02569854,0.01965441927,0.09731221199,0.2216763645,-0.1380168945,0.8730787039,-0.04107533395,-1.950178923,-0.07558100666,-0.07087137037
10.03575454,0.008075688034,0.08436608315,0.1701630354,-0.2197080255,0.9516752362,-0.03907024115,-1.941213676,-0.07454611477,-0.0724414395
10.04581054,0.007271576673,0.01841425896,0.1865583658,-0.2953280509,1.060863256,-0.0262015257,-1.931300394,-0.07328938198,-0.0748029154
10.05586554,0.002854846418,0.006208777428,0.1768860817,-0.2165373713,1.186693072,-0.05305125192,-1.920174015,-0.07202127498,-0.07713815396
10.06592154,0.001261696219,0.01948308945,0.1708878428,-0.09841920435,1.330798984,-0.05937915668,-1.907641912,-0.07094461877,-0.07848201558
10.07597754,0.01394409314,0.0344877243,0.2311800718,-0.02161629684,1.484515071,-0.0635824278,-1.893516052,-0.07014366776,-0.07887711855
10.08603367,0.03658377752,0.0348482132,0.2458582073,0.08471719921,1.628716111,-0.1109193936,-1.877808324,-0.0694424906,-0.07832655095
10.09608967,0.01795530319,0.09130895138,0.2582107782,0.2152352631,1.76264596,-0.186221078,-1.860613986,-0.06845522092,-0.07644310801
10.10614567,0.02104413882,0.1910576224,0.2795366049,0.253038913,1.834254026,-0.2465966344,-1.842254878,-0.06701424133,-0.07347948386
10.11620167,0.0728013292,0.2315298915,0.2104520947,0.1889795065,1.889222145,-0.2740202546,-1.823370349,-0.06507093238,-0.07061224631
10.12625767,0.06915508211,0.1292831898,0.1235172898,0.1349821389,2.011820316,-0.3122326434,-1.803674235,-0.06261230604,-0.06831513723
10.13631267,0.01800019294,0.07695752382,0.1638339758,0.124982506,2.206513882,-0.3418880105,-1.782342467,-0.05966650173,-0.06629990306
10.14636867,0.04454150796,0.08330929279,0.2288447469,0.2274486423,2.318949938,-0.3236153424,-1.759422137,-0.05669503952,-0.06406212851
10.15642467,0.0867202431,0.06599318981,0.1153541654,0.3988938928,2.365812778,-0.3396606147,-1.735577309,-0.05398028656,-0.06039253838
10.16648067,0.06938194484,0.07534986734,0.04051244259,0.531169951,2.336931705,-0.3724923432,-1.711590764,-0.0511574152,-0.05509983569
10.17653667,0.08549591154,0.05166912079,-0.01228571683,0.4978628755,2.262317657,-0.391153127,-1.688144246,-0.04801528242,-0.04935060629
10.18659267,0.1074312553,0.04198086262,-0.04972064495,0.3287179768,2.149901628,-0.39343822,-1.665748551,-0.04452549802,-0.04485154826
10.19664867,0.09354513139,0.01752698421,-0.09410178661,0.170623675,2.057993889,-0.4230059683,-1.644468105,-0.04063301233,-0.04193711767
10.20670467,0.07887195051,-0.008796989918,-0.06539273262,-0.01956894808,2.039574385,-0.4474469423,-1.623887464,-0.03628527235,-0.04085623226
10.21675967,0.09783871472,-0.03790944815,-0.008429758251,-0.1541283578,2.077396393,-0.4494270086,-1.603189963,-0.03172349504,-0.04155622269
10.22681567,0.1153949499,-0.05571234226,0.04197859019,-0.1679169685,2.128239393,-0.4551344812,-1.582036176,-0.02717901814,-0.04318338706
10.23687167,0.1270921528,-0.01477944851,-0.01196265221,0.06426461041,2.076914072,-0.4552423358,-1.560853901,-0.02262027575,-0.04383099952
10.24692767,0.1418484002,0.0318915844,-0.1347355843,0.2201231718,1.951886296,-0.460930109,-1.54053333,-0.01797563845,-0.04242208251
10.25698367,0.143310383,0.01956313848,-0.1271159649,0.1666104198,1.79596889,-0.4590067565,-1.521642445,-0.01328419808,-0.04052550232
10.26703967,0.1379364878,-0.05068641901,-0.07780551165,-0.0640854165,1.718960524,-0.4486745298,-1.504042978,-0.008680438096,-0.04023893888
10.27709567,0.1109410375,-0.09741681814,0.03494739532,-0.3128233254,1.775615811,-0.3841988742,-1.486549174,-0.004616147332,-0.04247141204
10.28715167,0.1050318629,-0.1238479614,0.1963906288,-0.4956429899,1.877371907,-0.3012161851,-1.468192835,-0.001585422452,-0.04690264786
10.29720667,0.1196100414,-0.13535285,0.2065821886,-0.4278224111,1.949280143,-0.2427811027,-1.449011264,0.0005394039227,-0.05208357489
10.30726267,0.1022957563,-0.08674013615,0.09850919247,-0.3062893152,1.947619677,-0.2072891593,-1.429441459,0.002303376504,-0.05606114888
10.31731867,0.09298431873,-0.02538388968,0.08989214152,-0.2665908933,1.919092894,-0.1707849503,-1.410005822,0.003762690788,-0.05911331314
10.32737467,0.1116425097,-0.0383271575,0.06885254383,-0.2134905607,1.866561532,-0.1257306933,-1.390962245,0.004769033097,-0.06180438671
10.33743067,0.09338153899,-0.06544655561,0.04377496243,-0.1482175589,1.835911989,-0.0938681066,-1.372397599,0.005477829343,-0.06382584391
10.34748667,0.05813242495,-0.01271319389,-0.02367211133,-0.146915704,1.885707498,-0.05355322734,-1.353706474,0.005899511184,-0.06539273635
10.35754267,0.04956805706,-0.05433571339,-0.05566526204,-0.1101624966,1.888923287,-0.04644738138,-1.334701912,0.006058432352,-0.0667929444
10.36759867,0.02395606041,0.03149741888,-0.1459771395,-0.02643941529,1.791625857,-0.03041395359,-1.316129774,0.006242750091,-0.06769621945
10.37765367,0.03049826622,0.005026519299,-0.2550925016,-0.04283809662,1.682202697,-0.02896013297,-1.298703441,0.00642093634,-0.0680350098
10.38770967,0.04132649302,-0.1296825409,-0.2528401613,-0.1911591291,1.680679083,-0.008855984546,-1.281854284,0.006267403875,-0.06921937171
10.39776567,0.02102948725,-0.140540421,-0.1176182032,-0.3090702891,1.757743239,0.02760189213,-1.264614543,0.005400834546,-0.07165891629
10.40782167,0.0468121469,-0.1491369605,0.05919873714,-0.3866215646,1.92238307,0.08320687711,-1.246032377,0.003892864149,-0.07482059865
10.41787767,0.0834659189,-0.1345243454,0.2673494816,-0.3658140004,2.103737354,0.1591969877,-1.225693809,0.001397206049,-0.07814126617
10.42793367,0.1320412755,-0.1504781246,0.2638010979,-0.2278758585,2.197009325,0.148018688,-1.203928191,-0.00106365119,-0.08035186647
10.43798967,0.1565615088,-0.08194977045,0.2504526377,-0.1388040334,2.206600428,0.1685788184,-1.181746592,-0.003312502937,-0.08165453699
10.44804567,0.1825446039,-0.06436210871,0.1078363732,0.06691880524,2.161875248,0.1391373873,-1.159759692,-0.004952789334,-0.08146782509
10.45810067,0.149772957,-0.02721196413,0.03240418434,0.09163986146,2.059899569,0.08913893998,-1.138541994,-0.005554157869,-0.08011585122
10.46815667,0.1248595566,0.03882986307,-0.007103323936,-0.06844416261,2.003213167,0.08575241268,-1.118124805,-0.006251092426,-0.07957182045
10.47821267,0.1230945885,0.001852214336,0.03802323341,-0.3145668507,2.021686077,0.08386982232,-1.097990214,-0.007907548054,-0.08091085951
10.48826867,0.07105840743,-0.0157456398,0.1483601332,-0.4211906791,2.154564142,0.09633997083,-1.077078396,-0.01052838025,-0.08398411609
10.49832467,0.05436976254,-0.04430675507,0.1899256706,-0.3874281943,2.379346371,0.106899932,-1.054357581,-0.01338224342,-0.08700748359
10.50838067,0.07015410066,-0.008733808994,0.2355326414,-0.2066032737,2.508184195,0.1172504202,-1.029785545,-0.01615230436,-0.08946031626
10.51843667,0.1425305158,0.01212412119,-0.05422985181,0.1020397767,2.524950027,0.08147324622,-1.004310575,-0.01703942459,-0.08932086512
10.52849267,0.1671443135,0.1090154648,-0.1146203279,0.2918983698,2.419286013,0.04527537152,-0.9793071053,-0.01639035133,-0.08715664893
10.53854767,0.1573750824,0.07477980852,-0.1372469664,0.24561207,2.223709106,0.03793463483,-0.9558303544,-0.01516639112,-0.08461571706
10.54860367,0.1310753375,0.0986392498,-0.1162455082,-0.03629794717,2.025398016,0.02703296021,-0.9344397329,-0.01478957929,-0.08352343087
10.55865967,0.1052667052,0.2007710934,-0.1765500307,-0.2748106718,1.876366973,0.01482902467,-0.9148864273,-0.01598678511,-0.08465536719
10.56871567,0.07916620374,0.01070803404,-0.2044810057,-0.4813175201,1.84527123,-0.08249595761,-0.8963273131,-0.01802897444,-0.08786664865
10.57877167,0.007930725813,0.0424733758,-0.09410738945,-0.5793386698,1.892147422,-0.08269888908,-0.8776362007,-0.0208550171,-0.09267766678
10.58882767,0.008649021387,0.07604980469,-0.04586803913,-0.5204475522,1.934401512,-0.06176622957,-0.8584713197,-0.02403499614,-0.09756563511
10.59888367,0.07113625109,0.0908523798,-0.1578211784,-0.3036608994,1.90015614,-0.09153105319,-0.8392319605,-0.02623094973,-0.1011771751
10.60893967,0.111045137,0.24395293,-0.2051261663,-0.1589291394,1.732568622,-0.1598986834,-0.820936602,-0.0267722988,-0.1036916046
10.61899467,0.1392875314,0.2305025458,-0.2313082218,-0.1647910327,1.497934461,-0.2207758874,-0.8047404151,-0.02650500673,-0.1061879208
10.62905067,0.1206723899,0.1535033584,-0.2726019621,-0.1762842983,1.32996428,-0.2798362374,-0.7906791344,-0.02591288454,-0.1092227279
10.63910667,0.06368547678,0.1695323586,-0.3360129595,-0.09953333437,1.243398309,-0.3314368427,-0.7778365608,-0.02474811215,-0.1123895212
10.64916267,0.01075752079,0.1095681787,-0.2922226191,-0.07914324105,1.207851529,-0.374759376,-0.7656550641,-0.02285032433,-0.1155330796
10.65921867,-0.03100700676,0.03618317842,-0.1564267874,-0.1363242418,1.229399681,-0.3700024486,-0.7534989645,-0.02103226439,-0.1189969769
10.66927467,-0.03881876171,0.004481971264,-0.1104953289,-0.113031961,1.247106791,-0.3615889847,-0.7411242339,-0.01949281269,-0.1225794759
10.67933067,0.003831788898,0.02946221828,-0.09892070293,-0.07661669701,1.225523829,-0.3729931712,-0.7287058233,-0.01774054629,-0.1259579123
10.68938667,0.05185706913,0.07525408268,-0.09132146835,0.01422456931,1.189888597,-0.4123776257,-0.7165212646,-0.01533309631,-0.1291631155
10.69944167,0.07955873013,0.08395957947,-0.08340644836,0.07902912796,1.144712567,-0.4381186664,-0.7047941281,-0.0122495629,-0.1321229515
10.70949767,0.08468089998,0.08116430044,-0.04572957754,0.1880128682,1.150013924,-0.4772219062,-0.693321234,-0.00825821931,-0.1347787909
10.71955367,0.06997185946,0.09805572033,0.02475011349,0.1658556461,1.15677762,-0.508926332,-0.6817504465,-0.003670790679,-0.1374278699
10.72960967,0.06334985793,0.05839967728,0.1260147095,-0.01351766847,1.202009201,-0.5252586007,-0.6698974953,0.0003169022028,-0.1408794072
10.73966567,0.05941045284,-0.02664500475,0.2211858034,-0.2818388641,1.298138618,-0.5070489645,-0.657390357,0.002350295618,-0.145887149
10.74972167,0.03508542478,-0.08521538973,0.3008238077,-0.5111801624,1.476091623,-0.4666304886,-0.6435116559,0.00206226276,-0.1522560162
10.75977767,0.01107890904,-0.07466948032,0.3468891382,-0.5947093964,1.648190498,-0.4510025084,-0.6276437738,0.0003004922134,-0.1593136636
10.76983367,0.01871064305,-0.04611551762,0.3383195996,-0.5130242109,1.77742672,-0.4319651127,-0.6103260011,-0.001760404,-0.1662023763
10.77988867,0.05280154943,-0.01785242558,0.2352568507,-0.3643801808,1.775003433,-0.4361180365,-0.5924833133,-0.00295796966,-0.1723033968
10.78994467,0.07899835706,-0.01569831371,0.1779323816,-0.322419554,1.677440643,-0.4670241773,-0.5750712838,-0.003236579807,-0.1779432848
10.80000067,0.1124590337,-0.03340566158,0.06614160538,-0.3949166536,1.563295126,-0.4324403703,-0.5588413951,-0.003866252875,-0.1837749507
10.81005667,0.1345191896,-0.02861642838,-0.05804163218,-0.4615409374,1.425100803,-0.3946919143,-0.5438671529,-0.005443997932,-0.1895597767
10.82011267,0.1110471785,-0.08863228559,-0.1140159965,-0.5753530264,1.336215377,-0.3767741621,-0.5300819745,-0.007854116826,-0.1955812435
10.83016867,0.0638692975,-0.1348865628,-0.09451943636,-0.729168117,1.331826448,-0.3165696859,-0.5167609533,-0.01175811925,-0.2018667826
10.84022467,0.03491917253,-0.174521327,-0.04891377687,-0.8275942802,1.382439017,-0.2555119395,-0.5032278839,-0.01718079536,-0.208211517
10.85028067,0.02719691396,-0.1670253277,0.03666818142,-0.8151301742,1.465024948,-0.1667503566,-0.4890300008,-0.02354041979,-0.2140882737
10.86033567,0.03216785192,-0.1248956323,0.06535196304,-0.7060284615,1.545989871,-0.08614899218,-0.4739943269,-0.02974954086,-0.2187507503
10.87039167,0.06122690439,-0.08515971899,-0.002443551086,-0.463138938,1.537633181,-0.02170251496,-0.4584901874,-0.03488149512,-0.22192606
10.88044767,0.1328794956,-0.02958625555,-0.1699625254,-0.3022914827,1.386061668,0.0181958992,-0.4437822809,-0.0382825427,-0.2236019145
10.89050367,0.1826072633,0.01460373402,-0.288408041,-0.2436062098,1.173201084,0.03168518469,-0.4309206889,-0.04078248872,-0.2244757732
10.90055967,0.1913731396,-0.0686865449,-0.3537690639,-0.3554118574,1.000535607,0.03787809983,-0.4200666147,-0.04362942099,-0.2253808566
10.91061567,0.1642433107,-0.101374507,-0.3462551832,-0.4541510344,0.8787173033,0.04192658141,-0.4106552155,-0.04758402076,-0.2266669189
10.92067167,0.134788841,-0.08080279827,-0.3127104044,-0.6139068604,0.8000251651,0.04324138537,-0.4023451829,-0.05263998297,-0.2284040961
10.93072767,0.1230325103,-0.03075015545,-0.2273718119,-0.7019485831,0.7645862103,0.09718541801,-0.3946339822,-0.05907524963,-0.2303722304
10.94078267,0.1049966812,-0.03568059206,-0.135802865,-0.67878443,0.7538602948,0.1337514073,-0.3871487896,-0.06595206357,-0.2319595529
10.95083867,0.06805837154,-0.02446550131,-0.0300314445,-0.5863531232,0.826595962,0.157498315,-0.3792936467,-0.07244832797,-0.2329697655
10.96089467,0.02441856265,0.02342796326,0.05733776093,-0.5087307692,0.9315359592,0.1622517854,-0.3704833439,-0.07814313518,-0.233464325
10.97095067,0.001043558121,0.06104922295,0.1118189022,-0.4378918111,1.01697886,0.1560216695,-0.3607077383,-0.08315169299,-0.2336439061
10.98100667,-0.009745121002,0.06200313568,0.1311469078,-0.40401721,1.078054905,0.1204793975,-0.3502144516,-0.08758754732,-0.2337570615
10.99106267,-0.02511557937,0.03314882517,0.1314731836,-0.4397701323,1.063399553,0.07961382717,-0.3394518875,-0.09181265065,-0.234177642
11.00111867,-0.02396643162,-0.009519398212,0.1047605276,-0.6295281053,1.068923473,0.03281249851,-0.3288809332,-0.0970919376,-0.2354372459
11.01117467,-0.0263813436,-0.07563704252,0.08118343353,-0.7682393789,1.096817613,0.01348234341,-0.3182629093,-0.1038163187,-0.2374607838
11.02122967,-0.04763236642,-0.07958459854,0.08744335175,-0.8546219468,1.084277511,0.005404976197,-0.3076031346,-0.111599237,-0.2399066774
11.03128567,-0.06346032023,-0.02089649439,0.08166992664,-0.9071282148,1.110513091,0.00387032982,-0.2968772085,-0.12013514,-0.2425557307
11.04134167,-0.0661123693,-0.03276497126,0.05232620239,-0.8901316524,1.132068634,0.03246708959,-0.2859171326,-0.128888139,-0.245065887
11.05139767,-0.05820372701,-0.05447012186,0.03587127477,-0.902346909,1.24171102,0.03038401529,-0.2743095276,-0.1377026812,-0.2473184386
11.06145367,-0.060354352,-0.00229883194,0.03814028949,-0.8665931821,1.267461419,0.1609984785,-0.2618974776,-0.1465172939,-0.2487750716
11.07150967,-0.02514210343,0.04706931114,-0.01943517476,-0.7786777616,1.271676302,0.211547941,-0.2491958762,-0.1551194759,-0.249097892
11.08156587,-0.01538604498,-0.05889093876,-0.04380261898,-0.734855473,1.28189671,0.2148294896,-0.2363636756,-0.162935624,-0.2488145934
11.09162187,-0.01016360521,-0.1323477626,0.05784929544,-0.7917265892,1.294307232,0.2351354212,-0.2233031269,-0.1709049403,-0.2482652063
11.10167688,0.004318356514,-0.1173661947,0.03849910945,-0.9167090058,1.280201793,0.2685748935,-0.2103241492,-0.1798373417,-0.2476398845
11.11173288,0.04074376822,-0.08848404884,-0.03926897794,-0.7852268815,1.239857674,0.2738197744,-0.1973629243,-0.1888330614,-0.2465578767
11.12178888,0.0661700666,-0.0003349781036,-0.1046133041,-0.6580407023,1.131561279,0.2364151627,-0.185224014,-0.1964454447,-0.2454879371
11.13184488,0.1109493375,0.1374376416,-0.197830677,-0.4653668702,0.9867059588,0.2407889515,-0.1742977445,-0.2024112623,-0.2440777714
11.14190088,0.1384269297,0.1715333462,-0.2486118078,-0.2964292467,0.8281365633,0.2176716477,-0.164751736,-0.2064623667,-0.2423764857
11.15195688,0.1378749907,0.1438809633,-0.2283526659,-0.2199306637,0.6726923585,0.2047721446,-0.1567810333,-0.2093260818,-0.2406094164
11.16201288,0.1219049692,0.09104436636,-0.2376089096,-0.2012360841,0.5351515412,0.1962012947,-0.150412177,-0.2117495286,-0.2389147759
11.17206787,0.1036185324,0.02777785063,-0.2821780443,-0.1686934978,0.4781580567,0.1946907043,-0.1449979413,-0.2137630185,-0.237238801
11.18212387,0.08326873183,0.01196169853,-0.2410980463,-0.1983608454,0.4390538037,0.1908578724,-0.1400341403,-0.215874404,-0.2355571039
11.19217988,0.07290616632,0.0005680322647,-0.1785494089,-0.2086500227,0.4354320168,0.2105937302,-0.1353244131,-0.2182544295,-0.233837016
11.20223588,0.0727969408,-0.03282356262,-0.1132487059,-0.2049167901,0.3676050305,0.2393273711,-0.1308794931,-0.2205641531,-0.2317662048
11.21229188,0.07787489891,-0.03921407461,-0.06760585308,-0.180316776,0.2824250162,0.2819181085,-0.1270887289,-0.2228361983,-0.2293418154
11.22234788,0.07719931006,-0.01562219858,-0.09328986704,-0.1610509306,0.2446078658,0.3032087684,-0.1238617513,-0.2249230217,-0.2265555709
11.23240388,0.06054675579,0.00998711586,-0.07633579522,-0.1558437943,0.2103581578,0.3129502237,-0.1210165521,-0.2268651755,-0.2235902735
11.24245988,0.04221580923,-0.01884996891,-0.01891481876,-0.1712725461,0.1638609618,0.3665844202,-0.118429456,-0.2289017185,-0.2202898794
11.25251487,0.04166485369,-0.0334828496,-0.005654200912,-0.1582468599,0.1461312324,0.400943011,-0.1160100856,-0.2309847354,-0.2165324045
11.26257087,0.03909100592,-0.008444130421,-0.008459106088,-0.1515937448,0.1323363185,0.3998247385,-0.1136455319,-0.2329314733,-0.2126085593
11.27262688,0.03692524135,-0.003708541393,-0.0009118393064,-0.195833981,0.1546914279,0.3922277093,-0.111378042,-0.2351596625,-0.2087356023
11.28268288,0.03171692789,-0.01126921177,0.001618742943,-0.1576487869,0.1572626978,0.3850132227,-0.108909728,-0.2374440225,-0.204900378
11.29273888,0.01843544841,-0.008367478848,0.02863729,-0.1035387665,0.1442561001,0.3622695506,-0.106535498,-0.2391750062,-0.2012160784
11.30279488,0.00925141573,0.02275443077,0.01917232573,-0.08501248807,0.1242288575,0.3314749002,-0.1044188238,-0.2404855243,-0.1977754365
11.31285088,-0.0005925893784,0.04811543226,-0.004387125373,-0.044227954,0.1272568703,0.3231801987,-0.1021753849,-0.2414190995,-0.1945149608
11.32290688,-0.006234407425,0.03252708912,-0.01490233839,-0.000331603107,0.1431727111,0.3034054339,-0.1000932851,-0.2420035626,-0.1912907903
11.33296187,-0.009854197502,0.02181112766,-0.03457844257,0.03746313602,0.1501577944,0.3047909439,-0.09781823264,-0.2421035951,-0.1880866251
11.34301787,-0.01512797177,0.0427750349,-0.04512870312,0.08738515526,0.1803580374,0.3098099232,-0.09530046512,-0.2417069867,-0.1849007886
11.35307388,-0.0140632689,0.05041974783,-0.05437789857,0.1473243535,0.2236622423,0.3027117252,-0.09250652561,-0.2408204569,-0.1816523454
11.36312988,-0.01621757448,0.03386104107,-0.07864642143,0.2001129985,0.2432540506,0.3191764355,-0.08931056999,-0.2393552833,-0.1782726468
11.37318588,-0.007456183434,0.03947991133,-0.08786833286,0.1659907997,0.2376105487,0.3159653544,-0.08606726673,-0.2378077985,-0.1748223656
11.38324188,-0.004618033767,0.02267509699,-0.005644068122,0.1601424962,0.1966596544,0.2827861011,-0.08312463754,-0.2364729031,-0.171636944
11.39329788,-0.01533015072,-0.05181479454,0.04737745225,0.1485284567,0.1298369467,0.2616324127,-0.08082907222,-0.2351417519,-0.1686678856
11.40335388,-0.009802445769,-0.04521381855,0.08797632903,0.07516821474,0.06161208078,0.2354828268,-0.07925452815,-0.2341829584,-0.1659999534
11.41340887,0.01540237665,0.05442124605,0.01218485832,0.09081273526,0.02345737256,0.2252760381,-0.07824402518,-0.2335827033,-0.1635532396
11.42346487,0.04017458856,0.09436666965,-0.07012809068,0.1307345927,-0.02373117767,0.1838287264,-0.07775452195,-0.2326880616,-0.1613654686
11.43352087,0.0484598726,0.05761611462,-0.09805787355,0.2163207233,-0.03488329798,0.1813704967,-0.07760989006,-0.2310795246,-0.1593209845
11.44357688,0.04019019008,0.03675103188,-0.1082437038,0.2760282457,-0.02144259214,0.1483366489,-0.07737745547,-0.2286377972,-0.1575675885
11.45363288,0.03440402448,0.1058704257,-0.08192730695,0.421739012,0.07663204521,0.1184554994,-0.07667009478,-0.2253306458,-0.1558613043
11.46368888,0.0238725692,0.1090174913,-0.06615079939,0.5140691996,0.07440803945,0.1027790681,-0.07555536936,-0.2206861381,-0.1543396635
11.47374488,0.0315553844,0.06476330757,-0.01345551014,0.4988282919,0.07060557604,0.09171357751,-0.07456512246,-0.2156490743,-0.1529454315
11.48380088,0.02314941585,0.02542990446,0.03171038628,0.4549497962,0.08153358847,0.1180106997,-0.07348015163,-0.2109082483,-0.1514449278
11.49385588,0.008668959141,-0.0185764432,0.06828748435,0.3930144012,0.0955368951,0.132383585,-0.07233824784,-0.20675698,-0.1498830599
11.50391187,0.001552581787,-0.04799026251,0.07919419557,0.3526669741,0.08334627748,0.1365740746,-0.07109616713,-0.2031175686,-0.1481986781
11.51396787,-0.001023262739,-0.03619813919,0.05733001977,0.3166340888,0.04876685888,0.1328930706,-0.07014388496,-0.1998836497,-0.1466256903
11.52402388,0.00937923789,-0.007624030113,-0.004719376564,0.3304516375,0.006658818573,0.144488737,-0.06947882892,-0.1967633199,-0.1450288947
11.53407988,0.02625291049,-0.02498048544,-0.0809699297,0.3568664789,-0.03165980801,0.1440078318,-0.06929223532,-0.1934350211,-0.1432285517
11.54413588,0.02866400778,-0.01462441683,-0.1034988165,0.4538595974,-0.0671216622,0.1477282643,-0.06947300242,-0.1895490152,-0.1414739173
11.55419188,0.0227048099,0.001211225986,-0.1157894135,0.6297305822,-0.0797804594,0.1353543699,-0.06986482684,-0.1841881663,-0.1396144908
11.56424788,0.008754864335,0.02223223448,-0.09584796429,0.762843132,-0.06076017022,0.1334576756,-0.0702166694,-0.1772491143,-0.1377680303
11.57430288,0.009756982327,0.03210026026,-0.06522977352,0.8282490373,-0.061855793,0.1171715334,-0.07046742057,-0.1693187358,-0.1358103241
11.58435887,0.02572470903,-0.02770626545,-0.04933798313,0.6342670321,-0.1899820715,0.1766044945,-0.07143296017,-0.1619252001,-0.1338820856
11.59441487,0.06057064235,-0.1140562892,-0.05577766895,0.3695140481,-0.2910009623,0.2624377608,-0.07348832891,-0.157004698,-0.1311837213
11.60447088,0.05143427849,-0.1386833787,-0.07231473923,0.1675513536,-0.3376171887,0.2361484021,-0.07623861633,-0.1545731815,-0.1284232883
11.61452688,0.03302195668,-0.07650357485,-0.04716908932,0.09857597947,-0.390843004,0.2612886131,-0.07945914757,-0.1535635221,-0.12588138
11.62458288,0.02929913998,-0.04636955261,-0.05760669708,0.2946424484,-0.4217218459,0.3252212405,-0.08309814797,-0.1520130333,-0.1226938268
11.63463888,0.02581995726,-0.01889169216,-0.1181167364,0.5201539993,-0.4419952631,0.356569916,-0.08678941602,-0.1481658266,-0.1189506871
11.64469388,0.04901871085,0.0221478343,-0.1204811335,0.6749659181,-0.5092650652,0.4401854575,-0.09090065205,-0.1425030074,-0.1143636144
11.65474988,0.0810970217,-0.01334434748,-0.144405663,0.5160649419,-0.6070460081,0.513348937,-0.09572762511,-0.1368071176,-0.1089425597
11.66480587,0.108761549,-0.109746635,-0.149060905,0.2615597248,-0.7100887895,0.4973686337,-0.1016380004,-0.1333387582,-0.1033560024
11.67486187,0.1065708995,-0.1634814739,-0.08824729919,-0.07095078379,-0.7394844294,0.418219924,-0.1083448637,-0.1328555837,-0.09866821991
11.68491787,0.08079354465,-0.07050478458,0.0005549788475,-0.2577158511,-0.7492289543,0.4180894494,-0.1153196841,-0.1351336233,-0.09469319718
11.69497388,0.07272985578,0.02520096302,0.009449124336,-0.1612761915,-0.786431849,0.4207520187,-0.1224653449,-0.137849007,-0.09071222814
11.70502988,0.05673792958,0.06029981375,-0.0332672596,0.01627968624,-0.8086929917,0.4054225981,-0.1299476143,-0.1391092686,-0.08663597475
11.71508588,0.05135694891,0.05085372925,-0.07426190376,0.2242826074,-0.8072703481,0.4085478485,-0.1375064312,-0.1384291108,-0.082394911
11.72514188,0.06455950439,0.06020259857,-0.1139089465,0.3383966386,-0.8731854558,0.4595039487,-0.1451972534,-0.1360940776,-0.0777262985
11.73519688,0.07739862055,0.01070046425,-0.1220585704,0.1959653348,-0.9621140957,0.4914169014,-0.1536937799,-0.1339729477,-0.0724591683
11.74525288,0.05931845307,-0.1169466972,-0.1274272799,0.01616548002,-1.060500264,0.517300427,-0.1631715617,-0.133814387,-0.06723493109
11.75530887,0.04873977602,-0.196403265,-0.1557693481,-0.135014683,-1.12120688,0.4932263494,-0.1735606983,-0.135179887,-0.06221962305
11.76536487,0.03081691265,-0.1390635371,-0.1204888821,-0.3973506689,-1.18569243,0.4958823025,-0.1846087069,-0.1387443186,-0.05778170752
11.77542088,0.02875072509,-0.07778722048,-0.0766941309,-0.423848182,-1.245270848,0.4932640493,-0.1962583495,-0.1438986411,-0.05366824551
11.78547688,0.02396124601,-0.07507455349,-0.07898175716,-0.321783334,-1.297204375,0.4929537773,-0.2084503604,-0.14854576,-0.04954973661
11.79553288,0.0417464003,0.04434120655,-0.1045547724,-0.1515423357,-1.302466989,0.5285095572,-0.2208157146,-0.1520433071,-0.04500618896
11.80558788,0.07174289972,0.1127358079,-0.1364344358,0.07230726629,-1.340758443,0.5451154709,-0.2333297729,-0.1536269123,-0.03974062528
11.81564388,0.09673870355,0.07221055031,-0.1101183891,0.1669992357,-1.352984548,0.4995549917,-0.2459660549,-0.1535842489,-0.03426947079
11.82569988,0.1041353866,0.07561570406,-0.08248484135,0.08372699469,-1.386815429,0.4750640094,-0.2589110582,-0.1535499275,-0.02905036301
11.83575587,0.1107059121,0.106962204,-0.1123967171,-0.03189370036,-1.410221457,0.4117113352,-0.2722150437,-0.1544043408,-0.02465551065
11.84581187,0.1047396213,0.1043196321,-0.0836250782,-0.147259444,-1.437763572,0.3256973624,-0.2860110897,-0.1562963734,-0.02129538988
11.85586788,0.07991164923,0.0957634449,-0.04191708565,-0.1994807869,-1.451220751,0.240284279,-0.3001489446,-0.1588105124,-0.01907783917
11.86592388,0.07459828258,0.1366725564,-0.01972592063,-0.2308714688,-1.478446722,0.1949993521,-0.3146626002,-0.1615821046,-0.01765059601
11.87597988,0.0743791461,0.1811462045,-0.02761900797,-0.1079783067,-1.49112463,0.1489428133,-0.3294599828,-0.1639163145,-0.0165824882
11.88603488,0.07380194962,0.1834078431,-0.07918918133,0.1141250655,-1.537896991,0.134927392,-0.3445249815,-0.164354741,-0.01514636352
11.89609088,0.07200688124,0.185964942,-0.101208806,0.2623366714,-1.560035348,0.1059090793,-0.3597810275,-0.1628728363,-0.01329713171
11.90614688,0.06669730693,0.1660837531,-0.06716752052,0.383931011,-1.596265793,0.1222696751,-0.3752945205,-0.1602794727,-0.01105236469
11.91620287,0.05442996323,0.1023716331,-0.06129455939,0.4978515506,-1.605404973,0.1167737693,-0.3910164811,-0.1566217293,-0.008173129789
11.92625887,0.02034081519,0.06618988514,-0.04849696159,0.4376838207,-1.583391309,0.1041583717,-0.4066241284,-0.1525485614,-0.005235046626
11.93631487,0.01615251973,0.03608345985,-0.0183480978,0.2482366264,-1.561095834,0.06331487745,-0.4220887759,-0.1497348846,-0.002971055774
11.94637088,0.03330859542,-0.004271686077,0.015163064,0.08379734308,-1.570518374,0.02253602631,-0.4376655459,-0.148415864,-0.00184620873
11.95642588,0.05570460111,0.02448582649,0.0423989296,-0.01132606342,-1.581144333,-0.02323508449,-0.4534887186,-0.1481143731,-0.001681538253
11.96648188,0.06842137873,0.1217326522,0.002201914787,0.08491924405,-1.56213522,-0.09848163277,-0.4694135481,-0.1476004424,-0.002059103022
11.97653788,0.06896880269,0.1931146383,-0.01782143116,0.2279056907,-1.593914151,-0.1827196628,-0.4853459204,-0.1455232638,-0.002519717533
11.98659388,0.06669629365,0.2311188579,-0.01251483057,0.4097585976,-1.62079072,-0.279866159,-0.5016106201,-0.1415874186,-0.00298418856
11.99664988,0.04891593009,0.2265120745,-0.02479791641,0.5679706931,-1.636269331,-0.3351801336,-0.5180561004,-0.1357555915,-0.003238854338
12.00670587,0.02449789271,0.2002945542,-0.03471958637,0.7078611851,-1.633850336,-0.3870611787,-0.5345273951,-0.128382414,-0.003167441817
12.01676187,-0.003734022379,0.1541476846,-0.05019885302,0.766426146,-1.579745531,-0.4141616523,-0.5506889907,-0.119927128,-0.002757156621
12.02681788,-0.01771295443,0.06684327126,0.01241827011,0.6639319658,-1.524067163,-0.4042544365,-0.566267711,-0.1115065748,-0.002384633378
12.03687288,-0.003168579191,-0.01733970642,0.09648573399,0.43296808,-1.521057963,-0.3915107548,-0.5815834546,-0.1046270041,-0.002696406976
12.04692888,0.03484641761,-0.05726623535,0.07617270947,0.2029141039,-1.510172009,-0.3560363948,-0.596993798,-0.09995075537,-0.004105050238
12.05698488,0.08740484715,-0.07821589708,0.07503372431,0.1260102242,-1.489367247,-0.3163810372,-0.6122076031,-0.09671381108,-0.006009047384
12.06704088,0.1294514537,-0.02795308828,0.06514853239,0.1315546632,-1.524445057,-0.2531498671,-0.6275250334,-0.09402096358,-0.007642742925
12.07709688,0.1647585332,0.04529166222,0.02704530954,0.2320168614,-1.566975832,-0.1916736662,-0.6431421853,-0.09122569473,-0.008344243483
12.08715242,0.175891459,0.0516242981,0.009074268863,0.2687423825,-1.619722962,-0.1519195735,-0.6591280017,-0.08814728571,-0.008117844568
12.09720842,0.1698628664,0.01241731644,-0.01452696137,0.3439620733,-1.632343769,-0.1290762424,-0.6754617178,-0.08494829956,-0.007354323702
12.10726442,0.1409100145,-0.04103207588,0.01155561395,0.3564107716,-1.616536379,-0.1462523043,-0.6917122922,-0.08124659377,-0.006108550569
12.11731942,0.1182876602,-0.008547663689,0.06996309757,0.3737900555,-1.674845099,-0.1367663592,-0.7081153024,-0.07762511712,-0.00491759034
12.12737542,0.1346818358,-0.007190167904,-0.008033573627,0.3940724134,-1.797667861,-0.1325191557,-0.7254619645,-0.07376701557,-0.003331419198
12.13743142,0.1604233831,-0.02133506536,-0.08761048317,0.3125610352,-1.887484074,-0.1381910145,-0.7439228027,-0.07020522487,-0.001934940691
12.14748742,0.157373637,-0.06895190477,-0.07495343685,0.2387435287,-1.958684921,-0.1138585135,-0.7631648321,-0.06730461217,-0.000976946928
12.15754342,0.1437414438,-0.1102778316,-0.06658613682,0.1739088148,-2.025527239,-0.1006235406,-0.7831233305,-0.06508460041,-0.0002453039365
12.16759942,0.1260081083,-0.08760207891,-0.09477883577,0.1977731287,-2.009359837,-0.05181657895,-0.8033530456,-0.06295567197,0.0006456955937
12.17765542,0.1104822606,-0.02664685249,-0.1132206917,0.2441464067,-2.015022278,-0.04982048646,-0.823595895,-0.06113206065,0.001873826368
12.18771042,0.08770120889,-0.06291913986,-0.07845181227,0.1906954199,-1.977295518,-0.07007595897,-0.843528078,-0.05911494046,0.003271887359
12.19776642,0.06525362283,-0.07201832533,0.02675933018,0.1124746203,-1.879915118,-0.02927129902,-0.8628049581,-0.0577413059,0.00404119372
12.20782242,0.08595951647,-0.05341959,0.03070998564,0.1026691273,-1.784357429,0.01303115115,-0.8811410419,-0.05676793051,0.005004748829
12.21787842,0.1104178205,-0.0356143713,0.09012722969,0.08956002444,-1.791268229,0.02679167688,-0.8989685199,-0.05630387282,0.005921065516
12.22793442,0.1383418739,-0.04085874557,0.08496505022,0.04013015702,-1.796994805,0.04487800226,-0.9168577102,-0.05614935968,0.006693205312
12.23799042,0.1515578032,-0.01541519165,0.1136712432,-0.04120801762,-1.845405459,0.06178300455,-0.9350800718,-0.05658787164,0.007052949314
12.24804642,0.1483453065,-0.02217572927,0.05251204595,-0.06706411391,-1.891553998,0.06438225508,-0.9538841755,-0.05740408294,0.007030336091
12.25810242,0.1388543397,-0.02988964319,-0.01094603352,-0.04519414902,-1.955516458,0.06861822307,-0.9732188174,-0.05831573362,0.006974854753
12.26815742,0.1297733486,-0.02008903027,-0.08506321907,-0.01984458417,-2.019774199,0.08992164582,-0.9932004432,-0.05917198339,0.007184494464
12.27821342,0.1185345426,-0.02889794111,-0.1161040068,-0.01396223903,-2.082578421,0.1047709808,-1.013817028,-0.06004095081,0.007666284951
12.28826942,0.09723957628,-0.09222209454,-0.07391023636,-0.1678868234,-2.140582085,0.1167093962,-1.03506255,-0.06136931178,0.00767425894
12.29832542,0.0832061246,-0.1676561832,-0.03552478552,-0.4190375805,-2.153551817,0.147186324,-1.05682322,-0.06403995752,0.005764793529
12.30838142,0.07969713211,-0.1938660145,-0.05105310678,-0.4299491048,-2.142371178,0.1552817971,-1.078621755,-0.06753315702,0.002640496651
12.31843742,0.073895365,-0.1182694435,-0.004774928093,-0.2908696532,-2.154407263,0.1588953584,-1.100397949,-0.07058683491,0.00021149847
12.32849342,0.08776761591,0.01403719187,0.004409909248,-0.1185093299,-2.155191898,0.2504990697,-1.122158037,-0.07337793406,-0.0007927223809
12.33854842,0.08862289041,0.01478159428,-0.04965472221,0.1683376133,-2.096246243,0.3061143756,-1.143451273,-0.07581644441,0.0006635907642
12.34860442,0.05319069326,-0.05106472969,0.00544500351,0.3693245053,-1.985653162,0.3391759098,-1.163677795,-0.07762277453,0.004547475702
12.35866042,0.01772151887,-0.02760803699,0.06613057852,0.5100008249,-1.810013413,0.3923927546,-1.182349068,-0.07928951491,0.01010164156
12.36871642,0.007832929492,-0.03144025803,0.1014444828,0.6694597006,-1.603196859,0.4513085186,-1.198905778,-0.08099878142,0.01724556923
12.37877242,0.02012568712,-0.04617661238,0.1833474636,0.7746469975,-1.462899804,0.5028164387,-1.213550337,-0.08286345088,0.02585435836
12.38882842,0.06745498627,0.01208871603,0.1836685538,0.8508626819,-1.355191708,0.5489327908,-1.226870679,-0.08506222199,0.03538203736
12.39888442,0.09568175673,-0.03255772591,0.200334549,0.8647845984,-1.307457328,0.5568686724,-1.239388938,-0.08744623572,0.04542935855
12.40894042,0.09489265829,-0.08392369747,0.2707096338,0.6579232812,-1.305288672,0.6009735465,-1.251640306,-0.09043691813,0.0547047282
12.41899542,0.1065114141,-0.07296735048,0.2166023254,0.4585904181,-1.360370755,0.6350492835,-1.264355091,-0.09467991619,0.06199276067
12.42905142,0.1363560855,-0.07941430807,0.1198548079,0.2557587624,-1.45394659,0.6213542819,-1.277999263,-0.09963872802,0.06731019349
12.43910742,0.1226742417,-0.07643920183,0.1198573709,-0.03858560324,-1.52684474,0.6086472273,-1.292660334,-0.1052476384,0.07022205427
12.44916342,0.09666859359,-0.1242887378,0.139595449,-0.3401563764,-1.624695063,0.6037065387,-1.30852304,-0.1116102905,0.07000918796
12.45921942,0.1038630903,-0.140581429,0.05829978362,-0.4875359833,-1.649650455,0.566814661,-1.325258787,-0.1183888764,0.06731187263
12.46927542,0.09757877886,-0.05762135983,0.03500074521,-0.4920622706,-1.683047056,0.532580018,-1.342444354,-0.1249341194,0.06380165909
12.47933142,0.0633803606,0.001615822315,0.1155938506,-0.5688311458,-1.747995615,0.5200161338,-1.360200994,-0.1312126357,0.05976500085
12.48938742,0.04498637468,-0.01117962599,0.1480616331,-0.7160142064,-1.813304543,0.4824338555,-1.378852057,-0.1374636988,0.05430654315
12.49944242,0.04421936348,-0.04863399267,0.09792041779,-0.8675062656,-1.855043411,0.411391288,-1.398253851,-0.1433038092,0.04738676018
12.50949842,0.0198664926,-0.008748590946,0.1701486111,-1.145340085,-1.877598763,0.312052995,-1.418430164,-0.1485565329,0.03795924987
12.51955442,0.001764117391,0.01325815916,0.1890968084,-1.518968582,-1.87172544,0.2496762872,-1.439247089,-0.1530969167,0.02510398832
12.52961042,0.03968590125,0.05656152964,0.131508112,-1.736249447,-1.840405941,0.2552020848,-1.460512361,-0.1576539732,0.008637352288
12.53966642,0.06460690498,0.09520345926,-0.0009115971625,-1.439409494,-1.792478085,0.1179114729,-1.481302782,-0.1611818968,-0.007319984659
12.54972242,0.07345762104,0.2398929,-0.05901754275,-1.289400101,-1.794127584,0.1037354618,-1.501483887,-0.1633658807,-0.02097087782
12.55977842,0.05879641324,0.2586255074,-0.09931766242,-1.205016255,-1.691667676,0.07079072297,-1.521025768,-0.1650836739,-0.03367001186
12.56983342,0.01680959575,0.1009478569,0.01515830308,-0.9774872065,-1.711297274,0.02109879814,-1.539803812,-0.1659917171,-0.04472202673
12.57988942,-0.001341631636,0.08833509684,0.0911378786,-0.87254107,-1.761518359,0.007664455567,-1.559015168,-0.1662407054,-0.05407436917
12.58994542,-0.004436606541,0.2120877504,0.0123540163,-0.7540256381,-1.727982283,-0.007352843415,-1.577829142,-0.1662634129,-0.06227652898
12.60000142,-0.01683656499,0.1844601035,-0.003816947341,-0.5718867779,-1.646384239,-0.07692467421,-1.595880866,-0.1657486091,-0.06908998483
12.61005742,-0.02676067874,0.05892938375,0.07797849178,-0.5175452232,-1.631092072,-0.07847650349,-1.613283958,-0.164733884,-0.07456864859
12.62011342,-0.02056619525,0.07461112738,0.0631339401,-0.3236875236,-1.517036676,-0.08157780766,-1.629883408,-0.1637633631,-0.0789286404
12.63016942,-0.01196218841,0.1047676802,0.0172380209,-0.2381467819,-1.425569057,-0.1017664373,-1.64511498,-0.1626385944,-0.08154639895
12.64022542,0.01825070381,0.05160117149,0.07266128063,-0.04251873493,-1.281653881,-0.04018921778,-1.659030462,-0.1618215304,-0.08310454966
12.65028042,0.03911244124,0.03290933371,0.03601013869,0.2858447433,-1.138802648,-0.007220351137,-1.671017194,-0.1617015285,-0.08183124042
12.66033642,0.03379825503,0.08573764563,0.0610294193,0.6062877774,-0.9695925117,0.01201707218,-1.680886999,-0.1622209926,-0.07721468454
12.67039242,0.03948861733,0.05838137865,0.1756876707,0.7376002669,-0.7863206863,0.01996474341,-1.688589957,-0.1631974126,-0.07025293855
12.68044842,0.03729196638,-0.01837164164,0.3462072611,0.7382661104,-0.6193270683,0.03463410214,-1.69443237,-0.1643947645,-0.06274525825
12.69050442,0.03979098052,-0.04861813784,0.3437204361,0.8086422682,-0.5240325332,0.01241854392,-1.698871234,-0.1656703547,-0.05508795093
12.70056042,0.03413291276,0.005764126778,0.184440136,0.7562192678,-0.4944250584,-0.09725309163,-1.702612416,-0.1663063669,-0.04687882656
12.71061642,0.01312777027,0.07460814714,0.2243002653,0.4908448458,-0.4909648001,-0.1336675584,-1.70644863,-0.1659706554,-0.04030686393
12.72067142,0.02465259656,0.1003630757,0.1982531548,0.2154252678,-0.5088681579,-0.1575266123,-1.710825766,-0.1650412738,-0.03662744579
12.73072742,0.03040153161,0.08555978537,0.1138293743,-0.04066748545,-0.5660188198,-0.269390285,-1.716031514,-0.1630848893,-0.03544004464
12.74078342,0.002425285056,0.08729034662,0.08363045007,-0.3082034588,-0.6084188819,-0.3579593301,-1.722189952,-0.1596609833,-0.03673409223
12.75083942,-0.02806641161,0.1212955117,0.05859886855,-0.3715552688,-0.6395392418,-0.4088696539,-1.728914393,-0.155321123,-0.03970479488
12.76089542,-0.04464928433,0.0878932476,-0.06161727011,-0.1801701635,-0.6472247243,-0.4668021202,-1.735723228,-0.1505512255,-0.04181899668
12.77095142,-0.09602186084,0.10575068,-0.03020502627,-0.1017488614,-0.6892246604,-0.4946670234,-1.742508423,-0.1454882004,-0.04231656455
12.78100742,-0.1107165813,0.09727060795,-0.004114158452,-0.1511642039,-0.7057557702,-0.4463486373,-1.749603281,-0.1406058117,-0.04270076847
12.79106342,-0.1091473848,-0.05414533615,0.01235723495,-0.212063238,-0.6583397985,-0.3720301986,-1.756645744,-0.136233637,-0.04375297779
12.80111842,-0.1247272789,-0.1053858995,0.1157758236,-0.17714414,-0.5711774826,-0.2819186747,-1.763008426,-0.132612519,-0.04513473614
12.81117442,-0.1204765067,-0.09009599686,0.1541239023,-0.1275536865,-0.4777335525,-0.2178867012,-1.768400631,-0.1299052649,-0.0460768233
12.82123042,-0.08089534193,-0.1172261834,0.1045920774,-0.06519696862,-0.3783679605,-0.1655863822,-1.77279454,-0.1278047422,-0.04673807051
12.83128642,-0.04146516323,-0.1103113294,0.01145910472,0.07779666781,-0.2955729365,-0.1028814688,-1.776102748,-0.1264947654,-0.04636701686
12.84134242,-0.02908876538,-0.07358276844,0.05730711669,0.1347401589,-0.243957296,-0.04492210969,-1.778672033,-0.1259895741,-0.04511964307
12.85139842,0.01182531845,-0.06506180763,0.06415425986,0.2062412351,-0.151887551,0.009275880642,-1.780443292,-0.1261973567,-0.04341313008
12.86145442,0.05200298131,-0.09261310101,0.110273473,0.3154337704,-0.06878787279,0.006926652975,-1.781208314,-0.1268617791,-0.0408549628
12.87150942,0.06903526932,-0.1040995717,0.1707026958,0.332905978,-0.004425923806,-0.0259095896,-1.78115555,-0.1274796169,-0.03755497574
12.88156542,0.08074863255,-0.06964588165,0.1976863146,0.2434487939,0.02871551737,-0.05372359231,-1.780632963,-0.127681756,-0.03453219477
12.89162142,0.1068886891,-0.04046183825,0.1671128273,0.1833646744,0.03865763173,-0.06200602278,-1.779986538,-0.127587187,-0.03228616189
12.90167742,0.1240143999,-0.05150085688,0.1437977552,0.1058029085,0.01003011409,-0.06744859368,-1.779512583,-0.1272382437,-0.03074754837
12.91173342,0.09797338396,-0.07721340656,0.1318591833,-0.007599281147,-0.01088848338,-0.07092028856,-1.779469785,-0.1266538245,-0.03006106451
12.92178942,0.04811052978,-0.07896828651,0.1071927696,-0.04365768284,-0.004398892634,-0.0383567512,-1.779543666,-0.1260555834,-0.03027227033
12.93184542,0.004835925996,-0.08380460739,0.04040384293,-0.03247826546,-0.01056357753,-0.03863452002,-1.779665403,-0.1256296131,-0.03055987852
12.94190142,-0.02346840873,-0.06494009495,0.03952240944,-0.05283777416,-0.03390805051,-0.006954194512,-1.779900137,-0.1253149672,-0.03094379818
12.95195642,-0.03635817021,-0.07490956783,0.04810535908,-0.09402223676,-0.06507395208,0.03083872236,-1.780519261,-0.1252783482,-0.03172573153
12.96201242,-0.06100487337,-0.1137714982,0.0811882019,-0.1277768165,-0.07103890181,0.06344071776,-1.781385613,-0.1255339359,-0.03293694088
12.97206842,-0.08238892257,-0.09315681458,0.0499714613,-0.1010402814,-0.02636278048,0.09539811313,-1.782098156,-0.126091782,-0.03442085937
12.98212442,-0.09640465677,-0.04306387901,0.04302239418,0.01370751671,0.002717606258,0.0910500288,-1.782318586,-0.1269855664,-0.03514008032
12.99218042,-0.09794928133,0.02683460712,0.0172175169,0.09245851636,0.01810801402,0.09216882288,-1.782159868,-0.1280163485,-0.03484581675
13.00223642,-0.05834494159,0.13800776,-0.02193534374,0.1383162886,-0.03821091726,0.1136821061,-1.78212546,-0.1293269309,-0.0339911467
13.01229242,-0.0246180445,0.07051807642,-0.05827773362,0.08103196323,-0.06333704293,0.09529323876,-1.782591586,-0.1305744589,-0.03311635092
13.02234842,-0.02173787542,-0.0002254843712,-0.07377707958,0.00789973978,-0.0193681214,0.07481312752,-1.782994917,-0.1314661058,-0.03290863818
13.03240342,-0.01473894902,0.06695365906,-0.05061900616,0.01764610969,-0.01939608529,0.04635432735,-1.783164091,-0.1320334857,-0.03300431809
13.04245942,0.01652221009,0.0738747716,-0.1014472172,0.08104550093,-0.03683659434,0.02456700616,-1.783384728,-0.1324467079,-0.03260445284
13.05251542,0.02813529968,0.06447476149,-0.1050923988,0.08225643635,-0.04360342026,0.001093904488,-1.783680004,-0.132696471,-0.03180235316
13.06257142,0.03542738408,0.06181782484,-0.03762209415,0.05647277832,-0.04632117599,-0.002707811072,-1.784040742,-0.1327747739,-0.03114230626
13.07262742,0.0528373085,0.02680504322,0.02295721322,0.05170225725,-0.002879425883,-0.003788521979,-1.784260053,-0.1327968353,-0.0305749624
13.0826835,0.05648091435,0.01571035385,0.06859827787,0.09062284976,0.07115326077,0.01016340591,-1.783812797,-0.1329497645,-0.02992919429
13.0927395,0.05972038582,0.01512241364,0.07047510147,0.1321383268,0.097491391,-0.01016183943,-1.782756836,-0.133213655,-0.02875975191
13.1027945,0.04178030416,0.009094595909,0.0659872368,0.1103972644,0.07673470676,-0.02490408719,-1.781677494,-0.1332826979,-0.02739235267
13.1128505,0.02364911698,-0.02855837345,0.0289041996,0.04134123027,0.05914825946,-0.0002679828904,-1.780897339,-0.1333227272,-0.02655707988
13.1229065,-0.01322227716,-0.1126559377,0.02949345857,-0.03356985003,0.06427831203,0.02560505271,-1.780279207,-0.1334765917,-0.02650476486
13.1329625,-0.04473447055,-0.1201565266,0.02529680729,-0.03915902972,0.106497936,0.05586948246,-1.779504156,-0.1338351368,-0.0269494621
13.1430185,-0.03865811229,-0.09223979712,0.01364326477,-0.01399543881,0.1157233864,0.07043654472,-1.778399881,-0.1344573962,-0.02725688451
13.1530745,-0.03068011254,-0.1050332785,0.07946002483,-0.05857329071,0.0779440552,0.08267084509,-1.777491376,-0.1351780385,-0.02781826008
13.1631305,-0.02330392972,-0.06968784332,0.06153774261,-0.03075311333,0.06155948341,0.1205115914,-1.776894615,-0.1360746675,-0.02860237373
13.1731865,-0.02437696047,-0.01587080956,0.0689130947,0.0179017745,0.005080762319,0.1061347872,-1.776615384,-0.1372486576,-0.02887671091
13.1832415,-0.01629150286,-0.005348682404,0.03783165663,0.01183464937,0.0497036241,0.1027522981,-1.776432192,-0.1382980801,-0.0290183853
13.1932975,-0.0004032427678,-0.002843439579,0.0658673048,-0.0189786572,0.1283039004,0.08702207357,-1.775565697,-0.139260922,-0.02926258165
13.2033535,0.0041068797,0.01015073061,0.1204039976,0.01477975026,0.2176998109,0.08033648133,-1.773878382,-0.1400501306,-0.02955047172
13.2134095,0.00505451113,0.04428225756,0.1298736334,0.08932668716,0.3196016848,0.06064825878,-1.771106538,-0.1407964141,-0.02920229284
13.2234655,-0.006851935759,0.06625562906,0.1743235588,0.1789073497,0.4210188389,0.050255429,-1.767233212,-0.14155377,-0.02797735041
13.2335215,-0.001718261978,0.05222350359,0.191239357,0.232423842,0.5418736339,0.04335943982,-1.76205747,-0.1423106298,-0.02609344893
13.2435775,0.006412669551,0.03543841839,0.2210140228,0.3074015975,0.6726718545,0.01766569167,-1.755610175,-0.1431435137,-0.0235636292
13.2536325,-0.01297666691,0.07123786211,0.2799003124,0.3301162124,0.7867183089,0.008885248564,-1.74788793,-0.1438227043,-0.02042327136
13.2636885,-0.01246702112,0.08122712374,0.3059083223,0.3576084077,0.8777870536,-0.0001541859237,-1.738978439,-0.1444487781,-0.01695608316
13.2737445,0.005142852198,0.07611578703,0.224403739,0.4141358733,0.9604324102,-0.05006688461,-1.729119734,-0.1448292107,-0.01302967069
13.2838005,0.002057312988,0.102045238,0.1825342178,0.391574055,1.010641694,-0.09832842648,-1.71855098,-0.14472246,-0.008797601375
13.2938565,-0.01388576627,0.07432901859,0.2171126604,0.2969921529,1.063541412,-0.1089648232,-1.707611709,-0.1441780568,-0.005226289276
13.3039125,-0.01833079755,0.05097317696,0.1892139912,0.3380822837,1.134274244,-0.138869822,-1.696096811,-0.1433575995,-0.001937949242
13.3139685,-0.03776716441,0.07090759277,0.1551506519,0.4332586229,1.228957653,-0.1570669413,-1.68359375,-0.1422996805,0.002098628167
13.3240245,-0.05252492428,0.08550018072,0.1818364859,0.5504336953,1.294688106,-0.183089599,-1.67014162,-0.1411623125,0.007197327485
13.3340795,-0.03915384412,0.08935290575,0.1583147049,0.6337533593,1.279932618,-0.2155354172,-1.656294555,-0.1396959474,0.01337928794
13.3441355,-0.0275657326,0.09891271591,0.0932469368,0.6768906713,1.212129593,-0.2525920272,-1.642770363,-0.1378922537,0.02026020577
13.3541915,-0.05091755837,0.1154398322,0.05407214165,0.4519872069,1.112306356,-0.3371385932,-1.630224706,-0.135354825,0.02648413362
13.3642475,-0.07332065701,0.06467276812,0.06780517101,-0.05436332524,1.026125073,-0.4285673797,-1.619204753,-0.1315724261,0.02883386091
13.3743035,-0.05094063282,-0.01254838705,0.04229485989,-0.4874660373,0.9831691384,-0.4620044231,-1.609461775,-0.1269623292,0.02609419296
13.3843595,-0.03006329946,0.05047297478,0.02405154519,-0.5781450868,0.9252986312,-0.5251354575,-1.600530659,-0.1218383451,0.02069765566
13.3944155,-0.01284879074,0.1936666369,-0.007420662791,-0.4819058776,0.8905454278,-0.6086348891,-1.592064229,-0.1159928226,0.01539611492
13.4044705,-0.002633064985,0.2086476684,0.009051678702,-0.3284902275,0.9291490316,-0.6744389534,-1.583397369,-0.1094703099,0.01143188204
13.4145265,0.0003132633865,0.1714745164,0.06717824936,-0.2413025796,1.001759529,-0.71719414,-1.574012432,-0.1024455274,0.008658256844
13.4245825,0.009326085448,0.1669874191,0.136331439,-0.2242306471,1.121252418,-0.742513895,-1.563594545,-0.0950891727,0.006282711533
13.4346385,0.03278494626,0.1405986547,0.1191236973,-0.05680677295,1.258964777,-0.7484309077,-1.551770183,-0.08760692832,0.00469152385
13.4446945,0.0484970063,0.1652989388,0.08077132702,0.1582124978,1.368838787,-0.769112289,-1.538500728,-0.07997021468,0.00500231358
13.4547505,0.04634106159,0.1930943131,0.07793807983,0.2787689865,1.469802141,-0.7970770597,-1.524085219,-0.0720081519,0.00701529988
13.4648065,0.06061793119,0.1201060414,0.1070710421,0.176280722,1.583402872,-0.8161318898,-1.508597476,-0.06377118373,0.00900235269
13.4748625,0.0817053467,0.02588564157,0.177235961,-0.00603449624,1.708282948,-0.828715086,-1.492031401,-0.0554471055,0.009267770272
13.4849175,0.08988375217,-0.0526946187,0.2176065445,-0.09105475992,1.819188356,-0.8179561496,-1.47437353,-0.0472388474,0.0079062737
13.4949735,0.09442519397,-0.04816430807,0.1208277941,0.09413906187,1.898127079,-0.8098199368,-1.455691693,-0.0391603267,0.006924854633
13.5050295,0.09413032979,0.009026348591,0.03983533382,0.2699688375,1.900219083,-0.8329387903,-1.436511296,-0.03072588651,0.007817909294
13.5150855,0.1004344225,0.02640259266,0.08203792572,0.2245923281,1.825376987,-0.8364661932,-1.417744574,-0.0220556924,0.009197731719
13.5251415,0.1202746481,-0.07555228472,0.1230274439,0.07393259555,1.753452182,-0.7959797382,-1.399825329,-0.0136939645,0.009374555735
13.5351975,0.118180126,-0.153747201,0.1033890247,-0.03203591332,1.785920382,-0.7581889033,-1.382075602,-0.005979141924,0.008153706678
13.5452535,0.08353284001,-0.1262158751,0.1373164654,-0.07968465984,1.8626405,-0.6913383007,-1.363747337,0.0010675763,0.006167187144
13.5553085,0.06592485309,-0.1439641118,0.2353866696,-0.1593965292,1.936138988,-0.5966821313,-1.344668588,0.007116459854,0.003528148345
13.5653645,0.09489092231,-0.1824441552,0.1512234807,-0.05302987993,2.091137886,-0.524905026,-1.324533685,0.0122410003,0.001097513898
13.5754205,0.0835378021,-0.1533279419,0.2109625936,-0.03576513752,2.175340414,-0.4642826617,-1.303102887,0.01700240191,-0.0005501221938
13.5854765,0.09401746094,-0.142373085,0.1867223978,0.1335079968,2.216832638,-0.400819242,-1.280916493,0.02127684473,-0.001329734359
13.5955325,0.117101863,-0.1271736026,0.0133631248,0.2509733737,2.209745169,-0.4053159952,-1.258670237,0.025725804,-0.0005803630323
13.6055885,0.09388281405,-0.1198387146,0.02879631519,0.1191369146,2.164641142,-0.3720622063,-1.236702269,0.03009248281,6.99E-05
13.6156445,0.08115911484,-0.2040082216,0.1577904224,-0.2114910781,2.142449617,-0.3281304538,-1.215070247,0.03323711035,-0.001494687749
13.6256995,0.05658890307,-0.3067594767,0.3162832856,-0.6294083595,2.203842402,-0.2821577787,-1.193072485,0.03459705479,-0.006629537266
13.6357555,0.07940298319,-0.2853316665,0.2219882011,-0.5924055576,2.327327013,-0.1577375829,-1.170131483,0.03421423675,-0.01344285246
13.6458115,0.1120616943,-0.1322928071,0.1480968595,-0.3768053055,2.459824324,-0.08289625496,-1.145843421,0.03335120974,-0.01844569904
13.6558675,0.1182842702,-0.03586477041,0.2239693999,-0.2276147306,2.504353046,0.003765667556,-1.120652684,0.03254092368,-0.02137380529
13.6659235,0.1584782302,-0.1169128418,0.1196997762,0.01811309531,2.520293236,0.08115420491,-1.095345824,0.03156150961,-0.02218144657
13.6759795,0.1490883976,-0.1097100377,0.04663485289,0.09160649031,2.484887838,0.05274625868,-1.070170834,0.03128535941,-0.02126598335
13.6860355,0.1255496889,-0.0340231061,0.08750420809,-0.102189213,2.417845249,0.06155282632,-1.04552243,0.03085969267,-0.02083721863
13.6960915,0.12068066,-0.1194182634,0.1538932323,-0.4853432477,2.339564562,0.07517702878,-1.021544235,0.02870626937,-0.02312379991
13.7061465,0.1297753602,-0.2316667438,0.04176586866,-0.667953372,2.285393,0.06626531482,-0.9982233107,0.0249755298,-0.02770508513
13.7162025,0.1176172197,-0.07097816467,-0.005418296903,-0.6766747236,2.276817322,0.09637847543,-0.9751559969,0.02052344445,-0.03294899486
13.7262585,0.1218804717,0.0644364357,-0.03828012571,-0.634963572,2.159909487,0.09837140143,-0.9527291714,0.01589406688,-0.0379027836
13.7363145,0.1517969072,0.03166604042,-0.1466296315,-0.5776390433,2.060016155,0.1038311496,-0.9314725161,0.01147642263,-0.04221756223
13.7463705,0.1316726655,0.04527884722,-0.1527462006,-0.5701550841,1.973971725,0.07903988659,-0.9111878004,0.007270440831,-0.0461903189
13.7564265,0.08137093484,0.06506890059,-0.1471979618,-0.5691111088,1.940829754,0.05860412493,-0.8915083606,0.003142361912,-0.05031476335
13.7664825,0.04407005012,0.05989682674,-0.1426656246,-0.4940309227,1.939357638,0.04611991718,-0.871987546,-0.0006854438813,-0.05409506849
13.7765385,0.02357812226,0.07295829058,-0.1479007006,-0.3989510238,1.932132959,0.03574344143,-0.8524734154,-0.003942068949,-0.05732803721
13.7865935,0.04799944162,0.09371161461,-0.2013515234,-0.2824686766,1.8939358,0.05207328126,-0.8331917464,-0.006563609402,-0.05958355617
13.7966495,0.08644108474,0.09520894289,-0.2191482186,-0.2570770383,1.789291143,0.05567919835,-0.8146760599,-0.008775103509,-0.06113926013
13.8067055,0.1037771404,0.08138293028,-0.2061610222,-0.3318963349,1.648612142,0.03445859626,-0.7974011134,-0.01112070062,-0.06292652991
13.8167615,0.09436716139,0.05307924747,-0.1956953406,-0.4633693993,1.532258034,0.0009504400659,-0.7814759305,-0.01406205377,-0.06560521015
13.8268175,0.07787641883,0.06156677008,-0.1830303669,-0.5578671694,1.459664106,-0.02351040207,-0.7665432355,-0.017703629,-0.06932704534
13.8368735,0.06178085506,0.08028823137,-0.1200786233,-0.6149155498,1.412466526,-0.04840456322,-0.7522225965,-0.02175093201,-0.07365389973
13.8469295,0.055336833,0.09193819761,-0.05018639565,-0.6565899849,1.406481266,-0.06858948618,-0.7382009737,-0.02608373267,-0.07846335408
13.8569845,0.06744122505,0.09029078484,-0.06200283766,-0.5179439187,1.429689884,-0.08445873111,-0.7240865589,-0.03009399947,-0.08305432081
13.8670405,0.096831128,0.1004089117,-0.07311296463,-0.3407545686,1.440067053,-0.1297704279,-0.7097494096,-0.03262779948,-0.08668645486
13.8770965,0.1164479852,0.1531179547,0.001144886948,-0.2777732015,1.44175446,-0.133134529,-0.6953604841,-0.03410193177,-0.0896955889
13.8871525,0.1292770356,0.1171358228,0.06406712532,-0.3256131709,1.43859458,-0.1373278797,-0.6810121937,-0.03555001448,-0.09266067039
13.8972085,0.127974391,0.03951656818,0.1087527871,-0.401670903,1.471403718,-0.1366208196,-0.6665024269,-0.03759424417,-0.09609170752
13.9072645,0.1080632955,0.02176946402,0.1721267104,-0.4134919643,1.552690506,-0.1610457897,-0.651439704,-0.03992907415,-0.09984666539
13.9173205,0.07750487328,0.04871046543,0.2047958374,-0.3672501743,1.653308749,-0.1650011092,-0.6354501016,-0.04217239423,-0.1035765828
13.9273755,0.07552097738,0.04933542013,0.1700868607,-0.294254303,1.708562851,-0.1761398166,-0.6186199168,-0.04390049994,-0.1069334095
13.9374315,0.1055061668,0.06890100241,0.09340018034,-0.2318010479,1.682556033,-0.1933472902,-0.6016529635,-0.04505304683,-0.110013911
13.9474875,0.1423315108,0.06822800636,0.007173955441,-0.1400700659,1.58695066,-0.2125703543,-0.5853322383,-0.04546253183,-0.1127629017
13.9575435,0.1308847815,0.05186367035,-0.03250616789,-0.1400378346,1.485498071,-0.2530208528,-0.5700328244,-0.04534258246,-0.1154551053
13.9675995,0.09778064489,0.03445327282,-0.06192457676,-0.2407058179,1.428830862,-0.2749838829,-0.5555523901,-0.04551646787,-0.1187411794
13.9776555,0.08056506515,-0.01850169897,-0.03301173449,-0.3700086772,1.36130929,-0.2603516579,-0.5416561573,-0.04672104199,-0.1227049302
13.9877115,0.06603305042,-0.05131727457,-0.007176816463,-0.4641363621,1.367904067,-0.2591204047,-0.5281105405,-0.04908512919,-0.1271071802
13.9977675,0.04489265382,-0.02969235182,-0.001668333542,-0.4479744434,1.419026852,-0.2088630795,-0.5143925226,-0.05198092556,-0.1314886332
14.0078225,0.03947402537,-0.01019269228,0.02271836996,-0.3891976178,1.497907519,-0.169656828,-0.5000007852,-0.05477849455,-0.1351908583
14.0178785,0.04705826938,-0.003675103188,0.05117827654,-0.3617465496,1.572913051,-0.1340695322,-0.4847609398,-0.05738349895,-0.1383381312
14.0279345,0.08351936936,-0.01396620274,-0.01831173897,-0.2670504153,1.592291236,-0.09686365724,-0.4690381476,-0.05987639265,-0.1408565068
14.0379905,0.1384148747,0.01329886913,-0.1284105778,-0.1091063321,1.54636395,-0.1124942824,-0.4533495884,-0.06104951927,-0.1426549925
14.0480465,0.1679990888,0.08656942844,-0.1226310134,-0.05302473158,1.475762844,-0.0950537473,-0.4382355539,-0.06128546056,-0.1439540982
14.0581025,0.1772835255,0.06126326323,-0.112020731,-0.1247074381,1.39039278,-0.07407549024,-0.4238963337,-0.06172383075,-0.145066514
14.0681585,0.1828509569,-0.05860733986,-0.07188212872,-0.275333941,1.331238985,-0.0657004416,-0.4103400239,-0.06329915712,-0.1465390772
14.0782135,0.1613263637,-0.1058061719,-0.008330643177,-0.4360152483,1.33192575,-0.03738144785,-0.3971182108,-0.06641322969,-0.1484423579
14.08827,0.1378860474,-0.04230707884,0.03394395113,-0.5251393914,1.38901639,0.02500823885,-0.3835920532,-0.07091550523,-0.1503829181
14.098326,0.1328327358,-0.05286890268,0.09176492691,-0.584693253,1.467452288,0.0925417468,-0.3693676224,-0.0763592219,-0.1518882126
14.108382,0.1275106966,-0.1046436429,0.1244500279,-0.6192342043,1.558175564,0.1419541836,-0.3542440828,-0.08251453824,-0.1529404605
14.118438,0.1243658811,-0.1020439267,0.04997074604,-0.5054455996,1.639617443,0.1480325907,-0.3381947682,-0.08843482354,-0.153508287
14.128494,0.1269306839,-0.02287346125,-0.0005013942719,-0.3654057384,1.649928451,0.136454761,-0.3215941548,-0.09306570368,-0.1535723893
14.13855,0.1400806308,0.04335361719,-0.07218492031,-0.1953647882,1.565246344,0.1223203093,-0.305315107,-0.09612863928,-0.1531891264
14.148606,0.1544549763,0.01153939962,-0.1375057101,-0.1219317615,1.403128982,0.09076275676,-0.2903114999,-0.09783862647,-0.1525778488
14.158661,0.1420066357,-0.03858822584,-0.152689755,-0.1997953951,1.219401598,0.08372481912,-0.2771217165,-0.0996294832,-0.1522020338
14.168717,0.115936324,-0.08110713959,-0.178123951,-0.3251582384,1.08106029,0.08308690786,-0.2655813192,-0.1023183055,-0.1521130726
14.178773,0.08139167726,-0.04046231508,-0.177885294,-0.4359571934,0.9664479494,0.1292155236,-0.2552604611,-0.1063793086,-0.1521172296
14.188829,0.06052969396,-0.04332840443,-0.2004377842,-0.4266522527,0.8550035954,0.1707490236,-0.2460401396,-0.110971752,-0.1517084543
14.198885,0.03441143036,-0.09791141748,-0.1756719351,-0.4714354277,0.7826455235,0.1842778921,-0.2377876491,-0.1157630263,-0.1510398372
14.208941,-4.05E-05,-0.06564480066,-0.1509817839,-0.4449757338,0.7715580463,0.2154634893,-0.2298731264,-0.1207960739,-0.1501896482
14.218997,-0.003452658653,-0.04089158773,-0.190212369,-0.2967599034,0.7629496455,0.2351399958,-0.2219575821,-0.1249849741,-0.1487826725
14.229052,-0.0005035996437,0.01166021824,-0.2307024002,-0.1096660867,0.7707104087,0.226513207,-0.2140070355,-0.1275037446,-0.1469272312
14.239108,-0.004596233368,0.06523740292,-0.2177257538,0.05767204612,0.7887488008,0.2353873849,-0.2058732288,-0.1281868881,-0.1446861991
14.249164,0.002075046301,0.05515116453,-0.1748219728,0.1330097169,0.7690990567,0.2528566718,-0.1976773253,-0.1276903257,-0.1420471576
14.25922,0.01946350932,0.01989239454,-0.1220793724,0.08405842632,0.7273849249,0.2748154998,-0.1897905449,-0.1270727918,-0.139199213
14.269276,0.035188362,-0.01960349083,-0.0971955061,-0.02070846967,0.6698641181,0.2805463672,-0.1824324291,-0.1272574686,-0.1363732125
14.279332,0.05022183061,-0.06203478575,-0.09900319576,-0.1483580321,0.6121962667,0.2657945752,-0.1756357971,-0.1285997028,-0.1338296351
14.289388,0.05856388807,-0.0424631834,-0.1159821749,-0.2236470729,0.5886130929,0.2571780086,-0.1693069252,-0.1309099912,-0.1315061995
14.299443,0.068387568,0.03901046515,-0.1414195299,-0.1392845213,0.5744681954,0.2575814724,-0.1631550707,-0.1334677027,-0.1292254342
14.309499,0.06460763514,0.02809417248,-0.1978312731,-0.08454288542,0.4936447144,0.1879743338,-0.1574569203,-0.1347198112,-0.1272004252
14.319555,0.06698933244,0.1646068692,-0.1393524408,-0.1185674295,0.4271008372,0.1436457634,-0.1526438044,-0.1361126362,-0.1257158329
14.329611,0.07146786153,0.2207117081,-0.1455814838,0.1813066453,0.3186092675,0.1500257254,-0.1486681274,-0.136150097,-0.1242842339
14.339667,0.06524348259,0.1369940042,-0.08953905106,0.1558753103,0.229794696,0.07068004459,-0.1455910488,-0.1343196839,-0.1227676446
14.349723,0.01530863345,0.09753769636,0.0466889143,-0.09711473435,0.1362124085,0.01026705559,-0.1436859068,-0.134013997,-0.1223617502
14.359779,-0.0141338855,-0.0003172755241,0.04993832111,-0.2644046545,0.07203103602,-0.01757868938,-0.1426865619,-0.1359203574,-0.1226897534
14.369835,-0.006255850196,0.007347166538,-0.07388472557,-0.2308364511,0.04827230796,-0.01172796451,-0.1421303533,-0.1385114743,-0.1231918933
14.37989,0.002461150289,0.03718709946,-0.1376136541,-0.02917390317,0.07767973095,-0.0456819348,-0.1416176293,-0.1397829745,-0.1236590014
14.389946,-0.01811107993,0.08444792032,-0.113180995,0.1137678474,0.1843381375,-0.1274681091,-0.1404042753,-0.139175476,-0.1243937073
14.400002,-0.02340324223,0.1043266058,-0.04126465321,0.1694702655,0.2039853334,-0.08812790364,-0.1384952388,-0.1375225735,-0.1253467409
14.410058,0.001547798514,0.06914049387,0.03436076641,0.173073113,0.2010357529,-0.06070781127,-0.1365046103,-0.1357381657,-0.1258157758
14.420114,0.004831239581,0.05861437321,0.06459820271,0.1928167343,0.208277151,-0.06324207783,-0.1344874752,-0.1338265756,-0.1261647331
14.43017,-0.004507854581,0.03616034985,0.07064598799,0.1636955887,0.2336482853,-0.0380089432,-0.1323290663,-0.1319701511,-0.1264315037
14.440226,-0.01823866367,0.04641598463,0.0833093524,0.1673113704,0.2844427526,-0.02364598215,-0.1296899686,-0.130274249,-0.1264806088
14.450281,-0.00883038342,0.04799741507,0.06560075283,0.2551242113,0.2790983319,-0.03662809357,-0.1267766869,-0.1281378496,-0.1264916516
14.460337,0.004724755883,-0.05142736435,0.06062453985,0.1927013248,0.2480498701,-0.02715416439,-0.1241854797,-0.1258649351,-0.126493194
14.470393,-0.0007523596287,-0.05872410536,0.08988159895,0.1108535975,0.2344917059,-0.006911371369,-0.1217307077,-0.1243733626,-0.1264880057
14.480449,0.00540111959,-0.05147248507,0.03978490829,0.05702844635,0.2266396433,-0.007960124873,-0.119424728,-0.123508503,-0.1264429529
14.490505,0.01632386446,-0.05667549372,-0.003729104996,0.05452734232,0.252425313,0.01203422341,-0.1170379004,-0.1229681629,-0.126341165
14.500561,0.01262894273,-0.02739620209,-0.001884104684,0.1156788394,0.2686793804,0.01594001427,-0.1143738625,-0.12216839,-0.1260754287
14.510617,0.0110078007,0.003953158855,0.0145149231,0.1855290383,0.271047473,0.03336571902,-0.1115632468,-0.1206252278,-0.1257162693
14.520672,0.01949155331,0.002570509911,0.004110276699,0.2461620271,0.2622105777,0.05664068088,-0.1088422693,-0.1185986788,-0.1249391786
14.530728,0.01897014678,-0.01365214586,-0.01838558912,0.1845982075,0.2336656004,0.07699567825,-0.1062441981,-0.1164100379,-0.1240423858
14.540784,0.02101118863,-0.035769701,-0.01128977723,0.09878370911,0.1997443885,0.07742550969,-0.1039438279,-0.115069804,-0.123098602
14.55084,0.01845824718,-0.09658390284,-0.02832013369,0.04722078145,0.1637079567,0.09948753566,-0.1020324596,-0.1144897468,-0.1221360679
14.560896,0.01784284413,-0.1123636365,-0.07676804066,-0.05864360183,0.148656562,0.1100190058,-0.1002412481,-0.1144787551,-0.1211527949
14.570952,0.0240933001,-0.06039011478,-0.08203470707,-0.04495681822,0.1632597446,0.152996093,-0.09851055201,-0.1152690809,-0.1199033277
14.581008,0.03145584464,-0.05647134781,-0.07383596897,0.01382793579,0.1385733187,0.2158416361,-0.09664728724,-0.1155381532,-0.1180850537
14.591064,0.03029029071,-0.03462874889,-0.03994846344,0.07000243664,0.1163590848,0.2741027474,-0.09508222532,-0.1153312427,-0.1155890662
14.601119,0.03856566548,-0.02643162012,-0.06315475702,0.08481307328,0.07514959574,0.3120962083,-0.09377364296,-0.1148352086,-0.1125404668
14.611175,0.03567194939,-0.06506490707,-0.05879854783,0.05061324686,0.02905227616,0.3254907429,-0.09291473939,-0.1144638247,-0.1092450462
14.621231,0.02141954005,-0.08234488964,-0.012570858,0.1342567503,3.26E-05,0.3196208775,-0.09235967986,-0.1139388725,-0.1058764844
14.631287,-0.009239718318,-0.09031933546,-0.01126110181,0.1378984004,-0.0580393523,0.288066715,-0.09224237433,-0.1127371494,-0.1027595504
14.641343,0.0144174099,0.026237607,-0.0843963623,0.1293347329,-0.07063743472,0.3141973913,-0.09242340832,-0.1117008703,-0.09953621188
14.651399,0.04257106781,0.02752202749,-0.1335334778,0.109252058,-0.1318774968,0.2700656652,-0.09302661392,-0.1106594329,-0.0965139279
14.661455,0.0370233357,-0.02414178848,-0.09433102608,0.08098579943,-0.1610537618,0.2661593556,-0.09416369454,-0.1100552884,-0.09367736398
14.67151,0.02369914949,0.01303672791,-0.07735693455,0.09744151682,-0.2157866359,0.2580697238,-0.09575031654,-0.1094487807,-0.09094025434
14.681566,0.03440617025,0.07825654745,-0.08978956938,0.1865184009,-0.2413599193,0.2332850248,-0.09781119644,-0.1082763848,-0.08826915426
14.691622,0.03014543653,0.0962035656,-0.08648979664,0.198348254,-0.29918167,0.2395607531,-0.1002660045,-0.106596078,-0.08582630122
14.701678,0.02665801346,0.0674238801,-0.06153857708,0.2606907189,-0.3537218571,0.2675960958,-0.1032423712,-0.1045407219,-0.08299977456
14.711734,0.006780683994,0.04598504305,-0.05041671172,0.2975981534,-0.4320389032,0.2562509775,-0.1068960915,-0.1020948603,-0.08004378083
14.72179,-0.009625554085,0.02459508181,-0.0319712162,0.292717129,-0.5281638503,0.2853856981,-0.1114308136,-0.09941582193,-0.07701475123
14.731846,-0.000464014709,0.03241747618,-0.07697480917,0.2549298108,-0.6277682185,0.3250984848,-0.1169149444,-0.0969702637,-0.07361339576
14.741902,0.02155633271,-0.01140111685,-0.1397726536,0.1577734351,-0.692088306,0.3117571175,-0.1232483337,-0.09523467606,-0.07010574066
14.751957,0.03497578204,-0.07912325859,-0.1720370054,0.0511825867,-0.7601426244,0.2678463459,-0.130332018,-0.0946153073,-0.06700721146
14.762013,0.03943673521,-0.07728815079,-0.1534269452,-0.02192810737,-0.8035715818,0.2404986024,-0.1379200447,-0.09477487426,-0.06448630148
14.772069,0.04960868508,0.02462565899,-0.1098577976,-0.02322635427,-0.9360038042,0.2953728437,-0.1463936665,-0.09548035882,-0.06187553131
14.782125,0.08414532989,0.01285552979,-0.1841140985,0.01461396832,-1.029985189,0.269988656,-0.1559634446,-0.09590315622,-0.05896494808
14.792181,0.07953996956,-0.05675154924,-0.2022675276,-0.01641869359,-1.136948586,0.2370490879,-0.1665768453,-0.09623648819,-0.05649001515
14.802237,0.07952238619,-0.00544911623,-0.1780075431,-0.06322401762,-1.29626286,0.249703899,-0.178549445,-0.09709555002,-0.05409329871
14.812293,0.0802327767,0.02981859446,-0.2195560336,-0.1757555753,-1.424143791,0.2354531884,-0.1920243458,-0.09865946958,-0.05190975257
14.822348,0.07878673822,-0.008894622326,-0.2284027338,-0.3057215512,-1.507075667,0.2463638932,-0.2066750164,-0.1015066806,-0.0499865606
14.832404,0.06294900179,-0.05419117212,-0.1918683052,-0.3707098365,-1.566889048,0.246085152,-0.2219515212,-0.1054281173,-0.0482709488
14.84246,0.052949287,-0.03042989969,-0.1592678428,-0.3266976476,-1.654035211,0.2370136231,-0.2379827801,-0.1094374591,-0.04670246211
14.852516,0.0581100136,0.04683238268,-0.19662714,-0.1860006601,-1.717952967,0.1831358224,-0.2548330104,-0.1125546556,-0.0452613662
14.862572,0.0578571111,0.111731112,-0.2723137736,-0.01066746376,-1.759676695,0.1021682695,-0.2721192596,-0.1138757674,-0.04409155465
14.872628,0.06317995489,0.1216239929,-0.2782803178,0.1102579385,-1.8720783,-9.54E-05,-0.2902615706,-0.1134459203,-0.0433884918
14.882684,0.06973131001,0.1171130538,-0.2599101067,0.1006774828,-2.053616047,-0.1159349531,-0.3099953348,-0.1122428072,-0.04361371883
14.892739,0.07562897354,0.1514604092,-0.2692545056,0.04429334775,-2.266710043,-0.1911669821,-0.3318340861,-0.1109831761,-0.04483073658
14.902795,0.09359712154,0.1450834274,-0.3721888065,-0.0809391439,-2.456820965,-0.2596778572,-0.3558442912,-0.1102896959,-0.04703496002
14.912851,0.1241223887,0.09652817249,-0.5114768744,-0.2073792368,-2.585327625,-0.297552377,-0.3815381587,-0.1106115875,-0.05016493284
14.922907,0.1467784792,0.04886096716,-0.5304859877,-0.2586605549,-2.711104393,-0.335249424,-0.4085364736,-0.1115318442,-0.05399511909
14.932963,0.1952193677,0.1339424849,-0.4843636751,-0.1347918063,-2.877780914,-0.3322061896,-0.4370268912,-0.1120211686,-0.05793311476
14.943019,0.2639688849,0.2626292706,-0.4546000957,0.2155299932,-3.159827232,-0.2972244918,-0.46759553,-0.1103343667,-0.06059996988
14.953075,0.3287518919,0.198752284,-0.5023833513,0.5042145848,-3.38361907,-0.3248955905,-0.5006857207,-0.1055343464,-0.06160640337
14.963131,0.3367995918,0.1404677033,-0.4309569597,0.5099020004,-3.492940187,-0.3500081301,-0.5353215452,-0.09925721255,-0.06197173134
14.973186,0.3395967782,0.1185852885,-0.3139612675,0.4113219082,-3.512175322,-0.3135898709,-0.5706327899,-0.09350982656,-0.0623590711
14.983242,0.3625240922,0.08481764793,-0.2134679556,0.2348459363,-3.48423171,-0.3045449853,-0.6058903994,-0.08903008571,-0.06309460944
14.993298,0.3777149618,0.06852978468,-0.1329659224,0.08247477561,-3.375104427,-0.2997263074,-0.6405502514,-0.08598853806,-0.06466619512
15.003354,0.38771981,0.0686827898,-0.0255459547,0.04329754412,-3.256287575,-0.2960303724,-0.6740953735,-0.08376811216,-0.06674205039
15.01341,0.3882139325,0.09705710411,0.02650177665,0.1740985215,-3.123185396,-0.3084184825,-0.7063513091,-0.08095167929,-0.06840367266
15.023466,0.376110673,0.1198373437,0.04274368286,0.3685020804,-2.940915346,-0.2961913645,-0.736885884,-0.07697633238,-0.06892289411
15.033522,0.3566082716,0.06974041462,0.08074045181,0.5753746629,-2.750771761,-0.2831234932,-0.7653714165,-0.07152052296,-0.06773026504
15.043577,0.3256174624,0.01593118906,0.2388626337,0.6981517076,-2.628395081,-0.291514039,-0.7921574609,-0.06485949743,-0.06518572365
15.053633,0.2895584702,-0.01305413246,0.4354199171,0.6487864256,-2.57878828,-0.2995223999,-0.8181037363,-0.0580061867,-0.06239660879
15.063689,0.2834624648,-0.08821797371,0.3857040405,0.596394062,-2.517763376,-0.2633444071,-0.8436050814,-0.05155599038,-0.05957534222
15.073745,0.2917172611,-0.1618539691,0.3387434483,0.35390082,-2.442775249,-0.207722947,-0.8683942863,-0.04660796383,-0.05746268777
15.08380104,0.2740162015,-0.2079849839,0.3133376837,0.06259919703,-2.345435143,-0.1515566111,-0.8924386311,-0.04383272978,-0.0570188463
15.09385704,0.2447970957,-0.2831190825,0.3190814257,-0.1401429474,-2.262313128,-0.09405772388,-0.9156469287,-0.04313921977,-0.05813931228
15.10391304,0.2077552378,-0.287207365,0.3312315941,-0.2883984745,-2.214983225,-0.05105166882,-0.9382092711,-0.04387669982,-0.06022752404
15.11396804,0.1753178239,-0.2676127553,0.3162314892,-0.2774070203,-2.195617437,-0.0160813015,-0.9604417402,-0.04536415299,-0.06277759576
15.12402404,0.1412018836,-0.2606860995,0.3458458185,-0.2441422641,-2.218443394,0.005471662153,-0.9827108844,-0.04676049429,-0.06497437328
15.13408004,0.09934195876,-0.223846674,0.345084548,-0.2310307771,-2.295441628,0.03789663315,-1.005492513,-0.04814463015,-0.06685780614
15.14413604,0.08414156735,-0.1655096412,0.2445107698,-0.2995320857,-2.350953102,0.08577894419,-1.028909507,-0.04999510823,-0.06869351939
15.15419204,0.07368978858,-0.1417543888,0.1407926083,-0.4514909387,-2.403870344,0.1322394013,-1.052954099,-0.05295755999,-0.07144262244
15.16424804,0.05455584824,-0.1446939111,0.02099656314,-0.5532287359,-2.394766331,0.1509044319,-1.077348195,-0.05666755377,-0.07516839999
15.17430404,0.02120584249,-0.0968798399,-0.02034664154,-0.5973201394,-2.349534035,0.1599060744,-1.101459072,-0.06074897674,-0.07963159795
15.18436004,0.006607323885,-0.03873574734,-0.05458832532,-0.6426223516,-2.316387177,0.1612491161,-1.125218948,-0.0649623502,-0.08452139187
15.19441504,0.01597864926,-0.03059095144,0.001349441707,-0.6472703218,-2.354140997,0.1428416818,-1.149014618,-0.06904902426,-0.08975747138
15.20447104,0.03279191256,-0.02506184578,0.08608436584,-0.5346146226,-2.408459902,0.09999915212,-1.173250108,-0.07256320857,-0.09473403583
15.21452704,0.02877095342,0.05648583174,0.1133660004,-0.4618762732,-2.39734149,0.1100376472,-1.197904376,-0.07539375485,-0.09905341105
15.22458304,0.03914965689,0.1845791936,0.00487588346,-0.2327339053,-2.252915144,0.1138989627,-1.221491555,-0.07775734442,-0.1018909319
15.23463904,0.04580495507,0.1990481615,-0.00349509716,-0.06137147546,-2.128207922,0.07710441202,-1.243567378,-0.07915937397,-0.1028874927
15.24469504,0.05845467001,0.2115374804,0.007726684213,-0.01693317294,-2.048944235,0.02330030128,-1.264522037,-0.0797053162,-0.1029032317
15.25475104,0.05400430411,0.1887475252,0.004552237689,-0.05984402075,-1.941489816,-0.00368692237,-1.284618001,-0.07987594677,-0.1031494037
15.26480604,0.05474174768,0.1943548918,0.009343147278,-0.1949821264,-1.796527624,-0.001138543477,-1.303522412,-0.08023113677,-0.1043611983
15.27486204,0.04912106693,0.1423725486,0.07105028629,-0.1792890131,-1.704808354,-0.09278936684,-1.321221048,-0.08034720108,-0.106379335
15.28491804,0.06035467982,0.1190018654,0.1574295759,-0.05760226026,-1.691271186,-0.1774067879,-1.33837902,-0.07925667561,-0.1078727733
15.29497404,0.06306183338,0.1792751551,0.202991128,0.02658545412,-1.709304094,-0.2522253394,-1.35553993,-0.07716501325,-0.1085827131
15.30503004,0.1009771898,0.2167008519,0.1128915548,0.1721564978,-1.692590714,-0.276050508,-1.372602688,-0.07434585016,-0.1080986955
15.31508604,0.1193677559,0.1580097079,0.1061376482,0.1884162575,-1.694169998,-0.3189700842,-1.389532138,-0.07107343606,-0.1066546028
15.32514204,0.0968175754,0.09190189838,0.1043591797,0.1080298051,-1.657593846,-0.3131830096,-1.406320306,-0.06762155441,-0.1056509426
15.33519804,0.07636486739,0.07567101717,0.08547700942,0.04467577487,-1.608635783,-0.3614405692,-1.422648229,-0.06434658102,-0.1054981465
15.34525304,0.05859985948,0.04168063402,0.04687213898,-0.02455949038,-1.574678421,-0.3663266599,-1.438673558,-0.0607620225,-0.1058309521
15.35530904,0.05504136533,0.04073947668,0.06314349174,-0.04807107151,-1.496727228,-0.3816090822,-1.454148321,-0.05704491858,-0.106720321
15.36536504,0.0494883433,-0.01213544607,0.1139507592,0.05113913491,-1.484922528,-0.3946151435,-1.469143083,-0.0531520346,-0.1071206538
15.37542104,0.03410239518,-0.04866755009,0.1912562996,0.1340487152,-1.491538525,-0.4197332561,-1.484079812,-0.04898728399,-0.1065924233
15.38547704,0.02344047278,-0.03744488955,0.2132516801,0.1583465934,-1.497348666,-0.4165435731,-1.499082517,-0.04463017579,-0.1054421164
15.39553304,0.06198423356,-0.0329669714,0.1860340536,0.2095597088,-1.503930569,-0.3989178538,-1.514085717,-0.0404525086,-0.1038592543
15.40558904,0.087130934,-0.06151610613,0.1497535557,0.2383066714,-1.495142102,-0.3914194405,-1.529103705,-0.03636688767,-0.1017255247
15.41564404,0.09348747879,-0.03511029482,0.1477752924,0.0415221937,-1.490869641,-0.4021790624,-1.544014782,-0.0323038676,-0.100295439
15.42570004,0.1261044145,-0.06796771288,0.1951286793,-0.1985125095,-1.507381201,-0.3540632129,-1.559150235,-0.02852798875,-0.1012229019
15.43575604,0.1325731725,-0.09482461214,0.1789860576,-0.2413471937,-1.501456618,-0.3093544543,-1.574401915,-0.02513747746,-0.1035086474
15.44581204,0.08503066003,-0.03006184101,0.1413046122,-0.1732328534,-1.452318668,-0.3691895604,-1.589261598,-0.0216557265,-0.105424228
15.45586804,0.07579140365,-0.0200458169,0.1586290747,-0.2204983681,-1.483537674,-0.3824093342,-1.604041444,-0.01782950592,-0.107240468
15.46592404,0.08272822201,-0.07704073191,0.1773098856,-0.2614431381,-1.515282035,-0.3150822222,-1.619222987,-0.01422390059,-0.1097030952
15.47598004,0.04312837124,-0.07627624273,0.130998373,-0.1481848061,-1.537656069,-0.3676049113,-1.634624218,-0.01060321034,-0.1114455789
15.48603504,0.0105830729,-0.02773326635,0.06429745257,-0.1444081813,-1.539036155,-0.3083743453,-1.650173468,-0.00711927965,-0.1126272402
15.49609104,-0.0060326159,-0.06914138794,0.04020154476,-0.1399577707,-1.544420719,-0.243987307,-1.665747571,-0.004274934779,-0.1139401674
15.50614704,-0.0307931602,-0.0900105238,-0.02604044974,-0.1169102415,-1.590426087,-0.23733899,-1.681483815,-0.001707215657,-0.1149680605
15.51620304,-0.04837243259,-0.07401323318,-0.09410525858,-0.09014098346,-1.670498133,-0.2280663103,-1.697876131,0.0007000818522,-0.1156164379
15.52625904,-0.06012581289,-0.05039232969,-0.1480617374,-0.1152862832,-1.754814625,-0.1906281263,-1.715106576,0.002956799528,-0.1163396035
15.53631504,-0.04926583171,-0.04463720322,-0.1459263712,-0.1622227281,-1.868631959,-0.1599867046,-1.733351632,0.004895161656,-0.1174642894
15.54637104,-0.02213276923,-0.0477656126,-0.1611025333,-0.1437728852,-1.954110384,-0.109152019,-1.752571699,0.006479972534,-0.1188003028
15.55642704,0.005361542106,-0.0230602026,-0.1744719595,-0.05600680411,-1.963705182,-0.06726133823,-1.772241475,0.007553216971,-0.1195720651
15.56648204,0.0341771543,-0.02733439207,-0.07269927859,-0.02654771693,-1.954730868,-0.01613930427,-1.791925273,0.00806459826,-0.1198189234
15.57653804,0.07646160573,-0.06751281023,-0.007735729218,-0.08365681022,-1.930058599,0.04658735543,-1.811467426,0.008046012556,-0.1204067973
15.58659404,0.09853940457,-0.04785615206,-0.05156394839,0.005356154405,-1.894200683,0.05736543238,-1.830731416,0.007595127641,-0.120980349
15.59665004,0.08152734488,-0.04724478722,-0.04339513183,0.01669984497,-1.839378357,0.07051668316,-1.849520791,0.006976350923,-0.1210305296
15.60670604,0.1021014526,-0.05170530081,-0.01901902258,0.01955581829,-1.800398231,0.07083333284,-1.867819948,0.006226959628,-0.1210748078
15.61676204,0.1297435164,-0.03798902035,-0.03761705756,0.03091109358,-1.685420752,0.06897785515,-1.885470972,0.005490151471,-0.1211259163
15.62681804,0.1357189715,-0.02262592316,-0.04313826561,0.07581944764,-1.498035431,0.07222291827,-1.901490268,0.004629772054,-0.120806238
15.63687304,0.1391096413,-0.001977443695,0.03510260582,0.1087340266,-1.35180378,0.09294596314,-1.915848102,0.003565248798,-0.120236257
15.64692904,0.1475073993,-0.002847075462,0.025014624,0.05497439578,-1.200488329,0.1439404339,-1.928670406,0.002189641761,-0.1197482256
15.65698504,0.1249901652,-0.0516024828,0.06608489156,0.06738130748,-1.060055733,0.1785351336,-1.939965415,0.0003987249996,-0.1198216639
15.66704104,0.06918216497,-0.09591138363,0.1944516897,0.1304761171,-1.014636278,0.1527003348,-1.950349413,-0.001500684418,-0.1195335786
15.67709704,0.0284710601,-0.06216180325,0.1970826387,0.2292433977,-0.9707208872,0.1717934161,-1.960343226,-0.003686266053,-0.1184822389
15.68715304,0.03477280587,-0.04481959343,0.08959308267,0.3220047653,-0.9502452016,0.1949032694,-1.970010477,-0.006471410976,-0.1166477017
15.69720904,0.01124067605,-0.05771362782,-0.00571551919,0.3118718863,-0.9289617538,0.2077372521,-1.979432275,-0.009572604308,-0.1144814404
15.70726404,-0.03715907037,-0.1207847595,0.02041374147,0.1967761815,-0.8729735613,0.2292625159,-1.988491075,-0.01263857316,-0.1129605092
15.71732004,-0.06882237643,-0.1591676474,0.09745703638,0.02580936626,-0.7761350274,0.2757577598,-1.996800655,-0.01539229248,-0.113012145
15.72737604,-0.04622371495,-0.170868516,0.1210411489,-0.001622259733,-0.7137762904,0.2822793126,-2.004233179,-0.01798745556,-0.1141502952
15.73743204,-0.03573523462,-0.1536124349,0.2075812817,0.1039972454,-0.7679073215,0.2856238484,-2.011656964,-0.02077440875,-0.1149744395
15.74748804,-0.01358578727,-0.01019984484,0.2422544956,0.2085723877,-0.8708707094,0.3213408291,-2.01990661,-0.02422610241,-0.1147846955
15.75754404,0.06280569732,-0.05959659815,0.2443184704,0.1723827422,-0.9168109298,0.3450958431,-2.028951863,-0.02811123572,-0.1144763214
15.76760004,0.08796761185,-0.103255868,0.3161936104,0.05897068977,-0.8974868059,0.4058939219,-2.038135728,-0.03198196415,-0.1151639584
15.77765504,0.1161379963,-0.1188699603,0.2723478377,0.006617339328,-0.8309758306,0.4447094202,-2.046904829,-0.03595582668,-0.1168225602
15.78771104,0.09773418307,-0.09719884396,0.224756822,-0.06152469665,-0.7647272944,0.4411152303,-2.055019926,-0.03975979832,-0.1191738451
15.79776704,0.03772570193,-0.08104997873,0.1981335878,-0.1297788024,-0.733182013,0.4169634283,-2.062548377,-0.04317893478,-0.1220103889
15.80782304,-0.01521337964,-0.09187209606,0.187803179,-0.1005487517,-0.7202312946,0.3722838461,-2.070009873,-0.04613848825,-0.1249370446
15.81787904,-0.05071298033,-0.01122951508,0.1243107617,-0.04653172195,-0.5785890818,0.363147676,-2.076778626,-0.04891102789,-0.1273865741
15.82793504,-0.0209278129,0.0347379446,0.170319587,0.03380918875,-0.4482955337,0.364389509,-2.081985441,-0.05210112453,-0.1292333483
15.83799104,0.009826689959,0.02055877447,0.2670431137,0.09825253487,-0.3442189097,0.3477279246,-2.086045134,-0.05555400135,-0.1304473867
15.84804604,-0.0007478629705,0.09995925426,0.2137687206,0.1846518666,-0.2946630716,0.359818399,-2.089236355,-0.05928690832,-0.1310903483
15.85810204,8.40E-06,0.1386778951,0.126576066,0.1991740018,-0.2837893665,0.3354515433,-2.09215803,-0.06337527217,-0.1310111432
15.86815804,-0.03576761484,0.0850931406,0.09996572137,0.08739820868,-0.2131604999,0.3226148486,-2.094712071,-0.06696809892,-0.1313805265
15.87821404,-0.04384324327,0.1152576804,0.04802808166,-0.03908121586,-0.1544387192,0.2854372561,-2.09662958,-0.06966717645,-0.1328229057
15.88827004,-0.0481694378,0.162868619,-0.06268450618,-0.05483408272,-0.1017827019,0.2002536505,-2.098038988,-0.07158299561,-0.1344950595
15.89832604,-0.1058930308,0.1880904436,-0.03049170971,-0.01428523473,-0.05496513098,0.1211039051,-2.098898232,-0.07278403679,-0.1355943393
15.90838204,-0.1064742357,0.182575047,0.04593679309,0.02293004282,-0.01119448058,0.04853915796,-2.099281276,-0.07356402613,-0.1360074345
15.91843804,-0.08770467341,0.1419609785,0.1377336979,0.09788608551,0.06806851923,-0.0259338785,-2.098963779,-0.07394139702,-0.1355903724
15.92849304,-0.05592607707,0.2154307961,0.1506914943,0.2513757646,0.1260109097,-0.04329236224,-2.097869739,-0.07456374469,-0.1339103005
15.93854904,-0.003390615806,0.2516428232,0.1215659231,0.345888406,0.2000445276,-0.09436787665,-2.09599956,-0.07554153945,-0.1308581974
15.94860504,-0.0103811929,0.2261385918,0.1129621118,0.2875396013,0.233619526,-0.1456065625,-2.093528694,-0.07609774678,-0.127487068
15.95866104,-0.005557624623,0.1755433679,0.05531035364,0.1899555176,0.2614090741,-0.2082342505,-2.090813671,-0.07575785199,-0.1245282014
15.96871704,-0.01840563118,0.1265609264,0.01829053462,0.1468109787,0.3095757961,-0.2472873777,-2.087763462,-0.07455088673,-0.121921574
15.97877304,-0.01460399851,0.113640368,0.01497018337,0.1294767261,0.3591758609,-0.2464218587,-2.084198448,-0.07308990656,-0.1194616888
15.98882904,0.006584106945,0.04979819059,0.08316242695,0.1108788103,0.392323941,-0.2542907,-2.080262196,-0.07146824742,-0.1172413871
15.99888404,-0.01724923961,-0.01106059551,0.1503508538,0.1271395385,0.4239189029,-0.2631084323,-2.076016478,-0.06974364108,-0.1149678119
16.00894004,-0.01377088018,-0.01779460907,0.1465370357,0.1862529218,0.4682607949,-0.2691029608,-2.071357597,-0.06815057764,-0.1123223123
16.01899604,0.01266188361,-0.01978874207,0.1121052653,0.2466185242,0.488766849,-0.2644445002,-2.066309884,-0.0668251578,-0.1091079454
16.02905204,0.0158765316,-0.02812671661,0.08841097355,0.2737691998,0.462487042,-0.2736760676,-2.061306357,-0.0656746723,-0.1055182452
16.03910804,-0.0003742668778,-0.04357367754,0.08201095462,0.2326159328,0.4166789651,-0.256247133,-2.056684761,-0.06452884998,-0.1019542029
16.04916404,0.009694103152,-0.04818850756,0.05786728859,0.1548215449,0.3982560039,-0.2162014544,-2.052446496,-0.06331448449,-0.09912904379
16.05922004,0.03047867306,-0.06649917364,0.02393470705,0.08998399973,0.4213824868,-0.1755219102,-2.048210537,-0.06216749054,-0.09712581368
16.06927504,0.0309521798,-0.07961726189,0.03652773798,0.07874839008,0.4786891937,-0.154865101,-2.043626385,-0.06101725786,-0.09568960465
16.07933104,0.02387917973,-0.06076860428,0.04818296432,0.1102321073,0.5193085074,-0.1288552284,-2.038515639,-0.06016298137,-0.09420297363
16.08938675,0.01308427565,-0.08269619942,0.09820616245,0.1109168008,0.5675048232,-0.1183863357,-2.032935968,-0.05958287882,-0.09262006476
16.09944275,0.00614236109,-0.09565383196,0.1604634374,0.1024867371,0.6335948706,-0.125165686,-2.026804465,-0.05892347653,-0.09117822859
16.10949875,0.01713673025,-0.06493794918,0.1814149469,0.1605058461,0.7292127609,-0.1244958937,-2.019858576,-0.05837615845,-0.08946286292
16.11955475,0.03635111451,-0.02724230289,0.2045422792,0.2268880904,0.850237608,-0.1241546646,-2.011798019,-0.0581028645,-0.08712874127
16.12961075,0.06607343256,-0.01108694077,0.2567818165,0.2588862479,1.021806717,-0.1312197745,-2.002275407,-0.05798016344,-0.08441035234
16.13966675,0.09154506773,0.002372682095,0.3369407654,0.2812229693,1.24264586,-0.1394792497,-1.990705415,-0.05784935208,-0.08141315361
16.14972175,0.1180076078,0.0961766243,0.4000034332,0.3480321169,1.396454334,-0.1433352381,-1.977182811,-0.05781750433,-0.07795286193
16.15977775,0.1385109723,0.08090823889,0.3986105919,0.4212619364,1.528383613,-0.1709324569,-1.962296308,-0.05788081887,-0.0737664215
16.16983375,0.1024384573,0.04504799843,0.3602503538,0.4991476834,1.6859653,-0.2079000622,-1.945814584,-0.05782246632,-0.06881294956
16.17988975,0.04974493384,0.04322332144,0.3756481409,0.5842295885,1.794216514,-0.2421599925,-1.92795327,-0.0576723368,-0.06286868147
16.18994575,0.01358062029,0.03220742941,0.4230709076,0.6500269771,1.922780037,-0.2623243928,-1.908914172,-0.05737376591,-0.05619240091
16.20000175,-0.006084002554,0.0170584321,0.503344655,0.8118700385,2.053881168,-0.2565098703,-1.888444011,-0.05721062793,-0.04848810022
16.21005775,-0.02047345042,0.02126860619,0.5174396038,1.190310001,2.227006912,-0.2666703463,-1.866344878,-0.05775800268,-0.03811389919
16.22011275,-0.04384168237,0.0253700614,0.5175982714,1.624876499,2.320015907,-0.3481325507,-1.842571662,-0.05880687235,-0.02372431255
16.23016875,-0.02076788992,0.02858126163,0.3953211308,1.887488127,2.389143229,-0.3999512792,-1.817841366,-0.05969369434,-0.005474943887
16.24022475,-0.002994723618,0.002687454224,0.347615242,1.715504885,2.436472893,-0.4142231643,-1.792379851,-0.05990782053,0.01339279107
16.25028075,0.03359158337,-0.06329131126,0.2651845217,1.174872518,2.441628695,-0.3349901438,-1.766902192,-0.05933372537,0.02864172967
16.26033675,0.05995748192,-0.1128461957,0.182363987,0.401776135,2.413342237,-0.2985030413,-1.742009388,-0.05768567978,0.03713955059
16.27039275,0.0737106353,-0.1568400264,0.150321126,-0.3417339623,2.406136513,-0.2458302677,-1.717748247,-0.05500283133,0.03769287113
16.28044875,0.0985532254,-0.173084259,0.115647316,-0.6361764669,2.427097321,-0.1781646907,-1.693715858,-0.0522247482,0.03282588829
16.29050375,0.1303037703,-0.05650383234,0.05222845078,-0.5289698839,2.384734154,-0.1534747928,-1.669781619,-0.04991458345,0.02683069756
16.30055975,0.1718471944,-0.01715528965,-0.1700260639,-0.1400893182,2.304675102,-0.1929197609,-1.646323089,-0.04789870955,0.02357752453
16.31061575,0.1459250152,0.02315342426,-0.2800496817,0.1869042516,2.20862484,-0.2461030781,-1.623591655,-0.04570547635,0.02407406258
16.32067175,0.1395435035,0.01159071922,-0.2490854263,0.2747063637,2.129943132,-0.2659078538,-1.601645111,-0.04321661439,0.02663516923
16.33072775,0.1708082259,-0.0494773984,-0.1847445965,0.2244482487,2.048581123,-0.2633903623,-1.580551247,-0.04061558449,0.02924004059
16.34078375,0.1561898887,-0.0454133749,-0.1446486712,0.1125264168,1.9482162,-0.2514891624,-1.560372032,-0.03799765712,0.03093999957
16.35083975,0.1675403267,-0.004348754883,-0.1897503138,0.03657173365,1.84992075,-0.2057376504,-1.541257756,-0.03567466923,0.03163884834
16.36089475,0.197393328,-0.04179036617,-0.2678829432,-0.01817300543,1.748483896,-0.1938992143,-1.523172184,-0.03370460374,0.03157402625
16.37095075,0.1661058366,-0.044064641,-0.3199259043,-0.02289852127,1.649904609,-0.2063558847,-1.506106689,-0.03169752994,0.03118491807
16.38100675,0.1418175995,-0.02026033401,-0.3388736248,0.00592744723,1.544261456,-0.1915994138,-1.490057715,-0.0297005506,0.03097651823
16.39106275,0.1466083527,-0.04523575306,-0.331882894,-0.02992695756,1.481734991,-0.1570875049,-1.474897252,-0.02796570665,0.03068506123
16.40111875,0.125629276,-0.06100255251,-0.2734388709,-0.0645596385,1.460194111,-0.1309067905,-1.460139796,-0.02658578447,0.03002875358
16.41117475,0.1048515141,-0.08032119274,-0.1663784981,-0.09939138591,1.462603688,-0.1121663973,-1.445517412,-0.02546468429,0.02903998412
16.42123075,0.09120345116,-0.08173894882,-0.08717191219,-0.1044068262,1.49926722,-0.09203609079,-1.430680928,-0.02460583168,0.02778439327
16.43128575,0.08188584447,-0.0638346076,-0.03675049543,-0.06325352937,1.548724294,-0.0887651965,-1.415408105,-0.02382709153,0.02674390773
16.44134175,0.08633193374,-0.02848213911,0.03669101,-0.04053423926,1.652067304,-0.07784961909,-1.399388052,-0.02308338019,0.02607856581
16.45139775,0.09364552796,-0.03436297178,0.133821249,0.002981547033,1.776861906,-0.0621018149,-1.382154598,-0.02246944806,0.02565005375
16.46145375,0.09429681301,-0.04059660435,0.1872485876,0.0776034072,1.873242617,-0.05637942627,-1.36377879,-0.02179807293,0.0259319022
16.47150975,0.0927259028,0.004059672356,0.2459172606,0.0902973637,1.957264781,-0.03236330673,-1.344511841,-0.02118252181,0.02671347331
16.48156575,0.1011185795,-0.01329904795,0.3096008301,-0.01545103453,2.052409172,0.006022030488,-1.324381321,-0.02099038703,0.02703819696
16.49162175,0.1078650057,-0.06860876083,0.3355879784,-0.1207236573,2.17107439,0.009846596979,-1.303187364,-0.02126518751,0.02635003094
16.50167675,0.1010078639,-0.03048110008,0.346331358,-0.1252319068,2.313981533,0.02065586112,-1.280670994,-0.02177750574,0.02511511037
16.51173275,0.1042032093,0.01548296213,0.3650547266,-0.1384566277,2.477759123,0.02067104168,-1.256602596,-0.02235133308,0.02390167939
16.52178875,0.1211733669,-0.004669129848,0.3603909612,-0.09616585821,2.596940994,0.006330265198,-1.231099081,-0.02293542153,0.02270468596
16.53184475,0.1421705931,-0.011695683,0.2463495731,0.1022351161,2.637040138,-0.07124548405,-1.204671033,-0.02265840667,0.02256282618
16.54190075,0.1366427243,0.04977494478,0.1481835246,0.2713474631,2.581096172,-0.0900780037,-1.178405029,-0.02136114119,0.02400426593
16.55195675,0.1185850799,0.1099127531,0.08069139719,0.2132937759,2.436361074,-0.1002323702,-1.153184185,-0.01938329816,0.02599277803
16.56201275,0.09623998404,0.02368414402,0.06533384323,-0.05870006233,2.31719017,-0.0996446386,-1.129354432,-0.01810035428,0.02634154638
16.57206875,0.04017116129,-0.02861660719,0.07162570953,-0.3708733916,2.290644169,-0.08706013113,-1.106289792,-0.01820916548,0.02384436969
16.58212375,0.01539054513,-0.009070277214,0.04848480225,-0.5123132467,2.327067375,-0.04585149884,-1.083166614,-0.01970804696,0.01950165407
16.59217975,0.02940052748,-0.02132040262,-0.02560460195,-0.4352107644,2.377328396,-0.02874921262,-1.059622208,-0.02171197679,0.01507054379
16.60223575,0.03354407847,0.02474045753,-0.06436622143,-0.3455667198,2.402188301,-0.03270081058,-1.035644153,-0.02340467918,0.01154842378
16.61229175,0.05688805133,0.05680131912,-0.1110779643,-0.2662447393,2.371131897,-0.03863007203,-1.01169781,-0.02475300279,0.00869852772
16.62234775,0.08389098942,0.04977715015,-0.2041061521,-0.1593888998,2.309800863,-0.07855881751,-0.9882164342,-0.02545125265,0.006543454197
16.63240375,0.06950871646,0.06452262402,-0.2057004571,-0.08761191368,2.212007523,-0.1420091689,-0.9655002565,-0.0252410539,0.004905691368
16.64245975,0.07361168414,0.07392811775,-0.1798889637,-0.06445608288,2.089663982,-0.1624295861,-0.9438622579,-0.02442692382,0.003345399631
16.65251475,0.1143799424,0.0778350234,-0.1757520437,-0.08239487559,1.985084772,-0.1539759189,-0.9234511007,-0.02354928138,0.001825844959
16.66257075,0.1509080529,0.06639105082,-0.1525330544,-0.1810109168,1.969374657,-0.1372798681,-0.9036894069,-0.02317633593,-0.0001025032863
16.67262675,0.1649210602,0.02603501081,-0.07177352905,-0.2943968773,1.938185334,-0.1123444214,-0.8840662784,-0.02381362274,-0.00294774287
16.68268275,0.1958113909,0.01741927862,-0.1447839141,-0.2166402489,1.893114448,-0.1030355394,-0.8648869932,-0.02468821208,-0.005649043882
16.69273875,0.1933667213,0.07646769285,-0.1493266225,-0.122051686,1.856360078,-0.1140269339,-0.8460953799,-0.02495583388,-0.007655362433
16.70279475,0.194860816,0.04661285877,-0.08513242006,-0.06923996657,1.861017704,-0.07999023795,-0.8275001012,-0.02494259669,-0.009043685933
16.71285075,0.1848758161,-0.01961052418,0.006267674267,-0.07158860564,1.923313022,0.00160741515,-0.8085940976,-0.02514355616,-0.009878856384
16.72290575,0.1739501655,-0.06324660778,0.1601960808,-0.01727392338,2.043941736,0.05986920372,-0.7887271332,-0.02563984301,-0.01000194425
16.73296175,0.1727956533,-0.07607924938,0.2752825022,0.05735530704,2.246805906,0.1467585564,-0.7671598904,-0.02628533889,-0.009170334373
16.74301775,0.1737823188,-0.1216409802,0.3826041222,0.1214554235,2.489287853,0.2015939206,-0.743314324,-0.02689281273,-0.007262172306
16.75307375,0.1784292161,-0.1428419948,0.4078685045,0.2144900262,2.681053638,0.2132495195,-0.717084379,-0.02687582202,-0.004706096036
16.76312975,0.1992463171,-0.1453406811,0.2912809849,0.5250255466,2.781389475,0.1722000241,-0.6893654077,-0.02543187117,-0.0008216696858
16.77318575,0.1954943538,-0.1014409065,0.09613191336,0.799528718,2.78144002,0.09918121994,-0.6611972124,-0.0210602944,0.004453278023
16.78324175,0.1953265965,-0.08313196898,0.005828678608,0.9358440042,2.653032541,0.04266403615,-0.6336843539,-0.01445331053,0.01033817644
16.79329675,0.1868469715,-0.1831189394,-0.1028048992,0.8830409646,2.494502306,-0.03107303381,-0.607752597,-0.006949942797,0.0157154719
16.80335275,0.1517819464,-0.1778097153,-0.1182792187,0.6624645591,2.337772608,-0.05406580493,-0.583436426,-0.0002036494999,0.01972211193
16.81340875,0.1374125779,-0.04204308987,-0.08975613117,0.3254612684,2.164434433,0.02452380955,-0.5608245275,0.004127753528,0.02228526208
16.82346475,0.1584138721,-0.02355599403,-0.05169053376,-0.1136997938,2.011414289,0.1438975185,-0.5398314784,0.004608985637,0.02352748026
16.83352075,0.1411177516,-0.1675826907,-0.04097801447,-0.4897706211,1.994564176,0.1707374007,-0.5197375461,0.00115106396,0.02336848698
16.84357675,0.09612318128,-0.1735012531,-0.07510411739,-0.5796018243,2.035720587,0.2609831691,-0.4994422164,-0.004820462201,0.02252655125
16.85363275,0.1266842782,-0.1091297865,-0.209903419,-0.3912236989,2.00583601,0.3034733534,-0.4791081949,-0.01053283532,0.02276712914
16.86368775,0.1530869007,0.00450450182,-0.2757303119,-0.2320294082,1.938427567,0.339355886,-0.4592084557,-0.01472363118,0.02421901038
16.87374375,0.1735980958,0.05444335938,-0.3495000005,-0.1203201935,1.778273582,0.3379997909,-0.4404797405,-0.01775469305,0.02657625686
16.88379975,0.1552166939,0.06220597029,-0.3798389435,-0.09488509595,1.63041985,0.3128190637,-0.4232955509,-0.02008090991,0.02908531444
16.89385575,0.1297540069,0.1142135262,-0.3755955696,-0.1105098575,1.457597494,0.2748535573,-0.4076995457,-0.02219845675,0.03142148267
16.90391175,0.1279465258,0.08486366272,-0.3579887748,-0.2692421973,1.327483296,0.2206151187,-0.3936988709,-0.02476641376,0.03305109448
16.91396775,0.119699046,0.08728986979,-0.3106396198,-0.5401786566,1.233963132,0.2063211352,-0.3808881429,-0.02937495154,0.03345152721
16.92402375,0.09972909093,0.08833259344,-0.3026745915,-0.841791451,1.183373451,0.1993168145,-0.3687720879,-0.03665590641,0.03278850781
16.93407875,0.08000406623,0.05753499269,-0.2861340046,-0.9818441868,1.193529725,0.1821863055,-0.3569100968,-0.04600747258,0.03131723709
16.94413475,0.04844732955,0.06695812941,-0.2548068166,-0.9290956259,1.215415955,0.1356598437,-0.3449046984,-0.05570105173,0.02948098793
16.95419075,0.02573291212,0.1487942338,-0.2171213627,-0.713567853,1.243944764,0.09231556207,-0.3326387472,-0.06393476014,0.02777450361
16.96424675,0.01677196473,0.167530477,-0.1886621118,-0.483969301,1.275976181,0.05424460769,-0.320042845,-0.06983212278,0.02653841969
16.97430275,0.0006681643426,0.1161997318,-0.1593549252,-0.4163537621,1.361772895,0.0196983479,-0.3068047377,-0.07418455623,0.02544945309
16.98435875,-0.0151710175,0.07916283607,-0.1590066552,-0.4777559638,1.491201401,0.008030081168,-0.292613932,-0.07846746131,0.02424925894
16.99441475,-0.0268291533,0.03845697641,-0.2055097222,-0.5659324527,1.654360294,0.02232726105,-0.2769728138,-0.08337280951,0.02296327364
17.00446975,-0.04194753617,-0.03199964762,-0.1635123491,-0.787273705,1.821144342,-0.03716235235,-0.2596300813,-0.08997781368,0.02112775417
17.01452575,-0.07227894664,-0.08485358953,-0.09514988214,-0.9752707481,1.887295127,-0.1274064928,-0.2410995178,-0.09859029118,0.01798273433
17.02458175,-0.06529358029,-0.1222709417,0.05808007345,-0.7395712137,1.835104585,-0.2727683187,-0.2226159493,-0.1066882803,0.01384429377
17.03463775,-0.0256584473,-0.08383655548,0.03164976463,-0.6070456505,1.770354629,-0.3541619778,-0.2051530212,-0.1124451623,0.009375084743
17.04469375,0.03190694377,0.1099961996,-0.009882990271,-0.5018063784,1.755976558,-0.4629763961,-0.1879903442,-0.1172859306,0.004180290976
17.05474975,0.07132896781,0.1765323877,-0.02571213618,-0.2925596833,1.622650146,-0.5275820494,-0.1713142638,-0.1202580103,-0.001537369462
17.06480575,0.1067221612,0.1636446118,-0.02713435888,-0.08034525812,1.402334213,-0.45424968,-0.156984827,-0.1212602035,-0.006674478989
17.07486175,0.1156702936,0.1865018606,-0.08268159628,0.0568533428,1.269507289,-0.4914703071,-0.1443116635,-0.1206020424,-0.01133107175
17.08491638,0.07848977298,0.1880970001,-0.07289874554,0.09441301972,1.154351234,-0.4899468422,-0.1327355184,-0.119070448,-0.01605285898
17.09497238,0.06392497569,0.1216189861,-0.03643316031,0.1033836082,0.9790779948,-0.3492821455,-0.1226502162,-0.1175495134,-0.02005075863
17.10502838,0.04108483344,0.03330045938,-0.02595430613,0.08407142758,0.9003256559,-0.364569217,-0.1135264712,-0.1162088214,-0.02353539278
17.11508438,0.01712643355,-0.02210682631,0.02925092354,0.06147078052,0.7764876485,-0.3299742341,-0.1056066174,-0.1150720199,-0.0268993328
17.12514037,0.014595218,-0.01374769211,0.02892905846,0.1013233438,0.6612426639,-0.2451463938,-0.09886774103,-0.1140166887,-0.02967997172
17.13519637,0.003970339894,-0.0005738139153,0.003308121115,0.08740726113,0.6318765283,-0.2733764052,-0.09259193189,-0.1127908156,-0.03214198137
17.14525238,-0.00195004791,-0.01940184832,-0.03660428151,0.04873305559,0.6116136909,-0.2340852469,-0.08665433691,-0.1118554398,-0.03460758049
17.15530738,0.00494210422,-0.04975354671,-0.04562890157,0.04594445974,0.6358497739,-0.2295615971,-0.08066582134,-0.1111928551,-0.03688719293
17.16536338,0.007089026272,-0.04388165474,-0.0547198616,0.08782972395,0.5864613652,-0.1581019759,-0.07474420855,-0.1103809416,-0.03880559896
17.17541938,0.01298102736,-0.01285308599,-0.05081314221,0.1462091506,0.5721873641,-0.1349596381,-0.06909774295,-0.1091727202,-0.04019184751
17.18547538,0.001865260303,-0.02203863859,-0.02743935585,0.1785935313,0.5268698931,-0.1269875765,-0.06351877133,-0.1073829137,-0.0414974654
17.19553138,0.01309538633,-0.0380949378,-0.01892792806,0.1223574281,0.4498789907,-0.06357052177,-0.0587018294,-0.1058754681,-0.04228883283
17.20558737,0.01090513915,-0.06109696627,-0.004045009613,0.07983633876,0.3959302604,-0.03537925705,-0.05449135993,-0.1048228289,-0.0427142359
17.21564337,0.001801669598,-0.06765639782,0.0156522356,0.05995903164,0.348158747,-0.008308492601,-0.05079989464,-0.1041461335,-0.04289644445
17.22569838,-0.001268945634,-0.07182580233,-0.01644075289,-0.003788519185,0.2892781198,0.006661988795,-0.04758555883,-0.1038396268,-0.04285369451
17.23575438,0.0029104352,-0.07933008671,-0.05644363537,-0.0782038942,0.223757714,0.009496922605,-0.04498021985,-0.1042710152,-0.04277468878
17.24581038,0.01417063922,-0.0968080163,-0.1007345915,-0.1374143958,0.1677706093,-0.005356857553,-0.04303646562,-0.1053797937,-0.04278712369
17.25586638,0.01763883978,-0.05613601208,-0.09751617908,-0.1310710162,0.1441776603,-0.005669778679,-0.041462183,-0.1067814223,-0.04293643897
17.26592238,0.007656291127,0.005186259747,-0.07561469078,-0.06653539091,0.1095657572,0.01781533286,-0.04018144396,-0.1078198568,-0.04292253951
17.27597838,0.008885145187,0.02565521002,-0.06487321854,0.01027976163,0.08598320186,0.04653379694,-0.03916324369,-0.1080997716,-0.04259777501
17.28603437,0.006842717528,-0.001843690872,-0.04190415144,0.04084459692,0.06479083002,0.06195115671,-0.03837180571,-0.1078247821,-0.04203407445
17.29608937,-0.0001772120595,-0.02183610201,-0.009747806937,0.04084353149,0.05587216839,0.06217859313,-0.03771855872,-0.107446231,-0.04139580203
17.30614537,-0.004698567092,-0.01509141922,0.001640912145,0.02298463881,0.05989327654,0.08612525463,-0.03707233689,-0.1071165164,-0.04063178605
17.31620138,0.005769111216,0.01479417086,-0.008286952972,0.03460640833,0.03004270419,0.1036294103,-0.03648211599,-0.1068950507,-0.03964245446
17.32625738,0.01383342594,-0.012799263,-0.05315721035,0.0333353281,0.0002732239664,0.1007246822,-0.03620092013,-0.1065576358,-0.03858127616
17.33631338,0.02314368635,-0.0416457653,-0.09328824282,0.0192386806,-0.01836118102,0.087820068,-0.03616860893,-0.1063437841,-0.0375549375
17.34636938,0.01532004774,-0.01886415482,-0.07482039928,0.07670437545,-0.003911134787,0.06376948208,-0.03618498357,-0.1057609271,-0.03679354996
17.35642538,0.009486138821,0.03795921803,-0.04375981912,0.1325881332,0.009525578469,0.08084940165,-0.03607101746,-0.1045861848,-0.03603824248
17.36648037,0.01081342995,0.05969393253,-0.01275908947,0.1908268183,0.02353207581,0.09973134845,-0.03580487702,-0.1029682205,-0.03504704636
17.37653637,0.009570814669,0.01680660248,0.01262371987,0.2255046368,0.04310231283,0.1235053837,-0.03534784968,-0.1008666248,-0.03385664354
17.38659237,0.01200403273,0.01622545719,0.02821307629,0.2680324912,0.0501511693,0.1408542842,-0.03473635022,-0.09844147125,-0.03246218351
17.39664838,0.002081006765,0.01065224409,0.01478809118,0.3544896245,0.04282880574,0.1535549015,-0.03414728567,-0.09541303987,-0.03086650255
17.40670438,-0.01395775378,-0.03704124689,-0.0114864707,0.3892024457,0.05853946134,0.1525005847,-0.03351198678,-0.09154791775,-0.02915928819
17.41676038,-0.02337742597,-0.05749231577,-0.01810789108,0.3247312903,0.1357170641,0.1678060293,-0.0323258283,-0.08765741057,-0.02747289492
17.42681638,-0.02208478749,-0.08475148678,0.005990751088,0.2579189241,0.1858701259,0.1953500658,-0.03049555961,-0.0846984865,-0.02551333367
17.43687238,-0.0284550488,-0.1472138762,0.04899090528,0.09524161369,0.2004535943,0.2322926372,-0.02839579877,-0.0829874239,-0.02327659203
17.44692738,-0.02584386989,-0.1576382518,0.09501069784,-0.01708945632,0.1907271892,0.2790955007,-0.02618920058,-0.08272505575,-0.02067000221
17.45698337,-0.01967131346,-0.1082585454,0.1210677028,-0.07806759328,0.183196038,0.2873755395,-0.02410461638,-0.08335790812,-0.01779106842
17.46703937,-0.01484876126,-0.01373326778,0.1249095127,0.006008096039,0.1586026847,0.2963408828,-0.02217757132,-0.08395364728,-0.01489152854
17.47709538,-0.003366924822,0.01075643301,0.06425059587,0.08848486096,0.2244722396,0.2537833154,-0.01999260265,-0.08334335914,-0.01203661079
17.48715138,-0.01423582807,0.02510607243,0.08497411758,0.05425445735,0.2150356025,0.2361433208,-0.01767943651,-0.08279163847,-0.009554231158
17.49720738,0.004423547536,0.01148802042,0.03846752644,0.05919941515,0.2094046026,0.2125613093,-0.01532699914,-0.08222826205,-0.007281239818
17.50726238,0.02119499072,0.01532262564,-0.01057446003,0.05301377922,0.1941020787,0.1653467566,-0.0130623218,-0.08161829359,-0.005426143352
17.51731838,0.03916083276,0.04884779453,-0.03861885518,-0.03099377453,0.1382191032,0.1827816814,-0.0112729912,-0.08157461248,-0.003643474857
17.52737438,0.04738381878,0.06689465046,-0.06941653043,-0.01960050501,0.112408556,0.1622092277,-0.0099233634,-0.08187994407,-0.001871785282
17.53743037,0.04335092381,0.06304997206,-0.1004767492,-0.007390710991,0.02346003614,0.1460339874,-0.009130768014,-0.08208366115,-0.0003494768987
17.54748637,0.03832165524,0.009306490421,-0.1297563314,0.007816072553,-0.01661001891,0.1273039132,-0.008980349091,-0.0819886322,0.001055911198
17.55754237,0.0303520374,0.02871471643,-0.1021004841,0.0401327312,-0.01947398111,0.09272861481,-0.00903612864,-0.08187858042,0.002100606573
17.56759838,0.009063132107,0.05002599955,-0.02325952053,0.1441659182,-0.06919706613,0.07492373139,-0.009378697631,-0.08087688934,0.002940802682
17.57765438,-0.00693833828,0.01010012627,-0.005164913833,0.1128468812,-0.1231710836,0.06636273116,-0.01032057877,-0.07957894153,0.003681655729
17.58770938,0.01023024693,0.02559250593,-0.08391153812,0.09908020496,-0.161982134,0.06538791209,-0.01168938751,-0.07856617878,0.004363431869
17.59776538,0.02755026892,0.04155135155,-0.1444022059,0.1007689163,-0.2197005451,0.02647779696,-0.01355851319,-0.0775443632,0.004855278806
17.60782138,0.02041215822,0.03786921501,-0.169046104,0.08408585936,-0.3081913888,-0.01320918743,-0.01619714972,-0.07656374245,0.004928410164
17.61787737,0.02966630459,0.08854520321,-0.2163636684,0.1024792418,-0.4351608157,-0.02586053498,-0.01989686913,-0.0756164593,0.004774512606
17.62793337,0.03845535591,0.09669560194,-0.2529373765,0.2184761912,-0.5543845296,-0.04908753186,-0.02490334331,-0.0739697721,0.004445123914
17.63798937,0.02075966075,0.0703394413,-0.2283300161,0.4256464243,-0.6101921201,-0.06560339034,-0.03081218534,-0.07081398476,0.003952416506
17.64804538,-0.01701645553,0.07527494431,-0.1062475964,0.5581174493,-0.6902756691,-0.09548749775,-0.03735710807,-0.06557606302,0.003318769598
17.65810038,-0.04980194569,0.1532542706,-0.01962047815,0.4564320743,-0.7433596253,-0.04554310441,-0.04456745559,-0.06043020612,0.002792527455
17.66815638,-0.04842550308,0.122816205,0.04197669029,0.290361017,-0.9143211246,0.03256652877,-0.05276579849,-0.0566010103,0.002954128536
17.67821238,-0.03045776114,-0.02767115831,0.006458088756,0.1188369542,-1.235835195,0.1019703671,-0.06349671679,-0.05444498663,0.003824808189
17.68826838,0.01318902895,-0.1913850904,-0.163046658,-0.2758433223,-1.303142071,-0.07357200235,-0.07636179288,-0.05533673909,0.004018931225
17.69832438,0.01821403578,-0.1709730625,-0.2312815189,-0.4675437808,-1.298266888,-0.08829315752,-0.08947714747,-0.05908173659,0.002694610654
17.70838037,0.07400692999,0.01050728559,-0.2588192225,-0.3614487648,-1.360012531,-0.09174226224,-0.1029794533,-0.0633309062,0.001487857779
17.71843637,0.07914251089,0.125710547,-0.231692791,-0.2015627176,-1.406474829,-0.1628997922,-0.117028123,-0.06593831312,-9.19E-05
17.72849138,0.07156588137,0.1320034862,-0.1057545543,-0.1404696256,-1.456923127,-0.2462383211,-0.1315244821,-0.06728761613,-0.002365819581
17.73854738,0.07391698658,0.08632624149,-0.06217407435,-0.1477403194,-1.469304442,-0.2403087914,-0.1464592831,-0.06836281908,-0.005024223722
17.74860338,0.09528979659,0.1171115637,-0.02642149478,-0.1485150903,-1.456689477,-0.2659706175,-0.1613466659,-0.06955778724,-0.007741048637
17.75865938,0.09350892156,0.1126994491,0.001009888947,-0.1245255917,-1.486097932,-0.3080775738,-0.1763190978,-0.07028596223,-0.01083219773
17.76871538,0.1246461347,0.1510866284,-0.01036739349,-0.2790074646,-1.517268777,-0.2942836881,-0.1917330998,-0.07170824273,-0.01419569068
17.77877138,0.1558942795,0.1638280749,-0.05271077156,-0.3475100696,-1.562780142,-0.2853367925,-0.2074718004,-0.07428213448,-0.01766141393
17.78882737,0.1708794832,0.07131224871,-0.09473145008,-0.3716422617,-1.573938608,-0.2848809063,-0.223520971,-0.07716749983,-0.02117852638
17.79888237,0.1756989807,0.0304608345,-0.1395317316,-0.3750420511,-1.558224082,-0.2829349339,-0.2396088064,-0.08028761653,-0.02485544617
17.80893838,0.1704724729,0.01476186514,-0.1795007586,-0.2393619418,-1.498291612,-0.3103327155,-0.2552969628,-0.08252635968,-0.02849926111
17.81899438,0.1748158336,0.04571855068,-0.1898537278,-0.05518517643,-1.416497946,-0.3312118948,-0.2702271142,-0.08317818485,-0.03199047233
17.82905038,0.192264691,0.03571850061,-0.1872521639,0.09763042629,-1.43207705,-0.331373781,-0.28478399,-0.08197330934,-0.03518000635
17.83910638,0.2088279128,-0.04036605358,-0.1259248257,0.1437928528,-1.485809803,-0.3120237887,-0.2996741214,-0.07979948414,-0.0379177841
17.84916238,0.191100359,-0.08934438229,-0.09956269711,0.1152671203,-1.509622216,-0.2849627137,-0.3149456784,-0.0775904984,-0.04035899756
17.85921838,0.1637955308,-0.0988599658,-0.07391864061,-0.07605357468,-1.529287815,-0.2692367435,-0.330419436,-0.07635950129,-0.04288554158
17.86927337,0.1691730469,-0.1141921878,-0.08413976431,-0.3779880404,-1.570884705,-0.2513613999,-0.3462387702,-0.07762581486,-0.04610127633
17.87932937,0.1837994456,-0.1500325799,-0.08806747198,-0.6026363373,-1.585395217,-0.2252821475,-0.3624291092,-0.08146443336,-0.05009363603
17.88938538,0.177777648,-0.1406672001,-0.1082994938,-0.737054944,-1.589805722,-0.2336081266,-0.3787989631,-0.08686522271,-0.05465858612
17.89944138,0.16657269,-0.09261739254,-0.112283051,-0.8346472979,-1.536637306,-0.2397097051,-0.395003883,-0.09332410749,-0.05987944579
17.90949738,0.1559206247,-0.07851731777,-0.09915584326,-0.7237049937,-1.438305616,-0.2294415683,-0.41047981,-0.09968799414,-0.06514686463
17.91955338,0.1445290446,-0.05824005604,-0.0516449213,-0.5528664589,-1.387767315,-0.2588236928,-0.4251621013,-0.1045162327,-0.0699371782
17.92960938,0.1474706829,0.0005611181259,0.05165374279,-0.3548443317,-1.43030405,-0.2742445469,-0.4396957103,-0.1074420135,-0.07420301986
17.93966538,0.1587158144,0.03206551075,0.1037089825,-0.3540102243,-1.464107752,-0.3055574596,-0.4545984419,-0.1093867048,-0.07854557725
17.94972037,0.1776603162,0.06841540337,0.08362627029,-0.3285267353,-1.608803391,-0.2768320441,-0.470461459,-0.1110815857,-0.08256021553
17.95977637,0.1829952747,0.06435871124,0.01591086574,-0.4432256222,-1.694724083,-0.3290933967,-0.48751767,-0.1130684723,-0.08700395758
17.96983237,0.1764666438,-0.01185166836,-0.02324306592,-0.6116275787,-1.798460245,-0.3715232015,-0.5057361665,-0.1160027655,-0.09265368459
17.97988838,0.1735847294,-0.01946890354,-0.03351974487,-0.7312714458,-1.863663793,-0.3833204806,-0.5249569197,-0.1200268867,-0.09933996483
17.98994438,0.1678286493,0.0246899128,-0.0349830389,-0.7200754285,-1.902691007,-0.39484936,-0.5447151667,-0.1244369172,-0.1065723512
18.00000038,0.1544261128,0.06073647738,-0.07372093201,-0.5332818627,-1.925926805,-0.4014295042,-0.5648591332,-0.1277866557,-0.1134020491
18.01005638,0.1330365986,0.0848069191,-0.1142182425,-0.1791845709,-1.957386971,-0.3890620172,-0.585014774,-0.12859583,-0.1186051008
18.02011138,0.1054373533,0.102809906,-0.07324051857,0.0287550427,-1.972306252,-0.3846584857,-0.6051478784,-0.1270068171,-0.1222246027
18.03016738,0.07728382945,0.1048097014,-0.02767968178,0.159987092,-2.058714151,-0.3809975982,-0.6257453766,-0.1239135576,-0.1247343663
18.04022337,0.06640091538,0.07070231438,-0.08774495125,0.2242528945,-2.1684196,-0.3772598505,-0.6472271947,-0.1200620691,-0.1265841839
18.05027937,0.06367358565,0.03090053797,-0.1739598513,0.1285689473,-2.263852119,-0.3912553191,-0.6697209988,-0.1161911879,-0.1284868036
18.06033538,0.05882059038,0.01235884428,-0.1119948775,-0.07598632574,-2.350139618,-0.4166775644,-0.6932676513,-0.1133725013,-0.1313907392
18.07039138,0.06030894816,0.01117920876,-0.1366288662,-0.1237778664,-2.429977179,-0.4048877954,-0.7177014229,-0.1115555109,-0.1352436292
18.08044738,0.07614018023,0.01428639889,-0.1901553869,-0.08576416969,-2.417016268,-0.4116341174,-0.7425058244,-0.1096822523,-0.1390621155
18.09050275,0.07839484513,0.03054368496,-0.153599143,0.003920888063,-2.424674034,-0.4309415519,-0.7672826592,-0.1069528375,-0.1423668443
18.10055875,0.0808571279,0.08653980494,-0.07283842564,0.09005390853,-2.343862295,-0.4028766155,-0.7915942796,-0.1036837428,-0.1450260527
18.11061475,0.07292953134,0.06606173515,-0.009322181344,0.3976159096,-2.272684336,-0.4017680287,-0.8148183229,-0.09916840252,-0.1459772514
18.12067075,0.06302049756,0.05184721947,0.116830349,0.5345913768,-2.214990139,-0.423679173,-0.8373536493,-0.09291795691,-0.1453547014
18.13072675,0.07093700767,0.07295745611,0.2072846889,0.7106134295,-2.112356424,-0.4145697057,-0.8589587566,-0.08556714877,-0.1433427642
18.14078275,0.07457648218,0.07460045815,0.276491046,0.717443347,-2.084239244,-0.4468999505,-0.8797938534,-0.07757420582,-0.1405810687
18.15083875,0.1047623158,0.104983449,0.2347145081,0.6793277264,-2.044919968,-0.4548861682,-0.9003609418,-0.06963240755,-0.1379278325
18.16089375,0.1197683215,0.03822499514,0.2040127516,0.5309875011,-1.986729264,-0.4912215471,-0.9205401354,-0.06208162731,-0.1359489753
18.17094975,0.103320986,-0.01159232855,0.2171144485,0.446816206,-1.888776422,-0.5054208636,-0.940018216,-0.05521715314,-0.1351109462
18.18100575,0.08471611142,-0.006426036358,0.1597617865,0.4450028539,-1.740148664,-0.5096571445,-0.9582419853,-0.04850595303,-0.1344862896
18.19106175,0.08012607694,0.04258459806,0.1715613604,0.5581194758,-1.611073136,-0.4839265347,-0.9750412015,-0.04155659797,-0.1332102324
18.20111775,0.07697710395,0.001646280289,0.258762598,0.6221650839,-1.516580105,-0.4885961413,-0.9906198454,-0.03418468055,-0.1309031834
18.21117375,0.051235497,-0.07076102495,0.3393599987,0.6196538806,-1.4152354,-0.4971975684,-1.005309068,-0.02663168396,-0.1283509994
18.22122975,0.01837781072,-0.08241409063,0.392983079,0.5762347579,-1.285673141,-0.4857339859,-1.018785384,-0.01919024686,-0.125752338
18.23128475,0.009883359075,-0.05565023422,0.3494563103,0.5145447254,-1.211774588,-0.4556225538,-1.031332909,-0.01230449295,-0.1236129589
18.24134075,0.04169620574,-0.1195557117,0.233194232,0.4866225719,-1.128958464,-0.4180405438,-1.043050219,-0.005945180665,-0.1214375971
18.25139675,0.0536391139,-0.1338582039,0.1846222878,0.3995829225,-1.115888,-0.3676584661,-1.054286857,-0.0002718658065,-0.1195276986
18.26145275,0.0703368932,-0.1318730712,0.1258621216,0.256357044,-1.13243258,-0.2946516275,-1.065565327,0.00426854346,-0.118185999
18.27150875,0.0731536597,-0.1876456141,0.06071126089,0.1328418106,-1.188103676,-0.211983934,-1.077271095,0.007399520181,-0.1177459466
18.28156475,0.04740816355,-0.274826467,-0.01288414001,0.14665775,-1.213356853,-0.1271713078,-1.089396589,0.009527142057,-0.1173679861
18.29162075,-0.007840290666,-0.2923099995,-0.04536556453,0.2316303551,-1.24823308,-0.04730247334,-1.101763539,0.01117525632,-0.1160487199
18.30167575,-0.02794112265,-0.2198582292,-0.05377138406,0.361517489,-1.328367829,0.06535696238,-1.114739288,0.01241383432,-0.1134323643
18.31173175,0.002993449569,-0.2503625154,-0.0765607357,0.5481200218,-1.470462203,0.1686979979,-1.128803616,0.01336434412,-0.1086658368
18.32178775,0.03220495582,-0.2538634539,-0.1040110588,0.5725255013,-1.660931945,0.2635568678,-1.144608149,0.01380561576,-0.1025678829
18.33184375,0.05862055719,-0.2027646303,-0.2039932013,0.4287551045,-1.858669996,0.3492643237,-1.162407405,0.01301750993,-0.09660337041
18.34189975,0.06541189551,-0.2319384813,-0.2258355618,0.1615508646,-2.094069958,0.3972630203,-1.182288383,0.01077405692,-0.09223319778
18.35195575,0.05961705744,-0.2253318429,-0.1874334812,-0.1733308583,-2.283521175,0.4065569341,-1.204374082,0.00695715814,-0.09083946277
18.36201175,0.05725623667,-0.1795008183,-0.1828360558,-0.413241446,-2.371523857,0.3804281354,-1.227885608,0.002207876043,-0.09229074114
18.37206675,0.05844804645,-0.09591925144,-0.1289147139,-0.4744172096,-2.352441549,0.3757026196,-1.251683888,-0.00291699378,-0.0954827721
18.38212275,0.07664820552,-0.0007954835892,-0.09807527065,-0.3483937383,-2.328924656,0.3527877033,-1.275221182,-0.007658821305,-0.09827953019
18.39217875,0.1171746403,0.07756751776,-0.07391703129,-0.2229755074,-2.31279397,0.3488073349,-1.29861852,-0.01187258291,-0.1000572186
18.40223475,0.14315404,0.07957845926,-0.01519013196,-0.1710843444,-2.26986146,0.3436170816,-1.321720165,-0.01568553152,-0.1009860511
18.41229075,0.1367659569,0.07095009089,0.06885753572,-0.1751627624,-2.192761898,0.3201239705,-1.344185621,-0.01937377097,-0.101769104
18.42234675,0.1191169173,0.06793242693,0.2272518724,-0.3789832592,-2.111092091,0.2939608097,-1.365818492,-0.02292454903,-0.103703945
18.43240275,0.1481224895,0.06162160635,0.322343111,-0.5825731158,-1.986502171,0.3175676167,-1.386613375,-0.0269277676,-0.1079513943
18.44245775,0.1806047559,0.01777225733,0.3189513683,-0.7253031135,-1.850992084,0.3276844323,-1.406114976,-0.03129515566,-0.113983464
18.45251375,0.1835812777,-0.0121537447,0.3112875223,-0.7533262968,-1.65023005,0.3554686308,-1.423955602,-0.03584804663,-0.1208266074
18.46256975,0.1511664987,-0.005927622318,0.2475292832,-0.5875160098,-1.44625771,0.386313349,-1.439715812,-0.04048073909,-0.1270704145
18.47262575,0.1010519564,0.03766638041,0.1757497787,-0.3820590377,-1.315485001,0.398227632,-1.453694872,-0.04497559963,-0.1313404424
18.48268175,0.04153793305,0.03050458431,0.199463129,-0.306324333,-1.321675181,0.3825088441,-1.467001354,-0.04929396177,-0.1342783874
18.49273775,-0.01616722345,-0.05339920521,0.2411965132,-0.3781697154,-1.382482529,0.3450991511,-1.480763933,-0.05328413841,-0.1372831703
18.50279375,-0.06960734725,-0.1187073588,0.2765555382,-0.5645422339,-1.465183496,0.2669412196,-1.49535308,-0.05676043285,-0.1417367855
18.51284875,-0.08348289877,-0.1031147242,0.259313345,-0.783300221,-1.558289647,0.2362888008,-1.510948151,-0.05968201257,-0.1483947778
18.52290475,-0.04984635115,-0.01005232334,0.1091731787,-0.7746737003,-1.608977556,0.2070595324,-1.527385777,-0.06229828422,-0.1562392356
18.53296075,-0.05077646673,0.02437579632,-0.00743509829,-0.6965898275,-1.589117289,0.1761839092,-1.544037552,-0.06451853767,-0.1636032099
18.54301675,-0.08308969438,0.03527760506,5.22E-06,-0.6267459989,-1.533476472,0.1564949006,-1.560170374,-0.06620166911,-0.1701803083
18.55307275,-0.06000492722,0.07218444347,-0.05862942338,-0.6122879982,-1.445523739,0.1558064669,-1.575648004,-0.06800911523,-0.1766182978
18.56312875,-0.0562761426,0.106946826,-0.1325556338,-0.5595424771,-1.330913424,0.1734887958,-1.590066176,-0.06954169938,-0.1824348699
18.57318475,-0.06884615123,0.1069461107,-0.05226805806,-0.4533843398,-1.27069509,0.02722318843,-1.603445246,-0.07035303757,-0.1874657869
18.58323975,-0.06836559623,0.1438355446,0.0137232542,-0.3740463853,-1.23222363,-0.04612985253,-1.616237799,-0.07021757305,-0.1917430931
18.59329575,-0.0412331149,0.2506096363,0.03540921211,-0.3535242379,-1.244882464,-0.123914659,-1.628967692,-0.06906334398,-0.1953665466
18.60335175,0.005561850965,0.2832277417,0.03506791592,-0.2465048581,-1.255352974,-0.1983031482,-1.64171237,-0.06730109117,-0.1983830555
18.61340775,0.01466517895,0.2554458976,-0.008555322886,-0.02310651168,-1.240499735,-0.277700454,-1.654411526,-0.06480406241,-0.1996148457
18.62346375,0.00929223001,0.2817195058,-0.08974739909,0.230620563,-1.165296078,-0.3344652057,-1.666405388,-0.06183101163,-0.1982498504
18.63351975,0.02085258067,0.2555798292,-0.08245238662,0.3864490092,-1.143055916,-0.3996841609,-1.677752118,-0.05848191607,-0.1946999109
18.64357575,0.05531698465,0.1789382696,-0.05851283669,0.4549513757,-1.163677335,-0.4220350087,-1.68908007,-0.05486548801,-0.1900047153
18.65363075,0.05702966452,0.12727952,-0.1048239768,0.4787844419,-1.197527885,-0.4655000567,-1.700671381,-0.05109874107,-0.1846208636
18.66368675,0.003752835095,0.07018315792,-0.09515628219,0.3324216306,-1.241426706,-0.5151445866,-1.712664616,-0.04677244683,-0.179736394
18.67374275,-0.02486903965,-0.01611721516,0.00527369976,0.07133375108,-1.336400628,-0.5127664208,-1.725480443,-0.04194725493,-0.1770026776
18.68379875,-0.01575867832,-0.09100162983,0.005749970675,-0.01077363547,-1.393362164,-0.5131549835,-1.739197627,-0.03692661358,-0.1759158343
18.69385475,-0.009927615523,-0.03978055716,-0.04064273834,0.07542286068,-1.399868846,-0.4891024828,-1.753184837,-0.03199340051,-0.1747179343
18.70391075,0.02684223652,0.04124283791,-0.04190771282,0.2129295766,-1.469554186,-0.4307190776,-1.767563084,-0.0277479058,-0.1723603813
18.71396675,0.05843452364,-0.02837556601,-0.03583328426,0.3035988212,-1.460217237,-0.3800874352,-1.782311678,-0.02429505844,-0.1689429343
18.72402175,0.03448170424,-0.1346253157,0.004630446434,0.3500446081,-1.319657683,-0.2933323085,-1.796219784,-0.02170890166,-0.1649418406
18.73407775,0.01083920896,-0.1610673666,0.07907187939,0.4374121428,-1.160708666,-0.1785158515,-1.808654849,-0.02031444789,-0.1605704804
18.74413375,0.02316654474,-0.154892385,0.1031551063,0.4588742852,-0.9440583587,-0.07267331332,-1.819174639,-0.02019088273,-0.1558292825
18.75418975,0.02351493388,-0.2041800022,0.2513777018,0.4681411684,-0.7383114696,0.02599816397,-1.827485487,-0.0211495272,-0.1513431911
18.76424575,0.008601747453,-0.3067265749,0.458098799,0.4996599555,-0.6327927709,0.01790215261,-1.834271536,-0.02268472887,-0.1466242755
18.77430175,0.01946120709,-0.1809077859,0.4345031977,0.6272861958,-0.4743648171,0.02959577367,-1.839774287,-0.02430714858,-0.1414193579
18.78435775,0.08240065724,-0.02395927906,0.2787554264,0.8357189894,-0.3165807724,0.0151787512,-1.843534111,-0.0265850543,-0.1343207734
18.79441275,0.1013024375,0.04454398155,0.3308144808,0.9234847426,-0.2241155356,-0.06508008391,-1.845974799,-0.02876007771,-0.1256593335
18.80446875,0.1118078455,0.1324103475,0.3492414951,0.7232429981,-0.1723649949,-0.09002670646,-1.847687718,-0.0302486943,-0.117233001
18.81452475,0.1248948127,0.1529880762,0.3555184603,0.4273305237,-0.1524717063,-0.03469197452,-1.84912914,-0.031215133,-0.1115304783
18.82458075,0.08591486514,0.00962805748,0.267865181,0.285812825,-0.09786306322,-0.06660943478,-1.850314312,-0.03178997533,-0.1080390619
18.83463675,-0.01737519354,-0.01058864594,0.1748752594,0.2708938122,-0.03190175444,-0.1381610334,-1.850827393,-0.03150725806,-0.1051624125
18.84469275,-0.07520721853,0.09504812956,0.09345555305,0.2950484157,-0.07876833528,-0.1872798353,-1.851209364,-0.03079250978,-0.1018434038
18.85474875,-0.08743457496,0.100276351,0.08924520016,0.2199374288,-0.1431443989,-0.1941972971,-1.852284111,-0.02964569542,-0.09879411282
18.86480375,-0.1083387434,0.02061277628,0.06924840808,0.1279190779,-0.1173538044,-0.1740326285,-1.853555529,-0.02837310772,-0.0966375757
18.87485975,-0.1508416533,-0.002344369888,0.09976708889,0.1154325008,-0.08918182552,-0.1825388223,-1.854555141,-0.02696887388,-0.09503638533
18.88491575,-0.169314146,0.04000622034,0.06193433702,0.1763392687,-0.108884424,-0.1573919207,-1.855453864,-0.02571875988,-0.09320225699
18.89497175,-0.162410289,0.06436628103,-0.01457190514,0.1991188228,-0.1390371323,-0.1344072223,-1.856648713,-0.02491572964,-0.09094298028
18.90502775,-0.1668687165,0.03784823418,-0.04605019093,0.1183933616,-0.1470902711,-0.1588742137,-1.858061037,-0.02398284027,-0.08894740455
18.91508375,-0.1278765798,0.01181024313,-0.06308698654,0.02868375741,-0.1106373146,-0.1501015723,-1.859380809,-0.02266899182,-0.08779368666
18.92513975,-0.05464836955,0.01450365782,-0.04055845737,0.004048720002,-0.04687724262,-0.1470056474,-1.860149872,-0.0212850114,-0.08726888995
18.93519575,0.008977010846,0.04360258579,-0.01664458215,0.07441928983,0.02720656991,-0.1513391435,-1.860200436,-0.01997034562,-0.08649480167
18.94525075,0.04280392826,0.05580669641,0.02708353102,0.1524336636,0.06773588806,-0.1796967536,-1.859676546,-0.01872118463,-0.08487989208
18.95530675,0.04661635309,0.0730394721,0.06601311266,0.1510834396,0.106294997,-0.2086293399,-1.85876642,-0.01729867205,-0.08285683567
18.96536275,0.05558911711,0.03978574276,0.1177279949,0.1175976545,0.149410516,-0.2314278483,-1.857443688,-0.01553355533,-0.08094316226
18.97541875,0.08606909215,0.03373974562,0.1181942075,0.1929456741,0.2091694474,-0.2561141849,-1.855587494,-0.01362891488,-0.07881928102
18.98547475,0.1021619141,0.08164542913,0.1477448791,0.2522745132,0.2056926936,-0.2826720178,-1.85342558,-0.01165536733,-0.07584405808
18.99553075,0.1168192327,0.0894420743,0.1183352619,0.2574617863,0.1678724736,-0.2628821731,-1.851486139,-0.009743516631,-0.07261700284
19.00558575,0.09606640041,-0.03023612499,0.03696013987,0.1592864692,0.1202977672,-0.2807703614,-1.850019335,-0.00773633987,-0.06981498733
19.01564175,0.01979860663,-0.09411650896,0.005195870996,0.01372624841,0.09768246859,-0.2632276118,-1.848929822,-0.005281642615,-0.06826579
19.02569775,-0.02632761002,-0.1249673367,-0.05262851715,-0.01670223102,0.07764405012,-0.2116429955,-1.848058041,-0.002971347961,-0.06765616113
19.03575375,-0.04647425562,-0.1180649996,-0.1272947639,0.01801872998,0.03202542663,-0.1820124537,-1.84748261,-0.001099748553,-0.06707025606
19.04580975,-0.06568022072,-0.1033796668,-0.09641158581,0.02996007912,-0.0160299819,-0.1591500193,-1.847396599,0.0004583674976,-0.06633267353
19.05586575,-0.06935500354,-0.157248795,-0.02220787108,-0.03007476218,-0.009904711507,-0.1187951341,-1.847569158,0.001804295427,-0.06591240698
19.06592175,-0.04356408119,-0.1511054635,0.01497960091,0.008530686609,0.064167656,-0.05482281372,-1.847310392,0.002656676513,-0.06591123126
19.07597675,-0.01075208187,-0.1181443334,0.06405198574,0.08231756091,0.1304814219,-0.0116087608,-1.846348157,0.002811183208,-0.06540906454
19.08603287,0.005109772086,-0.08973091841,0.1208702177,0.09130519629,0.2186565548,0.03898783401,-1.844630933,0.002391955225,-0.06457485742
19.09608888,0.01968410611,-0.09216201305,0.1831432283,0.0884353742,0.3152531385,0.09068395197,-1.841942587,0.001506855197,-0.06392177885
19.10614488,0.04863549024,-0.08795654774,0.2157364935,0.1110916808,0.4163017273,0.1197619364,-1.838262476,0.000222395278,-0.06324528725
19.11620088,0.07177916914,-0.04260969162,0.2321741432,0.1625098288,0.5315616131,0.1269557476,-1.833490358,-0.001350659869,-0.0622601236
19.12625688,0.07969224453,-0.03157836199,0.2805076838,0.1597254872,0.6546660066,0.1136410087,-1.827523546,-0.002946036797,-0.0609828713
19.13631288,0.08035049587,-0.04340261221,0.3860402107,0.1131163985,0.7861322761,0.1208551154,-1.820270033,-0.004412773386,-0.05995788074
19.14636788,0.078117311,-0.01390463114,0.4097957611,0.1973702908,0.9534421563,0.1435292661,-1.811555842,-0.006080964391,-0.05890389702
19.15642387,0.05546285957,0.02828246355,0.363760829,0.3913348317,1.142838597,0.1380512863,-1.801005192,-0.008149081611,-0.05643340813
19.16647987,0.02232915908,0.06538522243,0.3411085606,0.6256799698,1.302196026,0.1220211834,-1.788654826,-0.01059869089,-0.05173832051
19.17653587,-0.02168251574,0.075543046,0.3542426825,0.6963348985,1.443398595,0.07264353335,-1.774791121,-0.01296380633,-0.04534315029
19.18659188,-0.05768113583,0.0437733531,0.4032046795,0.5856568813,1.623866558,0.05047644675,-1.759329035,-0.01483921208,-0.03911222885
19.19664788,-0.06494802982,0.01388734579,0.4023672342,0.535836041,1.82560277,0.01746350341,-1.741900316,-0.01619465299,-0.03374489971
19.20670388,-0.0560696125,0.05212181807,0.3680552244,0.5864368677,1.979152918,-0.03212295473,-1.722638893,-0.01702167478,-0.02830605809
19.21675888,-0.03766661882,0.1859022975,0.3119107485,0.6246095896,2.033671618,-0.08224282414,-1.702307856,-0.01734050314,-0.02218863416
19.22681488,-0.01627840102,0.259542942,0.2144229412,0.607929945,2.038967848,-0.1377702653,-1.681704273,-0.01698543925,-0.01587613456
19.23687088,-0.01845990121,0.1715684533,0.1643400192,0.4833933711,2.015585184,-0.2225510627,-1.661244942,-0.01575404547,-0.01018064423
19.24692687,-0.05558857322,0.1682074666,0.1463614702,0.3488025367,2.038452387,-0.2830002904,-1.640802017,-0.01352938772,-0.00587546224
19.25698287,-0.07321833074,0.168271482,0.0860388279,0.3539221883,2.070424318,-0.3394644856,-1.620129933,-0.01064211823,-0.002239406544
19.26703888,-0.0636562556,0.1540960073,0.05928432941,0.3759726286,2.096742392,-0.3841507435,-1.599129111,-0.007150434005,0.001525835399
19.27709488,-0.04038970172,0.1631817818,0.07160079479,0.3778007329,2.106005669,-0.4709984064,-1.578033903,-0.002932888799,0.0054447305
19.28715088,-0.01643002033,0.1474813819,0.09999763966,0.3109577894,2.064886332,-0.5357809067,-1.557093567,0.002123919526,0.008853950609
19.29720588,0.01438525319,0.1292657852,0.07317340374,0.2223540246,2.065803528,-0.6178646088,-1.536340791,0.00798474811,0.01151803036
19.30726188,0.03566902876,0.1203132868,0.1072368622,0.0261405725,2.081484318,-0.6760610938,-1.515526206,0.01454316542,0.01254355422
19.31731788,0.08855883777,0.1302888989,0.1441339254,-0.2156406343,2.112289667,-0.7126585245,-1.494401742,0.02147181816,0.01108172212
19.32737387,0.1470578909,0.09630507231,0.172827363,-0.3341552913,2.186245918,-0.7031499743,-1.47272196,0.02830712286,0.007661225413
19.33742987,0.1596340239,0.04481518269,0.2172654867,-0.3369697034,2.291699409,-0.7197107077,-1.450118853,0.03505978822,0.00339588387
19.34748588,0.1716800034,0.04518282413,0.1719762087,-0.1965609342,2.372441769,-0.7003157139,-1.426471085,0.04173620908,-0.0002534822338
19.35754088,0.1831962019,0.05770456791,0.1324974298,-0.08391345292,2.397894382,-0.7089278698,-1.402361309,0.04850744122,-0.002671319413
19.36759688,0.1765866131,0.005322694778,0.05587124825,-0.04453727975,2.343708277,-0.7390034795,-1.378385415,0.05555524015,-0.004540494574
19.37765288,0.1470858902,-0.07290661335,0.01678699255,-0.09190732986,2.263312817,-0.7733582854,-1.355064832,0.06286440455,-0.006744483647
19.38770888,0.1032169759,-0.1182142496,0.0487087965,-0.2980183959,2.155791521,-0.8127285838,-1.33261422,0.07026892888,-0.01034076258
19.39776488,0.1018679142,-0.1257328391,0.08221125603,-0.4269307256,2.066044807,-0.7773035169,-1.310979314,0.07713124019,-0.01601025032
19.40782087,0.1180253625,-0.1116421223,-0.0005902047269,-0.4516070485,1.962034345,-0.7135282755,-1.290194822,0.0831816683,-0.02232676486
19.41787687,0.131988734,-0.1029496193,-0.08685749769,-0.4253100157,1.865614891,-0.6519426107,-1.270432401,0.08846209677,-0.02850901664
19.42793188,0.133238852,-0.1707471013,-0.09996467829,-0.4385406077,1.814773321,-0.608962357,-1.251403799,0.09321584987,-0.03455503353
19.43798788,0.118340075,-0.1644575596,-0.06505173445,-0.4420244694,1.81979084,-0.5491105318,-1.232545834,0.09729678054,-0.04070120145
19.44804388,0.1184160709,-0.1322718859,-0.04261982441,-0.409078747,1.849887013,-0.4715918005,-1.213572784,0.1006716608,-0.04653688668
19.45809988,0.1235652864,-0.1187103987,-0.000722527504,-0.3966263235,1.879762053,-0.4070189297,-1.194332634,0.1033316088,-0.05193539642
19.46815588,0.1122402549,-0.1299732924,0.07264322042,-0.3855659366,1.962943912,-0.3572737575,-1.174395845,0.1053869562,-0.05699878478
19.47821188,0.09730005264,-0.1282356977,0.09904813766,-0.3181898892,2.00293541,-0.3507788181,-1.153912093,0.1072045916,-0.06177226816
19.48826788,0.1176433563,-0.06776684523,0.04887372255,-0.3028330505,2.002035141,-0.3386936486,-1.133313965,0.1091216881,-0.06605793876
19.49832387,0.1525206864,0.005996346474,-0.006127776578,-0.3355607688,1.929692626,-0.2902061641,-1.113077929,0.1105714128,-0.07031704524
19.50837887,0.1755351722,-0.05996072292,-0.03462535143,-0.4374543726,1.874478102,-0.2714101076,-1.093470043,0.1113470631,-0.07505483917
19.51843488,0.1459282637,-0.1060984731,0.02317875624,-0.6429953575,1.900688887,-0.2359186709,-1.073904366,0.1110836723,-0.08110733024
19.52849088,0.1096972525,-0.1013134718,0.1107532382,-0.759190917,1.995366693,-0.1623475105,-1.053525838,0.1093759911,-0.08843212947
19.53854688,0.1057941318,-0.1200526357,0.1761042476,-0.7597176433,2.111940861,-0.07356214523,-1.032148574,0.1065129747,-0.09576393357
19.54860288,0.09659013152,-0.1127182841,0.2499901056,-0.7239302993,2.276604652,0.004061278421,-1.00937329,0.1028523151,-0.1024346241
19.55865888,0.09375146031,-0.1022205353,0.1769729853,-0.4857462049,2.43110013,0.04674383998,-0.9852702152,0.09922914558,-0.1075257152
19.56871387,0.1089173555,-0.02908009291,0.03985506296,-0.3032983541,2.476331472,0.08154283464,-0.9603499518,0.0964700516,-0.1104524337
19.57876987,0.1420838535,-0.002937912941,0.03221845627,-0.309558779,2.418612719,0.0864366889,-0.9354893342,0.0940081768,-0.1123748498
19.58882587,0.1692106128,-0.09852492809,0.04951811209,-0.4566408992,2.267915726,0.09485973418,-0.9116346845,0.09101666988,-0.1148089402
19.59888188,0.17064026,-0.1112661362,0.05506616831,-0.6520494223,2.156708956,0.1165819392,-0.8890916593,0.08673843073,-0.1185643752
19.60893788,0.1362492442,-0.075555861,0.01916450448,-0.7997672558,2.111802101,0.1602548361,-0.8672925771,0.08099124816,-0.1233239915
19.61899388,0.09045234323,-0.09702306986,0.04187399149,-0.9087615609,2.170590878,0.2068341225,-0.8454234157,0.07397042064,-0.1286361497
19.62904988,0.04278644919,-0.1092736125,0.1727706194,-0.9921528697,2.280084848,0.2691781819,-0.8226387843,0.06572150303,-0.1341684322
19.63910488,0.04692107439,-0.06522285938,0.1238979697,-0.7806515694,2.361120939,0.3403069079,-0.7990294577,0.05721628283,-0.1386539846
19.64916088,0.06478595734,0.004102349281,0.06791126728,-0.5778473616,2.419121742,0.3261668384,-0.7748535713,0.0500862936,-0.1410436491
19.65921687,0.07221207023,0.08879363537,0.04068559408,-0.4329101741,2.427023888,0.3246717751,-0.7503421595,0.04418739935,-0.1422219971
19.66927287,0.1084626913,0.07703477144,-0.01127254963,-0.3946338892,2.313708544,0.2591888905,-0.7264163883,0.03919304183,-0.1427638869
19.67932888,0.137155056,0.05869472027,-0.02422696166,-0.5322780013,2.187403202,0.1908648461,-0.7038207387,0.03423065716,-0.1441278894
19.68938488,0.1462984979,0.02124905586,-0.009049890563,-0.6975960732,2.111250401,0.1456113607,-0.6821694078,0.02842693786,-0.1467567619
19.69944088,0.1153189838,0.04403030872,0.07159274817,-0.9224209189,2.148731947,0.154665038,-0.6607322576,0.02112381565,-0.1507336683
19.70949588,0.09225311875,0.07071828842,0.1556522846,-0.9618724585,2.224916697,0.2115807831,-0.6386855361,0.0123441464,-0.1550754463
19.71955188,0.09075394273,0.004319727421,0.1367527843,-0.8572673798,2.343303442,0.2603045106,-0.615716712,0.003469046858,-0.1585849382
19.72960788,0.1127074212,0.04645389318,0.04961746931,-0.6032918692,2.438635588,0.2872021794,-0.5916126999,-0.004177246803,-0.1604819051
19.73966387,0.1439235508,0.1254675388,-0.005336942151,-0.4382084608,2.403307438,0.2713132203,-0.5671900249,-0.01001977374,-0.1609334336
19.74971987,0.1818568259,0.1022186279,-0.05475622416,-0.4241168797,2.286697626,0.2487748861,-0.543580537,-0.01500994126,-0.160942927
19.75977587,0.1856370568,0.03044903278,-0.1079921126,-0.5172624588,2.166738749,0.1995852888,-0.5212251205,-0.02021664588,-0.1613736269
19.76983188,0.1644674242,0.01260370016,-0.1337835789,-0.6182934642,2.078631878,0.1595603675,-0.499929454,-0.0261004288,-0.1626418689
19.77988788,0.1417633742,0.01159256697,-0.1168584824,-0.6784311533,2.007998228,0.155550167,-0.4794565399,-0.03261553214,-0.1643632435
19.78994288,0.1292429268,0.009657859802,-0.08831202984,-0.6839750409,1.987904787,0.1975090653,-0.4594480066,-0.03956178206,-0.1659188558
19.79999888,0.1169513166,-0.007597267628,-0.03691905737,-0.6255955696,1.999443293,0.2635932565,-0.4394662333,-0.04650881401,-0.1667026973
19.81005488,0.1035064906,-0.0199316144,0.01868140884,-0.5646361113,2.042229891,0.2968188524,-0.4190636423,-0.05311010255,-0.1665914095
19.82011087,0.112376228,0.002229809761,-0.01462227106,-0.4365981817,2.036580563,0.3298867047,-0.3984259326,-0.05905512874,-0.1657134647
19.83016687,0.1501899362,0.05156624317,-0.1298900247,-0.3373118043,1.941916823,0.3050748408,-0.3782810183,-0.06380806228,-0.1641979554
19.84022287,0.1729591787,0.1040011644,-0.1642617583,-0.3810141087,1.77109766,0.2568977475,-0.3594700504,-0.06814806655,-0.1628474491
19.85027888,0.1866195202,0.05875295401,-0.1912949085,-0.4870976508,1.578764677,0.2050209939,-0.3425917819,-0.07300522546,-0.1621668176
19.86033388,0.1790305674,0.03454303741,-0.1916265488,-0.578920424,1.397363782,0.1728576273,-0.3276480232,-0.078723026,-0.1621429713
19.87038988,0.156003952,0.06885755062,-0.1956353784,-0.609888196,1.282772422,0.180747509,-0.3141456922,-0.08498601905,-0.1623394756
19.88044588,0.1312815398,0.06645196676,-0.163929522,-0.5846796036,1.190959573,0.2019986659,-0.3016890747,-0.09132382837,-0.1623283096
19.89050188,0.1121701449,0.0317517519,-0.1297037601,-0.5367245674,1.167707443,0.2374482751,-0.2897605089,-0.09739205456,-0.1618490377
19.90055788,0.09451887012,0.01122140884,-0.07679510117,-0.493681401,1.190179586,0.2587967515,-0.2778108882,-0.1030550664,-0.160894759
19.91061387,0.09109356999,0.01814931631,-0.01311159134,-0.4708828926,1.230047345,0.2757445574,-0.2654692349,-0.1084346393,-0.1595893381
19.92066987,0.1134685278,0.04384720325,-0.01977491379,-0.3970853388,1.256641984,0.2874694765,-0.2527992728,-0.1134375908,-0.1579761779
19.93072488,0.1278575361,0.0567702651,-0.03478765488,-0.3529442251,1.273486495,0.2673479617,-0.2398534566,-0.1177353147,-0.1561466301
19.94078088,0.125200659,0.07446986437,-0.03494226933,-0.3626529574,1.258301973,0.2417885363,-0.2269175106,-0.1218432716,-0.1544951278
19.95083688,0.1220881343,0.06599617004,-0.0614515543,-0.3673664629,1.227644205,0.218488276,-0.2142188969,-0.1259296322,-0.1530374917
19.96089288,0.1105543226,0.05960977077,-0.08530604839,-0.3490058482,1.182773232,0.20881024,-0.2019296344,-0.129919075,-0.1516950257
19.97094888,0.1033152044,0.05177879333,-0.1181871891,-0.3076954186,1.140037775,0.2162660211,-0.1901006862,-0.1336489514,-0.150254623
19.98100488,0.09189975262,0.0279353261,-0.1365702152,-0.2928008735,1.094553232,0.2303477079,-0.1786481006,-0.1370062222,-0.1485751388
19.99105987,0.07908986509,0.01324361563,-0.1329321861,-0.2836012542,1.045411825,0.2461320013,-0.167606288,-0.1402581493,-0.1467063245
20.00111587,0.07894806564,-0.01512539387,-0.1340073347,-0.285607636,0.9826237559,0.2611520886,-0.1571324445,-0.1434381974,-0.1446388546
20.01117188,0.07119134068,-0.02283424139,-0.1231627464,-0.3320241272,0.9399857521,0.2762021422,-0.1471663277,-0.1469731764,-0.1424194836
20.02122788,0.06427113712,0.00134575367,-0.1365140676,-0.3256929815,0.8728483319,0.2818295658,-0.1377020164,-0.1506992187,-0.1400935126
20.03128388,0.07153950632,0.02988189459,-0.156036377,-0.3022302687,0.7909998298,0.258687228,-0.1289742141,-0.1542298924,-0.1377866156
20.04133988,0.06987686455,0.05671828985,-0.1640198231,-0.2689259052,0.6979526877,0.227027908,-0.1211679819,-0.1573556783,-0.1357034396
20.05139588,0.05787010491,0.06390160322,-0.1676696539,-0.1928551048,0.638371408,0.2211487144,-0.1141451203,-0.1599557065,-0.1337351286
20.06145088,0.0382270664,0.009123146534,-0.146443367,-0.116632469,0.576687932,0.1979402006,-0.1077367166,-0.1616831566,-0.1317656272
20.07150687,0.02291871607,0.006931006908,-0.1325004101,-0.09263632447,0.5502853394,0.1989191771,-0.1017552221,-0.1629989613,-0.129894845
20.08156287,0.027626127,0.03573966026,-0.1178480387,-0.06773474067,0.5213574767,0.2122460902,-0.096059896,-0.1639344822,-0.1278889394
20.09161875,0.03596042097,0.0605584383,-0.08897411823,-0.0581217967,0.4591580033,0.2441968322,-0.09075442161,-0.1648615883,-0.1256177719
20.10167475,0.0372479707,0.009594380856,-0.1067359447,-0.01529080048,0.4297023416,0.2296745628,-0.08592550761,-0.165344901,-0.1231947164
20.11173075,0.03607808053,0.03729999065,-0.09287464619,-0.08662223816,0.3969848752,0.2278252691,-0.08138091203,-0.1662239273,-0.1209683425
20.12178675,0.04889839888,0.08922725916,-0.1264362335,-0.04017417878,0.3371666968,0.2388166934,-0.07732176219,-0.1670405858,-0.1186503298
20.13184175,0.04676428437,0.04272836447,-0.1488170624,-0.008348072879,0.3296938837,0.229968071,-0.07364381513,-0.167476872,-0.1162791549
20.14189775,0.01963801682,0.008667349815,-0.1017165184,-0.05467038974,0.3682979643,0.2247607857,-0.06973240203,-0.1679361379,-0.1139843012
20.15195375,0.002352297306,0.05472016335,-0.04370486736,0.02184169926,0.3703560531,0.2168607861,-0.06550332463,-0.168440659,-0.1116837152
20.16200975,0.008254542947,0.05294829607,-0.02157080173,-0.07974475622,0.345363915,0.2000949681,-0.06156117494,-0.1685688177,-0.1096733105
20.17206575,0.0356850177,0.01955127716,0.02984249964,-0.1223534718,0.3078809679,0.1923307776,-0.05790482167,-0.1698014429,-0.1076722929
20.18212175,-0.00849956274,-0.0648933053,0.03625440598,-0.1816125363,0.3032257557,0.1457857639,-0.05461204758,-0.1714064698,-0.1060792321
20.19217775,-0.01576930285,-0.02578908205,0.07065987587,-0.1711519063,0.3083422184,0.1160007045,-0.05131004951,-0.1732767733,-0.1048384659
20.20223275,-0.01103229821,-0.00849878788,0.06104850769,-0.1091381982,0.2724221945,0.1006164476,-0.04822257005,-0.1747440721,-0.1037744449
20.21228875,0.009782642126,0.008715629578,-0.005340697244,-0.0264984481,0.2611828446,0.1224013716,-0.04532709519,-0.1755144187,-0.1026871823
20.22234475,0.0250210017,0.03970259428,-0.05499315262,0.006871182006,0.2275872082,0.1094585359,-0.04273754379,-0.1756063628,-0.1015378138
20.23240075,0.03313460946,0.03272020817,-0.03901255503,0.01567452773,0.1975294352,0.1021343097,-0.04038321616,-0.1755770304,-0.1004697742
20.24245675,0.03150987625,-0.002134919167,-0.0545976162,0.008746979758,0.1410995871,0.07938162237,-0.03856495668,-0.1754157281,-0.09956478385
20.25251275,0.02335816622,0.0005849003792,-0.05703163147,-0.02833434194,0.1548982263,0.09628657252,-0.03694702411,-0.1755498526,-0.09866566511
20.26256875,0.01451975107,-0.008289217949,-0.05402195454,-0.02785390802,0.1639199406,0.1007836387,-0.03512008542,-0.1758381015,-0.09764174894
20.27262375,0.002762541175,-0.01111733913,-0.02597904205,-0.01825773902,0.199686721,0.1364122033,-0.03308106853,-0.1761587811,-0.09651488505
20.28267975,-0.001090779901,-0.02191030979,-0.02611065097,-0.002450857777,0.2131597847,0.1424388587,-0.03073043596,-0.1762949477,-0.09506163785
20.29273575,-0.006862819195,-0.03465330601,-0.008902311325,0.0007265596651,0.2562372386,0.1628519893,-0.02803634964,-0.1763719557,-0.0935086344
20.30279175,-0.002257138491,-0.004244208336,0.009662389755,0.03442056477,0.2809768021,0.2043614239,-0.0249568603,-0.1763244814,-0.09160259471
20.31284775,0.001147031784,-0.01097345352,-0.009665729478,0.07587346435,0.2751777768,0.195028916,-0.02182310406,-0.1757244863,-0.08953333026
20.32290375,0.005596682429,-0.02609932423,-0.002232193947,0.07443814725,0.302965045,0.1996143758,-0.01858695558,-0.175020575,-0.08753559098
20.33295975,0.009708531201,-0.01696842909,0.01660823636,0.06932834536,0.2943180203,0.199243933,-0.01522738531,-0.17432695,-0.08546166315
20.34301475,0.01087908447,-0.0270447135,0.01585638523,0.07696944475,0.2611599267,0.2081801891,-0.01196940941,-0.1736084312,-0.08338431558
20.35307075,0.01622175425,-0.03809136152,-0.001002544537,0.06155480444,0.2645559907,0.2052571028,-0.008882012257,-0.1728667665,-0.08132334054
20.36312675,0.008993029594,-0.03309011459,0.003369212151,0.04648676887,0.241306752,0.1963051856,-0.005986533475,-0.172393151,-0.07927562768
20.37318275,0.008362330496,-0.03799724579,-0.002333404496,0.041943416,0.2232345343,0.1967246234,-0.003230247396,-0.1719431955,-0.07727219218
20.38323875,0.008918054402,-0.01768684387,-0.006776928902,0.03317975253,0.207887277,0.2080461085,-0.0006861992285,-0.1715415568,-0.07517924049
20.39329475,0.01069448143,0.0003859996796,-0.01129591279,0.02496017143,0.194663614,0.1972666979,0.001678477443,-0.1711557104,-0.07309256788
20.40335075,0.01396197826,-0.00332903862,-0.03523039818,0.1167729199,0.1636066139,0.2158857435,0.003809894131,-0.1704965948,-0.07102479049
20.41340575,0.01719644666,-0.02365547419,-0.04253387451,0.08133876324,0.1434723139,0.202929467,0.00572495305,-0.169514118,-0.06887018124
20.42346175,0.005220539868,-0.03531038761,-0.03536677361,0.1317003369,0.1733038574,0.2184455097,0.007608786428,-0.1683017327,-0.06674054195
20.43351775,0.007703669369,-0.02862274647,-0.01782596111,0.124829635,0.1419384778,0.2302113622,0.009551672838,-0.1670553567,-0.06442307767
20.44357375,0.0160485059,-0.02457469702,0.004981874488,0.1453544348,0.1093866602,0.2418235242,0.01126769659,-0.1656827088,-0.06205551147
20.45362975,0.01925227791,-0.02184575796,0.01364159398,0.1814559847,0.05765688792,0.2416576147,0.01252808571,-0.1639824768,-0.05957901104
20.46368575,0.01271247119,-0.03072160482,0.05284154415,0.2062546313,0.004055711441,0.2514576316,0.01322464793,-0.162063136,-0.05710612888
20.47374175,0.006303727627,-0.04216974974,0.04000091553,0.2298292071,-0.04350062087,0.2385522127,0.01344378779,-0.1598600418,-0.05462117576
20.48379675,0.004998624325,-0.02657073736,0.04433262348,0.3344818056,-0.1182498336,0.2232117355,0.01306919668,-0.1570659497,-0.05230989172
20.49385275,0.0465433374,0.01722502708,-0.03425347805,0.460524708,-0.2467438877,0.2377230376,0.01158062396,-0.1529374744,-0.05001581573
20.50390875,0.09160125256,0.05514574051,-0.1370038986,0.5123386979,-0.3391169608,0.1981076002,0.008925094315,-0.1480695414,-0.04777644109
20.51396475,0.08402796835,0.08285039663,-0.1632611156,0.3928804994,-0.3424791992,0.1602531672,0.005728581516,-0.1433006715,-0.04602907713
20.52402075,0.05644389242,0.08383905888,-0.1312250495,0.2366449535,-0.3390419781,0.1789263785,0.002575888553,-0.1401665697,-0.04427299249
20.53407675,0.0248901397,0.02241569757,-0.1312915087,0.1068158448,-0.3864318728,0.1888847351,-0.0007850047674,-0.1384788955,-0.04240059267
20.54413275,0.03433074802,-0.01440197229,-0.1688129902,0.06186266243,-0.5223907828,0.1646095961,-0.005000368023,-0.1377876048,-0.04056509977
20.55418775,0.06970337778,-0.007429182529,-0.1631330252,0.1096112728,-0.7668279409,0.1065931693,-0.0112870545,-0.1370078793,-0.03922657524
20.56424375,0.08384684473,-0.004845380783,-0.1629528403,0.1962711513,-1.078878522,0.01406440418,-0.02048449569,-0.1355449807,-0.03857640728
20.57429975,0.06648822874,-0.02699273825,-0.2587546706,0.2344720662,-1.308626294,-0.05754053965,-0.03254233023,-0.1333659871,-0.03875515349
20.58435575,0.05254542083,0.01706290245,-0.3370203376,0.2168248147,-1.513116241,-0.07310628891,-0.04682705693,-0.130953878,-0.03933362595
20.59441175,0.04349524528,0.02286171913,-0.39258641,0.02801947854,-1.644536018,-0.04744007438,-0.06286829543,-0.1295029589,-0.03989560928
20.60446775,0.04217319191,-0.07281440496,-0.4409758449,-0.222661525,-1.703071356,-0.04084228352,-0.07967040129,-0.1305167588,-0.04034471253
20.61452375,0.0485619083,-0.103810966,-0.4745476246,-0.3786692321,-1.738444567,-0.0130396774,-0.09706635553,-0.1335931809,-0.04089691476
20.62457875,0.06574517488,-0.04622238874,-0.4299897552,-0.4109956324,-1.756411076,-0.008402954787,-0.1147983882,-0.1375537813,-0.04141118354
20.63463475,0.07310879976,0.01208072901,-0.3146839738,-0.3525520563,-1.760859013,0.01184452605,-0.1325176293,-0.1413867873,-0.04186731405
20.64469075,0.1256749332,0.06325793266,-0.2697854042,-0.2762521803,-1.788814783,0.04134833068,-0.1503975222,-0.1446266855,-0.04207675502
20.65474675,0.1825366467,0.104152739,-0.2503415346,-0.1468776762,-1.817632318,0.05099562928,-0.1685329366,-0.1467849319,-0.04191072797
20.66480275,0.1836699843,0.1002637148,-0.1454955339,-0.06449132413,-1.873529434,0.03945479542,-0.1870166399,-0.1478821383,-0.04163244928
20.67485875,0.1727275103,0.1105015874,-0.08695363998,-0.07677781582,-1.97478652,0.01227856893,-0.206340217,-0.1485129534,-0.04146958899
20.68491475,0.1835680157,0.08712595701,-0.05702960491,-0.1461507678,-2.115256548,-0.009104857221,-0.2269345197,-0.1495703064,-0.04172581644
20.69496975,0.1870477796,0.05759620667,-0.1171014309,-0.1643481553,-2.201348543,0.00776200695,-0.2486671885,-0.1511410191,-0.042113849
20.70502575,0.1872372031,0.05289834738,-0.2287158966,-0.2303131372,-2.21121645,0.0379409492,-0.2708996905,-0.1530352277,-0.04235338942
20.71508175,0.1881382018,0.034314394,-0.212305665,-0.1490305364,-2.261833668,0.04318151623,-0.2934292099,-0.1550543149,-0.04253639221
20.72513775,0.1928832233,-0.003967702389,-0.2134109735,-0.06500407308,-2.334381104,0.05699629337,-0.316526834,-0.1561948325,-0.04233862634
20.73519375,0.1842063516,-0.0002870559692,-0.1906727552,0.04411309212,-2.327960968,0.06229411811,-0.3399168941,-0.156470254,-0.04179556064
20.74524975,0.1816020161,-0.009560108185,-0.1310998201,0.1069811359,-2.286612988,0.067094706,-0.3629792434,-0.1559960735,-0.0409037593
20.75530575,0.204051435,-0.02006644011,-0.02845120057,0.2110745162,-2.299225807,0.0556740053,-0.3857856358,-0.1546384119,-0.03966234117
20.76536075,0.2279650569,0.01447844505,0.06412100792,0.2575359941,-2.372015953,0.04495730996,-0.4090450317,-0.1526623343,-0.03827269542
20.77541675,0.252479583,0.09476089478,0.05785262212,0.2687092721,-2.461878061,0.01698506624,-0.4331471114,-0.1504356367,-0.036891844
20.78547275,0.2544947863,0.09274375439,0.01144480146,0.2706637681,-2.537368536,-0.01826501451,-0.4581155508,-0.1479312975,-0.035692957
20.79552875,0.2346005738,0.08923876286,-0.06305789948,0.2225478888,-2.55205965,-0.02318706736,-0.4836110534,-0.1455545607,-0.03471620715
20.80558475,0.2388286889,0.08293443918,-0.104523778,0.2034127712,-2.495170355,-0.0109116789,-0.5089019524,-0.1436094988,-0.03382235201
20.81564075,0.2324346155,0.04575312138,-0.02614462376,0.2377893925,-2.44464922,-0.002529379446,-0.5335309652,-0.1417171217,-0.03275503682
20.82569675,0.2339724153,0.0902068615,-0.006178023294,0.3326714635,-2.384508133,0.03430125862,-0.5576117213,-0.1392321623,-0.03107339052
20.83575175,0.2589997649,0.1328033805,0.01565742493,0.4522961378,-2.34906745,0.08834372461,-0.5809833006,-0.1361941547,-0.02828048411
20.84580775,0.2709271312,0.1567524076,0.06710064411,0.5648617744,-2.372070074,0.1014055908,-0.6041259033,-0.1325623313,-0.02453625806
20.85586375,0.2697519064,0.2075675726,0.06398582458,0.7174585462,-2.429394484,0.06857626885,-0.6276779933,-0.127791707,-0.02004758964
20.86591975,0.2513510585,0.2371803522,0.04237735271,0.7808595896,-2.543585777,0.004902757704,-0.6520203946,-0.1219536207,-0.0151633058
20.87597575,0.2445189506,0.2120425105,-0.09371733665,0.7319213748,-2.616355896,-0.07019519061,-0.6774863813,-0.1157275807,-0.01064797781
20.88603175,0.2247284055,0.1452364922,-0.1341038942,0.5714143515,-2.666643381,-0.1104418859,-0.7036886448,-0.1100404572,-0.007111756922
20.89608775,0.183575362,0.08199799061,-0.1169341803,0.5114125609,-2.718218327,-0.1527709663,-0.7304119567,-0.1050863806,-0.00435914342
20.90614275,0.1391440183,0.03224331141,-0.1141986251,0.4305635393,-2.757258892,-0.2039538324,-0.757764357,-0.1003775783,-0.002507749103
20.91619875,0.1276558191,-0.0454851985,-0.07760262489,0.4224704802,-2.779340506,-0.2454323024,-0.7854196923,-0.09567097844,-0.001056223274
20.92625475,0.1131750867,-0.05368804932,0.04054915905,0.4840950668,-2.798612356,-0.2563199103,-0.8133519914,-0.09072172097,0.0004426783955
20.93631075,0.1176848784,-0.02982246876,0.09560316801,0.5030397773,-2.813315153,-0.2436203659,-0.8413069521,-0.08553733309,0.002416202435
20.94636675,0.1385611594,-0.07487469912,0.1506153941,0.4566554725,-2.817001343,-0.2145058364,-0.8694547494,-0.08060786542,0.004556782507
20.95642275,0.142406553,-0.07194054127,0.2174258828,0.4078940451,-2.776209354,-0.1926324964,-0.8974486181,-0.07636846299,0.006506148422
20.96647875,0.1348621547,-0.05871087313,0.2270566225,0.3508056104,-2.679125309,-0.1853481531,-0.9247086653,-0.07247787917,0.008382557111
20.97653375,0.1338865757,-0.04016780853,0.3102734685,0.2403086573,-2.592667818,-0.1670583636,-0.9511239048,-0.0693050049,0.009769476341
20.98658975,0.1198454425,-0.04972887039,0.3571466804,0.186720565,-2.471030235,-0.1528984159,-0.9765550408,-0.06675755085,0.01066493634
20.99664575,0.1056785658,-0.03322196007,0.3855414391,0.2025461346,-2.323194742,-0.1547972411,-1.000613856,-0.06444517332,0.01140662085
21.00670175,0.1041908637,0.006354629993,0.3752849698,0.2494505197,-2.209301949,-0.1181655079,-1.023303426,-0.06208260398,0.01259748961
21.01675775,0.1206970662,0.0002025961876,0.3226451278,0.225475952,-2.094061136,-0.07656214386,-1.044833612,-0.05997664133,0.01424725806
21.02681375,0.1013096422,-0.03501492739,0.3340226412,0.1630539447,-2.022397757,-0.08340481669,-1.065461725,-0.05831974571,0.01558933061
21.03686975,0.06126136333,-0.05724620819,0.3023275733,0.1016960517,-1.934931278,-0.1055340841,-1.085309587,-0.05685391838,0.01628473243
21.04692475,0.0181402415,-0.06761163473,0.2958003879,0.05529442057,-1.912109137,-0.1240740791,-1.104499473,-0.05548782166,0.0162414328
21.05698075,-0.004707403481,-0.05056208372,0.2799312472,0.04358023778,-1.932923675,-0.1350963712,-1.12365228,-0.05406239104,0.01608699032
21.06703675,0.01311700046,0.002203404903,0.2107662559,0.02904634736,-1.964250207,-0.09658091515,-1.143199666,-0.05286901813,0.01589807189
21.07709275,-0.009640030563,0.01147466898,0.133939743,0.05423159897,-1.997394562,-0.0976954475,-1.163085065,-0.05181889808,0.01608498701
21.08714863,-0.03491748124,-0.03063833714,0.04127335548,-0.1696980894,-2.063861847,-0.1246482283,-1.183494458,-0.05094708547,0.01524776732
21.09720463,-0.03560832143,-0.03751444817,-0.04818683863,-0.502910912,-2.133045435,-0.146663785,-1.204725407,-0.05083990811,0.01191191158
21.10726063,-0.02653699368,-0.05069607496,-0.1014921069,-0.8459079266,-2.251637697,-0.2077777386,-1.227182123,-0.0516026126,0.004914415656
21.11731563,-0.02744970471,-0.0382860899,-0.1425035,-0.9435836673,-2.299666405,-0.2875852287,-1.250654361,-0.05222625926,-0.004613359039
21.12737162,-0.01554264873,0.09052401781,-0.1677937508,-0.817617476,-2.276685238,-0.3578218222,-1.274164755,-0.05181172868,-0.01405255946
21.13742762,0.0297479853,0.1219899058,-0.1113097668,-0.5533725023,-2.236424446,-0.4196204841,-1.297132545,-0.04995104682,-0.02151080112
21.14748362,0.1001222879,0.1251193285,-0.02574658394,-0.4246624708,-2.198923588,-0.4502026439,-1.319827012,-0.04700975891,-0.02730161584
21.15753963,0.1080852523,0.1447989345,0.04123973474,-0.282486707,-2.100129604,-0.4458576739,-1.341715811,-0.04346347214,-0.03171747145
21.16759563,0.08995203674,0.1302779913,0.08861470222,-0.2752467692,-1.943763375,-0.4370077848,-1.362195791,-0.03973525976,-0.03535745996
21.17765063,0.08722545207,0.0609805584,0.1539934874,-0.3480964899,-1.851700544,-0.4438249469,-1.381336931,-0.0359159853,-0.03933192351
21.18770663,0.09726254642,0.0261066556,0.1796041727,-0.2707152069,-1.77806139,-0.4509909451,-1.39967232,-0.0321286687,-0.0433543529
21.19776263,0.07797385752,0.07116734982,0.109018445,-0.2240132093,-1.696058631,-0.4385068417,-1.417239408,-0.02810190818,-0.04642578823
21.20781863,0.07077643275,0.06588077545,0.1017583683,-0.2943737805,-1.659938574,-0.4314562082,-1.434168573,-0.02412760465,-0.04953536158
21.21787462,0.08938740194,-0.01666915417,0.03957582265,-0.3124129772,-1.628648877,-0.4212113023,-1.450719123,-0.02029961433,-0.05332539852
21.22793062,0.07360072434,-0.03206801414,-0.004172556102,-0.2595519722,-1.603622079,-0.4557231069,-1.466919208,-0.01612698869,-0.05661357414
21.23798663,0.07814198732,-0.006965756416,-0.03340195864,-0.1665426791,-1.577185631,-0.4376114905,-1.482938518,-0.01182779524,-0.05916904021
21.24804163,0.06959226727,-0.02596759796,-0.03746449947,-0.009745655581,-1.566592574,-0.4277085066,-1.498688864,-0.007593586945,-0.06043558087
21.25809763,0.06170341372,-0.04145818949,0.0114812851,0.1102694348,-1.594009519,-0.3964600563,-1.51456366,-0.003386811299,-0.06018428429
21.26815363,0.05193711817,-0.01010394096,0.03093314171,0.2635103762,-1.635320783,-0.3459052145,-1.530848196,0.0004457699141,-0.05846814796
21.27820963,0.04781615734,-0.02741384506,-0.07761025429,0.3700762391,-1.665506601,-0.2991465032,-1.547424091,0.003762348997,-0.05528116847
21.28826563,0.04076841474,-0.06773513556,-0.08971547335,0.336851716,-1.742581725,-0.2533888519,-1.564484171,0.006660131307,-0.05174298429
21.29832162,0.0527600348,-0.05210471153,-0.07983577251,0.1273991466,-1.879477262,-0.1719587296,-1.5826532,0.008849826766,-0.04942226786
21.30837762,0.05961726606,-0.06703341007,-0.09898984432,-0.1128289849,-1.97859025,-0.1599586308,-1.602017251,0.01048437808,-0.04930492036
21.31843263,0.007025957108,-0.06116735935,-0.0339641571,-0.2805191875,-1.977984905,-0.1411777586,-1.621955063,0.01203530816,-0.05134018794
21.32848863,-0.0225905627,-0.05205357075,-0.04625882208,-0.2990591526,-1.842550635,-0.1980616003,-1.641064164,0.01386722704,-0.05409839391
21.33854463,-0.01590073109,-0.03113186359,0.06851637363,-0.2518223822,-1.673727751,-0.2381608039,-1.658676534,0.01624275534,-0.0567216216
21.34860063,0.0110758692,0.001682460308,0.2285203934,-0.1582572758,-1.530616164,-0.2613340914,-1.674672783,0.01895505107,-0.05837714087
21.35865663,0.04418377578,0.05894064903,0.2785328627,-0.01996784471,-1.37228322,-0.2893209755,-1.68928133,0.02175721669,-0.05898659917
21.36871263,0.03702220321,0.07755041122,0.2388763279,0.1621268988,-1.211627603,-0.3901675045,-1.702268312,0.02507568679,-0.05781091703
21.37876862,0.02759023011,0.06550556421,0.2974668741,0.3996707499,-1.064658642,-0.4597316682,-1.713711079,0.02901972926,-0.05449989881
21.38882362,0.06003110111,0.08921456337,0.3132162094,0.3952234685,-0.9625962377,-0.4786991477,-1.723894793,0.0331859541,-0.04960431352
21.39887963,0.1101191044,0.07299548388,0.40642488,0.2638438642,-0.934748888,-0.4036699235,-1.73359395,0.03705060113,-0.04567962977
21.40893563,0.1148967743,0.03295844793,0.3238075972,0.1698532701,-0.8444019556,-0.3829569221,-1.742631499,0.04050409325,-0.04293913218
21.41899163,0.1017940491,-0.07491153479,0.2266886234,0.09191825241,-0.7560164332,-0.3662045598,-1.750777288,0.04399849465,-0.04091505352
21.42904763,0.113068521,-0.05540901423,0.1762373447,0.01459847763,-0.708836019,-0.3347601593,-1.75812862,0.04734360837,-0.03974778011
21.43910363,0.1287416369,-0.06027835608,0.1527830362,-0.06876352429,-0.7017839551,-0.3282085359,-1.765230649,0.05061607541,-0.03935042522
21.44915963,0.1048502475,-0.1189515591,0.1123247072,-0.08661930263,-0.6884441972,-0.3654292822,-1.772211032,0.05414711972,-0.03949045472
21.45921462,0.05863180757,-0.1422380209,0.07811807841,-0.03838200495,-0.6798839569,-0.3970386088,-1.779102956,0.05807298064,-0.03941664892
21.46927062,0.03413510323,-0.1422921419,0.03240168095,0.0005156816915,-0.6969490051,-0.3682757318,-1.786034258,0.06190017336,-0.03874259264
21.47932662,0.04172542691,-0.09193730354,0.02879750729,0.06302487105,-0.7640995383,-0.2856546342,-1.793404909,0.06502384876,-0.03778930848
21.48938263,0.04686200619,-0.1210232973,0.01258170605,0.08287788928,-0.8619876504,-0.2068970352,-1.801657297,0.06727198853,-0.0365552658
21.49943863,0.01659178734,-0.1143853068,-0.006428956985,0.08956668526,-0.9280180335,-0.1511898339,-1.810752824,0.06875842654,-0.03527057578
21.50949463,0.03096315265,-0.1628450155,-0.05901540816,-0.01456078328,-1.002824664,-0.1114257425,-1.820522718,0.06993815207,-0.03446936722
21.51955063,0.03570285439,-0.1854547262,-0.1185581833,-0.2191381603,-1.039937377,-0.06498447061,-1.830739441,0.07102690557,-0.03539706383
21.52960563,0.01352547109,-0.1955028176,-0.02169454098,-0.3539814353,-1.073167443,-0.02842324041,-1.841203456,0.07225129221,-0.03816128855
21.53966163,0.05543886125,-0.2530826926,0.04339314997,-0.3654841483,-0.9947748184,0.06282411516,-1.851403073,0.07308105701,-0.0417205562
21.54971762,0.09252920747,-0.2148202062,0.1050516367,-0.3319565356,-0.8812142015,0.1767623425,-1.860561284,0.07290566791,-0.04546434814
21.55977362,0.1197232902,-0.1746186018,0.1624144465,-0.2573424876,-0.783709228,0.2204395086,-1.868686455,0.07182692052,-0.04892288402
21.56982963,0.1095319688,-0.1619115472,0.1950977892,-0.1266909987,-0.6772913933,0.238105759,-1.875868479,0.07022438381,-0.05151247033
21.57988563,0.09482628107,-0.1113221049,0.1886302382,0.01985768788,-0.5940106511,0.2682538033,-1.882088716,0.06793829436,-0.05274973097
21.58994163,0.09268125892,-0.001019239426,0.1881020069,0.02490570955,-0.5554128885,0.307276845,-1.887799857,0.06509907818,-0.05328563179
21.59999663,0.08204711974,0.02107769251,0.2059062868,-0.1447387189,-0.5317898989,0.3569096327,-1.893231748,0.06209385793,-0.05482905368
21.61005263,0.06115408242,-0.052752316,0.1707071215,-0.3107742965,-0.4273215234,0.3703271151,-1.897860893,0.0593755272,-0.05823159583
21.62010863,0.0436976105,-0.05460304022,0.1848919243,-0.3477232456,-0.3150762022,0.3960132897,-1.901338785,0.0568682318,-0.06271999257
21.63016462,0.03354044259,0.02800929546,0.1054395437,-0.2603563368,-0.2008616179,0.4484500885,-1.903719201,0.05382267065,-0.06704785584
21.64022062,-0.03386622667,0.01364642382,0.05854187906,-0.1897365153,-0.1306050271,0.4633659124,-1.905211706,0.0502028643,-0.07073333958
21.65027663,-0.09470459819,-0.0354604125,0.06683158875,-0.154590413,-0.1018511504,0.4257150292,-1.906204305,0.04653792352,-0.07385991981
21.66033263,-0.1057859361,-0.0193786025,0.02722275257,-0.06263146549,-0.0945905745,0.3527103364,-1.907085051,0.04317564669,-0.07616870252
21.67038763,-0.1168726534,-0.009645521641,0.00406396389,0.03699566424,-0.09012618661,0.3083925545,-1.907922835,0.04008186013,-0.07735838853
21.68044363,-0.105362013,0.06585091352,0.06949567795,0.1563995481,-0.1384058297,0.3369296491,-1.909057166,0.03675300724,-0.07750496161
21.69049963,-0.05928397179,0.1257807016,0.01210711896,0.2707344592,-0.1450165957,0.3444842994,-1.91057164,0.03274063695,-0.07664219273
21.70055563,-0.08144167066,0.03344011307,-0.04588581622,0.2712412775,-0.09836626053,0.2868995667,-1.91185534,0.02883293934,-0.07503889271
21.71061162,-0.09064801037,0.0530564189,0.00642812252,0.1737448126,-0.06494679302,0.3155159652,-1.912718009,0.02525281547,-0.07388283593
21.72066762,-0.04560664296,0.116073966,-0.01688827574,0.04503902793,0.02028288506,0.3703781664,-1.912979957,0.02164918469,-0.07405399468
21.73072362,-0.07789213955,0.0939489007,-0.005997776985,-0.1137360185,0.1374176294,0.3481212854,-1.912102009,0.01824086967,-0.07545155351
21.74077863,-0.07963709533,0.06323307753,0.1999223381,-0.1930955499,0.1370535791,0.1776073426,-1.910559739,0.01625993924,-0.07809979308
21.75083463,-0.009297557175,0.02719378471,0.3252792358,-0.03365404904,0.03401560709,0.0116616739,-1.909681763,0.01584652971,-0.07962266528
21.76089063,0.03591061383,0.2142181396,0.08676041663,0.2353790104,0.08945463598,-0.1052409783,-1.909138424,0.01593189242,-0.07856686808
21.77094663,-0.001787915826,0.2069507837,-0.007127270103,0.2847912312,0.1225329563,-0.1766626984,-1.908034785,0.01642856378,-0.07542069685
21.78100263,0.01585680991,0.1315936446,0.06736896932,0.2126975805,0.1000830382,-0.1632345021,-1.906950234,0.01718687425,-0.07242925757
21.79105863,0.01807332039,0.1124063134,0.02457177639,0.05447052792,0.09746688604,-0.1329984367,-1.906007244,0.01810783591,-0.0706664679
21.80111462,0.003159627318,0.03550434113,0.0109629482,-0.08598431945,0.1048694029,-0.1053889096,-1.904992083,0.01931403646,-0.07048167697
21.81116962,0.01087522507,0.03116548061,0.01596571505,-0.1649715453,0.09330010414,-0.06254222244,-1.903943997,0.02051552757,-0.0714780104
21.82122563,0.009404465556,0.01230329275,0.02303554118,-0.1728313416,0.0978096351,-0.06350762397,-1.902973154,0.02163812914,-0.07288035113
21.83128163,-0.03312040865,-0.004891216755,0.01415966451,-0.1754609346,0.1300716996,-0.08418397605,-1.901779032,0.0228986638,-0.07435084395
21.84133763,-0.04674389958,-0.04280734062,0.05452565849,-0.1450164765,0.1650733501,-0.09470372647,-1.900258075,0.02428396384,-0.07559455278
21.85139363,-0.04540219903,-0.06110030413,0.1000153869,-0.06426011771,0.2154901922,-0.09463400394,-1.898335405,0.02554790377,-0.07633536009
21.86144963,-0.04223631322,-0.05388689041,0.08711838722,0.03067038953,0.282990396,-0.07876342535,-1.895849854,0.02644699186,-0.0762395297
21.87150462,-0.02993038297,-0.06686472893,0.09095558524,0.08292072266,0.3526682854,-0.02041570283,-1.892666917,0.026717706,-0.07547966419
21.88156062,-0.01656936109,-0.0569408536,0.1285665184,0.06372599304,0.388779968,0.05418370292,-1.888949858,0.02631168563,-0.07482051529
21.89161662,0.01388539374,-0.08178335428,0.09273995459,0.04929538444,0.4322011769,0.1001312658,-1.88483765,0.02536603047,-0.07453813624
21.90167263,0.01462964714,-0.08827805519,0.05657792091,0.02973819338,0.483717382,0.1119820699,-1.880221929,0.02420715045,-0.07450561054
21.91172863,0.02818472683,-0.05442881584,0.06623576581,-0.06118940562,0.5089830756,0.1439916193,-1.875188378,0.02304661579,-0.07500138672
21.92178463,0.05288012326,-0.04605346918,0.1143512726,-0.1274222285,0.5188729763,0.1600949615,-1.869989211,0.02188080763,-0.07650014887
21.93184063,0.05785124004,-0.07360619307,0.1734478623,-0.07530744374,0.5473957062,0.1647163928,-1.864634454,0.02063860277,-0.07800484436
21.94189563,0.06514851749,-0.02522742748,0.1460298002,0.04730395973,0.6383122802,0.178338185,-1.858633259,0.01900872411,-0.07864348656
21.95195163,0.06038963795,-0.002845704556,0.1825678349,0.1101119071,0.742608726,0.212139532,-1.851721705,0.01689424602,-0.07842327047
21.96200762,0.05540467799,-0.009069979191,0.1883985847,0.2042863369,0.8607732058,0.2187630832,-1.84370009,0.01433001606,-0.07753075979
21.97206362,0.03419022262,0.0224236846,0.129919529,0.2471393198,0.9598248005,0.1731996834,-1.834562505,0.01179860994,-0.07584587539
21.98211963,0.008164182305,0.03838706017,0.1261911541,0.2608175576,1.015791178,0.1267549545,-1.824609833,0.009708690692,-0.07374518121
21.99217563,-0.005675971508,0.05780541897,0.1239775419,0.2238935977,1.06082046,0.1309620291,-1.814186622,0.007872255093,-0.07167462849
22.00223163,-0.01393204927,0.06829786301,0.1472495943,0.1413939297,1.07190001,0.1306648105,-1.803444728,0.006153148412,-0.07021202211
22.01228663,-0.0131406635,-0.01421427727,0.1399197578,0.08855339885,1.078875303,0.1294436157,-1.792602455,0.004610851841,-0.06942043948
22.02234263,-0.02880236506,0.006211996078,0.1338112354,0.107504718,1.072313547,0.1564872265,-1.781820973,0.003004693779,-0.06885964494
22.03239863,-0.02112081647,0.03162682056,0.05596150458,0.1394937932,1.086267471,0.1519137174,-1.771002084,0.001213762347,-0.06795575049
22.04245462,-0.0287527591,-0.02463614941,0.05716730654,0.1318214983,1.102397442,0.1191595048,-1.759999045,-0.0003766716524,-0.06689380634
22.05251062,-0.02707126737,0.02804768085,0.06839120388,0.1518660039,1.138779044,0.109994635,-1.748753852,-0.001740000161,-0.0657539072
22.06256662,-0.008042439818,0.0356041193,0.0645481348,0.2206581235,1.192419887,0.09039456397,-1.737070114,-0.003063948934,-0.06416030885
22.07262263,-0.01026023924,0.034057796,0.1173377186,0.2753531933,1.292592287,0.08348806202,-1.724622314,-0.0042648905,-0.06180370437
22.08267763,0.01068258286,0.0666000247,0.1161202118,0.2940027714,1.431891322,0.08626919985,-1.710910271,-0.005585730048,-0.059092222
22.09273375,0.0258757174,0.09016144276,0.1513307244,0.3393763006,1.541250944,0.0375938043,-1.6959347,-0.006648217735,-0.05612054975
22.10278975,0.03679978848,0.1282464862,0.1564997435,0.4264118671,1.633964062,-0.04386350513,-1.679923227,-0.00708235327,-0.05235096341
22.11284575,0.05709312856,0.1751060486,0.1005080789,0.5069802999,1.690326452,-0.1457072645,-1.663141269,-0.006650554804,-0.04750373072
22.12290175,0.06560122967,0.1831369996,0.09564053267,0.5046727061,1.707248688,-0.230500713,-1.64603623,-0.005184778711,-0.0422574053
22.13295775,0.07742872834,0.1597569585,0.0866426155,0.4221960306,1.740199804,-0.2826517522,-1.628730128,-0.00288017907,-0.03748332757
22.14301375,0.07643215358,0.07848870754,0.1246963814,0.323589325,1.797474265,-0.2954929769,-1.610992448,-0.0001025717,-0.03349792118
22.15306875,0.07094720006,0.01144129038,0.1654509306,0.2147442997,1.879642725,-0.2860530913,-1.592513938,0.002767923904,-0.0307314295
22.16312475,0.06617544591,-0.06646877527,0.2167617083,0.06968032569,1.963764787,-0.233692959,-1.573182209,0.005361331028,-0.02930635387
22.17318075,0.06635957956,-0.1214931607,0.2856688499,-0.04897681251,2.005744934,-0.1732993424,-1.55319924,0.007396354042,-0.02926208302
22.18323675,0.06462475657,-0.1326869726,0.17557621,-0.04435516521,2.043864727,-0.1794139594,-1.532792846,0.009148823599,-0.02970929696
22.19329275,0.02602082491,-0.1179065704,0.1501990557,-0.0507170558,2.018994093,-0.1612819582,-1.512304539,0.01086353461,-0.03025254282
22.20334875,0.04814422131,-0.0990666151,0.1661669016,-0.1449010819,1.972076893,-0.1267676651,-1.492188645,0.01225307779,-0.03130604676
22.21340475,0.08280017972,-0.1191312671,0.1650452614,-0.2735188901,1.926834345,-0.0954054147,-1.472559656,0.01315863673,-0.0335069099
22.22345975,0.07983440161,-0.09630477428,0.1301921606,-0.3796533346,1.922272086,-0.05336821824,-1.453216715,0.01355074126,-0.03695089636
22.23351575,0.06936436892,-0.06049633026,0.05728697777,-0.4555805922,1.945103526,-0.02425424941,-1.433735919,0.01337043483,-0.04120329586
22.24357175,0.05215235054,-0.08556509018,0.1002446488,-0.4883012474,1.956059933,-0.007131455,-1.414051251,0.01284013575,-0.04599130206
22.25362775,0.06281495094,-0.04783165455,0.08355522156,-0.3849874437,1.978284359,0.02802852914,-1.394259807,0.01197215672,-0.05042696182
22.26368375,0.07130460441,0.01155412197,0.05091035366,-0.3139305711,2.025030136,0.04102795199,-1.374096588,0.01101181265,-0.05382331289
22.27373975,0.08112160861,0.03081029654,0.03817485645,-0.2272007465,2.045532703,0.03110746294,-1.353566333,0.01004219759,-0.0564780275
22.28379575,0.09488067031,0.02054929733,-0.03264498711,-0.1681904197,1.993732929,-0.001582039753,-1.333210022,0.009386570678,-0.05846201389
22.29385075,0.08953982592,0.04071569443,-0.07581531256,-0.1314368993,1.901348233,-0.04871005565,-1.313612475,0.009273075333,-0.05999631736
22.30390675,0.08242434263,0.04606682062,-0.1062674522,-0.1484411806,1.872376323,-0.06352496147,-1.29465903,0.009421456599,-0.06155469569
22.31396275,0.06315529346,0.002377927303,-0.06340205669,-0.2366130203,1.873447061,-0.04246483743,-1.275853431,0.0093536045,-0.06359740555
22.32401875,0.03932532668,-0.03412014246,0.02940439433,-0.3722153306,1.87159586,-0.04455754906,-1.256933747,0.009013004136,-0.06664380608
22.33407475,0.04381747544,-0.04158735275,0.01641511917,-0.3806042373,1.899153948,-0.01225609612,-1.237908535,0.007961281919,-0.07045430462
22.34413075,0.04172815382,-0.02803987265,-0.04470455647,-0.2955593765,1.872527361,-0.03783149645,-1.218882185,0.007040702837,-0.0738364201
22.35418675,0.04340386391,0.01554113626,-0.09684026241,-0.1880588531,1.830972791,-0.05881390348,-1.200205011,0.006639521487,-0.0763018713
22.36424175,0.06152737141,0.01605004072,-0.08132576942,-0.1982419789,1.747710109,-0.03788198903,-1.1822183,0.006369696149,-0.07830486512
22.37429775,0.08084470034,-0.01487976313,-0.04326021671,-0.2275691926,1.715925455,-0.02631473728,-1.164817613,0.005856590295,-0.08042219974
22.38435375,0.06715266407,-0.03177529573,-0.002221230417,-0.2589156628,1.750556946,-0.01035973802,-1.147418715,0.005008487398,-0.08277918573
22.39440975,0.05618610978,-0.05487763882,0.08319199085,-0.2872384489,1.821201801,0.02566164546,-1.129470239,0.003844562779,-0.08526684211
22.40446575,0.05582527816,-0.07725441456,0.1833513975,-0.2548120916,1.920599461,0.05640411004,-1.110689449,0.002189718879,-0.08763690773
22.41452175,0.05662630498,-0.07971191406,0.1178722382,-0.08451048285,2.039631367,0.09080943465,-1.090759915,0.000754992132,-0.08889208834
22.42457675,0.1020529419,-0.03981649876,0.03441428766,0.09865906835,2.076996088,0.1461445987,-1.070014014,-0.0002761776288,-0.08827399396
22.43463275,0.1587978452,-0.01649093628,-0.02522325888,0.1570804417,2.066744804,0.1857615411,-1.04918665,-0.00104668589,-0.08624008897
22.44468875,0.1660448015,-0.04952085018,-0.05056559667,0.05042269826,2.046682119,0.1999324858,-1.028468749,-0.002139736817,-0.0842748688
22.45474475,0.1493367851,-0.1134362817,0.009040474892,-0.1300107241,2.008096695,0.1748763025,-1.008066124,-0.003925312788,-0.08361043744
22.46480075,0.1413298398,-0.06994253397,0.02925741673,-0.2684008181,1.980963826,0.2165201455,-0.9879882398,-0.006664331426,-0.08433205622
22.47485675,0.1465872973,0.03400319815,-0.02771699242,-0.2314382792,1.925469637,0.2524845302,-0.9683374914,-0.01010816846,-0.08515842885
22.48491275,0.1488441527,0.04333794117,-0.1140774488,-0.1065336242,1.835221291,0.2890326977,-0.949434925,-0.01342165517,-0.08506843809
22.49496775,0.1558074355,-0.02835762501,-0.2118463516,0.006038722582,1.709397912,0.2922097445,-0.9316087971,-0.01603408999,-0.0836864861
22.50502375,0.1470385343,-0.01249843836,-0.2501045465,0.0192035269,1.574070215,0.2913934886,-0.9150780408,-0.01825045745,-0.08178962552
22.51507975,0.1291555911,0.02319663763,-0.2813116312,-0.09085959196,1.464082837,0.3091787994,-0.8997825845,-0.02078261095,-0.08016974564
22.52513575,0.09690780938,-0.02611738443,-0.2323471308,-0.2687885761,1.388792634,0.2978222966,-0.885462274,-0.02430338373,-0.07966898524
22.53519175,0.05981744826,-0.06226038933,-0.1138987541,-0.3709345758,1.333001852,0.2856529355,-0.8718123499,-0.02865121221,-0.08034675387
22.54524775,0.04222941399,-0.0138412118,-0.05743634701,-0.3086842597,1.312785745,0.2745190561,-0.8585744642,-0.03308615696,-0.08119082515
22.55530375,0.01888881624,0.04217576981,-0.04136645794,-0.1478529274,1.350878835,0.237787351,-0.8452137734,-0.03657948708,-0.0812032787
22.56535875,-0.003068044782,0.07032597065,-0.02247333527,-0.07119862735,1.418467641,0.2217420787,-0.8312368602,-0.03899331012,-0.08056447012
22.57541475,0.02658601105,0.04657262564,-0.05050814152,0.02023954131,1.44463563,0.2042838484,-0.8167611623,-0.04065741091,-0.0792198463
22.58547075,0.07720161974,0.07587647438,-0.0531167984,0.07009125501,1.430745602,0.2357166111,-0.8022121083,-0.04191112387,-0.07733177996
22.59552675,0.1083200127,0.1030801535,-0.06584048271,0.00365004479,1.43765521,0.2648541331,-0.7876968985,-0.04338370064,-0.07525580777
22.60558275,0.106754154,0.05340743065,-0.004462957382,-0.1222311854,1.44927299,0.282066673,-0.7731364179,-0.04578821814,-0.07372323927
22.61563875,0.09693728387,0.009532988071,0.1014412642,-0.2211108953,1.464924932,0.2787400186,-0.758480903,-0.04901631314,-0.07289183926
22.62569475,0.0833581537,0.06560534239,0.1812040806,-0.2799872756,1.498201132,0.2737298012,-0.7435662961,-0.05280685641,-0.07262596506
22.63574975,0.08749973774,0.1032132506,0.1223794222,-0.2448186576,1.517802,0.2462145686,-0.7283983196,-0.0565717332,-0.07247204203
22.64580575,0.08261664212,0.07216507196,0.06297910213,-0.1890051961,1.515638113,0.1998494714,-0.7130699557,-0.05964794179,-0.07224191323
22.65586175,0.07238602638,0.06940841675,0.02471673489,-0.1668106914,1.504143357,0.1574589312,-0.6978588882,-0.06217736867,-0.07204624941
22.66591775,0.07302588224,0.09722787142,-0.0163756609,-0.1347222626,1.50909555,0.1143008098,-0.682737852,-0.06430828103,-0.07200411884
22.67597375,0.06045407057,0.08692187071,-0.05001604557,-0.1458866298,1.494878054,0.0665301159,-0.6676987972,-0.06599553647,-0.07218391386
22.68602975,0.05522470176,0.08209252357,-0.03604400158,-0.1713222116,1.488880396,0.008834329434,-0.6527382822,-0.06743645994,-0.07282593173
22.69608575,0.05592957139,0.08918607235,0.01687437296,-0.1930395216,1.465877295,-0.04860949516,-0.6379461808,-0.06878243841,-0.07410867376
22.70614075,0.05501209199,0.07953298092,0.04794073105,-0.2089670897,1.432155252,-0.1082629785,-0.6234593698,-0.06998327961,-0.07599382767
22.71619675,0.04981859028,0.07954156399,0.006055653095,-0.1396231353,1.396709919,-0.1625920236,-0.6093993265,-0.07071845551,-0.07819062906
22.72625275,0.0350599885,0.09537440538,-0.07576262951,-0.02715917863,1.37956214,-0.2055051327,-0.5955606311,-0.07036863684,-0.08024098898
22.73630875,0.01851473749,0.08649176359,-0.1181561947,0.0764913559,1.365636349,-0.2354429811,-0.5819032548,-0.06891950626,-0.08190312004
22.74636475,0.00983029604,0.05814450979,-0.1208983064,0.04900434241,1.355229735,-0.229738757,-0.5683320042,-0.06705843082,-0.0835313001
22.75642075,0.01208941638,0.01259315014,-0.06733888388,-0.09423860908,1.332839489,-0.2164127529,-0.5549337701,-0.06601406331,-0.08550655994
22.76647675,0.01688621938,-0.04992043972,-0.03170204163,-0.3156618178,1.314584851,-0.1710846871,-0.541831458,-0.06682561573,-0.08828923649
22.77653175,0.04445067048,-0.08150786161,-0.025208354,-0.4600076377,1.294276595,-0.1195297167,-0.5289528464,-0.06948211769,-0.09160002791
22.78658775,0.05833876133,-0.03426188231,-0.05539822578,-0.4546898305,1.267709136,-0.06360919029,-0.5162899982,-0.07315697227,-0.09475601048
22.79664375,0.04975503683,-0.02128529549,-0.06755167246,-0.3820045292,1.225391507,-0.05523887277,-0.5038486556,-0.07649330694,-0.09733818865
22.80669975,0.04172424972,-0.01753616333,-0.0483123064,-0.3420200944,1.194145441,-0.04153185338,-0.4918556196,-0.07946510788,-0.09951609525
22.81675575,0.05034464598,-0.01417654753,-0.06254243851,-0.2917333245,1.172702193,-0.02232625335,-0.4801258872,-0.08216380616,-0.1012912999
22.82681175,0.04199187458,-0.0540920496,-0.0567882061,-0.2875372469,1.190385818,-0.01556342188,-0.4683856696,-0.0846584123,-0.1027753546
22.83686675,0.02341134846,-0.06586873531,-0.01150202751,-0.3347097635,1.214802861,0.006051511969,-0.4564132223,-0.08742361639,-0.1042322315
22.84692275,0.02181686461,-0.06359380484,-0.00773024559,-0.3714168966,1.215151191,0.03391749784,-0.4442360148,-0.09074176735,-0.1056406679
22.85697875,0.02727666497,-0.0708912015,-0.03598594666,-0.3914721906,1.187390208,0.05118985847,-0.4322520069,-0.09442747441,-0.1068651381
22.86703475,0.02746270597,-0.07062226534,-0.06986570358,-0.3577821255,1.156734824,0.0510212779,-0.420569864,-0.09815463648,-0.1079903266
22.87709075,0.02632878721,-0.04564243555,-0.0837392807,-0.2753050923,1.080846906,0.06146390364,-0.4092846542,-0.101267942,-0.1087357261
22.88714675,0.03642740846,0.001791298389,-0.09333050251,-0.1924445927,0.982334733,0.05908223987,-0.3989739376,-0.1036669705,-0.1091211332
22.89720275,0.03697255254,0.008843719959,-0.1047259569,-0.1229817942,0.9004465342,0.05776391923,-0.3895254168,-0.105353228,-0.1091874332
22.90725775,0.02430064976,-0.003285825253,-0.09267807007,-0.1084388047,0.8550963998,0.05174330994,-0.3807022491,-0.1066005181,-0.1090810745
22.91731375,0.005192279816,0.001300632954,-0.07220315933,-0.1438757628,0.8477986455,0.05691508949,-0.3721523813,-0.1079881116,-0.1090609066
22.92736975,-0.002293869853,-0.02130162716,-0.04067838192,-0.1924177408,0.8575868011,0.07123118639,-0.3635875545,-0.1097877133,-0.1090650711
22.93742575,-0.009328827262,-0.03787010908,-0.0105146179,-0.2508320808,0.8949245214,0.07326288521,-0.3547931723,-0.1121339395,-0.1091448394
22.94748175,-0.004872992635,-0.02367478609,0.002454995178,-0.2260447145,0.9522628784,0.08173226565,-0.3455241831,-0.1147842716,-0.1092835628
22.95753775,0.01324033737,-0.005628407001,-0.01454043388,-0.1531003714,1.013389707,0.07776628435,-0.3356734991,-0.116904874,-0.1091763086
22.96759375,0.0302349031,0.04779624939,-0.02819264121,-0.07471848279,1.023911834,0.1125551537,-0.3253945761,-0.1182954805,-0.1086043252
22.97764875,0.04646743834,0.06195956469,-0.02643000893,-0.01054797694,1.01944387,0.1107351258,-0.3149825349,-0.1190227114,-0.1076430809
22.98770475,0.04678221047,0.03179192543,-0.0004374980927,-0.03116377257,0.9996239543,0.1219997704,-0.3046925614,-0.1195711202,-0.1065993972
22.99776075,0.05129104853,0.007995247841,0.0161986351,-0.05058469623,0.9721413851,0.1385538727,-0.2946465477,-0.1203359521,-0.1054391455
23.00781675,0.04227477312,0.004761695862,0.02895951271,-0.107171014,0.9436466694,0.1414591074,-0.2848774696,-0.1214721338,-0.1043108848
23.01787275,0.03430809081,-0.005759775639,0.04175174236,-0.138317436,0.9287205935,0.1416082233,-0.2753571078,-0.1230246865,-0.1032983463
23.02792875,0.02466477454,-0.03396427631,0.02120101452,-0.1776975989,0.9054527879,0.1406676024,-0.2660692628,-0.1249941977,-0.1023615109
23.03798475,0.02305921912,-0.04225373268,-0.02344453335,-0.2198010683,0.9160195589,0.1274455041,-0.2567617343,-0.1272554022,-0.1015748845
23.04803975,0.02149489522,-0.01952087879,-0.07262301445,-0.161364913,0.9274988174,0.1240555644,-0.2474276158,-0.1294799575,-0.1008603171
23.05809575,0.033712551,0.02257710695,-0.1195821762,-0.08959995955,0.8836425543,0.1121161655,-0.2381993872,-0.1310086865,-0.1000025127
23.06815175,0.04779455066,0.06134670973,-0.1254371405,-0.05139585212,0.8224985003,0.1196606308,-0.2294814379,-0.1318899831,-0.09900439483
23.07820775,0.05567102134,0.05245018005,-0.08024406433,-0.05252476409,0.7218493819,0.1118766889,-0.2215668783,-0.1326483043,-0.09799048056
23.08826375,0.06037427485,-0.004589736462,-0.04574906826,-0.09883847088,0.5861805081,0.09881974012,-0.2148689299,-0.1336058102,-0.0970958013
23.09831937,0.05765599012,-0.02924227715,-0.0653744936,-0.1715070009,0.4836019278,0.07095850259,-0.2094531666,-0.1351023967,-0.09655647303
23.10837537,0.04675231874,-0.008077144623,-0.09715008736,-0.2003722042,0.4443913996,0.06598531455,-0.2047970234,-0.1371502585,-0.09626539878
23.11843037,0.02945560217,-0.0236890316,-0.09319901466,-0.2131480426,0.422374934,0.0375393182,-0.2004503395,-0.1392981005,-0.09615769447
23.12848638,0.01881599426,-0.02971726656,-0.07481634617,-0.1981424689,0.4080037177,0.03014717996,-0.1962699999,-0.1413709743,-0.09624742556
23.13854238,0.02396322787,0.004053115845,-0.0826356411,-0.1516094059,0.4038505256,0.02553511783,-0.1921741248,-0.143170235,-0.09631086572
23.14859838,0.03009732068,0.05758732557,-0.08693277836,-0.08930581808,0.4005479515,0.041352164,-0.1881320974,-0.1444545569,-0.09622703788
23.15865438,0.03498491645,0.05666923523,-0.0667579174,-0.004018793814,0.3668901026,0.04031822085,-0.1841919417,-0.144936141,-0.09589618526
23.16871038,0.03141707182,0.04349243641,-0.03587138653,-0.02000148967,0.3307526112,0.04836735874,-0.180644219,-0.1451217903,-0.09549801369
23.17876537,0.02904950082,0.02936607599,-0.02382993698,-0.03437909484,0.2960462868,0.03999799863,-0.1774266648,-0.1454666801,-0.09508191143
23.18882137,0.02120138705,-0.0190563798,-0.01516926382,-0.09335373342,0.2571822405,0.0330330357,-0.1746234205,-0.1461866625,-0.09484625265
23.19887737,0.01913234591,-0.03519225121,-0.0346353054,-0.1172664762,0.2277669609,0.04888898879,-0.1721571927,-0.1473312049,-0.09462052789
23.20893338,0.0151783824,-0.01530867815,-0.04801154137,-0.1127851754,0.2156935185,0.05108609796,-0.1698677033,-0.148566612,-0.09433756196
23.21898938,0.0005477666855,0.001934766769,-0.04437423125,-0.07967790961,0.1974476725,0.06455487758,-0.1677159926,-0.1496297815,-0.09391743354
23.22904538,-0.002398177981,-0.0007002353668,-0.0501844883,-0.04957646877,0.1701476127,0.06104935706,-0.1657875267,-0.1503510522,-0.09338925758
23.23910138,-0.0009595304728,-0.002478063107,-0.04465854168,-0.04878857359,0.1369932592,0.05495042726,-0.1641687844,-0.150888151,-0.09287119671
23.24915638,-0.004202112556,-0.006618201733,-0.03763580322,-0.0677350983,0.1132610291,0.03961994126,-0.1628756653,-0.1515462716,-0.09249177617
23.25921238,-0.01291973889,-0.02378869057,-0.01689505763,-0.06867550313,0.0874620527,0.03766397759,-0.161833155,-0.1523242925,-0.09223302823
23.26926837,-0.01489920914,-0.01620548964,-0.02236831188,-0.08047011495,0.07865444571,0.02957356349,-0.1609776461,-0.1530884197,-0.09199951112
23.27932437,-0.0170417726,-0.003356575966,-0.01834809594,-0.09927158803,0.08210404217,0.02363588475,-0.1601747922,-0.1540120776,-0.09189119147
23.28938038,-0.01217831671,-0.01124715805,-0.01989388466,-0.07270628959,0.08720719069,0.03301740438,-0.1593053,-0.1549600461,-0.09175477903
23.29943638,-0.007809609175,-0.01443010569,-0.03429698944,-0.018026134,0.09619868547,0.03601977229,-0.1583122213,-0.1552718145,-0.09144204592
23.30949238,-0.006401747465,0.00691485405,-0.0241210442,0.04520823061,0.1498043835,0.02559482679,-0.1570149449,-0.1548697562,-0.09107029246
23.31954738,-0.01233462989,0.01242035627,-0.005415439606,0.06386354566,0.184701249,0.04972053319,-0.1551402487,-0.1539362012,-0.09057121374
23.32960338,-0.002306520939,-0.003227710724,0.02896142192,0.0651557073,0.1915144175,0.05107315257,-0.153126405,-0.1530875944,-0.09002447876
23.33965938,0.005171567202,-0.02279871702,0.05320930481,0.0768918097,0.1781536192,0.05156328529,-0.1511509552,-0.1524186904,-0.08946133571
23.34971537,0.0164359659,-0.006953597069,0.04834699631,0.09305133671,0.1333363354,0.05179044977,-0.1494766768,-0.1515356845,-0.08889222893
23.35977137,0.02751791477,0.03517794609,-0.001806857064,0.07543697208,0.1126383841,0.05693218857,-0.1481394834,-0.1507260792,-0.08828101362
23.36982737,0.02341669798,0.001008212566,-0.02657532692,0.03641740233,0.08679906279,0.0658974573,-0.147068139,-0.150220946,-0.08761145572
23.37988338,0.0154287219,-0.05861938,-0.01642966084,-0.04207017273,0.06164856255,0.06437826157,-0.1462015447,-0.1502200603,-0.0870255806
23.38993838,0.01698222011,-0.04135811329,-0.03174066544,-0.08171079308,0.0376412347,0.07347588241,-0.1455903948,-0.1508889631,-0.08645362533
23.39999438,0.02008610964,-0.02759045362,-0.0677229166,-0.07133959979,0.02586167306,0.07501297444,-0.1451469321,-0.1517023679,-0.08588319175
23.41005038,0.02288269997,-0.01510971785,-0.05167496204,-0.08641735464,0.0009275625926,0.080972597,-0.1448812872,-0.1527186842,-0.08526449119
23.42010638,0.02182711661,-0.005555093288,-0.03470659256,-0.08477129787,-0.01044267043,0.09433247894,-0.1448470184,-0.1538699987,-0.08453682347
23.43016237,0.01554082334,-0.01440960169,-0.02873623371,-0.08698865026,-0.02164072916,0.1116350368,-0.1448724243,-0.155019816,-0.08360940779
23.44021837,0.007368549705,-0.02815896273,-0.03092336655,-0.09053593129,-0.02632616274,0.1274935007,-0.1449498494,-0.1560479667,-0.08243645688
23.45027437,-0.002250991762,-0.02831059694,-0.01408159919,-0.09714350104,-0.01852842793,0.125223428,-0.1449743545,-0.1570508741,-0.08126139044
23.46032938,-0.009972050786,-0.003253817558,-0.001939775422,-0.08273006976,-0.008421330713,0.1386311799,-0.1449207494,-0.1581272477,-0.08007084886
23.47038538,-0.007716439664,0.02281683683,-0.003822207451,-0.07634807378,-0.02575930767,0.1672479063,-0.1448166074,-0.1590206313,-0.07866163822
23.48044138,-0.00389996171,0.0249606967,-0.01512992568,-0.03143408522,-0.03824140877,0.1680970043,-0.1448605311,-0.1596176918,-0.07696627012
23.49049738,-0.005334720016,-0.002424776554,-0.02980601601,-0.05309570208,-0.05510374904,0.1419426352,-0.1450705323,-0.1600417103,-0.07535704177
23.50055338,-0.01029169559,-0.002913117409,0.003747107461,-0.077491723,-0.06908387691,0.1208398789,-0.1454783471,-0.1606852883,-0.07408548396
23.51060938,-0.00232001394,0.01518785954,0.003065109253,-0.1083031669,-0.09874083847,0.09696650505,-0.1461360026,-0.1616340371,-0.07308976809
23.52066437,0.008013673127,0.02752768993,-0.02274596691,-0.0921728909,-0.1287151128,0.08997813612,-0.1471197545,-0.1625377145,-0.07228173269
23.53072037,0.01026004553,0.04288327694,-0.03895962238,-0.08378712833,-0.1581518352,0.06603232026,-0.148455839,-0.1634546745,-0.07169031127
23.54077638,0.006506882608,0.04527539015,-0.05374074355,-0.07472136617,-0.1725403666,0.05223693326,-0.1500167505,-0.1642940105,-0.07129653484
23.55083238,0.007373049855,0.04414767027,-0.07041299343,-0.03884459659,-0.2318851799,0.03641002998,-0.1519561573,-0.1648825459,-0.07096745054
23.56088838,0.01637073606,0.05512535572,-0.1033273935,0.03403866664,-0.3127760589,-0.01494945772,-0.154675574,-0.164895801,-0.07088528418
23.57094438,0.01297420263,0.06201463938,-0.1298642159,0.1453992873,-0.4312084019,-0.07517018914,-0.1584398575,-0.1638245298,-0.07120422176
23.58100038,0.01755745709,0.07009488344,-0.1515953541,0.2359976768,-0.6141279936,-0.1506291181,-0.1637694929,-0.1616823831,-0.07202464347
23.59105537,0.03438173234,0.07706534863,-0.2349332571,0.1635258645,-0.8267140388,-0.1898130029,-0.171238849,-0.1593383654,-0.07339934244
23.60111137,0.05860617757,0.04414576292,-0.3209862709,0.05560720712,-0.999643743,-0.172171548,-0.1806924099,-0.1579627525,-0.07505325835
23.61116737,0.06462658197,-0.056881845,-0.3720778227,-0.008846083656,-1.122623682,-0.1334696859,-0.1916673592,-0.1575096036,-0.07656839719
23.62122338,0.06798061728,-0.09889799356,-0.4048081636,0.04531688988,-1.179872036,-0.07453145832,-0.2034093179,-0.1572450966,-0.07757294761
23.63127938,0.08019919693,-0.04112094641,-0.3732491732,0.1979652792,-1.274314642,-0.04910812154,-0.2157838976,-0.1559395096,-0.07793568992
23.64133538,0.1028130651,0.02878916264,-0.2905404568,0.3256221116,-1.395608187,-0.01532807853,-0.2291565208,-0.1532387964,-0.07764061253
23.65139138,0.1294994056,0.0220208168,-0.2071790695,0.3521069586,-1.51187849,0.0005456928047,-0.2436227607,-0.1497989898,-0.0768303906
23.66144638,0.1387726963,-0.002848565578,-0.1346046925,0.1943158656,-1.60373354,-0.01449799817,-0.2592262111,-0.1470155982,-0.0761856348
23.67150238,0.1442430764,0.03625184298,-0.07139837742,0.03379862756,-1.64622426,-0.01711242273,-0.275545238,-0.1459014975,-0.07604528129
23.68155837,0.1362310648,0.04896783829,-0.04034757614,-0.1051230431,-1.681640863,-0.02809902839,-0.2923420403,-0.1462230563,-0.07638486521
23.69161437,0.1472222358,0.03033703566,-0.07285857201,-0.2273706645,-1.678590775,-0.02397512272,-0.3093708998,-0.1477706819,-0.07714748446
23.70167038,0.1475616246,0.01625061035,-0.0803552866,-0.2760593593,-1.637516022,-0.01270036492,-0.3262007173,-0.1501672912,-0.07815593872
23.71172638,0.1312725097,0.04814946651,-0.08972394466,-0.2027422786,-1.530024171,0.01444710046,-0.3422508467,-0.1525201909,-0.07893506499
23.72178238,0.108737506,0.06447982788,-0.02743256465,-0.03670030832,-1.445510626,0.0346303992,-0.3571956526,-0.1538318071,-0.07910290192
23.73183738,0.0858771801,-0.02488023043,0.1554039717,0.09335809201,-1.514191151,-0.04184946045,-0.3719412287,-0.1534636697,-0.07893067267
23.74189338,0.08423042297,-0.01637834311,0.1332851648,0.1375020742,-1.559335589,-0.06289560348,-0.3875048767,-0.152189367,-0.0790765574
23.75194938,0.09018985182,0.05882495642,0.008981470019,0.244666338,-1.544874668,-0.0346130915,-0.4030477986,-0.1502271597,-0.07870758404
23.76200537,0.07076858729,0.03620135784,0.001124620438,0.1681684703,-1.603612185,-0.06271093339,-0.418772114,-0.1479935837,-0.07826706935
23.77206137,0.08437602967,0.04942691326,-0.01435923576,0.01386331208,-1.730641484,-0.07254546136,-0.435515257,-0.1468660912,-0.07843823222
23.78211737,0.1121150181,0.08006554842,-0.1272311211,-0.1155918315,-1.848009109,-0.08430259675,-0.4536904696,-0.1470243687,-0.07936142285
23.79217238,0.1324001998,0.08975303173,-0.2275489569,-0.2927810252,-1.968535185,-0.09836168587,-0.4731418847,-0.1484930485,-0.08111530677
23.80222838,0.1496115625,0.05686813593,-0.2581957579,-0.318628341,-2.08465004,-0.1345012933,-0.4939197526,-0.1507112314,-0.08360868745
23.81228438,0.1458653957,0.02949374914,-0.26420331,-0.196184203,-2.168031216,-0.1789297462,-0.5157184843,-0.1522990948,-0.08627412442
23.82234038,0.1238106117,0.04678082466,-0.2204757929,-0.02745185979,-2.256715536,-0.2332281023,-0.5383179791,-0.1521713561,-0.08860267352
23.83239638,0.1308161616,0.07416015863,-0.2005251646,0.1240111664,-2.341799498,-0.2460243255,-0.561718624,-0.1505576797,-0.09042764912
23.84245237,0.1471306086,0.05684071779,-0.2188345343,0.2310987413,-2.400928259,-0.2536479831,-0.5857639661,-0.1476392131,-0.09150958957
23.85250837,0.1542674005,0.05480009317,-0.2098312527,0.2799237967,-2.424636841,-0.273006767,-0.6101080527,-0.143961183,-0.09214177735
23.86256337,0.1511043012,0.03249400854,-0.1275008917,0.2021087557,-2.460342407,-0.2979619205,-0.6347952275,-0.1402745522,-0.09300492739
23.87261938,0.167930603,0.04271531105,-0.0586643219,0.04874636978,-2.461107254,-0.2500662804,-0.6597866044,-0.1375737247,-0.09443644263
23.88267538,0.18789424,0.07566821575,-0.02009928226,-0.01651265845,-2.451434612,-0.2457895875,-0.6847374971,-0.1359693299,-0.09626448781
23.89273138,0.1928405613,0.0238609314,-0.03858363628,-0.03984008729,-2.402636051,-0.2375135571,-0.7094921858,-0.1345840579,-0.09832451528
23.90278738,0.2054734528,0.06208074093,-0.02049875259,0.03144270554,-2.32588768,-0.1948725581,-0.7334418861,-0.1332570766,-0.09990356547
23.91284338,0.1932477951,0.06522220373,0.1055303738,-0.02296567522,-2.336512327,-0.1913060546,-0.7570476327,-0.1318228571,-0.1012255344
23.92289938,0.2009371519,0.01493036747,0.1890901327,-0.06500992924,-2.339664936,-0.1885719895,-0.7808103514,-0.1308665297,-0.1028402774
23.93295437,0.1710464954,-0.02898544073,0.2250672579,-0.001530025504,-2.307486057,-0.202895537,-0.8044534171,-0.1298078873,-0.1045063232
23.94301037,0.1238553524,0.008537828922,0.2259179354,0.01488365792,-2.239043951,-0.2018498033,-0.8275531722,-0.128186537,-0.10585075
23.95306638,0.1148708165,0.0391715169,0.2200015783,0.1298592389,-2.229047298,-0.1901289672,-0.8500951551,-0.1262329409,-0.1066184824
23.96312238,0.1129491106,-0.01893556118,0.1520588398,0.2205817252,-2.166104078,-0.1713327765,-0.8721825503,-0.1237719093,-0.1064293403
23.97317838,0.06639909744,-0.04039645195,0.1083637476,0.3417574167,-2.086279154,-0.1800956428,-0.8934547336,-0.1205975673,-0.1052432528
23.98323438,0.0262921527,-0.04597991705,0.1027071476,0.265855819,-2.048078537,-0.1806581616,-0.9140928245,-0.1172014104,-0.103870638
23.99329038,0.03691893816,-0.1122848392,0.101621978,0.04173564538,-2.036211491,-0.1326309741,-0.9345938235,-0.1150039146,-0.1034580374
24.00334538,0.04645313323,-0.1398032904,0.138120532,-0.2149864733,-2.034365654,-0.08999064565,-0.9551989377,-0.1146760298,-0.1048353527
24.01340137,0.0292878449,-0.1069319844,0.116969943,-0.2954693437,-1.990263462,-0.07194294035,-0.9758090442,-0.1156219039,-0.1075767304
24.02345737,-0.0001925304532,-0.06713753939,0.05218243599,-0.1301121414,-1.908372879,-0.1089261472,-0.9956889892,-0.1161491083,-0.1099169236
24.03351338,-0.01795312762,-0.04454439878,0.06790888309,0.06954263896,-1.878934383,-0.1549037546,-1.014837936,-0.1151328482,-0.1108637362
24.04356938,0.005265571177,0.02453130484,0.06624828279,0.2003049254,-1.826331735,-0.1374828964,-1.033441926,-0.1131498557,-0.1104259039
24.05362538,0.0185213834,0.04291594028,0.06046164036,0.1967511922,-1.757150292,-0.1359638423,-1.051371249,-0.1109782235,-0.1093742044
24.06368038,0.02320127189,-0.02634292841,0.1008950621,0.1293668598,-1.665211201,-0.143815726,-1.068474785,-0.1089163513,-0.1085481368
24.07373638,0.03019618243,-0.03364163637,0.1608408839,0.1686008275,-1.622939706,-0.1744628549,-1.084931843,-0.1068593185,-0.108072257
24.08379238,0.05184776336,0.007909715176,0.124168992,0.2593978047,-1.566147208,-0.1666002721,-1.100841591,-0.1043387022,-0.106925227
24.093849,0.0525450483,0.05120944977,0.1212239265,0.3632046282,-1.529245019,-0.131299004,-1.116156624,-0.1015929585,-0.1047391349
24.103905,0.06479997933,0.0196685791,0.1011287123,0.3570671082,-1.539447308,-0.1496423632,-1.131276012,-0.0987510242,-0.1019072046
24.113961,0.05403265357,-0.02158123255,0.09864830971,0.3671253324,-1.535295963,-0.1540767998,-1.14652108,-0.0958238756,-0.09923033796
24.124017,0.02368796617,0.01838344336,0.05128537863,0.4125834405,-1.553648353,-0.1781491041,-1.161745503,-0.09275225286,-0.09631284038
24.134072,0.0180131942,0.02168273926,-0.006579525769,0.400504142,-1.564629078,-0.2182840109,-1.177138024,-0.0893040211,-0.0932058857
24.144128,0.02309430391,-0.03079932928,0.003592386842,0.2989161909,-1.540572286,-0.2514666617,-1.192561245,-0.08579150723,-0.09077488702
24.154184,0.02364741266,-0.06640100479,0.08977307379,0.1872626096,-1.527553439,-0.2946213186,-1.207864984,-0.0823979902,-0.08950900209
24.16424,0.03493793309,-0.05975782871,0.1430325508,0.2313746065,-1.504111171,-0.3348217607,-1.223065659,-0.07872196827,-0.08876847891
24.174296,0.04727546126,0.003240585327,0.1245785952,0.4093675017,-1.490480065,-0.3488654196,-1.237957952,-0.07443048503,-0.08695869061
24.184352,0.06917645782,0.0850982666,0.06728004664,0.6228774786,-1.495419145,-0.3532704711,-1.25272112,-0.06938455297,-0.08307463256
24.194408,0.08843877167,0.1564515233,0.03811334819,0.7538924813,-1.512629747,-0.3468261659,-1.267396487,-0.0639643178,-0.07745854168
24.204463,0.08595313132,0.09510952234,0.05535351485,0.6760486364,-1.577831388,-0.3841342926,-1.282613547,-0.05833003415,-0.0714891655
24.214519,0.08829005063,0.03471934795,0.03243612498,0.4519082308,-1.601403117,-0.4274407625,-1.298374836,-0.05280860827,-0.06709653296
24.224575,0.08421590924,0.05349415541,0.01029276103,0.3209748566,-1.63746798,-0.4917508662,-1.314511162,-0.04739526788,-0.0646050191
24.234631,0.08538751304,0.08897978067,-0.01011657715,0.3356435597,-1.696403623,-0.5584335327,-1.331243568,-0.04145087677,-0.06272202014
24.244687,0.101731956,0.1457518935,-0.07360363007,0.4642588198,-1.675439,-0.5800003409,-1.348147902,-0.0349677486,-0.06012415845
24.254743,0.1126104146,0.1617464423,-0.1120942757,0.6347200274,-1.624315858,-0.5653702617,-1.364568259,-0.02818447892,-0.05592559062
24.264799,0.1217158884,0.1223831177,-0.06713032722,0.7889562845,-1.634840012,-0.5603179336,-1.380730876,-0.02125697945,-0.0499735763
24.274854,0.1353601515,0.06547468901,-0.04254280776,0.8037538528,-1.616754055,-0.5146244764,-1.396985239,-0.01449991492,-0.04296759392
24.28491,0.1153247803,-0.03659886122,-0.003804326057,0.6233338118,-1.62036097,-0.4951609373,-1.413156912,-0.008299976266,-0.03661411479
24.294966,0.07730023563,-0.09944212437,0.01087975129,0.3218290806,-1.662332892,-0.4712989926,-1.429589873,-0.0027807179,-0.03255735626
24.305022,0.04190731049,-0.1253491044,-0.02485347167,0.1460082978,-1.69384253,-0.4125136733,-1.446474536,0.001934084497,-0.03089396476
24.315078,0.02841447294,-0.1181464195,-0.09983873367,0.05748748779,-1.749190211,-0.3534346223,-1.463756056,0.005884474318,-0.03038269917
24.325134,0.03208877146,-0.06930607557,-0.1160150692,-0.049493514,-1.80400002,-0.3407340944,-1.481680298,0.00929438958,-0.03063449777
24.33519,0.02726352215,-0.05592226982,-0.09595811367,-0.1159899756,-1.822856307,-0.3160244823,-1.499815229,0.01243894312,-0.03184996916
24.345245,0.02690532804,-0.08839416504,-0.0670972988,-0.04778638482,-1.84547019,-0.2984502912,-1.518227423,0.0154840985,-0.03288431607
24.355301,0.05295525491,-0.04990833998,-0.07311177254,0.09096191078,-1.86477375,-0.270092696,-1.536959676,0.01835022431,-0.03278236385
24.365357,0.05491289496,-0.03840970993,-0.09527862817,0.2105582952,-1.864599347,-0.2536614239,-1.555755717,0.02097015562,-0.031306044
24.375413,0.04947328568,-0.07926249504,-0.1163548306,0.2226088345,-1.805250645,-0.2241003215,-1.574268854,0.02342002924,-0.02904159608
24.385469,0.05802488327,-0.07415246964,-0.04436469078,0.1635429412,-1.762817144,-0.1581983417,-1.59230784,0.02530555923,-0.02702098547
24.395525,0.07451801002,-0.09686845541,0.009249813855,0.06174495071,-1.692236543,-0.09642391652,-1.609679014,0.02648304969,-0.02575537946
24.405581,0.07015573978,-0.1154258847,0.1302073002,-0.04579544812,-1.625155687,-0.0629389286,-1.626353282,0.02727064925,-0.02566291378
24.415636,0.08101089299,-0.05095565319,0.225132823,-0.09925334156,-1.59403348,-0.01788117178,-1.642515716,0.02770845093,-0.02636394417
24.425692,0.08255197108,-0.0420871973,0.2783677578,-0.1609180421,-1.507707953,0.008734885603,-1.658163479,0.02782101196,-0.02772449581
24.435748,0.08583976328,-0.0795956254,0.2304495573,-0.1186587363,-1.393708706,0.01179246139,-1.672682622,0.02782251608,-0.0292707823
24.445804,0.09113918245,-0.01888686419,0.2208628654,0.01073685009,-1.357112169,-0.0271587465,-1.686463061,0.027920498,-0.02981846759
24.45586,0.08598046005,0.0435770154,0.2126218081,0.08233167231,-1.298828125,-0.07287669927,-1.699836861,0.02837258171,-0.02921783989
24.465916,0.07893031836,-0.0002468824387,0.215285182,0.01493226085,-1.220549941,-0.05243872106,-1.712523764,0.02894503072,-0.02858669771
24.475972,0.05838654935,-0.01862710714,0.1827875227,-0.0449632965,-1.175466657,-0.05988492072,-1.724572087,0.02948636716,-0.02859125356
24.486027,0.02629232407,0.0224788785,0.188425526,-0.1060726345,-1.091852903,-0.005266789347,-1.735992943,0.0299819024,-0.02927375544
24.496083,-0.001109018922,-0.01157224178,0.1488413662,-0.1447097808,-0.9933841228,0.02667063661,-1.746424218,0.03005142835,-0.03051596209
24.506139,-0.05315521359,-0.114138484,0.1989235878,-0.1540867239,-0.9534893036,0.04575040191,-1.756104094,0.02994939091,-0.03213193525
24.516195,-0.03513374925,-0.08928483725,0.1755972803,-0.009732739069,-0.9075279832,0.08225221932,-1.765474856,0.02947327442,-0.03308539421
24.526251,-0.01439398527,-0.0620046258,0.09892367572,0.1172314212,-0.8809905648,0.1300272495,-1.774461015,0.0283320348,-0.0327309984
24.536307,0.00393076241,-0.03896361589,0.08053503931,0.1650942862,-0.8814097643,0.1775542945,-1.78331786,0.02648070227,-0.031600599
24.546362,0.04032084346,-0.00886875391,-0.01626325399,0.1788260341,-0.8395828605,0.177951619,-1.792010314,0.02429774876,-0.03020621029
24.556418,0.006306603551,0.04654633999,-0.1401141882,0.08483108878,-0.7815187573,0.1435803175,-1.800168005,0.02238862927,-0.02922358866
24.566474,-0.01459674537,0.09710323811,-0.1945047528,-0.07587336749,-0.6930378675,0.09692663699,-1.807609109,0.02119197038,-0.02942573096
24.57653,-0.0149114877,0.1058169007,-0.09661783278,-0.1465912163,-0.626362741,0.05991934985,-1.814179105,0.02073298685,-0.03080846445
24.586586,0.007406264544,0.1288477778,0.01860212535,-0.07206042856,-0.5600947142,0.02462767251,-1.820121377,0.02057019431,-0.03215080238
24.596642,0.02922682464,0.1247335672,0.1115827486,0.1124098152,-0.5244448781,-0.02213717066,-1.825505992,0.02052840487,-0.03190227393
24.606698,0.03329259157,0.1440193057,0.1476274431,0.2458095849,-0.5216775537,-0.01582718268,-1.830791464,0.02022120818,-0.03001803821
24.616753,0.006396204233,0.124091208,0.03353916854,0.2382073253,-0.5489717722,-0.07817365229,-1.836220244,0.01992871309,-0.02737298208
24.626809,-0.04643262923,0.04259216785,0.05343031138,0.02027531713,-0.547662437,-0.1047667712,-1.841804606,0.02051718207,-0.0258005222
24.636865,0.02272619307,-0.01628744602,0.08406615257,-0.1488966644,-0.52632761,-0.04126982391,-1.84725147,0.02140944188,-0.0263091021
24.646921,0.06569589674,-0.001262784004,-0.003295078874,-0.2882021666,-0.4648335874,-0.01940543205,-1.852207348,0.02225647394,-0.02838668145
24.656977,0.01658853889,0.00488615036,0.04167996347,-0.3385859728,-0.3822519183,0.008225397207,-1.85641203,0.02323925219,-0.03143424286
24.667033,0.0025575459,-0.06652134657,0.1360375881,-0.2911606431,-0.285099417,0.0232974235,-1.859675079,0.0238936913,-0.03456154889
24.677089,-0.02444826066,-0.1074501872,0.2956974506,-0.1430494785,-0.219226107,0.02129339427,-1.862166169,0.02432750059,-0.03675266199
24.687144,-0.01811134815,-0.02030074596,0.2609415948,0.05731491372,-0.1924689412,0.05245245993,-1.864138153,0.02410697554,-0.03734978041
24.6972,0.02817210555,0.04073500633,0.1309367567,0.19200854,-0.2065448016,-0.02553767897,-1.866163573,0.02347458124,-0.03599659257
24.707256,0.007456108928,0.05946230888,0.05256628245,0.1022867858,-0.2078996897,-0.09362062067,-1.868310305,0.02365559493,-0.03439567712
24.717312,0.01480746269,0.06751453876,0.01095925272,-0.02077868767,-0.1817154884,-0.1167594939,-1.870293129,0.0245330614,-0.03368448881
24.727368,0.06571380794,0.02590656281,0.03480517119,-0.1232280061,-0.139024213,-0.1008864716,-1.871933949,0.02582329775,-0.03415191578
24.737424,0.08339630067,0.01811599731,0.009161934257,-0.1492239237,-0.08496497571,-0.08301666379,-1.873039433,0.02705904605,-0.03519362427
24.747479,0.0679140985,-0.03105032444,0.05999779701,-0.1101422086,-0.09164817631,-0.1150753126,-1.873848764,0.0283432517,-0.03616593548
24.757535,0.02663013339,-0.1091398597,0.1308718622,0.03191186488,-0.1445116699,-0.1078909039,-1.875036238,0.02957148626,-0.03632737316
24.767591,-0.006181925535,-0.07718986273,0.1006305218,0.1877151728,-0.1739112288,-0.06701812148,-1.876680315,0.03008268347,-0.0350570039
24.777647,0.01169523597,-0.132717669,0.1117368937,0.2265773565,-0.2140160352,-0.04102167115,-1.878650939,0.02990800512,-0.03274963732
24.787703,0.02804042399,-0.1116735935,0.1475758553,0.1810299754,-0.2268089354,0.03056598827,-1.880989165,0.02933838578,-0.03078615205
24.797759,0.0356927067,-0.07100021839,0.03712321818,0.1429422349,-0.1954089254,0.0789937079,-1.883177627,0.02823672978,-0.02936629998
24.807815,-0.023413077,-0.1288093328,0.06552244723,0.0513124615,-0.1551272869,0.1077524349,-1.884946967,0.02706845305,-0.02872565017
24.81787,-0.05832774937,-0.1296566129,0.1339472681,-0.03689036518,-0.10457436,0.166762501,-1.886269183,0.0257611838,-0.0291149064
24.827926,-0.05477666855,-0.1108794212,0.1571722031,-0.07121505588,-0.07048616558,0.2207097709,-1.887101597,0.02405973777,-0.03028707656
24.837982,-0.06185781956,-0.1111471057,0.1512409449,-0.03188016266,-0.04238475487,0.2686317563,-1.887664378,0.02187107785,-0.03170886299
24.848038,-0.08411198854,-0.03453671932,0.0436925739,0.03195962682,-0.01492889877,0.258687526,-1.887963777,0.01939390308,-0.03272312191
24.858094,-0.09775242209,0.008545339108,-0.07090745866,0.1234855428,0.04675257206,0.2141291052,-1.887802213,0.01692069919,-0.03271610872
24.86815,-0.08302097023,0.008231163025,-0.02050340176,0.1382137984,0.06196322292,0.1801991612,-1.887261221,0.01466637681,-0.03211043974
24.878206,-0.01639649272,0.03833115101,-0.01394890249,0.1340731233,0.07758904994,0.1731351167,-1.886556024,0.01254654221,-0.03138023809
24.888261,0.01895283163,0.05655795336,-0.002458937466,0.07650978118,0.06180875748,0.1661971062,-1.88581999,0.01063874466,-0.03093416299
24.898317,0.01530589163,0.04499274492,0.02706848085,0.03378655016,-0.01227878686,0.1365787536,-1.885596643,0.00911237226,-0.03098833633
24.908373,0.002591252327,0.09143793583,-0.02491533756,0.03918997198,-0.06978882104,0.08616685122,-1.886012769,0.008013738032,-0.03107302912
24.918429,0.01448595524,0.101814568,-0.0604775995,0.09323936701,-0.08388386667,0.05154655874,-1.88683802,0.007221778372,-0.03070556572
24.928485,0.0260065496,0.1026499271,-0.08059416711,0.1321802288,-0.08560759574,0.03698676452,-1.887682112,0.006458868228,-0.02975321511
24.938541,0.03123627603,0.1046482325,-0.09702181816,0.1547611803,-0.1207527965,0.0005398071953,-1.888715258,0.005857721243,-0.028449737
24.948597,-0.004809871316,0.05365765095,-0.1029391289,0.1607605666,-0.1429278851,-0.01676157862,-1.890053931,0.005480876323,-0.02688712913
24.958652,-0.03867293894,0.01056832075,-0.0569075346,0.09031063318,-0.145393163,0.007259868085,-1.891506185,0.005145175236,-0.02561302665
24.968708,-0.01275147498,-0.07220947742,0.06522357464,0.003023447236,-0.1544400603,0.04198064283,-1.89296965,0.004728445425,-0.02522469569
24.978764,0.01093795896,-0.05996870995,0.0931019634,0.05202960595,-0.1590236276,0.0783905834,-1.894612218,0.004118781095,-0.02533387758
24.98882,0.02141466737,-0.001086473465,-0.03908253461,0.1172201931,-0.1580951065,0.07473520935,-1.896177705,0.003081907116,-0.02473268176
24.998876,-0.001936793327,-0.02464663982,-0.006783246994,0.1108970493,-0.1616323143,0.07536903769,-1.897803616,0.001965319494,-0.02383295658
25.008932,0.002835996449,-0.04492783546,0.006696581841,0.09889196604,-0.1386231482,0.08272106946,-1.899333462,0.0007958763692,-0.02300557717
25.018987,0.03006141633,-0.04166644812,0.0385741964,0.07357595861,-0.1113755405,0.1001967341,-1.900608782,-0.0004056515035,-0.02244356455
25.029043,0.03926122934,-0.03615045547,0.03212165087,0.02393054962,-0.08857248724,0.105214715,-1.901595839,-0.001579203746,-0.0222231801
25.039099,0.03471622616,-0.04173111916,0.04745196551,-0.06427201629,-0.06442853808,0.1233183518,-1.902387316,-0.002581427472,-0.02274775447
25.049155,0.03766291589,-0.05525302887,0.1006208509,-0.1268334985,-0.01692520455,0.1479890198,-1.902814457,-0.003498853434,-0.02416253662
25.059211,0.0344279632,-0.04568761587,0.1737699509,-0.1022101641,0.04817363992,0.1579729468,-1.902683218,-0.004541853066,-0.02583319603
25.069267,0.02847163379,-0.02426296473,0.2204012722,-0.02790526301,0.1348556578,0.147280544,-1.901800529,-0.005774362908,-0.02699035692
25.079323,0.04954194278,-0.008142352104,0.2459515333,0.1026996151,0.2696579397,0.1540971696,-1.899792807,-0.007346703787,-0.02710160809
25.089378,0.04020696133,0.04136323929,0.2728568316,0.1645507813,0.4207237661,0.1538184583,-1.896337168,-0.009262353856,-0.02627918814
25.09943404,0.0146522969,0.009737551212,0.3642221689,0.1641664803,0.6196823716,0.1672804803,-1.891152879,-0.01131300905,-0.02520515872
25.10949004,0.003310285509,-0.03993117809,0.4603403807,0.1790481806,0.9004417658,0.1994994432,-1.883543064,-0.01358444834,-0.02417881071
25.11954604,-0.0008678212762,-0.02076244354,0.5421680212,0.207943216,1.21182251,0.2242958695,-1.87289209,-0.01623587374,-0.02298591922
25.12960204,-0.003590874374,-0.01588523388,0.5787098408,0.2435169667,1.483261943,0.1943213791,-1.859294869,-0.01895231302,-0.02139184329
25.13965804,-0.02686259151,0.02809894085,0.5867829323,0.2602136433,1.641231537,0.1274778992,-1.843459615,-0.0212282838,-0.01940547725
25.14971404,-0.02480497956,0.0623639226,0.5424697399,0.2108993232,1.717242599,0.04158505797,-1.826510006,-0.02269396924,-0.01730823622
25.15976904,-0.0001191869378,0.1386643052,0.4088666439,0.1319832057,1.785442233,-0.04115030169,-1.808872121,-0.02310973173,-0.01564666055
25.16982504,0.02265047282,0.155411303,0.3360005617,0.05458686128,1.837477088,-0.1050800681,-1.790612724,-0.02260938794,-0.01460131512
25.17988104,0.02390034497,0.1522797942,0.3204046488,0.01167534757,1.851294637,-0.1350294501,-1.772059141,-0.02150708008,-0.01413394417
25.18993704,0.02423865348,0.1271554232,0.2387979031,-0.04295464978,1.906946898,-0.1576099843,-1.753175721,-0.02002525296,-0.01404083947
25.19999304,0.01358241588,0.05850291252,0.2350594997,-0.084885858,1.984945893,-0.1564232856,-1.733606532,-0.01836519982,-0.01441574946
25.21004904,0.01962044835,0.04702889919,0.2230429649,-0.08631846309,2.022336483,-0.1537918597,-1.713451602,-0.01669900748,-0.01507510925
25.22010504,0.021114856,0.05739969015,0.1140878126,-0.04167136177,2.015239239,-0.17352961,-1.693138525,-0.01500559361,-0.01550259305
25.23016004,-0.005146354437,0.05253779888,0.02446210384,-0.01764996164,1.964677334,-0.2238515168,-1.67311393,-0.01300460364,-0.01557068123
25.24021604,-0.01092268527,0.0385633707,-0.01106023788,-0.07320377231,1.896999121,-0.2745415866,-1.653683446,-0.01046565737,-0.01579482517
25.25027204,0.01235970855,0.05367469788,-0.02138853818,-0.1727729738,1.835574508,-0.2920047939,-1.634958907,-0.007510597531,-0.01678801055
25.26032804,0.05936768651,0.07134270668,-0.05672765523,-0.2471063286,1.849016547,-0.2728044689,-1.616501975,-0.004534174349,-0.0187719403
25.27038404,0.09692761302,-0.00596511364,-0.01644588262,-0.3112592697,1.9471035,-0.2372649014,-1.5974895,-0.001880885014,-0.02152080536
25.28044004,0.1301551014,-0.02939212322,0.07560860366,-0.2486044466,2.040504932,-0.1949952096,-1.577419731,0.0003297341754,-0.02441925233
25.29049604,0.1719445586,0.005148649216,0.05564463139,-0.08273895085,2.087803602,-0.1765879095,-1.5566655,0.002166829059,-0.02613079056
25.30055104,0.1824683547,0.05180227757,0.04071689397,0.04084024578,2.129117012,-0.1859553158,-1.535463659,0.003962275999,-0.02642203292
25.31060704,0.1874563545,0.06299102306,-0.01687848568,0.191449374,2.093100071,-0.2297461033,-1.51416529,0.006024755844,-0.02525626192
25.32066304,0.1767538637,0.05771130323,-0.002323750407,0.1917929053,1.970155597,-0.2985448837,-1.493747079,0.00885142951,-0.02343908758
25.33071904,0.1829247922,0.09671294689,-0.08357107639,0.09691012651,1.917876482,-0.3103275299,-1.474265687,0.01202913997,-0.02225479742
25.34077504,0.1676396281,0.04176026583,-0.0742982626,-0.07984121144,1.909989715,-0.2898310423,-1.455025106,0.0150310353,-0.02252523095
25.35083104,0.1300660521,-0.0316683054,-0.01456249133,-0.2212354392,1.902886152,-0.2763014138,-1.435843834,0.01765137688,-0.02445578737
25.36088604,0.100330621,-0.05877918005,-0.01124787703,-0.2389590442,1.931792378,-0.2540605664,-1.416548187,0.01993833484,-0.02721106983
25.37094204,0.08098092675,-0.02632474899,-0.04790414125,-0.1291547418,1.960653067,-0.2543751001,-1.396901369,0.0221441548,-0.02947110758
25.38099804,0.07852102816,-0.01630592346,-0.03916466609,-0.01473735087,1.963694096,-0.2703892291,-1.37714349,0.02459923529,-0.03067174954
25.39105404,0.08406899869,0.000279545784,-0.02935695648,0.06653100252,1.96383357,-0.2827930152,-1.357407999,0.02738133536,-0.03101352274
25.40111004,0.08951242268,-0.01195579767,0.005440114066,0.06883437186,1.980079651,-0.2832721174,-1.337575217,0.03031136513,-0.0309033389
25.41116604,0.08355879784,0.007376551628,0.1054323912,-0.00867284555,1.997342825,-0.2843160629,-1.317567122,0.03316378475,-0.03127589227
25.42122204,0.07165102661,0.07070243359,0.1461805105,-0.07583696395,2.038687468,-0.2563107908,-1.297253661,0.03570545358,-0.03238936008
25.43127704,0.08537130058,0.02599960566,0.1532263756,-0.1736119986,2.082097292,-0.2342325002,-1.276507828,0.03766068061,-0.03434561394
25.44133304,0.07930897176,-0.07736605406,0.1072928905,-0.2518362403,2.155378103,-0.2430409044,-1.255081561,0.03927716626,-0.03715369467
25.45138904,0.06158788502,-0.03303301334,0.1078255177,-0.159204036,2.165488482,-0.221235618,-1.233204867,0.04081829241,-0.0399347321
25.46144504,0.1080644876,0.007197320461,-0.008855462074,-0.04292695597,2.101135254,-0.1716478318,-1.211636955,0.04231754796,-0.04158379654
25.47150104,0.1242673248,-0.007918000221,-0.1273286343,-0.02072014287,1.970580339,-0.188733682,-1.191105739,0.04386724598,-0.04246638368
25.48155704,0.07629135251,-0.0614413023,-0.1692928076,-0.1448090672,1.827224016,-0.2437519282,-1.171952718,0.04558088262,-0.04401100415
25.49161304,0.04790833592,-0.06446403265,-0.1720847487,-0.3168547451,1.715415239,-0.2640396953,-1.154034063,0.04699718343,-0.04719654094
25.50166804,0.0566483736,-0.04056406021,-0.1521218419,-0.4299053848,1.650992036,-0.236247763,-1.136939213,0.04768518368,-0.05176762827
25.51172404,0.05689193308,-0.03138363361,-0.1117252111,-0.4464962184,1.628794789,-0.2088659108,-1.120224603,0.04778553374,-0.05676131438
25.52178004,0.05082011223,-0.0468044281,-0.1077896357,-0.3444443941,1.597988725,-0.1868287772,-1.103808677,0.04771910488,-0.06134389123
25.53183604,0.0703432858,-0.04426276684,-0.1783742905,-0.2174652964,1.534559965,-0.1640388519,-1.087875493,0.04796029477,-0.06472138667
25.54189204,0.09353202581,-4.96E-05,-0.1756654978,-0.103445515,1.461321235,-0.1439287961,-1.072722695,0.04855444073,-0.06689171911
25.55194804,0.1076220125,-0.01010209322,-0.1843998432,-0.0792677924,1.391121507,-0.09492751211,-1.058352316,0.04911233035,-0.06831835191
25.56200404,0.1064639837,-0.06140869856,-0.1585505605,-0.14578183,1.328841686,-0.06827992201,-1.044604824,0.04923590705,-0.06973435725
25.57205904,0.09046193957,-0.05340707302,-0.1031751037,-0.2170371413,1.297445178,-0.05374830216,-1.031377523,0.04882926227,-0.07165893863
25.58211504,0.07621414959,-0.04288882017,-0.07586503029,-0.2701821327,1.352784872,-0.03595838696,-1.017990724,0.04791561612,-0.07403301033
25.59217104,0.06491476297,-0.05579131842,0.04018241167,-0.3075435162,1.44454515,-0.02167628333,-1.003809145,0.04657940592,-0.07669470932
25.60222704,0.07185478508,-0.04729837179,0.1450207233,-0.2883991301,1.55221355,0.01275625918,-0.9886439591,0.04493449665,-0.07930041645
25.61228304,0.08876311779,-0.03904438019,0.1505126953,-0.2605926692,1.670591712,0.03310448676,-0.9723537283,0.04317152971,-0.08142514766
25.62233904,0.09320932627,-0.04220336676,0.1885002255,-0.2593029141,1.767510056,0.03429145738,-0.9549714951,0.04139558432,-0.08338783042
25.63239404,0.09260687232,-0.02966916561,0.1791787148,-0.1870290488,1.813888669,0.03603129834,-0.9368552587,0.03975686882,-0.08501645695
25.64245004,0.1034418195,-0.007575154305,0.1655722857,-0.1545310318,1.831905484,0.02870601043,-0.9184862719,0.03849345006,-0.08621585564
25.65250604,0.1170561016,0.001314938068,0.172655642,-0.2178811878,1.870317817,0.06027711928,-0.8998679362,0.03697525311,-0.08736853569
25.66256204,0.1053822041,-0.0544911623,0.2473061681,-0.3443379402,1.890658975,0.06377438456,-0.8809294872,0.03476280107,-0.08916228784
25.67261804,0.09938575327,-0.0500344038,0.2730497718,-0.4479807317,1.960877419,0.09371606261,-0.8615376779,0.03156284458,-0.09175129002
25.68267404,0.0810738802,-0.033180058,0.2750962377,-0.5491438508,2.080611467,0.1222616881,-0.8411334959,0.02745234216,-0.09481267884
25.69273004,0.06840251386,-0.04717171192,0.3133327365,-0.5654950738,2.162563562,0.1360316128,-0.8196944233,0.02264446781,-0.0981848436
25.70278504,0.08539395034,-0.0176461339,0.2134315968,-0.4359183908,2.182517052,0.1594349444,-0.7977682138,0.01801806979,-0.1008667551
25.71284104,0.113234207,0.03894358873,0.1144273281,-0.3236064017,2.176469088,0.1505611837,-0.7758357223,0.01425977494,-0.1024008545
25.72289704,0.1121758968,0.01919400692,0.09450680017,-0.3448901176,2.103268385,0.1399961561,-0.7542495182,0.01080275141,-0.1036932864
25.73295304,0.1147773415,-0.007439732552,0.03926312923,-0.3788972795,2.012378931,0.1327161938,-0.7335787276,0.007170961634,-0.1051777948
25.74300904,0.09085911512,0.03702449799,-0.05563092232,-0.3683778048,1.991851687,0.09603834152,-0.713498171,0.003676096768,-0.1067776203
25.75306504,0.04890419543,0.05054748058,-0.05898112059,-0.4565433264,2.001742601,0.06694021821,-0.6934527284,-3.57E-05,-0.1088420765
25.76312104,0.03773449361,0.03076380491,-0.04402530193,-0.5280481577,2.006287098,0.0374885872,-0.6733023833,-0.004245047719,-0.1116135016
25.77317604,0.05245308578,0.05280482769,-0.0725671649,-0.4767782688,1.979173422,0.0451285243,-0.6532564787,-0.008578494285,-0.114442371
25.78323204,0.07750363648,0.09387421608,-0.2073912024,-0.3151824474,1.955504537,-0.0002421502286,-0.6334997587,-0.01191411713,-0.1165955442
25.79328804,0.09028795362,0.1074157953,-0.2420618534,-0.2141327113,1.913045526,-0.03346844018,-0.6140414335,-0.01390963815,-0.1182422142
25.80334404,0.1042916179,0.1126674414,-0.1984742284,-0.2223043591,1.850770235,-0.05978180096,-0.5951677532,-0.01537580264,-0.1198444318
25.81340004,0.1106463373,0.09954088926,-0.1957836747,-0.263124913,1.810828328,-0.08744107187,-0.5768229637,-0.01701190262,-0.121809043
25.82345604,0.09952487051,0.0883000493,-0.2089189887,-0.2549495399,1.791246057,-0.1184906065,-0.558745602,-0.01871687062,-0.124130491
25.83351104,0.0919867903,0.09592223167,-0.2168652415,-0.1709704995,1.726336837,-0.1482244283,-0.5411196362,-0.01992349745,-0.1264850891
25.84356704,0.09514164925,0.1137256026,-0.2656279206,-0.007851615548,1.625941277,-0.181455344,-0.5242633035,-0.01988063944,-0.1283770284
25.85362304,0.08791483939,0.1254506707,-0.2597674727,0.1392376125,1.53398633,-0.1806520373,-0.5084402697,-0.01846851191,-0.1296710707
25.86367904,0.09109438956,0.1029757261,-0.2618399262,0.2208365947,1.448967934,-0.1712257862,-0.493472111,-0.01608331706,-0.1303968043
25.87373504,0.09390193224,0.07550829649,-0.2115871906,0.1714612395,1.378211617,-0.162364319,-0.4792149357,-0.013527045,-0.1309281857
25.88379104,0.0878213793,0.05619525909,-0.1384750605,0.03490259498,1.29706037,-0.1483726054,-0.465786132,-0.01187199527,-0.1318486082
25.89384704,0.08461864293,0.03493112326,-0.1373705268,-0.07523158938,1.249636292,-0.1438828558,-0.4530373971,-0.01147958982,-0.133272799
25.90390204,0.06607608497,0.007931828499,-0.1305786371,-0.08756415546,1.235585093,-0.153045997,-0.4405973552,-0.01166873379,-0.1349967338
25.91395804,0.04670470953,0.01972329617,-0.09516782314,-0.04978881031,1.242005825,-0.1752363145,-0.4281714362,-0.01162012338,-0.1367913287
25.92401404,0.03945951164,0.0360724926,-0.03186500818,-0.0229047332,1.242057443,-0.1826758534,-0.4156939564,-0.01120563517,-0.1385958749
25.93407004,0.04202099144,0.01760959625,0.001748085022,-0.02747174352,1.262431264,-0.1803257465,-0.4031376127,-0.01074609265,-0.1403932937
25.94412604,0.03524500132,0.01396405697,0.01729822159,-0.02130412869,1.296305656,-0.1860579401,-0.3902891445,-0.01028128643,-0.1421737438
25.95418204,0.02679656446,0.0132445097,0.03020334244,-0.02040646784,1.283618093,-0.1970764399,-0.3773154884,-0.009783004001,-0.1440582652
25.96423804,0.04652173817,0.04057127237,0.008403591812,-0.02848836221,1.210556388,-0.1928641051,-0.3647911769,-0.00934598888,-0.1459741109
25.97429304,0.075845927,0.03038024902,-0.05799853057,-0.05962284282,1.11898756,-0.1813472658,-0.35310335,-0.009116401005,-0.1478842371
25.98434904,0.07793420553,-0.01809042692,-0.0924545452,-0.1026544645,1.023638487,-0.1883910596,-0.342373148,-0.009264760367,-0.149927207
25.99440504,0.06205320358,-0.02050483227,-0.1067338511,-0.1323600858,0.9061373472,-0.191032514,-0.3326853891,-0.00982994381,-0.1521300084
26.00446104,0.06470510364,-0.02121412754,-0.1277043223,-0.1593741179,0.7952007055,-0.1809753478,-0.3241614075,-0.01065758568,-0.1544014889
26.01451704,0.06256306171,-0.03220564127,-0.1304911971,-0.183240965,0.7006610632,-0.1674177945,-0.3166829433,-0.0117597636,-0.1566181367
26.02457304,0.05337908864,-0.04884588718,-0.1014109254,-0.2336127907,0.6266344786,-0.1519384384,-0.3100756848,-0.01329077566,-0.1587828488
26.03462904,0.04269345105,-0.05102622509,-0.07125645131,-0.2836456597,0.587508738,-0.1349107474,-0.3040066909,-0.01536018656,-0.1609507708
26.04468404,0.0366948843,-0.06118023396,-0.01953148097,-0.2671348453,0.555129528,-0.1280104965,-0.2983070272,-0.01767843722,-0.1630475987
26.05474004,0.03370065987,-0.0555061698,0.02413708717,-0.2401542366,0.5296307206,-0.1194316819,-0.2929070254,-0.01978784305,-0.16498276
26.06479604,0.0384991467,-0.01260703802,0.03577721119,-0.2331123054,0.5156033039,-0.1077425331,-0.2876782772,-0.02175150409,-0.1667538919
26.07485204,0.0587322861,-0.005611896515,0.05251669884,-0.2428486496,0.4300055504,-0.1029026136,-0.2829545688,-0.02375308426,-0.1684402951
26.08490804,0.07570053637,-0.03024339676,0.01399738342,-0.2652985454,0.3642126918,-0.0951943621,-0.2790536125,-0.02595228382,-0.1700920459
26.09496388,0.07557611167,-0.03727084398,-0.07165502757,-0.2479218692,0.36350137,-0.09171931446,-0.2754508927,-0.02820466538,-0.1717187626
26.10501888,0.05783414841,-0.02204376459,-0.05213397741,-0.2126656175,0.3499514759,-0.08618179709,-0.2719140383,-0.03025703696,-0.1732269716
26.11507488,0.04727017879,-0.008357167244,-0.03075027466,-0.179192394,0.326222837,-0.06419412792,-0.2685597627,-0.03189908115,-0.1744720075
26.12513087,0.03844514489,-0.02556443214,-0.01780277491,-0.1767635792,0.3278694749,-0.03221169487,-0.265318159,-0.03349915138,-0.1754096127
26.13518687,0.02663169801,-0.03486943245,-0.01573944837,-0.2063305825,0.3423425555,0.006511440035,-0.2619626372,-0.03524684472,-0.1760444829
26.14524287,0.01618529856,-0.04430145025,0.01141113043,-0.2557401955,0.3423513472,0.03583018109,-0.258529827,-0.03754576116,-0.1764383788
26.15529888,0.01035636663,-0.0486497283,0.006439685822,-0.3296098709,0.3431227207,0.07074243575,-0.2550637082,-0.04053916139,-0.1766865079
26.16535488,0.01721997559,-0.04883611202,0.003124780953,-0.2962311208,0.3270367086,0.0568966642,-0.251667151,-0.04386698312,-0.1768331082
26.17540988,0.01886476576,-0.05204415321,0.003135554492,-0.1907771677,0.2641380131,0.03860370442,-0.2487374485,-0.04634061448,-0.176928107
26.18546588,0.0309663564,0.04271662235,-0.06781870127,-0.03064183891,0.2553637028,0.05678616837,-0.2462050975,-0.04752667827,-0.1767508577
26.19552188,0.02490448952,0.1031479836,-0.1163477302,0.09018272161,0.2647687793,0.05502201244,-0.2436222614,-0.04733269889,-0.1761083259
26.20557788,0.01276858151,0.04102438688,-0.108546555,0.03360412642,0.2781202793,0.0738825202,-0.2408454654,-0.0468183425,-0.1753189684
26.21563387,0.006759375334,-0.003535330296,-0.1225541234,-0.1509527266,0.3535808325,0.1160480008,-0.2376797657,-0.04756506711,-0.1745163783
26.22568987,-0.009254023433,0.02078998089,-0.1111478209,-0.3083031774,0.4755445421,0.1698624939,-0.2334749599,-0.05020388228,-0.1736630172
26.23574588,-0.01253740489,0.07513946295,-0.08110653609,-0.2792225778,0.5430438519,0.1711119264,-0.2282782107,-0.05369162648,-0.172645603
26.24580088,-0.02381916344,0.01694077253,0.04123967886,-0.05420064926,0.4509631693,0.06724517792,-0.2232072762,-0.05565267636,-0.1718091636
26.25585688,-0.0002697557211,0.02083301544,0.007865313441,0.0162980184,0.3758476377,0.03509256616,-0.2191007919,-0.05587412436,-0.17140425
26.26591288,0.0407538563,0.1603374481,-0.09537721425,0.1446658373,0.4013854861,0.06117876247,-0.2151663334,-0.0552437659,-0.1707767247
26.27596888,0.0428480655,0.1441860795,-0.1287007928,0.2710104585,0.3605414033,0.033126086,-0.211325291,-0.05320562532,-0.1698296369
26.28602488,0.02008296549,0.04960411787,-0.1515524983,0.2218961865,0.3619976044,0.04127669334,-0.2076696461,-0.05075064724,-0.1689456103
26.29608087,-0.004706680775,0.008604943752,-0.1138195992,0.1435358673,0.3780391514,0.02421754599,-0.2038667957,-0.04895109984,-0.1681867193
26.30613687,-0.01557923853,0.0113517046,-0.06411427259,0.05225122347,0.3315086663,-0.01036999188,-0.2003293985,-0.04810677246,-0.1679776516
26.31619188,0.00219219923,0.008519589901,-0.07555044442,0.01416562498,0.2887074351,-0.001006956794,-0.1972182034,-0.04790637927,-0.1679779903
26.32624788,-0.004556953907,-0.003009080887,0.002259008586,0.05558630452,0.2222823203,-0.05849288404,-0.1946080655,-0.04746401631,-0.168157026
26.33630388,-0.01231275499,0.04568386078,0.08061051369,0.01436194405,0.15589118,-0.07126804441,-0.1927495002,-0.04700387369,-0.1687504042
26.34635988,0.003028213978,0.09268975258,0.04418897629,0.0473025851,0.08549930155,-0.06933218986,-0.1915796364,-0.04662238311,-0.1693403496
26.35641588,0.01551310718,0.02265584469,-0.04587494582,0.08239226043,0.0362916775,-0.1052911282,-0.190891271,-0.04578588979,-0.1701115251
26.36647188,0.00296638906,-0.01263999939,-0.02652859688,0.03557015955,0.03209879994,-0.1214011163,-0.1906056435,-0.04493306229,-0.1711336046
26.37652687,-0.009058237076,0.006286501884,0.01389892399,-0.03276078403,0.04188697785,-0.120060958,-0.1902904084,-0.04472318829,-0.1723023045
26.38658287,-0.007203221321,-0.002586424351,0.00118149817,-0.05451241881,0.0445882231,-0.1144360974,-0.1896712047,-0.04487704509,-0.1734445595
26.39663888,-0.005453258753,-0.008718729019,-0.001594543457,-0.1107086614,0.1118386313,-0.1083244681,-0.1888938358,-0.04550078304,-0.1747220225
26.40669488,-0.007328376174,-0.03935188055,0.06842720509,-0.1520284116,0.1226721108,-0.1335475296,-0.1877908422,-0.04660545316,-0.1761840395
26.41675088,-0.02234491706,-0.05330371857,0.1524447799,-0.2167425156,0.1286277324,-0.1336955577,-0.1866216774,-0.04825054096,-0.1778431896
26.42680688,-0.0236286968,-0.02024167776,0.1852344871,-0.1835363656,0.1254814714,-0.1299263835,-0.1852799162,-0.05003278864,-0.1795516321
26.43686288,-0.01587863266,0.0007309317589,0.1289576888,-0.1304897964,0.1462012678,-0.1303358823,-0.1840343181,-0.05131448028,-0.1811883106
26.44691788,-0.005084916949,-0.03068757057,0.08574098349,-0.1583456397,0.17049703,-0.1165076941,-0.18250598,-0.05243397141,-0.1826244502
26.45697387,-0.01220217347,-0.06805843115,0.05608934537,-0.2263495624,0.2379538268,-0.06339760125,-0.1805422857,-0.05425925074,-0.1839438562
26.46702987,-0.017805323,-0.08450269699,0.03722334281,-0.2546786666,0.250112772,-0.05259342492,-0.1781277206,-0.05646121836,-0.1849539464
26.47708587,-0.01108783484,-0.07476079464,0.03698283434,-0.3192708492,0.2949743569,-0.001964895753,-0.1754105843,-0.05928369607,-0.1858005102
26.48714188,-0.001819089055,-0.08173590899,0.007836572826,-0.3392213881,0.3094827235,0.0341190733,-0.1724490598,-0.06266746447,-0.1862505588
26.49719788,-0.003861680627,-0.1123269796,0.015117459,-0.2841174603,0.3063585758,0.04248656705,-0.1693596786,-0.06595888653,-0.1864278084
26.50725388,-0.006134569645,-0.1078113914,0.04518533126,-0.2414014339,0.2873633206,0.05588705838,-0.1663479501,-0.06875666867,-0.1864180497
26.51730888,0.009224876761,-0.07405859232,0.009313583374,-0.2456261814,0.2680633664,0.1072469205,-0.1635282925,-0.07132871832,-0.1860196753
26.52736488,0.02387624979,-0.09508353472,-0.03060859442,-0.246735394,0.2407132685,0.1445165277,-0.160879486,-0.07391763099,-0.1851175388
26.53742087,0.01653063297,-0.127420187,-0.04925394058,-0.2516533434,0.1947904974,0.1723066121,-0.1585736002,-0.0767315836,-0.1839600748
26.54747687,0.01383645833,-0.1020041108,-0.1056138277,-0.2441935837,0.1736697704,0.2106100619,-0.1566113378,-0.07954296573,-0.1824711887
26.55753287,0.01955094934,-0.09168481827,-0.1218298674,-0.2078256756,0.1141288206,0.255946815,-0.1549545025,-0.08213722217,-0.1804815754
26.56758888,0.02590838075,-0.1113882661,-0.1171343327,-0.2066826522,0.02480826154,0.2911143899,-0.1540488458,-0.08459734493,-0.1780718125
26.57764488,0.02051135898,-0.1078743935,-0.1451348066,-0.1457673162,-0.0398491621,0.3231437504,-0.1538715061,-0.08686678629,-0.1752957021
26.58769988,0.01577167213,-0.08257818222,-0.1719195843,-0.03508021683,-0.1080577821,0.3475399017,-0.1543622475,-0.08837942593,-0.1721098957
26.59775588,0.01717355847,-0.05290353298,-0.1934731603,0.1097778082,-0.201448977,0.3773348033,-0.1555838973,-0.08853906616,-0.1684264535
26.60781188,0.03381612897,-0.02814489603,-0.236084938,0.2073773444,-0.301099956,0.4202471077,-0.1577431244,-0.08755479952,-0.1642079138
26.61786788,0.05244848132,-0.05736351013,-0.2534177899,0.2571211755,-0.4156998992,0.451467067,-0.1609476623,-0.08594189656,-0.1594856386
26.62792387,0.06246647239,-0.1037884951,-0.2804319859,0.2668337226,-0.5116524696,0.46509552,-0.1651745721,-0.08404218413,-0.1544825045
26.63797987,0.06742465496,-0.08073598146,-0.2897390723,0.2308413535,-0.6103287339,0.4821908474,-0.1703851367,-0.08236341682,-0.1493574594
26.64803488,0.08692491055,-0.07447129488,-0.3024063706,0.1753085852,-0.7149739265,0.5013024807,-0.1766178194,-0.08116543778,-0.1440848876
26.65809088,0.1108328104,-0.1039789319,-0.2719703317,0.06983150542,-0.7957561016,0.4977034628,-0.1838051368,-0.08086410218,-0.1389078242
26.66814688,0.1212733686,-0.08443367481,-0.2179858088,-0.000214157626,-0.8912901282,0.5089841485,-0.1918643171,-0.08150450424,-0.1338668357
26.67820288,0.1485090554,-0.02648943663,-0.2014119625,0.022226125,-1.006792426,0.5533177257,-0.20093865,-0.0824918571,-0.1285940414
26.68825888,0.1663612723,0.01431399584,-0.2113797069,0.1920268685,-1.136249423,0.5806196928,-0.2112337627,-0.08266996062,-0.1227552841
26.69831488,0.1475513726,0.02058660984,-0.2460875511,0.3375971019,-1.210204482,0.5980452299,-0.2225272706,-0.08123909663,-0.116346365
26.70837087,0.1243855804,0.03170162439,-0.2325532436,0.3527563214,-1.287676692,0.6175579429,-0.2345269794,-0.07914094921,-0.1095615444
26.71842587,0.125451684,-0.0008108615875,-0.2478278875,0.1942806244,-1.375165105,0.5970929861,-0.247458995,-0.07783453845,-0.1029459379
26.72848188,0.1248335391,-0.02872252464,-0.2084236145,-0.01878185011,-1.379954219,0.5861939788,-0.2608590096,-0.07845765816,-0.09692437226
26.73853788,0.1176932305,-0.03143358231,-0.1208397746,-0.1987424791,-1.409719825,0.5963045955,-0.2744213101,-0.08117475007,-0.09152334292
26.74859388,0.1380447596,0.04540336132,-0.09604501724,-0.2058528513,-1.483855844,0.6027920246,-0.2885310472,-0.08485878048,-0.08627750931
26.75864988,0.1486042589,0.08163613081,-0.07923388481,-0.09079940617,-1.550327539,0.5920398235,-0.3033318939,-0.08810764516,-0.0809599545
26.76870588,0.1346579194,0.08014583588,-0.03319191933,0.01663384214,-1.610875607,0.5730013847,-0.3187318073,-0.0902644312,-0.0754800612
26.77876188,0.1201211587,0.09001922607,-0.01237267256,0.1085576415,-1.641439795,0.5655199885,-0.3345870639,-0.09145619192,-0.06980441446
26.78881687,0.1096817926,0.0801666379,0.004139721394,0.2021778673,-1.669469595,0.5538764,-0.3507182882,-0.09186426653,-0.06397136291
26.79887287,0.09169077873,0.07924818993,0.005597652867,0.2494143099,-1.645843863,0.5442185998,-0.3668551988,-0.09163976505,-0.05794321212
26.80892887,0.07134924829,0.06653881073,0.0149015151,0.2661802471,-1.674294353,0.5402696729,-0.3830158166,-0.0912109585,-0.05193432009
26.81898488,0.07188016921,0.04313910007,-0.02165997028,0.1932054162,-1.695320725,0.5299704671,-0.3994913116,-0.09110347405,-0.04599342289
26.82904088,0.07216319442,0.008753061295,-0.04151201248,0.1194249392,-1.709422708,0.5119512677,-0.4161765282,-0.09171544437,-0.0405632551
26.83909688,0.07249034196,0.01685482264,-0.0326409936,0.06692550331,-1.758903384,0.4860080183,-0.4331246681,-0.09297587592,-0.03556935118
26.84915188,0.07757023722,0.02421009541,-0.07571732998,0.04236397147,-1.838653326,0.4377858937,-0.4506682451,-0.09476582351,-0.03132062267
26.85920788,0.08030208945,0.03988492489,-0.04225438833,0.007183748297,-1.912836075,0.3955205977,-0.4690312566,-0.09648487378,-0.02744068112
26.86926387,0.0809975192,0.05886763334,-0.01223492436,-0.0173128061,-2.008227348,0.3554522693,-0.4883388234,-0.09842532798,-0.02414806121
26.87931987,0.0779755488,0.07953232527,-0.066873312,0.003207516158,-2.107607126,0.3161799014,-0.5086059557,-0.1002507698,-0.02133556398
26.88937587,0.08356686682,0.1373716593,-0.1959688663,0.1005447283,-2.14509058,0.3149545789,-0.5295876492,-0.1013388296,-0.01827766746
26.89943188,0.09888917953,0.1259986758,-0.2606505752,0.1395701915,-2.222989321,0.2663790882,-0.5511349151,-0.1018384401,-0.01506913998
26.90948788,0.100301303,0.07666391134,-0.2736397386,0.09096750617,-2.271024942,0.2145654112,-0.57338419,-0.1021976664,-0.01245671528
26.91954288,0.08333814889,0.1062674522,-0.240116179,0.002404129365,-2.327712059,0.231801793,-0.5961671645,-0.1028812188,-0.01012907968
26.92959888,0.06998133659,0.04940646887,-0.2016884089,-0.2182044089,-2.373334408,0.1895209104,-0.6196214532,-0.1049535325,-0.008931212855
26.93965488,0.07551889122,-0.08780276775,-0.1273524761,-0.2468654811,-2.526744366,0.2201260924,-0.6441767625,-0.1080259031,-0.008665948295
26.94971088,0.08151340485,0.009563565254,-0.1610333323,-0.1331921816,-2.732017517,0.2271317989,-0.6704809411,-0.1109739116,-0.008135781557
26.95976687,0.1100316048,0.05615353584,-0.2726506591,0.01423349045,-2.991524935,0.307487458,-0.6990932802,-0.1131646083,-0.0065400461
26.96982287,0.1456225216,0.01484817266,-0.3763781786,0.159268707,-3.186061382,0.4024209082,-0.7297689834,-0.1147259372,-0.003046016192
26.97987888,0.1560406685,-0.105625391,-0.3683680296,0.03828329965,-3.318331003,0.4558097422,-0.7620659882,-0.1167585843,0.0009246288235
26.98993388,0.17165941,-0.2414221168,-0.2908811569,-0.1773222238,-3.365084171,0.5468400717,-0.7953718068,-0.1208970738,0.004000759149
26.99998988,0.1910851598,-0.3030413985,-0.2542676926,-0.3127793968,-3.310451269,0.6230065227,-0.8287703635,-0.1269322903,0.006195122013
27.01004588,0.2220807374,-0.2119206786,-0.2144700289,-0.3840059042,-3.190932274,0.5977264643,-0.8612765044,-0.1338211477,0.007729076249
27.02010188,0.2882856727,-0.1102175117,-0.08839046955,-0.5606461763,-3.091691971,0.5615595579,-0.8927760709,-0.1413128014,0.007894177183
27.03015788,0.3719408214,-0.1093418598,0.08642041683,-0.6126456857,-3.095093727,0.4524359405,-0.9240314911,-0.1490493847,0.006357403751
27.04021387,0.4213777184,-0.01692575216,0.1726214886,-0.5838502645,-3.061462879,0.3723072112,-0.9554307797,-0.1559699894,0.00379649706
27.05026987,0.4315060973,0.2082185745,0.2631552219,-0.4692187309,-3.007407665,0.3286521435,-0.9863514921,-0.1618675917,0.001408623643
27.06032488,0.4103934467,0.3330824375,0.3242276907,-0.3393179774,-2.968993187,0.2711157501,-1.016725897,-0.1666128035,-0.000390850708
27.07038088,0.3705670834,0.1987988949,0.2707109451,-0.3807373047,-2.860081196,0.1851521134,-1.04635346,-0.1703610727,-0.002198297238
27.08043688,0.3349068165,0.09355020523,0.2677052021,-0.5163295269,-2.677768469,0.08659045398,-1.074816218,-0.1737231604,-0.005498471569
27.09049288,0.2966279387,0.06644499302,0.2966618538,-0.5471012592,-2.47175169,0.02829066478,-1.101494289,-0.1767480219,-0.01017678246
27.10054913,0.2662065625,0.06347358227,0.2949994802,-0.4308445156,-2.282001972,-0.01383918524,-1.126157271,-0.1789379923,-0.01459308892
27.11060513,0.2207696438,0.07189941406,0.3266119957,-0.3095793426,-2.150538206,-0.03967317939,-1.148989167,-0.1803159055,-0.01816747665
27.12066013,0.1689891964,-0.008819937706,0.3259404898,-0.226202473,-2.084858894,-0.08978718519,-1.17078933,-0.1807428262,-0.02087155128
27.13071613,0.1030790433,0.03154587746,0.369641304,-0.1717754453,-1.987825394,-0.07389077544,-1.191651934,-0.1807284133,-0.02301868854
27.14077212,0.05813100934,0.0916274786,0.3434212208,-0.1001802981,-1.936401486,-0.04228856415,-1.211662018,-0.1807341868,-0.02462483706
27.15082812,0.03441451117,0.03390407562,0.1914223433,0.01728800498,-1.907191396,-0.04964900762,-1.231080483,-0.1804086086,-0.02501901455
27.16088412,-0.01898139529,0.04089343548,0.1634656191,-0.04110606387,-1.861722827,-0.05466458946,-1.250095361,-0.1799184031,-0.02524331538
27.17094013,-0.06405275315,0.01823234558,0.1253340244,-0.09314423054,-1.822000384,-0.04995851964,-1.268753267,-0.1796614135,-0.02604386404
27.18099613,-0.1073589697,-0.01834082603,0.04458129406,-0.1519293785,-1.723793387,-0.07736844569,-1.286835767,-0.1793655019,-0.02737973136
27.19105113,-0.1244815588,0.03047198057,0.01393294334,-0.2135493308,-1.629867196,-0.1248297021,-1.304002469,-0.1788953166,-0.02940588948
27.20110713,-0.07471386343,0.0276773572,0.1061106995,-0.1908583641,-1.621116161,-0.1393779814,-1.320751644,-0.1781552869,-0.03187738558
27.21116313,-0.003060138784,0.05842387676,0.1287503242,-0.02041658759,-1.575541258,-0.1387329698,-1.337125829,-0.1770847953,-0.03333631902
27.22121913,0.03994352371,0.160603106,0.09503650665,0.1794513911,-1.490573645,-0.1300062537,-1.35245494,-0.175570171,-0.03284535533
27.23127512,0.07316844165,0.1851861477,0.1199954599,0.4468559325,-1.457210064,-0.1450131685,-1.366746191,-0.1736347524,-0.02993643162
27.24133112,0.07938394696,0.1272611022,0.1012878269,0.6603948474,-1.393967032,-0.1999617368,-1.380196909,-0.1708290962,-0.02464019197
27.25138713,0.04675120488,0.1332020164,0.07516728342,0.7247589231,-1.285231233,-0.257974714,-1.392562304,-0.1672978835,-0.01798837104
27.26144213,0.02213907987,0.1113399267,0.03711366653,0.6175196767,-1.155400872,-0.3174277544,-1.403777491,-0.1632345593,-0.01153860094
27.27149813,0.02201874368,0.03791224957,0.1484206915,0.3902591467,-1.044911861,-0.3765371442,-1.414072676,-0.1590143553,-0.007118642993
27.28155413,0.03283687681,-0.009794175625,0.2384597063,0.3175124526,-0.9815346599,-0.4382815957,-1.42383168,-0.1544708726,-0.004259636466
27.29161013,0.06777023524,0.09350472689,0.235183239,0.3896878362,-0.9440360069,-0.4863148928,-1.433059235,-0.1493499675,-0.001511993656
27.30166613,0.1233619079,0.2273389697,0.2067097425,0.4335023463,-0.9725654125,-0.4776319861,-1.442121994,-0.1439359135,0.002131587125
27.31172212,0.1824160516,0.208732307,0.211327672,0.4171734452,-1.027211905,-0.4345015585,-1.451614256,-0.1388613215,0.005687616233
27.32177712,0.1868214905,-0.01711910963,0.1435463428,0.1720725596,-0.9903954268,-0.4144819677,-1.461547272,-0.1342715352,0.008183933884
27.33183313,0.1278970987,-0.09826362133,0.1905750036,-0.02771031857,-0.9362834692,-0.3638914824,-1.471217537,-0.1302726674,0.008303826311
27.34188913,0.09984567761,-0.0429251194,0.09505151957,-0.00370875746,-0.9266153574,-0.3299163878,-1.480650907,-0.1268747806,0.007673542311
27.35194513,0.04645831883,-0.04913365841,0.03984856606,-0.009618844837,-0.9623568654,-0.3769171834,-1.490147864,-0.12335839,0.007307375784
27.36200113,-0.03391065821,-0.06940257549,0.0440655984,-0.09776645899,-0.9962003231,-0.398216635,-1.500103349,-0.1194933828,0.00648923133
27.37205713,-0.07599096,-0.07482659817,0.06549096107,-0.1552529186,-1.030996323,-0.4227510095,-1.510436244,-0.1154713077,0.00500560675
27.38211313,-0.08636339009,-0.08990985155,0.1144002676,-0.2059498727,-1.029875875,-0.4086875021,-1.521093923,-0.1113827513,0.002844680855
27.39216812,-0.05546945333,-0.01862615347,0.1063005924,-0.139787361,-1.059029818,-0.368584007,-1.531789354,-0.1075842462,0.0008430345704
27.40222412,-0.02839259431,0.0192579031,0.06427598,-0.06644834578,-1.157572031,-0.3336467445,-1.543033789,-0.1040934551,-0.0003515042391
27.41228013,-0.03306584433,-0.02615201473,-0.05176389217,-0.03957812116,-1.196207762,-0.3263198435,-1.555024154,-0.1008141388,-0.0008197664491
27.42233613,-0.06039390713,-0.07722473145,-0.07772195339,-0.1503398865,-1.192781091,-0.323928237,-1.567139027,-0.09755660877,-0.001754036858
27.43239213,-0.04048421979,-0.1122312546,0.01077079773,-0.2772592008,-1.233297348,-0.3058959842,-1.579501386,-0.09437769291,-0.003934826019
27.44244813,0.0309135206,-0.09889888763,0.03678821772,-0.3770365417,-1.260277271,-0.2886989415,-1.592398049,-0.09134492059,-0.007302852718
27.45250413,0.0768808797,-0.04487401247,-0.04550588131,-0.3984496891,-1.24600935,-0.3048720658,-1.605325075,-0.08831508883,-0.01113038433
27.46255913,0.05988933891,-0.004173159599,-0.07686257362,-0.2790537477,-1.219750762,-0.371230185,-1.61801326,-0.0848264794,-0.01444860887
27.47261512,0.03684036434,0.002019882202,-0.08691405505,-0.147040844,-1.273131967,-0.4577682614,-1.630633991,-0.08050269785,-0.01641753185
27.48267112,0.07038152218,0.05872678757,-0.1117063686,-0.05401130021,-1.338856578,-0.4129936397,-1.64375835,-0.07603147192,-0.01711060726
27.49272712,0.1211869642,0.1012635827,-0.1428806782,-0.0109783439,-1.483440995,-0.3759061992,-1.657874427,-0.0720893742,-0.01694216241
27.50278313,0.1544448733,-0.01461219788,-0.1432815939,0.004398437217,-1.716383696,-0.3242231309,-1.673934134,-0.06857991593,-0.01667619862
27.51283913,0.1489374042,-0.04602319002,-0.2662761211,0.005483143032,-1.994207144,-0.2843361795,-1.692544457,-0.06557821966,-0.01629522434
27.52289413,0.07219226658,-0.1012204289,-0.3548364639,-0.08494275808,-2.243727922,-0.2795928419,-1.713870691,-0.06268355142,-0.0162418041
27.53295013,-0.01383069158,-0.2013112307,-0.3687776327,-0.2644049227,-2.399159193,-0.2161901593,-1.737347499,-0.05992830445,-0.01759402122
27.54300613,-0.04441579431,-0.2392978072,-0.3470935822,-0.3685881495,-2.480542183,-0.147931844,-1.762069849,-0.05762168006,-0.0203160841
27.55306212,-0.03147941083,-0.2522531748,-0.2823011875,-0.3201958537,-2.511767149,-0.03920403495,-1.78739515,-0.05602485419,-0.02356018008
27.56311812,0.0004075691104,-0.2307978868,-0.2152452469,-0.1799711734,-2.473106384,0.03153852001,-1.812677184,-0.0553517287,-0.02614949397
27.57317412,0.04453711212,-0.1746350527,-0.1604440212,0.04339506105,-2.385628939,0.08272767812,-1.837120463,-0.05577520273,-0.02693793155
27.58323013,0.1146214455,-0.09991234541,-0.05245614797,0.1857836694,-2.37469101,0.1076849848,-1.860963943,-0.0570686335,-0.02604697651
27.59328513,0.1734874845,-0.03330135345,0.04463947564,0.1800924987,-2.374148846,0.1316851228,-1.884871085,-0.05876215392,-0.02460370629
27.60334113,0.1934152842,-0.01249980927,0.005423180759,0.081210576,-2.284143209,0.1400357932,-1.908299131,-0.06045439557,-0.02377329425
27.61339713,0.1860238314,-0.01399290562,0.0674996227,-0.03877602145,-2.166415453,0.1704922318,-1.930641844,-0.06199984382,-0.02411571261
27.62345313,0.2011352777,-0.01098835468,0.1736661196,-0.06201325357,-2.077195883,0.1985628456,-1.952084107,-0.06354342951,-0.02531478981
27.63350913,0.2308595777,-0.0314463973,0.1437174082,-0.05586455017,-1.909356952,0.2062660456,-1.972250309,-0.06526005681,-0.02653850089
27.64356512,0.2160059512,-0.0558642149,0.2200688124,-0.0353032127,-1.716081858,0.2350095063,-1.990565342,-0.06705449362,-0.02790906348
27.65362112,0.2215380371,-0.0652448535,0.2952520847,-0.006036670879,-1.515853167,0.2804342806,-2.006929718,-0.06933025124,-0.0292309871
27.66367613,0.2422831506,0.002002179623,0.293256402,0.132264033,-1.28622508,0.2668155432,-2.021074544,-0.07209048047,-0.02988841822
27.67373213,0.2291664928,-0.02628898621,0.2597347498,0.2722866535,-1.053449035,0.2416782379,-2.03278531,-0.07531956627,-0.02913614218
27.68378813,0.1843810976,0.01926898956,0.3135011196,0.3084041774,-0.8743144274,0.1940854192,-2.042280992,-0.07859375374,-0.02753111837
27.69384413,0.1656486243,0.0262259841,0.3831868172,0.3627896607,-0.7318726182,0.1743252873,-2.050113436,-0.08184633898,-0.02528238796
27.70390013,0.1069746315,0.1044883728,0.4363101721,0.2553114891,-0.6497077346,0.157863915,-2.056808599,-0.084792859,-0.02320333538
27.71395613,0.06379313022,-0.02373236418,0.5371456146,0.1275599152,-0.6130109429,0.1493788213,-2.063075108,-0.08697601033,-0.02233437898
27.72401212,0.04634778202,-0.1030649543,0.4961513281,0.13163203,-0.5491053462,0.1779804975,-2.06887762,-0.08902983383,-0.02197823263
27.73406712,0.01135138981,-0.002482533455,0.3865261078,0.1106601581,-0.4665848911,0.2069301307,-2.07400146,-0.09134035203,-0.02178820494
27.74412313,-0.06416974217,-0.1012423635,0.2690985203,0.1575206965,-0.2798043787,0.2276447713,-2.077745755,-0.09390789769,-0.02173789317
27.75417913,-0.1349021941,-0.09336984158,0.2288829088,0.1906405687,-0.1186357215,0.2580439746,-2.079640374,-0.09690001571,-0.02127978649
27.76423513,-0.1315997839,-0.02318882942,0.2302502394,0.04747875407,-0.02627423219,0.2759513259,-2.080350448,-0.09987973705,-0.02153459153
27.77429113,-0.1523315758,-0.08391320705,0.2694886923,-0.05695284903,0.02756769583,0.2851570547,-2.080432966,-0.1023328967,-0.02295712416
27.78434713,-0.1678236723,-0.04961889982,0.412386775,-0.07390129566,-0.05069461837,0.2987986505,-2.080717399,-0.104518215,-0.025049012
27.79440313,-0.1093635038,0.06351691484,0.387861371,-0.02099946328,-0.1074545681,0.2761165202,-2.081801129,-0.1067401485,-0.02701924803
27.80445812,-0.07490070909,0.1729335189,0.1698797941,0.1008443683,-0.1480367482,0.1865809709,-2.083178014,-0.1089873637,-0.02779530407
27.81451412,-0.09810766578,0.2145966291,0.0936589092,0.0808019489,-0.15159899,0.1081242487,-2.084714354,-0.1107484114,-0.02765754947
27.82457012,-0.07437486202,0.1941184402,0.03049158305,-0.01660058834,-0.07127992064,0.07264891267,-2.085889915,-0.1117207742,-0.02779438995
27.83462613,-0.04122125357,0.1654459238,0.01741087437,-0.09611911327,0.02816704102,0.03255901858,-2.086194143,-0.111900434,-0.02857310743
27.84468213,-0.005007302389,0.1798802018,0.03676652163,-0.08548408747,0.1020139605,-0.006601299625,-2.085663233,-0.1115745054,-0.0294957329
27.85473813,-0.009668518789,0.1748836637,0.004726409912,0.01384409238,0.1566282064,-0.066032134,-2.084372145,-0.11105334,-0.02974773847
27.86479313,-0.05370105058,0.1379745603,-0.04635215551,0.1160876006,0.1710211337,-0.1419106722,-2.082527181,-0.1105125869,-0.02853773837
27.87484913,-0.07754983008,0.1464989185,-0.02900254726,0.09327043593,0.1480361819,-0.1657707393,-2.080701577,-0.1097196826,-0.02679268754
27.88490512,-0.05814885348,0.08691823483,0.00488960743,0.03630537167,0.08220776916,-0.1895610541,-2.079350524,-0.1085306389,-0.02535499996
27.89496112,-0.02119225636,0.05262511969,0.00215138495,-0.003963755444,0.01743489876,-0.2194502503,-2.07880622,-0.1067958948,-0.02425405696
27.90501712,0.007667337544,0.08601915836,-0.1237660646,0.01053422783,0.04224437475,-0.2494634837,-2.078415809,-0.1047488921,-0.02307890757
27.91507313,0.008336097933,0.05557572842,-0.07733810693,0.008446309716,0.03491162881,-0.2566295266,-2.07785841,-0.1025512208,-0.02177437231
27.92512913,0.04394774139,0.02852356434,-0.04143501818,0.0137322396,0.05498840287,-0.2691899836,-2.077291586,-0.1003228587,-0.02039892512
27.93518413,0.04701770097,0.0224365592,-0.03874982148,0.03263908625,0.1106567234,-0.2855918705,-2.076292487,-0.09799939138,-0.01880689554
27.94524013,0.06378424168,-0.003323376179,0.03187011927,0.002631652169,0.1688870043,-0.2679484785,-2.074737131,-0.09566961466,-0.01726453391
27.95529613,0.08965621889,0.005725443363,0.03104043007,-0.03322115168,0.2130459547,-0.2805902362,-2.072670056,-0.09319671302,-0.0160468868
27.96535213,0.04960902408,-0.01735126972,0.05836928636,-0.04721517488,0.2115367204,-0.3158270419,-2.070379161,-0.09033352983,-0.01497977478
27.97540812,0.02489610016,-0.02090871334,0.09903419763,-0.04777257517,0.1684601009,-0.324421078,-2.068369674,-0.08727435652,-0.01384679222
27.98546412,0.01897061244,-0.00843667984,0.07328832895,-0.01472718641,0.1516803205,-0.3051545024,-2.066665016,-0.08435758558,-0.01255385214
27.99552013,0.0007242783904,-0.06619262695,0.06771743298,0.009523823857,0.1630014181,-0.2638067901,-2.065005574,-0.08184775057,-0.01119154517
28.00557513,7.60E-05,-0.0799497962,0.04787182063,0.01796639897,0.2029472291,-0.2179170549,-2.063064285,-0.07979812924,-0.009883672072
28.01563113,-0.00287213549,-0.1175688505,0.07554733753,0.005172307603,0.2508284748,-0.1664360166,-2.060691586,-0.07816219466,-0.008841803718
28.02568713,-0.008088439703,-0.1216698885,0.07350634784,-0.01986890659,0.2695136368,-0.1192956492,-2.05802555,-0.0769028131,-0.00821057868
28.03574313,-0.03031503409,-0.1104560494,0.05863999575,-0.05022867769,0.2562668025,-0.08400290459,-2.055373509,-0.0758433229,-0.008086000273
28.04579913,-0.03930022568,-0.08722692728,0.02626275271,-0.07738279551,0.2636365592,-0.05129343271,-2.052789206,-0.07495729507,-0.00836228785
28.05585512,-0.02565604821,-0.06038671732,0.03638254851,-0.1358634233,0.2492655963,-0.0416764915,-2.050225248,-0.07405176268,-0.009117116873
28.06591012,0.002528518438,-0.05216670036,0.1058149189,-0.1352585405,0.2295480967,-0.03048620559,-2.047953385,-0.07307125538,-0.01025263915
28.07596613,0.03101423383,0.006840586662,0.07851289958,-0.05942714587,0.2564023435,-0.02493458055,-2.045585558,-0.07238380413,-0.01101980089
28.08602213,0.02414691448,0.01717305183,0.05431579798,0.006491815206,0.2962300479,-0.0257137958,-2.042828147,-0.07204688138,-0.01113346515
28.09607837,0.01812241971,0.0009590387344,0.03624773771,0.0482288748,0.3388999999,-0.0222522188,-2.039618182,-0.07195449035,-0.01079968135
28.10613438,0.01008333266,0.003405213356,0.001703731716,0.1109428555,0.3759453893,-0.02087120898,-2.035950963,-0.07216398436,-0.01000432239
28.11619038,-0.01402037963,-0.007227897644,-0.006052613258,0.1275817454,0.3900577426,-0.0008615481784,-2.032034818,-0.07259746312,-0.008879833545
28.12624638,-0.02460988238,-0.02636945248,-0.01091384143,0.04741679132,0.391810894,0.03245145455,-2.028011828,-0.07317600664,-0.008098223536
28.13630138,-0.02360059321,-0.07550382614,0.03742624074,-0.05880419165,0.3388161361,0.04782960936,-2.024318464,-0.07352859382,-0.00834386254
28.14635738,-0.03229668736,-0.07606184483,0.07078718394,-0.1323062032,0.285977155,0.07202538848,-2.021293239,-0.07360225914,-0.009556547458
28.15641337,-0.01610139757,-0.02742671967,0.01638459414,-0.1327469498,0.2771836519,0.07687713206,-2.018568565,-0.07372057169,-0.01109050537
28.16646937,-0.01737438515,-0.03158009052,0.01431130618,-0.1489149928,0.2906438112,0.08642818779,-2.015862814,-0.07385560896,-0.01273943209
28.17652537,-0.006665870547,-0.0094217062,0.01256084442,-0.1517611146,0.3598220944,0.107039459,-2.01277134,-0.07406967758,-0.01455930335
28.18658138,0.005926717073,-0.01109319925,0.02622724324,-0.06848233938,0.4548048973,0.129475072,-2.008783311,-0.07467388829,-0.01612161374
28.19663738,-0.0002972669899,0.00199753046,0.06862903386,0.03379556164,0.5639585853,0.1328452975,-2.003725141,-0.07580266414,-0.01684893776
28.20669238,0.01155171916,0.01241219044,0.1070471928,0.07798437029,0.6793721318,0.1300165802,-1.997457041,-0.07727365543,-0.01681656321
28.21674838,0.03073655069,-0.01289969683,0.1747754812,0.1307735443,0.7411680818,0.0996485427,-1.990219566,-0.07876263612,-0.01638823441
28.22680438,0.04231841117,0.003684818745,0.2300236225,0.2155402005,0.7741995454,0.05125662312,-1.98251155,-0.08013475091,-0.0151246022
28.23686038,0.06158777699,0.1154426336,0.1749836206,0.2737158835,0.8287760019,0.02788977884,-1.974302211,-0.0814900751,-0.01297888664
28.24691637,0.0803347379,0.08154684305,0.1678458452,0.2464643717,0.9060822725,0.001647522324,-1.965392805,-0.08266106126,-0.01058270905
28.25697237,0.07351522148,0.05027234554,0.2144271135,0.2163826376,1.040102005,-0.01615304686,-1.95544769,-0.08346589884,-0.008399700413
28.26702738,0.07059244812,0.04959100485,0.2512733936,0.2466983795,1.195860982,-0.0135821905,-1.944028738,-0.08417765852,-0.006280807398
28.27708338,0.06177657843,0.02268612385,0.2450736761,0.3035725653,1.304589391,-0.03762920201,-1.931183557,-0.08495009692,-0.00357952414
28.28713938,0.02598990127,0.03800624609,0.2483097315,0.2919373214,1.349420428,-0.05372657254,-1.917530823,-0.08558680725,-0.0005544848601
28.29719538,-0.002974960953,-0.00536096096,0.2488386631,0.1731424928,1.361559987,-0.05584058911,-1.903707908,-0.08584697889,0.001810597358
28.30725138,-0.03870071843,-0.03659975529,0.2750697136,0.07672465593,1.403856993,-0.06840551645,-1.889700745,-0.085639409,0.003131168739
28.31730738,-0.04654691741,0.002690434456,0.295681715,0.139444232,1.484819531,-0.06700948626,-1.875131008,-0.08529097227,0.004252915346
28.32736337,-0.01601550356,0.06486910582,0.2222405672,0.3904688358,1.599699259,-0.0807768032,-1.859417149,-0.08534157087,0.006897157465
28.33741837,-0.006858889014,0.07399642467,0.1666742563,0.6510873437,1.68183434,-0.09713607281,-1.842434888,-0.0859267886,0.01215470696
28.34747438,0.009793590754,0.07812130451,0.1145381927,0.801762104,1.673522234,-0.1465405226,-1.824862303,-0.08667611089,0.01955201462
28.35753038,0.006849315017,0.0748668313,0.00910961628,0.923843801,1.633454204,-0.2256952673,-1.80745947,-0.08697164338,0.02839084835
28.36758638,-0.03000813723,0.0879072547,-0.0864341259,1.189094543,1.553560138,-0.3552646935,-1.790450164,-0.08655757861,0.03935060186
28.37764238,-0.04486678541,0.1093127728,-0.1094667912,1.569657087,1.419674039,-0.4818860292,-1.774244363,-0.08531136663,0.05384744516
28.38769838,-0.02323963493,0.1166901588,-0.1355470419,1.903165817,1.316470385,-0.5421714783,-1.758995105,-0.08371784561,0.0721151272
28.39775438,-0.01436273754,0.07235437632,-0.1271941066,1.782504678,1.24134016,-0.5628932714,-1.744581639,-0.08156919169,0.09178820996
28.40780937,0.02111376077,-0.02024012804,-0.03764683008,1.136572242,1.1966362,-0.4635060132,-1.731077101,-0.0788788649,0.1073253426
28.41786537,0.05748327076,-0.1116594076,0.02237034589,0.3972207308,1.218163252,-0.3779338598,-1.71832046,-0.07586165731,0.1155097493
28.42792137,0.07623945922,-0.1483759284,0.02849823982,-0.01980965212,1.289372683,-0.3059027791,-1.705554581,-0.07272029135,0.1176454481
28.43797738,0.1026406586,-0.06570011377,0.01545215398,-0.1144970134,1.389612675,-0.2686853707,-1.692150732,-0.06975872108,0.1171300159
28.44803338,0.1168123558,0.04448080063,-0.02508079261,0.05115715414,1.512157559,-0.2523238659,-1.677597864,-0.06713060096,0.1169886848
28.45808938,0.1252322495,0.05594605207,-0.0248016119,0.2259827554,1.589513421,-0.3019377589,-1.661821307,-0.06452333965,0.1186822956
28.46814438,0.125512749,0.03171205521,0.05146999657,0.3296273649,1.578210473,-0.3775296211,-1.64566682,-0.061367602,0.1218051316
28.47820038,0.1410575509,0.05470579863,0.03062994033,0.3291333318,1.633780599,-0.4088606536,-1.62935971,-0.05758386412,0.1254600541
28.48825637,0.155999586,0.1035716534,0.004738397896,0.212870419,1.737617731,-0.4594027102,-1.612248377,-0.05338225632,0.1284262607
28.49831237,0.1515066326,0.03283834457,0.07838285714,0.1281225085,1.824631453,-0.5060674548,-1.594253817,-0.04858199083,0.130229338
28.50836837,0.1351994574,0.06373590231,0.1709663272,0.1241604388,1.962584376,-0.5038723946,-1.575181568,-0.04349099493,0.1314753861
28.51842438,0.1241428927,0.1488714814,0.2218672633,0.1489688456,2.149766684,-0.4979974627,-1.554457299,-0.03849002846,0.1327945634
28.52848038,0.1167782843,0.09057921171,0.254755795,0.2372623533,2.324387074,-0.5348049998,-1.53186303,-0.03327021317,0.134580841
28.53853538,0.09347052872,0.05376982689,0.2580923438,0.2394882292,2.428518772,-0.5509759784,-1.507893924,-0.02764730675,0.1367901048
28.54859138,0.06588367373,0.09793835878,0.2788102031,0.1248239726,2.468687057,-0.5427622795,-1.483145347,-0.02207663452,0.1382231565
28.55864738,0.03766922653,-0.03155577183,0.3498197198,-0.01139006857,2.397365808,-0.6145432591,-1.458572217,-0.01625190024,0.1381658409
28.56870338,0.04390901327,-0.08394634724,0.2915431261,-0.03227031603,2.293724775,-0.657541275,-1.435073231,-0.00984813729,0.1370763231
28.57875937,0.05829323828,0.08207148314,0.1057178378,-0.02142965421,2.304473639,-0.6321755052,-1.411987416,-0.003481348968,0.1358675173
28.58881537,0.04316672683,0.06195116043,0.05716741085,-0.05204268917,2.310641289,-0.6405665278,-1.388729879,0.002764218936,0.134456731
28.59887138,0.03862954676,-0.05268788338,0.09899377823,-0.1662393063,2.276154041,-0.6502463222,-1.365650254,0.008959214288,0.1321328641
28.60892638,0.05135634542,-0.01673752069,0.05212152004,-0.2288567424,2.271574974,-0.6019315124,-1.342742817,0.01468633566,0.128827735
28.61898238,0.06275518239,0.0007961392403,-0.006289124489,-0.2378475815,2.234459877,-0.5706745386,-1.319983577,0.01981956312,0.1251445225
28.62903838,0.07602141798,-0.03759050369,-0.07482849061,-0.2081813812,2.126358032,-0.5472425222,-1.29798198,0.02465627483,0.1214736552
28.63909438,0.06930303574,-0.05564177036,-0.1464008242,-0.1979572475,2.007006884,-0.5475701094,-1.277096082,0.02936980908,0.1179586467
28.64915038,0.04787683487,-0.05577486753,-0.1919339746,-0.1970320195,1.867937446,-0.5672368407,-1.257498712,0.03411493131,0.1143730324
28.65920637,0.04007296264,-0.0456289053,-0.2764570117,-0.2101712525,1.738912344,-0.5678339005,-1.239212079,0.03887592144,0.1106080769
28.66926237,0.04158593714,-0.02886492014,-0.2971639037,-0.2332116365,1.596746325,-0.5332413316,-1.222266746,0.04340042626,0.1066942969
28.67931738,0.04947924614,-0.04701966047,-0.3180350661,-0.2749465406,1.491494417,-0.4756935835,-1.206591409,0.04726398641,0.1025037564
28.68937338,0.05172765255,-0.1192734241,-0.3405699134,-0.2700245082,1.434569955,-0.4350806475,-1.191701947,0.0505065644,0.09823242283
28.69942938,0.06569156051,-0.1238359809,-0.3085763454,-0.2464526147,1.417609572,-0.3711152375,-1.177210564,0.05332512258,0.09425491257
28.70948538,0.1040578485,-0.0948844552,-0.2696821094,-0.168719694,1.390178561,-0.310824424,-1.162937971,0.05560154261,0.09094484325
28.71954138,0.1318171471,-0.1339905858,-0.2371334285,-0.08645516634,1.325223804,-0.2761386037,-1.149118902,0.05778796353,0.08858630679
28.72959738,0.1630921811,-0.1154554486,-0.1771900654,-0.08245110512,1.215064287,-0.2392871231,-1.136197367,0.05978757194,0.08672062337
28.73965237,0.1952598691,-0.08856940269,-0.137933135,-0.1339534521,1.047533154,-0.2217784375,-1.124712669,0.06143008713,0.08477829979
28.74970837,0.2205021083,-0.07158637047,-0.1534133554,-0.228559047,0.9161801338,-0.1873139739,-1.114722135,0.06245101931,0.08221480771
28.75976438,0.2073156685,-0.05353140831,-0.1489447802,-0.3112661839,0.8559721708,-0.1731441021,-1.105640224,0.06286714814,0.07896460455
28.76982038,0.1785042435,-0.05117285252,-0.09576921165,-0.415400058,0.8457484245,-0.1518144459,-1.096876406,0.06266194677,0.0749917547
28.77987638,0.141984567,-0.04190689325,-0.005432352424,-0.5250540972,0.9188436866,-0.1083188951,-1.087741316,0.06162362383,0.07015952462
28.78993238,0.1002998054,-0.02687323093,0.1110233665,-0.5672821403,1.071570396,-0.08215963095,-1.077456917,0.05987861822,0.06483956742
28.79998838,0.06450523436,-0.01719963551,0.2433918715,-0.6164086461,1.294646621,-0.05677064508,-1.065262919,0.05762792078,0.0592273112
28.81004338,0.04040764272,0.002314448357,0.3661714196,-0.6073246598,1.549572349,-0.03479216248,-1.050667477,0.05497048794,0.05365846021
28.82009937,0.02031464875,0.01602005959,0.4970391393,-0.566024363,1.832895637,-0.04738332331,-1.033340839,0.05229499246,0.04832169142
28.83015537,0.00898194313,0.02011483908,0.6150393486,-0.4981143177,2.017785549,-0.1020865217,-1.013653351,0.05013318042,0.04330182929
28.84021137,0.03945876658,0.07645761967,0.5350617766,-0.3053965271,2.105998993,-0.1231390759,-0.9926786705,0.0489079041,0.03925966856
28.85026738,0.06804051995,0.1389923692,0.388556242,-0.2094609439,2.152774096,-0.1718573421,-0.9711008426,0.04874921249,0.03640898372
28.86032338,0.04948796332,0.122785151,0.3229355812,-0.2915320992,2.154845953,-0.2186344266,-0.9492413833,0.04896638834,0.03327357374
28.87037938,0.0312089175,0.01550197601,0.2785537243,-0.5170997381,2.166672468,-0.2407165617,-0.9273319043,0.04846561589,0.0286305006
28.88043438,-0.001499667764,-0.01509279013,0.2834160924,-0.6730869412,2.245456696,-0.2076025456,-0.9048899032,0.0465635088,0.02241394161
28.89049038,-0.0257730633,-0.001590371132,0.2994679213,-0.7708173394,2.367671013,-0.1670899838,-0.8814179534,0.04342341661,0.01550707065
28.90054637,-0.01588357985,0.003408074379,0.3256159425,-0.8166961074,2.527261734,-0.1459562033,-0.856468482,0.03935819595,0.008324561824
28.91060237,0.001295998693,0.0008019208908,0.278573513,-0.6625160575,2.584072113,-0.1740730405,-0.8304626339,0.03557120094,0.001619902249
28.92065837,0.03907100856,0.09761488438,0.1081970409,-0.4261322618,2.567114592,-0.2142500281,-0.8043660867,0.03324284839,-0.003721299575
28.93071438,0.06089176238,0.1588928699,-0.03924440593,-0.2690841854,2.462831259,-0.2704750597,-0.7788677582,0.03255205768,-0.007878560164
28.94076938,0.08311474323,0.09718638659,-0.1673794836,-0.276163131,2.289318562,-0.3092773259,-0.7548098078,0.03265161598,-0.01186448146
28.95082538,0.09171468019,0.05265969038,-0.269056797,-0.3871293664,2.115519762,-0.3310216069,-0.732535956,0.03237683586,-0.0165072128
28.96088138,0.07249252498,0.009657859802,-0.3429889679,-0.5250097513,1.983836412,-0.3280505836,-0.7118044406,0.03107563514,-0.02212286272
28.97093738,0.04946795106,-0.03339904547,-0.3498308659,-0.5951878428,1.912375331,-0.3054705262,-0.6920797992,0.02874077834,-0.02830432834
28.98099338,0.03603209555,-0.03107994795,-0.2982506156,-0.6045216918,1.897266388,-0.2657902241,-0.6728239239,0.0258299622,-0.0344136997
28.99104937,0.04269251227,-0.01387900114,-0.229501605,-0.5756008625,1.914643288,-0.2092538774,-0.6535415213,0.02257826439,-0.03998783238
29.00110537,0.07657109201,-0.01291871071,-0.1731243134,-0.5622687936,1.938331246,-0.1727267653,-0.6340474126,0.01907126032,-0.04498575909
29.01116038,0.117177695,0.01706010103,-0.1643313766,-0.5112963319,1.89165318,-0.1844470203,-0.6147162918,0.01569615915,-0.04962013999
29.02121638,0.1512026936,0.06694537401,-0.1504006982,-0.5084510446,1.782532811,-0.2093537003,-0.5962071456,0.01257641911,-0.05420952933
29.03127238,0.1749972403,0.08725458384,-0.1507652402,-0.4852578938,1.663144946,-0.2393079102,-0.5788827746,0.009663163186,-0.058881646
29.04132838,0.1753826886,0.07238316536,-0.1290740371,-0.5202816725,1.544044971,-0.2767445147,-0.5627181332,0.006827016246,-0.06379984861
29.05138438,0.169557482,0.07630473375,-0.09337770939,-0.5657072067,1.464619517,-0.2709719241,-0.5476155155,0.003591830228,-0.06909119858
29.06144038,0.14994362,0.06432324648,-0.04490071535,-0.5712210536,1.437887549,-0.2549820542,-0.5330294251,1.02E-05,-0.07434865151
29.07149537,0.1214500368,0.04879724979,0.01942026615,-0.5762844086,1.449626923,-0.2480545789,-0.5185679502,-0.003732608499,-0.07943319525
29.08155137,0.1049959511,0.05277740955,0.06581181288,-0.6353514791,1.512261748,-0.2116041631,-0.5037213875,-0.007955392365,-0.08443613045
29.09160738,0.1000842154,0.02604097128,0.1337301731,-0.7144918442,1.566595793,-0.1986132711,-0.4883259829,-0.01295632208,-0.08947792226
29.10166317,0.09218128026,0.008582353592,0.128906548,-0.7110821605,1.609626889,-0.1928563118,-0.4724337516,-0.01851758114,-0.0946027484
29.11171917,0.08810172975,0.02312880754,0.06519377977,-0.6304547191,1.631975293,-0.2086481452,-0.4562223943,-0.02367503077,-0.0994405508
29.12177517,0.08551993966,0.04933834076,0.03376573324,-0.5564465523,1.623308063,-0.2205495387,-0.4399998227,-0.02813466111,-0.1040060216
29.13183117,0.08505095541,0.02850759029,0.006681147963,-0.5383993387,1.585920811,-0.2152229249,-0.4240047657,-0.032184775,-0.1082919981
29.14188617,0.07934480906,-0.01391905546,-0.0158804059,-0.5493220687,1.558855653,-0.198208794,-0.4083323096,-0.03637729841,-0.1124312374
29.15194217,0.06850361824,-0.02907341719,-0.04940444231,-0.5996702909,1.536694527,-0.1775387526,-0.3929441002,-0.04092204808,-0.1164407337
29.16199817,0.05890743434,-0.02851051092,-0.06405031681,-0.6791528463,1.510216832,-0.1535255611,-0.3777706595,-0.04629761815,-0.1204057917
29.17205417,0.05178533494,-0.04336738586,-0.07289683819,-0.7957955599,1.486322403,-0.1272455454,-0.362953384,-0.05275406623,-0.1244419844
29.18211017,0.05030712485,-0.05668926239,-0.08332657814,-0.9074496627,1.478393674,-0.08234490454,-0.3483192934,-0.06045189071,-0.1284337989
29.19216617,0.05381175876,-0.0398132205,-0.1102981567,-0.8939798474,1.474038959,-0.06352554262,-0.333700955,-0.06878741364,-0.1321372241
29.20222217,0.06389901042,0.02064168453,-0.1327318549,-0.7044407725,1.411831021,-0.07996230572,-0.3193871384,-0.07631729525,-0.1354525846
29.21227717,0.08494704962,0.06833863258,-0.1684733033,-0.5206823349,1.288943172,-0.07824632525,-0.3060454514,-0.08191543506,-0.1381215717
29.22233317,0.1004444957,0.09255462885,-0.2252816558,-0.3490719199,1.15905869,-0.1062063202,-0.2938716189,-0.08581569274,-0.140290871
29.23238917,0.103699401,0.07667636871,-0.2629895806,-0.3128423393,1.037114263,-0.1414752752,-0.2830069164,-0.08858896646,-0.1424028777
29.24244517,0.09970740974,0.02487367392,-0.2573430538,-0.4118267,0.9065184593,-0.1562289298,-0.2734516629,-0.0916160565,-0.1448471442
29.25250117,0.1001193374,0.001826524734,-0.2515549064,-0.5641961694,0.7890180349,-0.1567654312,-0.2651548838,-0.09593080036,-0.1476699545
29.26255717,0.1037212014,-0.006938278675,-0.2759173512,-0.6773650646,0.6785341501,-0.1655493379,-0.2580624785,-0.1015444304,-0.1508116343
29.27261217,0.104966864,0.003542006016,-0.2662178278,-0.7148631215,0.5939490795,-0.1613476872,-0.2520578786,-0.1079599924,-0.1542050069
29.28266817,0.09867012501,0.01441121101,-0.2511571646,-0.5761352777,0.4975277483,-0.1568823606,-0.2469031533,-0.1139080008,-0.1573546193
29.29272417,0.0910564512,0.05458426476,-0.2299286127,-0.3887915313,0.4165139794,-0.1429119706,-0.2426158955,-0.1183233578,-0.1600342892
29.30278017,0.08201634884,0.05765718222,-0.2124686241,-0.1926356256,0.3560482562,-0.1174905077,-0.2389622796,-0.1208221253,-0.1619984244
29.31283617,0.07081630826,0.02642154694,-0.1735497713,-0.03996645287,0.3244687319,-0.09195281565,-0.2357134375,-0.1216529145,-0.163297376
29.32289217,0.05785560608,-0.003858923912,-0.1187369823,0.02104017697,0.2908857465,-0.07251759619,-0.2327062759,-0.1215279758,-0.1640873882
29.33294817,0.05368292332,-0.03442263603,-0.0769559145,0.004480462521,0.2604340911,-0.05054454878,-0.2300120111,-0.1212292641,-0.1646482766
29.34300317,0.0530090332,-0.05686563253,-0.06161081791,-0.06003275141,0.2322022021,-0.039254345,-0.2276199365,-0.1213555063,-0.1651423308
29.35305917,0.04540885985,-0.06854307652,-0.04431259632,-0.1114336178,0.2165305614,-0.01536110137,-0.2254448738,-0.1221571509,-0.1656356303
29.36311517,0.0373609364,-0.07137441635,-0.04131877422,-0.1374210119,0.2028573602,0.006975628901,-0.2233626597,-0.1233688214,-0.1659420905
29.37317117,0.02951847017,-0.05603986979,-0.03168666363,-0.1551109254,0.1889912039,0.02830406092,-0.2214214172,-0.1248984481,-0.1661008123
29.38322717,0.01819930971,-0.0680886507,-0.01391935162,-0.1489808708,0.1950307339,0.06149770319,-0.2194877619,-0.1265086909,-0.165985722
29.39328317,0.006365373731,-0.06527036428,-0.008612750098,-0.1081416905,0.209352538,0.08236987889,-0.2174016468,-0.1279331452,-0.1655525344
29.40333917,0.0004181116819,-0.04595601559,-0.01170945354,-0.08185176551,0.2244763672,0.11655581,-0.2150722813,-0.1290687721,-0.1647705546
29.41339417,0.0007452964783,-0.04894959927,0.000379325822,-0.03369515017,0.2197351456,0.08880535513,-0.2127064926,-0.1298438236,-0.1637813675
29.42345017,-0.01071818173,-0.07803428173,0.04499328136,-0.06161573157,0.2074486464,0.07491564006,-0.2104441677,-0.1304345697,-0.1630780565
29.43350617,-0.002207651734,-0.03797793388,0.04687225819,-0.104637906,0.1656459421,0.07685881108,-0.208526744,-0.1314287433,-0.1625143862
29.44356217,0.003705725074,-0.006578803062,0.01979696751,-0.1173779368,0.141150713,0.07862795144,-0.2068960374,-0.1327348827,-0.1619522246
29.45361817,-0.002439022064,-0.02864569426,0.01805269718,-0.1090553328,0.1240677312,0.07985527068,-0.2054326919,-0.134019386,-0.1613817686
29.46367417,-0.006652861834,-0.01527911425,-0.01338088699,-0.07608219981,0.1368064433,0.09152257442,-0.2040440096,-0.135123432,-0.1607171243
29.47373017,-0.002171546221,0.01808899641,-0.05020546913,-0.02839586139,0.1401395202,0.0943909362,-0.2025361679,-0.1358022678,-0.1599093644
29.48378517,-0.00150705874,0.02425509691,-0.04872762412,-0.01656316966,0.1814259738,0.1045109481,-0.2007525037,-0.136134997,-0.1590056212
29.49384117,-0.001889154315,0.02125775814,-0.03721225262,-0.01338158082,0.204869777,0.1129245162,-0.1986680343,-0.1364839019,-0.157897933
29.50389717,0.0001177042723,-0.01917499304,-0.02239191346,-0.03134353459,0.2133538127,0.124921523,-0.1963502828,-0.1369020698,-0.1567608612
29.51395317,0.008119046688,-0.04237616062,0.006543397903,-0.06667929143,0.2231626213,0.09086839855,-0.1940484739,-0.1376413467,-0.1558291823
29.52400917,0.009685918689,-0.04327690601,0.0425940752,-0.1032112017,0.1798393875,0.05645876005,-0.19196038,-0.1386302873,-0.1552732983
29.53406517,0.01565732062,-0.0002875328064,0.0745575428,-0.1307584047,0.1442363858,0.06727460027,-0.1902812786,-0.139988681,-0.1549330297
29.54412017,0.01717759669,0.028470397,0.05152463913,-0.08520504087,0.1344218403,0.07562174648,-0.1888228588,-0.1411414851,-0.154431682
29.55417617,-0.003670692444,0.01978230476,0.04566931725,-0.07860741019,0.163061738,0.0658692494,-0.1872463025,-0.1419609848,-0.1538940397
29.56423217,-0.01728412509,0.0134062171,0.03325903416,-0.04781061411,0.2129368782,0.07634692639,-0.1852555988,-0.1426242371,-0.153301726
29.57428817,-0.01452125609,-0.00508338213,0.004261136055,0.02302396484,0.2612921596,0.08278272301,-0.1827260274,-0.1428662211,-0.1525252038
29.58434417,-0.007946580648,-0.02338826656,-0.01153421402,0.1161853299,0.3068125248,0.0692935437,-0.1797264078,-0.1422801845,-0.151616044
29.59440017,-0.01567977667,-0.02366638184,0.006757497787,0.184606418,0.3600388467,0.06820178777,-0.176247132,-0.1408735445,-0.1506724779
29.60445617,-0.02051712573,-0.02793210745,0.01253890805,0.2019681036,0.4009417892,0.06732161343,-0.1722935286,-0.1391524919,-0.1496594987
29.61451117,-0.02101555467,-0.06768977642,0.02195167169,0.1520838141,0.440861553,0.0406217128,-0.1679989777,-0.1376420218,-0.1488123867
29.62456717,-0.01745006442,-0.09393292665,0.06577813625,0.05500093848,0.4378615022,0.01878538914,-0.1634990418,-0.1366488383,-0.1483097585
29.63462317,0.002139747143,-0.04965144396,0.06337296963,-0.03608134389,0.4167581797,0.03737598658,-0.159154499,-0.1366100285,-0.1480585806
29.64467917,0.02186381817,0.003617227077,0.03283298016,-0.07494778186,0.3468163908,0.06247760728,-0.1552689246,-0.1372885144,-0.1476255872
29.65473517,0.02431493998,0.003122329712,-0.02630031109,-0.06262218952,0.2944691479,0.08786592633,-0.151965969,-0.1380955868,-0.1469954297
29.66479117,0.01211862266,-0.02754533291,-0.03566217422,-0.05998459086,0.2790694237,0.08926674724,-0.1490191628,-0.1388281061,-0.1461507974
29.67484617,-0.002587467432,-0.04842352867,-0.02796804905,-0.1185908169,0.262421757,0.09733702987,-0.1461916834,-0.1398267172,-0.1453691514
29.68490217,0.01298423111,-0.02669996023,-0.0352588892,-0.1340565979,0.2269542962,0.1185019687,-0.143579139,-0.1413306644,-0.1444434976
29.69495817,0.02048458159,-0.0277748704,-0.06884872913,-0.123119399,0.1974205226,0.09240785986,-0.1413359634,-0.1427624951,-0.1435705335
29.70501417,0.01653730869,-0.03439813852,-0.09198105335,-0.05002467707,0.1523172259,0.07039257884,-0.139436521,-0.1438352373,-0.1428643524
29.71507017,0.005497738719,-0.004875421524,-0.08288180828,0.07366117835,0.1461241692,0.06325895339,-0.1378870683,-0.1437618117,-0.142240032
29.72512617,0.02487461269,0.1001831889,-0.0715970993,0.1577297151,0.05352499336,0.1535891145,-0.1365774192,-0.1427239238,-0.1409711969
29.73518217,0.06536261737,0.1856437922,-0.07308328152,0.2652259469,-0.1217846423,0.1591373086,-0.1367128343,-0.1408815983,-0.1390667045
29.74523717,0.05094800889,0.105137229,-0.08076608181,0.3512431383,-0.2365900576,0.165734753,-0.138269119,-0.1379734492,-0.1370388685
29.75529317,0.02575817704,0.001752018929,-0.1154190302,0.3660710752,-0.2879134417,0.1794517338,-0.1406404864,-0.1345898792,-0.1347617937
29.76534917,0.007204949856,-0.002757847309,-0.1683990955,0.2881642878,-0.328812927,0.1715280265,-0.143446824,-0.1315460521,-0.1325177218
29.77540517,0.01532803476,-0.02833843231,-0.1836913228,0.201000005,-0.3897444606,0.134154886,-0.1468077408,-0.12939518,-0.1306142401
29.78546117,0.02224341035,-0.07032489777,-0.1750118732,0.1837776005,-0.4508482814,0.1345042884,-0.1508239379,-0.1277168445,-0.1290024461
29.79551717,0.03020270169,0.001870691776,-0.1979724169,0.3361067176,-0.5011211634,0.1283199787,-0.1554121165,-0.1254616563,-0.1272606871
29.80557317,0.02358706295,0.08473658562,-0.1758207083,0.5156975389,-0.5318666101,0.1072682291,-0.1603791657,-0.1213453194,-0.1254127761
29.81562817,0.03155109286,0.1209286451,-0.1377271414,0.6171434522,-0.5759859681,0.09409502894,-0.165686027,-0.1158911607,-0.1234306944
29.82568417,0.04714685678,0.08942455053,-0.05382996798,0.657355547,-0.6880393028,0.05078430846,-0.171771349,-0.1095887232,-0.1216289431
29.83574017,0.06010723114,0.08226782084,-0.05492472649,0.561686337,-0.8333079219,0.01908483543,-0.179254533,-0.1034919575,-0.1201750949
29.84579617,0.05974504352,0.07016813755,-0.09902602434,0.3784552515,-0.9298576117,-0.001959995599,-0.1880950848,-0.09891883584,-0.1192217278
29.85585217,0.02882108092,-0.05249375105,-0.1241833568,0.230806753,-0.94987607,0.007480484433,-0.1975467001,-0.0958865374,-0.1186348971
29.86590817,-0.001851573586,-0.1001908779,-0.1572015882,0.1734028608,-0.9123526812,0.05409059674,-0.206866402,-0.09405018027,-0.1179491282
29.87596317,-0.01324726641,-0.05058920383,-0.1677550673,0.263730675,-0.8491101861,0.07730763406,-0.2156058004,-0.09202132015,-0.1168218017
29.88601917,0.003469571471,0.008661627769,-0.1227652431,0.3270273507,-0.8230098486,0.1203773469,-0.2238143514,-0.08924747006,-0.1151833821
29.89607517,0.04577301443,0.005830347538,-0.09124058485,0.3684438169,-0.79424119,0.1626281589,-0.231744285,-0.08617614496,-0.1129767635
29.90613117,0.0455032289,-0.06742304564,-0.006867107004,0.4433606565,-0.7436366081,0.1409401745,-0.2392768743,-0.08259253777,-0.1105149793
29.91618717,0.01484264433,-0.01914399862,0.04644495249,0.4977449477,-0.6755954027,0.08256780356,-0.2462181319,-0.07827899927,-0.1082605848
29.92624317,0.03016749024,0.1491981745,-0.004529178143,0.4839987755,-0.6497736573,0.04599940777,-0.2526869396,-0.0735257189,-0.1063944705
29.93629917,0.08070006967,0.1900159121,-0.07333856821,0.4692047536,-0.7249586582,0.01579181105,-0.2594015383,-0.06903036489,-0.1048850195
29.94635417,0.09462711215,0.0518386364,-0.1167602539,0.4558436573,-0.8185440302,-0.003491872456,-0.2670274529,-0.06451306931,-0.1035715303
29.95641017,0.0734667033,0.05005395412,-0.1326636076,0.4043045044,-0.8810053468,-0.03657560423,-0.2755503972,-0.06026572569,-0.1025688365
29.96646617,0.06798954308,0.1200292706,-0.1644266844,0.3323988914,-0.9485108852,-0.04638562351,-0.284683239,-0.05662724324,-0.1019501289
29.97652217,0.104547739,0.07194125652,-0.2223767638,0.3087026775,-1.105260134,-0.07810746878,-0.2949144944,-0.05328619775,-0.1016241249
29.98657817,0.1239137053,0.005035340786,-0.2296464443,0.2425247282,-1.268458724,-0.1097183898,-0.3068634734,-0.05032591939,-0.1016923754
29.99663417,0.1050664335,0.004008591175,-0.1702766418,0.1912934035,-1.358220816,-0.1339385659,-0.3201177247,-0.04786061763,-0.1021230424
30.00669017,0.06914567947,0.01007986069,-0.0966257453,0.1899762005,-1.421329379,-0.1345817149,-0.3341058042,-0.04561144524,-0.1028027491
30.01674517,0.06436417997,0.02307033539,-0.05954563618,0.228245914,-1.483864188,-0.1356599182,-0.3487341831,-0.04318232665,-0.1033535122
30.02680117,0.07280260324,0.04557055235,-0.04815679789,0.249260664,-1.521295786,-0.1292355806,-0.3638518535,-0.04041738567,-0.1037274583
30.03685717,0.08816546202,0.0586579442,-0.04511761293,0.2786255479,-1.547568321,-0.1159072593,-0.3793173641,-0.03744658293,-0.1038914265
30.04691317,0.1039840877,0.02167999744,-0.0156788826,0.2821574509,-1.553039312,-0.1005554646,-0.3948827387,-0.03437058046,-0.1037903322
30.05696917,0.1171847135,0.02279919386,0.02787435055,0.2402887195,-1.576099277,-0.07253230363,-0.4105691748,-0.03160497578,-0.1035367585
30.06702517,0.1272546649,0.03598952293,0.04025960341,0.2211214155,-1.599889636,-0.05914112553,-0.4265540497,-0.02925563702,-0.1031705156
30.07708017,0.1200518608,-0.01115679741,0.01376539469,0.2451243252,-1.559093237,-0.06596520543,-0.4424296155,-0.0268789947,-0.1027172734
30.08713617,0.0921535939,-0.04257172346,0.05082093924,0.2978463769,-1.526626348,-0.059594661,-0.4578823318,-0.02411014591,-0.1020771
30.09719188,0.07953645289,-0.01529580355,0.05127203465,0.3704653382,-1.5454036,-0.05006302521,-0.4732830889,-0.02084150172,-0.1010584139
30.10724787,0.09126581252,-0.01519751549,0.03213757277,0.3385092616,-1.608059287,-0.02440453134,-0.4890833283,-0.01742132725,-0.09968291239
30.11730387,0.09834502637,-0.0462974906,0.0302589573,0.3040823638,-1.659899712,-0.004865371156,-0.5054943867,-0.01454876319,-0.09824853049
30.12735988,0.08844800293,-0.07345545292,-0.007467269897,0.3082100153,-1.715500593,0.01796511002,-0.5224181716,-0.01190965934,-0.09668174288
30.13741588,0.09315064549,-0.02885037661,-0.07564687729,0.3472779393,-1.778825045,0.03893372416,-0.5399849021,-0.009210773241,-0.09475884331
30.14747088,0.1080341488,0.004935264587,-0.08965557814,0.3631922007,-1.905456543,0.05086548254,-0.5584293539,-0.006388326229,-0.09249139477
30.15752688,0.1370314062,0.007728993893,-0.184902072,0.3696702719,-2.106595755,0.05667418242,-0.5785896675,-0.003563416831,-0.08999032624
30.16758288,0.1478645504,0.01943838596,-0.2790209055,0.2900292575,-2.238092661,0.04647640884,-0.6004933158,-0.001034524236,-0.08765013687
30.17763888,0.1401220411,0.01789021492,-0.2836523652,0.1481994092,-2.341379404,-0.004672158975,-0.6235223179,0.0006262804037,-0.0861854429
30.18769487,0.1418828964,0.01486808062,-0.2780616879,0.04431669042,-2.429639339,-0.03054210544,-0.647520592,0.001578469834,-0.0857401089
30.19775087,0.1574451923,0.06735748053,-0.2572270036,-0.03999135271,-2.440511465,-0.06909492612,-0.6720465639,0.001850256085,-0.08613462251
30.20780687,0.1588889062,0.07225954533,-0.2189205885,-0.00227380218,-2.361312628,-0.09866720438,-0.6962016717,0.00225400674,-0.08689295245
30.21786188,0.1841879487,0.08684664965,-0.1683941483,0.1613635421,-2.335146427,-0.1037700623,-0.7197885784,0.003508811429,-0.08716684883
30.22791788,0.2158659399,0.1380589008,-0.1330264211,0.3713010848,-2.297208071,-0.1070012748,-0.7430702022,0.006271598235,-0.0860457498
30.23797388,0.2179370672,0.1241077185,-0.00991236791,0.5017811656,-2.256771088,-0.08838356286,-0.7659577501,0.01015769001,-0.08367595514
30.24802988,0.2110453248,0.05749750137,0.08075398207,0.5759419799,-2.232374191,-0.06301002949,-0.7885585756,0.0145986194,-0.080351634
30.25808588,0.1973071843,0.009841620922,0.1308273673,0.5722233057,-2.235068083,-0.04212903976,-0.8110283683,0.01910872489,-0.07642221215
30.26814187,0.1838429421,-0.04584854841,0.1561659575,0.496368736,-2.230047703,-0.0001309899089,-0.8336166921,0.02294561963,-0.07261322295
30.27819687,0.1659834534,-0.1341148615,0.1486083865,0.4569062889,-2.189837456,0.06435862184,-0.855928623,0.02587454737,-0.06877433232
30.28825287,0.1540253013,-0.1702919006,0.1466619968,0.3053255677,-2.180870056,0.1254605949,-0.8779672433,0.02768748934,-0.06513790449
30.29830888,0.1585948616,-0.1905121803,0.1701321602,0.1464526355,-2.171461105,0.1710101217,-0.899921464,0.02794094301,-0.06242785952
30.30836488,0.1550771445,-0.2519961596,0.1487246156,0.1049877629,-2.154598951,0.233049795,-0.9217510281,0.02708009139,-0.06023781477
30.31842088,0.1303991675,-0.2315282226,0.1619930863,0.1520364136,-2.097799778,0.2880469561,-0.9432081421,0.02571243363,-0.05762644824
30.32847688,0.07541546226,-0.1815109253,0.238845408,0.1705874652,-2.099427462,0.3204706907,-0.9643344734,0.02416753889,-0.05452970981
30.33853288,0.05263654888,-0.1720215082,0.2175448537,0.1560408771,-2.089440584,0.3519588709,-0.9855268415,0.0223065266,-0.05122898622
30.34858787,0.03338214755,-0.1783326864,0.2144697309,0.08890736848,-2.045521498,0.3954850435,-1.006423935,0.01984241726,-0.04816822278
30.35864387,0.03240433335,-0.1432994008,0.196395576,-0.004025718197,-1.969531775,0.4571748078,-1.026655751,0.01638481143,-0.04556883127
30.36869987,0.04104813933,-0.09285753965,0.178625524,-0.05110614374,-1.923440099,0.4699928761,-1.046245704,0.0122034327,-0.04341924938
30.37875588,0.05174471438,-0.05288076401,0.1552113295,-0.1121039838,-1.914797902,0.4608435035,-1.065559303,0.007726569013,-0.04180736695
30.38881188,0.06459948421,0.0301656127,0.07736223936,-0.233727634,-1.91122508,0.4289295077,-1.084810984,0.002967575038,-0.04115936461
30.39886788,0.05116511881,0.06264251471,0.03591823578,-0.4616111517,-1.868994951,0.3199974,-1.103847568,-0.002022244372,-0.04253906602
30.40892288,0.02037838101,-0.0008881092072,0.1003204584,-0.6052197218,-1.786669016,0.2754088938,-1.122251877,-0.007087581948,-0.04611227785
30.41897888,-0.004622161388,0.0385363698,0.1226170063,-0.5507040024,-1.690393329,0.2684155405,-1.139765751,-0.01215554208,-0.0503421031
30.42903488,-0.03916792572,0.09429484606,0.1459980011,-0.5773375034,-1.564782739,0.2366738617,-1.156159002,-0.01669015495,-0.05439595804
30.43909087,-0.02498063445,0.0443174243,0.1412875652,-0.7129332423,-1.433475971,0.2755002081,-1.17130212,-0.0216578467,-0.05936127888
30.44914687,0.0110142231,-0.0536878705,0.1001435518,-0.8061686754,-1.357727408,0.3278723359,-1.185437328,-0.02738440458,-0.06529058579
30.45920288,0.02690985799,-0.05414879322,0.04812872037,-1.089298844,-1.382872581,0.3555170596,-1.199454375,-0.03415611857,-0.07266648485
30.46925888,0.01857200265,-0.06870019436,-0.03053475171,-1.713626385,-1.415747643,0.2595170438,-1.213997606,-0.04207686763,-0.08467174708
30.47931388,0.002579197288,-0.263148427,-0.03564631939,-1.999529243,-1.465807796,0.2462251037,-1.229113216,-0.05088225502,-0.1019163967
30.48936988,0.01665943861,-0.2505258918,-0.02835954726,-1.711570501,-1.616374373,0.3418925107,-1.245452777,-0.05982358211,-0.1188201441
30.49942588,0.04802916944,0.1231994033,-0.1510043144,-1.167470455,-1.771426082,0.2481806576,-1.263280349,-0.06726883959,-0.1318374483
30.50948188,0.09261652827,0.2659193873,-0.2867290974,-0.6063916683,-1.856271386,0.1723476797,-1.281998983,-0.07167421376,-0.1396880474
30.51953787,0.1479010284,0.1599769592,-0.191507712,-0.4326540828,-1.98175478,0.1406454742,-1.301611247,-0.07470032754,-0.1440527466
30.52959387,0.1752122045,0.1161310077,-0.124905467,-0.5103707314,-2.065582275,0.09426573664,-1.322271176,-0.07694919757,-0.1481591464
30.53964987,0.2137113512,0.1370670795,-0.1246801764,-0.7566968799,-2.183429241,-0.04561032355,-1.344166118,-0.07871016208,-0.154185396
30.54970488,0.1949208677,0.1134701371,-0.08248345554,-0.9289967418,-2.233834505,-0.1586556584,-1.367041758,-0.07951836531,-0.1627969618
30.55976088,0.1835582703,0.1669344306,-0.1036822796,-0.8210904598,-2.26308322,-0.2432825267,-1.390310824,-0.07926910515,-0.1721019019
30.56981688,0.1796210259,0.27623564,-0.1769431531,-0.4607492685,-2.229997635,-0.2782879174,-1.413393591,-0.07780370474,-0.1790506829
30.57987288,0.1430693716,0.3410786986,-0.1981443167,0.08044855297,-2.171265125,-0.2966743708,-1.435761529,-0.07518067479,-0.1814037519
30.58992888,0.1266600192,0.3140049577,-0.1900436431,0.6939319372,-2.076237202,-0.2727171183,-1.456943754,-0.07191424889,-0.1779475952
30.59998487,0.09800496697,0.2569531798,-0.1042749882,1.052075386,-1.975671768,-0.2908530831,-1.476662705,-0.06816525962,-0.1691309871
30.61003987,0.08601462841,0.169948101,-0.03182436526,0.755076766,-1.927335739,-0.3204240203,-1.495611248,-0.06428665754,-0.1598049931
30.62009588,0.09651904553,-0.04441672564,0.1177110523,0.1637742072,-1.942694306,-0.3115695119,-1.514734035,-0.0608221879,-0.1553621419
30.63015188,0.1063320935,-0.08818554878,0.1047569513,0.03275813162,-1.976998925,-0.2674167156,-1.534424352,-0.05794472578,-0.1548668147
30.64020788,0.1047688201,0.06755185127,-0.07207962871,0.1128142178,-1.938424349,-0.3140032887,-1.554090011,-0.05502771207,-0.1542138995
30.65026388,0.08918773383,0.1427075863,-0.03521645069,0.1888224334,-1.944557309,-0.3473564386,-1.573469109,-0.05167342099,-0.1527161766
30.66031988,0.1223398522,0.04378896952,0.05931007862,0.2532792687,-1.99605608,-0.3334986269,-1.593178982,-0.04825625666,-0.1504494306
30.67037588,0.1392319649,0.004643917084,0.1147226542,0.4405522346,-2.039847374,-0.3401067555,-1.613361157,-0.04503566549,-0.146908761
30.68043087,0.113339223,0.02024513483,0.1624331474,0.6057085991,-1.999435544,-0.3288787305,-1.63344721,-0.04189769038,-0.1414071515
30.69048687,0.1148281395,0.006012141705,0.2299614102,0.7819060087,-1.934591055,-0.2679490745,-1.652936078,-0.03941051109,-0.1343162684
30.70054287,0.1114527136,-0.04327058792,0.2465552092,0.7984938025,-1.869844794,-0.2564133108,-1.671793669,-0.03757210483,-0.1258544486
30.71059888,0.09726453573,-0.09379327297,0.3294137716,0.6002233028,-1.76052177,-0.2247656435,-1.689764076,-0.0359847308,-0.1185612942
30.72065488,0.07317396253,-0.1524611712,0.3728563786,0.5278488994,-1.686701417,-0.1826092452,-1.706855742,-0.0346575249,-0.1128676365
30.73071088,0.07045545429,-0.09585547447,0.2990414798,0.6814174056,-1.712542534,-0.21944502,-1.723710787,-0.03356574347,-0.1065637534
30.74076588,0.05986841768,-0.0254201889,0.3087455034,0.8107687235,-1.748477101,-0.2313324213,-1.740910545,-0.03249258725,-0.0987982371
30.75082188,0.04764758795,-0.0380704999,0.2839432955,1.149268746,-1.717309356,-0.1745583564,-1.758090342,-0.03216398962,-0.08898717244
30.76087788,0.0115351975,-0.06515651941,0.2779334784,1.912067294,-1.652261734,-0.0716753453,-1.774560085,-0.03387922368,-0.07382315956
30.77093387,-0.007142230868,0.05923700333,0.2975481451,2.809303522,-1.526135802,0.07247810066,-1.7896808,-0.03897988021,-0.05044825947
30.78098987,0.001809939742,0.130536437,0.3137036562,2.759497643,-1.301496267,0.05500701442,-1.802809492,-0.04611046503,-0.02246137279
30.79104588,-0.002840228379,-0.179205358,0.5405082703,1.755484104,-1.024623156,0.1380728781,-1.813457047,-0.05230569731,-0.0003060534307
30.80110188,-0.01092136651,-0.5181469917,0.7114714384,0.847135663,-0.8744459152,0.3564655185,-1.822234444,-0.05784583368,0.01172504557
30.81115688,-0.02639636397,-0.3807380199,0.5407485962,0.4531617761,-0.7865629196,0.4014774561,-1.830298655,-0.06326889318,0.01660351553
30.82121288,-0.05842743814,-0.09385925531,0.2928794622,0.3789097667,-0.7228522301,0.3109216094,-1.837647683,-0.06777009278,0.0197850604
30.83126888,-0.05844576657,0.02630209923,0.2629121542,0.3213585913,-0.7106949091,0.3022764325,-1.844701181,-0.07164171486,0.0223345692
30.84132488,-0.04751238227,-0.01185375452,0.2107770443,0.2666732371,-0.6291041374,0.3003213108,-1.851291334,-0.07539505965,0.02434236136
30.85138087,-0.04597717524,0.02903103828,0.1456557512,0.3363809586,-0.5429530144,0.2662008703,-1.857037545,-0.07896455993,0.02642836671
30.86143687,-0.01009617001,0.1311778426,0.1185873747,0.3467793167,-0.5196558833,0.2169953883,-1.862102732,-0.08228694977,0.02905270869
30.87149288,0.002110309899,0.1785653234,0.01428401098,0.2382759899,-0.4696371555,0.1558382958,-1.86690583,-0.08493474384,0.03139388677
30.88154788,-0.04368497431,0.1278108358,-0.09704566002,0.1985580474,-0.4208807945,0.1042657495,-1.871298818,-0.08685902338,0.03311609669
30.89160388,-0.09706433862,0.1608020067,-0.1509507895,0.1695636809,-0.4072802961,0.05431949347,-1.875268552,-0.08810867932,0.03458210973
30.90165988,-0.1105634272,0.2606474757,-0.2198882103,0.1393212825,-0.513295114,-0.07222827524,-1.879699822,-0.0886020565,0.03616527456
30.91171588,-0.1201106906,0.2002494335,-0.2521375418,-0.01370102726,-0.6230402589,-0.1581296027,-1.88529945,-0.08766728585,0.03714541756
30.92177188,-0.1065783724,0.1504234672,-0.2283371687,-0.05389882252,-0.7722733617,-0.2497294694,-1.892312313,-0.08566414015,0.03744062358
30.93182787,-0.07592054456,0.2066556215,-0.1886621714,-0.04765211418,-0.9217320681,-0.3271318674,-1.900793738,-0.08270214301,0.03777893879
30.94188287,-0.03617059439,0.2096874118,-0.2216053009,-0.03107224777,-0.9736152291,-0.3681819439,-1.910299518,-0.07934002855,0.03858049974
30.95193888,-0.02434191108,0.1591746211,-0.1579276323,-0.05219724029,-0.9913992882,-0.3982873857,-1.920094198,-0.07555439089,0.03949793805
30.96199488,-0.02138885856,0.1257200837,-0.1087177992,-0.2118655592,-0.9769705534,-0.4297390282,-1.930015525,-0.07121412238,0.03978839255
30.97205088,-0.02671136707,0.0803283453,-0.0580124855,-0.2866942585,-0.8980770707,-0.4240915477,-1.939567787,-0.06626547017,0.0387970495
30.98210688,-0.03071941435,0.05680775642,-0.0118107833,-0.126587674,-0.8008548617,-0.4163716137,-1.94808453,-0.06152802923,0.03837278435
30.99216288,-0.01054349542,0.1393777728,0.04651701078,0.05149471015,-0.7562178969,-0.4215112627,-1.955812894,-0.05752913897,0.03957359348
31.00221888,0.01196959615,0.09027212858,0.02140330896,0.1026057452,-0.6387312412,-0.4349497259,-1.962758649,-0.05380088135,0.04196304353
31.01227387,0.04588001221,-0.028609097,0.1090186834,0.1801063865,-0.5872811079,-0.4085790813,-1.968708906,-0.0504060614,0.04480314494
31.02232987,0.06924335659,-0.0074660182,0.1216794252,0.2460729927,-0.5600449443,-0.4223918617,-1.974286996,-0.04746553425,0.04856477489
31.03238587,0.08032656461,0.00688034296,0.1422182322,0.1925266683,-0.5140228271,-0.3727965951,-1.97951245,-0.04463979198,0.05220679516
31.04244188,0.07890576124,-0.05687958002,0.1457262039,0.1053440049,-0.451051861,-0.3104207218,-1.984272422,-0.04213379372,0.0550207283
31.05249788,0.06784622371,-0.0633918047,0.1673539877,-0.01945438609,-0.3410401642,-0.2140926123,-1.988236501,-0.03983563228,0.05640416228
31.06255388,0.09570969641,-0.08827340603,0.1274849176,0.03401532024,-0.2331299335,-0.1630290449,-1.991070232,-0.03814693745,0.05713727735
31.07260888,0.08176142722,-0.1026551127,0.1674257517,0.169401899,-0.1362867504,-0.1729964614,-1.992869166,-0.03700578793,0.05874755296
31.08266488,0.05311293155,-0.1157301664,0.222358346,0.2922415137,-0.09393303096,-0.1363900602,-1.993875999,-0.03654323966,0.06148986672
31.09272087,0.06375691295,-0.1547339559,0.2034397125,0.3283510506,-0.1438843459,-0.140660435,-1.994911312,-0.03660166776,0.06497066616
31.10277725,0.03932972252,-0.1642004251,0.1106836796,0.2523696721,-0.1876814961,-0.1475759447,-1.996456891,-0.03649595463,0.06830757901
31.11283325,-0.01998338848,-0.1566499472,0.09068584442,0.08183415234,-0.2570906878,-0.1251550466,-1.998615761,-0.03601477318,0.07048119055
31.12288925,-0.03194326162,-0.1786292195,0.07748937607,-0.141267553,-0.28991732,-0.1034333557,-2.001437026,-0.03481834223,0.07067764288
31.13294525,-0.01692748815,-0.1678234339,0.05230009556,-0.2595500052,-0.2722272873,-0.04964575917,-2.004329143,-0.03323788726,0.06909485928
31.14300025,0.01509615034,-0.09153401852,0.07810521126,-0.3512210846,-0.223486498,0.01019491069,-2.006944919,-0.03177513575,0.06645211134
31.15305625,0.04409729689,-0.100944519,0.116767168,-0.5646140575,-0.07096327096,0.1054838821,-2.008647342,-0.03036335494,0.06207021436
31.16311225,0.04221281409,-0.183471024,0.225138545,-0.7522616386,0.1567540467,0.1778491586,-2.008442046,-0.02877552302,0.05535791661
31.17316825,0.04987538606,-0.2092428207,0.3097258806,-0.6822394133,0.3627841473,0.2306013107,-2.006061446,-0.02756831715,0.04774802047
31.18322425,0.04462401569,-0.171713233,0.3138589859,-0.3702071905,0.5395220518,0.195342958,-2.001656274,-0.02726815293,0.04187478916
31.19328025,0.03288578987,-0.1293773651,0.2902026176,0.09563402832,0.6407064795,0.1552541256,-1.995731591,-0.02816660556,0.03991023816
31.20333625,0.0728874281,0.0546681881,0.2349282503,0.4597928822,0.6519681811,0.2498901933,-1.989096653,-0.03121627153,0.04176330853
31.21339125,0.09238275141,0.3279688954,0.2452981472,0.3440734744,0.4632613659,0.2390189171,-1.983362793,-0.03526523362,0.04466214077
31.22344725,0.07035844773,0.04253214598,0.06454193592,0.04228989407,0.3476355672,0.2454703897,-1.979321876,-0.03826267992,0.04561286169
31.23350325,0.003432318568,-0.1544618607,-0.08465409279,-0.3257496357,0.3320733905,0.2680129707,-1.976012836,-0.04008077062,0.04326724353
31.24355925,-0.023315534,0.07848727703,-0.1443784237,-0.4982878268,0.2995635271,0.2686274052,-1.972965588,-0.04091440588,0.03833088151
31.25361525,0.04093096405,0.01541155577,-0.2142012119,-0.5348343253,0.2253750563,0.2913473547,-1.970624012,-0.04152461335,0.03234685874
31.26367125,-0.0190712586,-0.02037036419,-0.2315994501,-0.4927259386,0.1876456439,0.2371577471,-1.968825291,-0.04192478594,0.0265191558
31.27372625,-0.09076859057,-0.007960677147,-0.1474997997,-0.4394621849,0.1235129982,0.2166016102,-1.967382834,-0.04220866059,0.021319006
31.28378225,-0.100739494,-0.03306490183,-0.06006193161,-0.4141507745,0.05663330108,0.221241951,-1.966678335,-0.04257870192,0.01654539217
31.29383825,-0.07796241343,-0.02177405357,-0.02932501584,-0.3803704381,0.02232273296,0.2146032155,-1.966533688,-0.04307201322,0.01199684604
31.30389425,-0.0584365055,0.03746259212,-0.03193115443,-0.307633549,0.03849757463,0.1945250481,-1.966420612,-0.04358764986,0.007941760818
31.31395025,-0.04421129078,0.04926007986,-0.04671525955,-0.143943131,0.1436303854,0.1753111333,-1.965663584,-0.04442056122,0.005113135202
31.32400625,-0.02779319137,0.09275048971,0.01506281644,0.002364270855,0.2578781247,0.1744879037,-1.963701478,-0.04579377683,0.003865026661
31.33406225,0.03184123337,0.1024141312,0.0519329235,0.02072756365,0.3743466735,0.1694372147,-1.960549542,-0.04749348408,0.003392139391
31.34411725,0.0759806782,0.1123860478,0.08916103095,0.0127963163,0.5084584355,0.1621746719,-1.956106845,-0.04909518176,0.002779465696
31.35417325,0.07762678713,0.128693223,0.1294267178,0.06986945122,0.5897610188,0.08000949025,-1.950564429,-0.05037316843,0.002648217465
31.36422925,0.07519301772,0.1095466018,0.1765373945,0.1081959009,0.6205146313,-0.0008880199166,-1.94443488,-0.05112748946,0.003390792674
31.37428525,0.06941395998,0.1253510118,0.2025933266,0.1001419649,0.6917192936,-0.09117423743,-1.93775325,-0.05107091782,0.00451925846
31.38434125,0.06059669703,0.1389914155,0.239505291,0.1172314659,0.7121201754,-0.1164136529,-1.930613723,-0.05047556533,0.005874245559
31.39439725,0.06806730479,0.139882803,0.1944642067,0.1267325729,0.7328422666,-0.1759811044,-1.923288829,-0.04959332524,0.00751469357
31.40445225,0.03044466674,0.100169003,0.1832581758,0.1248033717,0.7826588154,-0.2251603752,-1.915556154,-0.04809503799,0.009419233889
31.41450825,0.01040775329,0.04836922884,0.1908160448,0.1071466058,0.8348311782,-0.2176710367,-1.907350019,-0.04639160549,0.01125798241
31.42456425,-0.00500652194,0.07464802265,0.1857111454,0.08588153124,0.9020608068,-0.2069145292,-1.898541456,-0.04468249209,0.01280221783
31.43462025,-0.03377073258,0.03855979443,0.1714035273,0.1026812866,0.9833077192,-0.194452256,-1.888980087,-0.04306658705,0.01432224625
31.44467625,-0.05892985314,-0.02278804779,0.1731117964,0.1235040054,1.057352424,-0.1656499058,-1.87865628,-0.04166920063,0.01593179716
31.45473225,-0.06250989437,-0.01284265518,0.158509016,0.1496525258,1.129685521,-0.1652022302,-1.867587136,-0.04050431472,0.01776489574
31.46478825,-0.05476865917,-0.01115494967,0.1835660934,0.1683300734,1.171252847,-0.1386248916,-1.85588262,-0.03951447148,0.01974059728
31.47484325,-0.03776744753,-0.03530299664,0.1747126579,0.227197513,1.188105464,-0.1270685643,-1.843940878,-0.03881014524,0.02202490335
31.48489925,-0.05509083718,-0.03446489573,0.175969243,0.2423717976,1.264411569,-0.1254612654,-1.831542818,-0.03817780841,0.02465615501
31.49495525,-0.06326938421,-0.0417201519,0.2117129564,0.2599196434,1.365268111,-0.08244695514,-1.818234636,-0.03778774882,0.02735610397
31.50501125,-0.04808013141,-0.04898625612,0.2526628971,0.2632292211,1.474217415,-0.06533899158,-1.80388133,-0.037689166,0.03005699401
31.51506725,-0.03829661757,-0.05408364534,0.3119035959,0.2338254899,1.623657227,-0.02866726741,-1.788221002,-0.0377771379,0.03262771598
31.52512325,-0.02405094355,-0.07519698143,0.3568168879,0.1949071288,1.77083385,-0.0196815487,-1.77103883,-0.03802208049,0.03478016701
31.53517825,-0.02005998045,-0.08710360527,0.3789305687,0.2010798007,1.887596965,-0.0002165038895,-1.752552683,-0.03826506848,0.03665560666
31.54523425,0.004065103829,-0.04822552204,0.3400706053,0.2966626287,1.981584549,0.01138726156,-1.732993058,-0.03877266958,0.0391188816
31.55529025,0.02315783501,0.004567682743,0.3158934116,0.2942479253,2.061530828,-0.01257532928,-1.712577112,-0.03921686045,0.04207080953
31.56534625,0.03886440396,-0.0246912837,0.3450790644,0.1687860936,2.099164486,-0.04843572527,-1.691525572,-0.03922264748,0.04442601146
31.57540225,0.07235688716,-0.06148517132,0.3560297489,-0.0004029314732,2.113213778,-0.05922445655,-1.670321206,-0.03876466238,0.04525751671
31.58545825,0.1041472331,0.001171469688,0.2791137695,0.05084551871,2.117355347,-0.08889532089,-1.649016331,-0.03806405715,0.04533609512
31.59551425,0.09905901551,0.08452862501,0.1560838223,0.2545624375,2.104277372,-0.1178742424,-1.627723117,-0.03709931153,0.0468822533
31.60556925,0.09207995981,0.1358705759,0.05654627085,0.3643756211,2.072347164,-0.148758471,-1.606644708,-0.0359257195,0.05012494114
31.61562525,0.09821035713,0.08900088072,-0.022957623,0.2606982291,2.006203175,-0.1668250859,-1.585980391,-0.0343838932,0.05335447276
31.62568125,0.1029227152,0.03095370531,-0.06371706724,0.1050021872,1.906250358,-0.1771679968,-1.566250066,-0.0326955818,0.05513974809
31.63573725,0.07703055441,0.02842533588,-0.1546779871,0.03889933228,1.831836343,-0.2151068598,-1.54746446,-0.03071476619,0.05576878588
31.64579325,0.04696649313,0.04312777519,-0.1986956,-0.002009882824,1.720045686,-0.266471684,-1.529562879,-0.02829750325,0.05584223948
31.65584925,0.04268401861,0.02608162165,-0.2391596437,-0.05056996271,1.61197865,-0.2728843093,-1.512842158,-0.02558612864,0.05544087791
31.66590525,0.0506554544,0.02288967371,-0.2568618655,-0.130937323,1.524872303,-0.2545936406,-1.497132021,-0.02298075962,0.05437675153
31.67596025,0.06880801916,0.01486587524,-0.225613296,-0.1871241629,1.476317763,-0.2343432158,-1.482131449,-0.02066830894,0.05254852518
31.68601625,0.102926895,0.0001537799835,-0.2390737534,-0.143809393,1.447451353,-0.203808412,-1.467490667,-0.01867261317,0.05056105897
31.69607225,0.136493966,0.02421033382,-0.2531386614,-0.01738781855,1.424367905,-0.234966591,-1.453069951,-0.01660003496,0.04948946132
31.70612825,0.1483978629,0.05249977112,-0.2195503712,0.03126564622,1.393591642,-0.2451706529,-1.438916935,-0.01413891986,0.04934195582
31.71618425,0.1576045007,0.03175163269,-0.1951091886,-0.03210347146,1.386051893,-0.2314793468,-1.424981384,-0.01179136196,0.04906036637
31.72624025,0.1618438214,-0.0197660923,-0.1439371705,-0.1066394001,1.39758122,-0.2538400292,-1.410998461,-0.009489192534,0.04796521407
31.73629525,0.1637304276,-0.01186966896,-0.05380767584,-0.1485690027,1.419415951,-0.2467594892,-1.396893421,-0.00722651219,0.04623361857
31.74635125,0.1670885831,0.0126696229,-0.0001226589084,-0.08665912598,1.453038931,-0.2444598973,-1.382433789,-0.005050971464,0.04456607675
31.75640725,0.1564626694,-0.01219141483,0.03646570817,0.01207704097,1.467163801,-0.2606186271,-1.367785597,-0.002586668992,0.04371587486
31.76646325,0.1545114964,0.002299726009,0.06284433603,0.02356716059,1.490393758,-0.2436576486,-1.352966299,-7.92E-05,0.04339089738
31.77651925,0.1372074187,0.004415392876,0.09104442596,-0.008170794696,1.542212963,-0.2359491289,-1.337706579,0.002287155318,0.04296863809
31.78657525,0.120075196,-0.05283737183,0.1238011718,-0.1019906327,1.585200906,-0.2377419472,-1.32198857,0.004453700719,0.04187919264
31.79663125,0.0942697376,-0.08007049561,0.161888063,-0.223401472,1.636501908,-0.2304174602,-1.305793692,0.00633430597,0.0396580192
31.80668625,0.06883385777,-0.0729932785,0.1760392189,-0.2089417577,1.680613875,-0.1966724396,-1.289049861,0.007730080515,0.03687760591
31.81674225,0.05910529196,-0.05430912971,0.1446487308,-0.1298655868,1.703823686,-0.1820695251,-1.272029723,0.009056396928,0.03476052035
31.82679825,0.04643267393,-0.0318068862,0.1302238107,-0.1112263352,1.74478066,-0.1579444557,-1.254679315,0.01028879868,0.03303361091
31.83685425,0.03908935189,-0.0799382329,0.1275686026,-0.1588947922,1.741291404,-0.1224913895,-1.237134062,0.01120605855,0.03124209359
31.84691025,0.04726040363,-0.09700012207,0.1039664149,-0.1619899273,1.738028288,-0.07762436569,-1.219593676,0.01154781213,0.02933029685
31.85696625,0.05146312714,-0.08321040869,0.06323730201,-0.1451888382,1.687060952,-0.05997107178,-1.202321616,0.01168681742,0.02764652413
31.86702225,0.06312595308,-0.04470419884,-0.005369603634,-0.1614698172,1.63394022,-0.02972965501,-1.185608402,0.01151868009,0.0260374414
31.87707725,0.04466457665,-0.04248434305,-0.04597300291,-0.1618809998,1.553278208,-0.01129871607,-1.169543688,0.01104704067,0.0244193745
31.88713325,0.01552529633,-0.0569549799,-0.08547365665,-0.137499541,1.495074868,-0.002460669959,-1.154238409,0.01050349291,0.02302607224
31.89718925,-0.01972237229,-0.02565032244,-0.08503085375,-0.1710926443,1.481393456,0.01118829753,-1.139276057,0.009846948927,0.02164806535
31.90724525,-0.02020040154,-0.0452144742,-0.06379723549,-0.2191969752,1.503904819,0.06110163406,-1.124263542,0.008691532053,0.01997515223
31.91730125,0.0010343045,-0.09389650822,-0.0220663026,-0.208804518,1.574408889,0.1148831099,-1.108791502,0.006920149013,0.01838628121
31.92735725,0.01945433021,-0.06837403774,0.02598851919,-0.1580140889,1.642358184,0.1452292651,-1.092572608,0.004898655953,0.01728645281
31.93741225,0.06097722054,-0.05952197313,-0.01399379969,-0.04401321337,1.678806424,0.1633970886,-1.075847968,0.003031470892,0.01714114299
31.94746825,0.09327143431,-0.05248868465,-0.02621752024,0.05342013389,1.657899737,0.180244565,-1.059019619,0.001563400831,0.01798707256
31.95752425,0.1070760638,-0.007319748402,-0.0629671216,0.1510918289,1.601648092,0.1929851174,-1.042598633,0.0004396704843,0.01986923488
31.96758025,0.1041489393,-0.0022559762,-0.1086636633,0.1208955795,1.501019835,0.1741251498,-1.02695763,-0.0004109427218,0.0220534632
31.97763625,0.1022705883,-0.0295124054,-0.09236204624,-0.04700234532,1.379692078,0.1405080706,-1.012481374,-0.001512528958,0.02328922285
31.98769225,0.09313453734,-0.04401916265,-0.05822474509,-0.250443846,1.31344676,0.1305359304,-0.9989956018,-0.003484203792,0.02272490851
31.99774825,0.07696054876,-0.03839313984,-0.01829903573,-0.3471040726,1.332533956,0.1433627903,-0.985751747,-0.006333053972,0.02084541521
32.00780325,0.06471982598,-0.01969641447,0.03419470787,-0.3106599152,1.41592288,0.1712686419,-0.9719732462,-0.009524794352,0.01892353693
32.01785925,0.06049270928,-0.01408535242,0.05398935825,-0.1990881115,1.526180983,0.1981133074,-0.957186585,-0.01252228683,0.01787046387
32.02791525,0.0688950941,-0.01919329166,0.04961907119,-0.1080390662,1.595935345,0.2198702097,-0.9414315539,-0.01515119428,0.01780844356
32.03797125,0.09170749784,-0.01322114468,-0.01272785664,0.05115085095,1.592682004,0.2358302772,-0.9253426836,-0.01717790545,0.01891826111
32.04802725,0.09917370975,0.01587498188,-0.09479379654,0.1539436728,1.522090554,0.238934949,-0.9096440296,-0.01845489457,0.02119637696
32.05808325,0.09518542141,0.03457313776,-0.1303959489,0.1303573847,1.447225094,0.2014232725,-0.8946453725,-0.01922351074,0.02376317286
32.06813825,0.09117664397,0.01186794043,-0.04593157768,-0.05178067833,1.31449008,0.1742015928,-0.8807006577,-0.02043823803,0.02525044634
32.07819425,0.09280244261,-0.004415214062,0.001435101032,-0.2698876858,1.197084069,0.1819335371,-0.8681695292,-0.02279642332,0.02518196961
32.08825025,0.08578439057,0.01204931736,-0.01940071583,-0.3489027917,1.232084632,0.2097455114,-0.8560518408,-0.02639730733,0.02400334713
32.09830487,0.04702962935,0.02545982599,0.01849257946,-0.3324767053,1.345834732,0.2056216151,-0.843145767,-0.03026669816,0.02276270713
32.10836088,0.03244488686,0.05865621567,0.01720852405,-0.1322808564,1.434313655,0.2235086858,-0.8291624639,-0.03354429491,0.02237555835
32.11841688,0.06232409179,0.1081049442,-0.07394021749,0.07594958693,1.465153098,0.1918769926,-0.8144942137,-0.03521789471,0.02365616761
32.12847288,0.08028448373,0.162814796,-0.0919495225,0.1463395208,1.436089277,0.1929009557,-0.7998123033,-0.0357949164,0.02582899579
32.13852788,0.0824206993,0.1073914766,-0.1251377463,0.1271972507,1.337037802,0.1206792369,-0.7856835655,-0.03585090839,0.02798450364
32.14858388,0.06347565353,0.05113810301,-0.09605901688,-0.03971735761,1.268887401,0.06484228373,-0.7725283875,-0.03623099925,0.02897331628
32.15863988,0.04690996557,0.06745910645,-0.07447957247,-0.2116286606,1.210188746,0.003919012379,-0.7601310903,-0.03740105513,0.02831725373
32.16869587,0.03810470551,0.07112544775,-0.05119246244,-0.2981949747,1.186298251,-0.03773517162,-0.7481893183,-0.03917341513,0.02640182378
32.17875187,0.03559107333,0.07629412413,-0.005629248917,-0.3814888,1.208696008,-0.06567279994,-0.7362938217,-0.04132765821,0.02370345897
32.18880787,0.02223720402,0.09698385,0.05661922693,-0.4706577957,1.285596848,-0.06131653115,-0.7239280745,-0.04410028787,0.02034746255
32.19886288,0.019875139,0.05083423853,0.08160649985,-0.4870106876,1.367055774,-0.07497721165,-0.7107503591,-0.04732461025,0.01664529376
32.20891888,0.03219153732,0.03204327822,0.05083495378,-0.3985056877,1.404213548,-0.08048966527,-0.6969607917,-0.05031173455,0.01304025489
32.21897488,0.05506883562,0.1062885523,-0.01233684272,-0.218631804,1.381381512,-0.07134436816,-0.683046124,-0.05225770182,0.01047738316
32.22903088,0.06205629557,0.1287248135,-0.0534568429,-0.1814679801,1.339314342,-0.09848999232,-0.6694396615,-0.0532110809,0.008627166432
32.23908688,0.06095780432,0.06503933668,-0.06793266535,-0.2513173521,1.255260229,-0.1337641031,-0.6565448559,-0.05418613245,0.006408371469
32.24914287,0.04448920488,-0.01863270998,-0.04670590162,-0.3796750009,1.177039623,-0.1677405834,-0.6445040377,-0.05584950853,0.003265964996
32.25919887,0.02830281109,-0.03016352654,-0.02665627003,-0.4305022359,1.11301899,-0.1698777676,-0.6332010492,-0.05812922903,-0.0005936336801
32.26925387,0.02606144547,-0.02218014002,-0.07413089275,-0.3896107972,1.050261974,-0.1393775195,-0.6225935895,-0.06060542649,-0.004373589761
32.27930988,0.02509357035,-0.03883570433,-0.1462852359,-0.298073411,0.9910050631,-0.08863656223,-0.6124757715,-0.0628340336,-0.007334560456
32.28936588,0.01220315695,-0.07228451967,-0.182279706,-0.2713004053,0.9027433991,-0.05358201638,-0.6031125819,-0.06468561988,-0.009480792271
32.29942188,0.003126733005,-0.06772321463,-0.1708796024,-0.4494360387,0.8533740044,-0.02026320994,-0.5944487569,-0.06741716503,-0.01176304727
32.30947788,0.001543737948,-0.07488423586,-0.1517163515,-0.6489611268,0.7873233557,0.01537451986,-0.586393381,-0.07202264922,-0.01488986858
32.31953388,0.01175417751,-0.09694325924,-0.1602423787,-0.7424364686,0.7182007432,0.02978727967,-0.5790823184,-0.07814884667,-0.01859096962
32.32958887,-0.002780534327,-0.06324970722,-0.1573835611,-0.6475608349,0.6709213853,0.0326262638,-0.5723668603,-0.084314223,-0.02220528916
32.33964487,-0.02371349186,0.002679228783,-0.1337735057,-0.5017122626,0.6701895595,0.008270590566,-0.5658970942,-0.08929449099,-0.02519795196
32.34970087,-0.02345690131,0.03352218866,-0.09631979465,-0.3913065493,0.6832578182,0.01025366038,-0.5592934097,-0.09309755984,-0.02747025825
32.35975688,-0.002747900784,0.01882731915,-0.05590754747,-0.3454495668,0.6941272616,0.007074645255,-0.5525196825,-0.09632787515,-0.02935008925
32.36981288,0.01915890723,-0.01084083319,-0.0504732728,-0.2688137889,0.6874145865,0.02893645503,-0.5457343819,-0.0990741179,-0.03081659218
32.37986888,0.04864455014,0.005866885185,-0.06267613173,-0.2198582292,0.6512411237,0.02569751814,-0.5390962624,-0.1012855949,-0.03182005289
32.38992488,0.05954614282,0.0398555994,-0.02753454447,-0.2425264418,0.6416481137,0.0226489976,-0.5327066282,-0.1033896945,-0.03278027035
32.39997988,0.05810200423,0.0203204751,0.02106827497,-0.3510763645,0.6288335323,0.0231581945,-0.5264922444,-0.1060780816,-0.03410320593
32.41003588,0.05447003245,0.00128942728,0.06892639399,-0.4529353678,0.6427897215,0.027731454,-0.5202952524,-0.1098039017,-0.03592505055
32.42009187,0.03703350574,-0.01840901375,0.1272857189,-0.4584971368,0.6434416771,-0.01076933276,-0.5140688416,-0.1138117077,-0.03812250935
32.43014787,0.02711754292,-0.007890343666,0.1559191942,-0.4951686561,0.6972437501,0.0001316510898,-0.5076421312,-0.1180243812,-0.04059811421
32.44020388,0.02791623771,0.02822840214,0.1458493471,-0.420417428,0.7459527254,-0.01240731031,-0.5006721447,-0.1220690845,-0.04285650292
32.45025988,0.01546616107,0.01863718033,0.1262954473,-0.3084294796,0.8048655987,-0.02511330508,-0.4930795724,-0.1252444855,-0.044822437
32.46031588,0.02201982588,0.008438289165,0.1000579596,-0.2017602772,0.821172893,-0.04052048922,-0.4850849848,-0.1273604875,-0.04634173
32.47037088,0.03570707142,0.05221766233,0.04901003838,-0.09775869548,0.8093596697,-0.04639840499,-0.4770092632,-0.1284890899,-0.04741873699
32.48042688,0.04186346382,0.05203258991,-0.005484102294,-0.06531126797,0.7591193914,-0.05542279407,-0.4692195635,-0.1289643448,-0.04824230245
32.49048288,0.03988333791,0.0107229948,-0.03287911415,-0.09435366094,0.6957284808,-0.06899921596,-0.4620356611,-0.129380781,-0.04919184331
32.50053887,0.02067764103,-0.02855330706,-0.04103386402,-0.1473819911,0.6541045904,-0.08474116027,-0.4554270654,-0.1301415266,-0.05043716326
32.51059487,-0.004255734384,-0.03921365738,-0.04141449928,-0.1945202649,0.6155815125,-0.0896718204,-0.4492382396,-0.131329829,-0.05199877526
32.52065087,-0.006227985024,-0.02801918983,-0.06821906567,-0.1972822249,0.5843202472,-0.07130799443,-0.4434063559,-0.1327987744,-0.05362788152
32.53070588,-0.0005081668496,-0.007415652275,-0.1121964455,-0.1542669386,0.5536598563,-0.04886041954,-0.4378741279,-0.1341844248,-0.05496627578
32.54076188,0.004045806825,-0.008789181709,-0.1734551191,-0.04753275961,0.5078662634,-0.03401808813,-0.4326231781,-0.1349972919,-0.05578246911
32.55081788,0.01898650825,-0.009616017342,-0.224676013,0.04402050376,0.4416560829,-0.02402164787,-0.4278970984,-0.1348891871,-0.05605674672
32.56087388,0.03305698186,0.01860839128,-0.2198369503,0.06654791534,0.3465958834,-0.02546561509,-0.423937849,-0.1341952318,-0.05603482889
32.57092988,0.04901580513,0.0191899538,-0.2017189264,-0.006347284652,0.2523848116,-0.02453779429,-0.4209716654,-0.1337824202,-0.05613141788
32.58098587,0.06506383419,-0.008608400822,-0.1811913252,-0.07134439051,0.1738591194,-0.03296323866,-0.4188935186,-0.1340825034,-0.05655095801
32.59104187,0.06141208857,-0.02613145113,-0.1506849527,-0.07399424165,0.1239813194,-0.04694867134,-0.4174924535,-0.1346177127,-0.05724093975
32.60109687,0.0556891039,0.03544563055,-0.1322027445,-0.00872788392,0.1187298298,-0.04657129943,-0.4163700935,-0.1348264965,-0.05784547163
32.61115288,0.04895707965,0.05460757017,-0.1086395979,0.05861023068,0.1077067405,-0.05628821626,-0.4152837911,-0.1343667905,-0.05820189272
32.62120888,0.05117806047,0.02884739637,-0.05862569809,0.08140929043,0.109995991,-0.06084115431,-0.414248235,-0.133466603,-0.05846231446
32.63126488,0.04663692415,0.01396393776,0.003073692322,0.08087949455,0.128933996,-0.05690340698,-0.4130619428,-0.1324922562,-0.05866892883
32.64132088,0.03912889957,0.005122423172,0.05192244053,0.07395821065,0.1548606753,-0.05477127805,-0.4116852454,-0.1315622336,-0.05886908535
32.65137688,0.03141114861,-0.008163034916,0.08041334152,0.06266928464,0.2033753395,-0.04262595996,-0.4099029698,-0.1307397111,-0.05904773988
32.66143288,0.02198442072,-0.01468843222,0.1099202633,0.05197776109,0.2696206868,-0.02426186576,-0.4075170627,-0.1300903174,-0.05910825071
32.67148787,0.01570930332,-0.01753407717,0.1333632469,0.0498858951,0.2948600948,-0.009839490056,-0.4046628547,-0.1295767277,-0.05906367464
32.68154387,0.02261226624,-0.02137309313,0.1215720177,0.06577431411,0.3115426898,0.007342958357,-0.401564218,-0.1290493343,-0.0588391802
32.69159988,0.02244184911,-0.02206355333,0.1001461744,0.05079976097,0.304654032,0.009858554229,-0.3984074551,-0.1285128043,-0.05850491467
32.70165588,0.02472572029,-0.01004564762,0.07937538624,0.008013145998,0.2908854783,0.01865018159,-0.3953747236,-0.1283057203,-0.05822999515
32.71171188,0.02432969958,-0.02294003963,0.0723464489,-0.04452045634,0.2585634887,0.01915042847,-0.3926328115,-0.1285678215,-0.05813070874
32.72176788,0.01135005802,-0.03277468681,0.06523191929,-0.06956215948,0.231151849,0.01416525804,-0.3902097951,-0.1291841895,-0.05820456549
32.73182288,0.004932843149,-0.01546508074,0.03034758754,-0.05923575535,0.2229620814,0.02573797293,-0.3879512402,-0.1298942889,-0.05828503486
32.74187888,0.0003755539656,-0.008525073528,-0.007355093956,-0.02634678036,0.2102058083,0.02406524122,-0.3857729726,-0.1304442051,-0.05823013749
32.75193487,-0.001059405506,-0.02075004578,-0.04155552387,0.01646526344,0.2082019299,0.0465786159,-0.3836350143,-0.1306746899,-0.05793828428
32.76199087,0.006706871092,-0.01775354147,-0.06595170498,0.1156115532,0.2024678737,0.08149266243,-0.3814820859,-0.1304304683,-0.05713879386
32.77204688,0.01563703269,-0.002538263798,-0.09567582607,0.2608573437,0.1761734188,0.1116681919,-0.3793606518,-0.1291194783,-0.05553702226
32.78210288,0.02368979156,0.01097202301,-0.1368125677,0.410359472,0.1378534585,0.1436144114,-0.3774625322,-0.1264382159,-0.05304251368
32.79215888,0.02852795273,0.01639944315,-0.1564083099,0.4330888391,0.07192637026,0.1538451016,-0.3759972339,-0.1229644119,-0.05000611667
32.80221388,0.03115968406,-0.00887209177,-0.1450381279,0.3229807019,0.00556066446,0.155614242,-0.3752452839,-0.1199811535,-0.04711832507
32.81226988,0.03217386454,-0.0432536602,-0.139010787,0.1254146546,-0.0668618679,0.1252257675,-0.3753097708,-0.1184239757,-0.04499868515
32.82232588,0.03278788924,-0.04865580797,-0.1360425353,0.0320668593,-0.1264021695,0.1152729914,-0.376128052,-0.1181786242,-0.04359293474
32.83238187,0.03348718584,-0.004585683346,-0.137182951,0.07509351522,-0.1779079586,0.11845164,-0.377496601,-0.1181719379,-0.04230601648
32.84243787,0.02890679985,0.04183924198,-0.1368239522,0.1640105993,-0.2196330428,0.1151320115,-0.3793393834,-0.1174930073,-0.0407629581
32.85249387,0.02330034226,0.04901409149,-0.1068372726,0.2058379799,-0.2445489019,0.105334051,-0.3814587142,-0.1161256647,-0.0389984067
32.86254988,0.02622668445,0.03098207712,-0.05404031277,0.1703859866,-0.281850189,0.08693293482,-0.3839168762,-0.1147184986,-0.03735987553
32.87260488,0.02865597606,0.01641649008,-0.008653283119,0.1084091663,-0.3027176857,0.06532900035,-0.386729196,-0.1137040537,-0.03610983217
32.88266088,0.01758739352,0.01655733585,0.01949322224,0.07985901088,-0.2829149663,0.05155087262,-0.3896090787,-0.1130656059,-0.03519700769
32.89271688,-0.0005761012435,0.02457076311,0.06391209364,0.0668861419,-0.2433297187,0.03170888498,-0.3921871112,-0.1125637492,-0.03453995797
32.90277288,-0.01427316666,0.03804594278,0.1152296662,0.05849052221,-0.2168810666,0.01455732901,-0.3944439422,-0.1121046946,-0.03409667482
32.91282887,-0.01402798295,0.0291787982,0.1293541789,0.06138848886,-0.1825015247,-0.0003893430403,-0.3964146912,-0.1115680752,-0.03376715787
32.92288487,-0.0119337216,0.02024823427,0.1255300045,0.07448910922,-0.1539527029,-0.008823041804,-0.3980962096,-0.1109191781,-0.0335448298
32.93293987,-0.01176539063,0.01976019144,0.1137456894,0.08814672381,-0.1147295237,-0.0114207156,-0.3994185948,-0.110126451,-0.03329331969
32.94299588,-0.01515051723,0.01022428274,0.1097621322,0.08818481117,-0.07876487076,-0.003171840217,-0.4003629856,-0.1092786293,-0.03300636805
32.95305188,-0.01577489823,-0.004320383072,0.09936666489,0.0692159161,-0.05428988487,-0.001312261447,-0.4009907781,-0.1085173842,-0.0327077121
32.96310788,-0.02040164918,-0.009165644646,0.09977918863,0.04580273479,-0.03319711611,0.003160251072,-0.4014120522,-0.10797878,-0.0324677276
32.97316388,-0.02596820146,-0.0132972002,0.08542114496,0.0137520358,-0.02426567301,-0.004116197117,-0.4016893046,-0.1077309494,-0.03236078204
32.98321988,-0.02709703147,-0.01124966145,0.06026798487,0.008749553934,0.006132178009,-0.005516753532,-0.401791047,-0.1076897042,-0.0323754436
32.99327588,-0.03169754148,-0.008415997028,0.06470048428,-0.0005742169451,0.02205774747,-0.01866613887,-0.4016530826,-0.1076569014,-0.03250601065
33.00333087,-0.0315413028,0.01145321131,0.06030136347,0.01599490456,0.03498979285,-0.01940862648,-0.4013796985,-0.1075606577,-0.03269088252
33.01338687,-0.0269395709,0.008454203606,0.0426427722,0.03266150132,0.05099352449,-0.02349519543,-0.4009886833,-0.1073457568,-0.03286607045
33.02344288,-0.01856862009,-0.002337574959,0.02377128601,0.03189131245,0.06586221606,-0.0284111239,-0.4004324336,-0.1070896305,-0.03307698032
33.03349888,-0.007979698479,0.008920013905,0.01502799802,0.03304721415,0.07340215892,-0.02499972098,-0.3997522521,-0.106858132,-0.03330651993
33.04355488,0.004923291504,0.006762981415,-0.001394031569,0.03680946305,0.07781342417,-0.02154640108,-0.3990349374,-0.1065903008,-0.03348218423
33.05361088,0.01134670526,0.005492687225,-0.007933318615,0.02528973855,0.08002158254,-0.02259459347,-0.3982703122,-0.1062576183,-0.03363743124
33.06366588,0.01334476471,0.008280515671,-0.02363550849,0.03903910518,0.08598279953,-0.02820134535,-0.3974637659,-0.105898746,-0.03376567491
33.07372188,0.01416238397,0.002180337906,-0.01507127099,0.04958753288,0.09897103906,-0.03089651838,-0.3965604561,-0.1054307669,-0.03392769057
33.08377787,0.008527420461,0.01305615902,0.005368294194,0.06773484498,0.1036323681,-0.04347090051,-0.3955641832,-0.1048003068,-0.03409282717
33.09383387,0.007401935756,0.01766932011,0.005399229005,0.09260419011,0.09783293307,-0.03696157411,-0.3945784579,-0.10395738,-0.03422889511
33.10389079,0.01398589462,0.007724523544,-0.007093369961,0.09884078801,0.07669888437,-0.03483557329,-0.3936912628,-0.1029691657,-0.03424120881
33.11394679,0.01286491007,-0.005246460438,-0.01539582014,0.0932643041,0.06300145388,-0.0257620234,-0.3929697785,-0.1019745503,-0.03416651917
33.12400279,0.009442031384,-0.003324210644,-0.02019947767,0.0685890466,0.05790469423,-0.01336527616,-0.3923444827,-0.1012040447,-0.03403676078
33.13405779,0.01082519442,-0.005243837833,-0.0300532002,0.05202805251,0.0408086665,-0.006665801164,-0.3918236531,-0.1006073274,-0.03386064161
33.14411379,0.01037176698,-0.007386386395,-0.03207832575,0.0632205233,0.03571563587,0.009059633128,-0.3914076911,-0.1000444965,-0.03357398442
33.15416979,0.006688728929,0.01514810324,-0.02793598361,0.07445812225,0.0307508409,0.01843095012,-0.3910026009,-0.09945367313,-0.0330981621
33.16422579,-0.0002702996135,0.01045876741,-0.02621263079,0.1010718942,0.02048009261,0.02377751097,-0.3906977777,-0.09878462882,-0.03252632593
33.17428179,-0.001086995006,-0.01479434967,-0.03031611443,0.1203139052,0.01945011318,0.0171511136,-0.3904623283,-0.09792625067,-0.0318671793
33.18433779,-0.006363876164,-0.01706188917,-0.01361983828,0.1250873506,0.01275679097,0.01737561822,-0.3901757601,-0.09688651739,-0.03112975191
33.19439379,-0.008661068976,-0.01457279921,-0.008422851563,0.1281744838,-0.0007499625208,0.01185973361,-0.3900547761,-0.09571379411,-0.03042129478
33.20444879,-0.00935729593,-0.0183660388,-0.002028761432,0.1046771482,-0.005417951383,0.0068790894,-0.3900133875,-0.09460613482,-0.02980312851
33.21450479,-0.00652115792,-0.02443826199,0.005460681394,0.06412363797,-0.02091608383,0.00850678701,-0.3900801892,-0.0937327729,-0.02928700133
33.22456079,0.00111002475,-0.01604151726,-0.01052052155,0.05134499446,-0.02980731241,0.01821880415,-0.3903002925,-0.09315128215,-0.02884079926
33.23461679,-0.001515217125,-0.002458810806,-0.01658523083,0.06244291738,-0.03568810597,0.01594579406,-0.3905694529,-0.09256672518,-0.02835523947
33.24467279,-0.007181666791,0.01072204113,-0.01189380884,0.06349220872,-0.03543270752,0.01282137353,-0.3908802095,-0.09191390656,-0.02795118699
33.25472879,-0.002744540572,0.008314907551,-0.003449078649,0.05904712528,-0.03155461326,0.002214695793,-0.3911543014,-0.09122610194,-0.02760263233
33.26478379,0.00163333863,0.007242083549,0.004605472088,0.05627956614,-0.03614297509,-0.004418439232,-0.3914638309,-0.09061094481,-0.02741814591
33.27483979,0.009083740413,0.0163397789,0.004319310188,0.07296507061,-0.03579516336,-0.01386078354,-0.3918028195,-0.08994347634,-0.02729991456
33.28489579,0.007036559284,0.009158670902,0.01212895289,0.0830861479,-0.03757948056,-0.02662451565,-0.3921708415,-0.08911996155,-0.02729166033
33.29495179,0.006488189101,-0.002170860767,0.01700716838,0.06744877249,-0.03023874573,-0.03103929013,-0.3925285536,-0.0883282743,-0.02733364012
33.30500779,0.001786753535,-0.008364379406,0.02169770002,0.0308971554,-0.02438218705,-0.03614936396,-0.3928085846,-0.08771746404,-0.02745065178
33.31506379,0.007542900741,-0.007652819157,0.01282769442,-0.001521991566,-0.02337404899,-0.04197878391,-0.3930643456,-0.08737414612,-0.02771919997
33.32511979,0.0117405951,-0.005585491657,0.005687411875,-0.014064149,-0.03013767861,-0.0446049273,-0.3933672115,-0.08723527178,-0.02815264043
33.33517479,0.006243765354,-7.10E-05,0.0002287626266,0.008380218409,-0.03128083795,-0.03958383203,-0.3937081706,-0.08709862227,-0.02856316639
33.34523079,-0.002302579582,-0.000447332859,-0.01492797956,0.03948247433,-0.01449147426,-0.03097383119,-0.3939692429,-0.08678804731,-0.02878942192
33.35528679,-0.008282639086,0.0004262328148,-0.02178156748,0.07958368957,0.01079963427,-0.01761703938,-0.393997419,-0.08621312063,-0.02873303797
33.36534279,-0.005798332393,-0.01051080227,-0.003765881062,0.07625367492,0.02080939338,-0.01711263508,-0.3938113773,-0.08551574039,-0.02854557713
33.37539879,0.0003052800894,-0.02289330959,0.02076518536,0.05073357746,0.0191667527,-0.00762816146,-0.393601998,-0.08503480394,-0.02840302479
33.38545479,0.002422451973,-0.02875310183,0.01613050699,0.0326872021,0.02186267078,-0.008544288576,-0.3934290024,-0.0847798754,-0.02836611801
33.39550979,-0.002336487174,-0.02478986979,0.007208827883,0.01710304618,0.02977612056,-0.01231316756,-0.39317636,-0.08460429762,-0.02835515135
33.40556579,-0.0020314008,-0.01457804441,-0.002589523792,0.01977259852,0.03986151516,-0.006167656742,-0.3928174677,-0.08450878222,-0.02831309832
33.41562179,0.006037719548,-0.008144021034,-0.00112426281,0.03189069405,0.02978597768,-0.00461279694,-0.3924512936,-0.08427876582,-0.02822916801
33.42567779,0.009101077914,-0.003544151783,-0.002135038376,0.04106501862,0.0264572911,-0.003893211018,-0.3921406222,-0.08383302049,-0.02810244457
33.43573379,0.009368091822,-0.01024746895,-0.005101736635,0.0321396552,0.02058542147,-0.002006867202,-0.391914033,-0.08334560067,-0.02798417796
33.44578979,0.005694419146,-0.008737564087,-0.01435756683,0.02407400496,0.02185947448,0.005235066637,-0.3917224069,-0.08306989772,-0.02791503836
33.45584579,0.003175236285,-0.009162724018,-0.01548099145,0.02994303592,0.03678955883,0.005656085443,-0.3914371088,-0.08295973567,-0.02782968668
33.46590079,-0.006117455661,-0.01062828302,0.002610269934,0.0288487412,0.04129589349,0.01165219303,-0.3910372441,-0.08281933919,-0.02767152766
33.47595679,-0.006126686931,-0.003913283348,0.001666311175,0.03562386706,0.04409314319,0.01566187479,-0.3905872488,-0.08259881122,-0.02745578728
33.48601279,-0.007822729647,-0.009681284428,-0.003067020327,0.01333533973,0.05061975121,0.01187619194,-0.3900968926,-0.08242549013,-0.02726920765
33.49606879,-0.008887477219,-0.01463639736,-0.003217637539,-0.008092187345,0.05399557576,0.009367493913,-0.3895421392,-0.08247446266,-0.02715047054
33.50612479,-0.005385518074,-0.002976179123,-0.01104170084,0.005215628073,0.05125891045,0.01165781263,-0.3889966239,-0.08253919913,-0.0270259069
33.51618079,-0.003426551819,0.004966139793,-0.01419860497,0.01831704937,0.04536373913,0.009371221997,-0.3884969501,-0.08245263046,-0.02681829267
33.52623679,8.24E-05,0.003377914429,-0.01324391738,0.007568531204,0.03570232168,0.008378395811,-0.3880677562,-0.08228300267,-0.02661655567
33.53629179,0.002127408981,0.001114428043,-0.01934307441,-0.02100163884,0.01843345165,6.93E-05,-0.387765351,-0.08229919994,-0.02655359078
33.54634779,0.009125344455,0.003139138222,-0.03968596086,-0.0167680122,0.01403737254,-0.002030915581,-0.3876312075,-0.08248072618,-0.02667780298
33.55640379,0.008030168712,0.02165126801,-0.04395556077,0.01276426949,0.02669044957,0.002178024035,-0.3874487679,-0.08250015385,-0.02674761316
33.56645979,0.003371454775,0.0317851305,-0.02745872736,0.04110350087,0.02414420061,-0.001998078777,-0.3871895223,-0.08218708186,-0.02667522812
33.57651579,0.002702638507,0.02020204067,-0.01530271769,0.03761449456,0.01860722527,-0.007173239719,-0.3869825784,-0.08174637923,-0.02663972083
33.58657179,0.001088283956,0.005065202713,-0.01159274578,0.01576112397,0.01544605102,-0.02222542651,-0.3868184626,-0.08137270369,-0.02669722241
33.59662679,-0.005495250225,-0.0110616684,-0.008596543223,0.006342500448,0.0240419358,-0.02727531269,-0.386627308,-0.08109515227,-0.0268844699
33.60668279,-0.007363691926,-0.006210148335,-0.003259420395,0.01755387709,0.02360863984,-0.02281611599,-0.386385974,-0.08082657669,-0.02704455408
33.61673879,-0.005222819746,0.005308747292,-0.01524442434,0.0333622247,0.01831534132,-0.01306228805,-0.3861618213,-0.08042482452,-0.02704536202
33.62679479,-0.005467943847,-0.01498806477,-0.01598298922,0.01872895099,0.01078631822,-0.01336855162,-0.3859818129,-0.07992179121,-0.02691343121
33.63685079,-0.0101723671,-0.02393603325,-0.01018386707,-0.00438608788,0.003276337404,-0.01793323644,-0.3858881074,-0.07956188509,-0.02688208358
33.64690679,-0.007206305861,-0.009841382504,-0.02409791946,-0.007884150371,0.003598313779,-0.006724524312,-0.3858697347,-0.0794821814,-0.02695671206
33.65696279,0.001671075821,-0.0046620965,-0.03466874361,0.007355877664,0.01474577375,-0.006835205015,-0.3857675845,-0.07939017688,-0.02695371441
33.66701779,-0.002701699734,0.003746271133,0.001969341189,0.01665616781,0.01164345723,-0.01383399218,-0.3856401851,-0.07918104831,-0.02696464629
33.67707379,-0.0005556195974,0.01396679878,0.01296496019,0.02018361539,-0.001980476081,-0.0177800525,-0.3855827484,-0.07889052073,-0.02705931477
33.68712979,-0.0007934123278,0.001423299313,0.007182121277,0.009417253546,0.0001969244331,-0.02231088839,-0.385602946,-0.07863889609,-0.02722905363
33.69718579,-0.006667487323,-0.007626652718,-0.000395655632,0.002975954441,0.02546206675,-0.02442506328,-0.3854812729,-0.07843076487,-0.02743373993
33.70724179,-0.01142013818,-0.003520607948,0.01343804225,0.01353405602,0.03883486614,-0.01935733482,-0.3851588954,-0.07816458,-0.02761594686
33.71729779,-0.01015670598,0.003558754921,0.02448654175,0.01385700889,0.05187369883,-0.0107414769,-0.3847133591,-0.07788718158,-0.02775422258
33.72735379,-0.01022220403,-0.006869316101,0.02344655991,0.002465071157,0.06754906476,-0.008881525137,-0.38411303,-0.07760126252,-0.0277953153
33.73740879,-0.01183328778,-0.02034765482,0.02281081676,-0.007480592467,0.0829674378,-1.17E-05,-0.383345153,-0.07742348595,-0.02775089427
33.74746479,-0.01040919125,-0.01207816601,0.02139443159,-0.004367623478,0.09461104125,-0.003901253687,-0.3824361427,-0.07748609219,-0.02780964712
33.75752079,-0.006672568619,0.003008246422,0.02111506462,0.003359893337,0.09692107141,0.0008024746785,-0.3814746475,-0.07757303601,-0.02784005367
33.76757679,-0.003068231046,-0.006207644939,0.01722537354,-0.009682672098,0.088059403,-0.007357184775,-0.3805552529,-0.07760966468,-0.02788678585
33.77763279,-0.003447532654,-0.0162602067,0.01447987929,-0.02991528437,0.08722011,-0.01306266058,-0.3796842276,-0.07774747259,-0.02808696776
33.78768879,-0.00309856981,-0.007609128952,0.006013393402,-0.04177620262,0.0849281922,-0.0162515305,-0.3788733574,-0.0780908694,-0.0284615113
33.79774379,-0.005833521485,-0.0009922385216,0.002611398697,-0.03732322156,0.08828803152,-0.01674922183,-0.3780579692,-0.07853710452,-0.02887486618
33.80779979,-0.01058515161,-7.68E-05,0.00220823288,-0.04030622914,0.09181139618,-0.02184464782,-0.3772020176,-0.07892621554,-0.02929693703
33.81785579,-0.01484799385,-0.00184160471,0.003686252981,-0.04503715783,0.1030062661,-0.02295481227,-0.376281174,-0.07933135471,-0.0298111105
33.82791179,-0.01017960161,-0.005396902561,-0.0009789988399,-0.04382142425,0.106679827,-0.01936327294,-0.3752789071,-0.07977217799,-0.0302810311
33.83796779,-0.006164617836,-0.006971538067,-0.005242761225,-0.03220711276,0.1139249504,-0.01594665274,-0.3741999954,-0.08016982208,-0.03065624114
33.84802379,-0.005865976214,-0.003509104252,-0.002731319517,-0.01974511519,0.1099264845,-0.009712191299,-0.3731174138,-0.08044464189,-0.03092325152
33.85807979,-0.007974602282,-0.003498852253,-0.003888785839,-0.03188407049,0.1014738828,-0.002693749964,-0.3720714438,-0.08070145754,-0.03111839582
33.86813479,-0.01357584447,-0.01022291183,0.004518512636,-0.04142484441,0.09942936897,-0.004691919312,-0.3710634729,-0.08102597798,-0.03130644362
33.87819079,-0.0189274773,-0.01098412275,0.01612389088,-0.05539032817,0.1055102944,-0.007120322902,-0.3700607565,-0.08146337032,-0.03156013726
33.88824679,-0.02259817719,0.007274270058,0.01600385085,-0.04577924311,0.1108243614,-0.01195795462,-0.3689908058,-0.08188433986,-0.03189487363
33.89830279,-0.02462628484,0.01761227846,0.008217513561,-0.03529398143,0.1156216562,-0.02315444313,-0.3678925763,-0.08216297469,-0.03228461846
33.90835879,-0.02408762276,0.02141565084,0.007972244173,-0.03216796368,0.1262340844,-0.03472800553,-0.3667167172,-0.08233079196,-0.03272029522
33.91841479,-0.02251499891,0.02185875177,0.003845270723,-0.03048115969,0.1338103861,-0.04647998139,-0.3654472778,-0.08241789407,-0.03324014032
33.92847079,-0.01486959308,0.02901023626,0.009182155132,-0.03550095111,0.1357635409,-0.06043787301,-0.3641527769,-0.08250513989,-0.03389252609
33.93852579,-0.002802953124,0.0381270647,0.002298954874,-0.03133212775,0.1295439899,-0.06821526587,-0.3628761118,-0.08253481545,-0.03464949671
33.94858179,0.007702581584,0.03857934475,0.001718699932,-0.01087479107,0.1317616105,-0.08587601781,-0.3616322892,-0.08246238222,-0.03554215193
33.95863779,0.00984069705,0.0454248786,0.003867272288,-0.02192060649,0.1329523027,-0.092278786,-0.3604085568,-0.08230412087,-0.03654341009
33.96869379,0.01151512563,0.03551286459,0.005477488041,-0.006232191809,0.128224656,-0.1122282594,-0.3591847858,-0.08211168237,-0.03765705418
33.97874979,0.02145855129,0.01121401787,-0.002786874771,-0.02204390988,0.1297623664,-0.1243586913,-0.3580268583,-0.0818612036,-0.03892581625
33.98880579,0.02500713617,0.02027589083,7.06E-05,-0.01356706955,0.1348554045,-0.124237515,-0.3567894037,-0.08159721508,-0.04022408377
33.99886079,0.02577809989,0.003535091877,0.001898709685,-0.03258150816,0.1315837055,-0.1215429306,-0.3555412785,-0.08137304136,-0.04153685909
34.00891679,0.03367761523,-0.01923501492,-0.01158285141,-0.04249991849,0.1162550896,-0.1102540568,-0.3544033759,-0.08134728965,-0.04278967487
34.01897279,0.03721360862,-0.03192538023,-0.0270138979,-0.06427872181,0.1077492163,-0.09743626416,-0.3533753311,-0.08151339264,-0.0439277461
34.02902879,0.03802166134,-0.02476191521,-0.03345322609,-0.06527367979,0.09529867768,-0.07260787487,-0.3524446492,-0.08186715701,-0.04487049509
34.03908479,0.04430835694,-0.02088016272,-0.04107141495,-0.03041187301,0.07826122642,-0.05156589672,-0.3516372707,-0.08215829145,-0.045554314
34.04914079,0.04878030717,-0.02202552557,-0.04792207479,-0.007668744773,0.0645403564,-0.03590065241,-0.3509491317,-0.08220859573,-0.04594747242
34.05919679,0.05049982667,-0.01998144388,-0.03872948512,-0.002046767389,0.05605512857,-0.0199312456,-0.3503446744,-0.08219449509,-0.04610959297
34.06925179,0.0496641323,-0.04698419571,-0.01372503862,-0.03250534087,0.03121555969,-0.01790191606,-0.3499293089,-0.08227990293,-0.04624378876
34.07930779,0.04575736076,-0.06034964323,-0.0106559433,-0.08017383516,0.01883758605,-0.00829837285,-0.349720364,-0.08279596454,-0.04650691842
34.08936379,0.03776382655,-0.0534465313,-0.005991220474,-0.09770862013,0.01561169978,0.006301875692,-0.3495405902,-0.08366506767,-0.04675292349
34.09941979,0.03260396421,-0.05039215088,-0.005902886391,-0.1008293554,0.01870775782,0.02618522383,-0.349360891,-0.08463466842,-0.04684970981
34.10947625,0.02618820965,-0.04346573353,-0.008478038013,-0.0944423005,0.02106918395,0.04877229035,-0.3491649392,-0.08560054164,-0.04671009737
34.11953225,0.01966665685,-0.03976386786,-0.008463736624,-0.08434922993,0.02703106776,0.07204072922,-0.3488897657,-0.08658160294,-0.0463329848
34.12958725,0.01447794586,-0.04090070724,-0.004837270826,-0.06562054902,0.04195169359,0.0960547179,-0.3484560388,-0.08751056522,-0.04570107807
34.13964325,0.01041872799,-0.04122185707,0.00691658631,-0.05539423227,0.03986044601,0.09860589355,-0.3479961841,-0.08840039254,-0.0449241529
34.14969925,0.007764995098,-0.03059244156,0.01355504617,-0.05357662588,0.03099558316,0.112113975,-0.3475677357,-0.08928617558,-0.04406388451
34.15975525,0.003054797649,-0.02906799316,0.01150000095,-0.04718077928,0.02531852387,0.12350858,-0.3472066137,-0.0901778313,-0.04305891674
34.16981125,-0.005856022239,-0.03094559908,0.01309293695,-0.06490198523,0.0208606571,0.1204581931,-0.3468994466,-0.09113191092,-0.04208631912
34.17986725,-0.01429048181,-0.02066147327,0.01487612911,-0.05486102402,0.016978167,0.1237145215,-0.3466147629,-0.09209507036,-0.04110322773
34.18992325,-0.01260001212,0.001059770584,0.01028174162,-0.05593587831,0.007141782902,0.1124086082,-0.3463987258,-0.09298993931,-0.04015113824
34.19997825,-0.009153999388,0.01807498932,-0.004945635796,-0.07516385615,-0.003076899331,0.1004296765,-0.3463193022,-0.0939748834,-0.03935958443
34.21003425,-0.01029168069,0.01311379671,-0.01045614108,-0.1087066382,-0.01113296114,0.07740691304,-0.346337441,-0.0951127225,-0.0388111411
34.22009025,-0.0143122077,0.01639103889,0.001606170088,-0.1275045127,-0.01911805198,0.05954805017,-0.3464775557,-0.09647258589,-0.03858746378
34.23014625,-0.01170849055,0.03695464134,-0.007470902056,-0.1129583269,-0.02185817808,0.04801230133,-0.3466948949,-0.09782884291,-0.03851062687
34.24020225,-0.008229084313,0.04770803452,-0.02036118321,-0.0867042169,-0.02180238441,0.04149738699,-0.3469184554,-0.09893375621,-0.03844759761
34.25025825,-0.005592346191,0.05638790131,-0.02041262388,-0.05587386712,-0.02805948071,0.03130120784,-0.3471705197,-0.09975016176,-0.03839044769
34.26031325,-0.009215079248,0.05693858862,-0.01132178493,-0.03775114566,-0.02832100354,0.01546290983,-0.3474714635,-0.1002702227,-0.03836854311
34.27036925,-0.01365544647,0.04949599504,-0.008633494377,-0.04571053386,-0.02950850688,-0.004633036908,-0.3477802531,-0.1006678281,-0.03848958005
34.28042525,-0.0122353062,0.04074275494,-0.00408500433,-0.04094769433,-0.02184512652,-0.02196598053,-0.3480461321,-0.1010081134,-0.03878928639
34.29048125,-0.009944237769,0.03598594666,-0.007669985294,-0.03759024665,-0.02086242102,-0.03390466422,-0.3482949041,-0.1012603854,-0.03920655777
34.30053725,-0.009203620255,0.03557413816,-0.009277762845,-0.02786913142,-0.01206426881,-0.04091392085,-0.3485143912,-0.1014396977,-0.03971944435
34.31059325,-0.01059876382,0.0271756649,-0.003222882748,-0.01664577238,-0.01651680842,-0.05036335066,-0.3487046919,-0.1014680349,-0.04024408714
34.32064925,-0.00930017978,0.01687568426,-0.002690732479,-0.01293163933,-0.0224588532,-0.05112778395,-0.3489434293,-0.1013916098,-0.04077101199
34.33070425,-0.00801487267,0.01177746058,-0.007122039795,-0.005431112833,-0.02467380464,-0.04693969712,-0.3492225278,-0.1012821087,-0.04125419288
34.34076025,-0.009486749768,-0.001866221428,-0.001437244937,0.008540229872,-0.03390685096,-0.04176253453,-0.3495643,-0.1011042299,-0.04168308073
34.35081625,-0.01347845048,-0.007273495197,0.004910349846,0.01671560109,-0.03244104609,-0.03583327308,-0.3499269466,-0.1008381018,-0.04201097751
34.36087225,-0.01692035794,-0.01452976465,0.01180481724,0.01122673787,-0.04239301383,-0.03412224725,-0.350338418,-0.1005801111,-0.0423082703
34.37092825,-0.01693174988,-0.03052270412,0.01684880443,-0.01399552822,-0.03284957632,-0.02699189819,-0.3507427018,-0.1004636109,-0.04258909015
34.38098425,-0.01942448318,-0.03688293695,0.02231192775,-0.0425173603,-0.02291465178,-0.02010134235,-0.3510618137,-0.1006255931,-0.04291512262
34.39104025,-0.01901485026,-0.03725868464,0.02918875404,-0.04988606274,-0.006034739316,-0.01057681348,-0.3512396265,-0.1010072797,-0.04323037296
34.40109525,-0.01575537771,-0.02624571323,0.03328883648,-0.03947003931,0.004628957249,0.004131586291,-0.3512604493,-0.1014099814,-0.04343800054
34.41115125,-0.007942982018,-0.01396054029,0.02869665436,-0.0243949499,0.01246557478,0.01433788426,-0.3511630888,-0.1017317947,-0.04347653734
34.42120725,-0.004035972059,-0.01185691357,0.02164024115,-0.007430259138,0.02707647532,0.01999806054,-0.3509751596,-0.1019351528,-0.04339190861
34.43126325,-0.008766368032,-0.01224148273,0.02786248736,-0.009692347609,0.03523986042,0.02230196074,-0.350658936,-0.1020695491,-0.04325062865
34.44131925,-0.009733989835,-0.009482860565,0.02640849166,-0.03637992963,0.03524079546,0.02297699265,-0.3503080363,-0.1023823019,-0.04321839116
34.45137525,0.0009688660502,-0.003496170044,0.01708376408,-0.05469102785,0.03893886134,0.02743645571,-0.3499455111,-0.1029593816,-0.04326427589
34.46143025,-0.00015835464,-0.002691626549,0.01442432404,-0.05560315773,0.03526103497,0.02043207549,-0.3496023257,-0.1036380719,-0.04344041969
34.47148625,-0.004038743675,0.01245820522,0.01205158234,-0.01977831498,0.04630649835,0.02807934396,-0.3492340394,-0.1042087774,-0.0435698374
34.48154225,-0.01112811267,0.02616101503,0.009053470567,0.005500320345,0.05887421966,0.01780327037,-0.348724996,-0.1044993342,-0.04356092814
34.49159825,-0.01317437738,0.01969540119,0.02218001895,0.01330391504,0.06042684242,0.01623972878,-0.3481426247,-0.104637955,-0.04350589032
34.50165425,-0.00548222661,0.008009970188,0.009837804362,0.01196798403,0.05917941779,0.01498617791,-0.3475573792,-0.1047153629,-0.04339914697
34.51171025,-0.008438549936,0.00510507822,-0.0004345197231,0.006409434602,0.0595045872,0.01114110555,-0.3469869116,-0.1047991635,-0.04337888528
34.52176625,-0.013557069,0.007127583027,-0.0006551165134,-0.008947595023,0.07074925303,0.01248328574,-0.3463434475,-0.1049778939,-0.04339934052
34.53182125,-0.01314551383,-0.0004434585571,0.003566980362,-0.0247292202,0.06441972405,0.0157413967,-0.3456671461,-0.1052771908,-0.04335591966
34.54187725,-0.007255412638,-0.002155482769,0.002238154411,-0.03094610386,0.05993069336,0.01135799382,-0.3450611434,-0.105677984,-0.04336476745
34.55193325,-0.005827374756,0.005139410496,-0.002925755456,-0.02248018049,0.06045001,0.008831718937,-0.3444647966,-0.1060407908,-0.04340144591
34.56198925,-0.008613690734,0.0101569891,0.001033365726,0.001466341317,0.06606821716,0.005569666158,-0.3438534748,-0.1061892344,-0.0434559487
34.57204525,-0.01283424348,0.01406574249,0.009907843545,0.03883714974,0.07969481498,0.006162485573,-0.3431649294,-0.1061343931,-0.04345493179
34.58210125,-0.01049700379,0.02066230774,0.01035171933,0.1030424088,0.08320619166,0.01332415268,-0.3423262008,-0.1055751387,-0.04318989758
34.59215725,-0.01122453064,0.02274465561,0.00958532095,0.3237563968,0.1102495268,0.0330760181,-0.3412920888,-0.1036940021,-0.04234440682
34.60221225,-0.01737707853,0.06155234575,0.003118153661,0.6423147321,0.1599090993,0.08099110425,-0.3397102597,-0.09931400859,-0.04033913914
34.61226825,-0.01476065814,0.120723784,-0.01943403855,1.106660485,0.1982277185,0.1263995916,-0.3375429929,-0.09149380847,-0.03644311529
34.62232425,-0.02058126032,0.1359266639,-0.0300289467,1.929516673,0.283565104,0.1675667763,-0.3346178089,-0.07775640098,-0.03006023321
34.63238025,-0.0273450911,0.2040588856,-0.03543251753,3.111351967,0.3724550307,0.2657495439,-0.330525473,-0.05469711334,-0.0198871964
34.64243625,-0.017664738,0.3953437805,-0.08439266682,4.376506805,0.4572523534,0.3930202127,-0.3258184609,-0.02024396966,-0.004562144971
34.65249225,-0.04551746696,0.4998872876,-0.09891438484,5.379378796,0.5308128595,0.3445522785,-0.32096681,0.02545519191,0.01496990027
34.66254725,-0.07742929459,0.3916792274,-0.01610118151,5.39539814,0.4622621834,0.1298574805,-0.3167752377,0.07677332891,0.03448901242
34.67260325,-0.02084902674,0.07735943794,0.1740068197,3.895517111,0.5413615108,0.251912266,-0.3138316315,0.1203313126,0.05109262717
34.68265925,-0.08570728451,-0.4546098113,0.3086520135,2.32919836,0.5333368778,0.07834485918,-0.3096876099,0.149742792,0.06219139392
34.69271525,-0.07116606832,-0.6632775068,0.3038239479,0.9392340183,0.4573209286,0.02168876864,-0.3055706525,0.1649368294,0.06780082182
34.70277125,-0.05933783948,-0.4548553228,0.2307016253,0.06751193851,0.4485063851,-0.07077650726,-0.3012470717,0.1694136184,0.06886113493
34.71282725,-0.02028798312,-0.1142083406,0.09159871936,-0.0824232325,0.4207085669,-0.1131729633,-0.2966885351,0.1693388356,0.0678708865
34.72288325,0.02355899662,0.06837248802,-0.0336714685,0.08786305785,0.3410386741,-0.1316801906,-0.2926151966,0.1695166236,0.06668954127
34.73293825,0.06204631925,0.1013860106,-0.08246433735,0.2177984267,0.2139020115,-0.1162748784,-0.2896837664,0.1713946719,0.06580917015
34.74299425,0.08078116179,0.03092777729,-0.06862941384,0.3788772821,0.09706687182,-0.05414341018,-0.2881123988,0.1745570745,0.06590228641
34.75305025,0.06170891225,-0.0396514535,-0.0554472506,0.3704169393,0.01949885115,-0.06309056282,-0.2876851892,0.1785004781,0.06648858192
34.76310625,0.03789399564,-0.05447530746,-0.02496317029,0.1984536648,-0.01401530113,-0.0169079192,-0.287770647,0.1813429556,0.06689832709
34.77316225,0.04507564008,-0.110509932,-0.0005887150764,-0.003437381238,-0.04666831717,-0.0160040427,-0.2881183211,0.1822952403,0.06703377803
34.78321825,0.04234261066,-0.1314851046,0.03845456243,-0.02235479094,-0.04920524731,0.001326158643,-0.288598815,0.1820883649,0.06693131485
34.79327425,0.0384754017,-0.0439311862,0.04958742857,0.4178761244,-0.01513196528,0.04225281999,-0.2891036842,0.1836093909,0.06757384307
34.80332925,0.02895543724,0.1345207691,0.002009749413,1.164662838,0.04894741625,0.06269305944,-0.2894616578,0.1911431746,0.07047480074
34.81338525,0.01994457841,0.3147521615,-0.0442648232,1.813926339,0.1516317278,0.07490125299,-0.289474805,0.2053076099,0.07553403705
34.82344125,0.01045694202,0.2622851729,-0.02815076709,2.050867081,0.1805484593,0.05237717181,-0.288822955,0.2240533632,0.08184171049
34.83349725,0.02341733128,0.04859691858,0.08821746707,1.759709597,0.230239585,0.08014754951,-0.2884067666,0.2423704174,0.0882324176
34.84355325,-0.003515418619,-0.1420806646,0.1369933486,1.384992003,0.1294101775,0.05753203854,-0.2878798921,0.2576690016,0.09358734156
34.85360925,-0.0228395164,-0.1463999748,0.1202305257,1.246121764,0.2474204302,0.02119693533,-0.2871217948,0.2698651599,0.09786325517
34.86366425,-0.04571975768,-0.03433859348,0.02290791273,1.346817732,0.2098823786,0.03300347552,-0.2857755015,0.2824237767,0.1016813258
34.87372025,-0.04374529421,0.1281722188,-0.008160710335,1.633986592,0.3204917014,0.1456485242,-0.2847748075,0.2959639184,0.1070178966
34.88377625,-0.08257407695,0.1526069045,-0.08742803335,2.22789216,0.3571839333,0.2382103801,-0.2837089027,0.3141476829,0.1146889869
34.89383225,-0.05825839564,0.2059792876,-0.08670538664,2.879302979,0.2812785208,0.1994206309,-0.2836995773,0.3382110032,0.124466741
34.90388825,-0.04330000654,0.2205635905,-0.05230998993,3.325362444,0.2385611534,0.25153777,-0.2851350984,0.367666311,0.1362209575
34.91394425,-0.03301261738,0.1618757248,-0.02017974854,3.534715652,0.167015329,0.287831068,-0.2883342803,0.4000604086,0.1496330552
34.92400025,-0.03956881911,0.07173091173,-0.007065653801,3.24168849,0.1379727721,0.3237145245,-0.2923177682,0.4320008506,0.1637815158
34.93405525,-0.04647805542,-0.05059355497,0.01739674807,2.788251877,0.1756825894,0.2085378617,-0.2963213508,0.4605118187,0.1763986329
34.94411125,-0.02620588616,-0.1660346985,0.04520100355,2.148656845,0.09149421751,0.2225482166,-0.29964863,0.4835200285,0.1867556341
34.95416725,0.02123555914,-0.1765819788,0.03827470541,1.748913765,0.02004319988,0.1649072915,-0.3031163812,0.5015210495,0.195322345
34.96422325,0.03251512721,-0.07742440701,-0.01419520378,1.709724069,-0.01018713973,0.1560858786,-0.3068586224,0.5172650174,0.2029484789
34.97427925,0.0367581062,0.07418125868,-0.08995753527,2.101102114,-0.07366411388,0.2077429593,-0.3114278265,0.5349514719,0.2115147612
34.98433525,0.07160627097,0.2392446995,-0.1160478592,2.555962086,-0.1393593848,0.2732328475,-0.3184082507,0.5564475952,0.2227934158
34.99439025,0.06643395126,0.2343714833,-0.09549152851,3.041314125,-0.2064199001,0.3603930473,-0.3277057656,0.5824829859,0.2368895683
35.00444625,0.06860024482,0.1569764018,-0.02147758007,3.250187159,-0.2758997977,0.3765037954,-0.3395063644,0.6110698449,0.2535031378
35.01450225,0.03658522666,0.06065702438,0.0398594141,3.28131032,-0.2341579199,0.384590745,-0.352621428,0.6408985989,0.2717599085
35.02455825,0.003404380754,0.01382684708,0.1188375354,3.278247118,-0.2300174981,0.4442200661,-0.3669621883,0.6702336462,0.2914169831
35.03461425,-0.02498397417,0.01770418882,0.1133918762,3.499907017,-0.1476890743,0.3878771663,-0.3821966518,0.7005980477,0.3126165655
35.04467025,-0.02132767439,0.1280531287,0.1103409529,3.623284817,-0.1316436529,0.4446088672,-0.3984445469,0.7320166819,0.3354779163
35.05472625,0.01461029425,0.1781287193,0.1038318276,3.853345394,-0.06390296668,0.4295905232,-0.4171181747,0.7643779532,0.3614080084
35.06478125,-0.003722190857,0.1519817114,0.1050807238,3.885746956,-0.08592037857,0.4392977357,-0.4375458963,0.7982551292,0.3894620724
35.07483725,0.04666815698,0.155569315,0.1516242027,4.006378651,-0.1445509344,0.5591080189,-0.4619888005,0.831897897,0.421655091
35.08489325,0.07620259374,0.1840066612,0.1652885675,3.839292288,-0.3635569215,0.3455556333,-0.490296998,0.8648229964,0.4559610126
35.09494925,-0.1244836822,0.186742723,0.2305114269,3.318234444,-0.02791979909,-0.603708148,-0.5127230922,0.8972596845,0.4819703933
35.10500442,-0.3108599782,0.02218294144,0.2509032488,3.018592358,0.3657025993,-0.2431142926,-0.5251526819,0.9272400178,0.5006905947
35.11506042,-0.07596749812,0.08500412107,0.178624928,2.671041965,0.4054348171,-0.4241969883,-0.538647264,0.9532494339,0.5217373785
35.12511542,-0.2074283659,0.1697162688,0.1541458964,2.574186325,0.5560683608,-0.8332589865,-0.5448388392,0.9791969354,0.5354421014
35.13517142,-0.1297968924,0.1541332304,0.09723925591,2.354959965,0.6016454697,-0.7564177513,-0.547768073,1.004422234,0.5457600287
35.14522742,-0.08341108263,0.1276343167,0.07278233767,2.331442118,0.7110520005,-0.9745141268,-0.5495337074,1.029210766,0.5553211009
35.15528342,-0.09625041485,0.1108589172,0.0596306324,2.162203312,0.7076210976,-1.028984785,-0.5482191706,1.053736898,0.5620093994
35.16533942,-0.05089280754,0.1081234217,0.07340747118,2.168009758,0.7369000912,-0.8917109966,-0.5457901538,1.077149734,0.5675154205
35.17539542,-0.04725123942,0.1145555973,0.06980329752,2.033070326,0.7826766372,-1.116449475,-0.5420732259,1.100378678,0.5717249305
35.18545142,-0.07762400806,0.03275996447,0.08692908287,1.918242812,0.7935813665,-1.233040214,-0.534648614,1.123562113,0.5721363055
35.19550642,-0.04376947135,-0.04646547139,0.1368248463,1.784055233,0.7973188162,-1.213996768,-0.5250343906,1.145911197,0.5707498232
35.20556242,-0.0262600258,-0.09394434094,0.1773217916,1.672473669,0.8220063448,-1.167677283,-0.511743359,1.166960994,0.5651943691
35.21561842,0.06644610316,-0.1227620542,0.1095027924,1.392918229,0.694804728,-1.224306464,-0.4971306877,1.186282451,0.5574966905
35.22567442,0.09612319618,-0.1702434123,0.07918018103,1.203704357,0.6193065047,-1.100512028,-0.4793259811,1.203213869,0.5454706773
35.23573042,0.159834981,-0.1605005264,0.01063370705,0.9108731747,0.4887261391,-1.047264814,-0.4622955702,1.21770836,0.5332611244
35.24578642,0.1225188971,-0.1510757357,0.03501820564,0.7409948707,0.3930331469,-0.9300363064,-0.4423299594,1.229512228,0.516791118
35.25584242,0.1500975937,-0.1532149464,-0.02402502298,0.6168859601,0.3291963935,-0.7676830888,-0.4249807296,1.239252323,0.502195365
35.26589742,0.1146685556,-0.09772355855,-0.04560464621,0.536616683,0.2767398357,-0.6540949345,-0.4093801274,1.24742446,0.4889400841
35.27595342,0.1082713157,-0.07665421069,-0.06883329153,0.4759334028,0.2355061173,-0.5317364931,-0.3963025207,1.254421144,0.4778811681
35.28600942,0.1099742949,-0.06594264507,-0.07968407869,0.453674078,0.184575811,-0.4168313444,-0.386138222,1.260567091,0.4693601368
35.29606542,0.1077750549,-0.03990909457,-0.07693451643,0.3752509058,0.1459985971,-0.3210273385,-0.3785689429,1.265808466,0.4631633669
35.30612142,0.1100350767,-0.04580246657,-0.0445985198,0.3175010979,0.07232984155,-0.2815546691,-0.3726405331,1.270146947,0.4581006805
35.31617742,0.1069079936,-0.05795197189,0.002884209156,0.2786548734,0.02481957898,-0.2357126325,-0.3679319595,1.273937629,0.4536948371
35.32623242,0.08990327269,-0.01686688513,0.04142302275,0.2063911706,-0.03083462641,-0.1938634962,-0.3636771386,1.276873001,0.4492306406
35.33628842,0.1025730148,0.008433178067,0.05160677433,0.09533841908,-0.1000469923,-0.1677059233,-0.3605304855,1.278923059,0.4452441993
35.34634442,0.1018794924,0.02789375186,0.0465130806,0.05603051931,-0.1561217159,-0.1241622865,-0.3580568401,1.280143226,0.4413085912
35.35640042,0.09929418564,0.03580638021,0.01706773043,0.04458558559,-0.2135306746,-0.09241208434,-0.3570862057,1.280940041,0.4383618721
35.36645642,0.07351863384,0.03572672606,-0.0004416108131,0.03503508493,-0.2078127265,-0.1051325873,-0.3565355115,1.281688275,0.435539492
35.37651242,0.04192209989,0.05343067646,0.0006214380264,0.005714748986,-0.1947243661,-0.05539432541,-0.3561065498,1.282092786,0.4329893614
35.38656842,0.03133513778,0.05661840737,0.01786321402,0.01394502725,-0.1864756197,-0.08170547336,-0.3560871708,1.282410399,0.4309760736
35.39662342,0.007732113823,0.054993622,0.02333635092,-0.009566424415,-0.1668640971,-0.0549068898,-0.3554197987,1.282679444,0.4284461737
35.40667942,0.01322020963,0.04095650464,0.04917562008,-0.01454054378,-0.1523169875,-0.02059730142,-0.3557910479,1.282563632,0.4271600672
35.41673542,-0.003666117787,0.01520013809,0.05605906248,-0.08688025177,-0.1424265504,-0.02064364217,-0.3559472082,1.282191259,0.4257911089
35.42679142,-0.007301939651,-0.007229171693,0.06942981482,-0.1729998589,-0.1494865716,-0.01507806126,-0.3558248897,1.281054099,0.4241654859
35.43684742,-0.01217255741,-0.02303090692,0.06820964813,-0.1683065742,-0.1472710967,0.01553071477,-0.355099571,1.279423879,0.4218463954
35.44690342,-0.01763662323,0.02137262374,0.03568786383,-0.1318855137,-0.1127358899,0.03060833365,-0.3552003624,1.277851115,0.4205636965
35.45695842,-0.02337857522,0.04913619906,0.006993889809,-0.1081311703,-0.09571988881,0.0366079025,-0.3562224257,1.276629326,0.4206171242
35.46701442,-0.02544441074,0.03636141121,0.01029145718,-0.1379178613,-0.08248863369,0.002176932059,-0.3557605004,1.275280698,0.4192289571
35.47707042,0.0002885591239,-0.001172997057,-0.01401174068,-0.1760886908,-0.09402518719,-0.0435359627,-0.3548877377,1.273896841,0.4174887619
35.48712642,-0.01840660907,-0.006373614073,-0.009215593338,-0.1721776128,-0.05613678694,-0.0814370811,-0.3514271151,1.272452785,0.4131275068
35.49718242,-0.012799697,0.008522644639,-0.01156908274,-0.1633066237,-0.0459336862,-0.06530471891,-0.3481102919,1.271088342,0.4090761942
35.50723842,-0.0155357644,0.01494403183,-0.000737786293,-0.1502127498,-0.03101385757,-0.0924057439,-0.3443983778,1.269938561,0.4048036332
35.51729442,-0.008184043691,-0.01784744859,0.01186805964,-0.1980433911,-0.02160597593,-0.08341491222,-0.3401926453,1.268654595,0.4001194776
35.52734942,-0.004603132606,-0.05598577857,0.0008852481842,-0.2056429535,-0.01236653794,-0.05789519101,-0.3359796245,1.266915914,0.3954576505
35.53740542,-0.001616002992,-0.06194466352,-0.002469420433,-0.2074427158,-0.01505047176,-0.03473847359,-0.3324960866,1.265003291,0.3916008088
35.54746142,-0.0005207266659,-0.03570052981,-0.006082653999,-0.1841126978,-0.02449723706,-0.01263168082,-0.3299421172,1.263150298,0.38862161
35.55751742,0.0009967666119,-0.03345143795,-0.01214426756,-0.1716381907,-0.037426617,0.005953454413,-0.3284293018,1.261514054,0.3867217854
35.56757342,-0.007445245981,-0.05319756269,-0.02418678999,-0.1937472373,-0.038486287,0.002375976881,-0.3272095871,1.259870532,0.3849723326
35.57762942,-0.01973179355,-0.05816663802,-0.04078817368,-0.2029487193,-0.01012149267,0.006495886948,-0.3256417926,1.257978194,0.3830306301
35.58768542,-0.02323569916,-0.05443616211,-0.0418086648,-0.2005659789,0.00592831336,-0.01038956549,-0.3236845235,1.25606153,0.3808881995
35.59774042,-0.02106591873,-0.03702624142,-0.04025292397,-0.1734190434,0.01752691157,-0.03090043366,-0.3212098815,1.25443715,0.3783965516
35.60779642,-0.007730027661,-0.02246887982,-0.04757499695,-0.1411402076,0.01972428709,-0.04887506738,-0.3185523261,1.253314102,0.3758102142
35.61785242,0.006070772186,-0.03094182909,-0.0360865593,-0.1050929949,0.00473947823,-0.06271125376,-0.3161104769,1.252696479,0.3733336252
35.62790842,0.007823411375,-0.03315161169,-0.02798300982,-0.07812782377,-0.0004391716793,-0.07051572204,-0.3134595231,1.252230282,0.3705703192
35.63796442,0.004142854363,-0.02028040588,-0.02199810743,-0.03994314745,-0.01150433999,-0.08221818507,-0.3109828988,1.252086163,0.3678902347
35.64802042,0.0007195416838,-0.008303433657,-0.01853513718,-0.02478909679,-0.001525341999,-0.1019897312,-0.308348663,1.252357745,0.3650113162
35.65807542,0.002255141735,-0.01374320686,-0.01651537418,-0.02784001455,-0.0005330481799,-0.1052893922,-0.3054652014,1.252696507,0.361854256
35.66813142,0.006779676303,-0.04133734107,-0.01144021749,-0.03799211606,0.003517220495,-0.1059297547,-0.3024041138,1.252969356,0.3585331685
35.67818742,0.00727772899,-0.04943397641,-0.004041492939,-0.04009867832,-0.0002546145115,-0.1087875888,-0.2990819354,1.25308031,0.3549718434
35.68824342,0.01075633615,-0.02743855119,-0.008450269699,-0.02382228151,-0.007947554812,-0.10676606,-0.2958232151,1.253200656,0.3514544619
35.69829942,0.01206012629,-0.01581080258,-0.01852035522,-0.008095249534,-0.003357330104,-0.1059852242,-0.292708632,1.253515955,0.3481456012
35.70835542,0.01253511384,-0.02463702857,-0.01670295,-0.0189683605,-0.001810699468,-0.09652288258,-0.2897726394,1.253815975,0.3450361123
35.71841142,0.008372366428,-0.03213067353,-0.009034335613,-0.02098783478,0.002954494674,-0.08540338278,-0.286945728,1.253939322,0.3421053564
35.72846642,0.006129574031,-0.03026390076,-0.005988717079,-0.01401297189,0.0110937804,-0.07487428188,-0.2843885679,1.254037113,0.3394784428
35.73852242,0.01194094867,-0.02284115553,-0.005862116814,-0.01045498811,0.008581087925,-0.05967083201,-0.2822620132,1.254166506,0.3373656306
35.74857842,0.01410856936,-0.04455541074,-0.006494402885,-0.02032324299,0.004206846002,-0.04193369672,-0.2807953461,1.254366773,0.3359310605
35.75863442,0.01040477119,-0.0577121824,-0.006283342838,-0.02274645306,0.003986869007,-0.0303747803,-0.2797250258,1.254556597,0.3349063701
35.76869042,0.01346484292,-0.04402190447,-0.001381874084,-0.02895685658,-0.005543785635,-0.01313395426,-0.2790165772,1.25454098,0.3342477302
35.77874642,0.01463310048,-0.03724081814,-0.003900587559,-0.04250728339,-0.009780341759,0.005012293346,-0.2787454047,1.254347472,0.3339740467
35.78880242,0.008358304389,-0.04045295715,-0.009003937244,-0.06226882711,-0.002997537376,0.01799206249,-0.2788286008,1.253975068,0.3340764769
35.79885742,0.004063970409,-0.03697736561,-0.01177978516,-0.05961179361,-0.004635115154,0.03183623776,-0.2793085344,1.253516698,0.3346233946
35.80891342,0.001533702947,-0.01611572504,-0.006237447262,-0.04215978831,-0.006054180674,0.03535962477,-0.28012886,1.253146732,0.3354908354
35.81896942,0.003163560294,0.0002402216196,-0.007439672947,-0.03050819039,-0.00333322864,0.04270515591,-0.2811331306,1.252863776,0.3365832492
35.82902542,0.0002517970279,-0.003500267863,0.0002275705338,-0.02727396041,-0.00678282138,0.04224453866,-0.2824399946,1.252790083,0.3379983585
35.83908142,-0.001310674474,-0.01015326381,0.004678010941,-0.04328834638,-0.002530019265,0.0364620164,-0.2836738436,1.252742259,0.3393346919
35.84913742,-0.003652688116,-0.0007722526789,0.01274162531,-0.04771128297,-0.001980209723,0.03194484115,-0.284537722,1.252497656,0.3403233888
35.85919242,-0.007218947634,0.003217846155,0.01379859447,-0.04186297953,-0.002360775368,0.01408088952,-0.2850526633,1.252266672,0.3409502751
35.86924842,-0.008414451033,0.01899720728,0.009313464165,-0.03191247582,-3.36E-05,-0.00118688005,-0.2851610026,1.252158058,0.3410908078
35.87930442,-0.008939366788,0.02310682833,-0.0002593994141,-0.02827113494,0.006369465962,-0.007889789529,-0.2848842533,1.252041712,0.3408450577
35.88936042,-0.005366208032,0.01853638887,-0.0008629560471,-0.01736047491,0.01381766237,-0.01985412091,-0.2842793792,1.251938778,0.3403235216
35.89941642,-0.009669203311,0.033353284,-0.001686036587,0.0009745885618,0.0194007121,-0.0152468523,-0.2834878343,1.251919279,0.3396983318
35.90947242,-0.01063296199,0.02819235623,0.002451360226,0.01678262278,0.02832483314,-0.03172103316,-0.282693599,1.252119251,0.3390978765
35.91952842,-0.0157528203,0.02002775669,0.01033735275,-0.003737830324,0.03313130513,-0.03830037266,-0.2814439206,1.252329185,0.3380772491
35.92958342,-0.01674759574,0.01865079999,0.01246875525,-0.006825810298,0.04278832674,-0.03907980025,-0.2798053742,1.252354875,0.3367615008
35.93963942,-0.01373786852,0.02057868242,0.008886754513,0.005668942817,0.04139256477,-0.04194189981,-0.2782089747,1.252435896,0.3354681772
35.94969542,-0.005876827985,0.03357248008,0.002241551876,0.01640760712,0.03493120149,-0.04535831138,-0.2765346529,1.252548574,0.3340369836
35.95975142,0.0005455669016,0.02449087799,-0.00210827589,0.01526111644,0.03131276742,-0.04798791558,-0.2748714337,1.252702723,0.3325455818
35.96980742,-0.003707490861,0.004925727844,0.001452386379,0.001216314966,0.02357947826,-0.047042761,-0.2731700123,1.252798371,0.3309766453
35.97986342,-0.001736667007,0.004229515791,-0.00356143713,-0.00438564457,0.01471940801,-0.04208688438,-0.2714891889,1.252686072,0.3293130776
35.98991842,0.001726709306,0.01241414249,-0.003189921379,-0.008177763782,0.0064568175,-0.0368536897,-0.2700313848,1.252543644,0.3277976536
35.99997442,0.001959307119,0.01381567121,-0.007151305676,-0.02178332023,0.0006370118354,-0.03455138579,-0.268785993,1.252382014,0.3263821351
36.01003042,0.000743791461,0.01410861313,-0.006415069103,-0.02797596902,-0.003923918121,-0.04169595614,-0.2674419015,1.252110725,0.3248151914
36.02008642,-0.004752803594,0.01186016202,-0.003609895706,-0.07926658541,0.1538878232,-0.05475343391,-0.2652654464,1.251678239,0.3228027273
36.03014242,0.002506136894,0.02808868885,0.1229801178,-0.3910424411,0.2787896693,0.03647189587,-0.2577862564,1.248273538,0.3195047729
36.04019842,-0.009498015046,-0.06848330796,0.09444826841,-0.473244369,0.7343369126,-0.1431101114,-0.2491517682,1.244925166,0.3156834895
36.05025442,-0.1851043999,0.1142523289,0.1264026165,-0.1849895567,0.5562182069,-0.09164162725,-0.236064565,1.241980148,0.3087568335
36.06030942,-0.04222327098,0.09633752704,0.02208149433,0.07983971387,0.2874847651,-0.09684278071,-0.2292761972,1.241512313,0.3060664193
36.07036542,0.06750482321,0.02811042964,-0.03114879131,0.2741397321,0.07872528583,-0.1399753094,-0.2251401699,1.243677728,0.3034297719
36.08042142,0.04357045144,-0.01379604638,-0.04980677366,0.3029111922,0.04709199443,0.05171183497,-0.2246155859,1.246680616,0.3036425941
36.09047742,0.04261916131,-0.05559790134,-0.03920978308,0.1133355722,-0.4744436443,0.223922804,-0.2325934979,1.248503899,0.3103914653
36.10053342,0.2846778035,-0.1197094172,0.01142084599,-0.01022258401,-0.2871043682,-0.1934480667,-0.2372928465,1.24909074,0.3108998527
36.11059029,-0.03798166662,0.1538523436,0.007758557796,-0.05885478854,-0.0172426533,-0.1622529924,-0.232639808,1.249052174,0.3043564761
36.12064529,-0.1618756652,0.02624739707,-0.01724731922,-0.08639240265,0.1418729722,-0.06946287304,-0.2279466004,1.248652879,0.3002663969